


                              Fusion Compiler (TM)

                  Version V-2023.12 for linux64 - Nov 23, 2023
  This release has significant feature enhancements. Please review the Release
                       Notes associated with this release.

                    Copyright (c) 1988 - 2023 Synopsys, Inc.
   This software and the associated documentation are proprietary to Synopsys,
 Inc. This software may only be used in accordance with the terms and conditions
 of a written license agreement with Synopsys, Inc. All other use, reproduction,
   or distribution of this software is strictly prohibited.  Licensed Products
     communicate with Synopsys servers for the purpose of providing software
    updates, detecting software piracy and verifying that customers are using
    Licensed Products in conformity with the applicable License Key for such
  Licensed Products. Synopsys will use information gathered in connection with
    this process to deliver software updates and pursue software pirates and
                                   infringers.

 Inclusivity & Diversity - Visit SolvNetPlus to read the "Synopsys Statement on
            Inclusivity and Diversity" (Refer to article 000036315 at
                        https://solvnetplus.synopsys.com)
 
Error: This script has expired. Please contact Aditya/Amir/Wei-Chih.
source -echo ../../setup/main_setup.tcl
#####################################################################
#####			Main Setup Script for Fusion Compiler			#####
#####################################################################
set LabRootDir			"[pwd]/../../.."     ; # root dir for the labs
set LabDir				"${LabRootDir}/lab" ; # directory for lab exercises
set SrcDir				"${LabRootDir}/src"  ; # directory for source files (RTL, SDC)
set TechLibDir			"/eda/synopsys/files/FC_Labs/common" ; # technology library path
set SetupDir			"${LabDir}/setup"   ; # directory with setup files
set TechLibName			"saed14rvt"			 ; # define library name
set CellPrefix			"SAEDRVT14"			 ; # define cell prefix
set TechNodeName		"saed14nm"			 ; # define technology node name
set MetalStack			"1p9m"				 ; # define metal stack
set RefNdmType			"frame_timing"		 ; # define reference ndm type: "frame_only" or "frame_timing"
set RefLibDir			"${TechLibDir}/ndm" ; # reference library path
set RefLib				"${RefLibDir}/${TechLibName}_${RefNdmType}.ndm" ; # reference library
set TechFileDir    		"${TechLibDir}/tf"  ; # directory with technology file(s)
set TechFile			"${TechFileDir}/${TechNodeName}_${MetalStack}.tf" ; # technology file
#set TechNdm				""
set LibertyDir			"${TechLibDir}/liberty" ; # 
set TlupDir				"${TechLibDir}/tlup" ; # 
set TlupMinFile			"${TlupDir}/${TechNodeName}_${MetalStack}_Cmin.tlup" ; # 
set TlupNomFile			"${TlupDir}/${TechNodeName}_${MetalStack}_Cnom.tlup" ; # 
set TlupMaxFile			"${TlupDir}/${TechNodeName}_${MetalStack}_Cmax.tlup" ; # 
set NxtGrdDir			"${TechLibDir}/nxtgrd" ; # 
set NxtGrdMinFile		"${NxtGrdDir}/${TechNodeName}_${MetalStack}_Cmin.nxtgrd" ; # 
set NxtGrdNomFile		"${NxtGrdDir}/${TechNodeName}_${MetalStack}_Cnom.nxtgrd" ; # 
set NxtGrdMaxFile		"${NxtGrdDir}/${TechNodeName}_${MetalStack}_Cmax.nxtgrd" ; # 
set MapDir				"${TechLibDir}/map" ; # 
set GdsDir				"${TechLibDir}/gds" ; # 
set RunsetDir			"${TechLibDir}/runsets" ; # 
set GdsFile				"${GdsDir}/saed14rvt.gds" ; # 
set GdsMapFile			"${MapDir}/saed14nm_1p9m_gdsout_mw.map" ; # 
set LayerMapFile		"${MapDir}/${TechNodeName}_tf_itf_tluplus.map" ; # 
set DrcRunsetFile		"${RunsetDir}/saed14nm_1p9m_drc_rules.rs" ; # 
set MetalFillRunsetFile	"${RunsetDir}/saed14nm_1p9m_mfill_rules.rs" ; # 
set RtlDir				"${SrcDir}/rtl" ; # directory with source files
set SystemVerilogDir	"${RtlDir}/sverilog" ; # directory containing SystemVerilog HDL source files
set VerilogDir			"${RtlDir}/verilog" ; # directory containing Verilog HDL source files
set VhdlDir				"${RtlDir}/vhdl" ; # directory containing VHDL source files
set SdcDir				"${SrcDir}/sdc" ; # directory with constraint files
set ResultsDir			"${LabDir}/results" ; # directory for outcomes of the lab
set ReportsDir			"${LabDir}/reports" ; # directory for report files
echo					${SetupDir}
/home/student/Documents/kdz/ASIC/labs/Lab_3/asic_lab3/lab/task1/work/../../../lab/setup
source 					${SetupDir}/utilities.tcl
source -echo ${SetupDir}/design_setup.tcl
#####################################################################
#####		Design Setup Script for Fusion Compiler		#####
#####################################################################
set DesignName		"dut_toplevel"			; # define design name # 
set DesignLibrary	"${DesignName}.dlib"	; # define design library name # 
set WorkDir			"[pwd]"					; # define current working directory # 
set TechFlowType	"tf"					; # set "tf" for TECH_FILE-based flow or set "ndm" for TECH_NDM-based flow. # 
set ParasiticModel	"tlup"					; # set "tlup" for using TLUP files or  set "nxtgrd" for using NXTGRD files. # 
set HDL				"sverilog"				; # set "sverilog", "verilog" or "vhdl" for reading SystemVerilog, Verilog or VHDL RTL, respectively.
set SdcFile			"${SdcDir}/${DesignName}.sdc" ; # specify file with design constraints # 
set PVT_FF			"ff0p88v125c"			; # set FF PVT
set PVT_TT			"tt0p8v25c"				; # set TT PVT
set PVT_SS			"ss0p72vm40c"			; # set SS PVT
set DB_FF			"${LibertyDir}/${TechLibName}_${PVT_FF}.db"
set DB_TT			"${LibertyDir}/${TechLibName}_${PVT_TT}.db"
set DB_SS			"${LibertyDir}/${TechLibName}_${PVT_SS}.db"
#Configure host file/options
set_host_options -max_cores 12
1
create_lib ${ResultsDir}/${DesignLibrary} -technology $TechFile -ref_libs ${RefLib}
Information: Loading technology file '/eda/synopsys/files/FC_Labs/common/tf/saed14nm_1p9m.tf' (FILE-007)
{dut_toplevel.dlib}
report_ref_libs
****************************************
Report : Reference Library Report
Library: dut_toplevel.dlib
Version: V-2023.12
Date   : Wed May 28 13:37:30 2025
****************************************

    Name                   Path                                                              Location
    -------------------------------------------------------------------------------------------------
*+  saed14rvt_frame_timing /eda/synopsys/files/FC_Labs/common/ndm/saed14rvt_frame_timing.ndm /eda/synopsys/files/FC_Labs/common/ndm/saed14rvt_frame_timing.ndm
    "*" = Library currently open
    "+" = Library has technology information
1
analyze -format sverilog [glob ${SystemVerilogDir}/*.{svh,sv}]
Information: By default, the HDL template library is 'WORK' (LBR-??).
Running PRESTO HDLC
Compiling source file /home/student/Documents/kdz/ASIC/labs/Lab_3/asic_lab3/lab/task1/work/../../../src/rtl/sverilog/dut_params_pkg.svh
Warning:  /home/student/Documents/kdz/ASIC/labs/Lab_3/asic_lab3/lab/task1/work/../../../src/rtl/sverilog/dut_params_pkg.svh:6: Parameter keyword used in local parameter declaration. (VER-329)
Compiling source file /home/student/Documents/kdz/ASIC/labs/Lab_3/asic_lab3/lab/task1/work/../../../src/rtl/sverilog/dut_multiplier_18x18_comb.sv
Compiling source file /home/student/Documents/kdz/ASIC/labs/Lab_3/asic_lab3/lab/task1/work/../../../src/rtl/sverilog/dut_arbiter.sv
Compiling source file /home/student/Documents/kdz/ASIC/labs/Lab_3/asic_lab3/lab/task1/work/../../../src/rtl/sverilog/dut_toplevel.sv
Compiling source file /home/student/Documents/kdz/ASIC/labs/Lab_3/asic_lab3/lab/task1/work/../../../src/rtl/sverilog/dut_processing_control.sv
Compiling source file /home/student/Documents/kdz/ASIC/labs/Lab_3/asic_lab3/lab/task1/work/../../../src/rtl/sverilog/dut_input_channel_control.sv
Compiling source file /home/student/Documents/kdz/ASIC/labs/Lab_3/asic_lab3/lab/task1/work/../../../src/rtl/sverilog/dut_fifo.sv
Compiling source file /home/student/Documents/kdz/ASIC/labs/Lab_3/asic_lab3/lab/task1/work/../../../src/rtl/sverilog/dut_multiplier_9x9_comb.sv
Compiling source file /home/student/Documents/kdz/ASIC/labs/Lab_3/asic_lab3/lab/task1/work/../../../src/rtl/sverilog/dut_output_control.sv
Compiling source file /home/student/Documents/kdz/ASIC/labs/Lab_3/asic_lab3/lab/task1/work/../../../src/rtl/sverilog/dut_math_wrapper.sv
Presto compilation completed successfully.
Elapsed = 00:00:00.03, CPU = 00:00:00.02
1
elaborate ${DesignName}
Presto compilation completed successfully. (dut_toplevel)
Information: Elaborating HDL template WORK:dut_processing_control instantiated from 'dut_toplevel' with the parameters {ARB_MODES_NUM=2}. (ELAB-193)

Inferred memory devices in process
	in routine dut_processing_control_ARB_MODES_NUM2 line 101 in file
		'/home/student/Documents/kdz/ASIC/labs/Lab_3/asic_lab3/lab/task1/work/../../../src/rtl/sverilog/dut_processing_control.sv'.
========================================================================================
|        Register Name         |   Type    | Width | Bus | MB | AR | AS | SR | SS | ST |
========================================================================================
| proc_req_in_prev_cycle_r_reg | Flip-flop |   1   |  N  | N  | Y  | N  | N  | N  | N  |
========================================================================================

Inferred memory devices in process
	in routine dut_processing_control_ARB_MODES_NUM2 line 131 in file
		'/home/student/Documents/kdz/ASIC/labs/Lab_3/asic_lab3/lab/task1/work/../../../src/rtl/sverilog/dut_processing_control.sv'.
====================================================================================
|      Register Name       |   Type    | Width | Bus | MB | AR | AS | SR | SS | ST |
====================================================================================
| in2_arb_mode_id_en_r_reg | Flip-flop |   1   |  N  | N  | Y  | N  | N  | N  | N  |
|       in0_en_r_reg       | Flip-flop |   1   |  N  | N  | Y  | N  | N  | N  | N  |
| in0_arb_mode_id_en_r_reg | Flip-flop |   1   |  N  | N  | Y  | N  | N  | N  | N  |
|       in1_en_r_reg       | Flip-flop |   1   |  N  | N  | Y  | N  | N  | N  | N  |
| in1_arb_mode_id_en_r_reg | Flip-flop |   1   |  N  | N  | Y  | N  | N  | N  | N  |
|       in2_en_r_reg       | Flip-flop |   1   |  N  | N  | Y  | N  | N  | N  | N  |
====================================================================================

Inferred memory devices in process
	in routine dut_processing_control_ARB_MODES_NUM2 line 166 in file
		'/home/student/Documents/kdz/ASIC/labs/Lab_3/asic_lab3/lab/task1/work/../../../src/rtl/sverilog/dut_processing_control.sv'.
===============================================================================
|    Register Name    |   Type    | Width | Bus | MB | AR | AS | SR | SS | ST |
===============================================================================
|   proc_ack_r_reg    | Flip-flop |   1   |  N  | N  | Y  | N  | N  | N  | N  |
===============================================================================
Presto compilation completed successfully. (dut_processing_control_ARB_MODES_NUM2)
Information: Elaborating HDL template WORK:dut_input_channel_control instantiated from 'dut_toplevel' with the parameters {DATA_WIDTH=36}. (ELAB-193)

Inferred memory devices in process
	in routine dut_input_channel_control_DATA_WIDTH36 line 98 in file
		'/home/student/Documents/kdz/ASIC/labs/Lab_3/asic_lab3/lab/task1/work/../../../src/rtl/sverilog/dut_input_channel_control.sv'.
===============================================================================
|    Register Name    |   Type    | Width | Bus | MB | AR | AS | SR | SS | ST |
===============================================================================
| in_valid_arb_r_reg  | Flip-flop |   1   |  N  | N  | Y  | N  | N  | N  | N  |
===============================================================================

Inferred memory devices in process
	in routine dut_input_channel_control_DATA_WIDTH36 line 120 in file
		'/home/student/Documents/kdz/ASIC/labs/Lab_3/asic_lab3/lab/task1/work/../../../src/rtl/sverilog/dut_input_channel_control.sv'.
==================================================================================
|     Register Name      |   Type    | Width | Bus | MB | AR | AS | SR | SS | ST |
==================================================================================
| in_data_last_arb_r_reg | Flip-flop |   1   |  N  | N  | Y  | N  | N  | N  | N  |
|   in_data_arb_r_reg    | Flip-flop |  36   |  Y  | Y  | Y  | N  | N  | N  | N  |
==================================================================================
Presto compilation completed successfully. (dut_input_channel_control_DATA_WIDTH36)
Information: Elaborating HDL template WORK:dut_arbiter instantiated from 'dut_toplevel' with the parameters {DATA_WIDTH=36,IN_INTERFACE_ID_WIDTH=2,ARB_MODES_NUM=2}. (ELAB-193)
Warning:  /home/student/Documents/kdz/ASIC/labs/Lab_3/asic_lab3/lab/task1/work/../../../src/rtl/sverilog/dut_arbiter.sv:116: DEFAULT branch of CASE statement cannot be reached. (ELAB-311)
Warning:  /home/student/Documents/kdz/ASIC/labs/Lab_3/asic_lab3/lab/task1/work/../../../src/rtl/sverilog/dut_arbiter.sv:141: DEFAULT branch of CASE statement cannot be reached. (ELAB-311)
Warning:  /home/student/Documents/kdz/ASIC/labs/Lab_3/asic_lab3/lab/task1/work/../../../src/rtl/sverilog/dut_arbiter.sv:166: DEFAULT branch of CASE statement cannot be reached. (ELAB-311)

Statistics for case statements in always block at line 99 in file
	'/home/student/Documents/kdz/ASIC/labs/Lab_3/asic_lab3/lab/task1/work/../../../src/rtl/sverilog/dut_arbiter.sv'
===============================================
|           Line           |  full/ parallel  |
===============================================
|           101            |    auto/auto     |
===============================================

Statistics for case statements in always block at line 124 in file
	'/home/student/Documents/kdz/ASIC/labs/Lab_3/asic_lab3/lab/task1/work/../../../src/rtl/sverilog/dut_arbiter.sv'
===============================================
|           Line           |  full/ parallel  |
===============================================
|           126            |    auto/auto     |
===============================================

Statistics for case statements in always block at line 149 in file
	'/home/student/Documents/kdz/ASIC/labs/Lab_3/asic_lab3/lab/task1/work/../../../src/rtl/sverilog/dut_arbiter.sv'
===============================================
|           Line           |  full/ parallel  |
===============================================
|           151            |    auto/auto     |
===============================================
  state register: arb_last_data_source_id_r

Inferred memory devices in process
	in routine dut_arbiter_DATA_WIDTH36_IN_INTERFACE_ID_WIDTH2_ARB_MODES_NUM2 line 221 in file
		'/home/student/Documents/kdz/ASIC/labs/Lab_3/asic_lab3/lab/task1/work/../../../src/rtl/sverilog/dut_arbiter.sv'.
=========================================================================================
|         Register Name         |   Type    | Width | Bus | MB | AR | AS | SR | SS | ST |
=========================================================================================
| arb_last_data_source_id_r_reg | Flip-flop |   2   |  Y  | Y  | Y  | N  | N  | N  | N  |
=========================================================================================
Presto compilation completed successfully. (dut_arbiter_DATA_WIDTH36_IN_INTERFACE_ID_WIDTH2_ARB_MODES_NUM2)
Information: Elaborating HDL template WORK:dut_math_wrapper instantiated from 'dut_toplevel' with the parameters {DATA_WIDTH=36,IN_INTERFACE_ID_WIDTH=2}. (ELAB-193)

Inferred memory devices in process
	in routine dut_math_wrapper_DATA_WIDTH36_IN_INTERFACE_ID_WIDTH2 line 76 in file
		'/home/student/Documents/kdz/ASIC/labs/Lab_3/asic_lab3/lab/task1/work/../../../src/rtl/sverilog/dut_math_wrapper.sv'.
=================================================================================
|     Register Name     |   Type    | Width | Bus | MB | AR | AS | SR | SS | ST |
=================================================================================
| unconsumed_data_r_reg | Flip-flop |   1   |  N  | N  | Y  | N  | N  | N  | N  |
|    new_data_r_reg     | Flip-flop |   1   |  N  | N  | Y  | N  | N  | N  | N  |
=================================================================================

Inferred memory devices in process
	in routine dut_math_wrapper_DATA_WIDTH36_IN_INTERFACE_ID_WIDTH2 line 89 in file
		'/home/student/Documents/kdz/ASIC/labs/Lab_3/asic_lab3/lab/task1/work/../../../src/rtl/sverilog/dut_math_wrapper.sv'.
====================================================================================
|      Register Name       |   Type    | Width | Bus | MB | AR | AS | SR | SS | ST |
====================================================================================
|   out_data_last_r_reg    | Flip-flop |   1   |  N  | N  | Y  | N  | N  | N  | N  |
|      out_data_r_reg      | Flip-flop |  36   |  Y  | Y  | Y  | N  | N  | N  | N  |
| out_data_source_id_r_reg | Flip-flop |   2   |  Y  | Y  | Y  | N  | N  | N  | N  |
====================================================================================
Presto compilation completed successfully. (dut_math_wrapper_DATA_WIDTH36_IN_INTERFACE_ID_WIDTH2)
Information: Elaborating HDL template WORK:dut_fifo instantiated from 'dut_toplevel' with the parameters {FIFO_HEIGHT=4,FIFO_WIDTH=39}. (ELAB-193)
Warning:  /home/student/Documents/kdz/ASIC/labs/Lab_3/asic_lab3/lab/task1/work/../../../src/rtl/sverilog/dut_fifo.sv:159: signed to unsigned part selection occurs. (VER-318)

Inferred memory devices in process
	in routine dut_fifo_FIFO_HEIGHT4_FIFO_WIDTH39 line 98 in file
		'/home/student/Documents/kdz/ASIC/labs/Lab_3/asic_lab3/lab/task1/work/../../../src/rtl/sverilog/dut_fifo.sv'.
===============================================================================
|    Register Name    |   Type    | Width | Bus | MB | AR | AS | SR | SS | ST |
===============================================================================
|   fifo_wptr_r_reg   | Flip-flop |   3   |  Y  | Y  | Y  | N  | N  | N  | N  |
===============================================================================

Inferred memory devices in process
	in routine dut_fifo_FIFO_HEIGHT4_FIFO_WIDTH39 line 122 in file
		'/home/student/Documents/kdz/ASIC/labs/Lab_3/asic_lab3/lab/task1/work/../../../src/rtl/sverilog/dut_fifo.sv'.
===============================================================================
|    Register Name    |   Type    | Width | Bus | MB | AR | AS | SR | SS | ST |
===============================================================================
|   fifo_rptr_r_reg   | Flip-flop |   3   |  Y  | Y  | Y  | N  | N  | N  | N  |
===============================================================================

Inferred memory devices in process
	in routine dut_fifo_FIFO_HEIGHT4_FIFO_WIDTH39 line 165 in file
		'/home/student/Documents/kdz/ASIC/labs/Lab_3/asic_lab3/lab/task1/work/../../../src/rtl/sverilog/dut_fifo.sv'.
===============================================================================
|    Register Name    |   Type    | Width | Bus | MB | AR | AS | SR | SS | ST |
===============================================================================
|   fifo_data_r_reg   | Flip-flop |  156  |  Y  | Y  | Y  | N  | N  | N  | N  |
===============================================================================
Presto compilation completed successfully. (dut_fifo_FIFO_HEIGHT4_FIFO_WIDTH39)
Information: Elaborating HDL template WORK:dut_output_control instantiated from 'dut_toplevel' with the parameters {DATA_WIDTH=36,IN_INTERFACE_ID_WIDTH=2}. (ELAB-193)

Inferred memory devices in process
	in routine dut_output_control_DATA_WIDTH36_IN_INTERFACE_ID_WIDTH2 line 99 in file
		'/home/student/Documents/kdz/ASIC/labs/Lab_3/asic_lab3/lab/task1/work/../../../src/rtl/sverilog/dut_output_control.sv'.
====================================================================================
|      Register Name       |   Type    | Width | Bus | MB | AR | AS | SR | SS | ST |
====================================================================================
| out_last_data_sent_r_reg | Flip-flop |   1   |  N  | N  | Y  | N  | N  | N  | N  |
====================================================================================
Presto compilation completed successfully. (dut_output_control_DATA_WIDTH36_IN_INTERFACE_ID_WIDTH2)
Information: Elaborating HDL template WORK:dut_multiplier_18x18_comb instantiated from 'dut_math_wrapper_DATA_WIDTH36_IN_INTERFACE_ID_WIDTH2'. (ELAB-193)
Presto compilation completed successfully. (dut_multiplier_18x18_comb)
Information: Elaborating HDL template WORK:dut_multiplier_9x9_comb instantiated from 'dut_multiplier_18x18_comb'. (ELAB-193)
Presto compilation completed successfully. (dut_multiplier_9x9_comb)
Number of modules read: 9
Top level ports:        170
Total in all modules
  Ports:                816
  Nets:                 1510
  Instances:            429
Elapsed = 00:00:00.18, CPU = 00:00:00.17
1
set_top_module ${DesignName}
Information: User units loaded from library 'saed14rvt_frame_timing' (LNK-040)
Information: Added key list 'DesignWare' to design 'dut_toplevel'. (DWS-0216)
Elapsed = 00:00:00.36, CPU = 00:00:00.33
1
save_block -as ${DesignName}/rtl_read
Information: Saving 'dut_toplevel.dlib:dut_toplevel.design' to 'dut_toplevel.dlib:dut_toplevel/rtl_read.design'. (DES-028)
1
# start_gui
compile_fusion -to initial_map
Warning: No site rows found in floorplan. (LGL-397)
Information: Timer using 12 threads
INFO: compile_fusion is running in balanced flow mode.
Warning: No site rows found in floorplan. (LGL-397)
Information: Starting 'compile_fusion -to initial_map' (FLW-8000)
Information: Time: 2025-05-28 13:37:31 / Session:  00:00:07 / Command:  00:00:00 / CPU:  00:00:00 / Memory: 545 MB (FLW-8100)
Information: CPU Load: 15%, Ram Free: 48 GB, Swap Free: 1 GB, Work Disk Free: 308 GB, Tmp Disk Free: 308 GB (MSG-3995)
CPU Load: 15%, Ram Free: 48 GB, Swap Free: 1 GB, Work Disk Free: 308 GB, Tmp Disk Free: 308 GB
Warning: No site rows found in floorplan. (LGL-397)
INFO: Start environment monitoring: recipes
INFO: compile_fusion is running in balanced flow mode.
Warning: No site rows found in floorplan. (LGL-397)
Warning: No site rows found in floorplan. (LGL-397)
Warning: No site rows found in floorplan. (LGL-397)
Warning: No valid clocks available in mode 'default'. Setting clock frequency to 1 GHz. (POW-034)
Warning: No site rows found in floorplan. (LGL-397)
Warning: No site rows found in floorplan. (LGL-397)
Warning: No site rows found in floorplan. (LGL-397)
Warning: No site rows found in floorplan. (LGL-397)
Warning: No valid clocks available in mode 'default'. Setting clock frequency to 1 GHz. (POW-034)
Warning: No valid clocks available in mode 'default'. Setting clock frequency to 1 GHz. (POW-034)
Warning: No valid clocks available in mode 'default'. Setting clock frequency to 1 GHz. (POW-034)
Warning: No valid clocks available in mode 'default'. Setting clock frequency to 1 GHz. (POW-034)
Warning: No valid clocks available in mode 'default'. Setting clock frequency to 1 GHz. (POW-034)
Warning: Cannot infer functionality of libcell 'saed14rvt_frame_timing/SAEDRVT14_FDNRBSBQ_V2_0P5' and will be excluded from sequential mapping. (SQM-1061)
Warning: Cannot infer functionality of libcell 'saed14rvt_frame_timing/SAEDRVT14_FDNRBSBQ_V2_1' and will be excluded from sequential mapping. (SQM-1061)
Warning: Cannot infer functionality of libcell 'saed14rvt_frame_timing/SAEDRVT14_FDNRBSBQ_V2_2' and will be excluded from sequential mapping. (SQM-1061)
Warning: Cannot infer functionality of libcell 'saed14rvt_frame_timing/SAEDRVT14_FDNRBSBQ_V2_4' and will be excluded from sequential mapping. (SQM-1061)
Warning: Cannot infer functionality of libcell 'saed14rvt_frame_timing/SAEDRVT14_FDPRBSBQ_V2_0P5' and will be excluded from sequential mapping. (SQM-1061)
Warning: Cannot infer functionality of libcell 'saed14rvt_frame_timing/SAEDRVT14_FDPRBSBQ_V2_1' and will be excluded from sequential mapping. (SQM-1061)
Warning: Cannot infer functionality of libcell 'saed14rvt_frame_timing/SAEDRVT14_FDPRBSBQ_V2_2' and will be excluded from sequential mapping. (SQM-1061)
Warning: Cannot infer functionality of libcell 'saed14rvt_frame_timing/SAEDRVT14_FDPRBSBQ_V2_4' and will be excluded from sequential mapping. (SQM-1061)
Warning: Cannot infer functionality of libcell 'saed14rvt_frame_timing/SAEDRVT14_FSDPRBSBQ_V2LP_0P5' and will be excluded from sequential mapping. (SQM-1061)
Warning: Cannot infer functionality of libcell 'saed14rvt_frame_timing/SAEDRVT14_FSDPRBSBQ_V2LP_2' and will be excluded from sequential mapping. (SQM-1061)
Warning: Skipping check for single_bit_degenerate attribute on the multibit libcell 'saed14rvt_frame_timing/SAEDRVT14_FSDN2_V2_0P5' since it is not a black-box. (SQM-1079)
Information: No single-bit representative was found for multibit lib cell 'saed14rvt_frame_timing/SAEDRVT14_FSDN2_V2_0P5'. (SQM-2004)
Warning: Skipping check for single_bit_degenerate attribute on the multibit libcell 'saed14rvt_frame_timing/SAEDRVT14_FSDN2_V2_1' since it is not a black-box. (SQM-1079)
Information: No single-bit representative was found for multibit lib cell 'saed14rvt_frame_timing/SAEDRVT14_FSDN2_V2_1'. (SQM-2004)
Warning: Skipping check for single_bit_degenerate attribute on the multibit libcell 'saed14rvt_frame_timing/SAEDRVT14_FSDN2_V2_2' since it is not a black-box. (SQM-1079)
Information: No single-bit representative was found for multibit lib cell 'saed14rvt_frame_timing/SAEDRVT14_FSDN2_V2_2'. (SQM-2004)
Warning: Skipping check for single_bit_degenerate attribute on the multibit libcell 'saed14rvt_frame_timing/SAEDRVT14_FSDN2_V2_4' since it is not a black-box. (SQM-1079)
Information: No single-bit representative was found for multibit lib cell 'saed14rvt_frame_timing/SAEDRVT14_FSDN2_V2_4'. (SQM-2004)
Warning: Skipping check for single_bit_degenerate attribute on the multibit libcell 'saed14rvt_frame_timing/SAEDRVT14_FSDN4_V2_0P5' since it is not a black-box. (SQM-1079)
Information: No single-bit representative was found for multibit lib cell 'saed14rvt_frame_timing/SAEDRVT14_FSDN4_V2_0P5'. (SQM-2004)
Information: No single-bit representative was found for multibit lib cell 'saed14rvt_frame_timing/SAEDRVT14_FSDN4_V2_1'. (SQM-2004)
Information: No single-bit representative was found for multibit lib cell 'saed14rvt_frame_timing/SAEDRVT14_FSDN4_V2_2'. (SQM-2004)
Information: No single-bit representative was found for multibit lib cell 'saed14rvt_frame_timing/SAEDRVT14_FSDN4_V2_4'. (SQM-2004)
Warning: Found 8 multibit sequential library cells that have missing/added attributes or have restrictions that prevent them from banking. (SQM-1053)
0 sequential multibit library cells have restrictions (dont_use or dont_touch).
8 sequential multibit library cells have missing sequential mapping relevant attributes
Information: 6 out of 16 SQM-1061 messages were not printed due to limit 10 (after 'compile_fusion' at task1.tcl:15) (MSG-3913)
Information: 3 out of 8 SQM-1079 messages were not printed due to limit 5 (after 'compile_fusion' at task1.tcl:15) (MSG-3913)
Information: The automatic clock gate timing flow is activated. Clock latencies set on clock gate cells will be automatically adjusted by an estimate for latency. (CGT-4005)
----------------------------------------------------------------------------------------------------------
Information: Starting compile_fusion / initial_map (FLW-8000)
Information: Time: 2025-05-28 13:37:32 / Session:  00:00:08 / Command:  00:00:00 / CPU:  00:00:01 / Memory: 653 MB (FLW-8100)
Information: CPU Load: 15%, Ram Free: 48 GB, Swap Free: 1 GB, Work Disk Free: 308 GB, Tmp Disk Free: 308 GB (MSG-3995)
----------------------------------------------------------------------------------------------------------
Information: Starting compile_fusion / initial_map / Load Design (FLW-8000)
Information: Time: 2025-05-28 13:37:32 / Session:  00:00:08 / Command:  00:00:00 / CPU:  00:00:01 / Memory: 653 MB (FLW-8100)
Information: CPU Load: 15%, Ram Free: 48 GB, Swap Free: 1 GB, Work Disk Free: 308 GB, Tmp Disk Free: 308 GB (MSG-3995)
Warning: Cannot infer functionality of libcell 'saed14rvt_frame_timing/SAEDRVT14_FDNRBSBQ_V2_0P5' and will be excluded from sequential mapping. (SQM-1061)
Warning: Cannot infer functionality of libcell 'saed14rvt_frame_timing/SAEDRVT14_FDNRBSBQ_V2_1' and will be excluded from sequential mapping. (SQM-1061)
Warning: Cannot infer functionality of libcell 'saed14rvt_frame_timing/SAEDRVT14_FDNRBSBQ_V2_2' and will be excluded from sequential mapping. (SQM-1061)
Warning: Cannot infer functionality of libcell 'saed14rvt_frame_timing/SAEDRVT14_FDNRBSBQ_V2_4' and will be excluded from sequential mapping. (SQM-1061)
Warning: Cannot infer functionality of libcell 'saed14rvt_frame_timing/SAEDRVT14_FDPRBSBQ_V2_0P5' and will be excluded from sequential mapping. (SQM-1061)
Warning: Cannot infer functionality of libcell 'saed14rvt_frame_timing/SAEDRVT14_FDPRBSBQ_V2_1' and will be excluded from sequential mapping. (SQM-1061)
Warning: Cannot infer functionality of libcell 'saed14rvt_frame_timing/SAEDRVT14_FDPRBSBQ_V2_2' and will be excluded from sequential mapping. (SQM-1061)
Warning: Cannot infer functionality of libcell 'saed14rvt_frame_timing/SAEDRVT14_FDPRBSBQ_V2_4' and will be excluded from sequential mapping. (SQM-1061)
Warning: Cannot infer functionality of libcell 'saed14rvt_frame_timing/SAEDRVT14_FSDPRBSBQ_V2LP_0P5' and will be excluded from sequential mapping. (SQM-1061)
Warning: Cannot infer functionality of libcell 'saed14rvt_frame_timing/SAEDRVT14_FSDPRBSBQ_V2LP_2' and will be excluded from sequential mapping. (SQM-1061)
Warning: Skipping check for single_bit_degenerate attribute on the multibit libcell 'saed14rvt_frame_timing/SAEDRVT14_FSDN2_V2_0P5' since it is not a black-box. (SQM-1079)
Information: No single-bit representative was found for multibit lib cell 'saed14rvt_frame_timing/SAEDRVT14_FSDN2_V2_0P5'. (SQM-2004)
Warning: Skipping check for single_bit_degenerate attribute on the multibit libcell 'saed14rvt_frame_timing/SAEDRVT14_FSDN2_V2_1' since it is not a black-box. (SQM-1079)
Information: No single-bit representative was found for multibit lib cell 'saed14rvt_frame_timing/SAEDRVT14_FSDN2_V2_1'. (SQM-2004)
Warning: Skipping check for single_bit_degenerate attribute on the multibit libcell 'saed14rvt_frame_timing/SAEDRVT14_FSDN2_V2_2' since it is not a black-box. (SQM-1079)
Information: No single-bit representative was found for multibit lib cell 'saed14rvt_frame_timing/SAEDRVT14_FSDN2_V2_2'. (SQM-2004)
Warning: Skipping check for single_bit_degenerate attribute on the multibit libcell 'saed14rvt_frame_timing/SAEDRVT14_FSDN2_V2_4' since it is not a black-box. (SQM-1079)
Information: No single-bit representative was found for multibit lib cell 'saed14rvt_frame_timing/SAEDRVT14_FSDN2_V2_4'. (SQM-2004)
Warning: Skipping check for single_bit_degenerate attribute on the multibit libcell 'saed14rvt_frame_timing/SAEDRVT14_FSDN4_V2_0P5' since it is not a black-box. (SQM-1079)
Information: No single-bit representative was found for multibit lib cell 'saed14rvt_frame_timing/SAEDRVT14_FSDN4_V2_0P5'. (SQM-2004)
Information: No single-bit representative was found for multibit lib cell 'saed14rvt_frame_timing/SAEDRVT14_FSDN4_V2_1'. (SQM-2004)
Information: No single-bit representative was found for multibit lib cell 'saed14rvt_frame_timing/SAEDRVT14_FSDN4_V2_2'. (SQM-2004)
Information: No single-bit representative was found for multibit lib cell 'saed14rvt_frame_timing/SAEDRVT14_FSDN4_V2_4'. (SQM-2004)
Warning: Found 8 multibit sequential library cells that have missing/added attributes or have restrictions that prevent them from banking. (SQM-1053)
0 sequential multibit library cells have restrictions (dont_use or dont_touch).
8 sequential multibit library cells have missing sequential mapping relevant attributes
Information: 6 out of 16 SQM-1061 messages were not printed due to limit 10 (after 'compile_fusion' at task1.tcl:15) (MSG-3913)
Information: 3 out of 8 SQM-1079 messages were not printed due to limit 5 (after 'compile_fusion' at task1.tcl:15) (MSG-3913)
Warning: No site rows found in floorplan. (LGL-397)
Warning: No site rows found in floorplan. (LGL-397)
Warning: No valid clocks available in mode 'default'. Setting clock frequency to 1 GHz. (POW-034)
Warning: No site rows found in floorplan. (LGL-397)
Warning: No site rows found in floorplan. (LGL-397)
Warning: No site rows found in floorplan. (LGL-397)
Warning: No site rows found in floorplan. (LGL-397)
Warning: No valid clocks available in mode 'default'. Setting clock frequency to 1 GHz. (POW-034)
Warning: No site rows found in floorplan. (LGL-397)
Warning: No site rows found in floorplan. (LGL-397)
Warning: No site rows found in floorplan. (LGL-397)
Warning: No site rows found in floorplan. (LGL-397)
Warning: No valid clocks available in mode 'default'. Setting clock frequency to 1 GHz. (POW-034)
Warning: No site rows found in floorplan. (LGL-397)
Warning: No site rows found in floorplan. (LGL-397)
Information: Ending   compile_fusion / initial_map / Load Design (FLW-8001)
Information: Time: 2025-05-28 13:37:32 / Session:  00:00:08 / Command:  00:00:01 / CPU:  00:00:01 / Memory: 700 MB (FLW-8100)
Information: CPU Load: 15%, Ram Free: 48 GB, Swap Free: 1 GB, Work Disk Free: 308 GB, Tmp Disk Free: 308 GB (MSG-3995)
Information: Starting compile_fusion / initial_map / MV Cell Insertion (FLW-8000)
Information: Time: 2025-05-28 13:37:32 / Session:  00:00:08 / Command:  00:00:01 / CPU:  00:00:01 / Memory: 700 MB (FLW-8100)
Information: CPU Load: 15%, Ram Free: 48 GB, Swap Free: 1 GB, Work Disk Free: 308 GB, Tmp Disk Free: 308 GB (MSG-3995)
Information: Ending   compile_fusion / initial_map / MV Cell Insertion (FLW-8001)
Information: Time: 2025-05-28 13:37:32 / Session:  00:00:08 / Command:  00:00:01 / CPU:  00:00:01 / Memory: 700 MB (FLW-8100)
Information: CPU Load: 15%, Ram Free: 48 GB, Swap Free: 1 GB, Work Disk Free: 308 GB, Tmp Disk Free: 308 GB (MSG-3995)
Information: Starting compile_fusion / initial_map / Logic Simplification (1) (FLW-8000)
Information: Time: 2025-05-28 13:37:32 / Session:  00:00:08 / Command:  00:00:01 / CPU:  00:00:01 / Memory: 700 MB (FLW-8100)
Information: CPU Load: 15%, Ram Free: 48 GB, Swap Free: 1 GB, Work Disk Free: 308 GB, Tmp Disk Free: 308 GB (MSG-3995)
Information: The hierarchy math_wrapper_INST/dut_multiplier_18x18_comb_inst/mult_a0b0 is ungrouped due to auto_ungrouping. (UNG-1001)
Information: The hierarchy math_wrapper_INST/dut_multiplier_18x18_comb_inst/mult_a0b1 is ungrouped due to auto_ungrouping. (UNG-1001)
Information: The hierarchy math_wrapper_INST/dut_multiplier_18x18_comb_inst/mult_a1b0 is ungrouped due to auto_ungrouping. (UNG-1001)
Information: The hierarchy math_wrapper_INST/dut_multiplier_18x18_comb_inst/mult_a1b1 is ungrouped due to auto_ungrouping. (UNG-1001)
Information: The hierarchy math_wrapper_INST/dut_multiplier_18x18_comb_inst is ungrouped due to auto_ungrouping. (UNG-1001)
Information: The hierarchy dut_output_control_INST is ungrouped due to auto_ungrouping. (UNG-1001)
Information: The hierarchy dut_processing_control_INST is ungrouped due to auto_ungrouping. (UNG-1001)
Information: The hierarchy dut_input_channel_control_0_INST is ungrouped due to auto_ungrouping. (UNG-1001)
Information: The hierarchy dut_input_channel_control_1_INST is ungrouped due to auto_ungrouping. (UNG-1001)
Information: The hierarchy dut_input_channel_control_2_INST is ungrouped due to auto_ungrouping. (UNG-1001)
Information: 13 of 13 hierarchies are ungrouped. Use report_ungroup for a list. (UNG-1003)
Information: Result of compile_fusion / initial_map / Auto Ungroup (FLW-8500)
Information: Ungroup Summary Report (UNG-1007)
-------------------------------------------------------------------
Hierarchy                                                 Count
-------------------------------------------------------------------
Auto ungrouped hierarchies                                  13
-------------------------------------------------------------------
Information: 3 out of 13 UNG-1001 messages were not printed due to limit 10 (after 'compile_fusion' at task1.tcl:15) (MSG-3913)
Information: Starting compile_fusion / initial_map / Logic Simplification (1) / Constant and Equal Register Detection (FLW-8000)
Information: Time: 2025-05-28 13:37:32 / Session:  00:00:09 / Command:  00:00:01 / CPU:  00:00:01 / Memory: 700 MB (FLW-8100)
Information: CPU Load: 15%, Ram Free: 48 GB, Swap Free: 1 GB, Work Disk Free: 308 GB, Tmp Disk Free: 308 GB (MSG-3995)
Warning: Cannot infer functionality of libcell 'saed14rvt_frame_timing/SAEDRVT14_FDNRBSBQ_V2_0P5' and will be excluded from sequential mapping. (SQM-1061)
Warning: Cannot infer functionality of libcell 'saed14rvt_frame_timing/SAEDRVT14_FDNRBSBQ_V2_1' and will be excluded from sequential mapping. (SQM-1061)
Warning: Cannot infer functionality of libcell 'saed14rvt_frame_timing/SAEDRVT14_FDNRBSBQ_V2_2' and will be excluded from sequential mapping. (SQM-1061)
Warning: Cannot infer functionality of libcell 'saed14rvt_frame_timing/SAEDRVT14_FDNRBSBQ_V2_4' and will be excluded from sequential mapping. (SQM-1061)
Warning: Cannot infer functionality of libcell 'saed14rvt_frame_timing/SAEDRVT14_FDPRBSBQ_V2_0P5' and will be excluded from sequential mapping. (SQM-1061)
Warning: Cannot infer functionality of libcell 'saed14rvt_frame_timing/SAEDRVT14_FDPRBSBQ_V2_1' and will be excluded from sequential mapping. (SQM-1061)
Warning: Cannot infer functionality of libcell 'saed14rvt_frame_timing/SAEDRVT14_FDPRBSBQ_V2_2' and will be excluded from sequential mapping. (SQM-1061)
Warning: Cannot infer functionality of libcell 'saed14rvt_frame_timing/SAEDRVT14_FDPRBSBQ_V2_4' and will be excluded from sequential mapping. (SQM-1061)
Warning: Cannot infer functionality of libcell 'saed14rvt_frame_timing/SAEDRVT14_FSDPRBSBQ_V2LP_0P5' and will be excluded from sequential mapping. (SQM-1061)
Warning: Cannot infer functionality of libcell 'saed14rvt_frame_timing/SAEDRVT14_FSDPRBSBQ_V2LP_2' and will be excluded from sequential mapping. (SQM-1061)
Warning: Skipping check for single_bit_degenerate attribute on the multibit libcell 'saed14rvt_frame_timing/SAEDRVT14_FSDN2_V2_0P5' since it is not a black-box. (SQM-1079)
Information: No single-bit representative was found for multibit lib cell 'saed14rvt_frame_timing/SAEDRVT14_FSDN2_V2_0P5'. (SQM-2004)
Warning: Skipping check for single_bit_degenerate attribute on the multibit libcell 'saed14rvt_frame_timing/SAEDRVT14_FSDN2_V2_1' since it is not a black-box. (SQM-1079)
Information: No single-bit representative was found for multibit lib cell 'saed14rvt_frame_timing/SAEDRVT14_FSDN2_V2_1'. (SQM-2004)
Warning: Skipping check for single_bit_degenerate attribute on the multibit libcell 'saed14rvt_frame_timing/SAEDRVT14_FSDN2_V2_2' since it is not a black-box. (SQM-1079)
Information: No single-bit representative was found for multibit lib cell 'saed14rvt_frame_timing/SAEDRVT14_FSDN2_V2_2'. (SQM-2004)
Warning: Skipping check for single_bit_degenerate attribute on the multibit libcell 'saed14rvt_frame_timing/SAEDRVT14_FSDN2_V2_4' since it is not a black-box. (SQM-1079)
Information: No single-bit representative was found for multibit lib cell 'saed14rvt_frame_timing/SAEDRVT14_FSDN2_V2_4'. (SQM-2004)
Warning: Skipping check for single_bit_degenerate attribute on the multibit libcell 'saed14rvt_frame_timing/SAEDRVT14_FSDN4_V2_0P5' since it is not a black-box. (SQM-1079)
Information: No single-bit representative was found for multibit lib cell 'saed14rvt_frame_timing/SAEDRVT14_FSDN4_V2_0P5'. (SQM-2004)
Information: No single-bit representative was found for multibit lib cell 'saed14rvt_frame_timing/SAEDRVT14_FSDN4_V2_1'. (SQM-2004)
Information: No single-bit representative was found for multibit lib cell 'saed14rvt_frame_timing/SAEDRVT14_FSDN4_V2_2'. (SQM-2004)
Information: No single-bit representative was found for multibit lib cell 'saed14rvt_frame_timing/SAEDRVT14_FSDN4_V2_4'. (SQM-2004)
Warning: Found 8 multibit sequential library cells that have missing/added attributes or have restrictions that prevent them from banking. (SQM-1053)
0 sequential multibit library cells have restrictions (dont_use or dont_touch).
8 sequential multibit library cells have missing sequential mapping relevant attributes
Warning: No site rows found in floorplan. (LGL-397)
Warning: No site rows found in floorplan. (LGL-397)
Warning: No valid clocks available in mode 'default'. Setting clock frequency to 1 GHz. (POW-034)
Warning: No site rows found in floorplan. (LGL-397)
Warning: No site rows found in floorplan. (LGL-397)
Information: Register Bits Before Sharing = 328, After Sharing = 328, Savings = 0 (SQM-2000)
Information: 6 out of 16 SQM-1061 messages were not printed due to limit 10 (after 'compile_fusion' at task1.tcl:15) (MSG-3913)
Information: 3 out of 8 SQM-1079 messages were not printed due to limit 5 (after 'compile_fusion' at task1.tcl:15) (MSG-3913)
Information: Ending   compile_fusion / initial_map / Logic Simplification (1) / Constant and Equal Register Detection (FLW-8001)
Information: Time: 2025-05-28 13:37:35 / Session:  00:00:11 / Command:  00:00:04 / CPU:  00:00:04 / Memory: 752 MB (FLW-8100)
Information: CPU Load: 15%, Ram Free: 48 GB, Swap Free: 1 GB, Work Disk Free: 308 GB, Tmp Disk Free: 308 GB (MSG-3995)
Information: Starting compile_fusion / initial_map / Logic Simplification (1) / Register Merging (FLW-8000)
Information: Time: 2025-05-28 13:37:35 / Session:  00:00:11 / Command:  00:00:04 / CPU:  00:00:04 / Memory: 752 MB (FLW-8100)
Information: CPU Load: 15%, Ram Free: 48 GB, Swap Free: 1 GB, Work Disk Free: 308 GB, Tmp Disk Free: 308 GB (MSG-3995)
Information: Ending   compile_fusion / initial_map / Logic Simplification (1) / Register Merging (FLW-8001)
Information: Time: 2025-05-28 13:37:35 / Session:  00:00:11 / Command:  00:00:04 / CPU:  00:00:04 / Memory: 752 MB (FLW-8100)
Information: CPU Load: 15%, Ram Free: 48 GB, Swap Free: 1 GB, Work Disk Free: 308 GB, Tmp Disk Free: 308 GB (MSG-3995)
Information: Starting compile_fusion / initial_map / Logic Simplification (1) / Constant Propagation and Register Optimization (FLW-8000)
Information: Time: 2025-05-28 13:37:35 / Session:  00:00:11 / Command:  00:00:04 / CPU:  00:00:04 / Memory: 752 MB (FLW-8100)
Information: CPU Load: 15%, Ram Free: 48 GB, Swap Free: 1 GB, Work Disk Free: 308 GB, Tmp Disk Free: 308 GB (MSG-3995)
Warning: No site rows found in floorplan. (LGL-397)
Warning: No site rows found in floorplan. (LGL-397)
Warning: No valid clocks available in mode 'default'. Setting clock frequency to 1 GHz. (POW-034)
Warning: No site rows found in floorplan. (LGL-397)
Warning: No site rows found in floorplan. (LGL-397)
Warning: No site rows found in floorplan. (LGL-397)
Warning: No site rows found in floorplan. (LGL-397)
Warning: No valid clocks available in mode 'default'. Setting clock frequency to 1 GHz. (POW-034)
Warning: No site rows found in floorplan. (LGL-397)
Warning: No site rows found in floorplan. (LGL-397)
Information: Ending   compile_fusion / initial_map / Logic Simplification (1) / Constant Propagation and Register Optimization (FLW-8001)
Information: Time: 2025-05-28 13:37:35 / Session:  00:00:12 / Command:  00:00:04 / CPU:  00:00:04 / Memory: 752 MB (FLW-8100)
Information: CPU Load: 15%, Ram Free: 48 GB, Swap Free: 1 GB, Work Disk Free: 308 GB, Tmp Disk Free: 308 GB (MSG-3995)
Information: Ending   compile_fusion / initial_map / Logic Simplification (1) (FLW-8001)
Information: Time: 2025-05-28 13:37:35 / Session:  00:00:12 / Command:  00:00:04 / CPU:  00:00:04 / Memory: 752 MB (FLW-8100)
Information: CPU Load: 15%, Ram Free: 48 GB, Swap Free: 1 GB, Work Disk Free: 308 GB, Tmp Disk Free: 308 GB (MSG-3995)
Warning: No site rows found in floorplan. (LGL-397)
Warning: No site rows found in floorplan. (LGL-397)
Warning: No valid clocks available in mode 'default'. Setting clock frequency to 1 GHz. (POW-034)
Warning: No site rows found in floorplan. (LGL-397)
Warning: No site rows found in floorplan. (LGL-397)
Information: Starting compile_fusion / initial_map / High-Level Optimization and Technology Mapping (1) (FLW-8000)
Information: Time: 2025-05-28 13:37:36 / Session:  00:00:12 / Command:  00:00:04 / CPU:  00:00:05 / Memory: 752 MB (FLW-8100)
Information: CPU Load: 15%, Ram Free: 48 GB, Swap Free: 1 GB, Work Disk Free: 308 GB, Tmp Disk Free: 308 GB (MSG-3995)
Warning: No valid clocks available in mode 'default'. Setting clock frequency to 1 GHz. (POW-034)
Information: Timer using 12 threads
Information: Ending   compile_fusion / initial_map / High-Level Optimization and Technology Mapping (1) (FLW-8001)
Information: Time: 2025-05-28 13:37:38 / Session:  00:00:14 / Command:  00:00:07 / CPU:  00:00:09 / Memory: 762 MB (FLW-8100)
Information: CPU Load: 14%, Ram Free: 48 GB, Swap Free: 1 GB, Work Disk Free: 308 GB, Tmp Disk Free: 308 GB (MSG-3995)
Warning: No valid clocks available in mode 'default'. Setting clock frequency to 1 GHz. (POW-034)
Information: Starting compile_fusion / initial_map / High-Level Optimization and Technology Mapping (2) (FLW-8000)
Information: Time: 2025-05-28 13:37:38 / Session:  00:00:14 / Command:  00:00:07 / CPU:  00:00:09 / Memory: 762 MB (FLW-8100)
Information: CPU Load: 14%, Ram Free: 48 GB, Swap Free: 1 GB, Work Disk Free: 308 GB, Tmp Disk Free: 308 GB (MSG-3995)
Information: Added key list 'DesignWare' to design 'dut_toplevel'. (DWS-0216)
Warning: No cell bus will be mapped to multibit because multibit mapping has been disabled by user. (SQM-1034)
Warning: Shift register Inferencing is enabled so only head flop will be replaced with scan cell and not all registers in shift register chains are scan replaced. (SQM-1074)
Information: Ending   compile_fusion / initial_map / High-Level Optimization and Technology Mapping (2) (FLW-8001)
Information: Time: 2025-05-28 13:37:39 / Session:  00:00:15 / Command:  00:00:08 / CPU:  00:00:10 / Memory: 762 MB (FLW-8100)
Information: CPU Load: 14%, Ram Free: 48 GB, Swap Free: 1 GB, Work Disk Free: 308 GB, Tmp Disk Free: 308 GB (MSG-3995)
Information: Starting compile_fusion / initial_map / DFT Core Wrapper Analysis (FLW-8000)
Information: Time: 2025-05-28 13:37:39 / Session:  00:00:15 / Command:  00:00:08 / CPU:  00:00:10 / Memory: 762 MB (FLW-8100)
Information: CPU Load: 14%, Ram Free: 48 GB, Swap Free: 1 GB, Work Disk Free: 308 GB, Tmp Disk Free: 308 GB (MSG-3995)
Information: Ending   compile_fusion / initial_map / DFT Core Wrapper Analysis (FLW-8001)
Information: Time: 2025-05-28 13:37:39 / Session:  00:00:15 / Command:  00:00:08 / CPU:  00:00:10 / Memory: 762 MB (FLW-8100)
Information: CPU Load: 14%, Ram Free: 48 GB, Swap Free: 1 GB, Work Disk Free: 308 GB, Tmp Disk Free: 308 GB (MSG-3995)
Information: Starting compile_fusion / initial_map / Logic Simplification (2) (FLW-8000)
Information: Time: 2025-05-28 13:37:39 / Session:  00:00:15 / Command:  00:00:08 / CPU:  00:00:10 / Memory: 762 MB (FLW-8100)
Information: CPU Load: 14%, Ram Free: 48 GB, Swap Free: 1 GB, Work Disk Free: 308 GB, Tmp Disk Free: 308 GB (MSG-3995)
Information: Register Bits Before Sharing = 328, After Sharing = 328, Savings = 0 (SQM-2000)
Information: Starting compile_fusion / initial_map / Logic Simplification (2) / Constant Propagation and Register Optimization (FLW-8000)
Information: Time: 2025-05-28 13:37:39 / Session:  00:00:16 / Command:  00:00:08 / CPU:  00:00:11 / Memory: 781 MB (FLW-8100)
Information: CPU Load: 14%, Ram Free: 48 GB, Swap Free: 1 GB, Work Disk Free: 308 GB, Tmp Disk Free: 308 GB (MSG-3995)
Information: Ending   compile_fusion / initial_map / Logic Simplification (2) / Constant Propagation and Register Optimization (FLW-8001)
Information: Time: 2025-05-28 13:37:39 / Session:  00:00:16 / Command:  00:00:08 / CPU:  00:00:11 / Memory: 781 MB (FLW-8100)
Information: CPU Load: 14%, Ram Free: 48 GB, Swap Free: 1 GB, Work Disk Free: 308 GB, Tmp Disk Free: 308 GB (MSG-3995)
Information: Ending   compile_fusion / initial_map / Logic Simplification (2) (FLW-8001)
Information: Time: 2025-05-28 13:37:39 / Session:  00:00:16 / Command:  00:00:08 / CPU:  00:00:11 / Memory: 781 MB (FLW-8100)
Information: CPU Load: 14%, Ram Free: 48 GB, Swap Free: 1 GB, Work Disk Free: 308 GB, Tmp Disk Free: 308 GB (MSG-3995)
Information: Result of compile_fusion / initial_map / Clock Gate Insertion (FLW-8500)
--------------------------------------------------------------------------------
|                             Clock Gating Options                             |
--------------------------------------------------------------------------------
|         Objects         |    Minimum Bitwidth     |      Maximum Fanout      |
--------------------------+-------------------------+---------------------------
|   top-level (design)    |          3 (d)          |      Unlimited (d)       |
--------------------------------------------------------------------------------

Number of Pre-Existing Clock Gates with dont touch attribute: 0
Number of ICG library cells with CTS purpose: 19
--------------------------------------------------------------------------------
                          Tool Gated Register Summary                           
--------------------------------------------------------------------------------
Clock Gating Type                   | Number of   | Register Count | Equivalent 
                                    | Clock Gates |                | Bitwidth   
--------------------------------------------------------------------------------
Regular Clock Gating                |          11 |            319 |        319
--------------------------------------------------------------------------------
--------------------------------------------------------------------------------
                 Regular Clock Gating Ungated Register Summary                  
--------------------------------------------------------------------------------
 Ungated Reason                                            | Count | Bitwidth   
--------------------------------------------------------------------------------
 Enable is Constant One.                                   |     2 |        2
 Partial Minimum Bitwidth Not Met.                         |     7 |        7
--------------------------------------------------------------------------------
Compile-fusion optimization summary            SETUP-COST    R2R-COST HOLD-COST LDRC-COST          AREA     LEAKAGE     INSTCNT            ELAPSE       MEM
Compile-fusion                                          -           -         -         -        906.51           -        1211              0.00       780
Information: Ending   compile_fusion / initial_map (FLW-8001)
Information: Time: 2025-05-28 13:37:39 / Session:  00:00:16 / Command:  00:00:08 / CPU:  00:00:11 / Memory: 781 MB (FLW-8100)
Information: CPU Load: 14%, Ram Free: 48 GB, Swap Free: 1 GB, Work Disk Free: 308 GB, Tmp Disk Free: 308 GB (MSG-3995)

Information: >>>>>>> 7 unique error and warning message tags while observing compile_fusion / initial_map: (MSG-3100)
Information: #prnt #trgr #lmt    Tag  Level     Format (or last printed message)                                (MSG-3036)
Information:    15    16  5 SQM-1079  WARNING   Warning: Skipping check for single_bit_degenerate attribute ... (MSG-3032)
Information:     1     1  1 SQM-1074  WARNING   Warning: Shift register Inferencing is enabled so only head ... (MSG-3032)
Information:    30    32 10 SQM-1061  WARNING   Warning: Cannot infer functionality of libcell 'saed14rvt_fr... (MSG-3032)
Information:     3     2 10 SQM-1053  WARNING   Warning: Found 8 multibit sequential library cells that have... (MSG-3032)
Information:     1     1  1 SQM-1034  WARNING   Warning: No cell bus will be mapped to multibit because mult... (MSG-3032)
Information:    15     9 10 POW-034   WARNING   Warning: No valid clocks available in mode 'default'. Settin... (MSG-3032)
Information:    38    28  0 LGL-397   WARNING   Warning: No site rows found in floorplan. (LGL-397)             (MSG-3032)
Information:   103    89  6        7  <------   Total sum of messages (MSG-3038)
Information: >>>>>>> Summary: 89 error&warning MSGs observed during compile_fusion / initial_map (MSG-3103)

Warning: Duplicate callback function set for step 'fc/logic_opto/dwProcessPrecond1' (FLW-2224)
Warning: Duplicate callback function set for step 'fc/logic_opto/dwProcessPrecond1' (FLW-2224)
Warning: No site rows found in floorplan. (LGL-397)
Warning: Technology layer 'M1' setting 'routing-direction' is not valid (NEX-001)
Warning: Technology layer 'M2' setting 'routing-direction' is not valid (NEX-001)
Warning: Technology layer 'M3' setting 'routing-direction' is not valid (NEX-001)
Warning: Technology layer 'M4' setting 'routing-direction' is not valid (NEX-001)
Warning: Technology layer 'M5' setting 'routing-direction' is not valid (NEX-001)
Warning: Technology layer 'M6' setting 'routing-direction' is not valid (NEX-001)
Warning: Technology layer 'M7' setting 'routing-direction' is not valid (NEX-001)
Warning: Technology layer 'M8' setting 'routing-direction' is not valid (NEX-001)
Warning: Technology layer 'M9' setting 'routing-direction' is not valid (NEX-001)
Warning: Technology layer 'MRDL' setting 'routing-direction' is not valid (NEX-001)
Warning: Technology layer 'M1' setting 'routing-direction' is not valid (NEX-001)
Warning: Technology layer 'M2' setting 'routing-direction' is not valid (NEX-001)
Warning: Technology layer 'M3' setting 'routing-direction' is not valid (NEX-001)
Warning: Technology layer 'M4' setting 'routing-direction' is not valid (NEX-001)
Warning: Technology layer 'M5' setting 'routing-direction' is not valid (NEX-001)
Warning: Technology layer 'M6' setting 'routing-direction' is not valid (NEX-001)
Warning: Technology layer 'M7' setting 'routing-direction' is not valid (NEX-001)
Warning: Technology layer 'M8' setting 'routing-direction' is not valid (NEX-001)
Warning: Technology layer 'M9' setting 'routing-direction' is not valid (NEX-001)
Warning: Technology layer 'MRDL' setting 'routing-direction' is not valid (NEX-001)
Warning: Technology layer 'M1' setting 'routing-direction' is not valid (NEX-001)
Warning: Technology layer 'M2' setting 'routing-direction' is not valid (NEX-001)
Warning: Technology layer 'M3' setting 'routing-direction' is not valid (NEX-001)
Warning: Technology layer 'M4' setting 'routing-direction' is not valid (NEX-001)
Warning: Technology layer 'M5' setting 'routing-direction' is not valid (NEX-001)
Warning: Technology layer 'M6' setting 'routing-direction' is not valid (NEX-001)
Warning: Technology layer 'M7' setting 'routing-direction' is not valid (NEX-001)
Warning: Technology layer 'M8' setting 'routing-direction' is not valid (NEX-001)
Warning: Technology layer 'M9' setting 'routing-direction' is not valid (NEX-001)
Warning: Technology layer 'MRDL' setting 'routing-direction' is not valid (NEX-001)
Warning: No site rows found in floorplan. (LGL-397)
Information: Summary of UPF Cells (UPF-532)
*******************************************************************************
                            Summary of UPF Cells                               
*******************************************************************************
This is NOT a UPF design.
UPF is NOT loaded.
UPF is NOT committed.
-------------------------------------------------------------------------------
*******************************************************************************
                        End of Summary of UPF Cells                            
*******************************************************************************
Information: Timer using 12 threads
INFO: End environment monitoring: recipes
INFO: Restored 0 timer status, 8 app options, 0 tcl gvars, 0 env vars
Information: >>>>>>> 9 unique error and warning message tags while observing fusion: (MSG-3100)
Information: #prnt #trgr #lmt    Tag  Level     Format (or last printed message)                                (MSG-3036)
Information:     2     2  0 FLW-2224  WARNING   Warning: Duplicate callback function set for step 'fc/logic_... (MSG-3032)
Information:    15    24  5 SQM-1079  WARNING   Warning: Skipping check for single_bit_degenerate attribute ... (MSG-3032)
Information:     1     1  1 SQM-1074  WARNING   Warning: Shift register Inferencing is enabled so only head ... (MSG-3032)
Information:    30    48 10 SQM-1061  WARNING   Warning: Cannot infer functionality of libcell 'saed14rvt_fr... (MSG-3032)
Information:     3     3 10 SQM-1053  WARNING   Warning: Found 8 multibit sequential library cells that have... (MSG-3032)
Information:     1     1  1 SQM-1034  WARNING   Warning: No cell bus will be mapped to multibit because mult... (MSG-3032)
Information:    15    15 10 POW-034   WARNING   Warning: No valid clocks available in mode 'default'. Settin... (MSG-3032)
Information:    40    39  0 LGL-397   WARNING   Warning: No site rows found in floorplan. (LGL-397)             (MSG-3032)
Information:    30    30  0 NEX-001   WARNING   Warning: Technology layer 'MRDL' setting 'routing-direction'... (MSG-3032)
Information:   137   163  6        9  <------   Total sum of messages (MSG-3038)
Information: >>>>>>> Summary: 163 error&warning MSGs observed during fusion (MSG-3103)
Information: Ending   'compile_fusion -to initial_map' (FLW-8001)
Information: Time: 2025-05-28 13:37:40 / Session:  00:00:16 / Command:  00:00:08 / CPU:  00:00:11 / Memory: 781 MB (FLW-8100)
Information: CPU Load: 14%, Ram Free: 48 GB, Swap Free: 1 GB, Work Disk Free: 308 GB, Tmp Disk Free: 308 GB (MSG-3995)
1
report_timing
Information: Corner default: no PVT mismatches. (PVT-032)
Warning: no valid parasitic for default corner(LATE) (NEX-018)
Warning: no valid parasitic for default corner(EARLY) (NEX-018)
Warning: no valid parasitic for (all corners) corner((both specs)) (NEX-018)
Information: The stitching and editing of coupling caps is turned OFF for design 'dut_toplevel.dlib:dut_toplevel.design'. (TIM-125)
Warning: No physical information exists for design 'dut_toplevel'. Zero interconnect delay is used in timing analysis. (TIM-101)
Warning: The extractor can not be initialized for design 'dut_toplevel'. Zero interconnect delay is used in timing analysis. (TIM-102)
Warning: Batch extraction is skipped for block "dut_toplevel"
Information: Update timing completed net estimation for all the timing graph nets (TIM-111)
Information: Net estimation statistics: timing graph nets = 1641, routed nets = 0, across physical hierarchy nets = 0, parasitics cached nets = 0, delay annotated nets = 0, parasitics annotated nets = 0, multi-voltage nets = 0. (TIM-112)
************************************************************
Timer Settings:
Delay Calculation Style:                   auto
Signal Integrity Analysis:                 disabled
Timing Window Analysis:                    disabled
Advanced Waveform Propagation:             disabled
Variation Type:                            fixed_derate
Clock Reconvergence Pessimism Removal:     disabled
Advanced Receiver Model:                   disabled
LLE:                                       disabled
ML Acceleration:                           off
************************************************************
****************************************
Report : timing
        -path_type full
        -delay_type max
        -max_paths 1
        -report_by design
Design : dut_toplevel
Version: V-2023.12
Date   : Wed May 28 13:37:40 2025
****************************************
No paths.
1
report_power
Warning: No valid clocks available in mode 'default'. Setting clock frequency to 1 GHz. (POW-034)
****************************************
Report : power
        -significant_digits 2
Design : dut_toplevel
Version: V-2023.12
Date   : Wed May 28 13:37:40 2025
****************************************
Information: Activity propagation will be performed for scenario default.
Information: Doing activity propagation for mode 'default' and corner 'default' with effort level 'medium'. (POW-024)
Information: Timer-derived activity data is cached on scenario default (POW-052)
Warning: No valid clocks available in mode 'default'. Setting clock frequency to 1 GHz. (POW-034)
Infomation: Fast mode activity propagation power.rtl_activity_annotation setup is ignored. Always use accurate mode.
Information: Running switching activity propagation with 12 threads!

 **** Information : No. of simulation cycles = 6 ****
Mode: default
Corner: default
Scenario: default
Voltage: 0.70
Temperature: 125.00

Voltage Unit         : 1V
Capacitance Unit     : 1fF
Time Unit            : 1ns
Temperature Unit     : 1C
Dynamic Power Unit   : 1pW
Leakage Power Unit   : 1pW
Warning: No valid clocks available in mode 'default'. Setting clock frequency to 1 GHz. (POW-034)

Switched supply net power scaling:
scaling for leakage power

Supply nets:
VDD (power) probability 1.00 (default)
VSS (ground) probability 1.00 (default)
Warning: Power table extrapolation (extrapolation mode) for port A1 on cell ctmi_2107 for parameter Tinp. Lowest table value = 0.003000, highest table value = 0.133000, value = 0.000000 (POW-046)
Warning: Power table extrapolation (extrapolation mode) for port X on cell ctmi_2107 for parameter Tinp. Lowest table value = 0.003000, highest table value = 0.133000, value = 0.000000 (POW-046)
Warning: Power table extrapolation (extrapolation mode) for port X on cell ctmi_2100 for parameter Tinp. Lowest table value = 0.003000, highest table value = 0.133000, value = 0.002594 (POW-046)
Warning: Power table extrapolation (extrapolation mode) for port D on cell dut_input_channel_control_2_INST/in_data_arb_r_reg[22] for parameter Tinp. Lowest table value = 0.003000, highest table value = 0.133000, value = 0.000000 (POW-046)
Warning: Power table extrapolation (extrapolation mode) for port CK on cell dut_input_channel_control_0_INST/in_valid_arb_r_reg for parameter Tinp. Lowest table value = 0.003000, highest table value = 0.133000, value = 0.000000 (POW-046)
Warning: Power table extrapolation (extrapolation mode) for port CK on cell dut_input_channel_control_1_INST/in_valid_arb_r_reg for parameter Tinp. Lowest table value = 0.003000, highest table value = 0.133000, value = 0.000000 (POW-046)
Warning: Power table extrapolation (extrapolation mode) for port CK on cell dut_fifo_INST/fifo_data_r_reg[0][28] for parameter Tinp. Lowest table value = inf, highest table value = inf, value = 0.040569 (POW-046)
Warning: Power table extrapolation (extrapolation mode) for port CK on cell math_wrapper_INST/out_data_r_reg[28] for parameter Tinp. Lowest table value = inf, highest table value = inf, value = 0.040569 (POW-046)
Warning: Power table extrapolation (extrapolation mode) for port RD on cell dut_fifo_INST/fifo_data_r_reg[1][23] for parameter Tinp. Lowest table value = 0.003000, highest table value = 0.133000, value = 0.000000 (POW-046)
Warning: Power table extrapolation (extrapolation mode) for port RD on cell dut_fifo_INST/fifo_data_r_reg[3][9] for parameter Tinp. Lowest table value = 0.003000, highest table value = 0.133000, value = 0.000000 (POW-046)
Note - message 'POW-046' limit (10) exceeded. Remainder will be suppressed.

  Cell Internal Power    = 9.17e+06 pW ( 74.6%)
  Net Switching Power    = 3.12e+06 pW ( 25.4%)
Total Dynamic Power      = 1.23e+07 pW (100.0%)

Cell Leakage Power       = 2.34e+07 pW


  Attributes
  ----------
      u  -  User defined power group

Power Group         Internal Power        Switching Power          Leakage Power            Total Power    (   %  )    Attrs
-----------------------------------------------------------------------------------------------------------------------------
io_pad                    0.00e+00               0.00e+00               0.00e+00               0.00e+00    (  0.0%)         
memory                    0.00e+00               0.00e+00               0.00e+00               0.00e+00    (  0.0%)         
black_box                 0.00e+00               0.00e+00               0.00e+00               0.00e+00    (  0.0%)         
clock_network             0.00e+00               0.00e+00               0.00e+00               0.00e+00    (  0.0%)         
register                  0.00e+00               0.00e+00               0.00e+00               0.00e+00    (  0.0%)         
sequential                7.63e+06               5.61e+05               9.78e+06               1.80e+07    ( 50.4%)         
combinational             1.53e+06               2.56e+06               1.36e+07               1.77e+07    ( 49.6%)         
-----------------------------------------------------------------------------------------------------------------------------
Total                     9.17e+06 pW            3.12e+06 pW            2.34e+07 pW            3.57e+07 pW
[Tim-Power] Info: Cleared Leakage libCell cache.
1
report_area
****************************************
Report : area
Design : dut_toplevel
Version: V-2023.12
Date   : Wed May 28 13:37:41 2025
****************************************

Number of ports:                          242
Number of nets:                          1714
Number of cells:                         1211
Number of combinational cells:            872
Number of sequential cells:               339
Number of macros/black boxes:               0
Number of buf/inv:                         58
Number of references:                      25

Combinational area:                    475.39
Buf/Inv area:                           10.30
Noncombinational area:                 431.12
Macro/Black Box area:                    0.00

Total cell area:                       906.51
1
write_verilog ${ResultsDir}/${DesignName}_initial_synthesis.v
1
current_block
{dut_toplevel.dlib:dut_toplevel.design}
save_block
Information: The command 'save_block' cleared the undo history. (UNDO-016)
Warning: No valid clocks available in mode 'default'. Setting clock frequency to 1 GHz. (POW-034)
Information: Saving block 'dut_toplevel.dlib:dut_toplevel.design'
1
save_block -as ${DesignName}/initial_synthesis
Information: Saving 'dut_toplevel.dlib:dut_toplevel.design' to 'dut_toplevel.dlib:dut_toplevel/initial_synthesis.design'. (DES-028)
Warning: No valid clocks available in mode 'default'. Setting clock frequency to 1 GHz. (POW-034)
1
get_blocks -all
{dut_toplevel.dlib:dut_toplevel.design dut_toplevel.dlib:dut_toplevel/rtl_read.design dut_toplevel.dlib:dut_toplevel/initial_synthesis.design}
list_blocks
Lib dut_toplevel.dlib /home/student/Documents/kdz/ASIC/labs/Lab_3/asic_lab3/lab/results/dut_toplevel.dlib tech current
  +>  0 dut_toplevel.design May-28-13:37 current
  -   0 dut_toplevel/initial_synthesis.design May-28-13:37
  -   0 dut_toplevel/rtl_read.design May-28-13:37
3
save_lib
Saving library 'dut_toplevel.dlib'
Warning: No valid clocks available in mode 'default'. Setting clock frequency to 1 GHz. (POW-034)
1
copy_block -from ${DesignName}/rtl_read -to ${DesignName}/compile_flow
{dut_toplevel.dlib:dut_toplevel/compile_flow.design}
open_block ${DesignName}/compile_flow
Information: Incrementing open_count of block 'dut_toplevel.dlib:dut_toplevel/compile_flow.design' to 2. (DES-021)
{dut_toplevel.dlib:dut_toplevel/compile_flow.design}
source -echo ${SetupDir}/technology_setup.tcl
#####################################################################
#####			Technology Setup Script			                #####
#####################################################################
set_attribute [get_site_defs unit] symmetry Y
set_attribute [get_site_defs unit] is_default true
if {[string equal tlup ${ParasiticModel}]} {
	read_parasitic_tech -layermap ${LayerMapFile} -tlup ${TlupMaxFile} -name maxTLU
	read_parasitic_tech -layermap ${LayerMapFile} -tlup ${TlupNomFile} -name nomTLU
	read_parasitic_tech -layermap ${LayerMapFile} -tlup ${TlupMinFile} -name minTLU
} elseif {[string equal nxtgrd ${ParasiticModel}]} {
	read_parasitic_tech -layermap ${LayerMapFile} -tlup ${NxtGrdMaxFile} -name maxTLU
	read_parasitic_tech -layermap ${LayerMapFile} -tlup ${NxtGrdNomFile} -name nomTLU
	read_parasitic_tech -layermap ${LayerMapFile} -tlup ${NxtGrdMinFile} -name minTLU
} 
Information: The command 'read_parasitic_tech' cleared the undo history. (UNDO-016)
WARNING: Layer mapping file warning. Tech layer 'M1_3' mapped in layer mapping file cannot be found in technology section.
WARNING: Layer mapping file warning. Tech layer 'M2_3' mapped in layer mapping file cannot be found in technology section.
WARNING: Layer mapping file warning. Tech layer 'M3_3' mapped in layer mapping file cannot be found in technology section.
WARNING: Layer mapping file warning. Tech layer 'M1_3' mapped in layer mapping file cannot be found in technology section.
WARNING: Layer mapping file warning. Tech layer 'M2_3' mapped in layer mapping file cannot be found in technology section.
WARNING: Layer mapping file warning. Tech layer 'M3_3' mapped in layer mapping file cannot be found in technology section.
WARNING: Layer mapping file warning. Tech layer 'M1_3' mapped in layer mapping file cannot be found in technology section.
WARNING: Layer mapping file warning. Tech layer 'M2_3' mapped in layer mapping file cannot be found in technology section.
WARNING: Layer mapping file warning. Tech layer 'M3_3' mapped in layer mapping file cannot be found in technology section.
set_attribute [get_layers {M1 M3 M5 M7 M9}]   routing_direction vertical
Information: The design specific attribute override for layer 'M1' is set in the current block 'dut_toplevel', because the actual library setting may not be overwritten. (ATTR-12)
Information: The design specific attribute override for layer 'M3' is set in the current block 'dut_toplevel', because the actual library setting may not be overwritten. (ATTR-12)
Information: The design specific attribute override for layer 'M5' is set in the current block 'dut_toplevel', because the actual library setting may not be overwritten. (ATTR-12)
Information: The design specific attribute override for layer 'M7' is set in the current block 'dut_toplevel', because the actual library setting may not be overwritten. (ATTR-12)
Information: The design specific attribute override for layer 'M9' is set in the current block 'dut_toplevel', because the actual library setting may not be overwritten. (ATTR-12)
set_attribute [get_layers {M2 M4 M6 M8 MRDL}] routing_direction horizontal
Information: The design specific attribute override for layer 'M2' is set in the current block 'dut_toplevel', because the actual library setting may not be overwritten. (ATTR-12)
Information: The design specific attribute override for layer 'M4' is set in the current block 'dut_toplevel', because the actual library setting may not be overwritten. (ATTR-12)
Information: The design specific attribute override for layer 'M6' is set in the current block 'dut_toplevel', because the actual library setting may not be overwritten. (ATTR-12)
Information: The design specific attribute override for layer 'M8' is set in the current block 'dut_toplevel', because the actual library setting may not be overwritten. (ATTR-12)
Information: The design specific attribute override for layer 'MRDL' is set in the current block 'dut_toplevel', because the actual library setting may not be overwritten. (ATTR-12)
{M2 M4 M6 M8 MRDL}
read_sdc -echo ${SdcFile}
Information: The command 'read_sdc' cleared the undo history. (UNDO-016)
Using libraries: dut_toplevel.dlib saed14rvt_frame_timing
Visiting block dut_toplevel.dlib:dut_toplevel/compile_flow.design
Design 'dut_toplevel' was successfully linked.
Information: Loading SDC version 2.1 file '/home/student/Documents/kdz/ASIC/labs/Lab_3/asic_lab3/src/sdc/dut_toplevel.sdc' (FILE-007)
set PERIOD 3
set CLOCK_NAME clk
create_clock -period $PERIOD -name $CLOCK_NAME [get_ports $CLOCK_NAME]
1
source -echo ${SetupDir}/mcmm_setup.tcl
#####################################################################
#####						MCMM Setup Script					#####
#####################################################################
# Remove all MCMM related info
remove_corners -all
remove_modes -all
remove_scenarios -all
# Create Corner(s)
create_corner Typical
# Set parasitics parameters
set_parasitics_parameters -early_spec nomTLU -late_spec nomTLU -corners {Typical}
# Create Mode
create_mode Normal
current_mode Normal
# Create Scenario(s)
create_scenario -mode Normal -corner Typical -name Normal_Typical
Created scenario Normal_Typical for mode Normal and corner Typical
All analysis types are activated.
# Set operating conditions for the corner and scenario
current_corner Typical
current_scenario Normal_Typical
set_operating_conditions ${PVT_TT}
1
read_sdc -echo ${SdcFile}
Information: Loading SDC version 2.1 file '/home/student/Documents/kdz/ASIC/labs/Lab_3/asic_lab3/src/sdc/dut_toplevel.sdc' (FILE-007)
set PERIOD 3
set CLOCK_NAME clk
create_clock -period $PERIOD -name $CLOCK_NAME [get_ports $CLOCK_NAME]
1
set_lib_cell_purpose -include none {*/*_AO21* */*V2LP*}
Information: The design specific attribute override for lib_cell 'saed14rvt_frame_timing:SAEDRVT14_AO211_1.timing' is set in the current block 'dut_toplevel', because the actual library setting may not be overwritten. (ATTR-12)
Information: The design specific attribute override for lib_cell 'saed14rvt_frame_timing:SAEDRVT14_AO211_2.timing' is set in the current block 'dut_toplevel', because the actual library setting may not be overwritten. (ATTR-12)
Information: The design specific attribute override for lib_cell 'saed14rvt_frame_timing:SAEDRVT14_AO211_4.timing' is set in the current block 'dut_toplevel', because the actual library setting may not be overwritten. (ATTR-12)
Information: The design specific attribute override for lib_cell 'saed14rvt_frame_timing:SAEDRVT14_AO21_1.timing' is set in the current block 'dut_toplevel', because the actual library setting may not be overwritten. (ATTR-12)
Information: The design specific attribute override for lib_cell 'saed14rvt_frame_timing:SAEDRVT14_AO211_U_0P5.timing' is set in the current block 'dut_toplevel', because the actual library setting may not be overwritten. (ATTR-12)
Information: The design specific attribute override for lib_cell 'saed14rvt_frame_timing:SAEDRVT14_AO21_2.timing' is set in the current block 'dut_toplevel', because the actual library setting may not be overwritten. (ATTR-12)
Information: The design specific attribute override for lib_cell 'saed14rvt_frame_timing:SAEDRVT14_AO21_4.timing' is set in the current block 'dut_toplevel', because the actual library setting may not be overwritten. (ATTR-12)
Information: The design specific attribute override for lib_cell 'saed14rvt_frame_timing:SAEDRVT14_AO21B_0P5.timing' is set in the current block 'dut_toplevel', because the actual library setting may not be overwritten. (ATTR-12)
Information: The design specific attribute override for lib_cell 'saed14rvt_frame_timing:SAEDRVT14_AO21B_1.timing' is set in the current block 'dut_toplevel', because the actual library setting may not be overwritten. (ATTR-12)
Information: The design specific attribute override for lib_cell 'saed14rvt_frame_timing:SAEDRVT14_AO21B_2.timing' is set in the current block 'dut_toplevel', because the actual library setting may not be overwritten. (ATTR-12)
1
set_app_options -name place.coarse.continue_on_missing_scandef -value true
place.coarse.continue_on_missing_scandef true
compile_fusion -check_only
Warning: No site rows found in floorplan. (LGL-397)
Information: 1081 out of 1091 POW-046 messages were not printed due to limit 10 (after 'compile_fusion' at task1.tcl:43) (MSG-3913)
Information: Timer using 12 threads
INFO: compile_fusion is running in balanced flow mode.
Warning: No site rows found in floorplan. (LGL-397)
Information: Starting 'compile_fusion -check_only' (FLW-8000)
Information: Time: 2025-05-28 13:37:41 / Session:  00:00:17 / Command:  00:00:00 / CPU:  00:00:00 / Memory: 811 MB (FLW-8100)
Information: CPU Load: 15%, Ram Free: 48 GB, Swap Free: 1 GB, Work Disk Free: 308 GB, Tmp Disk Free: 308 GB (MSG-3995)
CPU Load: 15%, Ram Free: 48 GB, Swap Free: 1 GB, Work Disk Free: 308 GB, Tmp Disk Free: 308 GB
Warning: No site rows found in floorplan. (LGL-397)
INFO: Start environment monitoring: recipes
INFO: compile_fusion is running in balanced flow mode.
Warning: No site rows found in floorplan. (LGL-397)
Warning: No site rows found in floorplan. (LGL-397)
Warning: No site rows found in floorplan. (LGL-397)
Warning: No site rows found in floorplan. (LGL-397)
Warning: No site rows found in floorplan. (LGL-397)
Warning: No site rows found in floorplan. (LGL-397)
Warning: No site rows found in floorplan. (LGL-397)
Warning: In design 'dut_toplevel', port 'proc_req_in0_arb_mode_id[0]' is connected to a zero width bus. (DCHK-024)
Warning: In design 'dut_toplevel', port 'proc_req_in1_arb_mode_id[0]' is connected to a zero width bus. (DCHK-024)
Warning: In design 'dut_toplevel', port 'proc_req_in2_arb_mode_id[0]' is connected to a zero width bus. (DCHK-024)
Warning: In design 'dut_processing_control_INST', port 'dut_processing_control_INST/proc_req_in0_arb_mode_id[0]' is connected to a zero width bus. (DCHK-024)
Warning: In design 'dut_processing_control_INST', port 'dut_processing_control_INST/proc_req_in1_arb_mode_id[0]' is connected to a zero width bus. (DCHK-024)
Warning: In design 'dut_processing_control_INST', port 'dut_processing_control_INST/proc_req_in2_arb_mode_id[0]' is connected to a zero width bus. (DCHK-024)
Warning: In design 'dut_processing_control_INST', port 'dut_processing_control_INST/VDD' is not connected to any nets. (DCHK-016)
Warning: In design 'dut_processing_control_INST', port 'dut_processing_control_INST/VSS' is not connected to any nets. (DCHK-016)
Warning: In design 'dut_input_channel_control_0_INST', port 'dut_input_channel_control_0_INST/VDD' is not connected to any nets. (DCHK-016)
Warning: In design 'dut_input_channel_control_0_INST', port 'dut_input_channel_control_0_INST/VSS' is not connected to any nets. (DCHK-016)
Warning: In design 'dut_input_channel_control_1_INST', port 'dut_input_channel_control_1_INST/VDD' is not connected to any nets. (DCHK-016)
Warning: In design 'dut_input_channel_control_1_INST', port 'dut_input_channel_control_1_INST/VSS' is not connected to any nets. (DCHK-016)
Warning: In design 'dut_input_channel_control_2_INST', port 'dut_input_channel_control_2_INST/VDD' is not connected to any nets. (DCHK-016)
Warning: In design 'dut_input_channel_control_2_INST', port 'dut_input_channel_control_2_INST/VSS' is not connected to any nets. (DCHK-016)
Warning: In design 'dut_arbiter_INST', port 'dut_arbiter_INST/in0_arb_mode_id_en[0]' is connected to a zero width bus. (DCHK-024)
Warning: In design 'dut_arbiter_INST', port 'dut_arbiter_INST/in1_arb_mode_id_en[0]' is connected to a zero width bus. (DCHK-024)
Warning: In design 'dut_arbiter_INST', port 'dut_arbiter_INST/in2_arb_mode_id_en[0]' is connected to a zero width bus. (DCHK-024)
Warning: In design 'dut_arbiter_INST', port 'dut_arbiter_INST/VDD' is not connected to any nets. (DCHK-016)
Warning: In design 'dut_arbiter_INST', port 'dut_arbiter_INST/VSS' is not connected to any nets. (DCHK-016)
Warning: In design 'math_wrapper_INST/dut_multiplier_18x18_comb_inst/mult_a0b0', port 'math_wrapper_INST/dut_multiplier_18x18_comb_inst/mult_a0b0/VDD' is not connected to any nets. (DCHK-016)
Warning: In design 'math_wrapper_INST/dut_multiplier_18x18_comb_inst/mult_a0b0', port 'math_wrapper_INST/dut_multiplier_18x18_comb_inst/mult_a0b0/VSS' is not connected to any nets. (DCHK-016)
Warning: In design 'math_wrapper_INST/dut_multiplier_18x18_comb_inst/mult_a1b0', port 'math_wrapper_INST/dut_multiplier_18x18_comb_inst/mult_a1b0/VDD' is not connected to any nets. (DCHK-016)
Warning: In design 'math_wrapper_INST/dut_multiplier_18x18_comb_inst/mult_a1b0', port 'math_wrapper_INST/dut_multiplier_18x18_comb_inst/mult_a1b0/VSS' is not connected to any nets. (DCHK-016)
Warning: In design 'math_wrapper_INST/dut_multiplier_18x18_comb_inst/mult_a0b1', port 'math_wrapper_INST/dut_multiplier_18x18_comb_inst/mult_a0b1/VDD' is not connected to any nets. (DCHK-016)
Warning: In design 'math_wrapper_INST/dut_multiplier_18x18_comb_inst/mult_a0b1', port 'math_wrapper_INST/dut_multiplier_18x18_comb_inst/mult_a0b1/VSS' is not connected to any nets. (DCHK-016)
Warning: In design 'math_wrapper_INST/dut_multiplier_18x18_comb_inst/mult_a1b1', port 'math_wrapper_INST/dut_multiplier_18x18_comb_inst/mult_a1b1/VDD' is not connected to any nets. (DCHK-016)
Warning: In design 'math_wrapper_INST/dut_multiplier_18x18_comb_inst/mult_a1b1', port 'math_wrapper_INST/dut_multiplier_18x18_comb_inst/mult_a1b1/VSS' is not connected to any nets. (DCHK-016)
Warning: In design 'dut_fifo_INST', cell 'dut_fifo_INST/B_0' does not drive any nets. (DCHK-008)
Warning: In design 'dut_fifo_INST', cell 'dut_fifo_INST/B_1' does not drive any nets. (DCHK-008)
Warning: In design 'dut_fifo_INST', port 'dut_fifo_INST/fifo_full' is connected to net 'dut_fifo_INST/N0' which does not have same name. (DCHK-026)
Warning: In design 'dut_fifo_INST', port 'dut_fifo_INST/VDD' is not connected to any nets. (DCHK-016)
Warning: In design 'dut_fifo_INST', port 'dut_fifo_INST/VSS' is not connected to any nets. (DCHK-016)
Warning: In design 'dut_output_control_INST', port 'dut_output_control_INST/fifo_out_data_packed[38]' is connected to net 'dut_output_control_INST/out_data[35]' which does not have same name. (DCHK-026)
Warning: In design 'dut_output_control_INST', port 'dut_output_control_INST/fifo_out_data_packed[37]' is connected to net 'dut_output_control_INST/out_data[34]' which does not have same name. (DCHK-026)
Warning: In design 'dut_output_control_INST', port 'dut_output_control_INST/fifo_out_data_packed[36]' is connected to net 'dut_output_control_INST/out_data[33]' which does not have same name. (DCHK-026)
Warning: In design 'dut_output_control_INST', port 'dut_output_control_INST/fifo_out_data_packed[35]' is connected to net 'dut_output_control_INST/out_data[32]' which does not have same name. (DCHK-026)
Warning: In design 'dut_output_control_INST', port 'dut_output_control_INST/fifo_out_data_packed[34]' is connected to net 'dut_output_control_INST/out_data[31]' which does not have same name. (DCHK-026)
Warning: In design 'dut_output_control_INST', port 'dut_output_control_INST/fifo_out_data_packed[33]' is connected to net 'dut_output_control_INST/out_data[30]' which does not have same name. (DCHK-026)
Warning: In design 'dut_output_control_INST', port 'dut_output_control_INST/fifo_out_data_packed[32]' is connected to net 'dut_output_control_INST/out_data[29]' which does not have same name. (DCHK-026)
Warning: In design 'dut_output_control_INST', port 'dut_output_control_INST/fifo_out_data_packed[31]' is connected to net 'dut_output_control_INST/out_data[28]' which does not have same name. (DCHK-026)
Warning: In design 'dut_output_control_INST', port 'dut_output_control_INST/fifo_out_data_packed[30]' is connected to net 'dut_output_control_INST/out_data[27]' which does not have same name. (DCHK-026)
Warning: In design 'dut_output_control_INST', port 'dut_output_control_INST/fifo_out_data_packed[29]' is connected to net 'dut_output_control_INST/out_data[26]' which does not have same name. (DCHK-026)
Warning: In design 'dut_output_control_INST', port 'dut_output_control_INST/fifo_out_data_packed[28]' is connected to net 'dut_output_control_INST/out_data[25]' which does not have same name. (DCHK-026)
Warning: In design 'dut_output_control_INST', port 'dut_output_control_INST/fifo_out_data_packed[27]' is connected to net 'dut_output_control_INST/out_data[24]' which does not have same name. (DCHK-026)
Warning: In design 'dut_output_control_INST', port 'dut_output_control_INST/fifo_out_data_packed[26]' is connected to net 'dut_output_control_INST/out_data[23]' which does not have same name. (DCHK-026)
Warning: In design 'dut_output_control_INST', port 'dut_output_control_INST/fifo_out_data_packed[25]' is connected to net 'dut_output_control_INST/out_data[22]' which does not have same name. (DCHK-026)
Warning: In design 'dut_output_control_INST', port 'dut_output_control_INST/fifo_out_data_packed[24]' is connected to net 'dut_output_control_INST/out_data[21]' which does not have same name. (DCHK-026)
Warning: In design 'dut_output_control_INST', port 'dut_output_control_INST/fifo_out_data_packed[23]' is connected to net 'dut_output_control_INST/out_data[20]' which does not have same name. (DCHK-026)
Warning: In design 'dut_output_control_INST', port 'dut_output_control_INST/fifo_out_data_packed[22]' is connected to net 'dut_output_control_INST/out_data[19]' which does not have same name. (DCHK-026)
Warning: In design 'dut_output_control_INST', port 'dut_output_control_INST/fifo_out_data_packed[21]' is connected to net 'dut_output_control_INST/out_data[18]' which does not have same name. (DCHK-026)
Warning: In design 'dut_output_control_INST', port 'dut_output_control_INST/fifo_out_data_packed[20]' is connected to net 'dut_output_control_INST/out_data[17]' which does not have same name. (DCHK-026)
Warning: In design 'dut_output_control_INST', port 'dut_output_control_INST/fifo_out_data_packed[19]' is connected to net 'dut_output_control_INST/out_data[16]' which does not have same name. (DCHK-026)
Warning: In design 'dut_output_control_INST', port 'dut_output_control_INST/fifo_out_data_packed[18]' is connected to net 'dut_output_control_INST/out_data[15]' which does not have same name. (DCHK-026)
Warning: In design 'dut_output_control_INST', port 'dut_output_control_INST/fifo_out_data_packed[17]' is connected to net 'dut_output_control_INST/out_data[14]' which does not have same name. (DCHK-026)
Warning: In design 'dut_output_control_INST', port 'dut_output_control_INST/fifo_out_data_packed[16]' is connected to net 'dut_output_control_INST/out_data[13]' which does not have same name. (DCHK-026)
Warning: In design 'dut_output_control_INST', port 'dut_output_control_INST/fifo_out_data_packed[15]' is connected to net 'dut_output_control_INST/out_data[12]' which does not have same name. (DCHK-026)
Warning: In design 'dut_output_control_INST', port 'dut_output_control_INST/fifo_out_data_packed[14]' is connected to net 'dut_output_control_INST/out_data[11]' which does not have same name. (DCHK-026)
Warning: In design 'dut_output_control_INST', port 'dut_output_control_INST/fifo_out_data_packed[13]' is connected to net 'dut_output_control_INST/out_data[10]' which does not have same name. (DCHK-026)
Warning: In design 'dut_output_control_INST', port 'dut_output_control_INST/fifo_out_data_packed[12]' is connected to net 'dut_output_control_INST/out_data[9]' which does not have same name. (DCHK-026)
Warning: In design 'dut_output_control_INST', port 'dut_output_control_INST/fifo_out_data_packed[11]' is connected to net 'dut_output_control_INST/out_data[8]' which does not have same name. (DCHK-026)
Warning: In design 'dut_output_control_INST', port 'dut_output_control_INST/fifo_out_data_packed[10]' is connected to net 'dut_output_control_INST/out_data[7]' which does not have same name. (DCHK-026)
Warning: In design 'dut_output_control_INST', port 'dut_output_control_INST/fifo_out_data_packed[9]' is connected to net 'dut_output_control_INST/out_data[6]' which does not have same name. (DCHK-026)
Warning: In design 'dut_output_control_INST', port 'dut_output_control_INST/fifo_out_data_packed[8]' is connected to net 'dut_output_control_INST/out_data[5]' which does not have same name. (DCHK-026)
Warning: In design 'dut_output_control_INST', port 'dut_output_control_INST/fifo_out_data_packed[7]' is connected to net 'dut_output_control_INST/out_data[4]' which does not have same name. (DCHK-026)
Warning: In design 'dut_output_control_INST', port 'dut_output_control_INST/fifo_out_data_packed[6]' is connected to net 'dut_output_control_INST/out_data[3]' which does not have same name. (DCHK-026)
Warning: In design 'dut_output_control_INST', port 'dut_output_control_INST/fifo_out_data_packed[5]' is connected to net 'dut_output_control_INST/out_data[2]' which does not have same name. (DCHK-026)
Warning: In design 'dut_output_control_INST', port 'dut_output_control_INST/fifo_out_data_packed[4]' is connected to net 'dut_output_control_INST/out_data[1]' which does not have same name. (DCHK-026)
Warning: In design 'dut_output_control_INST', port 'dut_output_control_INST/fifo_out_data_packed[3]' is connected to net 'dut_output_control_INST/out_data[0]' which does not have same name. (DCHK-026)
Warning: In design 'dut_output_control_INST', port 'dut_output_control_INST/fifo_out_data_packed[1]' is connected to net 'dut_output_control_INST/out_data_source_id[1]' which does not have same name. (DCHK-026)
Warning: In design 'dut_output_control_INST', port 'dut_output_control_INST/fifo_out_data_packed[0]' is connected to net 'dut_output_control_INST/out_data_source_id[0]' which does not have same name. (DCHK-026)
Warning: In design 'dut_output_control_INST', port 'dut_output_control_INST/out_data_last' is connected to net 'dut_output_control_INST/fifo_out_data_packed[2]' which does not have same name. (DCHK-026)
Warning: In design 'dut_output_control_INST', port 'dut_output_control_INST/VDD' is not connected to any nets. (DCHK-016)
Warning: In design 'dut_output_control_INST', port 'dut_output_control_INST/VSS' is not connected to any nets. (DCHK-016)
Warning: In design 'dut_fifo_INST', 'hierarchical' net 'dut_fifo_INST/N33' driven by leaf pin 'dut_fifo_INST/B_0/Z' has no loads. (DCHK-009)
Warning: In design 'dut_fifo_INST', 'hierarchical' net 'dut_fifo_INST/N36' driven by leaf pin 'dut_fifo_INST/B_1/Z' has no loads. (DCHK-009)
INFO: End environment monitoring: recipes
INFO: Restored 0 timer status, 3 app options, 0 tcl gvars, 0 env vars
Information: >>>>>>> 6 unique error and warning message tags while observing checkOnly: (MSG-3100)
Information: #prnt #trgr #lmt    Tag  Level     Format (or last printed message)                                (MSG-3036)
Information:     2     2  0 DCHK-009  WARNING   Warning: In design 'dut_fifo_INST', 'hierarchical' net 'dut_... (MSG-3032)
Information:    22    22  0 DCHK-016  WARNING   Warning: In design 'dut_output_control_INST', port 'dut_outp... (MSG-3032)
Information:    40    40  0 DCHK-026  WARNING   Warning: In design 'dut_output_control_INST', port 'dut_outp... (MSG-3032)
Information:     2     2  0 DCHK-008  WARNING   Warning: In design 'dut_fifo_INST', cell 'dut_fifo_INST/B_1'... (MSG-3032)
Information:     9     9  0 DCHK-024  WARNING   Warning: In design 'dut_arbiter_INST', port 'dut_arbiter_INS... (MSG-3032)
Information:    50     9  0 LGL-397   WARNING   Warning: No site rows found in floorplan. (LGL-397)             (MSG-3032)
Information:   125    84  0        6  <------   Total sum of messages (MSG-3038)
Information: >>>>>>> Summary: 84 error&warning MSGs observed during checkOnly (MSG-3103)
Information: Ending   'compile_fusion -check_only' (FLW-8001)
Information: Time: 2025-05-28 13:37:42 / Session:  00:00:18 / Command:  00:00:00 / CPU:  00:00:00 / Memory: 811 MB (FLW-8100)
Information: CPU Load: 15%, Ram Free: 48 GB, Swap Free: 1 GB, Work Disk Free: 308 GB, Tmp Disk Free: 308 GB (MSG-3995)
1
proc compile_and_report {StageName {nofrom "a"}} {
    if {$nofrom eq "-nofrom"} {
        compile_fusion -to $StageName
    } else {
        compile_fusion -from $StageName -to $StageName
    }
    generateReports $StageName
}
compile_and_report initial_map -nofrom
Warning: No site rows found in floorplan. (LGL-397)
INFO: compile_fusion is running in balanced flow mode.
Warning: No site rows found in floorplan. (LGL-397)
Information: Starting 'compile_fusion -to initial_map' (FLW-8000)
Information: Time: 2025-05-28 13:37:42 / Session:  00:00:18 / Command:  00:00:00 / CPU:  00:00:00 / Memory: 811 MB (FLW-8100)
Information: CPU Load: 15%, Ram Free: 48 GB, Swap Free: 1 GB, Work Disk Free: 308 GB, Tmp Disk Free: 308 GB (MSG-3995)
CPU Load: 15%, Ram Free: 48 GB, Swap Free: 1 GB, Work Disk Free: 308 GB, Tmp Disk Free: 308 GB
Warning: No site rows found in floorplan. (LGL-397)
INFO: Start environment monitoring: recipes
INFO: compile_fusion is running in balanced flow mode.
Warning: No site rows found in floorplan. (LGL-397)
Warning: No site rows found in floorplan. (LGL-397)
Warning: No site rows found in floorplan. (LGL-397)
Warning: No site rows found in floorplan. (LGL-397)
Warning: No site rows found in floorplan. (LGL-397)
Warning: No site rows found in floorplan. (LGL-397)
Warning: No site rows found in floorplan. (LGL-397)
Warning: Cannot infer functionality of libcell 'saed14rvt_frame_timing/SAEDRVT14_FDNRBSBQ_V2_0P5' and will be excluded from sequential mapping. (SQM-1061)
Warning: Cannot infer functionality of libcell 'saed14rvt_frame_timing/SAEDRVT14_FDNRBSBQ_V2_1' and will be excluded from sequential mapping. (SQM-1061)
Warning: Cannot infer functionality of libcell 'saed14rvt_frame_timing/SAEDRVT14_FDNRBSBQ_V2_2' and will be excluded from sequential mapping. (SQM-1061)
Warning: Cannot infer functionality of libcell 'saed14rvt_frame_timing/SAEDRVT14_FDNRBSBQ_V2_4' and will be excluded from sequential mapping. (SQM-1061)
Warning: Cannot infer functionality of libcell 'saed14rvt_frame_timing/SAEDRVT14_FDPRBSBQ_V2_0P5' and will be excluded from sequential mapping. (SQM-1061)
Warning: Cannot infer functionality of libcell 'saed14rvt_frame_timing/SAEDRVT14_FDPRBSBQ_V2_1' and will be excluded from sequential mapping. (SQM-1061)
Warning: Cannot infer functionality of libcell 'saed14rvt_frame_timing/SAEDRVT14_FDPRBSBQ_V2_2' and will be excluded from sequential mapping. (SQM-1061)
Warning: Cannot infer functionality of libcell 'saed14rvt_frame_timing/SAEDRVT14_FDPRBSBQ_V2_4' and will be excluded from sequential mapping. (SQM-1061)
Warning: Mapping to scan cell 'SAEDRVT14_FSDPQB_V2LP_1' in library is not possible because cell has 'dont_use' attribute. (SQM-1067)
Warning: Mapping to scan cell 'SAEDRVT14_FSDPQ_V2LP_1' in library is not possible because cell has 'dont_use' attribute. (SQM-1067)
Warning: Mapping to scan cell 'SAEDRVT14_FSDPQ_V2LP_2' in library is not possible because cell has 'dont_use' attribute. (SQM-1067)
Warning: Cannot infer functionality of libcell 'saed14rvt_frame_timing/SAEDRVT14_FSDPRBSBQ_V2LP_0P5' and will be excluded from sequential mapping. (SQM-1061)
Warning: Cannot infer functionality of libcell 'saed14rvt_frame_timing/SAEDRVT14_FSDPRBSBQ_V2LP_2' and will be excluded from sequential mapping. (SQM-1061)
Warning: Skipping check for single_bit_degenerate attribute on the multibit libcell 'saed14rvt_frame_timing/SAEDRVT14_FSDN2_V2_0P5' since it is not a black-box. (SQM-1079)
Information: No single-bit representative was found for multibit lib cell 'saed14rvt_frame_timing/SAEDRVT14_FSDN2_V2_0P5'. (SQM-2004)
Warning: Skipping check for single_bit_degenerate attribute on the multibit libcell 'saed14rvt_frame_timing/SAEDRVT14_FSDN2_V2_1' since it is not a black-box. (SQM-1079)
Information: No single-bit representative was found for multibit lib cell 'saed14rvt_frame_timing/SAEDRVT14_FSDN2_V2_1'. (SQM-2004)
Warning: Skipping check for single_bit_degenerate attribute on the multibit libcell 'saed14rvt_frame_timing/SAEDRVT14_FSDN2_V2_2' since it is not a black-box. (SQM-1079)
Information: No single-bit representative was found for multibit lib cell 'saed14rvt_frame_timing/SAEDRVT14_FSDN2_V2_2'. (SQM-2004)
Warning: Skipping check for single_bit_degenerate attribute on the multibit libcell 'saed14rvt_frame_timing/SAEDRVT14_FSDN2_V2_4' since it is not a black-box. (SQM-1079)
Information: No single-bit representative was found for multibit lib cell 'saed14rvt_frame_timing/SAEDRVT14_FSDN2_V2_4'. (SQM-2004)
Warning: Skipping check for single_bit_degenerate attribute on the multibit libcell 'saed14rvt_frame_timing/SAEDRVT14_FSDN4_V2_0P5' since it is not a black-box. (SQM-1079)
Information: No single-bit representative was found for multibit lib cell 'saed14rvt_frame_timing/SAEDRVT14_FSDN4_V2_0P5'. (SQM-2004)
Information: No single-bit representative was found for multibit lib cell 'saed14rvt_frame_timing/SAEDRVT14_FSDN4_V2_1'. (SQM-2004)
Information: No single-bit representative was found for multibit lib cell 'saed14rvt_frame_timing/SAEDRVT14_FSDN4_V2_2'. (SQM-2004)
Information: No single-bit representative was found for multibit lib cell 'saed14rvt_frame_timing/SAEDRVT14_FSDN4_V2_4'. (SQM-2004)
Warning: Found 8 multibit sequential library cells that have missing/added attributes or have restrictions that prevent them from banking. (SQM-1053)
0 sequential multibit library cells have restrictions (dont_use or dont_touch).
8 sequential multibit library cells have missing sequential mapping relevant attributes
Information: 6 out of 16 SQM-1061 messages were not printed due to limit 10 (after 'compile_fusion' at task1.tcl:54) (MSG-3913)
Information: 10 out of 13 SQM-1067 messages were not printed due to limit 3 (after 'compile_fusion' at task1.tcl:54) (MSG-3913)
Information: 3 out of 8 SQM-1079 messages were not printed due to limit 5 (after 'compile_fusion' at task1.tcl:54) (MSG-3913)
Information: The automatic clock gate timing flow is activated. Clock latencies set on clock gate cells will be automatically adjusted by an estimate for latency. (CGT-4005)
----------------------------------------------------------------------------------------------------------
Information: Starting compile_fusion / initial_map (FLW-8000)
Information: Time: 2025-05-28 13:37:43 / Session:  00:00:19 / Command:  00:00:00 / CPU:  00:00:01 / Memory: 811 MB (FLW-8100)
Information: CPU Load: 15%, Ram Free: 48 GB, Swap Free: 1 GB, Work Disk Free: 308 GB, Tmp Disk Free: 308 GB (MSG-3995)
----------------------------------------------------------------------------------------------------------
Information: Starting compile_fusion / initial_map / Load Design (FLW-8000)
Information: Time: 2025-05-28 13:37:43 / Session:  00:00:19 / Command:  00:00:00 / CPU:  00:00:01 / Memory: 811 MB (FLW-8100)
Information: CPU Load: 15%, Ram Free: 48 GB, Swap Free: 1 GB, Work Disk Free: 308 GB, Tmp Disk Free: 308 GB (MSG-3995)
Warning: Cannot infer functionality of libcell 'saed14rvt_frame_timing/SAEDRVT14_FDNRBSBQ_V2_0P5' and will be excluded from sequential mapping. (SQM-1061)
Warning: Cannot infer functionality of libcell 'saed14rvt_frame_timing/SAEDRVT14_FDNRBSBQ_V2_1' and will be excluded from sequential mapping. (SQM-1061)
Warning: Cannot infer functionality of libcell 'saed14rvt_frame_timing/SAEDRVT14_FDNRBSBQ_V2_2' and will be excluded from sequential mapping. (SQM-1061)
Warning: Cannot infer functionality of libcell 'saed14rvt_frame_timing/SAEDRVT14_FDNRBSBQ_V2_4' and will be excluded from sequential mapping. (SQM-1061)
Warning: Cannot infer functionality of libcell 'saed14rvt_frame_timing/SAEDRVT14_FDPRBSBQ_V2_0P5' and will be excluded from sequential mapping. (SQM-1061)
Warning: Cannot infer functionality of libcell 'saed14rvt_frame_timing/SAEDRVT14_FDPRBSBQ_V2_1' and will be excluded from sequential mapping. (SQM-1061)
Warning: Cannot infer functionality of libcell 'saed14rvt_frame_timing/SAEDRVT14_FDPRBSBQ_V2_2' and will be excluded from sequential mapping. (SQM-1061)
Warning: Cannot infer functionality of libcell 'saed14rvt_frame_timing/SAEDRVT14_FDPRBSBQ_V2_4' and will be excluded from sequential mapping. (SQM-1061)
Warning: Mapping to scan cell 'SAEDRVT14_FSDPQB_V2LP_1' in library is not possible because cell has 'dont_use' attribute. (SQM-1067)
Warning: Mapping to scan cell 'SAEDRVT14_FSDPQ_V2LP_1' in library is not possible because cell has 'dont_use' attribute. (SQM-1067)
Warning: Mapping to scan cell 'SAEDRVT14_FSDPQ_V2LP_2' in library is not possible because cell has 'dont_use' attribute. (SQM-1067)
Warning: Cannot infer functionality of libcell 'saed14rvt_frame_timing/SAEDRVT14_FSDPRBSBQ_V2LP_0P5' and will be excluded from sequential mapping. (SQM-1061)
Warning: Cannot infer functionality of libcell 'saed14rvt_frame_timing/SAEDRVT14_FSDPRBSBQ_V2LP_2' and will be excluded from sequential mapping. (SQM-1061)
Warning: Skipping check for single_bit_degenerate attribute on the multibit libcell 'saed14rvt_frame_timing/SAEDRVT14_FSDN2_V2_0P5' since it is not a black-box. (SQM-1079)
Information: No single-bit representative was found for multibit lib cell 'saed14rvt_frame_timing/SAEDRVT14_FSDN2_V2_0P5'. (SQM-2004)
Warning: Skipping check for single_bit_degenerate attribute on the multibit libcell 'saed14rvt_frame_timing/SAEDRVT14_FSDN2_V2_1' since it is not a black-box. (SQM-1079)
Information: No single-bit representative was found for multibit lib cell 'saed14rvt_frame_timing/SAEDRVT14_FSDN2_V2_1'. (SQM-2004)
Warning: Skipping check for single_bit_degenerate attribute on the multibit libcell 'saed14rvt_frame_timing/SAEDRVT14_FSDN2_V2_2' since it is not a black-box. (SQM-1079)
Information: No single-bit representative was found for multibit lib cell 'saed14rvt_frame_timing/SAEDRVT14_FSDN2_V2_2'. (SQM-2004)
Warning: Skipping check for single_bit_degenerate attribute on the multibit libcell 'saed14rvt_frame_timing/SAEDRVT14_FSDN2_V2_4' since it is not a black-box. (SQM-1079)
Information: No single-bit representative was found for multibit lib cell 'saed14rvt_frame_timing/SAEDRVT14_FSDN2_V2_4'. (SQM-2004)
Warning: Skipping check for single_bit_degenerate attribute on the multibit libcell 'saed14rvt_frame_timing/SAEDRVT14_FSDN4_V2_0P5' since it is not a black-box. (SQM-1079)
Information: No single-bit representative was found for multibit lib cell 'saed14rvt_frame_timing/SAEDRVT14_FSDN4_V2_0P5'. (SQM-2004)
Information: No single-bit representative was found for multibit lib cell 'saed14rvt_frame_timing/SAEDRVT14_FSDN4_V2_1'. (SQM-2004)
Information: No single-bit representative was found for multibit lib cell 'saed14rvt_frame_timing/SAEDRVT14_FSDN4_V2_2'. (SQM-2004)
Information: No single-bit representative was found for multibit lib cell 'saed14rvt_frame_timing/SAEDRVT14_FSDN4_V2_4'. (SQM-2004)
Warning: Found 8 multibit sequential library cells that have missing/added attributes or have restrictions that prevent them from banking. (SQM-1053)
0 sequential multibit library cells have restrictions (dont_use or dont_touch).
8 sequential multibit library cells have missing sequential mapping relevant attributes
Information: 6 out of 16 SQM-1061 messages were not printed due to limit 10 (after 'compile_fusion' at task1.tcl:54) (MSG-3913)
Information: 10 out of 13 SQM-1067 messages were not printed due to limit 3 (after 'compile_fusion' at task1.tcl:54) (MSG-3913)
Information: 3 out of 8 SQM-1079 messages were not printed due to limit 5 (after 'compile_fusion' at task1.tcl:54) (MSG-3913)
Warning: No site rows found in floorplan. (LGL-397)
Warning: No site rows found in floorplan. (LGL-397)
Warning: No site rows found in floorplan. (LGL-397)
Warning: No site rows found in floorplan. (LGL-397)
Warning: No site rows found in floorplan. (LGL-397)
Warning: No site rows found in floorplan. (LGL-397)
Warning: No site rows found in floorplan. (LGL-397)
Warning: No site rows found in floorplan. (LGL-397)
Warning: No site rows found in floorplan. (LGL-397)
Warning: No site rows found in floorplan. (LGL-397)
Warning: No site rows found in floorplan. (LGL-397)
Warning: No site rows found in floorplan. (LGL-397)
Information: Ending   compile_fusion / initial_map / Load Design (FLW-8001)
Information: Time: 2025-05-28 13:37:43 / Session:  00:00:20 / Command:  00:00:01 / CPU:  00:00:01 / Memory: 821 MB (FLW-8100)
Information: CPU Load: 15%, Ram Free: 48 GB, Swap Free: 1 GB, Work Disk Free: 308 GB, Tmp Disk Free: 308 GB (MSG-3995)
Information: Starting compile_fusion / initial_map / MV Cell Insertion (FLW-8000)
Information: Time: 2025-05-28 13:37:43 / Session:  00:00:20 / Command:  00:00:01 / CPU:  00:00:01 / Memory: 821 MB (FLW-8100)
Information: CPU Load: 15%, Ram Free: 48 GB, Swap Free: 1 GB, Work Disk Free: 308 GB, Tmp Disk Free: 308 GB (MSG-3995)
Information: Ending   compile_fusion / initial_map / MV Cell Insertion (FLW-8001)
Information: Time: 2025-05-28 13:37:43 / Session:  00:00:20 / Command:  00:00:01 / CPU:  00:00:01 / Memory: 821 MB (FLW-8100)
Information: CPU Load: 15%, Ram Free: 48 GB, Swap Free: 1 GB, Work Disk Free: 308 GB, Tmp Disk Free: 308 GB (MSG-3995)
Information: Starting compile_fusion / initial_map / Logic Simplification (1) (FLW-8000)
Information: Time: 2025-05-28 13:37:43 / Session:  00:00:20 / Command:  00:00:01 / CPU:  00:00:01 / Memory: 821 MB (FLW-8100)
Information: CPU Load: 15%, Ram Free: 48 GB, Swap Free: 1 GB, Work Disk Free: 308 GB, Tmp Disk Free: 308 GB (MSG-3995)
Information: The hierarchy math_wrapper_INST/dut_multiplier_18x18_comb_inst/mult_a0b0 is ungrouped due to auto_ungrouping. (UNG-1001)
Information: The hierarchy math_wrapper_INST/dut_multiplier_18x18_comb_inst/mult_a0b1 is ungrouped due to auto_ungrouping. (UNG-1001)
Information: The hierarchy math_wrapper_INST/dut_multiplier_18x18_comb_inst/mult_a1b0 is ungrouped due to auto_ungrouping. (UNG-1001)
Information: The hierarchy math_wrapper_INST/dut_multiplier_18x18_comb_inst/mult_a1b1 is ungrouped due to auto_ungrouping. (UNG-1001)
Information: The hierarchy math_wrapper_INST/dut_multiplier_18x18_comb_inst is ungrouped due to auto_ungrouping. (UNG-1001)
Information: The hierarchy dut_output_control_INST is ungrouped due to auto_ungrouping. (UNG-1001)
Information: The hierarchy dut_processing_control_INST is ungrouped due to auto_ungrouping. (UNG-1001)
Information: The hierarchy dut_input_channel_control_0_INST is ungrouped due to auto_ungrouping. (UNG-1001)
Information: The hierarchy dut_input_channel_control_1_INST is ungrouped due to auto_ungrouping. (UNG-1001)
Information: The hierarchy dut_input_channel_control_2_INST is ungrouped due to auto_ungrouping. (UNG-1001)
Information: 13 of 13 hierarchies are ungrouped. Use report_ungroup for a list. (UNG-1003)
Information: Result of compile_fusion / initial_map / Auto Ungroup (FLW-8500)
Information: Ungroup Summary Report (UNG-1007)
-------------------------------------------------------------------
Hierarchy                                                 Count
-------------------------------------------------------------------
Auto ungrouped hierarchies                                  13
-------------------------------------------------------------------
Information: 3 out of 13 UNG-1001 messages were not printed due to limit 10 (after 'compile_fusion' at task1.tcl:54) (MSG-3913)
Information: Starting compile_fusion / initial_map / Logic Simplification (1) / Constant and Equal Register Detection (FLW-8000)
Information: Time: 2025-05-28 13:37:43 / Session:  00:00:20 / Command:  00:00:01 / CPU:  00:00:01 / Memory: 821 MB (FLW-8100)
Information: CPU Load: 15%, Ram Free: 48 GB, Swap Free: 1 GB, Work Disk Free: 308 GB, Tmp Disk Free: 308 GB (MSG-3995)
Warning: No site rows found in floorplan. (LGL-397)
Warning: No site rows found in floorplan. (LGL-397)
Warning: No site rows found in floorplan. (LGL-397)
Warning: No site rows found in floorplan. (LGL-397)
Information: Register Bits Before Sharing = 328, After Sharing = 328, Savings = 0 (SQM-2000)
Information: Ending   compile_fusion / initial_map / Logic Simplification (1) / Constant and Equal Register Detection (FLW-8001)
Information: Time: 2025-05-28 13:37:44 / Session:  00:00:20 / Command:  00:00:02 / CPU:  00:00:02 / Memory: 841 MB (FLW-8100)
Information: CPU Load: 15%, Ram Free: 48 GB, Swap Free: 1 GB, Work Disk Free: 308 GB, Tmp Disk Free: 308 GB (MSG-3995)
Information: Starting compile_fusion / initial_map / Logic Simplification (1) / Register Merging (FLW-8000)
Information: Time: 2025-05-28 13:37:44 / Session:  00:00:20 / Command:  00:00:02 / CPU:  00:00:02 / Memory: 841 MB (FLW-8100)
Information: CPU Load: 15%, Ram Free: 48 GB, Swap Free: 1 GB, Work Disk Free: 308 GB, Tmp Disk Free: 308 GB (MSG-3995)
Information: Ending   compile_fusion / initial_map / Logic Simplification (1) / Register Merging (FLW-8001)
Information: Time: 2025-05-28 13:37:44 / Session:  00:00:20 / Command:  00:00:02 / CPU:  00:00:02 / Memory: 841 MB (FLW-8100)
Information: CPU Load: 15%, Ram Free: 48 GB, Swap Free: 1 GB, Work Disk Free: 308 GB, Tmp Disk Free: 308 GB (MSG-3995)
Information: Starting compile_fusion / initial_map / Logic Simplification (1) / Constant Propagation and Register Optimization (FLW-8000)
Information: Time: 2025-05-28 13:37:44 / Session:  00:00:20 / Command:  00:00:02 / CPU:  00:00:02 / Memory: 841 MB (FLW-8100)
Information: CPU Load: 15%, Ram Free: 48 GB, Swap Free: 1 GB, Work Disk Free: 308 GB, Tmp Disk Free: 308 GB (MSG-3995)
Warning: No site rows found in floorplan. (LGL-397)
Warning: No site rows found in floorplan. (LGL-397)
Warning: No site rows found in floorplan. (LGL-397)
Warning: No site rows found in floorplan. (LGL-397)
Warning: No site rows found in floorplan. (LGL-397)
Warning: No site rows found in floorplan. (LGL-397)
Warning: No site rows found in floorplan. (LGL-397)
Warning: No site rows found in floorplan. (LGL-397)
Information: Ending   compile_fusion / initial_map / Logic Simplification (1) / Constant Propagation and Register Optimization (FLW-8001)
Information: Time: 2025-05-28 13:37:44 / Session:  00:00:21 / Command:  00:00:02 / CPU:  00:00:02 / Memory: 841 MB (FLW-8100)
Information: CPU Load: 15%, Ram Free: 48 GB, Swap Free: 1 GB, Work Disk Free: 308 GB, Tmp Disk Free: 308 GB (MSG-3995)
Information: Ending   compile_fusion / initial_map / Logic Simplification (1) (FLW-8001)
Information: Time: 2025-05-28 13:37:44 / Session:  00:00:21 / Command:  00:00:02 / CPU:  00:00:02 / Memory: 841 MB (FLW-8100)
Information: CPU Load: 15%, Ram Free: 48 GB, Swap Free: 1 GB, Work Disk Free: 308 GB, Tmp Disk Free: 308 GB (MSG-3995)
Warning: No site rows found in floorplan. (LGL-397)
Warning: No site rows found in floorplan. (LGL-397)
Warning: No site rows found in floorplan. (LGL-397)
Warning: No site rows found in floorplan. (LGL-397)
Information: Starting compile_fusion / initial_map / High-Level Optimization and Technology Mapping (1) (FLW-8000)
Information: Time: 2025-05-28 13:37:44 / Session:  00:00:21 / Command:  00:00:02 / CPU:  00:00:03 / Memory: 841 MB (FLW-8100)
Information: CPU Load: 15%, Ram Free: 48 GB, Swap Free: 1 GB, Work Disk Free: 308 GB, Tmp Disk Free: 308 GB (MSG-3995)
Information: Timer using 12 threads
Information: Ending   compile_fusion / initial_map / High-Level Optimization and Technology Mapping (1) (FLW-8001)
Information: Time: 2025-05-28 13:37:47 / Session:  00:00:23 / Command:  00:00:04 / CPU:  00:00:07 / Memory: 861 MB (FLW-8100)
Information: CPU Load: 14%, Ram Free: 48 GB, Swap Free: 1 GB, Work Disk Free: 308 GB, Tmp Disk Free: 308 GB (MSG-3995)
Information: Starting compile_fusion / initial_map / High-Level Optimization and Technology Mapping (2) (FLW-8000)
Information: Time: 2025-05-28 13:37:47 / Session:  00:00:23 / Command:  00:00:04 / CPU:  00:00:07 / Memory: 861 MB (FLW-8100)
Information: CPU Load: 14%, Ram Free: 48 GB, Swap Free: 1 GB, Work Disk Free: 308 GB, Tmp Disk Free: 308 GB (MSG-3995)
Information: Added key list 'DesignWare' to design 'dut_toplevel'. (DWS-0216)
Warning: No cell bus will be mapped to multibit because multibit mapping has been disabled by user. (SQM-1034)
Warning: Shift register Inferencing is enabled so only head flop will be replaced with scan cell and not all registers in shift register chains are scan replaced. (SQM-1074)
Information: Ending   compile_fusion / initial_map / High-Level Optimization and Technology Mapping (2) (FLW-8001)
Information: Time: 2025-05-28 13:37:48 / Session:  00:00:24 / Command:  00:00:06 / CPU:  00:00:08 / Memory: 861 MB (FLW-8100)
Information: CPU Load: 14%, Ram Free: 48 GB, Swap Free: 1 GB, Work Disk Free: 308 GB, Tmp Disk Free: 308 GB (MSG-3995)
Information: Starting compile_fusion / initial_map / DFT Core Wrapper Analysis (FLW-8000)
Information: Time: 2025-05-28 13:37:48 / Session:  00:00:24 / Command:  00:00:06 / CPU:  00:00:08 / Memory: 861 MB (FLW-8100)
Information: CPU Load: 14%, Ram Free: 48 GB, Swap Free: 1 GB, Work Disk Free: 308 GB, Tmp Disk Free: 308 GB (MSG-3995)
Information: Ending   compile_fusion / initial_map / DFT Core Wrapper Analysis (FLW-8001)
Information: Time: 2025-05-28 13:37:48 / Session:  00:00:24 / Command:  00:00:06 / CPU:  00:00:08 / Memory: 861 MB (FLW-8100)
Information: CPU Load: 14%, Ram Free: 48 GB, Swap Free: 1 GB, Work Disk Free: 308 GB, Tmp Disk Free: 308 GB (MSG-3995)
Information: Starting compile_fusion / initial_map / Logic Simplification (2) (FLW-8000)
Information: Time: 2025-05-28 13:37:48 / Session:  00:00:24 / Command:  00:00:06 / CPU:  00:00:09 / Memory: 861 MB (FLW-8100)
Information: CPU Load: 14%, Ram Free: 48 GB, Swap Free: 1 GB, Work Disk Free: 308 GB, Tmp Disk Free: 308 GB (MSG-3995)
Information: Register Bits Before Sharing = 328, After Sharing = 328, Savings = 0 (SQM-2000)
Information: Starting compile_fusion / initial_map / Logic Simplification (2) / Constant Propagation and Register Optimization (FLW-8000)
Information: Time: 2025-05-28 13:37:48 / Session:  00:00:24 / Command:  00:00:06 / CPU:  00:00:09 / Memory: 880 MB (FLW-8100)
Information: CPU Load: 14%, Ram Free: 48 GB, Swap Free: 1 GB, Work Disk Free: 308 GB, Tmp Disk Free: 308 GB (MSG-3995)
Information: Ending   compile_fusion / initial_map / Logic Simplification (2) / Constant Propagation and Register Optimization (FLW-8001)
Information: Time: 2025-05-28 13:37:48 / Session:  00:00:25 / Command:  00:00:06 / CPU:  00:00:09 / Memory: 880 MB (FLW-8100)
Information: CPU Load: 14%, Ram Free: 48 GB, Swap Free: 1 GB, Work Disk Free: 308 GB, Tmp Disk Free: 308 GB (MSG-3995)
Information: Ending   compile_fusion / initial_map / Logic Simplification (2) (FLW-8001)
Information: Time: 2025-05-28 13:37:48 / Session:  00:00:25 / Command:  00:00:06 / CPU:  00:00:09 / Memory: 880 MB (FLW-8100)
Information: CPU Load: 14%, Ram Free: 48 GB, Swap Free: 1 GB, Work Disk Free: 308 GB, Tmp Disk Free: 308 GB (MSG-3995)
Information: Result of compile_fusion / initial_map / Clock Gate Insertion (FLW-8500)
--------------------------------------------------------------------------------
|                             Clock Gating Options                             |
--------------------------------------------------------------------------------
|         Objects         |    Minimum Bitwidth     |      Maximum Fanout      |
--------------------------+-------------------------+---------------------------
|   top-level (design)    |          3 (d)          |      Unlimited (d)       |
--------------------------------------------------------------------------------

Number of Pre-Existing Clock Gates with dont touch attribute: 0
Number of ICG library cells with CTS purpose: 19
--------------------------------------------------------------------------------
                          Tool Gated Register Summary                           
--------------------------------------------------------------------------------
Clock Gating Type                   | Number of   | Register Count | Equivalent 
                                    | Clock Gates |                | Bitwidth   
--------------------------------------------------------------------------------
Regular Clock Gating                |          11 |            319 |        319
--------------------------------------------------------------------------------
--------------------------------------------------------------------------------
                 Regular Clock Gating Ungated Register Summary                  
--------------------------------------------------------------------------------
 Ungated Reason                                            | Count | Bitwidth   
--------------------------------------------------------------------------------
 Enable is Constant One.                                   |     2 |        2
 Partial Minimum Bitwidth Not Met.                         |     7 |        7
--------------------------------------------------------------------------------
Compile-fusion optimization summary            SETUP-COST    R2R-COST HOLD-COST LDRC-COST          AREA     LEAKAGE     INSTCNT            ELAPSE       MEM
Compile-fusion                                          -           -         -         -        906.69           -        1213              0.01       879
Information: Ending   compile_fusion / initial_map (FLW-8001)
Information: Time: 2025-05-28 13:37:48 / Session:  00:00:25 / Command:  00:00:06 / CPU:  00:00:09 / Memory: 880 MB (FLW-8100)
Information: CPU Load: 14%, Ram Free: 48 GB, Swap Free: 1 GB, Work Disk Free: 308 GB, Tmp Disk Free: 308 GB (MSG-3995)

Information: >>>>>>> 7 unique error and warning message tags while observing compile_fusion / initial_map: (MSG-3100)
Information: #prnt #trgr #lmt    Tag  Level     Format (or last printed message)                                (MSG-3036)
Information:    25     8  5 SQM-1079  WARNING   Warning: Skipping check for single_bit_degenerate attribute ... (MSG-3032)
Information:     2     1  1 SQM-1074  WARNING   Warning: Shift register Inferencing is enabled so only head ... (MSG-3032)
Information:     6    13  3 SQM-1067  WARNING   Warning: Mapping to scan cell 'SAEDRVT14_FSDPQ_V2LP_2' in li... (MSG-3032)
Information:    50    16 10 SQM-1061  WARNING   Warning: Cannot infer functionality of libcell 'saed14rvt_fr... (MSG-3032)
Information:     5     1 10 SQM-1053  WARNING   Warning: Found 8 multibit sequential library cells that have... (MSG-3032)
Information:     2     1  1 SQM-1034  WARNING   Warning: No cell bus will be mapped to multibit because mult... (MSG-3032)
Information:    88    28  0 LGL-397   WARNING   Warning: No site rows found in floorplan. (LGL-397)             (MSG-3032)
Information:   178    68  6        7  <------   Total sum of messages (MSG-3038)
Information: >>>>>>> Summary: 68 error&warning MSGs observed during compile_fusion / initial_map (MSG-3103)

Warning: Duplicate callback function set for step 'fc/logic_opto/dwProcessPrecond1' (FLW-2224)
Warning: Duplicate callback function set for step 'fc/logic_opto/dwProcessPrecond1' (FLW-2224)
Warning: No site rows found in floorplan. (LGL-397)
Warning: No site rows found in floorplan. (LGL-397)
Information: Summary of UPF Cells (UPF-532)
*******************************************************************************
                            Summary of UPF Cells                               
*******************************************************************************
This is NOT a UPF design.
UPF is NOT loaded.
UPF is NOT committed.
-------------------------------------------------------------------------------
*******************************************************************************
                        End of Summary of UPF Cells                            
*******************************************************************************
Information: Timer using 12 threads
INFO: End environment monitoring: recipes
INFO: Restored 0 timer status, 3 app options, 0 tcl gvars, 0 env vars
Information: >>>>>>> 8 unique error and warning message tags while observing fusion: (MSG-3100)
Information: #prnt #trgr #lmt    Tag  Level     Format (or last printed message)                                (MSG-3036)
Information:     4     2  0 FLW-2224  WARNING   Warning: Duplicate callback function set for step 'fc/logic_... (MSG-3032)
Information:    25    16  5 SQM-1079  WARNING   Warning: Skipping check for single_bit_degenerate attribute ... (MSG-3032)
Information:     2     1  1 SQM-1074  WARNING   Warning: Shift register Inferencing is enabled so only head ... (MSG-3032)
Information:     6    26  3 SQM-1067  WARNING   Warning: Mapping to scan cell 'SAEDRVT14_FSDPQ_V2LP_2' in li... (MSG-3032)
Information:    50    32 10 SQM-1061  WARNING   Warning: Cannot infer functionality of libcell 'saed14rvt_fr... (MSG-3032)
Information:     5     2 10 SQM-1053  WARNING   Warning: Found 8 multibit sequential library cells that have... (MSG-3032)
Information:     2     1  1 SQM-1034  WARNING   Warning: No cell bus will be mapped to multibit because mult... (MSG-3032)
Information:    90    39  0 LGL-397   WARNING   Warning: No site rows found in floorplan. (LGL-397)             (MSG-3032)
Information:   184   119  6        8  <------   Total sum of messages (MSG-3038)
Information: >>>>>>> Summary: 119 error&warning MSGs observed during fusion (MSG-3103)
Information: Ending   'compile_fusion -to initial_map' (FLW-8001)
Information: Time: 2025-05-28 13:37:49 / Session:  00:00:25 / Command:  00:00:06 / CPU:  00:00:09 / Memory: 880 MB (FLW-8100)
Information: CPU Load: 14%, Ram Free: 48 GB, Swap Free: 1 GB, Work Disk Free: 308 GB, Tmp Disk Free: 308 GB (MSG-3995)
Generating reports for stage: initial_map
[Tim-Power] Info: Cleared Leakage libCell cache.
Generated reports for stage: initial_map
compile_and_report logic_opto
Warning: No site rows found in floorplan. (LGL-397)
Information: 1443 out of 1453 POW-046 messages were not printed due to limit 10 (after 'compile_fusion' at task1.tcl:55) (MSG-3913)
INFO: compile_fusion is running in balanced flow mode.
Warning: No site rows found in floorplan. (LGL-397)
Information: Starting 'compile_fusion -from logic_opto -to logic_opto' (FLW-8000)
Information: Time: 2025-05-28 13:37:50 / Session:  00:00:26 / Command:  00:00:00 / CPU:  00:00:00 / Memory: 890 MB (FLW-8100)
Information: CPU Load: 14%, Ram Free: 48 GB, Swap Free: 1 GB, Work Disk Free: 308 GB, Tmp Disk Free: 308 GB (MSG-3995)
CPU Load: 14%, Ram Free: 48 GB, Swap Free: 1 GB, Work Disk Free: 308 GB, Tmp Disk Free: 308 GB
Warning: No site rows found in floorplan. (LGL-397)
INFO: Start environment monitoring: recipes
INFO: compile_fusion is running in balanced flow mode.
Warning: No site rows found in floorplan. (LGL-397)
Warning: No site rows found in floorplan. (LGL-397)
Warning: No site rows found in floorplan. (LGL-397)
Warning: No site rows found in floorplan. (LGL-397)
Warning: No site rows found in floorplan. (LGL-397)
Warning: No site rows found in floorplan. (LGL-397)
Warning: No site rows found in floorplan. (LGL-397)
Warning: Cannot infer functionality of libcell 'saed14rvt_frame_timing/SAEDRVT14_FDNRBSBQ_V2_0P5' and will be excluded from sequential mapping. (SQM-1061)
Warning: Cannot infer functionality of libcell 'saed14rvt_frame_timing/SAEDRVT14_FDNRBSBQ_V2_1' and will be excluded from sequential mapping. (SQM-1061)
Warning: Cannot infer functionality of libcell 'saed14rvt_frame_timing/SAEDRVT14_FDNRBSBQ_V2_2' and will be excluded from sequential mapping. (SQM-1061)
Warning: Cannot infer functionality of libcell 'saed14rvt_frame_timing/SAEDRVT14_FDNRBSBQ_V2_4' and will be excluded from sequential mapping. (SQM-1061)
Warning: Cannot infer functionality of libcell 'saed14rvt_frame_timing/SAEDRVT14_FDPRBSBQ_V2_0P5' and will be excluded from sequential mapping. (SQM-1061)
Warning: Cannot infer functionality of libcell 'saed14rvt_frame_timing/SAEDRVT14_FDPRBSBQ_V2_1' and will be excluded from sequential mapping. (SQM-1061)
Warning: Cannot infer functionality of libcell 'saed14rvt_frame_timing/SAEDRVT14_FDPRBSBQ_V2_2' and will be excluded from sequential mapping. (SQM-1061)
Warning: Cannot infer functionality of libcell 'saed14rvt_frame_timing/SAEDRVT14_FDPRBSBQ_V2_4' and will be excluded from sequential mapping. (SQM-1061)
Warning: Mapping to scan cell 'SAEDRVT14_FSDPQB_V2LP_1' in library is not possible because cell has 'dont_use' attribute. (SQM-1067)
Warning: Mapping to scan cell 'SAEDRVT14_FSDPQ_V2LP_1' in library is not possible because cell has 'dont_use' attribute. (SQM-1067)
Warning: Mapping to scan cell 'SAEDRVT14_FSDPQ_V2LP_2' in library is not possible because cell has 'dont_use' attribute. (SQM-1067)
Warning: Cannot infer functionality of libcell 'saed14rvt_frame_timing/SAEDRVT14_FSDPRBSBQ_V2LP_0P5' and will be excluded from sequential mapping. (SQM-1061)
Warning: Cannot infer functionality of libcell 'saed14rvt_frame_timing/SAEDRVT14_FSDPRBSBQ_V2LP_2' and will be excluded from sequential mapping. (SQM-1061)
Warning: Skipping check for single_bit_degenerate attribute on the multibit libcell 'saed14rvt_frame_timing/SAEDRVT14_FSDN2_V2_0P5' since it is not a black-box. (SQM-1079)
Information: No single-bit representative was found for multibit lib cell 'saed14rvt_frame_timing/SAEDRVT14_FSDN2_V2_0P5'. (SQM-2004)
Warning: Skipping check for single_bit_degenerate attribute on the multibit libcell 'saed14rvt_frame_timing/SAEDRVT14_FSDN2_V2_1' since it is not a black-box. (SQM-1079)
Information: No single-bit representative was found for multibit lib cell 'saed14rvt_frame_timing/SAEDRVT14_FSDN2_V2_1'. (SQM-2004)
Warning: Skipping check for single_bit_degenerate attribute on the multibit libcell 'saed14rvt_frame_timing/SAEDRVT14_FSDN2_V2_2' since it is not a black-box. (SQM-1079)
Information: No single-bit representative was found for multibit lib cell 'saed14rvt_frame_timing/SAEDRVT14_FSDN2_V2_2'. (SQM-2004)
Warning: Skipping check for single_bit_degenerate attribute on the multibit libcell 'saed14rvt_frame_timing/SAEDRVT14_FSDN2_V2_4' since it is not a black-box. (SQM-1079)
Information: No single-bit representative was found for multibit lib cell 'saed14rvt_frame_timing/SAEDRVT14_FSDN2_V2_4'. (SQM-2004)
Warning: Skipping check for single_bit_degenerate attribute on the multibit libcell 'saed14rvt_frame_timing/SAEDRVT14_FSDN4_V2_0P5' since it is not a black-box. (SQM-1079)
Information: No single-bit representative was found for multibit lib cell 'saed14rvt_frame_timing/SAEDRVT14_FSDN4_V2_0P5'. (SQM-2004)
Information: No single-bit representative was found for multibit lib cell 'saed14rvt_frame_timing/SAEDRVT14_FSDN4_V2_1'. (SQM-2004)
Information: No single-bit representative was found for multibit lib cell 'saed14rvt_frame_timing/SAEDRVT14_FSDN4_V2_2'. (SQM-2004)
Information: No single-bit representative was found for multibit lib cell 'saed14rvt_frame_timing/SAEDRVT14_FSDN4_V2_4'. (SQM-2004)
Warning: Found 8 multibit sequential library cells that have missing/added attributes or have restrictions that prevent them from banking. (SQM-1053)
0 sequential multibit library cells have restrictions (dont_use or dont_touch).
8 sequential multibit library cells have missing sequential mapping relevant attributes
Information: 6 out of 16 SQM-1061 messages were not printed due to limit 10 (after 'compile_fusion' at task1.tcl:55) (MSG-3913)
Information: 10 out of 13 SQM-1067 messages were not printed due to limit 3 (after 'compile_fusion' at task1.tcl:55) (MSG-3913)
Information: 3 out of 8 SQM-1079 messages were not printed due to limit 5 (after 'compile_fusion' at task1.tcl:55) (MSG-3913)
Information: The automatic clock gate timing flow is activated. Clock latencies set on clock gate cells will be automatically adjusted by an estimate for latency. (CGT-4005)
Warning: No site rows found in floorplan. (LGL-397)
Warning: No site rows found in floorplan. (LGL-397)
Warning: No site rows found in floorplan. (LGL-397)
Warning: No site rows found in floorplan. (LGL-397)
----------------------------------------------------------------------------------------------------------
Information: Starting compile_fusion / logic_opto (FLW-8000)
Information: Time: 2025-05-28 13:37:50 / Session:  00:00:27 / Command:  00:00:00 / CPU:  00:00:00 / Memory: 890 MB (FLW-8100)
Information: CPU Load: 14%, Ram Free: 48 GB, Swap Free: 1 GB, Work Disk Free: 308 GB, Tmp Disk Free: 308 GB (MSG-3995)
----------------------------------------------------------------------------------------------------------
Information: Starting compile_fusion / logic_opto / Load Design (FLW-8000)
Information: Time: 2025-05-28 13:37:50 / Session:  00:00:27 / Command:  00:00:00 / CPU:  00:00:00 / Memory: 890 MB (FLW-8100)
Information: CPU Load: 14%, Ram Free: 48 GB, Swap Free: 1 GB, Work Disk Free: 308 GB, Tmp Disk Free: 308 GB (MSG-3995)
Information: Initializing core and die (AFP-1001)
Information: Initializing rows (AFP-1003)
Information: Initializing tracks (AFP-1004)
Information: Generated core area = 1273.125610 (AFP-2021)
Information: Generated core boundary = { {0 0} {0 35.4} {35.964 35.4} {35.964 0} } (AFP-2022)
Information: Change threshold for extractor is reset. (FLW-1300)
Information: The stitching and editing of coupling caps is turned OFF for design 'dut_toplevel.dlib:dut_toplevel/compile_flow.design'. (TIM-125)
Information: Ending   compile_fusion / logic_opto / Load Design (FLW-8001)
Information: Time: 2025-05-28 13:37:51 / Session:  00:00:27 / Command:  00:00:01 / CPU:  00:00:01 / Memory: 890 MB (FLW-8100)
Information: CPU Load: 14%, Ram Free: 48 GB, Swap Free: 1 GB, Work Disk Free: 308 GB, Tmp Disk Free: 308 GB (MSG-3995)
Information: Starting compile_fusion / logic_opto / Clock Gate Re-structuring (FLW-8000)
Information: Time: 2025-05-28 13:37:51 / Session:  00:00:27 / Command:  00:00:01 / CPU:  00:00:01 / Memory: 890 MB (FLW-8100)
Information: CPU Load: 14%, Ram Free: 48 GB, Swap Free: 1 GB, Work Disk Free: 308 GB, Tmp Disk Free: 308 GB (MSG-3995)
Information: Result of compile_fusion / logic_opto / Clock Gate Re-structuring (FLW-8500)
Number of Pre-Existing Clock Gates with dont touch attribute: 0
Number of ICG library cells with CTS purpose: 19
--------------------------------------------------------------------------------
                          Tool Gated Register Summary                           
--------------------------------------------------------------------------------
Clock Gating Type                   | Number of   | Register Count | Equivalent 
                                    | Clock Gates |                | Bitwidth   
--------------------------------------------------------------------------------
Regular Clock Gating                |          11 |            319 |        319
--------------------------------------------------------------------------------
--------------------------------------------------------------------------------
                 Regular Clock Gating Ungated Register Summary                  
--------------------------------------------------------------------------------
 Ungated Reason                                            | Count | Bitwidth   
--------------------------------------------------------------------------------
 Enable is Constant One.                                   |     2 |        2
 Partial Minimum Bitwidth Not Met.                         |     7 |        7
--------------------------------------------------------------------------------
Information: Ending   compile_fusion / logic_opto / Clock Gate Re-structuring (FLW-8001)
Information: Time: 2025-05-28 13:37:51 / Session:  00:00:27 / Command:  00:00:01 / CPU:  00:00:01 / Memory: 890 MB (FLW-8100)
Information: CPU Load: 14%, Ram Free: 48 GB, Swap Free: 1 GB, Work Disk Free: 308 GB, Tmp Disk Free: 308 GB (MSG-3995)
Warning: Duplicate callback function set for step 'fc/logic_opto/dwProcessPrecond1' (FLW-2224)
Warning: Duplicate callback function set for step 'fc/logic_opto/dwProcessPrecond1' (FLW-2224)
Information: Starting compile_fusion / logic_opto / Optimization (1) (FLW-8000)
Information: Time: 2025-05-28 13:37:51 / Session:  00:00:27 / Command:  00:00:01 / CPU:  00:00:01 / Memory: 890 MB (FLW-8100)
Information: CPU Load: 14%, Ram Free: 48 GB, Swap Free: 1 GB, Work Disk Free: 308 GB, Tmp Disk Free: 308 GB (MSG-3995)
Information: Starting compile_fusion / logic_opto / Optimization (1) / Logic Simplification and Register Optimization (FLW-8000)
Information: Time: 2025-05-28 13:37:53 / Session:  00:00:30 / Command:  00:00:03 / CPU:  00:00:04 / Memory: 905 MB (FLW-8100)
Information: CPU Load: 14%, Ram Free: 48 GB, Swap Free: 1 GB, Work Disk Free: 308 GB, Tmp Disk Free: 308 GB (MSG-3995)
Warning: Cannot infer functionality of libcell 'saed14rvt_frame_timing/SAEDRVT14_FDNRBSBQ_V2_0P5' and will be excluded from sequential mapping. (SQM-1061)
Warning: Cannot infer functionality of libcell 'saed14rvt_frame_timing/SAEDRVT14_FDNRBSBQ_V2_1' and will be excluded from sequential mapping. (SQM-1061)
Warning: Cannot infer functionality of libcell 'saed14rvt_frame_timing/SAEDRVT14_FDNRBSBQ_V2_2' and will be excluded from sequential mapping. (SQM-1061)
Warning: Cannot infer functionality of libcell 'saed14rvt_frame_timing/SAEDRVT14_FDNRBSBQ_V2_4' and will be excluded from sequential mapping. (SQM-1061)
Warning: Cannot infer functionality of libcell 'saed14rvt_frame_timing/SAEDRVT14_FDPRBSBQ_V2_0P5' and will be excluded from sequential mapping. (SQM-1061)
Warning: Cannot infer functionality of libcell 'saed14rvt_frame_timing/SAEDRVT14_FDPRBSBQ_V2_1' and will be excluded from sequential mapping. (SQM-1061)
Warning: Cannot infer functionality of libcell 'saed14rvt_frame_timing/SAEDRVT14_FDPRBSBQ_V2_2' and will be excluded from sequential mapping. (SQM-1061)
Warning: Cannot infer functionality of libcell 'saed14rvt_frame_timing/SAEDRVT14_FDPRBSBQ_V2_4' and will be excluded from sequential mapping. (SQM-1061)
Warning: Mapping to scan cell 'SAEDRVT14_FSDPQB_V2LP_1' in library is not possible because cell has 'dont_use' attribute. (SQM-1067)
Warning: Mapping to scan cell 'SAEDRVT14_FSDPQ_V2LP_1' in library is not possible because cell has 'dont_use' attribute. (SQM-1067)
Warning: Mapping to scan cell 'SAEDRVT14_FSDPQ_V2LP_2' in library is not possible because cell has 'dont_use' attribute. (SQM-1067)
Warning: Cannot infer functionality of libcell 'saed14rvt_frame_timing/SAEDRVT14_FSDPRBSBQ_V2LP_0P5' and will be excluded from sequential mapping. (SQM-1061)
Warning: Cannot infer functionality of libcell 'saed14rvt_frame_timing/SAEDRVT14_FSDPRBSBQ_V2LP_2' and will be excluded from sequential mapping. (SQM-1061)
Warning: Skipping check for single_bit_degenerate attribute on the multibit libcell 'saed14rvt_frame_timing/SAEDRVT14_FSDN2_V2_0P5' since it is not a black-box. (SQM-1079)
Information: No single-bit representative was found for multibit lib cell 'saed14rvt_frame_timing/SAEDRVT14_FSDN2_V2_0P5'. (SQM-2004)
Warning: Skipping check for single_bit_degenerate attribute on the multibit libcell 'saed14rvt_frame_timing/SAEDRVT14_FSDN2_V2_1' since it is not a black-box. (SQM-1079)
Information: No single-bit representative was found for multibit lib cell 'saed14rvt_frame_timing/SAEDRVT14_FSDN2_V2_1'. (SQM-2004)
Warning: Skipping check for single_bit_degenerate attribute on the multibit libcell 'saed14rvt_frame_timing/SAEDRVT14_FSDN2_V2_2' since it is not a black-box. (SQM-1079)
Information: No single-bit representative was found for multibit lib cell 'saed14rvt_frame_timing/SAEDRVT14_FSDN2_V2_2'. (SQM-2004)
Warning: Skipping check for single_bit_degenerate attribute on the multibit libcell 'saed14rvt_frame_timing/SAEDRVT14_FSDN2_V2_4' since it is not a black-box. (SQM-1079)
Information: No single-bit representative was found for multibit lib cell 'saed14rvt_frame_timing/SAEDRVT14_FSDN2_V2_4'. (SQM-2004)
Warning: Skipping check for single_bit_degenerate attribute on the multibit libcell 'saed14rvt_frame_timing/SAEDRVT14_FSDN4_V2_0P5' since it is not a black-box. (SQM-1079)
Information: No single-bit representative was found for multibit lib cell 'saed14rvt_frame_timing/SAEDRVT14_FSDN4_V2_0P5'. (SQM-2004)
Information: No single-bit representative was found for multibit lib cell 'saed14rvt_frame_timing/SAEDRVT14_FSDN4_V2_1'. (SQM-2004)
Information: No single-bit representative was found for multibit lib cell 'saed14rvt_frame_timing/SAEDRVT14_FSDN4_V2_2'. (SQM-2004)
Information: No single-bit representative was found for multibit lib cell 'saed14rvt_frame_timing/SAEDRVT14_FSDN4_V2_4'. (SQM-2004)
Warning: Found 8 multibit sequential library cells that have missing/added attributes or have restrictions that prevent them from banking. (SQM-1053)
Information: 6 out of 16 SQM-1061 messages were not printed due to limit 10 (after 'compile_fusion' at task1.tcl:55) (MSG-3913)
Information: 10 out of 13 SQM-1067 messages were not printed due to limit 3 (after 'compile_fusion' at task1.tcl:55) (MSG-3913)
Information: 3 out of 8 SQM-1079 messages were not printed due to limit 5 (after 'compile_fusion' at task1.tcl:55) (MSG-3913)
Information: Ending   compile_fusion / logic_opto / Optimization (1) / Logic Simplification and Register Optimization (FLW-8001)
Information: Time: 2025-05-28 13:37:53 / Session:  00:00:30 / Command:  00:00:03 / CPU:  00:00:04 / Memory: 905 MB (FLW-8100)
Information: CPU Load: 14%, Ram Free: 48 GB, Swap Free: 1 GB, Work Disk Free: 308 GB, Tmp Disk Free: 308 GB (MSG-3995)
Warning: No clock routing rules were specified. Use set_clock_routing_rules to specify routing rules for accurate clock latency estimation. (OPT-902)
Warning: No clock routing rules were specified. Use set_clock_routing_rules to specify routing rules for accurate clock latency estimation. (OPT-902)
Information: Estimating clock gate latencies for scenario 'Normal_Typical'. (OPT-909)
Warning: Cannot infer functionality of libcell 'saed14rvt_frame_timing/SAEDRVT14_FDNRBSBQ_V2_0P5' and will be excluded from sequential mapping. (SQM-1061)
Warning: Cannot infer functionality of libcell 'saed14rvt_frame_timing/SAEDRVT14_FDNRBSBQ_V2_1' and will be excluded from sequential mapping. (SQM-1061)
Warning: Cannot infer functionality of libcell 'saed14rvt_frame_timing/SAEDRVT14_FDNRBSBQ_V2_2' and will be excluded from sequential mapping. (SQM-1061)
Warning: Cannot infer functionality of libcell 'saed14rvt_frame_timing/SAEDRVT14_FDNRBSBQ_V2_4' and will be excluded from sequential mapping. (SQM-1061)
Warning: Cannot infer functionality of libcell 'saed14rvt_frame_timing/SAEDRVT14_FDPRBSBQ_V2_0P5' and will be excluded from sequential mapping. (SQM-1061)
Warning: Cannot infer functionality of libcell 'saed14rvt_frame_timing/SAEDRVT14_FDPRBSBQ_V2_1' and will be excluded from sequential mapping. (SQM-1061)
Warning: Cannot infer functionality of libcell 'saed14rvt_frame_timing/SAEDRVT14_FDPRBSBQ_V2_2' and will be excluded from sequential mapping. (SQM-1061)
Warning: Cannot infer functionality of libcell 'saed14rvt_frame_timing/SAEDRVT14_FDPRBSBQ_V2_4' and will be excluded from sequential mapping. (SQM-1061)
Warning: Mapping to scan cell 'SAEDRVT14_FSDPQB_V2LP_1' in library is not possible because cell has 'dont_use' attribute. (SQM-1067)
Warning: Mapping to scan cell 'SAEDRVT14_FSDPQ_V2LP_1' in library is not possible because cell has 'dont_use' attribute. (SQM-1067)
Warning: Mapping to scan cell 'SAEDRVT14_FSDPQ_V2LP_2' in library is not possible because cell has 'dont_use' attribute. (SQM-1067)
Warning: Cannot infer functionality of libcell 'saed14rvt_frame_timing/SAEDRVT14_FSDPRBSBQ_V2LP_0P5' and will be excluded from sequential mapping. (SQM-1061)
Warning: Cannot infer functionality of libcell 'saed14rvt_frame_timing/SAEDRVT14_FSDPRBSBQ_V2LP_2' and will be excluded from sequential mapping. (SQM-1061)
Warning: Skipping check for single_bit_degenerate attribute on the multibit libcell 'saed14rvt_frame_timing/SAEDRVT14_FSDN2_V2_0P5' since it is not a black-box. (SQM-1079)
Information: No single-bit representative was found for multibit lib cell 'saed14rvt_frame_timing/SAEDRVT14_FSDN2_V2_0P5'. (SQM-2004)
Warning: Skipping check for single_bit_degenerate attribute on the multibit libcell 'saed14rvt_frame_timing/SAEDRVT14_FSDN2_V2_1' since it is not a black-box. (SQM-1079)
Information: No single-bit representative was found for multibit lib cell 'saed14rvt_frame_timing/SAEDRVT14_FSDN2_V2_1'. (SQM-2004)
Warning: Skipping check for single_bit_degenerate attribute on the multibit libcell 'saed14rvt_frame_timing/SAEDRVT14_FSDN2_V2_2' since it is not a black-box. (SQM-1079)
Information: No single-bit representative was found for multibit lib cell 'saed14rvt_frame_timing/SAEDRVT14_FSDN2_V2_2'. (SQM-2004)
Warning: Skipping check for single_bit_degenerate attribute on the multibit libcell 'saed14rvt_frame_timing/SAEDRVT14_FSDN2_V2_4' since it is not a black-box. (SQM-1079)
Information: No single-bit representative was found for multibit lib cell 'saed14rvt_frame_timing/SAEDRVT14_FSDN2_V2_4'. (SQM-2004)
Warning: Skipping check for single_bit_degenerate attribute on the multibit libcell 'saed14rvt_frame_timing/SAEDRVT14_FSDN4_V2_0P5' since it is not a black-box. (SQM-1079)
Information: No single-bit representative was found for multibit lib cell 'saed14rvt_frame_timing/SAEDRVT14_FSDN4_V2_0P5'. (SQM-2004)
Information: No single-bit representative was found for multibit lib cell 'saed14rvt_frame_timing/SAEDRVT14_FSDN4_V2_1'. (SQM-2004)
Information: No single-bit representative was found for multibit lib cell 'saed14rvt_frame_timing/SAEDRVT14_FSDN4_V2_2'. (SQM-2004)
Information: No single-bit representative was found for multibit lib cell 'saed14rvt_frame_timing/SAEDRVT14_FSDN4_V2_4'. (SQM-2004)
Warning: Found 8 multibit sequential library cells that have missing/added attributes or have restrictions that prevent them from banking. (SQM-1053)
Information: The stitching and editing of coupling caps is turned OFF for design 'dut_toplevel.dlib:dut_toplevel/compile_flow.design'. (TIM-125)
Information: 6 out of 16 SQM-1061 messages were not printed due to limit 10 (after 'compile_fusion' at task1.tcl:55) (MSG-3913)
Information: 10 out of 13 SQM-1067 messages were not printed due to limit 3 (after 'compile_fusion' at task1.tcl:55) (MSG-3913)
Information: 3 out of 8 SQM-1079 messages were not printed due to limit 5 (after 'compile_fusion' at task1.tcl:55) (MSG-3913)
Information: Starting compile_fusion / logic_opto / Optimization (1) / Timing Optimization and DesignWare Reselection (FLW-8000)
Information: Time: 2025-05-28 13:37:55 / Session:  00:00:31 / Command:  00:00:05 / CPU:  00:00:07 / Memory: 913 MB (FLW-8100)
Information: CPU Load: 14%, Ram Free: 48 GB, Swap Free: 1 GB, Work Disk Free: 308 GB, Tmp Disk Free: 308 GB (MSG-3995)
Warning: Cannot infer functionality of libcell 'saed14rvt_frame_timing/SAEDRVT14_FDNRBSBQ_V2_0P5' and will be excluded from sequential mapping. (SQM-1061)
Warning: Cannot infer functionality of libcell 'saed14rvt_frame_timing/SAEDRVT14_FDNRBSBQ_V2_1' and will be excluded from sequential mapping. (SQM-1061)
Warning: Cannot infer functionality of libcell 'saed14rvt_frame_timing/SAEDRVT14_FDNRBSBQ_V2_2' and will be excluded from sequential mapping. (SQM-1061)
Warning: Cannot infer functionality of libcell 'saed14rvt_frame_timing/SAEDRVT14_FDNRBSBQ_V2_4' and will be excluded from sequential mapping. (SQM-1061)
Warning: Cannot infer functionality of libcell 'saed14rvt_frame_timing/SAEDRVT14_FDPRBSBQ_V2_0P5' and will be excluded from sequential mapping. (SQM-1061)
Warning: Cannot infer functionality of libcell 'saed14rvt_frame_timing/SAEDRVT14_FDPRBSBQ_V2_1' and will be excluded from sequential mapping. (SQM-1061)
Warning: Cannot infer functionality of libcell 'saed14rvt_frame_timing/SAEDRVT14_FDPRBSBQ_V2_2' and will be excluded from sequential mapping. (SQM-1061)
Warning: Cannot infer functionality of libcell 'saed14rvt_frame_timing/SAEDRVT14_FDPRBSBQ_V2_4' and will be excluded from sequential mapping. (SQM-1061)
Warning: Mapping to scan cell 'SAEDRVT14_FSDPQB_V2LP_1' in library is not possible because cell has 'dont_use' attribute. (SQM-1067)
Warning: Mapping to scan cell 'SAEDRVT14_FSDPQ_V2LP_1' in library is not possible because cell has 'dont_use' attribute. (SQM-1067)
Warning: Mapping to scan cell 'SAEDRVT14_FSDPQ_V2LP_2' in library is not possible because cell has 'dont_use' attribute. (SQM-1067)
Warning: Cannot infer functionality of libcell 'saed14rvt_frame_timing/SAEDRVT14_FSDPRBSBQ_V2LP_0P5' and will be excluded from sequential mapping. (SQM-1061)
Warning: Cannot infer functionality of libcell 'saed14rvt_frame_timing/SAEDRVT14_FSDPRBSBQ_V2LP_2' and will be excluded from sequential mapping. (SQM-1061)
Warning: Skipping check for single_bit_degenerate attribute on the multibit libcell 'saed14rvt_frame_timing/SAEDRVT14_FSDN2_V2_0P5' since it is not a black-box. (SQM-1079)
Information: No single-bit representative was found for multibit lib cell 'saed14rvt_frame_timing/SAEDRVT14_FSDN2_V2_0P5'. (SQM-2004)
Warning: Skipping check for single_bit_degenerate attribute on the multibit libcell 'saed14rvt_frame_timing/SAEDRVT14_FSDN2_V2_1' since it is not a black-box. (SQM-1079)
Information: No single-bit representative was found for multibit lib cell 'saed14rvt_frame_timing/SAEDRVT14_FSDN2_V2_1'. (SQM-2004)
Warning: Skipping check for single_bit_degenerate attribute on the multibit libcell 'saed14rvt_frame_timing/SAEDRVT14_FSDN2_V2_2' since it is not a black-box. (SQM-1079)
Information: No single-bit representative was found for multibit lib cell 'saed14rvt_frame_timing/SAEDRVT14_FSDN2_V2_2'. (SQM-2004)
Warning: Skipping check for single_bit_degenerate attribute on the multibit libcell 'saed14rvt_frame_timing/SAEDRVT14_FSDN2_V2_4' since it is not a black-box. (SQM-1079)
Information: No single-bit representative was found for multibit lib cell 'saed14rvt_frame_timing/SAEDRVT14_FSDN2_V2_4'. (SQM-2004)
Warning: Skipping check for single_bit_degenerate attribute on the multibit libcell 'saed14rvt_frame_timing/SAEDRVT14_FSDN4_V2_0P5' since it is not a black-box. (SQM-1079)
Information: No single-bit representative was found for multibit lib cell 'saed14rvt_frame_timing/SAEDRVT14_FSDN4_V2_0P5'. (SQM-2004)
Information: No single-bit representative was found for multibit lib cell 'saed14rvt_frame_timing/SAEDRVT14_FSDN4_V2_1'. (SQM-2004)
Information: No single-bit representative was found for multibit lib cell 'saed14rvt_frame_timing/SAEDRVT14_FSDN4_V2_2'. (SQM-2004)
Information: No single-bit representative was found for multibit lib cell 'saed14rvt_frame_timing/SAEDRVT14_FSDN4_V2_4'. (SQM-2004)
Warning: Found 8 multibit sequential library cells that have missing/added attributes or have restrictions that prevent them from banking. (SQM-1053)
Information: No single-bit representative was found for multibit lib cell 'saed14rvt_frame_timing/SAEDRVT14_FSDN2_V2_0P5'. (SQM-2004)
Information: No single-bit representative was found for multibit lib cell 'saed14rvt_frame_timing/SAEDRVT14_FSDN2_V2_1'. (SQM-2004)
Warning: Found 8 multibit sequential library cells that have missing/added attributes or have restrictions that prevent them from banking. (SQM-1053)
Warning: Found 8 multibit sequential library cells that have missing/added attributes or have restrictions that prevent them from banking. (SQM-1053)
Warning: Found 8 multibit sequential library cells that have missing/added attributes or have restrictions that prevent them from banking. (SQM-1053)
Warning: Found 8 multibit sequential library cells that have missing/added attributes or have restrictions that prevent them from banking. (SQM-1053)
Warning: Found 8 multibit sequential library cells that have missing/added attributes or have restrictions that prevent them from banking. (SQM-1053)
Warning: Found 8 multibit sequential library cells that have missing/added attributes or have restrictions that prevent them from banking. (SQM-1053)
Warning: Found 8 multibit sequential library cells that have missing/added attributes or have restrictions that prevent them from banking. (SQM-1053)
Warning: Found 8 multibit sequential library cells that have missing/added attributes or have restrictions that prevent them from banking. (SQM-1053)
Warning: Found 8 multibit sequential library cells that have missing/added attributes or have restrictions that prevent them from banking. (SQM-1053)
Information: 2 out of 12 SQM-1053 messages were not printed due to limit 10 (after 'compile_fusion' at task1.tcl:55) (MSG-3913)
Information: 182 out of 192 SQM-1061 messages were not printed due to limit 10 (after 'compile_fusion' at task1.tcl:55) (MSG-3913)
Information: 153 out of 156 SQM-1067 messages were not printed due to limit 3 (after 'compile_fusion' at task1.tcl:55) (MSG-3913)
Information: 91 out of 96 SQM-1079 messages were not printed due to limit 5 (after 'compile_fusion' at task1.tcl:55) (MSG-3913)
Information: 86 out of 96 SQM-2004 messages were not printed due to limit 10 (after 'compile_fusion' at task1.tcl:55) (MSG-3913)
Information: Ending   compile_fusion / logic_opto / Optimization (1) / Timing Optimization and DesignWare Reselection (FLW-8001)
Information: Time: 2025-05-28 13:37:57 / Session:  00:00:33 / Command:  00:00:07 / CPU:  00:00:09 / Memory: 1286 MB (FLW-8100)
Information: CPU Load: 13%, Ram Free: 48 GB, Swap Free: 1 GB, Work Disk Free: 308 GB, Tmp Disk Free: 308 GB (MSG-3995)
Information: Ending   compile_fusion / logic_opto / Optimization (1) (FLW-8001)
Information: Time: 2025-05-28 13:37:57 / Session:  00:00:33 / Command:  00:00:07 / CPU:  00:00:09 / Memory: 1286 MB (FLW-8100)
Information: CPU Load: 13%, Ram Free: 48 GB, Swap Free: 1 GB, Work Disk Free: 308 GB, Tmp Disk Free: 308 GB (MSG-3995)
Information: Starting compile_fusion / logic_opto / Register Retiming (FLW-8000)
Information: Time: 2025-05-28 13:37:57 / Session:  00:00:33 / Command:  00:00:07 / CPU:  00:00:09 / Memory: 1286 MB (FLW-8100)
Information: CPU Load: 13%, Ram Free: 48 GB, Swap Free: 1 GB, Work Disk Free: 308 GB, Tmp Disk Free: 308 GB (MSG-3995)
Warning: Cannot infer functionality of libcell 'saed14rvt_frame_timing/SAEDRVT14_FDNRBSBQ_V2_0P5' and will be excluded from sequential mapping. (SQM-1061)
Warning: Cannot infer functionality of libcell 'saed14rvt_frame_timing/SAEDRVT14_FDNRBSBQ_V2_1' and will be excluded from sequential mapping. (SQM-1061)
Warning: Cannot infer functionality of libcell 'saed14rvt_frame_timing/SAEDRVT14_FDNRBSBQ_V2_2' and will be excluded from sequential mapping. (SQM-1061)
Warning: Cannot infer functionality of libcell 'saed14rvt_frame_timing/SAEDRVT14_FDNRBSBQ_V2_4' and will be excluded from sequential mapping. (SQM-1061)
Warning: Cannot infer functionality of libcell 'saed14rvt_frame_timing/SAEDRVT14_FDPRBSBQ_V2_0P5' and will be excluded from sequential mapping. (SQM-1061)
Warning: Cannot infer functionality of libcell 'saed14rvt_frame_timing/SAEDRVT14_FDPRBSBQ_V2_1' and will be excluded from sequential mapping. (SQM-1061)
Warning: Cannot infer functionality of libcell 'saed14rvt_frame_timing/SAEDRVT14_FDPRBSBQ_V2_2' and will be excluded from sequential mapping. (SQM-1061)
Warning: Cannot infer functionality of libcell 'saed14rvt_frame_timing/SAEDRVT14_FDPRBSBQ_V2_4' and will be excluded from sequential mapping. (SQM-1061)
Warning: Mapping to scan cell 'SAEDRVT14_FSDPQB_V2LP_1' in library is not possible because cell has 'dont_use' attribute. (SQM-1067)
Warning: Mapping to scan cell 'SAEDRVT14_FSDPQ_V2LP_1' in library is not possible because cell has 'dont_use' attribute. (SQM-1067)
Warning: Mapping to scan cell 'SAEDRVT14_FSDPQ_V2LP_2' in library is not possible because cell has 'dont_use' attribute. (SQM-1067)
Warning: Cannot infer functionality of libcell 'saed14rvt_frame_timing/SAEDRVT14_FSDPRBSBQ_V2LP_0P5' and will be excluded from sequential mapping. (SQM-1061)
Warning: Cannot infer functionality of libcell 'saed14rvt_frame_timing/SAEDRVT14_FSDPRBSBQ_V2LP_2' and will be excluded from sequential mapping. (SQM-1061)
Warning: Skipping check for single_bit_degenerate attribute on the multibit libcell 'saed14rvt_frame_timing/SAEDRVT14_FSDN2_V2_0P5' since it is not a black-box. (SQM-1079)
Information: No single-bit representative was found for multibit lib cell 'saed14rvt_frame_timing/SAEDRVT14_FSDN2_V2_0P5'. (SQM-2004)
Warning: Skipping check for single_bit_degenerate attribute on the multibit libcell 'saed14rvt_frame_timing/SAEDRVT14_FSDN2_V2_1' since it is not a black-box. (SQM-1079)
Information: No single-bit representative was found for multibit lib cell 'saed14rvt_frame_timing/SAEDRVT14_FSDN2_V2_1'. (SQM-2004)
Warning: Skipping check for single_bit_degenerate attribute on the multibit libcell 'saed14rvt_frame_timing/SAEDRVT14_FSDN2_V2_2' since it is not a black-box. (SQM-1079)
Information: No single-bit representative was found for multibit lib cell 'saed14rvt_frame_timing/SAEDRVT14_FSDN2_V2_2'. (SQM-2004)
Warning: Skipping check for single_bit_degenerate attribute on the multibit libcell 'saed14rvt_frame_timing/SAEDRVT14_FSDN2_V2_4' since it is not a black-box. (SQM-1079)
Information: No single-bit representative was found for multibit lib cell 'saed14rvt_frame_timing/SAEDRVT14_FSDN2_V2_4'. (SQM-2004)
Warning: Skipping check for single_bit_degenerate attribute on the multibit libcell 'saed14rvt_frame_timing/SAEDRVT14_FSDN4_V2_0P5' since it is not a black-box. (SQM-1079)
Information: No single-bit representative was found for multibit lib cell 'saed14rvt_frame_timing/SAEDRVT14_FSDN4_V2_0P5'. (SQM-2004)
Information: No single-bit representative was found for multibit lib cell 'saed14rvt_frame_timing/SAEDRVT14_FSDN4_V2_1'. (SQM-2004)
Information: No single-bit representative was found for multibit lib cell 'saed14rvt_frame_timing/SAEDRVT14_FSDN4_V2_2'. (SQM-2004)
Information: No single-bit representative was found for multibit lib cell 'saed14rvt_frame_timing/SAEDRVT14_FSDN4_V2_4'. (SQM-2004)
Warning: Found 8 multibit sequential library cells that have missing/added attributes or have restrictions that prevent them from banking. (SQM-1053)
Information: 6 out of 16 SQM-1061 messages were not printed due to limit 10 (after 'compile_fusion' at task1.tcl:55) (MSG-3913)
Information: 10 out of 13 SQM-1067 messages were not printed due to limit 3 (after 'compile_fusion' at task1.tcl:55) (MSG-3913)
Information: 3 out of 8 SQM-1079 messages were not printed due to limit 5 (after 'compile_fusion' at task1.tcl:55) (MSG-3913)
Warning: Cannot infer functionality of libcell 'saed14rvt_frame_timing/SAEDRVT14_FDNRBSBQ_V2_0P5' and will be excluded from sequential mapping. (SQM-1061)
Warning: Cannot infer functionality of libcell 'saed14rvt_frame_timing/SAEDRVT14_FDNRBSBQ_V2_1' and will be excluded from sequential mapping. (SQM-1061)
Warning: Cannot infer functionality of libcell 'saed14rvt_frame_timing/SAEDRVT14_FDNRBSBQ_V2_2' and will be excluded from sequential mapping. (SQM-1061)
Warning: Cannot infer functionality of libcell 'saed14rvt_frame_timing/SAEDRVT14_FDNRBSBQ_V2_4' and will be excluded from sequential mapping. (SQM-1061)
Warning: Cannot infer functionality of libcell 'saed14rvt_frame_timing/SAEDRVT14_FDPRBSBQ_V2_0P5' and will be excluded from sequential mapping. (SQM-1061)
Warning: Cannot infer functionality of libcell 'saed14rvt_frame_timing/SAEDRVT14_FDPRBSBQ_V2_1' and will be excluded from sequential mapping. (SQM-1061)
Warning: Cannot infer functionality of libcell 'saed14rvt_frame_timing/SAEDRVT14_FDPRBSBQ_V2_2' and will be excluded from sequential mapping. (SQM-1061)
Warning: Cannot infer functionality of libcell 'saed14rvt_frame_timing/SAEDRVT14_FDPRBSBQ_V2_4' and will be excluded from sequential mapping. (SQM-1061)
Warning: Mapping to scan cell 'SAEDRVT14_FSDPQB_V2LP_1' in library is not possible because cell has 'dont_use' attribute. (SQM-1067)
Warning: Mapping to scan cell 'SAEDRVT14_FSDPQ_V2LP_1' in library is not possible because cell has 'dont_use' attribute. (SQM-1067)
Warning: Mapping to scan cell 'SAEDRVT14_FSDPQ_V2LP_2' in library is not possible because cell has 'dont_use' attribute. (SQM-1067)
Warning: Cannot infer functionality of libcell 'saed14rvt_frame_timing/SAEDRVT14_FSDPRBSBQ_V2LP_0P5' and will be excluded from sequential mapping. (SQM-1061)
Warning: Cannot infer functionality of libcell 'saed14rvt_frame_timing/SAEDRVT14_FSDPRBSBQ_V2LP_2' and will be excluded from sequential mapping. (SQM-1061)
Warning: Skipping check for single_bit_degenerate attribute on the multibit libcell 'saed14rvt_frame_timing/SAEDRVT14_FSDN2_V2_0P5' since it is not a black-box. (SQM-1079)
Information: No single-bit representative was found for multibit lib cell 'saed14rvt_frame_timing/SAEDRVT14_FSDN2_V2_0P5'. (SQM-2004)
Warning: Skipping check for single_bit_degenerate attribute on the multibit libcell 'saed14rvt_frame_timing/SAEDRVT14_FSDN2_V2_1' since it is not a black-box. (SQM-1079)
Information: No single-bit representative was found for multibit lib cell 'saed14rvt_frame_timing/SAEDRVT14_FSDN2_V2_1'. (SQM-2004)
Warning: Skipping check for single_bit_degenerate attribute on the multibit libcell 'saed14rvt_frame_timing/SAEDRVT14_FSDN2_V2_2' since it is not a black-box. (SQM-1079)
Information: No single-bit representative was found for multibit lib cell 'saed14rvt_frame_timing/SAEDRVT14_FSDN2_V2_2'. (SQM-2004)
Warning: Skipping check for single_bit_degenerate attribute on the multibit libcell 'saed14rvt_frame_timing/SAEDRVT14_FSDN2_V2_4' since it is not a black-box. (SQM-1079)
Information: No single-bit representative was found for multibit lib cell 'saed14rvt_frame_timing/SAEDRVT14_FSDN2_V2_4'. (SQM-2004)
Warning: Skipping check for single_bit_degenerate attribute on the multibit libcell 'saed14rvt_frame_timing/SAEDRVT14_FSDN4_V2_0P5' since it is not a black-box. (SQM-1079)
Information: No single-bit representative was found for multibit lib cell 'saed14rvt_frame_timing/SAEDRVT14_FSDN4_V2_0P5'. (SQM-2004)
Information: No single-bit representative was found for multibit lib cell 'saed14rvt_frame_timing/SAEDRVT14_FSDN4_V2_1'. (SQM-2004)
Information: No single-bit representative was found for multibit lib cell 'saed14rvt_frame_timing/SAEDRVT14_FSDN4_V2_2'. (SQM-2004)
Information: No single-bit representative was found for multibit lib cell 'saed14rvt_frame_timing/SAEDRVT14_FSDN4_V2_4'. (SQM-2004)
Warning: Found 8 multibit sequential library cells that have missing/added attributes or have restrictions that prevent them from banking. (SQM-1053)
Information: 6 out of 16 SQM-1061 messages were not printed due to limit 10 (after 'compile_fusion' at task1.tcl:55) (MSG-3913)
Information: 10 out of 13 SQM-1067 messages were not printed due to limit 3 (after 'compile_fusion' at task1.tcl:55) (MSG-3913)
Information: 3 out of 8 SQM-1079 messages were not printed due to limit 5 (after 'compile_fusion' at task1.tcl:55) (MSG-3913)
Warning: Cannot infer functionality of libcell 'saed14rvt_frame_timing/SAEDRVT14_FDNRBSBQ_V2_0P5' and will be excluded from sequential mapping. (SQM-1061)
Warning: Cannot infer functionality of libcell 'saed14rvt_frame_timing/SAEDRVT14_FDNRBSBQ_V2_1' and will be excluded from sequential mapping. (SQM-1061)
Warning: Cannot infer functionality of libcell 'saed14rvt_frame_timing/SAEDRVT14_FDNRBSBQ_V2_2' and will be excluded from sequential mapping. (SQM-1061)
Warning: Cannot infer functionality of libcell 'saed14rvt_frame_timing/SAEDRVT14_FDNRBSBQ_V2_4' and will be excluded from sequential mapping. (SQM-1061)
Warning: Cannot infer functionality of libcell 'saed14rvt_frame_timing/SAEDRVT14_FDPRBSBQ_V2_0P5' and will be excluded from sequential mapping. (SQM-1061)
Warning: Cannot infer functionality of libcell 'saed14rvt_frame_timing/SAEDRVT14_FDPRBSBQ_V2_1' and will be excluded from sequential mapping. (SQM-1061)
Warning: Cannot infer functionality of libcell 'saed14rvt_frame_timing/SAEDRVT14_FDPRBSBQ_V2_2' and will be excluded from sequential mapping. (SQM-1061)
Warning: Cannot infer functionality of libcell 'saed14rvt_frame_timing/SAEDRVT14_FDPRBSBQ_V2_4' and will be excluded from sequential mapping. (SQM-1061)
Warning: Mapping to scan cell 'SAEDRVT14_FSDPQB_V2LP_1' in library is not possible because cell has 'dont_use' attribute. (SQM-1067)
Warning: Mapping to scan cell 'SAEDRVT14_FSDPQ_V2LP_1' in library is not possible because cell has 'dont_use' attribute. (SQM-1067)
Warning: Mapping to scan cell 'SAEDRVT14_FSDPQ_V2LP_2' in library is not possible because cell has 'dont_use' attribute. (SQM-1067)
Warning: Cannot infer functionality of libcell 'saed14rvt_frame_timing/SAEDRVT14_FSDPRBSBQ_V2LP_0P5' and will be excluded from sequential mapping. (SQM-1061)
Warning: Cannot infer functionality of libcell 'saed14rvt_frame_timing/SAEDRVT14_FSDPRBSBQ_V2LP_2' and will be excluded from sequential mapping. (SQM-1061)
Warning: Skipping check for single_bit_degenerate attribute on the multibit libcell 'saed14rvt_frame_timing/SAEDRVT14_FSDN2_V2_0P5' since it is not a black-box. (SQM-1079)
Information: No single-bit representative was found for multibit lib cell 'saed14rvt_frame_timing/SAEDRVT14_FSDN2_V2_0P5'. (SQM-2004)
Warning: Skipping check for single_bit_degenerate attribute on the multibit libcell 'saed14rvt_frame_timing/SAEDRVT14_FSDN2_V2_1' since it is not a black-box. (SQM-1079)
Information: No single-bit representative was found for multibit lib cell 'saed14rvt_frame_timing/SAEDRVT14_FSDN2_V2_1'. (SQM-2004)
Warning: Skipping check for single_bit_degenerate attribute on the multibit libcell 'saed14rvt_frame_timing/SAEDRVT14_FSDN2_V2_2' since it is not a black-box. (SQM-1079)
Information: No single-bit representative was found for multibit lib cell 'saed14rvt_frame_timing/SAEDRVT14_FSDN2_V2_2'. (SQM-2004)
Warning: Skipping check for single_bit_degenerate attribute on the multibit libcell 'saed14rvt_frame_timing/SAEDRVT14_FSDN2_V2_4' since it is not a black-box. (SQM-1079)
Information: No single-bit representative was found for multibit lib cell 'saed14rvt_frame_timing/SAEDRVT14_FSDN2_V2_4'. (SQM-2004)
Warning: Skipping check for single_bit_degenerate attribute on the multibit libcell 'saed14rvt_frame_timing/SAEDRVT14_FSDN4_V2_0P5' since it is not a black-box. (SQM-1079)
Information: No single-bit representative was found for multibit lib cell 'saed14rvt_frame_timing/SAEDRVT14_FSDN4_V2_0P5'. (SQM-2004)
Information: No single-bit representative was found for multibit lib cell 'saed14rvt_frame_timing/SAEDRVT14_FSDN4_V2_1'. (SQM-2004)
Information: No single-bit representative was found for multibit lib cell 'saed14rvt_frame_timing/SAEDRVT14_FSDN4_V2_2'. (SQM-2004)
Information: No single-bit representative was found for multibit lib cell 'saed14rvt_frame_timing/SAEDRVT14_FSDN4_V2_4'. (SQM-2004)
Warning: Found 8 multibit sequential library cells that have missing/added attributes or have restrictions that prevent them from banking. (SQM-1053)
Information: Result of compile_fusion / logic_opto / Register Retiming (FLW-8500)
Information: No instance marked for retiming. (RTM-1031)
Information: 6 out of 16 SQM-1061 messages were not printed due to limit 10 (after 'compile_fusion' at task1.tcl:55) (MSG-3913)
Information: 10 out of 13 SQM-1067 messages were not printed due to limit 3 (after 'compile_fusion' at task1.tcl:55) (MSG-3913)
Information: 3 out of 8 SQM-1079 messages were not printed due to limit 5 (after 'compile_fusion' at task1.tcl:55) (MSG-3913)
Warning: Cannot infer functionality of libcell 'saed14rvt_frame_timing/SAEDRVT14_FDNRBSBQ_V2_0P5' and will be excluded from sequential mapping. (SQM-1061)
Warning: Cannot infer functionality of libcell 'saed14rvt_frame_timing/SAEDRVT14_FDNRBSBQ_V2_1' and will be excluded from sequential mapping. (SQM-1061)
Warning: Cannot infer functionality of libcell 'saed14rvt_frame_timing/SAEDRVT14_FDNRBSBQ_V2_2' and will be excluded from sequential mapping. (SQM-1061)
Warning: Cannot infer functionality of libcell 'saed14rvt_frame_timing/SAEDRVT14_FDNRBSBQ_V2_4' and will be excluded from sequential mapping. (SQM-1061)
Warning: Cannot infer functionality of libcell 'saed14rvt_frame_timing/SAEDRVT14_FDPRBSBQ_V2_0P5' and will be excluded from sequential mapping. (SQM-1061)
Warning: Cannot infer functionality of libcell 'saed14rvt_frame_timing/SAEDRVT14_FDPRBSBQ_V2_1' and will be excluded from sequential mapping. (SQM-1061)
Warning: Cannot infer functionality of libcell 'saed14rvt_frame_timing/SAEDRVT14_FDPRBSBQ_V2_2' and will be excluded from sequential mapping. (SQM-1061)
Warning: Cannot infer functionality of libcell 'saed14rvt_frame_timing/SAEDRVT14_FDPRBSBQ_V2_4' and will be excluded from sequential mapping. (SQM-1061)
Warning: Mapping to scan cell 'SAEDRVT14_FSDPQB_V2LP_1' in library is not possible because cell has 'dont_use' attribute. (SQM-1067)
Warning: Mapping to scan cell 'SAEDRVT14_FSDPQ_V2LP_1' in library is not possible because cell has 'dont_use' attribute. (SQM-1067)
Warning: Mapping to scan cell 'SAEDRVT14_FSDPQ_V2LP_2' in library is not possible because cell has 'dont_use' attribute. (SQM-1067)
Warning: Cannot infer functionality of libcell 'saed14rvt_frame_timing/SAEDRVT14_FSDPRBSBQ_V2LP_0P5' and will be excluded from sequential mapping. (SQM-1061)
Warning: Cannot infer functionality of libcell 'saed14rvt_frame_timing/SAEDRVT14_FSDPRBSBQ_V2LP_2' and will be excluded from sequential mapping. (SQM-1061)
Warning: Skipping check for single_bit_degenerate attribute on the multibit libcell 'saed14rvt_frame_timing/SAEDRVT14_FSDN2_V2_0P5' since it is not a black-box. (SQM-1079)
Information: No single-bit representative was found for multibit lib cell 'saed14rvt_frame_timing/SAEDRVT14_FSDN2_V2_0P5'. (SQM-2004)
Warning: Skipping check for single_bit_degenerate attribute on the multibit libcell 'saed14rvt_frame_timing/SAEDRVT14_FSDN2_V2_1' since it is not a black-box. (SQM-1079)
Information: No single-bit representative was found for multibit lib cell 'saed14rvt_frame_timing/SAEDRVT14_FSDN2_V2_1'. (SQM-2004)
Warning: Skipping check for single_bit_degenerate attribute on the multibit libcell 'saed14rvt_frame_timing/SAEDRVT14_FSDN2_V2_2' since it is not a black-box. (SQM-1079)
Information: No single-bit representative was found for multibit lib cell 'saed14rvt_frame_timing/SAEDRVT14_FSDN2_V2_2'. (SQM-2004)
Warning: Skipping check for single_bit_degenerate attribute on the multibit libcell 'saed14rvt_frame_timing/SAEDRVT14_FSDN2_V2_4' since it is not a black-box. (SQM-1079)
Information: No single-bit representative was found for multibit lib cell 'saed14rvt_frame_timing/SAEDRVT14_FSDN2_V2_4'. (SQM-2004)
Warning: Skipping check for single_bit_degenerate attribute on the multibit libcell 'saed14rvt_frame_timing/SAEDRVT14_FSDN4_V2_0P5' since it is not a black-box. (SQM-1079)
Information: No single-bit representative was found for multibit lib cell 'saed14rvt_frame_timing/SAEDRVT14_FSDN4_V2_0P5'. (SQM-2004)
Information: No single-bit representative was found for multibit lib cell 'saed14rvt_frame_timing/SAEDRVT14_FSDN4_V2_1'. (SQM-2004)
Information: No single-bit representative was found for multibit lib cell 'saed14rvt_frame_timing/SAEDRVT14_FSDN4_V2_2'. (SQM-2004)
Information: No single-bit representative was found for multibit lib cell 'saed14rvt_frame_timing/SAEDRVT14_FSDN4_V2_4'. (SQM-2004)
Warning: Found 8 multibit sequential library cells that have missing/added attributes or have restrictions that prevent them from banking. (SQM-1053)
Information: 6 out of 16 SQM-1061 messages were not printed due to limit 10 (after 'compile_fusion' at task1.tcl:55) (MSG-3913)
Information: 10 out of 13 SQM-1067 messages were not printed due to limit 3 (after 'compile_fusion' at task1.tcl:55) (MSG-3913)
Information: 3 out of 8 SQM-1079 messages were not printed due to limit 5 (after 'compile_fusion' at task1.tcl:55) (MSG-3913)
Information: Ending   compile_fusion / logic_opto / Register Retiming (FLW-8001)
Information: Time: 2025-05-28 13:38:05 / Session:  00:00:41 / Command:  00:00:15 / CPU:  00:00:18 / Memory: 1286 MB (FLW-8100)
Information: CPU Load: 13%, Ram Free: 48 GB, Swap Free: 1 GB, Work Disk Free: 308 GB, Tmp Disk Free: 308 GB (MSG-3995)
Warning: Cannot infer functionality of libcell 'saed14rvt_frame_timing/SAEDRVT14_FDNRBSBQ_V2_0P5' and will be excluded from sequential mapping. (SQM-1061)
Warning: Cannot infer functionality of libcell 'saed14rvt_frame_timing/SAEDRVT14_FDNRBSBQ_V2_1' and will be excluded from sequential mapping. (SQM-1061)
Warning: Cannot infer functionality of libcell 'saed14rvt_frame_timing/SAEDRVT14_FDNRBSBQ_V2_2' and will be excluded from sequential mapping. (SQM-1061)
Warning: Cannot infer functionality of libcell 'saed14rvt_frame_timing/SAEDRVT14_FDNRBSBQ_V2_4' and will be excluded from sequential mapping. (SQM-1061)
Warning: Cannot infer functionality of libcell 'saed14rvt_frame_timing/SAEDRVT14_FDPRBSBQ_V2_0P5' and will be excluded from sequential mapping. (SQM-1061)
Warning: Cannot infer functionality of libcell 'saed14rvt_frame_timing/SAEDRVT14_FDPRBSBQ_V2_1' and will be excluded from sequential mapping. (SQM-1061)
Warning: Cannot infer functionality of libcell 'saed14rvt_frame_timing/SAEDRVT14_FDPRBSBQ_V2_2' and will be excluded from sequential mapping. (SQM-1061)
Warning: Cannot infer functionality of libcell 'saed14rvt_frame_timing/SAEDRVT14_FDPRBSBQ_V2_4' and will be excluded from sequential mapping. (SQM-1061)
Warning: Mapping to scan cell 'SAEDRVT14_FSDPQB_V2LP_1' in library is not possible because cell has 'dont_use' attribute. (SQM-1067)
Warning: Mapping to scan cell 'SAEDRVT14_FSDPQ_V2LP_1' in library is not possible because cell has 'dont_use' attribute. (SQM-1067)
Warning: Mapping to scan cell 'SAEDRVT14_FSDPQ_V2LP_2' in library is not possible because cell has 'dont_use' attribute. (SQM-1067)
Warning: Cannot infer functionality of libcell 'saed14rvt_frame_timing/SAEDRVT14_FSDPRBSBQ_V2LP_0P5' and will be excluded from sequential mapping. (SQM-1061)
Warning: Cannot infer functionality of libcell 'saed14rvt_frame_timing/SAEDRVT14_FSDPRBSBQ_V2LP_2' and will be excluded from sequential mapping. (SQM-1061)
Warning: Skipping check for single_bit_degenerate attribute on the multibit libcell 'saed14rvt_frame_timing/SAEDRVT14_FSDN2_V2_0P5' since it is not a black-box. (SQM-1079)
Information: No single-bit representative was found for multibit lib cell 'saed14rvt_frame_timing/SAEDRVT14_FSDN2_V2_0P5'. (SQM-2004)
Warning: Skipping check for single_bit_degenerate attribute on the multibit libcell 'saed14rvt_frame_timing/SAEDRVT14_FSDN2_V2_1' since it is not a black-box. (SQM-1079)
Information: No single-bit representative was found for multibit lib cell 'saed14rvt_frame_timing/SAEDRVT14_FSDN2_V2_1'. (SQM-2004)
Warning: Skipping check for single_bit_degenerate attribute on the multibit libcell 'saed14rvt_frame_timing/SAEDRVT14_FSDN2_V2_2' since it is not a black-box. (SQM-1079)
Information: No single-bit representative was found for multibit lib cell 'saed14rvt_frame_timing/SAEDRVT14_FSDN2_V2_2'. (SQM-2004)
Warning: Skipping check for single_bit_degenerate attribute on the multibit libcell 'saed14rvt_frame_timing/SAEDRVT14_FSDN2_V2_4' since it is not a black-box. (SQM-1079)
Information: No single-bit representative was found for multibit lib cell 'saed14rvt_frame_timing/SAEDRVT14_FSDN2_V2_4'. (SQM-2004)
Warning: Skipping check for single_bit_degenerate attribute on the multibit libcell 'saed14rvt_frame_timing/SAEDRVT14_FSDN4_V2_0P5' since it is not a black-box. (SQM-1079)
Information: No single-bit representative was found for multibit lib cell 'saed14rvt_frame_timing/SAEDRVT14_FSDN4_V2_0P5'. (SQM-2004)
Information: No single-bit representative was found for multibit lib cell 'saed14rvt_frame_timing/SAEDRVT14_FSDN4_V2_1'. (SQM-2004)
Information: No single-bit representative was found for multibit lib cell 'saed14rvt_frame_timing/SAEDRVT14_FSDN4_V2_2'. (SQM-2004)
Information: No single-bit representative was found for multibit lib cell 'saed14rvt_frame_timing/SAEDRVT14_FSDN4_V2_4'. (SQM-2004)
Warning: Found 8 multibit sequential library cells that have missing/added attributes or have restrictions that prevent them from banking. (SQM-1053)
Information: Register Bits Before Sharing = 0, After Sharing = 0, Savings = 0 (SQM-2000)
Information: 6 out of 16 SQM-1061 messages were not printed due to limit 10 (after 'compile_fusion' at task1.tcl:55) (MSG-3913)
Information: 10 out of 13 SQM-1067 messages were not printed due to limit 3 (after 'compile_fusion' at task1.tcl:55) (MSG-3913)
Information: 3 out of 8 SQM-1079 messages were not printed due to limit 5 (after 'compile_fusion' at task1.tcl:55) (MSG-3913)
Information: Starting compile_fusion / logic_opto / Optimization (2) (FLW-8000)
Information: Time: 2025-05-28 13:38:08 / Session:  00:00:44 / Command:  00:00:17 / CPU:  00:00:20 / Memory: 1286 MB (FLW-8100)
Information: CPU Load: 12%, Ram Free: 48 GB, Swap Free: 1 GB, Work Disk Free: 308 GB, Tmp Disk Free: 308 GB (MSG-3995)
Warning: No clock routing rules were specified. Use set_clock_routing_rules to specify routing rules for accurate clock latency estimation. (OPT-902)
Warning: No clock routing rules were specified. Use set_clock_routing_rules to specify routing rules for accurate clock latency estimation. (OPT-902)
Information: Estimating clock gate latencies for scenario 'Normal_Typical'. (OPT-909)
Information: Ending   compile_fusion / logic_opto / Optimization (2) (FLW-8001)
Information: Time: 2025-05-28 13:38:09 / Session:  00:00:45 / Command:  00:00:18 / CPU:  00:00:22 / Memory: 1286 MB (FLW-8100)
Information: CPU Load: 12%, Ram Free: 48 GB, Swap Free: 1 GB, Work Disk Free: 308 GB, Tmp Disk Free: 308 GB (MSG-3995)
Information: Starting compile_fusion / logic_opto / Auto-Floorplan (1) (FLW-8000)
Information: Time: 2025-05-28 13:38:09 / Session:  00:00:45 / Command:  00:00:18 / CPU:  00:00:22 / Memory: 1286 MB (FLW-8100)
Information: CPU Load: 12%, Ram Free: 48 GB, Swap Free: 1 GB, Work Disk Free: 308 GB, Tmp Disk Free: 308 GB (MSG-3995)
Information: Initializing core and die (AFP-1001)
Information: Initializing rows (AFP-1003)
Information: Initializing tracks (AFP-1004)
Information: Generated core area = 1267.886353 (AFP-2021)
Information: Generated core boundary = { {0 0} {0 35.4} {35.816 35.4} {35.816 0} } (AFP-2022)
Information: Shaping unshaped voltage areas (AFP-1011)
Information: Placing unplaced pins (AFP-1007)
Warning: found large number of corner keepout wiretracks on side 1 of block dut_toplevel on layer MRDL and there is no enough wire tracks available on this side (DPPA-096)
Warning: found large number of corner keepout wiretracks on side 3 of block dut_toplevel on layer MRDL and there is no enough wire tracks available on this side (DPPA-096)
Information: Result of compile_fusion / logic_opto / Auto-Floorplan (1) (FLW-8500)
Information: Auto-Floorplan Summary (AFP-2023)
-------------------------------------------------------------------------------
              origin           area     boundary
core  auto-floorplan        1267.89   { {0 0} {0 35.4} {35.816 35.4} {35.816 0} }
die   auto-floorplan        1267.89   { {0 0} {0 35.4} {35.816 35.4} {35.816 0} }
-------------------------------------------------------------------------------

-------------------------------------------------------------------------------
objects             total        candidates          modified         preserved                 
voltage areas           0                 0                 0                 0
ios                     0                 0                 0                 0
macros                  0                 0                 0                 0
pins                  170               170               170                 0
-------------------------------------------------------------------------------
Information: Ending   compile_fusion / logic_opto / Auto-Floorplan (1) (FLW-8001)
Information: Time: 2025-05-28 13:38:09 / Session:  00:00:45 / Command:  00:00:18 / CPU:  00:00:22 / Memory: 1286 MB (FLW-8100)
Information: CPU Load: 12%, Ram Free: 48 GB, Swap Free: 1 GB, Work Disk Free: 308 GB, Tmp Disk Free: 308 GB (MSG-3995)
Information: Starting compile_fusion / logic_opto / Early Placement (FLW-8000)
Information: Time: 2025-05-28 13:38:09 / Session:  00:00:45 / Command:  00:00:18 / CPU:  00:00:22 / Memory: 1286 MB (FLW-8100)
Information: CPU Load: 12%, Ram Free: 48 GB, Swap Free: 1 GB, Work Disk Free: 308 GB, Tmp Disk Free: 308 GB (MSG-3995)
----------------------------------------------------------------
running create_placement
Corner Scaling is off, multiplier is 1.000000
ORB: timingScenario Normal_Typical timingCorner Typical
INFO: Using corner Typical for worst leakage corner
Using default layer M4
new cutoff lpd: 4.05079e-07
corner scaling: maxCornerId = 1
corner=Typical, tran factor=1.000000 (0.030008 / 0.030008)
ORB: Nominal = 0.0053281  Design MT = inf  Target = 0.0300080 (5.632 nominal)  MaxRC = 0.020355
ORB: Fast Target = 0.010069 ( 1.890 nominal )
ORB: stageDelay=0.02037, stageLength=1552950
nplLib: default vr hor dist = 311
nplLib: default vr ver dist = 311
nplLib: default vr buf size = 2
nplLib: default vr buf size = 1

Placement Options:
Effort:                        medium_effort       
Timing Driven:                 false               
Buffering Aware Timing Driven: false               
Seed locs:                     false               
Incremental:                   false               
Congestion:                    false               
Fix Macros:                    true                
Place Macros:                  false               
Channel Size Macros:           false               

Printing options for 'place.coarse.*' (non-default only)
place.coarse.continue_on_missing_scandef                :	 true                

Start transferring placement data.
****** Net weight manager: report ******
Weights included: Timing  
Number of nets with non-default weights: 1607
Timing factor = 1
Non-default weight range: (0.881092, 2.64328)
Information: Automatic repeater spreading is enabled.
Completed transferring placement data.
Running placement using 12 thread(s)
Information: Enhanced Auto Density Control is used. (PLACE-098)
Information: Enhanced auto density configuration is 13179.
Information: Automatic density control has selected the following settings: max_density 0.55, congestion_driven_max_util 0.87. (PLACE-027)
Information: HFW control 'off' invoked.
Creating placement from scratch.
coarse place 0% done.
coarse place 33% done.
coarse place 67% done.
coarse place 100% done.
Information: Coarse placer weighted wire length estimate = 1.08852e+08
Information: Extraction observers are detached as design net change threshold is reached.
Warning: No clock routing rules were specified. Use set_clock_routing_rules to specify routing rules for accurate clock latency estimation. (OPT-902)
Warning: No clock routing rules were specified. Use set_clock_routing_rules to specify routing rules for accurate clock latency estimation. (OPT-902)
Information: Estimating clock gate latencies for scenario 'Normal_Typical'. (OPT-909)
----------------------------------------------------------------
Information: Ending   compile_fusion / logic_opto / Early Placement (FLW-8001)
Information: Time: 2025-05-28 13:38:10 / Session:  00:00:46 / Command:  00:00:20 / CPU:  00:00:25 / Memory: 1286 MB (FLW-8100)
Information: CPU Load: 12%, Ram Free: 48 GB, Swap Free: 1 GB, Work Disk Free: 308 GB, Tmp Disk Free: 308 GB (MSG-3995)
Information: The stitching and editing of coupling caps is turned OFF for design 'dut_toplevel.dlib:dut_toplevel/compile_flow.design'. (TIM-125)
Information: Starting compile_fusion / logic_opto / Optimization (3) (FLW-8000)
Information: Time: 2025-05-28 13:38:10 / Session:  00:00:47 / Command:  00:00:20 / CPU:  00:00:26 / Memory: 1286 MB (FLW-8100)
Information: CPU Load: 12%, Ram Free: 48 GB, Swap Free: 1 GB, Work Disk Free: 308 GB, Tmp Disk Free: 308 GB (MSG-3995)
Information: Starting compile_fusion / logic_opto / Optimization (3) / Timing Optimization (FLW-8000)
Information: Time: 2025-05-28 13:38:10 / Session:  00:00:47 / Command:  00:00:20 / CPU:  00:00:26 / Memory: 1286 MB (FLW-8100)
Information: CPU Load: 12%, Ram Free: 48 GB, Swap Free: 1 GB, Work Disk Free: 308 GB, Tmp Disk Free: 308 GB (MSG-3995)
Warning: Cannot infer functionality of libcell 'saed14rvt_frame_timing/SAEDRVT14_FDNRBSBQ_V2_0P5' and will be excluded from sequential mapping. (SQM-1061)
Warning: Cannot infer functionality of libcell 'saed14rvt_frame_timing/SAEDRVT14_FDNRBSBQ_V2_1' and will be excluded from sequential mapping. (SQM-1061)
Warning: Cannot infer functionality of libcell 'saed14rvt_frame_timing/SAEDRVT14_FDNRBSBQ_V2_2' and will be excluded from sequential mapping. (SQM-1061)
Warning: Cannot infer functionality of libcell 'saed14rvt_frame_timing/SAEDRVT14_FDNRBSBQ_V2_4' and will be excluded from sequential mapping. (SQM-1061)
Warning: Cannot infer functionality of libcell 'saed14rvt_frame_timing/SAEDRVT14_FDPRBSBQ_V2_0P5' and will be excluded from sequential mapping. (SQM-1061)
Warning: Cannot infer functionality of libcell 'saed14rvt_frame_timing/SAEDRVT14_FDPRBSBQ_V2_1' and will be excluded from sequential mapping. (SQM-1061)
Warning: Cannot infer functionality of libcell 'saed14rvt_frame_timing/SAEDRVT14_FDPRBSBQ_V2_2' and will be excluded from sequential mapping. (SQM-1061)
Warning: Cannot infer functionality of libcell 'saed14rvt_frame_timing/SAEDRVT14_FDPRBSBQ_V2_4' and will be excluded from sequential mapping. (SQM-1061)
Warning: Mapping to scan cell 'SAEDRVT14_FSDPQB_V2LP_1' in library is not possible because cell has 'dont_use' attribute. (SQM-1067)
Warning: Mapping to scan cell 'SAEDRVT14_FSDPQ_V2LP_1' in library is not possible because cell has 'dont_use' attribute. (SQM-1067)
Warning: Mapping to scan cell 'SAEDRVT14_FSDPQ_V2LP_2' in library is not possible because cell has 'dont_use' attribute. (SQM-1067)
Warning: Cannot infer functionality of libcell 'saed14rvt_frame_timing/SAEDRVT14_FSDPRBSBQ_V2LP_0P5' and will be excluded from sequential mapping. (SQM-1061)
Warning: Cannot infer functionality of libcell 'saed14rvt_frame_timing/SAEDRVT14_FSDPRBSBQ_V2LP_2' and will be excluded from sequential mapping. (SQM-1061)
Warning: Skipping check for single_bit_degenerate attribute on the multibit libcell 'saed14rvt_frame_timing/SAEDRVT14_FSDN2_V2_0P5' since it is not a black-box. (SQM-1079)
Information: No single-bit representative was found for multibit lib cell 'saed14rvt_frame_timing/SAEDRVT14_FSDN2_V2_0P5'. (SQM-2004)
Warning: Skipping check for single_bit_degenerate attribute on the multibit libcell 'saed14rvt_frame_timing/SAEDRVT14_FSDN2_V2_1' since it is not a black-box. (SQM-1079)
Information: No single-bit representative was found for multibit lib cell 'saed14rvt_frame_timing/SAEDRVT14_FSDN2_V2_1'. (SQM-2004)
Warning: Skipping check for single_bit_degenerate attribute on the multibit libcell 'saed14rvt_frame_timing/SAEDRVT14_FSDN2_V2_2' since it is not a black-box. (SQM-1079)
Information: No single-bit representative was found for multibit lib cell 'saed14rvt_frame_timing/SAEDRVT14_FSDN2_V2_2'. (SQM-2004)
Warning: Skipping check for single_bit_degenerate attribute on the multibit libcell 'saed14rvt_frame_timing/SAEDRVT14_FSDN2_V2_4' since it is not a black-box. (SQM-1079)
Information: No single-bit representative was found for multibit lib cell 'saed14rvt_frame_timing/SAEDRVT14_FSDN2_V2_4'. (SQM-2004)
Warning: Skipping check for single_bit_degenerate attribute on the multibit libcell 'saed14rvt_frame_timing/SAEDRVT14_FSDN4_V2_0P5' since it is not a black-box. (SQM-1079)
Information: No single-bit representative was found for multibit lib cell 'saed14rvt_frame_timing/SAEDRVT14_FSDN4_V2_0P5'. (SQM-2004)
Information: No single-bit representative was found for multibit lib cell 'saed14rvt_frame_timing/SAEDRVT14_FSDN4_V2_1'. (SQM-2004)
Information: No single-bit representative was found for multibit lib cell 'saed14rvt_frame_timing/SAEDRVT14_FSDN4_V2_2'. (SQM-2004)
Information: No single-bit representative was found for multibit lib cell 'saed14rvt_frame_timing/SAEDRVT14_FSDN4_V2_4'. (SQM-2004)
Warning: Found 8 multibit sequential library cells that have missing/added attributes or have restrictions that prevent them from banking. (SQM-1053)
Information: No single-bit representative was found for multibit lib cell 'saed14rvt_frame_timing/SAEDRVT14_FSDN2_V2_0P5'. (SQM-2004)
Information: No single-bit representative was found for multibit lib cell 'saed14rvt_frame_timing/SAEDRVT14_FSDN2_V2_1'. (SQM-2004)
Warning: Found 8 multibit sequential library cells that have missing/added attributes or have restrictions that prevent them from banking. (SQM-1053)
Warning: Found 8 multibit sequential library cells that have missing/added attributes or have restrictions that prevent them from banking. (SQM-1053)
Warning: Found 8 multibit sequential library cells that have missing/added attributes or have restrictions that prevent them from banking. (SQM-1053)
Warning: Found 8 multibit sequential library cells that have missing/added attributes or have restrictions that prevent them from banking. (SQM-1053)
Warning: Found 8 multibit sequential library cells that have missing/added attributes or have restrictions that prevent them from banking. (SQM-1053)
Warning: Found 8 multibit sequential library cells that have missing/added attributes or have restrictions that prevent them from banking. (SQM-1053)
Warning: Found 8 multibit sequential library cells that have missing/added attributes or have restrictions that prevent them from banking. (SQM-1053)
Warning: Found 8 multibit sequential library cells that have missing/added attributes or have restrictions that prevent them from banking. (SQM-1053)
Warning: Found 8 multibit sequential library cells that have missing/added attributes or have restrictions that prevent them from banking. (SQM-1053)
Information: 2 out of 12 SQM-1053 messages were not printed due to limit 10 (after 'compile_fusion' at task1.tcl:55) (MSG-3913)
Information: 182 out of 192 SQM-1061 messages were not printed due to limit 10 (after 'compile_fusion' at task1.tcl:55) (MSG-3913)
Information: 153 out of 156 SQM-1067 messages were not printed due to limit 3 (after 'compile_fusion' at task1.tcl:55) (MSG-3913)
Information: 91 out of 96 SQM-1079 messages were not printed due to limit 5 (after 'compile_fusion' at task1.tcl:55) (MSG-3913)
Information: 86 out of 96 SQM-2004 messages were not printed due to limit 10 (after 'compile_fusion' at task1.tcl:55) (MSG-3913)
Information: Ending   compile_fusion / logic_opto / Optimization (3) / Timing Optimization (FLW-8001)
Information: Time: 2025-05-28 13:38:12 / Session:  00:00:48 / Command:  00:00:22 / CPU:  00:00:28 / Memory: 1290 MB (FLW-8100)
Information: CPU Load: 12%, Ram Free: 48 GB, Swap Free: 1 GB, Work Disk Free: 308 GB, Tmp Disk Free: 308 GB (MSG-3995)
Information: Ending   compile_fusion / logic_opto / Optimization (3) (FLW-8001)
Information: Time: 2025-05-28 13:38:12 / Session:  00:00:48 / Command:  00:00:22 / CPU:  00:00:29 / Memory: 1290 MB (FLW-8100)
Information: CPU Load: 12%, Ram Free: 48 GB, Swap Free: 1 GB, Work Disk Free: 308 GB, Tmp Disk Free: 308 GB (MSG-3995)
Information: Starting compile_fusion / logic_opto / Optimization (4) (FLW-8000)
Information: Time: 2025-05-28 13:38:12 / Session:  00:00:48 / Command:  00:00:22 / CPU:  00:00:29 / Memory: 1290 MB (FLW-8100)
Information: CPU Load: 12%, Ram Free: 48 GB, Swap Free: 1 GB, Work Disk Free: 308 GB, Tmp Disk Free: 308 GB (MSG-3995)
Information: Starting compile_fusion / logic_opto / Optimization (4) / Logic Simplification and Register Optimization (FLW-8000)
Information: Time: 2025-05-28 13:38:12 / Session:  00:00:48 / Command:  00:00:22 / CPU:  00:00:29 / Memory: 1290 MB (FLW-8100)
Information: CPU Load: 12%, Ram Free: 48 GB, Swap Free: 1 GB, Work Disk Free: 308 GB, Tmp Disk Free: 308 GB (MSG-3995)
Information: Ending   compile_fusion / logic_opto / Optimization (4) / Logic Simplification and Register Optimization (FLW-8001)
Information: Time: 2025-05-28 13:38:12 / Session:  00:00:48 / Command:  00:00:22 / CPU:  00:00:29 / Memory: 1290 MB (FLW-8100)
Information: CPU Load: 12%, Ram Free: 48 GB, Swap Free: 1 GB, Work Disk Free: 308 GB, Tmp Disk Free: 308 GB (MSG-3995)
Information: Ending   compile_fusion / logic_opto / Optimization (4) (FLW-8001)
Information: Time: 2025-05-28 13:38:13 / Session:  00:00:50 / Command:  00:00:23 / CPU:  00:00:32 / Memory: 1290 MB (FLW-8100)
Information: CPU Load: 12%, Ram Free: 48 GB, Swap Free: 1 GB, Work Disk Free: 308 GB, Tmp Disk Free: 308 GB (MSG-3995)
Information: Starting compile_fusion / logic_opto / Optimization (5) (FLW-8000)
Information: Time: 2025-05-28 13:38:13 / Session:  00:00:50 / Command:  00:00:23 / CPU:  00:00:32 / Memory: 1290 MB (FLW-8100)
Information: CPU Load: 12%, Ram Free: 48 GB, Swap Free: 1 GB, Work Disk Free: 308 GB, Tmp Disk Free: 308 GB (MSG-3995)
Information: Starting compile_fusion / logic_opto / Optimization (5) / Logic Simplification and Register Optimization (FLW-8000)
Information: Time: 2025-05-28 13:38:13 / Session:  00:00:50 / Command:  00:00:23 / CPU:  00:00:32 / Memory: 1290 MB (FLW-8100)
Information: CPU Load: 12%, Ram Free: 48 GB, Swap Free: 1 GB, Work Disk Free: 308 GB, Tmp Disk Free: 308 GB (MSG-3995)
Information: Ending   compile_fusion / logic_opto / Optimization (5) / Logic Simplification and Register Optimization (FLW-8001)
Information: Time: 2025-05-28 13:38:14 / Session:  00:00:50 / Command:  00:00:23 / CPU:  00:00:32 / Memory: 1290 MB (FLW-8100)
Information: CPU Load: 12%, Ram Free: 48 GB, Swap Free: 1 GB, Work Disk Free: 308 GB, Tmp Disk Free: 308 GB (MSG-3995)
Information: Ending   compile_fusion / logic_opto / Optimization (5) (FLW-8001)
Information: Time: 2025-05-28 13:38:14 / Session:  00:00:50 / Command:  00:00:23 / CPU:  00:00:32 / Memory: 1290 MB (FLW-8100)
Information: CPU Load: 12%, Ram Free: 48 GB, Swap Free: 1 GB, Work Disk Free: 308 GB, Tmp Disk Free: 308 GB (MSG-3995)
Information: Starting compile_fusion / logic_opto / Auto-Floorplan (2) (FLW-8000)
Information: Time: 2025-05-28 13:38:14 / Session:  00:00:50 / Command:  00:00:23 / CPU:  00:00:32 / Memory: 1290 MB (FLW-8100)
Information: CPU Load: 12%, Ram Free: 48 GB, Swap Free: 1 GB, Work Disk Free: 308 GB, Tmp Disk Free: 308 GB (MSG-3995)
Information: Initializing core and die (AFP-1001)
Information: Initializing rows (AFP-1003)
Information: Initializing tracks (AFP-1004)
Removing existing floorplan objects
Creating core...
Core utilization ratio = 71.17%
Unplacing all cells...
Creating site array...
Creating routing tracks...
Initializing floorplan completed.
Information: Generated core area = 1270.505981 (AFP-2021)
Information: Generated core boundary = { {0 0} {0 35.4} {35.89 35.4} {35.89 0} } (AFP-2022)
Information: Shaping unshaped voltage areas (AFP-1011)
Information: Placing unplaced pins (AFP-1007)
Load DB...
CPU Time for load db: 00:00:00.00u 00:00:00.00s 00:00:00.00e: 

Min routing layer: M1
Max routing layer: MRDL


CPU Time for Top Level Pre-Route Processing: 00:00:00.00u 00:00:00.00s 00:00:00.00e: 
Warning: found large number of corner keepout wiretracks on side 1 of block dut_toplevel on layer MRDL and there is no enough wire tracks available on this side (DPPA-096)
Warning: found large number of corner keepout wiretracks on side 3 of block dut_toplevel on layer MRDL and there is no enough wire tracks available on this side (DPPA-096)
Warning: Cell contains tie connections which are not connected to real PG. (ZRT-511)
Cell Min-Routing-Layer = M1
Cell Max-Routing-Layer = MRDL
Turn off antenna since no rule is specified
Information: Option route.detail.force_end_on_preferred_grid will be ignored since none of the layers have preferred grid. (ZRT-703)

Block Pin Constraint   Min Pin Max Pin Reserve
                       Layer   Layer   Layer    Feedthroughs
--------------------   ------  ------  ------   ------------
dut_toplevel           M2      MRDL    MRDL     Not allowed

Via on layer (VIA1) needs more than one tracks
Warning: Layer M1 default pitch 0.074 may be too small to handle up/down via. Note, that minimum requirements are "wire/via-down 0.074" & "wire/via-up 0.078". (ZRT-026)
Via on layer (VIA1) needs more than one tracks
Warning: Layer M2 default pitch 0.060 may be too small to handle up/down via. Note, that minimum requirements are "wire/via-down 0.078" & "wire/via-up 0.060". (ZRT-026)
Via on layer (VIA4) needs more than one tracks
Warning: Layer M5 default pitch 0.100 may be too small to handle up/down via. Note, that minimum requirements are "wire/via-down 0.125" & "wire/via-up 0.100". (ZRT-026)
Via on layer (VIA7) needs more than one tracks
Warning: Layer M7 default pitch 0.100 may be too small to handle up/down via. Note, that minimum requirements are "wire/via-down 0.100" & "wire/via-up 0.107". (ZRT-026)
Wire on layer (M8) needs more than one tracks
Via on layer (VIA7) needs more than one tracks
Via on layer (VIA8) needs more than one tracks
Warning: Layer M8 default pitch 0.100 may be too small to handle up/down via. Note, that minimum requirements are "wire/via-down 0.107" & "wire/via-up 0.135". (ZRT-026)
Wire on layer (M9) needs more than one tracks
Via on layer (VIA8) needs more than one tracks
Via on layer (VIARDL) needs more than one tracks
Warning: Layer M9 default pitch 0.100 may be too small to handle up/down via. Note, that minimum requirements are "wire/via-down 0.135" & "wire/via-up 1.570". (ZRT-026)
Via on layer (VIARDL) needs more than one tracks
Warning: Layer MRDL default pitch 4.000 may be too small to handle up/down via. Note, that minimum requirements are "wire/via-down 4.500" & "wire/via-up 4.000". (ZRT-026)
Transition layer name: M7(6)
Transition layer name: M8(7)
Information: When applicable Min-max layer allow_pin_connection mode will allow paths of length 0.90 outside the layer range. (ZRT-707)
Information: When applicable Min-max layer allow_pin_connection mode will allow paths of length 0.90 outside the layer range on clock nets. (ZRT-718)
Information: When applicable layer based tapering will taper up to 0.00 in distance from the pin. (ZRT-706)
Warning: Master cell dut_toplevel has duplicated redundant library pin shapes at {-0.500 0.001} {-0.400 35.399} on layer M2. (ZRT-625)
Warning: Master cell dut_toplevel has duplicated redundant library pin shapes at {-0.500 0.001} {-0.400 35.399} on layer M2. (ZRT-625)
Warning: Master cell dut_toplevel has duplicated redundant library pin shapes at {-0.500 0.001} {-0.400 35.399} on layer M2. (ZRT-625)
Warning: Master cell dut_toplevel has duplicated redundant library pin shapes at {-0.500 0.001} {-0.400 35.399} on layer M2. (ZRT-625)
Warning: Master cell dut_toplevel has duplicated redundant library pin shapes at {-0.500 0.001} {-0.400 35.399} on layer M2. (ZRT-625)
Warning: Master cell dut_toplevel has duplicated redundant library pin shapes at {-0.500 0.001} {-0.400 35.399} on layer M2. (ZRT-625)
Warning: Master cell dut_toplevel has duplicated redundant library pin shapes at {-0.500 0.001} {-0.400 35.399} on layer M2. (ZRT-625)
Warning: Master cell dut_toplevel has duplicated redundant library pin shapes at {-0.500 0.001} {-0.400 35.399} on layer M2. (ZRT-625)
Warning: Master cell dut_toplevel has duplicated redundant library pin shapes at {-0.500 0.001} {-0.400 35.399} on layer M2. (ZRT-625)
Warning: Master cell dut_toplevel has duplicated redundant library pin shapes at {-0.500 0.001} {-0.400 35.399} on layer M2. (ZRT-625)
Note - message 'ZRT-625' limit (10) exceeded. Remainder will be suppressed.
Warning: Standard cell pin SAEDRVT14_ADDH_0P5/CO has no valid via regions. (ZRT-044)
Warning: Cell ctmi_2148 is placed overlapping with other cells at {{2.057 1.849} {2.871 2.449}}. (ZRT-763)
Start Global Route ... 
[Init] Elapsed real time: 0:00:00 
[Init] Elapsed cpu  time: sys=0:00:00 usr=0:00:00 total=0:00:00
[Init] Stage (MB): Used    0  Alloctr    0  Proc    0 
[Init] Total (MB): Used   52  Alloctr   52  Proc 5926 
Printing options for 'route.common.*'
common.clock_topology                                   :	 normal              
common.single_connection_to_pins                        :	 off                 

Printing options for 'route.global.*'
global.crosstalk_driven                                 :	 false               
global.deterministic                                    :	 on                  

Begin global routing.
Constructing data structure ...
Design statistics:
Design Bounding Box (-0.60um,-0.60um,36.49um,36.00um)
Number of routing layers = 10
layer M1, dir Ver, min width = 0.034um, min space = 0.026um pitch = 0.074um
layer M2, dir Hor, min width = 0.034um, min space = 0.026um pitch = 0.06um
layer M3, dir Ver, min width = 0.034um, min space = 0.026um pitch = 0.074um
layer M4, dir Hor, min width = 0.06um, min space = 0.04um pitch = 0.1um
layer M5, dir Ver, min width = 0.06um, min space = 0.04um pitch = 0.1um
layer M6, dir Hor, min width = 0.06um, min space = 0.04um pitch = 0.1um
layer M7, dir Ver, min width = 0.06um, min space = 0.04um pitch = 0.1um
layer M8, dir Hor, min width = 0.06um, min space = 0.04um pitch = 0.1um
layer M9, dir Ver, min width = 0.06um, min space = 0.04um pitch = 0.1um
layer MRDL, dir Hor, min width = 2um, min space = 2um pitch = 4um
Current Stage stats:
[End of Build Tech Data] Elapsed real time: 0:00:00 
[End of Build Tech Data] Elapsed cpu  time: sys=0:00:00 usr=0:00:00 total=0:00:00
[End of Build Tech Data] Stage (MB): Used    1  Alloctr    1  Proc    0 
[End of Build Tech Data] Total (MB): Used   56  Alloctr   57  Proc 5926 
Net statistics:
Total number of nets to route for block pin placement     = 168
Number of interface nets to route for block pin placement = 168
Net length statistics: 
Net Count(Ignore Fully Rted) 336, Total Half Perimeter Wire Length (HPWL) 6249 microns
HPWL   0 ~   50 microns: Net Count      335	Total HPWL         6180 microns
HPWL  50 ~  100 microns: Net Count        1	Total HPWL           69 microns
HPWL 100 ~  200 microns: Net Count        0	Total HPWL            0 microns
HPWL 200 ~  300 microns: Net Count        0	Total HPWL            0 microns
HPWL 300 ~  400 microns: Net Count        0	Total HPWL            0 microns
HPWL 400 ~  500 microns: Net Count        0	Total HPWL            0 microns
HPWL 500 ~  600 microns: Net Count        0	Total HPWL            0 microns
HPWL 600 ~  700 microns: Net Count        0	Total HPWL            0 microns
HPWL 700 ~  800 microns: Net Count        0	Total HPWL            0 microns
HPWL 800 ~  900 microns: Net Count        0	Total HPWL            0 microns
HPWL 900 ~ 1000 microns: Net Count        0	Total HPWL            0 microns
HPWL     > 1000 microns: Net Count        0	Total HPWL            0 microns
Current Stage stats:
[End of Build All Nets] Elapsed real time: 0:00:00 
[End of Build All Nets] Elapsed cpu  time: sys=0:00:00 usr=0:00:00 total=0:00:00
[End of Build All Nets] Stage (MB): Used    0  Alloctr    0  Proc  -32 
[End of Build All Nets] Total (MB): Used   57  Alloctr   58  Proc 5894 
Number of partitions: 1 (1 x 1)
Size of partitions: 33 gCells x 32 gCells
Average gCell capacity  15.15	 on layer (1)	 M1
Average gCell capacity  19.00	 on layer (2)	 M2
Average gCell capacity  15.15	 on layer (3)	 M3
Average gCell capacity  11.38	 on layer (4)	 M4
Average gCell capacity  11.18	 on layer (5)	 M5
Average gCell capacity  11.38	 on layer (6)	 M6
Average gCell capacity  11.18	 on layer (7)	 M7
Average gCell capacity  11.38	 on layer (8)	 M8
Average gCell capacity  11.18	 on layer (9)	 M9
Average gCell capacity  0.22	 on layer (10)	 MRDL
Average number of tracks per gCell 15.21	 on layer (1)	 M1
Average number of tracks per gCell 19.06	 on layer (2)	 M2
Average number of tracks per gCell 15.21	 on layer (3)	 M3
Average number of tracks per gCell 11.44	 on layer (4)	 M4
Average number of tracks per gCell 11.24	 on layer (5)	 M5
Average number of tracks per gCell 11.44	 on layer (6)	 M6
Average number of tracks per gCell 11.24	 on layer (7)	 M7
Average number of tracks per gCell 11.44	 on layer (8)	 M8
Average number of tracks per gCell 11.24	 on layer (9)	 M9
Average number of tracks per gCell 0.28	 on layer (10)	 MRDL
Number of gCells = 10560
Current Stage stats:
[End of Build Congestion Map] Elapsed real time: 0:00:00 
[End of Build Congestion Map] Elapsed cpu  time: sys=0:00:00 usr=0:00:00 total=0:00:00
[End of Build Congestion Map] Stage (MB): Used    1  Alloctr    1  Proc    0 
[End of Build Congestion Map] Total (MB): Used   58  Alloctr   59  Proc 5894 
Number of partitions: 1 (1 x 1)
Size of partitions: 33 gCells x 32 gCells
Current Stage stats:
[End of Add Nets Demand] Elapsed real time: 0:00:00 
[End of Add Nets Demand] Elapsed cpu  time: sys=0:00:00 usr=0:00:00 total=0:00:00
[End of Add Nets Demand] Stage (MB): Used    0  Alloctr    0  Proc    0 
[End of Add Nets Demand] Total (MB): Used   58  Alloctr   59  Proc 5894 
Number of user frozen nets = 0
Total stats:
[End of Build Data] Elapsed real time: 0:00:00 
[End of Build Data] Elapsed cpu  time: sys=0:00:00 usr=0:00:00 total=0:00:00
[End of Build Data] Stage (MB): Used    2  Alloctr    2  Proc  -32 
[End of Build Data] Total (MB): Used   58  Alloctr   59  Proc 5894 
Number of partitions: 1 (1 x 1)
Size of partitions: 33 gCells x 32 gCells
Current Stage stats:
[End of Blocked Pin Detection] Elapsed real time: 0:00:00 
[End of Blocked Pin Detection] Elapsed cpu  time: sys=0:00:00 usr=0:00:00 total=0:00:00
[End of Blocked Pin Detection] Stage (MB): Used   12  Alloctr   12  Proc    0 
[End of Blocked Pin Detection] Total (MB): Used   70  Alloctr   71  Proc 5894 
Information: Using 12 threads for routing. (ZRT-444)
Information: Buffer distance is estimated to be ~271.0000um (225 gCells)

Start GR phase 0
Number of partitions: 1 (1 x 1)
Size of partitions: 33 gCells x 32 gCells
[rtTop] Elapsed real time: 0:00:00 
[rtTop] Elapsed cpu  time: sys=0:00:00 usr=0:00:00 total=0:00:00
Current Stage stats:
[End of Initial Routing] Elapsed real time: 0:00:00 
[End of Initial Routing] Elapsed cpu  time: sys=0:00:00 usr=0:00:00 total=0:00:00
[End of Initial Routing] Stage (MB): Used    0  Alloctr    0  Proc    0 
[End of Initial Routing] Total (MB): Used   70  Alloctr   71  Proc 5894 
Initial. Routing result:
Initial. Both Dirs: Dmd-Cap  =     0 Max = 0 GRCs =     0 (0.00%)
Initial. H routing: Dmd-Cap  =     0 Max = 0 (GRCs =  0) GRCs =     0 (0.00%)
Initial. V routing: Dmd-Cap  =     0 Max = 0 (GRCs =  0) GRCs =     0 (0.00%)
Initial. Both Dirs: Overflow =     0 Max = 0 GRCs =     0 (0.00%)
Initial. H routing: Overflow =     0 Max = 0 (GRCs =  0) GRCs =     0 (0.00%)
Initial. V routing: Overflow =     0 Max = 0 (GRCs =  0) GRCs =     0 (0.00%)
Initial. M1         Overflow =     0 Max = 0 (GRCs =  0) GRCs =     0 (0.00%)
Initial. M2         Overflow =     0 Max = 0 (GRCs =  0) GRCs =     0 (0.00%)
Initial. M3         Overflow =     0 Max = 0 (GRCs =  0) GRCs =     0 (0.00%)
Initial. M4         Overflow =     0 Max = 0 (GRCs =  0) GRCs =     0 (0.00%)
Initial. M5         Overflow =     0 Max = 0 (GRCs =  0) GRCs =     0 (0.00%)
Initial. M6         Overflow =     0 Max = 0 (GRCs =  0) GRCs =     0 (0.00%)
Initial. M7         Overflow =     0 Max = 0 (GRCs =  0) GRCs =     0 (0.00%)
Initial. M8         Overflow =     0 Max = 0 (GRCs =  0) GRCs =     0 (0.00%)
Initial. M9         Overflow =     0 Max = 0 (GRCs =  0) GRCs =     0 (0.00%)
Initial. MRDL       Overflow =     0 Max = 0 (GRCs =  0) GRCs =     0 (0.00%)

Initial. Total Wire Length = 517.56
Initial. Layer M1 wire length = 0.00
Initial. Layer M2 wire length = 162.10
Initial. Layer M3 wire length = 265.84
Initial. Layer M4 wire length = 89.62
Initial. Layer M5 wire length = 0.00
Initial. Layer M6 wire length = 0.00
Initial. Layer M7 wire length = 0.00
Initial. Layer M8 wire length = 0.00
Initial. Layer M9 wire length = 0.00
Initial. Layer MRDL wire length = 0.00
Initial. Total Number of Contacts = 213
Initial. Via VIA1_Base count = 48
Initial. Via VIA2_Base count = 130
Initial. Via VIA34SQ_C count = 35
Initial. Via VIA4SQ count = 0
Initial. Via VIA5SQ_C count = 0
Initial. Via VIA67SQ_C count = 0
Initial. Via VIA78SQ_C count = 0
Initial. Via VIA89_C count = 0
Initial. Via VIA9RDL count = 0
Initial. completed.
[End of Whole Chip Routing] Elapsed real time: 0:00:00 
[End of Whole Chip Routing] Elapsed cpu  time: sys=0:00:00 usr=0:00:00 total=0:00:00
[End of Whole Chip Routing] Stage (MB): Used   14  Alloctr   15  Proc  -32 
[End of Whole Chip Routing] Total (MB): Used   70  Alloctr   71  Proc 5894 
[End of Global Routing] Elapsed real time: 0:00:00 
[End of Global Routing] Elapsed cpu  time: sys=0:00:00 usr=0:00:00 total=0:00:00
[End of Global Routing] Stage (MB): Used   14  Alloctr   14  Proc  -32 
[End of Global Routing] Total (MB): Used   70  Alloctr   71  Proc 5894 
[End of dbOut] Elapsed real time: 0:00:00 
[End of dbOut] Elapsed cpu  time: sys=0:00:00 usr=0:00:00 total=0:00:00
[End of dbOut] Stage (MB): Used    0  Alloctr    0  Proc    0 
[End of dbOut] Total (MB): Used   60  Alloctr   61  Proc 5894 
CPU Time for Global Route: 00:00:00.32u 00:00:00.02s 00:00:00.29e: 
Number of block ports: 170
Number of block pin locations assigned from router: 168
CPU Time for Pin Preparation: 00:00:00.00u 00:00:00.00s 00:00:00.00e: 
Number of PG ports on blocks: 0
Number of pins created: 170
CPU Time for Pin Creation: 00:00:00.01u 00:00:00.00s 00:00:00.01e: 
Total Pin Placement CPU Time: 00:00:00.33u 00:00:00.02s 00:00:00.30e: 
Information: Result of compile_fusion / logic_opto / Auto-Floorplan (2) (FLW-8500)
Information: Auto-Floorplan Summary (AFP-2023)
-------------------------------------------------------------------------------
              origin           area     boundary
core  auto-floorplan        1270.51   { {0 0} {0 35.4} {35.89 35.4} {35.89 0} }
die   auto-floorplan        1270.51   { {0 0} {0 35.4} {35.89 35.4} {35.89 0} }
-------------------------------------------------------------------------------

-------------------------------------------------------------------------------
objects             total        candidates          modified         preserved                 
voltage areas           0                 0                 0                 0
ios                     0                 0                 0                 0
macros                  0                 0                 0                 0
pins                  170               170               170                 0
-------------------------------------------------------------------------------
Information: Ending   compile_fusion / logic_opto / Auto-Floorplan (2) (FLW-8001)
Information: Time: 2025-05-28 13:38:14 / Session:  00:00:50 / Command:  00:00:24 / CPU:  00:00:32 / Memory: 1290 MB (FLW-8100)
Information: CPU Load: 12%, Ram Free: 48 GB, Swap Free: 1 GB, Work Disk Free: 308 GB, Tmp Disk Free: 308 GB (MSG-3995)
Information: Starting compile_fusion / logic_opto / Secondary PG connections (FLW-8000)
Information: Time: 2025-05-28 13:38:14 / Session:  00:00:50 / Command:  00:00:24 / CPU:  00:00:32 / Memory: 1290 MB (FLW-8100)
Information: CPU Load: 12%, Ram Free: 48 GB, Swap Free: 1 GB, Work Disk Free: 308 GB, Tmp Disk Free: 308 GB (MSG-3995)
Information: Secondary PG:  Secondary PG connections skipped because it is not a UPF design (FLW-1247)
Information: Ending   compile_fusion / logic_opto / Secondary PG connections (FLW-8001)
Information: Time: 2025-05-28 13:38:14 / Session:  00:00:50 / Command:  00:00:24 / CPU:  00:00:32 / Memory: 1290 MB (FLW-8100)
Information: CPU Load: 12%, Ram Free: 48 GB, Swap Free: 1 GB, Work Disk Free: 308 GB, Tmp Disk Free: 308 GB (MSG-3995)
Compile-fusion optimization summary            SETUP-COST    R2R-COST HOLD-COST LDRC-COST          AREA     LEAKAGE     INSTCNT            ELAPSE       MEM
Compile-fusion                                          -           -         -         -        904.25           -        1177              0.01      1290
Information: Ending   compile_fusion / logic_opto (FLW-8001)
Information: Time: 2025-05-28 13:38:14 / Session:  00:00:50 / Command:  00:00:24 / CPU:  00:00:32 / Memory: 1290 MB (FLW-8100)
Information: CPU Load: 12%, Ram Free: 48 GB, Swap Free: 1 GB, Work Disk Free: 308 GB, Tmp Disk Free: 308 GB (MSG-3995)

Information: >>>>>>> 11 unique error and warning message tags while observing compile_fusion / logic_opto: (MSG-3100)
Information: #prnt #trgr #lmt    Tag  Level     Format (or last printed message)                                (MSG-3036)
Information:     6     2  0 FLW-2224  WARNING   Warning: Duplicate callback function set for step 'fc/logic_... (MSG-3032)
Information:    75   248  5 SQM-1079  WARNING   Warning: Skipping check for single_bit_degenerate attribute ... (MSG-3032)
Information:    36   403  3 SQM-1067  WARNING   Warning: Mapping to scan cell 'SAEDRVT14_FSDPQ_V2LP_2' in li... (MSG-3032)
Information:   150   496 10 SQM-1061  WARNING   Warning: Cannot infer functionality of libcell 'saed14rvt_fr... (MSG-3032)
Information:    33    31 10 SQM-1053  WARNING   Warning: Found 8 multibit sequential library cells that have... (MSG-3032)
Information:     1     1  0 ZRT-511   WARNING   Warning: Cell contains tie connections which are not connect... (MSG-3032)
Information:     7     7  0 ZRT-026   WARNING   Warning: Layer MRDL default pitch 4.000 may be too small to ... (MSG-3032)
Information:     1     1  0 ZRT-763   WARNING   Warning: Cell ctmi_2148 is placed overlapping with other cel... (MSG-3032)
Information:     4     4  0 DPPA-096  WARNING   Warning: found large number of corner keepout wiretracks on ... (MSG-3032)
Information:    10    10  0 ZRT-625   WARNING   Warning: Master cell dut_toplevel has duplicated redundant l... (MSG-3032)
Information:     6     6  0 OPT-902   WARNING   Warning: No clock routing rules were specified. Use set_cloc... (MSG-3032)
Information:   329  1209  4       11  <------   Total sum of messages (MSG-3038)
Information: >>>>>>> Summary: 1209 error&warning MSGs observed during compile_fusion / logic_opto (MSG-3103)

Information: Summary of UPF Cells (UPF-532)
*******************************************************************************
                            Summary of UPF Cells                               
*******************************************************************************
This is NOT a UPF design.
UPF is NOT loaded.
UPF is NOT committed.
-------------------------------------------------------------------------------
*******************************************************************************
                        End of Summary of UPF Cells                            
*******************************************************************************
[Tim-Power] Info: Cleared Leakage libCell cache.
Information: Timer using 12 threads
INFO: End environment monitoring: recipes
INFO: Restored 0 timer status, 3 app options, 0 tcl gvars, 0 env vars
Information: >>>>>>> 12 unique error and warning message tags while observing fusion: (MSG-3100)
Information: #prnt #trgr #lmt    Tag  Level     Format (or last printed message)                                (MSG-3036)
Information:     6     2  0 FLW-2224  WARNING   Warning: Duplicate callback function set for step 'fc/logic_... (MSG-3032)
Information:    75   256  5 SQM-1079  WARNING   Warning: Skipping check for single_bit_degenerate attribute ... (MSG-3032)
Information:    36   416  3 SQM-1067  WARNING   Warning: Mapping to scan cell 'SAEDRVT14_FSDPQ_V2LP_2' in li... (MSG-3032)
Information:   150   512 10 SQM-1061  WARNING   Warning: Cannot infer functionality of libcell 'saed14rvt_fr... (MSG-3032)
Information:    33    32 10 SQM-1053  WARNING   Warning: Found 8 multibit sequential library cells that have... (MSG-3032)
Information:     1     1  0 ZRT-511   WARNING   Warning: Cell contains tie connections which are not connect... (MSG-3032)
Information:     7     7  0 ZRT-026   WARNING   Warning: Layer MRDL default pitch 4.000 may be too small to ... (MSG-3032)
Information:     1     1  0 ZRT-763   WARNING   Warning: Cell ctmi_2148 is placed overlapping with other cel... (MSG-3032)
Information:     4     4  0 DPPA-096  WARNING   Warning: found large number of corner keepout wiretracks on ... (MSG-3032)
Information:   104    13  0 LGL-397   WARNING   Warning: No site rows found in floorplan. (LGL-397)             (MSG-3032)
Information:    10    10  0 ZRT-625   WARNING   Warning: Master cell dut_toplevel has duplicated redundant l... (MSG-3032)
Information:     6     6  0 OPT-902   WARNING   Warning: No clock routing rules were specified. Use set_cloc... (MSG-3032)
Information:   433  1260  4       12  <------   Total sum of messages (MSG-3038)
Information: >>>>>>> Summary: 1260 error&warning MSGs observed during fusion (MSG-3103)
Information: Ending   'compile_fusion -from logic_opto -to logic_opto' (FLW-8001)
Information: Time: 2025-05-28 13:38:14 / Session:  00:00:50 / Command:  00:00:24 / CPU:  00:00:32 / Memory: 1290 MB (FLW-8100)
Information: CPU Load: 12%, Ram Free: 48 GB, Swap Free: 1 GB, Work Disk Free: 308 GB, Tmp Disk Free: 308 GB (MSG-3995)
Generating reports for stage: logic_opto
[Tim-Power] Info: Cleared Leakage libCell cache.
Generated reports for stage: logic_opto
compile_and_report initial_place
Information: 820 out of 830 POW-046 messages were not printed due to limit 10 (after 'compile_fusion' at task1.tcl:56) (MSG-3913)
INFO: compile_fusion is running in balanced flow mode.
Information: Starting 'compile_fusion -from initial_place -to initial_place' (FLW-8000)
Information: Time: 2025-05-28 13:38:15 / Session:  00:00:51 / Command:  00:00:00 / CPU:  00:00:00 / Memory: 1290 MB (FLW-8100)
Information: CPU Load: 12%, Ram Free: 48 GB, Swap Free: 1 GB, Work Disk Free: 308 GB, Tmp Disk Free: 308 GB (MSG-3995)
CPU Load: 12%, Ram Free: 48 GB, Swap Free: 1 GB, Work Disk Free: 308 GB, Tmp Disk Free: 308 GB
INFO: Start environment monitoring: recipes
INFO: compile_fusion is running in balanced flow mode.
Warning: Cannot infer functionality of libcell 'saed14rvt_frame_timing/SAEDRVT14_FDNRBSBQ_V2_0P5' and will be excluded from sequential mapping. (SQM-1061)
Warning: Cannot infer functionality of libcell 'saed14rvt_frame_timing/SAEDRVT14_FDNRBSBQ_V2_1' and will be excluded from sequential mapping. (SQM-1061)
Warning: Cannot infer functionality of libcell 'saed14rvt_frame_timing/SAEDRVT14_FDNRBSBQ_V2_2' and will be excluded from sequential mapping. (SQM-1061)
Warning: Cannot infer functionality of libcell 'saed14rvt_frame_timing/SAEDRVT14_FDNRBSBQ_V2_4' and will be excluded from sequential mapping. (SQM-1061)
Warning: Cannot infer functionality of libcell 'saed14rvt_frame_timing/SAEDRVT14_FDPRBSBQ_V2_0P5' and will be excluded from sequential mapping. (SQM-1061)
Warning: Cannot infer functionality of libcell 'saed14rvt_frame_timing/SAEDRVT14_FDPRBSBQ_V2_1' and will be excluded from sequential mapping. (SQM-1061)
Warning: Cannot infer functionality of libcell 'saed14rvt_frame_timing/SAEDRVT14_FDPRBSBQ_V2_2' and will be excluded from sequential mapping. (SQM-1061)
Warning: Cannot infer functionality of libcell 'saed14rvt_frame_timing/SAEDRVT14_FDPRBSBQ_V2_4' and will be excluded from sequential mapping. (SQM-1061)
Warning: Mapping to scan cell 'SAEDRVT14_FSDPQB_V2LP_1' in library is not possible because cell has 'dont_use' attribute. (SQM-1067)
Warning: Mapping to scan cell 'SAEDRVT14_FSDPQ_V2LP_1' in library is not possible because cell has 'dont_use' attribute. (SQM-1067)
Warning: Mapping to scan cell 'SAEDRVT14_FSDPQ_V2LP_2' in library is not possible because cell has 'dont_use' attribute. (SQM-1067)
Warning: Cannot infer functionality of libcell 'saed14rvt_frame_timing/SAEDRVT14_FSDPRBSBQ_V2LP_0P5' and will be excluded from sequential mapping. (SQM-1061)
Warning: Cannot infer functionality of libcell 'saed14rvt_frame_timing/SAEDRVT14_FSDPRBSBQ_V2LP_2' and will be excluded from sequential mapping. (SQM-1061)
Warning: Skipping check for single_bit_degenerate attribute on the multibit libcell 'saed14rvt_frame_timing/SAEDRVT14_FSDN2_V2_0P5' since it is not a black-box. (SQM-1079)
Information: No single-bit representative was found for multibit lib cell 'saed14rvt_frame_timing/SAEDRVT14_FSDN2_V2_0P5'. (SQM-2004)
Warning: Skipping check for single_bit_degenerate attribute on the multibit libcell 'saed14rvt_frame_timing/SAEDRVT14_FSDN2_V2_1' since it is not a black-box. (SQM-1079)
Information: No single-bit representative was found for multibit lib cell 'saed14rvt_frame_timing/SAEDRVT14_FSDN2_V2_1'. (SQM-2004)
Warning: Skipping check for single_bit_degenerate attribute on the multibit libcell 'saed14rvt_frame_timing/SAEDRVT14_FSDN2_V2_2' since it is not a black-box. (SQM-1079)
Information: No single-bit representative was found for multibit lib cell 'saed14rvt_frame_timing/SAEDRVT14_FSDN2_V2_2'. (SQM-2004)
Warning: Skipping check for single_bit_degenerate attribute on the multibit libcell 'saed14rvt_frame_timing/SAEDRVT14_FSDN2_V2_4' since it is not a black-box. (SQM-1079)
Information: No single-bit representative was found for multibit lib cell 'saed14rvt_frame_timing/SAEDRVT14_FSDN2_V2_4'. (SQM-2004)
Warning: Skipping check for single_bit_degenerate attribute on the multibit libcell 'saed14rvt_frame_timing/SAEDRVT14_FSDN4_V2_0P5' since it is not a black-box. (SQM-1079)
Information: No single-bit representative was found for multibit lib cell 'saed14rvt_frame_timing/SAEDRVT14_FSDN4_V2_0P5'. (SQM-2004)
Information: No single-bit representative was found for multibit lib cell 'saed14rvt_frame_timing/SAEDRVT14_FSDN4_V2_1'. (SQM-2004)
Information: No single-bit representative was found for multibit lib cell 'saed14rvt_frame_timing/SAEDRVT14_FSDN4_V2_2'. (SQM-2004)
Information: No single-bit representative was found for multibit lib cell 'saed14rvt_frame_timing/SAEDRVT14_FSDN4_V2_4'. (SQM-2004)
Warning: Found 8 multibit sequential library cells that have missing/added attributes or have restrictions that prevent them from banking. (SQM-1053)
0 sequential multibit library cells have restrictions (dont_use or dont_touch).
8 sequential multibit library cells have missing sequential mapping relevant attributes
Information: 6 out of 16 SQM-1061 messages were not printed due to limit 10 (after 'compile_fusion' at task1.tcl:56) (MSG-3913)
Information: 10 out of 13 SQM-1067 messages were not printed due to limit 3 (after 'compile_fusion' at task1.tcl:56) (MSG-3913)
Information: 3 out of 8 SQM-1079 messages were not printed due to limit 5 (after 'compile_fusion' at task1.tcl:56) (MSG-3913)
Information: The automatic clock gate timing flow is activated. Clock latencies set on clock gate cells will be automatically adjusted by an estimate for latency. (CGT-4005)
Information: Change threshold for extractor is reset. (FLW-1300)
Information: The stitching and editing of coupling caps is turned OFF for design 'dut_toplevel.dlib:dut_toplevel/compile_flow.design'. (TIM-125)
Warning: Duplicate callback function set for step 'fc/logic_opto/dwProcessPrecond1' (FLW-2224)
Warning: Duplicate callback function set for step 'fc/logic_opto/dwProcessPrecond1' (FLW-2224)
Information: The net parasitics of block dut_toplevel are cleared. (TIM-123)
Information: The stitching and editing of coupling caps is turned OFF for design 'dut_toplevel.dlib:dut_toplevel/compile_flow.design'. (TIM-125)
----------------------------------------------------------------------------------------------------------
Information: Starting compile_fusion / initial_place (FLW-8000)
Information: Time: 2025-05-28 13:38:17 / Session:  00:00:53 / Command:  00:00:01 / CPU:  00:00:02 / Memory: 1290 MB (FLW-8100)
Information: CPU Load: 12%, Ram Free: 48 GB, Swap Free: 1 GB, Work Disk Free: 308 GB, Tmp Disk Free: 308 GB (MSG-3995)
----------------------------------------------------------------------------------------------------------
Information: Starting compile_fusion / initial_place / Load Design (FLW-8000)
Information: Time: 2025-05-28 13:38:17 / Session:  00:00:53 / Command:  00:00:01 / CPU:  00:00:02 / Memory: 1290 MB (FLW-8100)
Information: CPU Load: 12%, Ram Free: 48 GB, Swap Free: 1 GB, Work Disk Free: 308 GB, Tmp Disk Free: 308 GB (MSG-3995)
Information: Ending   compile_fusion / initial_place / Load Design (FLW-8001)
Information: Time: 2025-05-28 13:38:17 / Session:  00:00:53 / Command:  00:00:01 / CPU:  00:00:02 / Memory: 1290 MB (FLW-8100)
Information: CPU Load: 12%, Ram Free: 48 GB, Swap Free: 1 GB, Work Disk Free: 308 GB, Tmp Disk Free: 308 GB (MSG-3995)
Information: Starting compile_fusion / initial_place / pre-placement setup (FLW-8000)
Information: Time: 2025-05-28 13:38:17 / Session:  00:00:53 / Command:  00:00:01 / CPU:  00:00:02 / Memory: 1290 MB (FLW-8100)
Information: CPU Load: 12%, Ram Free: 48 GB, Swap Free: 1 GB, Work Disk Free: 308 GB, Tmp Disk Free: 308 GB (MSG-3995)
Information: Ending   compile_fusion / initial_place / pre-placement setup (FLW-8001)
Information: Time: 2025-05-28 13:38:17 / Session:  00:00:53 / Command:  00:00:01 / CPU:  00:00:02 / Memory: 1290 MB (FLW-8100)
Information: CPU Load: 12%, Ram Free: 48 GB, Swap Free: 1 GB, Work Disk Free: 308 GB, Tmp Disk Free: 308 GB (MSG-3995)
Information: Starting compile_fusion / initial_place / Initial Placement (FLW-8000)
Information: Time: 2025-05-28 13:38:17 / Session:  00:00:53 / Command:  00:00:01 / CPU:  00:00:02 / Memory: 1290 MB (FLW-8100)
Information: CPU Load: 12%, Ram Free: 48 GB, Swap Free: 1 GB, Work Disk Free: 308 GB, Tmp Disk Free: 308 GB (MSG-3995)
----------------------------------------------------------------
running create_placement
Corner Scaling is off, multiplier is 1.000000
ORB: timingScenario Normal_Typical timingCorner Typical
INFO: Using corner Typical for worst leakage corner
Using default layer M4
new cutoff lpd: 4.05079e-07
corner scaling: maxCornerId = 1
corner=Typical, tran factor=1.000000 (0.030008 / 0.030008)
ORB: Nominal = 0.0053281  Design MT = inf  Target = 0.0300080 (5.632 nominal)  MaxRC = 0.020355
ORB: Fast Target = 0.010069 ( 1.890 nominal )
ORB: stageDelay=0.02037, stageLength=1552950
nplLib: default vr hor dist = 311
nplLib: default vr ver dist = 311
nplLib: default vr buf size = 2
nplLib: default vr buf size = 1
Information: Activity propagation will be performed for scenario Normal_Typical.
Information: Doing activity propagation for mode 'Normal' and corner 'Typical' with effort level 'medium'. (POW-024)
Information: Timer-derived activity data is cached on scenario Normal_Typical (POW-052)
Information: Running switching activity propagation with 12 threads!

 **** Information : No. of simulation cycles = 6 ****
****** eLpp estimated wire length 
6.7043% of the net wire length are clock nets
0% of the clock net wire length has no activity
Clock net wire length: 6.58745e+06
Total net wire length: 9.82571e+07
****** eLpp weights (no caps)
Number of nets: 1607, of which 1595 non-clock nets
Number of nets with 0 toggle rate: 0
Max toggle rate = 0.666667, average toggle rate = 0.0123935
Max non-clock toggle rate = 0.054518
eLpp weight range = (0.00875512, 53.7914)
*** 1 nets are filtered out

Placement Options:
Effort:                        high_effort         
Timing Driven:                 false               
Buffering Aware Timing Driven: false               
Seed locs:                     false               
Incremental:                   false               
Congestion:                    false               
Fix Macros:                    true                
Place Macros:                  false               
Channel Size Macros:           false               

Printing options for 'place.coarse.*' (non-default only)
place.coarse.continue_on_missing_scandef                :	 true                

Start transferring placement data.
****** Net weight manager: report ******
Weights included: eLpp  Timing  
Number of nets with non-default weights: 1607
Amt power = 0.1
Timing factor = 1
Non-default weight range: (0.793691, 6.17196)
Information: Automatic repeater spreading is enabled.
Completed transferring placement data.
Running placement using 12 thread(s)
Information: Enhanced Auto Density Control is used. (PLACE-098)
Information: Enhanced auto density configuration is 13179.
Information: Automatic density control has selected the following settings: max_density 0.55, congestion_driven_max_util 0.87. (PLACE-027)
Information: HFW control 'off' invoked.
Creating placement from scratch.
coarse place 0% done.
coarse place 17% done.
coarse place 33% done.
Information: Coarse placer weighted wire length estimate = 8.86049e+07
Information: Extraction observers are detached as design net change threshold is reached.
Warning: No clock routing rules were specified. Use set_clock_routing_rules to specify routing rules for accurate clock latency estimation. (OPT-902)
Warning: No clock routing rules were specified. Use set_clock_routing_rules to specify routing rules for accurate clock latency estimation. (OPT-902)
Information: Estimating clock gate latencies for scenario 'Normal_Typical'. (OPT-909)
----------------------------------------------------------------
----------------------------------------------------------------
running create_placement
Information: The stitching and editing of coupling caps is turned OFF for design 'dut_toplevel.dlib:dut_toplevel/compile_flow.design'. (TIM-125)
CGRW: permuting timing equivalent pins only
Corner Scaling is off, multiplier is 1.000000
ORB: timingScenario Normal_Typical timingCorner Typical
INFO: Using corner Typical for worst leakage corner
Using default layer M4
new cutoff lpd: 4.05079e-07
corner scaling: maxCornerId = 1
corner=Typical, tran factor=1.000000 (0.030008 / 0.030008)
ORB: Nominal = 0.0053281  Design MT = inf  Target = 0.0300080 (5.632 nominal)  MaxRC = 0.020355
ORB: Fast Target = 0.010069 ( 1.890 nominal )
ORB: stageDelay=0.02037, stageLength=1552950
nplLib: default vr hor dist = 311
nplLib: default vr ver dist = 311
nplLib: default vr buf size = 2
nplLib: default vr buf size = 1
Info: e-eLpp used with low effort

Placement Options:
Effort:                        medium_effort       
Timing Driven:                 true                
Buffering Aware Timing Driven: true                
Seed locs:                     true                
Incremental:                   false               
Congestion:                    false               
Fix Macros:                    true                
Place Macros:                  false               
Channel Size Macros:           false               

Printing options for 'place.coarse.*' (non-default only)
place.coarse.continue_on_missing_scandef                :	 true                

Start transferring placement data.
****** eLpp estimated wire length 
6.23187% of the net wire length are clock nets
0% of the clock net wire length has no activity
Clock net wire length: 5.08618e+06
Total net wire length: 8.16156e+07
****** eLpp weights (no caps)
Number of nets: 1607, of which 1595 non-clock nets
Number of nets with 0 toggle rate: 0
Max toggle rate = 0.666667, average toggle rate = 0.0123935
Max non-clock toggle rate = 0.054518
eLpp weight range = (0.00875512, 53.7914)
*** 1 nets are filtered out
****** Net weight manager: report ******
Weights included: eLpp  Timing  
Number of nets with non-default weights: 1607
Amt power = 0.1
Timing factor = 1
Non-default weight range: (0.793691, 6.17196)
Information: Automatic repeater spreading is enabled.
Restructuring in 1 hierarchies
CGRW: importing permutable pins & pairs, size 8 and above
Information: Automatic timing control is enabled.
checking app option clockgate_objective_weight : none
Using worst RC corner 'Typical' for buffer aware analysis.
DTDP placement: scenario=Normal_Typical
Completed transferring placement data.
Running placement using 12 thread(s)
Information: Enhanced Auto Density Control is used. (PLACE-098)
Information: Enhanced auto density configuration is 13179.
Information: Automatic density control has selected the following settings: max_density 0.55, congestion_driven_max_util 0.87. (PLACE-027)
Information: HFW control 'off' invoked.
coarse place 0% done.
Selected 273 sequential cells for slack balancing.
coarse place 20% done.
coarse place 40% done.
coarse place 60% done.
coarse place 80% done.
coarse place 100% done.
Information: Coarse placer weighted wire length estimate = 1.04349e+08
Information: Extraction observers are detached as design net change threshold is reached.
Stored 0 bounds for preserving balanced registers 
Warning: No clock routing rules were specified. Use set_clock_routing_rules to specify routing rules for accurate clock latency estimation. (OPT-902)
Warning: No clock routing rules were specified. Use set_clock_routing_rules to specify routing rules for accurate clock latency estimation. (OPT-902)
Information: Estimating clock gate latencies for scenario 'Normal_Typical'. (OPT-909)
----------------------------------------------------------------
Information: Ending   compile_fusion / initial_place / Initial Placement (FLW-8001)
Information: Time: 2025-05-28 13:38:21 / Session:  00:00:57 / Command:  00:00:05 / CPU:  00:00:18 / Memory: 1290 MB (FLW-8100)
Information: CPU Load: 11%, Ram Free: 48 GB, Swap Free: 1 GB, Work Disk Free: 308 GB, Tmp Disk Free: 308 GB (MSG-3995)
Information: Placing unplaced pins (AFP-1007)
Load DB...
CPU Time for load db: 00:00:00.00u 00:00:00.00s 00:00:00.00e: 

Min routing layer: M1
Max routing layer: MRDL


CPU Time for Top Level Pre-Route Processing: 00:00:00.00u 00:00:00.00s 00:00:00.00e: 
Warning: found large number of corner keepout wiretracks on side 1 of block dut_toplevel on layer MRDL and there is no enough wire tracks available on this side (DPPA-096)
Warning: found large number of corner keepout wiretracks on side 3 of block dut_toplevel on layer MRDL and there is no enough wire tracks available on this side (DPPA-096)
Warning: Cell contains tie connections which are not connected to real PG. (ZRT-511)
Cell Min-Routing-Layer = M1
Cell Max-Routing-Layer = MRDL
Turn off antenna since no rule is specified
Information: Option route.detail.force_end_on_preferred_grid will be ignored since none of the layers have preferred grid. (ZRT-703)

Block Pin Constraint   Min Pin Max Pin Reserve
                       Layer   Layer   Layer    Feedthroughs
--------------------   ------  ------  ------   ------------
dut_toplevel           M2      MRDL    MRDL     Not allowed

Via on layer (VIA1) needs more than one tracks
Warning: Layer M1 default pitch 0.074 may be too small to handle up/down via. Note, that minimum requirements are "wire/via-down 0.074" & "wire/via-up 0.078". (ZRT-026)
Via on layer (VIA1) needs more than one tracks
Warning: Layer M2 default pitch 0.060 may be too small to handle up/down via. Note, that minimum requirements are "wire/via-down 0.078" & "wire/via-up 0.060". (ZRT-026)
Via on layer (VIA4) needs more than one tracks
Warning: Layer M5 default pitch 0.100 may be too small to handle up/down via. Note, that minimum requirements are "wire/via-down 0.125" & "wire/via-up 0.100". (ZRT-026)
Via on layer (VIA7) needs more than one tracks
Warning: Layer M7 default pitch 0.100 may be too small to handle up/down via. Note, that minimum requirements are "wire/via-down 0.100" & "wire/via-up 0.107". (ZRT-026)
Wire on layer (M8) needs more than one tracks
Via on layer (VIA7) needs more than one tracks
Via on layer (VIA8) needs more than one tracks
Warning: Layer M8 default pitch 0.100 may be too small to handle up/down via. Note, that minimum requirements are "wire/via-down 0.107" & "wire/via-up 0.135". (ZRT-026)
Wire on layer (M9) needs more than one tracks
Via on layer (VIA8) needs more than one tracks
Via on layer (VIARDL) needs more than one tracks
Warning: Layer M9 default pitch 0.100 may be too small to handle up/down via. Note, that minimum requirements are "wire/via-down 0.135" & "wire/via-up 1.570". (ZRT-026)
Via on layer (VIARDL) needs more than one tracks
Warning: Layer MRDL default pitch 4.000 may be too small to handle up/down via. Note, that minimum requirements are "wire/via-down 4.500" & "wire/via-up 4.000". (ZRT-026)
Transition layer name: M7(6)
Transition layer name: M8(7)
Information: When applicable Min-max layer allow_pin_connection mode will allow paths of length 0.90 outside the layer range. (ZRT-707)
Information: When applicable Min-max layer allow_pin_connection mode will allow paths of length 0.90 outside the layer range on clock nets. (ZRT-718)
Information: When applicable layer based tapering will taper up to 0.00 in distance from the pin. (ZRT-706)
Warning: Standard cell pin SAEDRVT14_ADDH_0P5/CO has no valid via regions. (ZRT-044)
Warning: Cell ctmi_2152 is placed overlapping with other cells at {{2.051 1.894} {2.865 2.494}}. (ZRT-763)
Start Global Route ... 
[Init] Elapsed real time: 0:00:00 
[Init] Elapsed cpu  time: sys=0:00:00 usr=0:00:00 total=0:00:00
[Init] Stage (MB): Used    0  Alloctr    0  Proc    0 
[Init] Total (MB): Used   52  Alloctr   52  Proc 5902 
Printing options for 'route.common.*'
common.clock_topology                                   :	 normal              
common.single_connection_to_pins                        :	 off                 

Printing options for 'route.global.*'
global.crosstalk_driven                                 :	 false               

Begin global routing.
Constructing data structure ...
Design statistics:
Design Bounding Box (-0.60um,-0.60um,36.49um,36.00um)
Number of routing layers = 10
layer M1, dir Ver, min width = 0.034um, min space = 0.026um pitch = 0.074um
layer M2, dir Hor, min width = 0.034um, min space = 0.026um pitch = 0.06um
layer M3, dir Ver, min width = 0.034um, min space = 0.026um pitch = 0.074um
layer M4, dir Hor, min width = 0.06um, min space = 0.04um pitch = 0.1um
layer M5, dir Ver, min width = 0.06um, min space = 0.04um pitch = 0.1um
layer M6, dir Hor, min width = 0.06um, min space = 0.04um pitch = 0.1um
layer M7, dir Ver, min width = 0.06um, min space = 0.04um pitch = 0.1um
layer M8, dir Hor, min width = 0.06um, min space = 0.04um pitch = 0.1um
layer M9, dir Ver, min width = 0.06um, min space = 0.04um pitch = 0.1um
layer MRDL, dir Hor, min width = 2um, min space = 2um pitch = 4um
Current Stage stats:
[End of Build Tech Data] Elapsed real time: 0:00:00 
[End of Build Tech Data] Elapsed cpu  time: sys=0:00:00 usr=0:00:00 total=0:00:00
[End of Build Tech Data] Stage (MB): Used    1  Alloctr    1  Proc    0 
[End of Build Tech Data] Total (MB): Used   56  Alloctr   57  Proc 5902 
Net statistics:
Total number of nets to route for block pin placement     = 168
Number of interface nets to route for block pin placement = 168
Net length statistics: 
Net Count(Ignore Fully Rted) 336, Total Half Perimeter Wire Length (HPWL) 6178 microns
HPWL   0 ~   50 microns: Net Count      335	Total HPWL         6109 microns
HPWL  50 ~  100 microns: Net Count        1	Total HPWL           69 microns
HPWL 100 ~  200 microns: Net Count        0	Total HPWL            0 microns
HPWL 200 ~  300 microns: Net Count        0	Total HPWL            0 microns
HPWL 300 ~  400 microns: Net Count        0	Total HPWL            0 microns
HPWL 400 ~  500 microns: Net Count        0	Total HPWL            0 microns
HPWL 500 ~  600 microns: Net Count        0	Total HPWL            0 microns
HPWL 600 ~  700 microns: Net Count        0	Total HPWL            0 microns
HPWL 700 ~  800 microns: Net Count        0	Total HPWL            0 microns
HPWL 800 ~  900 microns: Net Count        0	Total HPWL            0 microns
HPWL 900 ~ 1000 microns: Net Count        0	Total HPWL            0 microns
HPWL     > 1000 microns: Net Count        0	Total HPWL            0 microns
Current Stage stats:
[End of Build All Nets] Elapsed real time: 0:00:00 
[End of Build All Nets] Elapsed cpu  time: sys=0:00:00 usr=0:00:00 total=0:00:00
[End of Build All Nets] Stage (MB): Used    0  Alloctr    0  Proc    0 
[End of Build All Nets] Total (MB): Used   57  Alloctr   58  Proc 5902 
Number of partitions: 1 (1 x 1)
Size of partitions: 33 gCells x 32 gCells
Average gCell capacity  15.15	 on layer (1)	 M1
Average gCell capacity  19.00	 on layer (2)	 M2
Average gCell capacity  15.15	 on layer (3)	 M3
Average gCell capacity  11.38	 on layer (4)	 M4
Average gCell capacity  11.18	 on layer (5)	 M5
Average gCell capacity  11.38	 on layer (6)	 M6
Average gCell capacity  11.18	 on layer (7)	 M7
Average gCell capacity  11.38	 on layer (8)	 M8
Average gCell capacity  11.18	 on layer (9)	 M9
Average gCell capacity  0.22	 on layer (10)	 MRDL
Average number of tracks per gCell 15.21	 on layer (1)	 M1
Average number of tracks per gCell 19.06	 on layer (2)	 M2
Average number of tracks per gCell 15.21	 on layer (3)	 M3
Average number of tracks per gCell 11.44	 on layer (4)	 M4
Average number of tracks per gCell 11.24	 on layer (5)	 M5
Average number of tracks per gCell 11.44	 on layer (6)	 M6
Average number of tracks per gCell 11.24	 on layer (7)	 M7
Average number of tracks per gCell 11.44	 on layer (8)	 M8
Average number of tracks per gCell 11.24	 on layer (9)	 M9
Average number of tracks per gCell 0.28	 on layer (10)	 MRDL
Number of gCells = 10560
Current Stage stats:
[End of Build Congestion Map] Elapsed real time: 0:00:00 
[End of Build Congestion Map] Elapsed cpu  time: sys=0:00:00 usr=0:00:00 total=0:00:00
[End of Build Congestion Map] Stage (MB): Used    1  Alloctr    1  Proc    0 
[End of Build Congestion Map] Total (MB): Used   58  Alloctr   59  Proc 5902 
Number of partitions: 1 (1 x 1)
Size of partitions: 33 gCells x 32 gCells
Current Stage stats:
[End of Add Nets Demand] Elapsed real time: 0:00:00 
[End of Add Nets Demand] Elapsed cpu  time: sys=0:00:00 usr=0:00:00 total=0:00:00
[End of Add Nets Demand] Stage (MB): Used    0  Alloctr    0  Proc    0 
[End of Add Nets Demand] Total (MB): Used   58  Alloctr   59  Proc 5902 
Number of user frozen nets = 0
Total stats:
[End of Build Data] Elapsed real time: 0:00:00 
[End of Build Data] Elapsed cpu  time: sys=0:00:00 usr=0:00:00 total=0:00:00
[End of Build Data] Stage (MB): Used    2  Alloctr    2  Proc    0 
[End of Build Data] Total (MB): Used   58  Alloctr   59  Proc 5902 
Number of partitions: 1 (1 x 1)
Size of partitions: 33 gCells x 32 gCells
Current Stage stats:
[End of Blocked Pin Detection] Elapsed real time: 0:00:00 
[End of Blocked Pin Detection] Elapsed cpu  time: sys=0:00:00 usr=0:00:00 total=0:00:00
[End of Blocked Pin Detection] Stage (MB): Used   12  Alloctr   12  Proc    0 
[End of Blocked Pin Detection] Total (MB): Used   70  Alloctr   71  Proc 5902 
Information: Using 12 threads for routing. (ZRT-444)
Information: Buffer distance is estimated to be ~271.0000um (225 gCells)

Start GR phase 0
Number of partitions: 1 (1 x 1)
Size of partitions: 33 gCells x 32 gCells
[rtTop] Elapsed real time: 0:00:00 
[rtTop] Elapsed cpu  time: sys=0:00:00 usr=0:00:00 total=0:00:00
Current Stage stats:
[End of Initial Routing] Elapsed real time: 0:00:00 
[End of Initial Routing] Elapsed cpu  time: sys=0:00:00 usr=0:00:00 total=0:00:00
[End of Initial Routing] Stage (MB): Used    0  Alloctr    0  Proc    0 
[End of Initial Routing] Total (MB): Used   70  Alloctr   71  Proc 5902 
Initial. Routing result:
Initial. Both Dirs: Dmd-Cap  =     0 Max = 0 GRCs =     0 (0.00%)
Initial. H routing: Dmd-Cap  =     0 Max = 0 (GRCs =  0) GRCs =     0 (0.00%)
Initial. V routing: Dmd-Cap  =     0 Max = 0 (GRCs =  0) GRCs =     0 (0.00%)
Initial. Both Dirs: Overflow =     0 Max = 0 GRCs =     0 (0.00%)
Initial. H routing: Overflow =     0 Max = 0 (GRCs =  0) GRCs =     0 (0.00%)
Initial. V routing: Overflow =     0 Max = 0 (GRCs =  0) GRCs =     0 (0.00%)
Initial. M1         Overflow =     0 Max = 0 (GRCs =  0) GRCs =     0 (0.00%)
Initial. M2         Overflow =     0 Max = 0 (GRCs =  0) GRCs =     0 (0.00%)
Initial. M3         Overflow =     0 Max = 0 (GRCs =  0) GRCs =     0 (0.00%)
Initial. M4         Overflow =     0 Max = 0 (GRCs =  0) GRCs =     0 (0.00%)
Initial. M5         Overflow =     0 Max = 0 (GRCs =  0) GRCs =     0 (0.00%)
Initial. M6         Overflow =     0 Max = 0 (GRCs =  0) GRCs =     0 (0.00%)
Initial. M7         Overflow =     0 Max = 0 (GRCs =  0) GRCs =     0 (0.00%)
Initial. M8         Overflow =     0 Max = 0 (GRCs =  0) GRCs =     0 (0.00%)
Initial. M9         Overflow =     0 Max = 0 (GRCs =  0) GRCs =     0 (0.00%)
Initial. MRDL       Overflow =     0 Max = 0 (GRCs =  0) GRCs =     0 (0.00%)

Initial. Total Wire Length = 459.89
Initial. Layer M1 wire length = 0.00
Initial. Layer M2 wire length = 146.59
Initial. Layer M3 wire length = 228.73
Initial. Layer M4 wire length = 84.57
Initial. Layer M5 wire length = 0.00
Initial. Layer M6 wire length = 0.00
Initial. Layer M7 wire length = 0.00
Initial. Layer M8 wire length = 0.00
Initial. Layer M9 wire length = 0.00
Initial. Layer MRDL wire length = 0.00
Initial. Total Number of Contacts = 217
Initial. Via VIA1_Base count = 48
Initial. Via VIA2_Base count = 134
Initial. Via VIA34SQ_C count = 35
Initial. Via VIA4SQ count = 0
Initial. Via VIA5SQ_C count = 0
Initial. Via VIA67SQ_C count = 0
Initial. Via VIA78SQ_C count = 0
Initial. Via VIA89_C count = 0
Initial. Via VIA9RDL count = 0
Initial. completed.
[End of Whole Chip Routing] Elapsed real time: 0:00:00 
[End of Whole Chip Routing] Elapsed cpu  time: sys=0:00:00 usr=0:00:00 total=0:00:00
[End of Whole Chip Routing] Stage (MB): Used   14  Alloctr   14  Proc    0 
[End of Whole Chip Routing] Total (MB): Used   70  Alloctr   71  Proc 5902 
[End of Global Routing] Elapsed real time: 0:00:00 
[End of Global Routing] Elapsed cpu  time: sys=0:00:00 usr=0:00:00 total=0:00:00
[End of Global Routing] Stage (MB): Used   14  Alloctr   14  Proc    0 
[End of Global Routing] Total (MB): Used   70  Alloctr   70  Proc 5902 
[End of dbOut] Elapsed real time: 0:00:00 
[End of dbOut] Elapsed cpu  time: sys=0:00:00 usr=0:00:00 total=0:00:00
[End of dbOut] Stage (MB): Used    0  Alloctr    0  Proc    0 
[End of dbOut] Total (MB): Used   60  Alloctr   61  Proc 5902 
CPU Time for Global Route: 00:00:00.29u 00:00:00.02s 00:00:00.27e: 
Number of block ports: 170
Number of block pin locations assigned from router: 168
CPU Time for Pin Preparation: 00:00:00.00u 00:00:00.00s 00:00:00.00e: 
Number of PG ports on blocks: 0
Number of pins created: 170
CPU Time for Pin Creation: 00:00:00.00u 00:00:00.00s 00:00:00.00e: 
Total Pin Placement CPU Time: 00:00:00.30u 00:00:00.02s 00:00:00.28e: 
Information: Ending   compile_fusion / initial_place (FLW-8001)
Information: Time: 2025-05-28 13:38:21 / Session:  00:00:58 / Command:  00:00:06 / CPU:  00:00:18 / Memory: 1290 MB (FLW-8100)
Information: CPU Load: 11%, Ram Free: 48 GB, Swap Free: 1 GB, Work Disk Free: 308 GB, Tmp Disk Free: 308 GB (MSG-3995)

Information: >>>>>>> 5 unique error and warning message tags while observing compile_fusion / initial_place: (MSG-3100)
Information: #prnt #trgr #lmt    Tag  Level     Format (or last printed message)                                (MSG-3036)
Information:     2     1  0 ZRT-511   WARNING   Warning: Cell contains tie connections which are not connect... (MSG-3032)
Information:    14     7  0 ZRT-026   WARNING   Warning: Layer MRDL default pitch 4.000 may be too small to ... (MSG-3032)
Information:     2     1  0 ZRT-763   WARNING   Warning: Cell ctmi_2152 is placed overlapping with other cel... (MSG-3032)
Information:     6     2  0 DPPA-096  WARNING   Warning: found large number of corner keepout wiretracks on ... (MSG-3032)
Information:    10     4  0 OPT-902   WARNING   Warning: No clock routing rules were specified. Use set_cloc... (MSG-3032)
Information:    34    15  0        5  <------   Total sum of messages (MSG-3038)
Information: >>>>>>> Summary: 15 error&warning MSGs observed during compile_fusion / initial_place (MSG-3103)

Information: Summary of UPF Cells (UPF-532)
*******************************************************************************
                            Summary of UPF Cells                               
*******************************************************************************
This is NOT a UPF design.
UPF is NOT loaded.
UPF is NOT committed.
-------------------------------------------------------------------------------
*******************************************************************************
                        End of Summary of UPF Cells                            
*******************************************************************************
Information: Timer using 12 threads
INFO: End environment monitoring: recipes
INFO: Restored 0 timer status, 3 app options, 0 tcl gvars, 0 env vars
Information: >>>>>>> 10 unique error and warning message tags while observing fusion: (MSG-3100)
Information: #prnt #trgr #lmt    Tag  Level     Format (or last printed message)                                (MSG-3036)
Information:     8     2  0 FLW-2224  WARNING   Warning: Duplicate callback function set for step 'fc/logic_... (MSG-3032)
Information:    80     8  5 SQM-1079  WARNING   Warning: Skipping check for single_bit_degenerate attribute ... (MSG-3032)
Information:    39    13  3 SQM-1067  WARNING   Warning: Mapping to scan cell 'SAEDRVT14_FSDPQ_V2LP_2' in li... (MSG-3032)
Information:   160    16 10 SQM-1061  WARNING   Warning: Cannot infer functionality of libcell 'saed14rvt_fr... (MSG-3032)
Information:    34     1 10 SQM-1053  WARNING   Warning: Found 8 multibit sequential library cells that have... (MSG-3032)
Information:     2     1  0 ZRT-511   WARNING   Warning: Cell contains tie connections which are not connect... (MSG-3032)
Information:    14     7  0 ZRT-026   WARNING   Warning: Layer MRDL default pitch 4.000 may be too small to ... (MSG-3032)
Information:     2     1  0 ZRT-763   WARNING   Warning: Cell ctmi_2152 is placed overlapping with other cel... (MSG-3032)
Information:     6     2  0 DPPA-096  WARNING   Warning: found large number of corner keepout wiretracks on ... (MSG-3032)
Information:    10     4  0 OPT-902   WARNING   Warning: No clock routing rules were specified. Use set_cloc... (MSG-3032)
Information:   355    55  4       10  <------   Total sum of messages (MSG-3038)
Information: >>>>>>> Summary: 55 error&warning MSGs observed during fusion (MSG-3103)
Information: Ending   'compile_fusion -from initial_place -to initial_place' (FLW-8001)
Information: Time: 2025-05-28 13:38:22 / Session:  00:00:58 / Command:  00:00:06 / CPU:  00:00:18 / Memory: 1290 MB (FLW-8100)
Information: CPU Load: 11%, Ram Free: 48 GB, Swap Free: 1 GB, Work Disk Free: 308 GB, Tmp Disk Free: 308 GB (MSG-3995)
Generating reports for stage: initial_place
[Tim-Power] Info: Cleared Leakage libCell cache.
Generated reports for stage: initial_place
compile_and_report initial_drc
Information: 822 out of 832 POW-046 messages were not printed due to limit 10 (after 'compile_fusion' at task1.tcl:57) (MSG-3913)
INFO: compile_fusion is running in balanced flow mode.
Information: Starting 'compile_fusion -from initial_drc -to initial_drc' (FLW-8000)
Information: Time: 2025-05-28 13:38:23 / Session:  00:00:59 / Command:  00:00:00 / CPU:  00:00:00 / Memory: 1290 MB (FLW-8100)
Information: CPU Load: 11%, Ram Free: 48 GB, Swap Free: 1 GB, Work Disk Free: 308 GB, Tmp Disk Free: 308 GB (MSG-3995)
CPU Load: 11%, Ram Free: 48 GB, Swap Free: 1 GB, Work Disk Free: 308 GB, Tmp Disk Free: 308 GB
INFO: Start environment monitoring: recipes
INFO: compile_fusion is running in balanced flow mode.
Warning: Cannot infer functionality of libcell 'saed14rvt_frame_timing/SAEDRVT14_FDNRBSBQ_V2_0P5' and will be excluded from sequential mapping. (SQM-1061)
Warning: Cannot infer functionality of libcell 'saed14rvt_frame_timing/SAEDRVT14_FDNRBSBQ_V2_1' and will be excluded from sequential mapping. (SQM-1061)
Warning: Cannot infer functionality of libcell 'saed14rvt_frame_timing/SAEDRVT14_FDNRBSBQ_V2_2' and will be excluded from sequential mapping. (SQM-1061)
Warning: Cannot infer functionality of libcell 'saed14rvt_frame_timing/SAEDRVT14_FDNRBSBQ_V2_4' and will be excluded from sequential mapping. (SQM-1061)
Warning: Cannot infer functionality of libcell 'saed14rvt_frame_timing/SAEDRVT14_FDPRBSBQ_V2_0P5' and will be excluded from sequential mapping. (SQM-1061)
Warning: Cannot infer functionality of libcell 'saed14rvt_frame_timing/SAEDRVT14_FDPRBSBQ_V2_1' and will be excluded from sequential mapping. (SQM-1061)
Warning: Cannot infer functionality of libcell 'saed14rvt_frame_timing/SAEDRVT14_FDPRBSBQ_V2_2' and will be excluded from sequential mapping. (SQM-1061)
Warning: Cannot infer functionality of libcell 'saed14rvt_frame_timing/SAEDRVT14_FDPRBSBQ_V2_4' and will be excluded from sequential mapping. (SQM-1061)
Warning: Mapping to scan cell 'SAEDRVT14_FSDPQB_V2LP_1' in library is not possible because cell has 'dont_use' attribute. (SQM-1067)
Warning: Mapping to scan cell 'SAEDRVT14_FSDPQ_V2LP_1' in library is not possible because cell has 'dont_use' attribute. (SQM-1067)
Warning: Mapping to scan cell 'SAEDRVT14_FSDPQ_V2LP_2' in library is not possible because cell has 'dont_use' attribute. (SQM-1067)
Warning: Cannot infer functionality of libcell 'saed14rvt_frame_timing/SAEDRVT14_FSDPRBSBQ_V2LP_0P5' and will be excluded from sequential mapping. (SQM-1061)
Warning: Cannot infer functionality of libcell 'saed14rvt_frame_timing/SAEDRVT14_FSDPRBSBQ_V2LP_2' and will be excluded from sequential mapping. (SQM-1061)
Warning: Skipping check for single_bit_degenerate attribute on the multibit libcell 'saed14rvt_frame_timing/SAEDRVT14_FSDN2_V2_0P5' since it is not a black-box. (SQM-1079)
Information: No single-bit representative was found for multibit lib cell 'saed14rvt_frame_timing/SAEDRVT14_FSDN2_V2_0P5'. (SQM-2004)
Warning: Skipping check for single_bit_degenerate attribute on the multibit libcell 'saed14rvt_frame_timing/SAEDRVT14_FSDN2_V2_1' since it is not a black-box. (SQM-1079)
Information: No single-bit representative was found for multibit lib cell 'saed14rvt_frame_timing/SAEDRVT14_FSDN2_V2_1'. (SQM-2004)
Warning: Skipping check for single_bit_degenerate attribute on the multibit libcell 'saed14rvt_frame_timing/SAEDRVT14_FSDN2_V2_2' since it is not a black-box. (SQM-1079)
Information: No single-bit representative was found for multibit lib cell 'saed14rvt_frame_timing/SAEDRVT14_FSDN2_V2_2'. (SQM-2004)
Warning: Skipping check for single_bit_degenerate attribute on the multibit libcell 'saed14rvt_frame_timing/SAEDRVT14_FSDN2_V2_4' since it is not a black-box. (SQM-1079)
Information: No single-bit representative was found for multibit lib cell 'saed14rvt_frame_timing/SAEDRVT14_FSDN2_V2_4'. (SQM-2004)
Warning: Skipping check for single_bit_degenerate attribute on the multibit libcell 'saed14rvt_frame_timing/SAEDRVT14_FSDN4_V2_0P5' since it is not a black-box. (SQM-1079)
Information: No single-bit representative was found for multibit lib cell 'saed14rvt_frame_timing/SAEDRVT14_FSDN4_V2_0P5'. (SQM-2004)
Information: No single-bit representative was found for multibit lib cell 'saed14rvt_frame_timing/SAEDRVT14_FSDN4_V2_1'. (SQM-2004)
Information: No single-bit representative was found for multibit lib cell 'saed14rvt_frame_timing/SAEDRVT14_FSDN4_V2_2'. (SQM-2004)
Information: No single-bit representative was found for multibit lib cell 'saed14rvt_frame_timing/SAEDRVT14_FSDN4_V2_4'. (SQM-2004)
Warning: Found 8 multibit sequential library cells that have missing/added attributes or have restrictions that prevent them from banking. (SQM-1053)
0 sequential multibit library cells have restrictions (dont_use or dont_touch).
8 sequential multibit library cells have missing sequential mapping relevant attributes
Information: 6 out of 16 SQM-1061 messages were not printed due to limit 10 (after 'compile_fusion' at task1.tcl:57) (MSG-3913)
Information: 10 out of 13 SQM-1067 messages were not printed due to limit 3 (after 'compile_fusion' at task1.tcl:57) (MSG-3913)
Information: 3 out of 8 SQM-1079 messages were not printed due to limit 5 (after 'compile_fusion' at task1.tcl:57) (MSG-3913)
Information: The automatic clock gate timing flow is activated. Clock latencies set on clock gate cells will be automatically adjusted by an estimate for latency. (CGT-4005)
Information: Change threshold for extractor is reset. (FLW-1300)
Information: The stitching and editing of coupling caps is turned OFF for design 'dut_toplevel.dlib:dut_toplevel/compile_flow.design'. (TIM-125)
Warning: Duplicate callback function set for step 'fc/logic_opto/dwProcessPrecond1' (FLW-2224)
Warning: Duplicate callback function set for step 'fc/logic_opto/dwProcessPrecond1' (FLW-2224)
----------------------------------------------------------------------------------------------------------
Information: Starting compile_fusion / initial_drc (FLW-8000)
Information: Time: 2025-05-28 13:38:24 / Session:  00:01:00 / Command:  00:00:00 / CPU:  00:00:01 / Memory: 1290 MB (FLW-8100)
Information: CPU Load: 11%, Ram Free: 48 GB, Swap Free: 1 GB, Work Disk Free: 308 GB, Tmp Disk Free: 308 GB (MSG-3995)
----------------------------------------------------------------------------------------------------------
Information: Starting compile_fusion / initial_drc / Load Design (FLW-8000)
Information: Time: 2025-05-28 13:38:24 / Session:  00:01:00 / Command:  00:00:00 / CPU:  00:00:01 / Memory: 1290 MB (FLW-8100)
Information: CPU Load: 11%, Ram Free: 48 GB, Swap Free: 1 GB, Work Disk Free: 308 GB, Tmp Disk Free: 308 GB (MSG-3995)
Number of Site types in the design = 1
Setting up Chip Core
Chip Core shape: (0 0) (358900 354000)
Number of VARs = 1
Number of unique PDs = 1
Number of Power Domains = 1
Number of Voltage Areas = 1
Number of supply Nets = 2
Number of used supplies = 0
Blocked VAs: 
Information: Initializing classic cellmap without advanced rules enabled and without PDC enabled
Information: The following app options are used in cellmap
        place.legalize.enable_color_aware_placement : false
        place.legalize.use_nll_query_cm : false
        place.legalize.enable_advanced_legalizer : false
        place.legalize.enable_prerouted_net_check : true
        place.legalize.enable_advanced_prerouted_net_check : false
        place.legalize.always_continue : true
        place.legalize.limit_legality_checks : false
        place.common.pnet_aware_density : 1.0000
        place.common.pnet_aware_min_width : 0.0000
        place.common.pnet_aware_layers : {}
        place.common.use_placement_model : false
        place.common.enable_advanced_placement_model : true
        cts.placement.cell_spacing_rule_style : maximum
Warning: Library cell saed14rvt_frame_timing:SAEDRVT14_ISOFSDPQ_PECO_8.frame is missing supply pins. Its power structure cannot be determined. (LGL-050)
Warning: Library cell saed14rvt_frame_timing:SAEDRVT14_DCAP_PV1ECO_12.frame is missing supply pins. Its power structure cannot be determined. (LGL-050)
Total 0.0071 seconds to build cellmap data
INFO: creating 20(r) x 20(c) GridCells YDim 1.8 XDim 1.8
INFO: number of GridCells (0xdacad6f8): 400
INFO: creating 20(r) x 20(c) GridCells YDim 1.8 XDim 1.8
INFO: number of GridCells (0xdacad6f8): 400
Total 0.0130 seconds to load 1177 cell instances into cellmap, 1177 cells are off site row
Moveable cells: 1177; Application fixed cells: 0; Macro cells: 0; User fixed cells: 0
Average cell width 1.2804, cell height 0.6000, cell area 0.7683 for total 1177 placed and application fixed cells
Information: Enabling scaled virtual route (VR) (FLW-5761)
Information: Enabling light RDE flow Mode (FLW-5761)
Information: The stitching and editing of coupling caps is turned OFF for design 'dut_toplevel.dlib:dut_toplevel/compile_flow.design'. (TIM-125)
Information: Ending   compile_fusion / initial_drc / Load Design (FLW-8001)
Information: Time: 2025-05-28 13:38:25 / Session:  00:01:01 / Command:  00:00:02 / CPU:  00:00:09 / Memory: 1290 MB (FLW-8100)
Information: CPU Load: 11%, Ram Free: 48 GB, Swap Free: 1 GB, Work Disk Free: 308 GB, Tmp Disk Free: 308 GB (MSG-3995)
Information: The stitching and editing of coupling caps is turned OFF for design 'dut_toplevel.dlib:dut_toplevel/compile_flow.design'. (TIM-125)
Information: Starting compile_fusion / initial_drc / Global Route (FLW-8000)
Information: Time: 2025-05-28 13:38:25 / Session:  00:01:01 / Command:  00:00:02 / CPU:  00:00:10 / Memory: 1290 MB (FLW-8100)
Information: CPU Load: 11%, Ram Free: 48 GB, Swap Free: 1 GB, Work Disk Free: 308 GB, Tmp Disk Free: 308 GB (MSG-3995)
Information: Ending   compile_fusion / initial_drc / Global Route (FLW-8001)
Information: Time: 2025-05-28 13:38:25 / Session:  00:01:01 / Command:  00:00:02 / CPU:  00:00:10 / Memory: 1290 MB (FLW-8100)
Information: CPU Load: 11%, Ram Free: 48 GB, Swap Free: 1 GB, Work Disk Free: 308 GB, Tmp Disk Free: 308 GB (MSG-3995)
Information: Starting compile_fusion / initial_drc / Automatic Register Splitting (FLW-8000)
Information: Time: 2025-05-28 13:38:25 / Session:  00:01:01 / Command:  00:00:02 / CPU:  00:00:10 / Memory: 1290 MB (FLW-8100)
Information: CPU Load: 11%, Ram Free: 48 GB, Swap Free: 1 GB, Work Disk Free: 308 GB, Tmp Disk Free: 308 GB (MSG-3995)
Information: Ending   compile_fusion / initial_drc / Automatic Register Splitting (FLW-8001)
Information: Time: 2025-05-28 13:38:27 / Session:  00:01:03 / Command:  00:00:04 / CPU:  00:00:12 / Memory: 1290 MB (FLW-8100)
Information: CPU Load: 11%, Ram Free: 48 GB, Swap Free: 1 GB, Work Disk Free: 308 GB, Tmp Disk Free: 308 GB (MSG-3995)
Information: Starting compile_fusion / initial_drc / High Fanout Synthesis (FLW-8000)
Information: Time: 2025-05-28 13:38:27 / Session:  00:01:03 / Command:  00:00:04 / CPU:  00:00:12 / Memory: 1290 MB (FLW-8100)
Information: CPU Load: 11%, Ram Free: 48 GB, Swap Free: 1 GB, Work Disk Free: 308 GB, Tmp Disk Free: 308 GB (MSG-3995)
min assign layer = M4
Corner Scaling is off, multiplier is 1.000000
Zbuf-HFS: gathering all scenarios
orb constraints: using power mt scenarios
ORB: timingScenario Normal_Typical timingCorner Typical
INFO: Using corner Typical for worst leakage corner
Using default layer M4
new cutoff lpd: 4.05079e-07
corner scaling: maxCornerId = 1
corner=Typical, tran factor=1.000000 (0.030008 / 0.030008)
ORB: Nominal = 0.0053281  Design MT = inf  Target = 0.0300080 (5.632 nominal)  MaxRC = 0.020355
ORB: Fast Target = 0.010069 ( 1.890 nominal )
ORB: stageDelay=0.02037, stageLength=1552950
INFO: Using corner Typical for worst leakage corner
Using default layer M4
new cutoff lpd: 4.05079e-07
corner scaling: maxCornerId = 1
corner=Typical, tran factor=1.000000 (0.030008 / 0.030008)
INFO: Using corner Typical for worst leakage corner
Using default layer M4
new cutoff lpd: 4.05079e-07
corner scaling: maxCornerId = 1
corner=Typical, tran factor=1.000000 (0.030008 / 0.030008)
INFO: Using corner Typical for worst leakage corner
Using default layer M4
new cutoff lpd: 4.05079e-07
corner scaling: maxCornerId = 1
corner=Typical, tran factor=1.000000 (0.030008 / 0.030008)
INFO: Using corner Typical for worst leakage corner
Using default layer M4
new cutoff lpd: 4.05079e-07
corner scaling: maxCornerId = 1
corner=Typical, tran factor=1.000000 (0.030008 / 0.030008)
INFO: Using corner Typical for worst leakage corner
Using default layer M4
new cutoff lpd: 4.05079e-07
corner scaling: maxCornerId = 1
corner=Typical, tran factor=1.000000 (0.030008 / 0.030008)
INFO: Using corner Typical for worst leakage corner
Using default layer M4
new cutoff lpd: 4.05079e-07
corner scaling: maxCornerId = 1
corner=Typical, tran factor=1.000000 (0.030008 / 0.030008)
INFO: Using corner Typical for worst leakage corner
Using default layer M4
new cutoff lpd: 4.05079e-07
corner scaling: maxCornerId = 1
corner=Typical, tran factor=1.000000 (0.030008 / 0.030008)
INFO: Using corner Typical for worst leakage corner
Using default layer M4
new cutoff lpd: 4.05079e-07
corner scaling: maxCornerId = 1
corner=Typical, tran factor=1.000000 (0.030008 / 0.030008)
INFO: Using corner Typical for worst leakage corner
Using default layer M4
new cutoff lpd: 4.05079e-07
corner scaling: maxCornerId = 1
corner=Typical, tran factor=1.000000 (0.030008 / 0.030008)
INFO: Using corner Typical for worst leakage corner
Using default layer M4
new cutoff lpd: 4.05079e-07
corner scaling: maxCornerId = 1
corner=Typical, tran factor=1.000000 (0.030008 / 0.030008)
INFO: Using corner Typical for worst leakage corner
Using default layer M4
new cutoff lpd: 4.05079e-07
corner scaling: maxCornerId = 1
corner=Typical, tran factor=1.000000 (0.030008 / 0.030008)
Collecting Drivers ...  
Design max_transition = inf
Design max_capacitance = inf
GRE layer bins: None, M4
WINFO: 1607 None; 0 M4; 0 Total
Running clock data isolation flow.
Found 0 buffer-tree drivers
No violators found
Running tristate isolation flow.
TSI: added 0 repeaters
Running mv isolation flow.
Found 0 buffer-tree drivers
No violators found
Found 4 buffer-tree drivers

Roi-HfsDrc SN: 1798569713 435980330 0 1 (300.000000)

Processing Buffer Trees  (ROI) ... 

    [1]  10% ...
    [2]  20% ...
    [3]  30% ...
    [4]  40% ...
    [4] 100% Done

                  Deleted        Added
------------ ------------ ------------
    Buffers:            0           13
  Inverters:            2            2
------------ ------------ ------------
      Total:            2           15
------------ ------------ ------------

Number of Drivers Sized: 3 [75.00%]

                      P: 3 [75.00%]
                      N: 0 [0.00%]

WINFO: 1620 None; 0 M4; 0 Total
Information: The net parasitics of block dut_toplevel are cleared. (TIM-123)
Information: The stitching and editing of coupling caps is turned OFF for design 'dut_toplevel.dlib:dut_toplevel/compile_flow.design'. (TIM-125)
WINFO: 1620 None; 0 M4; 0 Total
Zbuf-RUNTIME (Hr:Min:Sec)  CPU 0 hr : 0 min : 1.72 sec ELAPSE 0 hr : 0 min : 0.75 sec
Zbuf-RUNTIME         (Min) CPU 0 min ELAPSE 0 min
ZBuf-MEM(max-mem) total 1321220 K / inuse 1059388 K
Information: Result of compile_fusion / initial_drc / High Fanout Synthesis (FLW-8500)
Information: Top 10 transition violators after high fanout synthesis (HFS-1000)
Slack     Fanout  Scenario    Driver                                                       

Compile-fusion optimization summary            SETUP-COST    R2R-COST HOLD-COST LDRC-COST          AREA     LEAKAGE     INSTCNT            ELAPSE       MEM
Compile-fusion                                       0.00        0.00         -         0        915.13   341221.34        1190              0.02      1290
Information: Ending   compile_fusion / initial_drc / High Fanout Synthesis (FLW-8001)
Information: Time: 2025-05-28 13:38:28 / Session:  00:01:04 / Command:  00:00:05 / CPU:  00:00:14 / Memory: 1290 MB (FLW-8100)
Information: CPU Load: 11%, Ram Free: 48 GB, Swap Free: 1 GB, Work Disk Free: 308 GB, Tmp Disk Free: 308 GB (MSG-3995)
Information: Ending   compile_fusion / initial_drc (FLW-8001)
Information: Time: 2025-05-28 13:38:28 / Session:  00:01:04 / Command:  00:00:05 / CPU:  00:00:14 / Memory: 1290 MB (FLW-8100)
Information: CPU Load: 11%, Ram Free: 48 GB, Swap Free: 1 GB, Work Disk Free: 308 GB, Tmp Disk Free: 308 GB (MSG-3995)

Information: >>>>>>> 1 unique error and warning message tags while observing compile_fusion / initial_drc: (MSG-3100)
Information: #prnt #trgr #lmt    Tag  Level     Format (or last printed message)                                (MSG-3036)
Information:     2     2  5 LGL-050   WARNING   Warning: Library cell saed14rvt_frame_timing:SAEDRVT14_DCAP_... (MSG-3032)
Information:     2     2  1        1  <------   Total sum of messages (MSG-3038)
Information: >>>>>>> Summary: 2 error&warning MSGs observed during compile_fusion / initial_drc (MSG-3103)

Information: Summary of UPF Cells (UPF-532)
*******************************************************************************
                            Summary of UPF Cells                               
*******************************************************************************
This is NOT a UPF design.
UPF is NOT loaded.
UPF is NOT committed.
-------------------------------------------------------------------------------
*******************************************************************************
                        End of Summary of UPF Cells                            
*******************************************************************************
Information: The net parasitics of block dut_toplevel are cleared. (TIM-123)
[Tim-Power] Info: Cleared Leakage libCell cache.
Information: Timer using 12 threads
INFO: End environment monitoring: recipes
INFO: Restored 0 timer status, 3 app options, 0 tcl gvars, 0 env vars
Information: >>>>>>> 6 unique error and warning message tags while observing fusion: (MSG-3100)
Information: #prnt #trgr #lmt    Tag  Level     Format (or last printed message)                                (MSG-3036)
Information:    10     2  0 FLW-2224  WARNING   Warning: Duplicate callback function set for step 'fc/logic_... (MSG-3032)
Information:    85     8  5 SQM-1079  WARNING   Warning: Skipping check for single_bit_degenerate attribute ... (MSG-3032)
Information:    42    13  3 SQM-1067  WARNING   Warning: Mapping to scan cell 'SAEDRVT14_FSDPQ_V2LP_2' in li... (MSG-3032)
Information:   170    16 10 SQM-1061  WARNING   Warning: Cannot infer functionality of libcell 'saed14rvt_fr... (MSG-3032)
Information:    35     1 10 SQM-1053  WARNING   Warning: Found 8 multibit sequential library cells that have... (MSG-3032)
Information:     2     2  5 LGL-050   WARNING   Warning: Library cell saed14rvt_frame_timing:SAEDRVT14_DCAP_... (MSG-3032)
Information:   344    42  5        6  <------   Total sum of messages (MSG-3038)
Information: >>>>>>> Summary: 42 error&warning MSGs observed during fusion (MSG-3103)
Information: Ending   'compile_fusion -from initial_drc -to initial_drc' (FLW-8001)
Information: Time: 2025-05-28 13:38:28 / Session:  00:01:05 / Command:  00:00:05 / CPU:  00:00:14 / Memory: 1290 MB (FLW-8100)
Information: CPU Load: 11%, Ram Free: 48 GB, Swap Free: 1 GB, Work Disk Free: 308 GB, Tmp Disk Free: 308 GB (MSG-3995)
Generating reports for stage: initial_drc
[Tim-Power] Info: Cleared Leakage libCell cache.
Generated reports for stage: initial_drc
compile_and_report initial_opto
Information: 837 out of 847 POW-046 messages were not printed due to limit 10 (after 'compile_fusion' at task1.tcl:58) (MSG-3913)
INFO: compile_fusion is running in balanced flow mode.
Information: Starting 'compile_fusion -from initial_opto -to initial_opto' (FLW-8000)
Information: Time: 2025-05-28 13:38:30 / Session:  00:01:06 / Command:  00:00:00 / CPU:  00:00:00 / Memory: 1290 MB (FLW-8100)
Information: CPU Load: 11%, Ram Free: 48 GB, Swap Free: 1 GB, Work Disk Free: 308 GB, Tmp Disk Free: 308 GB (MSG-3995)
CPU Load: 11%, Ram Free: 48 GB, Swap Free: 1 GB, Work Disk Free: 308 GB, Tmp Disk Free: 308 GB
INFO: Start environment monitoring: recipes
INFO: compile_fusion is running in balanced flow mode.
Warning: Cannot infer functionality of libcell 'saed14rvt_frame_timing/SAEDRVT14_FDNRBSBQ_V2_0P5' and will be excluded from sequential mapping. (SQM-1061)
Warning: Cannot infer functionality of libcell 'saed14rvt_frame_timing/SAEDRVT14_FDNRBSBQ_V2_1' and will be excluded from sequential mapping. (SQM-1061)
Warning: Cannot infer functionality of libcell 'saed14rvt_frame_timing/SAEDRVT14_FDNRBSBQ_V2_2' and will be excluded from sequential mapping. (SQM-1061)
Warning: Cannot infer functionality of libcell 'saed14rvt_frame_timing/SAEDRVT14_FDNRBSBQ_V2_4' and will be excluded from sequential mapping. (SQM-1061)
Warning: Cannot infer functionality of libcell 'saed14rvt_frame_timing/SAEDRVT14_FDPRBSBQ_V2_0P5' and will be excluded from sequential mapping. (SQM-1061)
Warning: Cannot infer functionality of libcell 'saed14rvt_frame_timing/SAEDRVT14_FDPRBSBQ_V2_1' and will be excluded from sequential mapping. (SQM-1061)
Warning: Cannot infer functionality of libcell 'saed14rvt_frame_timing/SAEDRVT14_FDPRBSBQ_V2_2' and will be excluded from sequential mapping. (SQM-1061)
Warning: Cannot infer functionality of libcell 'saed14rvt_frame_timing/SAEDRVT14_FDPRBSBQ_V2_4' and will be excluded from sequential mapping. (SQM-1061)
Warning: Mapping to scan cell 'SAEDRVT14_FSDPQB_V2LP_1' in library is not possible because cell has 'dont_use' attribute. (SQM-1067)
Warning: Mapping to scan cell 'SAEDRVT14_FSDPQ_V2LP_1' in library is not possible because cell has 'dont_use' attribute. (SQM-1067)
Warning: Mapping to scan cell 'SAEDRVT14_FSDPQ_V2LP_2' in library is not possible because cell has 'dont_use' attribute. (SQM-1067)
Warning: Cannot infer functionality of libcell 'saed14rvt_frame_timing/SAEDRVT14_FSDPRBSBQ_V2LP_0P5' and will be excluded from sequential mapping. (SQM-1061)
Warning: Cannot infer functionality of libcell 'saed14rvt_frame_timing/SAEDRVT14_FSDPRBSBQ_V2LP_2' and will be excluded from sequential mapping. (SQM-1061)
Warning: Skipping check for single_bit_degenerate attribute on the multibit libcell 'saed14rvt_frame_timing/SAEDRVT14_FSDN2_V2_0P5' since it is not a black-box. (SQM-1079)
Information: No single-bit representative was found for multibit lib cell 'saed14rvt_frame_timing/SAEDRVT14_FSDN2_V2_0P5'. (SQM-2004)
Warning: Skipping check for single_bit_degenerate attribute on the multibit libcell 'saed14rvt_frame_timing/SAEDRVT14_FSDN2_V2_1' since it is not a black-box. (SQM-1079)
Information: No single-bit representative was found for multibit lib cell 'saed14rvt_frame_timing/SAEDRVT14_FSDN2_V2_1'. (SQM-2004)
Warning: Skipping check for single_bit_degenerate attribute on the multibit libcell 'saed14rvt_frame_timing/SAEDRVT14_FSDN2_V2_2' since it is not a black-box. (SQM-1079)
Information: No single-bit representative was found for multibit lib cell 'saed14rvt_frame_timing/SAEDRVT14_FSDN2_V2_2'. (SQM-2004)
Warning: Skipping check for single_bit_degenerate attribute on the multibit libcell 'saed14rvt_frame_timing/SAEDRVT14_FSDN2_V2_4' since it is not a black-box. (SQM-1079)
Information: No single-bit representative was found for multibit lib cell 'saed14rvt_frame_timing/SAEDRVT14_FSDN2_V2_4'. (SQM-2004)
Warning: Skipping check for single_bit_degenerate attribute on the multibit libcell 'saed14rvt_frame_timing/SAEDRVT14_FSDN4_V2_0P5' since it is not a black-box. (SQM-1079)
Information: No single-bit representative was found for multibit lib cell 'saed14rvt_frame_timing/SAEDRVT14_FSDN4_V2_0P5'. (SQM-2004)
Information: No single-bit representative was found for multibit lib cell 'saed14rvt_frame_timing/SAEDRVT14_FSDN4_V2_1'. (SQM-2004)
Information: No single-bit representative was found for multibit lib cell 'saed14rvt_frame_timing/SAEDRVT14_FSDN4_V2_2'. (SQM-2004)
Information: No single-bit representative was found for multibit lib cell 'saed14rvt_frame_timing/SAEDRVT14_FSDN4_V2_4'. (SQM-2004)
Warning: Found 8 multibit sequential library cells that have missing/added attributes or have restrictions that prevent them from banking. (SQM-1053)
0 sequential multibit library cells have restrictions (dont_use or dont_touch).
8 sequential multibit library cells have missing sequential mapping relevant attributes
Information: 6 out of 16 SQM-1061 messages were not printed due to limit 10 (after 'compile_fusion' at task1.tcl:58) (MSG-3913)
Information: 10 out of 13 SQM-1067 messages were not printed due to limit 3 (after 'compile_fusion' at task1.tcl:58) (MSG-3913)
Information: 3 out of 8 SQM-1079 messages were not printed due to limit 5 (after 'compile_fusion' at task1.tcl:58) (MSG-3913)
Information: The automatic clock gate timing flow is activated. Clock latencies set on clock gate cells will be automatically adjusted by an estimate for latency. (CGT-4005)
Information: Change threshold for extractor is reset. (FLW-1300)
Warning: Duplicate callback function set for step 'fc/logic_opto/dwProcessPrecond1' (FLW-2224)
Warning: Duplicate callback function set for step 'fc/logic_opto/dwProcessPrecond1' (FLW-2224)
----------------------------------------------------------------------------------------------------------
Information: Starting compile_fusion / initial_opto (FLW-8000)
Information: Time: 2025-05-28 13:38:30 / Session:  00:01:07 / Command:  00:00:00 / CPU:  00:00:01 / Memory: 1290 MB (FLW-8100)
Information: CPU Load: 11%, Ram Free: 47 GB, Swap Free: 1 GB, Work Disk Free: 308 GB, Tmp Disk Free: 308 GB (MSG-3995)
----------------------------------------------------------------------------------------------------------
flowStepUpsInPbo:: using optEnvMonitor()
Information: Initializing classic cellmap without advanced rules enabled and without PDC enabled
Information: The following app options are used in cellmap
        place.legalize.enable_color_aware_placement : false
        place.legalize.use_nll_query_cm : false
        place.legalize.enable_advanced_legalizer : false
        place.legalize.enable_prerouted_net_check : true
        place.legalize.enable_advanced_prerouted_net_check : false
        place.legalize.always_continue : true
        place.legalize.limit_legality_checks : false
        place.common.pnet_aware_density : 1.0000
        place.common.pnet_aware_min_width : 0.0000
        place.common.pnet_aware_layers : {}
        place.common.use_placement_model : false
        place.common.enable_advanced_placement_model : true
        cts.placement.cell_spacing_rule_style : maximum
Warning: Library cell saed14rvt_frame_timing:SAEDRVT14_ISOFSDPQ_PECO_8.frame is missing supply pins. Its power structure cannot be determined. (LGL-050)
Warning: Library cell saed14rvt_frame_timing:SAEDRVT14_DCAP_PV1ECO_12.frame is missing supply pins. Its power structure cannot be determined. (LGL-050)
Total 0.0075 seconds to build cellmap data
INFO: compile_fusion is running in balanced flow mode
Warning: Cannot find any max transition constraint on the design. (OPT-070)
INFO: Leakage Power Aware Optimization Enabled
Information: The automatic clock gate timing flow is activated. Clock latencies set on clock gate cells will be automatically adjusted by an estimate for latency. (CGT-4005)
INFO: EarlyGR flow is not enabled.
.INFO: disable CRPR-based timing. 
Number of Site types in the design = 1
Setting up Chip Core
Chip Core shape: (0 0) (358900 354000)
Number of VARs = 1
Number of unique PDs = 1
Number of Power Domains = 1
Number of Voltage Areas = 1
Number of supply Nets = 2
Number of used supplies = 0
Blocked VAs: 

Information: The net parasitics of block dut_toplevel are cleared. (TIM-123)
compile command begin                   CPU:   144 s (  0.04 hr )  ELAPSE:    68 s (  0.02 hr )  MEM-PEAK:  1290 MB
Warning: Cannot find any max transition constraint on the design. (OPT-070)
Information: The stitching and editing of coupling caps is turned OFF for design 'dut_toplevel.dlib:dut_toplevel/compile_flow.design'. (TIM-125)
Info: update em.

compile timing update complete          CPU:   144 s (  0.04 hr )  ELAPSE:    68 s (  0.02 hr )  MEM-PEAK:  1290 MB

compile initial QoR
___________________
Scenario Mapping Table
1: Normal_Typical

Pathgroup Mapping Table
1: **default**
2: **async_default**
3: **clock_gating_default**
4: **in2reg_default**
5: **reg2out_default**
6: **in2out_default**
7: clk

-------------------------------------------------------------------------------------------------------------------------------------------------------------
PATHGROUP QOR 
-------------------------------------------------------------------------------------------------------------------------------------------------------------
Scene  PG      WNS        TNS    NSV      WHV        THV    NHV
    1   1   0.0000     0.0000      0        -          -      -
    1   2   0.0000     0.0000      0        -          -      -
    1   3   0.0000     0.0000      0        -          -      -
    1   4   0.0000     0.0000      0        -          -      -
    1   5   0.0000     0.0000      0        -          -      -
    1   6   0.0000     0.0000      0        -          -      -
    1   7   0.0000     0.0000      0        -          -      -
----------------------------------------------------------------------------------------------------------------------------------------------------------------------
SCENARIO QOR 
----------------------------------------------------------------------------------------------------------------------------------------------------------------------
Scene  PG      WNS        TNS   R2RTNS    NSV      WHV        THV    NHV  MaxTrnV   MaxTranC  MaxCapV    Leakage
    1   *   0.0000     0.0000   0.0000      0        -          -      -        0     0.0000        0 340605.750
----------------------------------------------------------------------------------------------------------------------------------------------------------------------
DESIGN QOR 
----------------------------------------------------------------------------------------------------------------------------------------------------------------------
Scene  PG      WNS        TNS   R2RTNS    NSV      WHV        THV    NHV  MaxTrnV   MaxTranC  MaxCapV    Leakage         Area    InstCnt     BufCnt     InvCnt
    *   *   0.0000     0.0000   0.0000      0   0.0000     0.0000      0        0     0.0000        0 340605.750       915.13       1190         13         23
----------------------------------------------------------------------------------------------------------------------------------------------------------------------

compile initial QoR Summary       WNS        TNS   R2RTNS    NSV      WHV        THV    NHV  MaxTrnV  MaxCapV    Leakage         Area    InstCnt
compile initial QoR Summary    0.0000     0.0000   0.0000      0   0.0000     0.0000      0        0        0 340605.750       915.13       1190
Information: The netlist change observers are disabled for incremental extraction. (TIM-126)
INFO: using 12 threads
compile initialization complete         CPU:   150 s (  0.04 hr )  ELAPSE:    68 s (  0.02 hr )  MEM-PEAK:  1290 MB
compile optimization summary            SETUP-COST    R2R-COST HOLD-COST LDRC-COST          AREA     LEAKAGE     INSTCNT            ELAPSE       MEM
Warning: Cannot find any max transition constraint on the design. (OPT-070)
Information: The netlist change observers are enabled for incremental extraction. (TIM-127)

[Tim-Power] Info: Cleared Leakage libCell cache.
Information: Initializing classic cellmap without advanced rules enabled and without PDC enabled
Information: The following app options are used in cellmap
        place.legalize.enable_color_aware_placement : false
        place.legalize.use_nll_query_cm : false
        place.legalize.enable_advanced_legalizer : false
        place.legalize.enable_prerouted_net_check : false
        place.legalize.enable_advanced_prerouted_net_check : false
        place.legalize.always_continue : true
        place.legalize.limit_legality_checks : false
        place.common.pnet_aware_density : 1.0000
        place.common.pnet_aware_min_width : 0.0000
        place.common.pnet_aware_layers : {}
        place.common.use_placement_model : false
        place.common.enable_advanced_placement_model : true
        cts.placement.cell_spacing_rule_style : maximum
Warning: Library cell saed14rvt_frame_timing:SAEDRVT14_ISOFSDPQ_PECO_8.frame is missing supply pins. Its power structure cannot be determined. (LGL-050)
Warning: Library cell saed14rvt_frame_timing:SAEDRVT14_DCAP_PV1ECO_12.frame is missing supply pins. Its power structure cannot be determined. (LGL-050)
Total 0.0077 seconds to build cellmap data
INFO: creating 20(r) x 20(c) GridCells YDim 1.8 XDim 1.8
INFO: number of GridCells (0xdefbbed8): 400
INFO: creating 20(r) x 20(c) GridCells YDim 1.8 XDim 1.8
INFO: number of GridCells (0xdefbbed8): 400
Total 0.0129 seconds to load 1190 cell instances into cellmap, 1175 cells are off site row
Moveable cells: 1190; Application fixed cells: 0; Macro cells: 0; User fixed cells: 0
Average cell width 1.2817, cell height 0.6000, cell area 0.7690 for total 1190 placed and application fixed cells
Information: Starting compile_fusion / initial_opto / Optimization (1) (FLW-8000)
Information: Time: 2025-05-28 13:38:33 / Session:  00:01:09 / Command:  00:00:03 / CPU:  00:00:16 / Memory: 1290 MB (FLW-8100)
Information: CPU Load: 11%, Ram Free: 47 GB, Swap Free: 1 GB, Work Disk Free: 308 GB, Tmp Disk Free: 308 GB (MSG-3995)
Information: Starting compile_fusion / initial_opto / Optimization (1) / Timing Optimization (FLW-8000)
Information: Time: 2025-05-28 13:38:33 / Session:  00:01:09 / Command:  00:00:03 / CPU:  00:00:16 / Memory: 1290 MB (FLW-8100)
Information: CPU Load: 11%, Ram Free: 47 GB, Swap Free: 1 GB, Work Disk Free: 308 GB, Tmp Disk Free: 308 GB (MSG-3995)
Disable clock slack update for ideal clocks
Warning: Restoring scoped app option 'ropt.rbuf_subtree_crit_range' to original value 'unset' (from current value '-1', which is different from the scoped value '-1.0'). (FLW-2892)
Disable clock slack update for ideal clocks
Corner Scaling is off, multiplier is 1.000000
Using default layer M4
new cutoff lpd: 4.05079e-07
corner scaling: maxCornerId = 1
corner=Typical, tran factor=1.000000 (0.030008 / 0.030008)
Warning: Restoring scoped app option 'ropt.rbuf_subtree_crit_range' to original value 'unset' (from current value '-1', which is different from the scoped value '-1.0'). (FLW-2892)
Disable clock slack update for ideal clocks
Warning: Restoring scoped app option 'ropt.rbuf_subtree_crit_range' to original value 'unset' (from current value '-1', which is different from the scoped value '-1.0'). (FLW-2892)
Disable clock slack update for ideal clocks
Warning: Restoring scoped app option 'ropt.rbuf_subtree_crit_range' to original value 'unset' (from current value '-1', which is different from the scoped value '-1.0'). (FLW-2892)
Disable clock slack update for ideal clocks
Warning: Restoring scoped app option 'ropt.rbuf_subtree_crit_range' to original value 'unset' (from current value '-1', which is different from the scoped value '-1.0'). (FLW-2892)
Information: Ending   compile_fusion / initial_opto / Optimization (1) / Timing Optimization (FLW-8001)
Information: Time: 2025-05-28 13:38:36 / Session:  00:01:13 / Command:  00:00:06 / CPU:  00:00:20 / Memory: 1290 MB (FLW-8100)
Information: CPU Load: 11%, Ram Free: 48 GB, Swap Free: 1 GB, Work Disk Free: 308 GB, Tmp Disk Free: 308 GB (MSG-3995)
Warning: Restoring scoped app option 'xform.commit_density_threshold' to original value 'unset' (from current value '1.1', which is different from the scoped value '1.100000'). (FLW-2892)
Warning: Restoring scoped app option 'ropt.rutil_density_threshold' to original value 'unset' (from current value '1.1', which is different from the scoped value '1.100000'). (FLW-2892)
Warning: Restoring scoped app option 'opt.internal.levfilter_arec_slack' to original value 'unset' (from current value '-1', which is different from the scoped value '-1.0'). (FLW-2892)
Information: Ending   compile_fusion / initial_opto / Optimization (1) (FLW-8001)
Information: Time: 2025-05-28 13:38:37 / Session:  00:01:13 / Command:  00:00:07 / CPU:  00:00:21 / Memory: 1290 MB (FLW-8100)
Information: CPU Load: 11%, Ram Free: 48 GB, Swap Free: 1 GB, Work Disk Free: 308 GB, Tmp Disk Free: 308 GB (MSG-3995)
----------------------------------------------------------------
running create_placement
Corner Scaling is off, multiplier is 1.000000
ORB: timingScenario Normal_Typical timingCorner Typical
INFO: Using corner Typical for worst leakage corner
Using default layer M4
new cutoff lpd: 4.05079e-07
corner scaling: maxCornerId = 1
corner=Typical, tran factor=1.000000 (0.030008 / 0.030008)
ORB: Nominal = 0.0053281  Design MT = inf  Target = 0.0300080 (5.632 nominal)  MaxRC = 0.020355
ORB: Fast Target = 0.010069 ( 1.890 nominal )
ORB: stageDelay=0.02037, stageLength=1552950
nplLib: default vr hor dist = 311
nplLib: default vr ver dist = 311
nplLib: default vr buf size = 2
nplLib: default vr buf size = 1

Placement Options:
Effort:                        medium_effort       
Timing Driven:                 false               
Buffering Aware Timing Driven: false               
Seed locs:                     true                
Incremental:                   false               
Congestion:                    false               
Fix Macros:                    true                
Place Macros:                  false               
Channel Size Macros:           false               

Printing options for 'place.coarse.*' (non-default only)
place.coarse.continue_on_missing_scandef                :	 true                

Start transferring placement data.
Added 0 bounds for preserving balanced registers
****** Net weight manager: report ******
Weights included: Timing  
Number of nets with non-default weights: 1619
Timing factor = 1
Non-default weight range: (0.887418, 2.66226)
Information: Automatic repeater spreading is enabled.
Information: The net parasitics of block dut_toplevel are cleared. (TIM-123)
Completed transferring placement data.
Running placement using 12 thread(s)
Information: Enhanced Auto Density Control is used. (PLACE-098)
Information: Enhanced auto density configuration is 13179.
Information: Automatic density control has selected the following settings: max_density 0.55, congestion_driven_max_util 0.87. (PLACE-027)
Information: HFW control 'off' invoked.
coarse place 33% done.
coarse place 67% done.
coarse place 100% done.
Information: Coarse placer weighted wire length estimate = 9.75868e+07
Information: Extraction observers are detached as design net change threshold is reached.
Warning: No clock routing rules were specified. Use set_clock_routing_rules to specify routing rules for accurate clock latency estimation. (OPT-902)
Warning: No clock routing rules were specified. Use set_clock_routing_rules to specify routing rules for accurate clock latency estimation. (OPT-902)
Information: Estimating clock gate latencies for scenario 'Normal_Typical'. (OPT-909)
----------------------------------------------------------------
Information: Starting compile_fusion / initial_opto / Timing and Congestion Driven Placement (FLW-8000)
Information: Time: 2025-05-28 13:38:38 / Session:  00:01:14 / Command:  00:00:08 / CPU:  00:00:23 / Memory: 1290 MB (FLW-8100)
Information: CPU Load: 11%, Ram Free: 48 GB, Swap Free: 1 GB, Work Disk Free: 308 GB, Tmp Disk Free: 308 GB (MSG-3995)
----------------------------------------------------------------
----------------------------------------------------------------
Running congestion-aware direct-timing-driven placement
Information: Current block utilization is '0.71770', effective utilization is '0.72011'. (OPT-055)
chip utilization before DTDP: 0.72
Start Timing-driven placement
Start transferring placement data.
Warning: To enable pin track alignment feature, the advanced legalizer has to be turned on using app option "place.legalize.enable_advanced_legalizer".
Warning: Pin track alignment feature will be disabled in this run
Information: Initializing classic cellmap without advanced rules enabled and without PDC enabled
Information: The following app options are used in cellmap
        place.legalize.enable_color_aware_placement : false
        place.legalize.use_nll_query_cm : false
        place.legalize.enable_advanced_legalizer : false
        place.legalize.enable_prerouted_net_check : true
        place.legalize.enable_advanced_prerouted_net_check : false
        place.legalize.always_continue : true
        place.legalize.limit_legality_checks : false
        place.common.pnet_aware_density : 1.0000
        place.common.pnet_aware_min_width : 0.0000
        place.common.pnet_aware_layers : {}
        place.common.use_placement_model : false
        place.common.enable_advanced_placement_model : true
        cts.placement.cell_spacing_rule_style : maximum
Warning: Library cell saed14rvt_frame_timing:SAEDRVT14_ISOFSDPQ_PECO_8.frame is missing supply pins. Its power structure cannot be determined. (LGL-050)
Warning: Library cell saed14rvt_frame_timing:SAEDRVT14_DCAP_PV1ECO_12.frame is missing supply pins. Its power structure cannot be determined. (LGL-050)
Total 0.0077 seconds to build cellmap data
Snapped 1189 standard cells to the nearest cellrow to improve the accuracy of congestion analysis.
Start Global Route ... 
[Init] Elapsed real time: 0:00:00 
[Init] Elapsed cpu  time: sys=0:00:00 usr=0:00:00 total=0:00:00
[Init] Stage (MB): Used    0  Alloctr    0  Proc    0 
[Init] Total (MB): Used    7  Alloctr    8  Proc 6046 
Printing options for 'route.common.*'

Printing options for 'route.global.*'
global.deterministic                                    :	 on                  
global.timing_driven                                    :	 false               

Begin global routing.
Warning: Cell contains tie connections which are not connected to real PG. (ZRT-511)
Cell Min-Routing-Layer = M1
Cell Max-Routing-Layer = MRDL
Turn off antenna since no rule is specified
Information: Option route.detail.force_end_on_preferred_grid will be ignored since none of the layers have preferred grid. (ZRT-703)
Skipping 1 internal pins that are not physical. Set route.common.verbose_level to > 0 and run routing command to get skipped pin names.
Info: number of net_type_blockage: 0 
Information: Via ladder engine would be activated for pattern must join connection in certain commands. Please refer to man-page for the command list. (ZRT-619)
Warning: Port  VDD at {{29.484,-0.047} {31.714,0.047}} is out of boundary. Cannot be routed. (ZRT-720)
Warning: Port  VDD at {{24.378,-0.047} {26.608,0.047}} is out of boundary. Cannot be routed. (ZRT-720)
Warning: Port  VDD at {{22.232,-0.047} {24.462,0.047}} is out of boundary. Cannot be routed. (ZRT-720)
Warning: Port  VDD at {{19.938,-0.047} {22.168,0.047}} is out of boundary. Cannot be routed. (ZRT-720)
Warning: Port  VDD at {{17.644,-0.047} {19.874,0.047}} is out of boundary. Cannot be routed. (ZRT-720)
Warning: Port  VDD at {{14.758,-0.047} {16.988,0.047}} is out of boundary. Cannot be routed. (ZRT-720)
Warning: Port  VDD at {{12.612,-0.047} {14.842,0.047}} is out of boundary. Cannot be routed. (ZRT-720)
Warning: Port  VDD at {{33.702,28.753} {35.932,28.847}} is out of boundary. Cannot be routed. (ZRT-720)
Warning: Port  VSS at {{33.702,29.353} {35.932,29.447}} is out of boundary. Cannot be routed. (ZRT-720)
Warning: Port  VDD at {{33.702,28.753} {35.932,28.847}} is out of boundary. Cannot be routed. (ZRT-720)
Skipping 124 ectangle_only route guides because they don't cover the design boundary in the layer's  preferred direction.
Via on layer (VIA1) needs more than one tracks
Warning: Layer M1 default pitch 0.074 may be too small to handle up/down via. Note, that minimum requirements are "wire/via-down 0.074" & "wire/via-up 0.078". (ZRT-026)
Via on layer (VIA1) needs more than one tracks
Warning: Layer M2 default pitch 0.060 may be too small to handle up/down via. Note, that minimum requirements are "wire/via-down 0.078" & "wire/via-up 0.060". (ZRT-026)
Via on layer (VIA4) needs more than one tracks
Warning: Layer M5 default pitch 0.100 may be too small to handle up/down via. Note, that minimum requirements are "wire/via-down 0.125" & "wire/via-up 0.100". (ZRT-026)
Via on layer (VIA7) needs more than one tracks
Warning: Layer M7 default pitch 0.100 may be too small to handle up/down via. Note, that minimum requirements are "wire/via-down 0.100" & "wire/via-up 0.107". (ZRT-026)
Wire on layer (M8) needs more than one tracks
Via on layer (VIA7) needs more than one tracks
Via on layer (VIA8) needs more than one tracks
Warning: Layer M8 default pitch 0.100 may be too small to handle up/down via. Note, that minimum requirements are "wire/via-down 0.107" & "wire/via-up 0.135". (ZRT-026)
Wire on layer (M9) needs more than one tracks
Via on layer (VIA8) needs more than one tracks
Via on layer (VIARDL) needs more than one tracks
Warning: Layer M9 default pitch 0.100 may be too small to handle up/down via. Note, that minimum requirements are "wire/via-down 0.135" & "wire/via-up 1.570". (ZRT-026)
Via on layer (VIARDL) needs more than one tracks
Warning: Layer MRDL default pitch 4.000 may be too small to handle up/down via. Note, that minimum requirements are "wire/via-down 4.500" & "wire/via-up 4.000". (ZRT-026)
Transition layer name: M7(6)
Transition layer name: M8(7)
Information: When applicable Min-max layer allow_pin_connection mode will allow paths of length 0.90 outside the layer range. (ZRT-707)
Information: When applicable Min-max layer allow_pin_connection mode will allow paths of length 0.90 outside the layer range on clock nets. (ZRT-718)
Information: When applicable layer based tapering will taper up to 0.00 in distance from the pin. (ZRT-706)
Warning: Standard cell pin SAEDRVT14_ADDH_0P5/CO has no valid via regions. (ZRT-044)
Warning: Cell ctmi_2154 is placed overlapping with other cells at {{2.072 2.400} {2.886 3.000}}. (ZRT-763)
Current Stage stats:
[End of Read DB] Elapsed real time: 0:00:00 
[End of Read DB] Elapsed cpu  time: sys=0:00:00 usr=0:00:00 total=0:00:00
[End of Read DB] Stage (MB): Used   30  Alloctr   31  Proc  -32 
[End of Read DB] Total (MB): Used   38  Alloctr   39  Proc 6014 
Constructing data structure ...
Design statistics:
Design Bounding Box (0.00um,0.00um,35.89um,35.40um)
Number of routing layers = 10
layer M1, dir Ver, min width = 0.034um, min space = 0.026um pitch = 0.074um
layer M2, dir Hor, min width = 0.034um, min space = 0.026um pitch = 0.06um
layer M3, dir Ver, min width = 0.034um, min space = 0.026um pitch = 0.074um
layer M4, dir Hor, min width = 0.06um, min space = 0.04um pitch = 0.1um
layer M5, dir Ver, min width = 0.06um, min space = 0.04um pitch = 0.1um
layer M6, dir Hor, min width = 0.06um, min space = 0.04um pitch = 0.1um
layer M7, dir Ver, min width = 0.06um, min space = 0.04um pitch = 0.1um
layer M8, dir Hor, min width = 0.06um, min space = 0.04um pitch = 0.1um
layer M9, dir Ver, min width = 0.06um, min space = 0.04um pitch = 0.1um
layer MRDL, dir Hor, min width = 2um, min space = 2um pitch = 4um
Current Stage stats:
[End of Build Tech Data] Elapsed real time: 0:00:00 
[End of Build Tech Data] Elapsed cpu  time: sys=0:00:00 usr=0:00:00 total=0:00:00
[End of Build Tech Data] Stage (MB): Used    0  Alloctr    0  Proc    0 
[End of Build Tech Data] Total (MB): Used   39  Alloctr   40  Proc 6014 
Net statistics:
Total number of nets     = 1620
Number of nets to route  = 1618
1 nets are fully connected,
 of which 1 are detail routed and 0 are global routed.
Net length statistics: 
Net Count(Ignore Fully Rted) 1619, Total Half Perimeter Wire Length (HPWL) 9109 microns
HPWL   0 ~   50 microns: Net Count     1612	Total HPWL         8729 microns
HPWL  50 ~  100 microns: Net Count        7	Total HPWL          380 microns
HPWL 100 ~  200 microns: Net Count        0	Total HPWL            0 microns
HPWL 200 ~  300 microns: Net Count        0	Total HPWL            0 microns
HPWL 300 ~  400 microns: Net Count        0	Total HPWL            0 microns
HPWL 400 ~  500 microns: Net Count        0	Total HPWL            0 microns
HPWL 500 ~  600 microns: Net Count        0	Total HPWL            0 microns
HPWL 600 ~  700 microns: Net Count        0	Total HPWL            0 microns
HPWL 700 ~  800 microns: Net Count        0	Total HPWL            0 microns
HPWL 800 ~  900 microns: Net Count        0	Total HPWL            0 microns
HPWL 900 ~ 1000 microns: Net Count        0	Total HPWL            0 microns
HPWL     > 1000 microns: Net Count        0	Total HPWL            0 microns
Current Stage stats:
[End of Build All Nets] Elapsed real time: 0:00:00 
[End of Build All Nets] Elapsed cpu  time: sys=0:00:00 usr=0:00:00 total=0:00:00
[End of Build All Nets] Stage (MB): Used    1  Alloctr    1  Proc    0 
[End of Build All Nets] Total (MB): Used   40  Alloctr   41  Proc 6014 
Number of partitions: 1 (1 x 1)
Size of partitions: 60 gCells x 59 gCells
Average gCell capacity  0.22	 on layer (1)	 M1
Average gCell capacity  7.70	 on layer (2)	 M2
Average gCell capacity  8.04	 on layer (3)	 M3
Average gCell capacity  5.98	 on layer (4)	 M4
Average gCell capacity  5.95	 on layer (5)	 M5
Average gCell capacity  5.98	 on layer (6)	 M6
Average gCell capacity  5.95	 on layer (7)	 M7
Average gCell capacity  5.98	 on layer (8)	 M8
Average gCell capacity  5.95	 on layer (9)	 M9
Average gCell capacity  0.12	 on layer (10)	 MRDL
Average number of tracks per gCell 8.10	 on layer (1)	 M1
Average number of tracks per gCell 10.02	 on layer (2)	 M2
Average number of tracks per gCell 8.10	 on layer (3)	 M3
Average number of tracks per gCell 6.02	 on layer (4)	 M4
Average number of tracks per gCell 5.98	 on layer (5)	 M5
Average number of tracks per gCell 6.02	 on layer (6)	 M6
Average number of tracks per gCell 5.98	 on layer (7)	 M7
Average number of tracks per gCell 6.02	 on layer (8)	 M8
Average number of tracks per gCell 5.98	 on layer (9)	 M9
Average number of tracks per gCell 0.15	 on layer (10)	 MRDL
Number of gCells = 35400
Current Stage stats:
[End of Build Congestion Map] Elapsed real time: 0:00:00 
[End of Build Congestion Map] Elapsed cpu  time: sys=0:00:00 usr=0:00:00 total=0:00:00
[End of Build Congestion Map] Stage (MB): Used    1  Alloctr    1  Proc    0 
[End of Build Congestion Map] Total (MB): Used   41  Alloctr   43  Proc 6014 
Number of partitions: 1 (1 x 1)
Size of partitions: 60 gCells x 59 gCells
Current Stage stats:
[End of Add Nets Demand] Elapsed real time: 0:00:00 
[End of Add Nets Demand] Elapsed cpu  time: sys=0:00:00 usr=0:00:00 total=0:00:00
[End of Add Nets Demand] Stage (MB): Used    0  Alloctr    0  Proc    0 
[End of Add Nets Demand] Total (MB): Used   41  Alloctr   43  Proc 6014 
Number of user frozen nets = 0
Total stats:
[End of Build Data] Elapsed real time: 0:00:00 
[End of Build Data] Elapsed cpu  time: sys=0:00:00 usr=0:00:00 total=0:00:00
[End of Build Data] Stage (MB): Used    3  Alloctr    3  Proc    0 
[End of Build Data] Total (MB): Used   41  Alloctr   43  Proc 6014 
Number of partitions: 1 (1 x 1)
Size of partitions: 60 gCells x 59 gCells
Current Stage stats:
[End of Blocked Pin Detection] Elapsed real time: 0:00:00 
[End of Blocked Pin Detection] Elapsed cpu  time: sys=0:00:00 usr=0:00:00 total=0:00:00
[End of Blocked Pin Detection] Stage (MB): Used  104  Alloctr  104  Proc    0 
[End of Blocked Pin Detection] Total (MB): Used  145  Alloctr  147  Proc 6014 
Information: Using 12 threads for routing. (ZRT-444)
Information: Placement fast mode ON
Information: Multiple gcell levels ON
Information: Buffer distance is estimated to be ~271.0000um (451 gCells)

Start GR phase 0
Number of partitions: 1 (1 x 1)
Size of partitions: 60 gCells x 59 gCells
[rtAllBotParts] Elapsed real time: 0:00:00 
[rtAllBotParts] Elapsed cpu  time: sys=0:00:00 usr=0:00:00 total=0:00:00
[rtTop] Elapsed real time: 0:00:00 
[rtTop] Elapsed cpu  time: sys=0:00:00 usr=0:00:00 total=0:00:00
Current Stage stats:
[End of Initial Routing] Elapsed real time: 0:00:00 
[End of Initial Routing] Elapsed cpu  time: sys=0:00:00 usr=0:00:00 total=0:00:00
[End of Initial Routing] Stage (MB): Used    0  Alloctr    0  Proc    0 
[End of Initial Routing] Total (MB): Used  146  Alloctr  148  Proc 6014 
Initial. Routing result:
Initial. Both Dirs: Dmd-Cap  =     0 Max = 0 GRCs =     0 (0.00%)
Initial. H routing: Dmd-Cap  =     0 Max = 0 (GRCs =  0) GRCs =     0 (0.00%)
Initial. V routing: Dmd-Cap  =     0 Max = 0 (GRCs =  0) GRCs =     0 (0.00%)
Initial. Both Dirs: Overflow =    76 Max = 6 GRCs =    81 (1.14%)
Initial. H routing: Overflow =    62 Max = 6 (GRCs =  1) GRCs =    54 (1.53%)
Initial. V routing: Overflow =    14 Max = 2 (GRCs =  5) GRCs =    27 (0.76%)
Initial. M1         Overflow =     0 Max = 0 (GRCs =  0) GRCs =     0 (0.00%)
Initial. M2         Overflow =    62 Max = 6 (GRCs =  1) GRCs =    54 (1.53%)
Initial. M3         Overflow =    14 Max = 2 (GRCs =  5) GRCs =    27 (0.76%)
Initial. M4         Overflow =     0 Max = 0 (GRCs =  0) GRCs =     0 (0.00%)
Initial. M5         Overflow =     0 Max = 0 (GRCs =  0) GRCs =     0 (0.00%)
Initial. M6         Overflow =     0 Max = 0 (GRCs =  0) GRCs =     0 (0.00%)
Initial. M7         Overflow =     0 Max = 0 (GRCs =  0) GRCs =     0 (0.00%)
Initial. M8         Overflow =     0 Max = 0 (GRCs =  0) GRCs =     0 (0.00%)
Initial. M9         Overflow =     0 Max = 0 (GRCs =  0) GRCs =     0 (0.00%)
Initial. MRDL       Overflow =     0 Max = 0 (GRCs =  0) GRCs =     0 (0.00%)

Initial. Total Wire Length = 8905.72
Initial. Layer M1 wire length = 7.64
Initial. Layer M2 wire length = 3443.41
Initial. Layer M3 wire length = 4389.86
Initial. Layer M4 wire length = 728.90
Initial. Layer M5 wire length = 335.91
Initial. Layer M6 wire length = 0.00
Initial. Layer M7 wire length = 0.00
Initial. Layer M8 wire length = 0.00
Initial. Layer M9 wire length = 0.00
Initial. Layer MRDL wire length = 0.00
Initial. Total Number of Contacts = 7770
Initial. Via VIA1_Base count = 2716
Initial. Via VIA2_Base count = 4783
Initial. Via VIA34SQ_C count = 228
Initial. Via VIA4SQ count = 43
Initial. Via VIA5SQ_C count = 0
Initial. Via VIA67SQ_C count = 0
Initial. Via VIA78SQ_C count = 0
Initial. Via VIA89_C count = 0
Initial. Via VIA9RDL count = 0
Initial. completed.

Start GR phase 1
Wed May 28 13:38:39 2025
Number of partitions: 1 (1 x 1)
Size of partitions: 60 gCells x 59 gCells
[rtAllParts] Elapsed real time: 0:00:00 
[rtAllParts] Elapsed cpu  time: sys=0:00:00 usr=0:00:00 total=0:00:00
Number of partitions: 1 (1 x 1)
Size of partitions: 60 gCells x 59 gCells
[updNetsDmd] Elapsed real time: 0:00:00 
[updNetsDmd] Elapsed cpu  time: sys=0:00:00 usr=0:00:00 total=0:00:00
Current Stage stats:
[End of Phase1 Routing] Elapsed real time: 0:00:00 
[End of Phase1 Routing] Elapsed cpu  time: sys=0:00:00 usr=0:00:00 total=0:00:00
[End of Phase1 Routing] Stage (MB): Used    0  Alloctr    0  Proc    0 
[End of Phase1 Routing] Total (MB): Used  146  Alloctr  148  Proc 6014 
phase1. Routing result:
phase1. Both Dirs: Dmd-Cap  =     0 Max = 0 GRCs =     0 (0.00%)
phase1. H routing: Dmd-Cap  =     0 Max = 0 (GRCs =  0) GRCs =     0 (0.00%)
phase1. V routing: Dmd-Cap  =     0 Max = 0 (GRCs =  0) GRCs =     0 (0.00%)
phase1. Both Dirs: Overflow =     1 Max = 1 GRCs =     1 (0.01%)
phase1. H routing: Overflow =     1 Max = 1 (GRCs =  1) GRCs =     1 (0.03%)
phase1. V routing: Overflow =     0 Max = 0 (GRCs =  0) GRCs =     0 (0.00%)
phase1. M1         Overflow =     0 Max = 0 (GRCs =  0) GRCs =     0 (0.00%)
phase1. M2         Overflow =     1 Max = 1 (GRCs =  1) GRCs =     1 (0.03%)
phase1. M3         Overflow =     0 Max = 0 (GRCs =  0) GRCs =     0 (0.00%)
phase1. M4         Overflow =     0 Max = 0 (GRCs =  0) GRCs =     0 (0.00%)
phase1. M5         Overflow =     0 Max = 0 (GRCs =  0) GRCs =     0 (0.00%)
phase1. M6         Overflow =     0 Max = 0 (GRCs =  0) GRCs =     0 (0.00%)
phase1. M7         Overflow =     0 Max = 0 (GRCs =  0) GRCs =     0 (0.00%)
phase1. M8         Overflow =     0 Max = 0 (GRCs =  0) GRCs =     0 (0.00%)
phase1. M9         Overflow =     0 Max = 0 (GRCs =  0) GRCs =     0 (0.00%)
phase1. MRDL       Overflow =     0 Max = 0 (GRCs =  0) GRCs =     0 (0.00%)

phase1. Total Wire Length = 8925.38
phase1. Layer M1 wire length = 8.20
phase1. Layer M2 wire length = 3353.18
phase1. Layer M3 wire length = 4302.40
phase1. Layer M4 wire length = 842.26
phase1. Layer M5 wire length = 419.35
phase1. Layer M6 wire length = 0.00
phase1. Layer M7 wire length = 0.00
phase1. Layer M8 wire length = 0.00
phase1. Layer M9 wire length = 0.00
phase1. Layer MRDL wire length = 0.00
phase1. Total Number of Contacts = 7905
phase1. Via VIA1_Base count = 2718
phase1. Via VIA2_Base count = 4795
phase1. Via VIA34SQ_C count = 329
phase1. Via VIA4SQ count = 63
phase1. Via VIA5SQ_C count = 0
phase1. Via VIA67SQ_C count = 0
phase1. Via VIA78SQ_C count = 0
phase1. Via VIA89_C count = 0
phase1. Via VIA9RDL count = 0
phase1. completed.
[End of Whole Chip Routing] Elapsed real time: 0:00:00 
[End of Whole Chip Routing] Elapsed cpu  time: sys=0:00:00 usr=0:00:00 total=0:00:00
[End of Whole Chip Routing] Stage (MB): Used  108  Alloctr  108  Proc    0 
[End of Whole Chip Routing] Total (MB): Used  146  Alloctr  148  Proc 6014 

Congestion utilization per direction:
Average vertical track utilization   = 10.86 %
Peak    vertical track utilization   = 38.46 %
Average horizontal track utilization = 10.35 %
Peak    horizontal track utilization = 42.86 %

[End of Global Routing] Elapsed real time: 0:00:00 
[End of Global Routing] Elapsed cpu  time: sys=0:00:00 usr=0:00:00 total=0:00:00
[End of Global Routing] Stage (MB): Used  107  Alloctr  108  Proc    0 
[End of Global Routing] Total (MB): Used  146  Alloctr  147  Proc 6014 
Updating the database ...
Updating congestion ...
[End of dbOut] Elapsed real time: 0:00:00 
[End of dbOut] Elapsed cpu  time: sys=0:00:00 usr=0:00:00 total=0:00:00
[End of dbOut] Stage (MB): Used  -30  Alloctr  -31  Proc    0 
[End of dbOut] Total (MB): Used   36  Alloctr   37  Proc 6014 
time.estimate_sized_nets true
Doing RDE Capture
Information: Design dut_toplevel has 1620 nets, 1618 global routed, 0 detail routed. (NEX-024)
Information: The stitching and editing of coupling caps is turned OFF for design 'dut_toplevel.dlib:dut_toplevel/compile_flow.design'. (TIM-125)

RDE Information
RDE Design         : dut_toplevel.dlib:dut_toplevel/compile_flow.design
RDE Module         : dut_toplevel
RDE TechName       : nomTLU
RDE Version        : 1.90
Product Version    : fc V-2023.12 Nov 23, 2023
No. of Res Corners : 1
No. of Cap Corners : 1
RDE Capture Stage  : NONE
RDE Capture DB     : GR
Max layer ID       : 10
Max via layer ID   : 9
DB1                : 10000
gCell Size         : 2.3375 um
Merge Fanout       : 1
Via Model          : 3
large Gcell Grid   : 0
Disable clock capture       : 1
RDE congestion map          : (-8320, -8320 -> 367220, 362320)
RDE Effort Level            : medium
RDE Layer Length Adjustment : false
RDE from                    : CAPTURE
Using per-layer congestion maps for congestion reduction.
Information: 0.00% of design has horizontal routing density above target_routing_density of 0.80.
Information: 0.06% of design has vertical routing density above target_routing_density of 0.80.
Completed transferring placement data.
Running placement using 12 thread(s)
Information: Enhanced Auto Density Control is used. (PLACE-098)
Information: Enhanced auto density configuration is 13179.
Information: Automatic density control has selected the following settings: max_density 0.65, congestion_driven_max_util 0.89. (PLACE-027)
Information: HFW control 'off' invoked.
coarse place 100% done.
Information: Reducing cell density for 0.0% of the movable cells to alleviate congestion. This changes the average cell density in non-congested areas from 0.718 to 0.718. (PLACE-030)
Completed Timing-driven placement, Elapsed time =   0: 0: 0 
Moved 0 out of 1189 cells, ratio = 0.000000
----------------------------------------------------------------
----------------------------------------------------------------
----------------------------------------------------------------
Running congestion-aware direct-timing-driven placement
Start Timing-driven placement
Information: RDE mode is turned on. (TIM-124)
Information: The stitching and editing of coupling caps is turned OFF for design 'dut_toplevel.dlib:dut_toplevel/compile_flow.design'. (TIM-125)
Corner Scaling is off, multiplier is 1.000000
ORB: timingScenario Normal_Typical timingCorner Typical
INFO: Using corner Typical for worst leakage corner
Using default layer M4
new cutoff lpd: 4.05079e-07
corner scaling: maxCornerId = 1
corner=Typical, tran factor=1.000000 (0.030008 / 0.030008)
ORB: Nominal = 0.0053281  Design MT = inf  Target = 0.0300080 (5.632 nominal)  MaxRC = 0.020355
ORB: Fast Target = 0.010069 ( 1.890 nominal )
ORB: stageDelay=0.02037, stageLength=1552950
nplLib: default vr hor dist = 311
nplLib: default vr ver dist = 311
nplLib: default vr buf size = 2
nplLib: default vr buf size = 1

Placement Options:
Effort:                        medium_effort       
Timing Driven:                 true                
Buffering Aware Timing Driven: false               
Seed locs:                     true                
Incremental:                   false               
Congestion:                    true                
Congestion Effort:             medium              
Fix Macros:                    true                
Place Macros:                  false               
Channel Size Macros:           false               

Printing options for 'place.coarse.*' (non-default only)
place.coarse.continue_on_missing_scandef                :	 true                

Information: Activity propagation will be performed for scenario Normal_Typical.
Information: Doing activity propagation for mode 'Normal' and corner 'Typical' with effort level 'medium'. (POW-024)
Information: Timer-derived activity data is cached on scenario Normal_Typical (POW-052)
Information: Running switching activity propagation with 12 threads!

 **** Information : No. of simulation cycles = 6 ****
****** eLpp estimated wire length 
7.0894% of the net wire length are clock nets
0% of the clock net wire length has no activity
Clock net wire length: 6.70385e+06
Total net wire length: 9.45616e+07
****** eLpp weights (with caps)
Number of nets: 1619, of which 1607 non-clock nets
Number of nets with 0 toggle rate: 0
Max toggle rate = 0.666667, average toggle rate = 0.0125283
Max non-clock toggle rate = 0.054518
eLpp weight range = (0.00552245, 33.93)
*** 3 nets are filtered out
Start transferring placement data.
****** Net weight manager: report ******
Weights included: eLpp  Timing  
Number of nets with non-default weights: 1619
Amt power = 0.1
Timing factor = 1
Non-default weight range: (0.800465, 4.19291)
Information: Automatic repeater spreading is enabled.
Information: Automatic timing control is enabled.
checking app option clockgate_objective_weight : none
DTDP placement: scenario=Normal_Typical
Information: The net parasitics of block dut_toplevel are cleared. (TIM-123)
Completed transferring placement data.
Running placement using 12 thread(s)
Information: Enhanced Auto Density Control is used. (PLACE-098)
Information: Enhanced auto density configuration is 13179.
Information: Automatic density control has selected the following settings: max_density 0.65, congestion_driven_max_util 0.89. (PLACE-027)
Information: HFW control 'off' invoked.
coarse place 40% done.
coarse place 60% done.
coarse place 80% done.
coarse place 100% done.
Information: Coarse placer weighted wire length estimate = 9.16871e+07
Information: Extraction observers are detached as design net change threshold is reached.
Warning: No clock routing rules were specified. Use set_clock_routing_rules to specify routing rules for accurate clock latency estimation. (OPT-902)
Warning: No clock routing rules were specified. Use set_clock_routing_rules to specify routing rules for accurate clock latency estimation. (OPT-902)
Information: Estimating clock gate latencies for scenario 'Normal_Typical'. (OPT-909)
Completed Timing-driven placement, Elapsed time =   0: 0: 2 
Moved 1189 out of 1189 cells, ratio = 1.000000
Total displacement = 1644.662354(um)
Max displacement = 6.181000(um), math_wrapper_INST/out_data_r_reg[7] (11.365900, 8.995100, 0) => (9.416000, 11.080200, 6)
Displacement histogram:
  0 ~  10% cells displacement <=      0.38(um)
  0 ~  20% cells displacement <=      0.57(um)
  0 ~  30% cells displacement <=      0.77(um)
  0 ~  40% cells displacement <=      0.97(um)
  0 ~  50% cells displacement <=      1.13(um)
  0 ~  60% cells displacement <=      1.38(um)
  0 ~  70% cells displacement <=      1.69(um)
  0 ~  80% cells displacement <=      2.11(um)
  0 ~  90% cells displacement <=      2.74(um)
  0 ~ 100% cells displacement <=      6.18(um)
----------------------------------------------------------------
Information: Ending   compile_fusion / initial_opto / Timing and Congestion Driven Placement (FLW-8001)
Information: Time: 2025-05-28 13:38:41 / Session:  00:01:18 / Command:  00:00:11 / CPU:  00:00:35 / Memory: 1290 MB (FLW-8100)
Information: CPU Load: 12%, Ram Free: 48 GB, Swap Free: 1 GB, Work Disk Free: 308 GB, Tmp Disk Free: 308 GB (MSG-3995)
Information: Starting compile_fusion / initial_opto / Scan Reordering (FLW-8000)
Information: Time: 2025-05-28 13:38:41 / Session:  00:01:18 / Command:  00:00:11 / CPU:  00:00:35 / Memory: 1290 MB (FLW-8100)
Information: CPU Load: 12%, Ram Free: 48 GB, Swap Free: 1 GB, Work Disk Free: 308 GB, Tmp Disk Free: 308 GB (MSG-3995)
Warning: SCANDEF based Optimization skipped: No ScanDEF chains found. (DFT-1991)
Information: Ending   compile_fusion / initial_opto / Scan Reordering (FLW-8001)
Information: Time: 2025-05-28 13:38:41 / Session:  00:01:18 / Command:  00:00:11 / CPU:  00:00:35 / Memory: 1290 MB (FLW-8100)
Information: CPU Load: 12%, Ram Free: 48 GB, Swap Free: 1 GB, Work Disk Free: 308 GB, Tmp Disk Free: 308 GB (MSG-3995)
COST: WSV 1
Information: Enabling light RDE (FLW-5761)
Information: Enabling light RDE flow Mode (FLW-5761)
Information: The stitching and editing of coupling caps is turned OFF for design 'dut_toplevel.dlib:dut_toplevel/compile_flow.design'. (TIM-125)
Information: Starting compile_fusion / initial_opto / Optimization (2) (FLW-8000)
Information: Time: 2025-05-28 13:38:42 / Session:  00:01:18 / Command:  00:00:12 / CPU:  00:00:36 / Memory: 1290 MB (FLW-8100)
Information: CPU Load: 12%, Ram Free: 48 GB, Swap Free: 1 GB, Work Disk Free: 308 GB, Tmp Disk Free: 308 GB (MSG-3995)
Warning: No clock routing rules were specified. Use set_clock_routing_rules to specify routing rules for accurate clock latency estimation. (OPT-902)
Warning: No clock routing rules were specified. Use set_clock_routing_rules to specify routing rules for accurate clock latency estimation. (OPT-902)
Information: Estimating clock gate latencies for scenario 'Normal_Typical'. (OPT-909)
Information: Ending   compile_fusion / initial_opto / Optimization (2) (FLW-8001)
Information: Time: 2025-05-28 13:38:43 / Session:  00:01:19 / Command:  00:00:12 / CPU:  00:00:38 / Memory: 1290 MB (FLW-8100)
Information: CPU Load: 12%, Ram Free: 48 GB, Swap Free: 1 GB, Work Disk Free: 308 GB, Tmp Disk Free: 308 GB (MSG-3995)
Information: Starting compile_fusion / initial_opto / Scan Synthesis (FLW-8000)
Information: Time: 2025-05-28 13:38:43 / Session:  00:01:19 / Command:  00:00:12 / CPU:  00:00:38 / Memory: 1290 MB (FLW-8100)
Information: CPU Load: 12%, Ram Free: 48 GB, Swap Free: 1 GB, Work Disk Free: 308 GB, Tmp Disk Free: 308 GB (MSG-3995)
Information: Ending   compile_fusion / initial_opto / Scan Synthesis (FLW-8001)
Information: Time: 2025-05-28 13:38:43 / Session:  00:01:19 / Command:  00:00:12 / CPU:  00:00:38 / Memory: 1290 MB (FLW-8100)
Information: CPU Load: 12%, Ram Free: 48 GB, Swap Free: 1 GB, Work Disk Free: 308 GB, Tmp Disk Free: 308 GB (MSG-3995)
Information: Starting compile_fusion / initial_opto / DRC Optimization (FLW-8000)
Information: Time: 2025-05-28 13:38:43 / Session:  00:01:19 / Command:  00:00:12 / CPU:  00:00:38 / Memory: 1290 MB (FLW-8100)
Information: CPU Load: 12%, Ram Free: 48 GB, Swap Free: 1 GB, Work Disk Free: 308 GB, Tmp Disk Free: 308 GB (MSG-3995)
min assign layer = M4
Corner Scaling is off, multiplier is 1.000000
Zbuf-HFS: gathering all scenarios
Information: Initializing classic cellmap without advanced rules enabled and without PDC enabled
Information: The following app options are used in cellmap
        place.legalize.enable_color_aware_placement : false
        place.legalize.use_nll_query_cm : false
        place.legalize.enable_advanced_legalizer : false
        place.legalize.enable_prerouted_net_check : true
        place.legalize.enable_advanced_prerouted_net_check : false
        place.legalize.always_continue : true
        place.legalize.limit_legality_checks : false
        place.common.pnet_aware_density : 1.0000
        place.common.pnet_aware_min_width : 0.0000
        place.common.pnet_aware_layers : {}
        place.common.use_placement_model : false
        place.common.enable_advanced_placement_model : true
        cts.placement.cell_spacing_rule_style : maximum
Warning: Library cell saed14rvt_frame_timing:SAEDRVT14_ISOFSDPQ_PECO_8.frame is missing supply pins. Its power structure cannot be determined. (LGL-050)
Warning: Library cell saed14rvt_frame_timing:SAEDRVT14_DCAP_PV1ECO_12.frame is missing supply pins. Its power structure cannot be determined. (LGL-050)
Total 0.0076 seconds to build cellmap data
INFO: creating 20(r) x 20(c) GridCells YDim 1.8 XDim 1.8
INFO: number of GridCells (0xe7fc20a8): 400
INFO: creating 20(r) x 20(c) GridCells YDim 1.8 XDim 1.8
INFO: number of GridCells (0xe7fc20a8): 400
Total 0.0126 seconds to load 1189 cell instances into cellmap, 1189 cells are off site row
Moveable cells: 1189; Application fixed cells: 0; Macro cells: 0; User fixed cells: 0
Average cell width 1.2782, cell height 0.6000, cell area 0.7669 for total 1189 placed and application fixed cells
orb constraints: using power mt scenarios
ORB: timingScenario Normal_Typical timingCorner Typical
INFO: Using corner Typical for worst leakage corner
Using default layer M4
new cutoff lpd: 4.05079e-07
corner scaling: maxCornerId = 1
corner=Typical, tran factor=1.000000 (0.030008 / 0.030008)
ORB: Nominal = 0.0053281  Design MT = inf  Target = 0.0300080 (5.632 nominal)  MaxRC = 0.020355
ORB: Fast Target = 0.010069 ( 1.890 nominal )
ORB: stageDelay=0.02037, stageLength=1552950
INFO: Using corner Typical for worst leakage corner
Using default layer M4
new cutoff lpd: 4.05079e-07
corner scaling: maxCornerId = 1
corner=Typical, tran factor=1.000000 (0.030008 / 0.030008)
INFO: Using corner Typical for worst leakage corner
Using default layer M4
new cutoff lpd: 4.05079e-07
corner scaling: maxCornerId = 1
corner=Typical, tran factor=1.000000 (0.030008 / 0.030008)
INFO: Using corner Typical for worst leakage corner
Using default layer M4
new cutoff lpd: 4.05079e-07
corner scaling: maxCornerId = 1
corner=Typical, tran factor=1.000000 (0.030008 / 0.030008)
INFO: Using corner Typical for worst leakage corner
Using default layer M4
new cutoff lpd: 4.05079e-07
corner scaling: maxCornerId = 1
corner=Typical, tran factor=1.000000 (0.030008 / 0.030008)
INFO: Using corner Typical for worst leakage corner
Using default layer M4
new cutoff lpd: 4.05079e-07
corner scaling: maxCornerId = 1
corner=Typical, tran factor=1.000000 (0.030008 / 0.030008)
INFO: Using corner Typical for worst leakage corner
Using default layer M4
new cutoff lpd: 4.05079e-07
corner scaling: maxCornerId = 1
corner=Typical, tran factor=1.000000 (0.030008 / 0.030008)
INFO: Using corner Typical for worst leakage corner
Using default layer M4
new cutoff lpd: 4.05079e-07
corner scaling: maxCornerId = 1
corner=Typical, tran factor=1.000000 (0.030008 / 0.030008)
INFO: Using corner Typical for worst leakage corner
Using default layer M4
new cutoff lpd: 4.05079e-07
corner scaling: maxCornerId = 1
corner=Typical, tran factor=1.000000 (0.030008 / 0.030008)
INFO: Using corner Typical for worst leakage corner
Using default layer M4
new cutoff lpd: 4.05079e-07
corner scaling: maxCornerId = 1
corner=Typical, tran factor=1.000000 (0.030008 / 0.030008)
INFO: Using corner Typical for worst leakage corner
Using default layer M4
new cutoff lpd: 4.05079e-07
corner scaling: maxCornerId = 1
corner=Typical, tran factor=1.000000 (0.030008 / 0.030008)
INFO: Using corner Typical for worst leakage corner
Using default layer M4
new cutoff lpd: 4.05079e-07
corner scaling: maxCornerId = 1
corner=Typical, tran factor=1.000000 (0.030008 / 0.030008)
Collecting Drivers ...  
Design max_transition = inf
Design max_capacitance = inf
GRE layer bins: None, M4
WINFO: 1619 None; 0 M4; 0 Total
Found 0 buffer-tree drivers
No violators found
WINFO: 1619 None; 0 M4; 0 Total
WINFO: 1619 None; 0 M4; 0 Total
Zbuf-RUNTIME (Hr:Min:Sec)  CPU 0 hr : 0 min : 0.58 sec ELAPSE 0 hr : 0 min : 0.54 sec
Zbuf-RUNTIME         (Min) CPU 0 min ELAPSE 0 min
ZBuf-MEM(max-mem) total 0 K / inuse 0 K
Information: Result of compile_fusion / initial_opto / DRC Optimization (FLW-8500)
Information: Top 10 transition violators after high fanout synthesis (HFS-1000)
Slack     Fanout  Scenario    Driver                                                       

Compile-fusion optimization summary            SETUP-COST    R2R-COST HOLD-COST LDRC-COST          AREA     LEAKAGE     INSTCNT            ELAPSE       MEM
Compile-fusion                                       0.00        0.00         -         0        911.84   332948.75        1189              0.02      1290
Information: Ending   compile_fusion / initial_opto / DRC Optimization (FLW-8001)
Information: Time: 2025-05-28 13:38:43 / Session:  00:01:19 / Command:  00:00:13 / CPU:  00:00:39 / Memory: 1290 MB (FLW-8100)
Information: CPU Load: 12%, Ram Free: 48 GB, Swap Free: 1 GB, Work Disk Free: 308 GB, Tmp Disk Free: 308 GB (MSG-3995)
Information: Starting compile_fusion / initial_opto / Incremental High Fanout Synthesis (FLW-8000)
Information: Time: 2025-05-28 13:38:43 / Session:  00:01:19 / Command:  00:00:13 / CPU:  00:00:39 / Memory: 1290 MB (FLW-8100)
Information: CPU Load: 12%, Ram Free: 48 GB, Swap Free: 1 GB, Work Disk Free: 308 GB, Tmp Disk Free: 308 GB (MSG-3995)
Isolated 0 ports, skipped 0 ports
Already Isolated 0 ports, Deleted 0 existing Isolation cells 
Information: Initializing classic cellmap without advanced rules enabled and without PDC enabled
Information: The following app options are used in cellmap
        place.legalize.enable_color_aware_placement : false
        place.legalize.use_nll_query_cm : false
        place.legalize.enable_advanced_legalizer : false
        place.legalize.enable_prerouted_net_check : true
        place.legalize.enable_advanced_prerouted_net_check : false
        place.legalize.always_continue : true
        place.legalize.limit_legality_checks : false
        place.common.pnet_aware_density : 1.0000
        place.common.pnet_aware_min_width : 0.0000
        place.common.pnet_aware_layers : {}
        place.common.use_placement_model : false
        place.common.enable_advanced_placement_model : true
        cts.placement.cell_spacing_rule_style : maximum
Warning: Library cell saed14rvt_frame_timing:SAEDRVT14_ISOFSDPQ_PECO_8.frame is missing supply pins. Its power structure cannot be determined. (LGL-050)
Warning: Library cell saed14rvt_frame_timing:SAEDRVT14_DCAP_PV1ECO_12.frame is missing supply pins. Its power structure cannot be determined. (LGL-050)
Total 0.0074 seconds to build cellmap data
INFO: creating 20(r) x 20(c) GridCells YDim 1.8 XDim 1.8
INFO: number of GridCells (0xdff8a7e0): 400
INFO: creating 20(r) x 20(c) GridCells YDim 1.8 XDim 1.8
INFO: number of GridCells (0xdff8a7e0): 400
Total 0.0137 seconds to load 1189 cell instances into cellmap, 1189 cells are off site row
Moveable cells: 1189; Application fixed cells: 0; Macro cells: 0; User fixed cells: 0
Average cell width 1.2782, cell height 0.6000, cell area 0.7669 for total 1189 placed and application fixed cells
INFO: total number of constant pins: 667
INFO: constant pins which are scan-pins: 656
INFO: constant pins that are not scan-pins: 11
Information: Ending   compile_fusion / initial_opto / Incremental High Fanout Synthesis (FLW-8001)
Information: Time: 2025-05-28 13:38:43 / Session:  00:01:19 / Command:  00:00:13 / CPU:  00:00:39 / Memory: 1290 MB (FLW-8100)
Information: CPU Load: 12%, Ram Free: 48 GB, Swap Free: 1 GB, Work Disk Free: 308 GB, Tmp Disk Free: 308 GB (MSG-3995)
Information: Starting compile_fusion / initial_opto / Optimization (3) (FLW-8000)
Information: Time: 2025-05-28 13:38:43 / Session:  00:01:19 / Command:  00:00:13 / CPU:  00:00:39 / Memory: 1290 MB (FLW-8100)
Information: CPU Load: 12%, Ram Free: 48 GB, Swap Free: 1 GB, Work Disk Free: 308 GB, Tmp Disk Free: 308 GB (MSG-3995)
Disable clock slack update for ideal clocks
Warning: Restoring scoped app option 'ropt.rbuf_subtree_crit_range' to original value 'unset' (from current value '-1', which is different from the scoped value '-1.0'). (FLW-2892)
Information: Starting compile_fusion / initial_opto / Optimization (3) / Global Sizing and Buffering (FLW-8000)
Information: Time: 2025-05-28 13:38:43 / Session:  00:01:20 / Command:  00:00:13 / CPU:  00:00:39 / Memory: 1290 MB (FLW-8100)
Information: CPU Load: 12%, Ram Free: 48 GB, Swap Free: 1 GB, Work Disk Free: 308 GB, Tmp Disk Free: 308 GB (MSG-3995)
Disable clock slack update for ideal clocks
bmap: stepx = stepy = 30000
creating bmap
DB units per micron : 10000
Warning: Restoring scoped app option 'ropt.rbuf_subtree_crit_range' to original value 'unset' (from current value '-1', which is different from the scoped value '-1.0'). (FLW-2892)
Information: Ending   compile_fusion / initial_opto / Optimization (3) / Global Sizing and Buffering (FLW-8001)
Information: Time: 2025-05-28 13:38:44 / Session:  00:01:20 / Command:  00:00:14 / CPU:  00:00:39 / Memory: 1290 MB (FLW-8100)
Information: CPU Load: 12%, Ram Free: 48 GB, Swap Free: 1 GB, Work Disk Free: 308 GB, Tmp Disk Free: 308 GB (MSG-3995)
Information: Starting compile_fusion / initial_opto / Optimization (3) / Macro Skewing (FLW-8000)
Information: Time: 2025-05-28 13:38:44 / Session:  00:01:20 / Command:  00:00:14 / CPU:  00:00:39 / Memory: 1290 MB (FLW-8100)
Information: CPU Load: 12%, Ram Free: 48 GB, Swap Free: 1 GB, Work Disk Free: 308 GB, Tmp Disk Free: 308 GB (MSG-3995)
Compile-fusion optimization summary            SETUP-COST    R2R-COST HOLD-COST LDRC-COST          AREA     LEAKAGE     INSTCNT            ELAPSE       MEM
Compile-fusion                                       0.00        0.00         -         0        919.17   333808.75        1204              0.02      1290
Information: Ending   compile_fusion / initial_opto / Optimization (3) / Macro Skewing (FLW-8001)
Information: Time: 2025-05-28 13:38:44 / Session:  00:01:20 / Command:  00:00:14 / CPU:  00:00:39 / Memory: 1290 MB (FLW-8100)
Information: CPU Load: 12%, Ram Free: 48 GB, Swap Free: 1 GB, Work Disk Free: 308 GB, Tmp Disk Free: 308 GB (MSG-3995)
Warning: No clock routing rules were specified. Use set_clock_routing_rules to specify routing rules for accurate clock latency estimation. (OPT-902)
Warning: No clock routing rules were specified. Use set_clock_routing_rules to specify routing rules for accurate clock latency estimation. (OPT-902)
Information: Estimating clock gate latencies for scenario 'Normal_Typical'. (OPT-909)
Compile-fusion optimization summary            SETUP-COST    R2R-COST HOLD-COST LDRC-COST          AREA     LEAKAGE     INSTCNT            ELAPSE       MEM
Compile-fusion                                       0.00        0.00         -         0        919.17   333808.75        1204              0.02      1290
Information: Result of compile_fusion / initial_opto / Clock Gate Re-structuring (FLW-8500)
--------------------------------------------------------------------------------
|                             Clock Gating Options                             |
--------------------------------------------------------------------------------
|         Objects         |    Minimum Bitwidth     |      Maximum Fanout      |
--------------------------+-------------------------+---------------------------
|   top-level (design)    |          3 (d)          |      Unlimited (d)       |
--------------------------------------------------------------------------------

Number of Pre-Existing Clock Gates with dont touch attribute: 0
Number of ICG library cells with CTS purpose: 19
--------------------------------------------------------------------------------
                          Tool Gated Register Summary                           
--------------------------------------------------------------------------------
Clock Gating Type                   | Number of   | Register Count | Equivalent 
                                    | Clock Gates |                | Bitwidth   
--------------------------------------------------------------------------------
Regular Clock Gating                |          11 |            319 |        319
--------------------------------------------------------------------------------
--------------------------------------------------------------------------------
                 Regular Clock Gating Ungated Register Summary                  
--------------------------------------------------------------------------------
 Ungated Reason                                            | Count | Bitwidth   
--------------------------------------------------------------------------------
 Enable is Constant One.                                   |     2 |        2
 Partial Minimum Bitwidth Not Met.                         |     7 |        7
--------------------------------------------------------------------------------
Warning: No clock routing rules were specified. Use set_clock_routing_rules to specify routing rules for accurate clock latency estimation. (OPT-902)
Warning: No clock routing rules were specified. Use set_clock_routing_rules to specify routing rules for accurate clock latency estimation. (OPT-902)
Information: Estimating clock gate latencies for scenario 'Normal_Typical'. (OPT-909)
Information: Starting compile_fusion / initial_opto / Optimization (3) / Timing Optimization (FLW-8000)
Information: Time: 2025-05-28 13:38:45 / Session:  00:01:22 / Command:  00:00:15 / CPU:  00:00:42 / Memory: 1290 MB (FLW-8100)
Information: CPU Load: 12%, Ram Free: 48 GB, Swap Free: 1 GB, Work Disk Free: 308 GB, Tmp Disk Free: 308 GB (MSG-3995)
Information: Ending   compile_fusion / initial_opto / Optimization (3) / Timing Optimization (FLW-8001)
Information: Time: 2025-05-28 13:38:45 / Session:  00:01:22 / Command:  00:00:15 / CPU:  00:00:42 / Memory: 1290 MB (FLW-8100)
Information: CPU Load: 12%, Ram Free: 48 GB, Swap Free: 1 GB, Work Disk Free: 308 GB, Tmp Disk Free: 308 GB (MSG-3995)
Information: Ending   compile_fusion / initial_opto / Optimization (3) (FLW-8001)
Information: Time: 2025-05-28 13:38:45 / Session:  00:01:22 / Command:  00:00:15 / CPU:  00:00:42 / Memory: 1290 MB (FLW-8100)
Information: CPU Load: 12%, Ram Free: 48 GB, Swap Free: 1 GB, Work Disk Free: 308 GB, Tmp Disk Free: 308 GB (MSG-3995)
Information: The net parasitics of block dut_toplevel are cleared. (TIM-123)
Information: Timer using 12 threads
Warning: Cannot find any max transition constraint on the design. (OPT-070)
INFO: Leakage Power Aware Optimization Enabled
Information: The automatic clock gate timing flow is activated. Clock latencies set on clock gate cells will be automatically adjusted by an estimate for latency. (CGT-4005)



INFO: Skipping FTB cleanup in end of npo flow.
Enable dominated scenarios
[Tim-Power] Info: Cleared Leakage libCell cache.
Co-efficient Ratio Summary:
4.193421605155  6.578038173730  2.479639287277  7.744187540401  0.485050000353  3.179565833784  5.567214754587  2.894454387461  6.565921217863  9.017937505874  3.138630375933  9.863420011693  6.078232964085  2.744209641123  8.318117904907
9.699225026083  2.464623950064  1.382370221226  9.387184029619  3.142429406669  0.968752789964  6.613180723294  4.146578793224  7.876358918112  2.191135103696  0.997794616094  2.700139955623  3.840569064440  3.750207353169  7.663450142299
Warning: By turning on the ropt.skip_final_timing_update app option, you are skipping the full timing update at the end and the final qor printing. Doing so will make all timing values from this point not up-to-date until you run a full timing update!
compile command statistics  CPU=42 sec (0.01 hr) ELAPSED=15 sec (0.00 hr) MEM-PEAK=1.260 GB
[Tim-Power] Info: Cleared Leakage libCell cache.
INFO: compile_fusion is running in balanced flow mode
Warning: Cannot find any max transition constraint on the design. (OPT-070)
INFO: Leakage Power Aware Optimization Enabled
Information: RDE mode is turned on. (TIM-124)
Information: The automatic clock gate timing flow is activated. Clock latencies set on clock gate cells will be automatically adjusted by an estimate for latency. (CGT-4005)
INFO: EarlyGR flow is not enabled.
.INFO: disable CRPR-based timing. 
Information: The stitching and editing of coupling caps is turned OFF for design 'dut_toplevel.dlib:dut_toplevel/compile_flow.design'. (TIM-125)
Number of Site types in the design = 1
Setting up Chip Core
Chip Core shape: (0 0) (358900 354000)
Number of VARs = 1
Number of unique PDs = 1
Number of Power Domains = 1
Number of Voltage Areas = 1
Number of supply Nets = 2
Number of used supplies = 0
Blocked VAs: 

Compile-fusion command begin                   CPU:   186 s (  0.05 hr )  ELAPSE:    83 s (  0.02 hr )  MEM-PEAK:  1290 MB
Warning: Cannot find any max transition constraint on the design. (OPT-070)
Information: The stitching and editing of coupling caps is turned OFF for design 'dut_toplevel.dlib:dut_toplevel/compile_flow.design'. (TIM-125)
************************************************************
Timer Settings:
Delay Calculation Style:                   auto
Signal Integrity Analysis:                 disabled
Timing Window Analysis:                    disabled
Advanced Waveform Propagation:             disabled
Variation Type:                            fixed_derate
Clock Reconvergence Pessimism Removal:     disabled
Advanced Receiver Model:                   disabled
LLE:                                       disabled
ML Acceleration:                           off
************************************************************
Info: update em.

Compile-fusion timing update complete          CPU:   187 s (  0.05 hr )  ELAPSE:    83 s (  0.02 hr )  MEM-PEAK:  1290 MB

Compile-fusion initial QoR
__________________________
Scenario Mapping Table
1: Normal_Typical

Pathgroup Mapping Table
1: **default**
2: **async_default**
3: **clock_gating_default**
4: **in2reg_default**
5: **reg2out_default**
6: **in2out_default**
7: clk

-------------------------------------------------------------------------------------------------------------------------------------------------------------
PATHGROUP QOR 
-------------------------------------------------------------------------------------------------------------------------------------------------------------
Scene  PG      WNS        TNS    NSV      WHV        THV    NHV
    1   1   0.0000     0.0000      0        -          -      -
    1   2   0.0000     0.0000      0        -          -      -
    1   3   0.0000     0.0000      0        -          -      -
    1   4   0.0000     0.0000      0        -          -      -
    1   5   0.0000     0.0000      0        -          -      -
    1   6   0.0000     0.0000      0        -          -      -
    1   7   0.0000     0.0000      0        -          -      -
----------------------------------------------------------------------------------------------------------------------------------------------------------------------
SCENARIO QOR 
----------------------------------------------------------------------------------------------------------------------------------------------------------------------
Scene  PG      WNS        TNS   R2RTNS    NSV      WHV        THV    NHV  MaxTrnV   MaxTranC  MaxCapV    Leakage
    1   *   0.0000     0.0000   0.0000      0        -          -      -        0     0.0000        0 333808.750
----------------------------------------------------------------------------------------------------------------------------------------------------------------------
DESIGN QOR 
----------------------------------------------------------------------------------------------------------------------------------------------------------------------
Scene  PG      WNS        TNS   R2RTNS    NSV      WHV        THV    NHV  MaxTrnV   MaxTranC  MaxCapV    Leakage         Area    InstCnt     BufCnt     InvCnt
    *   *   0.0000     0.0000   0.0000      0   0.0000     0.0000      0        0     0.0000        0 333808.750       919.17       1204         13         21
----------------------------------------------------------------------------------------------------------------------------------------------------------------------

Compile-fusion initial QoR Summary       WNS        TNS   R2RTNS    NSV      WHV        THV    NHV  MaxTrnV  MaxCapV    Leakage         Area    InstCnt
Compile-fusion initial QoR Summary    0.0000     0.0000   0.0000      0   0.0000     0.0000      0        0        0 333808.750       919.17       1204
Information: The netlist change observers are disabled for incremental extraction. (TIM-126)
INFO: using 12 threads
Compile-fusion initialization complete         CPU:   193 s (  0.05 hr )  ELAPSE:    84 s (  0.02 hr )  MEM-PEAK:  1290 MB
Compile-fusion optimization summary            SETUP-COST    R2R-COST HOLD-COST LDRC-COST          AREA     LEAKAGE     INSTCNT            ELAPSE       MEM
Warning: Cannot find any max transition constraint on the design. (OPT-070)
Information: The netlist change observers are enabled for incremental extraction. (TIM-127)

Information: Starting compile_fusion / initial_opto / Optimization (4) (FLW-8000)
Information: Time: 2025-05-28 13:38:47 / Session:  00:01:23 / Command:  00:00:17 / CPU:  00:00:50 / Memory: 1290 MB (FLW-8100)
Information: CPU Load: 11%, Ram Free: 48 GB, Swap Free: 1 GB, Work Disk Free: 308 GB, Tmp Disk Free: 308 GB (MSG-3995)

Information: Initializing classic cellmap without advanced rules enabled and without PDC enabled
Information: The following app options are used in cellmap
        place.legalize.enable_color_aware_placement : false
        place.legalize.use_nll_query_cm : false
        place.legalize.enable_advanced_legalizer : false
        place.legalize.enable_prerouted_net_check : false
        place.legalize.enable_advanced_prerouted_net_check : false
        place.legalize.always_continue : true
        place.legalize.limit_legality_checks : false
        place.common.pnet_aware_density : 1.0000
        place.common.pnet_aware_min_width : 0.0000
        place.common.pnet_aware_layers : {}
        place.common.use_placement_model : false
        place.common.enable_advanced_placement_model : true
        cts.placement.cell_spacing_rule_style : maximum
Warning: Library cell saed14rvt_frame_timing:SAEDRVT14_ISOFSDPQ_PECO_8.frame is missing supply pins. Its power structure cannot be determined. (LGL-050)
Warning: Library cell saed14rvt_frame_timing:SAEDRVT14_DCAP_PV1ECO_12.frame is missing supply pins. Its power structure cannot be determined. (LGL-050)
Total 0.0077 seconds to build cellmap data
INFO: creating 20(r) x 20(c) GridCells YDim 1.8 XDim 1.8
INFO: number of GridCells (0xdacad5a8): 400
INFO: creating 20(r) x 20(c) GridCells YDim 1.8 XDim 1.8
INFO: number of GridCells (0xdacad5a8): 400
Total 0.0128 seconds to load 1204 cell instances into cellmap, 1189 cells are off site row
Moveable cells: 1204; Application fixed cells: 0; Macro cells: 0; User fixed cells: 0
Average cell width 1.2724, cell height 0.6000, cell area 0.7634 for total 1204 placed and application fixed cells
Compile-fusion optimization Phase 3 Iter  1          0.00        0.00      0.00         -        919.17   333808.75        1204              0.02      1290
INFO: New Levelizer turned on

Disable clock slack update for ideal clocks
Compile-fusion optimization Phase 4 Iter  1          0.00        0.00      0.00         -        910.24   318341.50        1204              0.02      1290
INFO: cellmap features:  adv-rules=(N), pdc=(N), clock-rules=(Y)

Information: Ending   compile_fusion / initial_opto / Optimization (4) (FLW-8001)
Information: Time: 2025-05-28 13:38:48 / Session:  00:01:24 / Command:  00:00:18 / CPU:  00:00:55 / Memory: 1290 MB (FLW-8100)
Information: CPU Load: 11%, Ram Free: 48 GB, Swap Free: 1 GB, Work Disk Free: 308 GB, Tmp Disk Free: 308 GB (MSG-3995)

Information: Starting compile_fusion / initial_opto / Legalization (FLW-8000)
Information: Time: 2025-05-28 13:38:48 / Session:  00:01:24 / Command:  00:00:18 / CPU:  00:00:55 / Memory: 1290 MB (FLW-8100)
Information: CPU Load: 11%, Ram Free: 48 GB, Swap Free: 1 GB, Work Disk Free: 308 GB, Tmp Disk Free: 308 GB (MSG-3995)
nplDplc2Placer::setParam(effort,1)
nplDplc2Placer::setParam(debug,0)
nplDplc2Placer::setParam(site_check,2)
nplDplc2Placer::setParam(app_firm_wgt,0)

Legalizing Top Level Design dut_toplevel ... 
Information: Initializing classic cellmap without advanced rules enabled and without PDC enabled
Information: The following app options are used in cellmap
        place.legalize.enable_color_aware_placement : false
        place.legalize.use_nll_query_cm : false
        place.legalize.enable_advanced_legalizer : false
        place.legalize.enable_prerouted_net_check : false
        place.legalize.enable_advanced_prerouted_net_check : false
        place.legalize.always_continue : true
        place.legalize.limit_legality_checks : false
        place.common.pnet_aware_density : 1.0000
        place.common.pnet_aware_min_width : 0.0000
        place.common.pnet_aware_layers : {}
        place.common.use_placement_model : false
        place.common.enable_advanced_placement_model : true
        cts.placement.cell_spacing_rule_style : maximum
Warning: Library cell saed14rvt_frame_timing:SAEDRVT14_ISOFSDPQ_PECO_8.frame is missing supply pins. Its power structure cannot be determined. (LGL-050)
Warning: Library cell saed14rvt_frame_timing:SAEDRVT14_DCAP_PV1ECO_12.frame is missing supply pins. Its power structure cannot be determined. (LGL-050)
Total 0.0076 seconds to build cellmap data
=====> Processed 59 ref cells (23 fillers) from library

Bounds/Regions In This Design:
        Area    Num Cells  Exclusive Name
 (square um)
     1270.51         1204        Yes DEFAULT_VA

Warning: max_legality_failures=5000 ignored.
	To use it, set limit_legality_checks to true.
Warning: max_legality_check_range=500 ignored.
	To use it, set limit_legality_checks to true.
Starting legalizer.
Warning: Exclusive bound 'DEFAULT' has no cells.
Optimizing Exclusive Bound 'DEFAULT_VA' (2/2)
    Done Exclusive Bound 'DEFAULT_VA' (2/2) (0 sec)
Legalization complete (0 total sec)

****************************************
  Report : Placement Attempts
  Site   : unit
****************************************

number of cells:                   1204
number of references:                59
number of site rows:                 59
number of locations attempted:    26220
number of locations failed:           0  (0.0%)

Legality of references at locations:
0 references had failures.

Legality of references in rows:
0 references had row failures.

****************************************
  Report : Cell Displacements
****************************************

number of cells aggregated:        1204 (20501 total sites)
avg row height over cells:        0.600 um
rms cell displacement:            0.184 um ( 0.31 row height)
rms weighted cell displacement:   0.184 um ( 0.31 row height)
max cell displacement:            1.200 um ( 2.00 row height)
avg cell displacement:            0.143 um ( 0.24 row height)
avg weighted cell displacement:   0.143 um ( 0.24 row height)
number of cells moved:             1054
number of large displacements:        0
large displacement threshold:     3.000 row height

Displacements of worst 10 cells:
Cell: optlc_489 (SAEDRVT14_TIE0_4)
  Input location: (35.076,25.8)
  Legal location: (35.076,24.6)
  Displacement:   1.200 um ( 2.00 row height)
Cell: ctmi_2202 (SAEDRVT14_AO221_0P5)
  Input location: (0.0004,26.3362)
  Legal location: (0,25.2)
  Displacement:   1.136 um ( 1.89 row height)
Cell: ctmi_2107 (SAEDRVT14_ND2_CDC_1)
  Input location: (34.8389,4.5039)
  Legal location: (34.854,5.4)
  Displacement:   0.896 um ( 1.49 row height)
Cell: HFSBUF_2270_435 (SAEDRVT14_BUF_S_0P5)
  Input location: (4.736,23.4)
  Legal location: (5.106,22.8)
  Displacement:   0.705 um ( 1.17 row height)
Cell: optlc_481 (SAEDRVT14_TIE0_4)
  Input location: (2.664,30.6)
  Legal location: (2.96,31.2)
  Displacement:   0.669 um ( 1.12 row height)
Cell: optlc_477 (SAEDRVT14_TIE0_4)
  Input location: (2.442,2.4)
  Legal location: (2.146,1.8)
  Displacement:   0.669 um ( 1.12 row height)
Cell: optlc_479 (SAEDRVT14_TIE0_4)
  Input location: (22.2,3)
  Legal location: (22.496,2.4)
  Displacement:   0.669 um ( 1.12 row height)
Cell: dut_input_channel_control_2_INST/in_data_arb_r_reg[32] (SAEDRVT14_FSDPRBQ_V2_0P5)
  Input location: (27.602,33)
  Legal location: (27.898,33.6)
  Displacement:   0.669 um ( 1.12 row height)
Cell: DP_OP_33_12155_941_J1/ctmi_2342 (SAEDRVT14_NR2_1)
  Input location: (16.7994,15.9036)
  Legal location: (16.28,15.6)
  Displacement:   0.602 um ( 1.00 row height)
Cell: optlc_478 (SAEDRVT14_TIE0_4)
  Input location: (10.878,4.8)
  Legal location: (10.878,5.4)
  Displacement:   0.600 um ( 1.00 row height)

Information: Extraction observers are detached as design net change threshold is reached.
Information: The net parasitics of block dut_toplevel are cleared. (TIM-123)
Information: Ending   compile_fusion / initial_opto / Legalization (FLW-8001)
Information: Time: 2025-05-28 13:38:48 / Session:  00:01:24 / Command:  00:00:18 / CPU:  00:00:55 / Memory: 1290 MB (FLW-8100)
Information: CPU Load: 11%, Ram Free: 48 GB, Swap Free: 1 GB, Work Disk Free: 308 GB, Tmp Disk Free: 308 GB (MSG-3995)
Information: The stitching and editing of coupling caps is turned OFF for design 'dut_toplevel.dlib:dut_toplevel/compile_flow.design'. (TIM-125)

Compile-fusion optimization Phase 7 Iter  1          0.00        0.00      0.00         -        910.24   313349.00        1204              0.02      1290
Warning: No clock routing rules were specified. Use set_clock_routing_rules to specify routing rules for accurate clock latency estimation. (OPT-902)
Warning: No clock routing rules were specified. Use set_clock_routing_rules to specify routing rules for accurate clock latency estimation. (OPT-902)
Information: Estimating clock gate latencies for scenario 'Normal_Typical'. (OPT-909)

Information: Starting compile_fusion / initial_opto / Optimization (5) (FLW-8000)
Information: Time: 2025-05-28 13:38:49 / Session:  00:01:25 / Command:  00:00:19 / CPU:  00:00:57 / Memory: 1290 MB (FLW-8100)
Information: CPU Load: 11%, Ram Free: 48 GB, Swap Free: 1 GB, Work Disk Free: 308 GB, Tmp Disk Free: 308 GB (MSG-3995)

Information: Initializing classic cellmap without advanced rules enabled and without PDC enabled
Information: The following app options are used in cellmap
        place.legalize.enable_color_aware_placement : false
        place.legalize.use_nll_query_cm : false
        place.legalize.enable_advanced_legalizer : false
        place.legalize.enable_prerouted_net_check : false
        place.legalize.enable_advanced_prerouted_net_check : false
        place.legalize.always_continue : true
        place.legalize.limit_legality_checks : false
        place.common.pnet_aware_density : 1.0000
        place.common.pnet_aware_min_width : 0.0000
        place.common.pnet_aware_layers : {}
        place.common.use_placement_model : false
        place.common.enable_advanced_placement_model : true
        cts.placement.cell_spacing_rule_style : maximum
Warning: Library cell saed14rvt_frame_timing:SAEDRVT14_ISOFSDPQ_PECO_8.frame is missing supply pins. Its power structure cannot be determined. (LGL-050)
Warning: Library cell saed14rvt_frame_timing:SAEDRVT14_DCAP_PV1ECO_12.frame is missing supply pins. Its power structure cannot be determined. (LGL-050)
Total 0.0078 seconds to build cellmap data
INFO: creating 20(r) x 20(c) GridCells YDim 1.8 XDim 1.8
INFO: number of GridCells (0xe93047e0): 400
INFO: creating 20(r) x 20(c) GridCells YDim 1.8 XDim 1.8
INFO: number of GridCells (0xe93047e0): 400
Total 0.0132 seconds to load 1204 cell instances into cellmap
Moveable cells: 1204; Application fixed cells: 0; Macro cells: 0; User fixed cells: 0
Average cell width 1.2600, cell height 0.6000, cell area 0.7560 for total 1204 placed and application fixed cells
Compile-fusion optimization Phase 9 Iter  1          0.00        0.00      0.00         -        910.24   313349.00        1204              0.02      1290
INFO: total number of constant pins: 667
INFO: constant pins which are scan-pins: 656
INFO: constant pins that are not scan-pins: 11

Compile-fusion optimization Phase 10 Iter  1         0.00        0.00      0.00         -        916.11   313349.00        1216              0.02      1290
Isolated 0 ports, skipped 0 ports
Already Isolated 0 ports, Deleted 0 existing Isolation cells 

Compile-fusion optimization Phase 11 Iter  1         0.00        0.00      0.00         -        916.11   313349.00        1216              0.02      1290

Compile-fusion optimization Phase 12 Iter  1         0.00        0.00      0.00         -        916.11   313349.00        1216              0.02      1290

Compile-fusion optimization Phase 13 Iter  1         0.00        0.00      0.00         -        916.11   313349.00        1216              0.02      1290
Number of Site types in the design = 1
INFO: Skipping activation of hold scenarios prior to CUS.
CCD app option: ccd.targeted_ccd_path_groups:  **clock_gating_default**
Target path group: scenario Normal_Typical pathgroup **clock_gating_default**
Information: CCD will use corner Typical for honoring max prepone/postpone limits

Summary of messages during CTS:
===============================================================
  Tag   Count  Type           Description
---------------------------------------------------------------
 No error or warning message.
Warning: No clock routing rules were specified. Use set_clock_routing_rules to specify routing rules for accurate clock latency estimation. (OPT-902)
Warning: No clock routing rules were specified. Use set_clock_routing_rules to specify routing rules for accurate clock latency estimation. (OPT-902)
Information: Estimating clock gate latencies for scenario 'Normal_Typical'. (OPT-909)
INFO: Skipping deactivation of hold scenarios after CUS.
Number of Site types in the design = 1
Compile-fusion optimization Phase 13 Iter  2         0.00        0.00      0.00         -        916.11   313349.00        1216              0.02      1290
Compile-fusion optimization Phase 13 Iter  3         0.00        0.00      0.00         -        916.11   313349.00        1216              0.02      1290
Compile-fusion optimization Phase 13 Iter  4         0.00        0.00      0.00         -        916.11   313349.00        1216              0.02      1290
Compile-fusion optimization Phase 13 Iter  5         0.00        0.00      0.00         -        916.11   313349.00        1216              0.02      1290
Corner Scaling is off, multiplier is 1.000000
Using default layer M4
new cutoff lpd: 4.05079e-07
corner scaling: maxCornerId = 1
corner=Typical, tran factor=1.000000 (0.030008 / 0.030008)
bmap: stepx = stepy = 30000
creating bmap
DB units per micron : 10000
Compile-fusion optimization Phase 13 Iter  6         0.00        0.00      0.00         -        916.11   313349.00        1216              0.02      1290
Compile-fusion optimization Phase 13 Iter  7         0.00        0.00      0.00         -        916.11   313349.00        1216              0.02      1290

Disable clock slack update for ideal clocks
Warning: Restoring scoped app option 'ropt.rbuf_subtree_crit_range' to original value 'unset' (from current value '-1', which is different from the scoped value '-1.0'). (FLW-2892)
Disable clock slack update for ideal clocks
Warning: Restoring scoped app option 'ropt.rbuf_subtree_crit_range' to original value 'unset' (from current value '-1', which is different from the scoped value '-1.0'). (FLW-2892)

Disable clock slack update for ideal clocks
Compile-fusion optimization Phase 15 Iter  1         0.00        0.00      0.00         -        916.11   313349.00        1216              0.02      1290
INFO: cellmap features:  adv-rules=(N), pdc=(N), clock-rules=(Y)

Compile-fusion optimization Phase 16 Iter  1         0.00        0.00      0.00         -        916.11   313349.00        1216              0.02      1290
INFO: New Levelizer turned on
Layer Demotion Info:
Bin                       OptDist       MinLen      BeforeCount       AfterCount        Diff
-----------------------------------------------------------------------------------------
None                         87.0          0.0             1646             1646           0
M4                           97.1          8.7                0                0           0
-----------------------------------------------------------------------------------------
Total Demoted Nets:             0


Information: Skipping dirty design check since timing is met or no cells in design
Compile-fusion optimization Phase 17 Iter  1         0.00        0.00      0.00         -        916.11   313349.00        1216              0.02      1290
Number of Site types in the design = 1
INFO: Skipping activation of hold scenarios prior to CUS.
CCD app option: ccd.targeted_ccd_path_groups:  **clock_gating_default**
Target path group: scenario Normal_Typical pathgroup **clock_gating_default**
Information: CCD will use corner Typical for honoring max prepone/postpone limits

Summary of messages during CTS:
===============================================================
  Tag   Count  Type           Description
---------------------------------------------------------------
 No error or warning message.
Warning: No clock routing rules were specified. Use set_clock_routing_rules to specify routing rules for accurate clock latency estimation. (OPT-902)
Warning: No clock routing rules were specified. Use set_clock_routing_rules to specify routing rules for accurate clock latency estimation. (OPT-902)
Information: Estimating clock gate latencies for scenario 'Normal_Typical'. (OPT-909)
INFO: Skipping deactivation of hold scenarios after CUS.
Number of Site types in the design = 1
Compile-fusion optimization summary            SETUP-COST    R2R-COST HOLD-COST LDRC-COST          AREA     LEAKAGE     INSTCNT            ELAPSE       MEM
Compile-fusion optimization Phase 17 Iter  2         0.00        0.00      0.00         -        916.11   313349.00        1216              0.03      1290
Compile-fusion optimization Phase 17 Iter  3         0.00        0.00      0.00         -        916.11   313349.00        1216              0.03      1290
Compile-fusion optimization Phase 17 Iter  4         0.00        0.00      0.00         -        916.11   313349.00        1216              0.03      1290
Compile-fusion optimization Phase 17 Iter  5         0.00        0.00      0.00         -        916.11   313349.00        1216              0.03      1290
Compile-fusion optimization Phase 17 Iter  6         0.00        0.00      0.00         -        916.11   313349.00        1216              0.03      1290
Compile-fusion optimization Phase 17 Iter  7         0.00        0.00      0.00         -        916.11   313349.00        1216              0.03      1290
Compile-fusion optimization Phase 17 Iter  8         0.00        0.00      0.00         -        916.11   313349.00        1216              0.03      1290
Compile-fusion optimization Phase 17 Iter  9         0.00        0.00      0.00         -        916.11   313349.00        1216              0.03      1290
Compile-fusion optimization Phase 17 Iter 10         0.00        0.00      0.00         -        916.11   313349.00        1216              0.03      1290
Compile-fusion optimization Phase 17 Iter 11         0.00        0.00      0.00         -        916.11   313349.00        1216              0.03      1290
Number of Site types in the design = 1
INFO: Skipping activation of hold scenarios prior to CUS.
CCD app option: ccd.targeted_ccd_path_groups:  **clock_gating_default**
Target path group: scenario Normal_Typical pathgroup **clock_gating_default**
Information: CCD will use corner Typical for honoring max prepone/postpone limits

Summary of messages during CTS:
===============================================================
  Tag   Count  Type           Description
---------------------------------------------------------------
 No error or warning message.
Warning: No clock routing rules were specified. Use set_clock_routing_rules to specify routing rules for accurate clock latency estimation. (OPT-902)
Warning: No clock routing rules were specified. Use set_clock_routing_rules to specify routing rules for accurate clock latency estimation. (OPT-902)
Information: Estimating clock gate latencies for scenario 'Normal_Typical'. (OPT-909)
INFO: Skipping deactivation of hold scenarios after CUS.
Number of Site types in the design = 1
Compile-fusion optimization Phase 17 Iter 12         0.00        0.00      0.00         -        916.11   313349.00        1216              0.03      1290
Corner Scaling is off, multiplier is 1.000000
Using default layer M4
new cutoff lpd: 4.05079e-07
corner scaling: maxCornerId = 1
corner=Typical, tran factor=1.000000 (0.030008 / 0.030008)
bmap: stepx = stepy = 30000
creating bmap
DB units per micron : 10000
Compile-fusion optimization Phase 17 Iter 13         0.00        0.00      0.00         -        916.11   313349.00        1216              0.03      1290
Compile-fusion optimization Phase 17 Iter 14         0.00        0.00      0.00         -        916.11   313349.00        1216              0.03      1290
Compile-fusion optimization Phase 17 Iter 15         0.00        0.00      0.00         -        916.11   313349.00        1216              0.03      1290
Compile-fusion optimization Phase 17 Iter 16         0.00        0.00      0.00         -        916.11   313349.00        1216              0.03      1290
Compile-fusion optimization Phase 17 Iter 17         0.00        0.00      0.00         -        916.11   313349.00        1216              0.03      1290
Compile-fusion optimization Phase 17 Iter 18         0.00        0.00      0.00         -        916.11   313349.00        1216              0.03      1290
Compile-fusion optimization Phase 17 Iter 19         0.00        0.00      0.00         -        916.11   313349.00        1216              0.03      1290
Compile-fusion optimization Phase 17 Iter 20         0.00        0.00      0.00         -        916.11   313349.00        1216              0.03      1290
Compile-fusion optimization Phase 17 Iter 21         0.00        0.00      0.00         -        916.11   313349.00        1216              0.03      1290
Compile-fusion optimization Phase 17 Iter 22         0.00        0.00      0.00         -        916.11   313349.00        1216              0.03      1290
Compile-fusion optimization Phase 17 Iter 23         0.00        0.00      0.00         -        916.11   313349.00        1216              0.03      1290
Compile-fusion optimization Phase 17 Iter 24         0.00        0.00      0.00         -        916.11   313349.00        1216              0.03      1290
Compile-fusion optimization Phase 17 Iter 25         0.00        0.00      0.00         -        916.11   313349.00        1216              0.03      1290

Compile-fusion optimization Phase 18 Iter  1         0.00        0.00      0.00         -        916.11   313349.00        1216              0.03      1290

Compile-fusion optimization Phase 19 Iter  1         0.00        0.00      0.00         -        916.11   313349.00        1216              0.03      1290
INFO: New Levelizer turned on
Compile-fusion optimization Phase 19 Iter  2         0.00        0.00      0.00         -        916.11   313349.00        1216              0.03      1290
INFO: New Levelizer turned on

Disable clock slack update for ideal clocks
Compile-fusion optimization Phase 20 Iter  1         0.00        0.00      0.00         -        915.97   313320.44        1216              0.03      1290
INFO: cellmap features:  adv-rules=(N), pdc=(N), clock-rules=(Y)

Compile-fusion optimization Phase 21 Iter  1         0.00        0.00      0.00         -        915.97   313320.44        1216              0.03      1290
Warning: Restoring scoped app option 'xform.commit_density_threshold' to original value 'unset' (from current value '1.1', which is different from the scoped value '1.100000'). (FLW-2892)
Warning: Restoring scoped app option 'ropt.rutil_density_threshold' to original value 'unset' (from current value '1.1', which is different from the scoped value '1.100000'). (FLW-2892)
Warning: Restoring scoped app option 'opt.internal.levfilter_arec_slack' to original value 'unset' (from current value '-1', which is different from the scoped value '-1.0'). (FLW-2892)

Disable clock slack update for ideal clocks
Compile-fusion optimization summary            SETUP-COST    R2R-COST HOLD-COST LDRC-COST          AREA     LEAKAGE     INSTCNT            ELAPSE       MEM
Compile-fusion optimization Phase 22 Iter  1         0.00        0.00      0.00         -        915.97   313320.44        1216              0.03      1290
INFO: cellmap features:  adv-rules=(N), pdc=(N), clock-rules=(Y)

Compile-fusion optimization Phase 23 Iter  1         0.00        0.00      0.00         -        915.97   313320.44        1216              0.03      1290
ISR-INFO:  Running path margin based recovery (target = 0.0000, multiplier = 0.7000, mode = 0)
INFO: New Levelizer turned on
Knee-Processing :  cumEst: 0.00000148 cumPct:    87.72 estdown: 0.00000021 cumUp:   25 numDown:   26 status= valid
Knee-Processing :  cumEst: 0.00000169 cumPct:   100.00 estdown: 0.00000000 cumUp:  877 numDown:    0 status= valid

Compile-fusion optimization Phase 24 Iter  1         0.00        0.00      0.00         -        915.97   313320.44        1216              0.03      1290
LAO is disable, refresh para
Information: The net parasitics of block dut_toplevel are cleared. (TIM-123)
Information: The stitching and editing of coupling caps is turned OFF for design 'dut_toplevel.dlib:dut_toplevel/compile_flow.design'. (TIM-125)

Compile-fusion optimization Phase 25 Iter  1         0.00        0.00      0.00         -        915.97   313320.44        1216              0.03      1290
INFO: New Levelizer turned on
Layer Demotion Info:
Bin                       OptDist       MinLen      BeforeCount       AfterCount        Diff
-----------------------------------------------------------------------------------------
None                         87.0          0.0             1646             1646           0
M4                           97.1          8.7                0                0           0
-----------------------------------------------------------------------------------------
Total Demoted Nets:             0


Compile-fusion optimization Phase 26 Iter  1         0.00        0.00      0.00         -        915.97   313320.44        1216              0.03      1290

Compile-fusion optimization Phase 27 Iter  1         0.00        0.00      0.00         -        915.97   313320.44        1216              0.03      1290
Compile-fusion optimization Phase 27 Iter  2         0.00        0.00      0.00         -        915.97   313320.44        1216              0.03      1290
Compile-fusion optimization Phase 27 Iter  3         0.00        0.00      0.00         -        915.97   313320.44        1216              0.03      1290
Compile-fusion optimization Phase 27 Iter  4         0.00        0.00      0.00         -        915.97   313320.44        1216              0.03      1290
Compile-fusion optimization Phase 27 Iter  5         0.00        0.00      0.00         -        915.97   313320.44        1216              0.03      1290
Compile-fusion optimization Phase 27 Iter  6         0.00        0.00      0.00         -        915.97   313320.44        1216              0.03      1290
Compile-fusion optimization Phase 27 Iter  7         0.00        0.00      0.00         -        915.97   313320.44        1216              0.03      1290
Compile-fusion optimization Phase 27 Iter  8         0.00        0.00      0.00         -        915.97   313320.44        1216              0.03      1290
Compile-fusion optimization Phase 27 Iter  9         0.00        0.00      0.00         -        915.97   313320.44        1216              0.03      1290
Compile-fusion optimization Phase 27 Iter 10         0.00        0.00      0.00         -        915.97   313320.44        1216              0.03      1290
Corner Scaling is off, multiplier is 1.000000
Using default layer M4
new cutoff lpd: 4.05079e-07
corner scaling: maxCornerId = 1
corner=Typical, tran factor=1.000000 (0.030008 / 0.030008)
bmap: stepx = stepy = 30000
creating bmap
DB units per micron : 10000
Compile-fusion optimization Phase 27 Iter 11         0.00        0.00      0.00         -        915.97   313320.44        1216              0.03      1290
Compile-fusion optimization Phase 27 Iter 12         0.00        0.00      0.00         -        915.97   313320.44        1216              0.03      1290
Compile-fusion optimization Phase 27 Iter 13         0.00        0.00      0.00         -        915.97   313320.44        1216              0.03      1290
Compile-fusion optimization Phase 27 Iter 14         0.00        0.00      0.00         -        915.97   313320.44        1216              0.03      1290
Compile-fusion optimization Phase 27 Iter 15         0.00        0.00      0.00         -        915.97   313320.44        1216              0.03      1290
Compile-fusion optimization Phase 27 Iter 16         0.00        0.00      0.00         -        915.97   313320.44        1216              0.03      1290

Disable clock slack update for ideal clocks
INFO:  SEQ DEL WNS is protecting TNS
INFO:  SEQ DEL WNS is protecting TNS
Compile-fusion optimization Phase 28 Iter  1         0.00        0.00      0.00         -        915.97   313320.44        1216              0.03      1290
INFO: cellmap features:  adv-rules=(N), pdc=(N), clock-rules=(Y)

Compile-fusion optimization Phase 29 Iter  1         0.00        0.00      0.00         0        915.97   313320.44        1216              0.03      1290
INFO: New Levelizer turned on
Compile-fusion optimization Phase 29 Iter  2         0.00        0.00      0.00         0        915.97   313320.44        1216              0.03      1290
Compile-fusion optimization Phase 29 Iter  3         0.00        0.00      0.00         0        915.97   313320.44        1216              0.03      1290

Compile-fusion optimization Phase 30 Iter  1         0.00        0.00      0.00         0        915.97   313320.44        1216              0.03      1290

Information: Ending   compile_fusion / initial_opto / Optimization (5) (FLW-8001)
Information: Time: 2025-05-28 13:38:57 / Session:  00:01:33 / Command:  00:00:27 / CPU:  00:01:18 / Memory: 1290 MB (FLW-8100)
Information: CPU Load: 11%, Ram Free: 47 GB, Swap Free: 1 GB, Work Disk Free: 308 GB, Tmp Disk Free: 308 GB (MSG-3995)

Compile-fusion optimization Phase 32 Iter  1         0.00        0.00      0.00         0        915.97   313320.44        1216              0.03      1290


Compile-fusion optimization complete                 0.00        0.00      0.00         0        915.97   313320.44        1216              0.03      1290
[Tim-Power] Info: Cleared Leakage libCell cache.
Information: The net parasitics of block dut_toplevel are cleared. (TIM-123)
Co-efficient Ratio Summary:
4.193421605155  6.578038173730  2.479639287277  7.744187540401  0.485050000353  3.179565833784  5.567214754587  2.894454387461  6.565921217863  9.017937505874  3.137950675933  9.863420415633  6.078243364085  2.744209641123  8.318117704907
9.699225026083  2.464623950064  1.382370221226  9.387184029619  3.142429406669  0.968752789964  6.613180723294  4.146578793224  7.876358918112  2.191135103696  0.996014916094  2.700139359663  3.840570464440  3.750207353169  7.663450942299
6.212201167950  7.759678473967  7.862243056717  0.402387977150  0.032845095897  0.596111512371  4.701287396892  7.205135512169  8.278351398268  1.183725190997  3.365260558244  5.867690755050  7.173914785364  9.669810299761  7.591489447087
7.632106393266  7.679078063326  9.831314288630  1.878805817928  3.230072343539  1.226270037326  7.050450494780  2.403928173631  6.139852544054  4.100210066110  1.205042489655  4.570737677491  5.624998208820  7.826858553678  4.759135518263
5.409027926377  2.609823652834  0.626142538674  6.381676652919  9.187474022495  0.513656796621  5.027570618562  6.119813446103  6.181472312107  1.581675365776  7.417375722107  9.584553483184  2.041847787119  3.921161167338  0.650480782345
9.472458902409  3.368484394994  4.897111549020  6.860149244452  2.000104051691  9.095345907689  2.197041709512  0.915900067443  5.466092308426  8.142690055883  4.638427165224  8.244454718995  3.504990105451  1.682717312888  7.173435818510
9.939562708373  3.617852772683  8.946772637652  1.169969532707  4.529946656262  3.090979409795  5.580726136993  1.131397763510  0.721709625254  7.515947417690  0.670656109371  1.017022067941  5.811639066269  5.826731183342  4.349385392435
0.216216918317  9.612142422527  7.311156782104  0.823519141628  0.356161286693  8.022019569284  2.603132585844  5.024802551363  1.359359521353  5.407563451201  2.835457377518  1.265391076638  0.417880713533  1.833873765081  6.448559837188
4.848373112548  2.936801055033  8.671494124225  4.212305316610  9.007627270112  3.308107178452  5.607471109985  8.514743640423  2.764676979434  9.324216938770  1.582423889997  2.300599812147  0.754706630179  1.961422711696  2.781305441418
3.355375155650  9.437909893602  9.136702642545  9.020209208464  9.978471495117  7.467457734047  3.171274721421  9.815920740044  4.331414637138  0.413524984361  3.330244098619  7.452789816625  1.902948524529  5.623408559547  7.269365108696
3.367403103784  7.093641515702  7.411336156476  6.944246976650  5.239565921087  4.802189647382  3.894401463832  4.531610419342  1.605155657803  8.173730247963  9.218501674418  7.540492658027  0.000474917956  5.833785856721  4.754589389445
4.387461656592  1.217863901793  7.505874310467  0.800933986343  9.509851607812  3.964085274420  8.341123831811  5.604907969922  5.026083246462  3.950064138237  0.252550838718  4.029600924764  9.406780696875  2.789965961318  0.723296514657
8.793224787635  8.918112219113  5.103696096373  4.141094270014  8.443881384045  0.064440375020  6.053169766345  8.842299621220  1.167950775967  8.473967786224  3.087041940238  7.977141613706  5.095918659611  1.512372770128  7.396894820513
5.512169827835  1.398268118372  5.190997333443  6.408244586760  9.731622717389  4.385364966981  9.999761759148  7.347087763210  6.393266767907  8.063326983131  4.219964087880  5.817919933529  2.343650722627  0.037327005045  0.494782340392
8.173631613985  2.544054410021  0.066110127471  8.589655457074  6.653063562487  8.808820782685  7.253678475913  3.418263540902  7.926377260982  3.652834062614  2.569908538167  6.652900528269  4.022516651365  6.796622802757  0.618564711981
3.446103618147  2.312107158167  5.365776748604  1.822107958456  2.469756204172  7.387119392116  0.867338065048  8.682345947245  8.902409336848  4.394994489711  1.570354586014  9.244443810532  4.051712509534  5.907680519704  1.709514191590
0.067443546609  2.308426814269  0.055883460719  3.265224824446  3.794567350487  0.705451168271  6.012888717343  3.718510993956  2.708373361785  2.772683894677  2.668986016996  9.532798062416  6.656383909097  9.409796858072  6.136995213139
7.763510072170  9.625254751594  7.417690064932  2.209371101703  1.043513581151  9.666269582673  0.883342434938  3.292435021621  6.918317961214  2.422527731115  6.713438982351  9.141619645138  1.286714402201  9.569285560313  2.585846602480
2.551363135935  9.521353540756  3.451201280412  3.477518126530  0.052200041776  0.313533183387  2.465081644855  7.737188484837  3.112548293680  1.055033867149  4.155557464980  5.316601497850  7.270233930810  7.178453860747  1.109987951474
3.640423276467  6.979434932421  6.938770155119  9.989997230050  8.202625075468  5.030179196142  1.411696278130  3.341418335537  5.155650943790  9.893602913670  2.673877945770  9.208455484935  1.495238346745  7.734048617127  4.721423081592
0.740044433141  4.637138041352  4.984361330991  0.198619745279  8.206103190282  7.924529562340  7.259547726936  3.008696336740  3.103784709364  1.515702741133  6.187708637174  6.976641010044  5.921108080218  9.647383689440  1.463834553161
0.419342160515  5.657803817373  0.247963928727  7.774418754040  1.048505000035  3.317956583378  4.556721475458  7.289445438746  1.656592121786  3.901793750587  4.341799023743  3.986334447073  1.607933996408  5.274421134112  3.831813660490
7.969922502608  3.246462395006  4.138237022122  6.938718402961  9.314242940666  9.096875278996  4.661318072329  4.414657879322  4.787635891811  2.219113510369  6.027605457859  4.270005331476  1.384166606444  0.375021905316  9.766347984229
9.621220116795  0.775967847396  7.786224305671  7.040238797715  0.003284509589  7.059611151237  1.470128739689  2.720513551216  9.827835139826  8.118372519099  7.364775683574  4.586751460250  2.717400038536  4.966982299976  1.759140834708
7.763210639326  6.767907806332  6.983131428863  0.187880581792  8.323007234353  9.122627003732  6.705045049478  0.240392817363  1.613985254405  4.410021006611  0.158703891615  5.457065152494  3.562508480882  0.782686025367  8.475915441826
3.540902792637  7.260982365283  4.062614253867  4.638167665291  9.918747402249  5.051365679662  1.502757061856  2.611981344610  3.618147231210  7.158167536577  6.779936125960  7.958447733063  6.204293338711  9.392117386733  8.065040968234
5.947245890240  9.336848439499  4.489711154902  0.686014924445  2.200010405169  1.909534590768  9.219704170951  2.091590006744  3.546609230842  6.814269005588  3.491041369272  4.824437866544  7.350508670545  1.168272901288  8.717345471851
0.993956270837  3.361785277268  3.894677263765  2.116996953270  7.452994665626  2.309097940979  5.558072613699  3.113139776351  0.072170962525  4.751594741769  0.095264263687  1.101794691449  3.581272566626  9.582674388334  2.434930429243
5.021621691831  7.961214242252  7.731115678210  4.082351914162  8.035616128669  3.802201956928  4.260313258584  4.502480255136  3.135935952135  3.540756345120  1.211744380401  8.126521592318  0.041897631353  3.183388546508  1.644857873718
8.484837311254  8.293680105503  3.867149412422  5.421230531661  0.900762727011  2.330810717845  2.560747110998  5.851474364042  3.276467697943  4.932421693877  0.186441931649  7.230041317350  5.075589103017  9.196143441169  6.278132434141
8.335537515565  0.943790989360  2.913670264254  5.902020920846  4.997847149511  7.746745773404  7.317127472142  1.981592074004  4.433141463713  8.041352498436  1.361223052511  9.745260317708  3.190303392452  9.562341025954  7.726938400869
6.336740310378  4.709364151570  2.741133615647  6.694424697665  0.523956592108  7.480218964738  2.389440146383  2.453161041934  2.160515565780  3.817373024796  3.959059710191  8.754031691948  5.000156931795  6.583379755672  1.475450828944
Information: The stitching and editing of coupling caps is turned OFF for design 'dut_toplevel.dlib:dut_toplevel/compile_flow.design'. (TIM-125)

Compile-fusion final QoR
________________________
Scenario Mapping Table
1: Normal_Typical

Pathgroup Mapping Table
1: **default**
2: **async_default**
3: **clock_gating_default**
4: **in2reg_default**
5: **reg2out_default**
6: **in2out_default**
7: clk

-------------------------------------------------------------------------------------------------------------------------------------------------------------
PATHGROUP QOR 
-------------------------------------------------------------------------------------------------------------------------------------------------------------
Scene  PG      WNS        TNS    NSV      WHV        THV    NHV
    1   1   0.0000     0.0000      0        -          -      -
    1   2   0.0000     0.0000      0        -          -      -
    1   3   0.0000     0.0000      0        -          -      -
    1   4   0.0000     0.0000      0        -          -      -
    1   5   0.0000     0.0000      0        -          -      -
    1   6   0.0000     0.0000      0        -          -      -
    1   7   0.0000     0.0000      0        -          -      -
----------------------------------------------------------------------------------------------------------------------------------------------------------------------
SCENARIO QOR 
----------------------------------------------------------------------------------------------------------------------------------------------------------------------
Scene  PG      WNS        TNS   R2RTNS    NSV      WHV        THV    NHV  MaxTrnV   MaxTranC  MaxCapV    Leakage
    1   *   0.0000     0.0000   0.0000      0        -          -      -        0     0.0000        0 313320.438
----------------------------------------------------------------------------------------------------------------------------------------------------------------------
DESIGN QOR 
----------------------------------------------------------------------------------------------------------------------------------------------------------------------
Scene  PG      WNS        TNS   R2RTNS    NSV      WHV        THV    NHV  MaxTrnV   MaxTranC  MaxCapV    Leakage         Area    InstCnt     BufCnt     InvCnt
    *   *   0.0000     0.0000   0.0000      0   0.0000     0.0000      0        0     0.0000        0 313320.438       915.97       1216         13         21
----------------------------------------------------------------------------------------------------------------------------------------------------------------------

Compile-fusion final QoR Summary         WNS        TNS   R2RTNS    NSV      WHV        THV    NHV  MaxTrnV  MaxCapV    Leakage         Area    InstCnt
Compile-fusion final QoR Summary      0.0000     0.0000   0.0000      0   0.0000     0.0000      0        0        0 313320.438       915.97       1216

Compile-fusion command complete                CPU:   223 s (  0.06 hr )  ELAPSE:    95 s (  0.03 hr )  MEM-PEAK:  1290 MB
Compile-fusion command statistics  CPU=36 sec (0.01 hr) ELAPSED=12 sec (0.00 hr) MEM-PEAK=1.260 GB
[Tim-Power] Info: Cleared Leakage libCell cache.

[Tim-Power] Info: Cleared Leakage libCell cache.
Information: Summary of UPF Cells (UPF-532)
*******************************************************************************
                            Summary of UPF Cells                               
*******************************************************************************
This is NOT a UPF design.
UPF is NOT loaded.
UPF is NOT committed.
-------------------------------------------------------------------------------
*******************************************************************************
                        End of Summary of UPF Cells                            
*******************************************************************************
Information: Ending   compile_fusion / initial_opto (FLW-8001)
Information: Time: 2025-05-28 13:38:58 / Session:  00:01:35 / Command:  00:00:28 / CPU:  00:01:20 / Memory: 1290 MB (FLW-8100)
Information: CPU Load: 11%, Ram Free: 47 GB, Swap Free: 1 GB, Work Disk Free: 308 GB, Tmp Disk Free: 308 GB (MSG-3995)

Information: >>>>>>> 9 unique error and warning message tags while observing compile_fusion / initial_opto: (MSG-3100)
Information: #prnt #trgr #lmt    Tag  Level     Format (or last printed message)                                (MSG-3036)
Information:     1     1  0 DFT-1991  WARNING   Warning: SCANDEF based Optimization skipped: No ScanDEF chai... (MSG-3032)
Information:    15    15  0 FLW-2892  WARNING   Warning: Restoring scoped app option 'opt.internal.levfilter... (MSG-3032)
Information:     3     1  0 ZRT-511   WARNING   Warning: Cell contains tie connections which are not connect... (MSG-3032)
Information:    21     7  0 ZRT-026   WARNING   Warning: Layer MRDL default pitch 4.000 may be too small to ... (MSG-3032)
Information:    10    10  0 ZRT-720   WARNING   Warning: Port  VDD at {{33.702,28.753} {35.932,28.847}} is o... (MSG-3032)
Information:     3     1  0 ZRT-763   WARNING   Warning: Cell ctmi_2154 is placed overlapping with other cel... (MSG-3032)
Information:     7     7  0 OPT-070   WARNING   Warning: Cannot find any max transition constraint on the de... (MSG-3032)
Information:    28    18  0 OPT-902   WARNING   Warning: No clock routing rules were specified. Use set_cloc... (MSG-3032)
Information:    18    16  5 LGL-050   WARNING   Warning: Library cell saed14rvt_frame_timing:SAEDRVT14_DCAP_... (MSG-3032)
Information:   106    76  1        9  <------   Total sum of messages (MSG-3038)
Information: >>>>>>> Summary: 76 error&warning MSGs observed during compile_fusion / initial_opto (MSG-3103)

Information: The net parasitics of block dut_toplevel are cleared. (TIM-123)
INFO: End environment monitoring: recipes
INFO: Restored 0 timer status, 3 app options, 0 tcl gvars, 0 env vars
Information: >>>>>>> 14 unique error and warning message tags while observing fusion: (MSG-3100)
Information: #prnt #trgr #lmt    Tag  Level     Format (or last printed message)                                (MSG-3036)
Information:    12     2  0 FLW-2224  WARNING   Warning: Duplicate callback function set for step 'fc/logic_... (MSG-3032)
Information:    90     8  5 SQM-1079  WARNING   Warning: Skipping check for single_bit_degenerate attribute ... (MSG-3032)
Information:    45    13  3 SQM-1067  WARNING   Warning: Mapping to scan cell 'SAEDRVT14_FSDPQ_V2LP_2' in li... (MSG-3032)
Information:   180    16 10 SQM-1061  WARNING   Warning: Cannot infer functionality of libcell 'saed14rvt_fr... (MSG-3032)
Information:    36     1 10 SQM-1053  WARNING   Warning: Found 8 multibit sequential library cells that have... (MSG-3032)
Information:     1     1  0 DFT-1991  WARNING   Warning: SCANDEF based Optimization skipped: No ScanDEF chai... (MSG-3032)
Information:    15    15  0 FLW-2892  WARNING   Warning: Restoring scoped app option 'opt.internal.levfilter... (MSG-3032)
Information:     3     1  0 ZRT-511   WARNING   Warning: Cell contains tie connections which are not connect... (MSG-3032)
Information:    21     7  0 ZRT-026   WARNING   Warning: Layer MRDL default pitch 4.000 may be too small to ... (MSG-3032)
Information:    10    10  0 ZRT-720   WARNING   Warning: Port  VDD at {{33.702,28.753} {35.932,28.847}} is o... (MSG-3032)
Information:     3     1  0 ZRT-763   WARNING   Warning: Cell ctmi_2154 is placed overlapping with other cel... (MSG-3032)
Information:     7     7  0 OPT-070   WARNING   Warning: Cannot find any max transition constraint on the de... (MSG-3032)
Information:    28    18  0 OPT-902   WARNING   Warning: No clock routing rules were specified. Use set_cloc... (MSG-3032)
Information:    18    16  5 LGL-050   WARNING   Warning: Library cell saed14rvt_frame_timing:SAEDRVT14_DCAP_... (MSG-3032)
Information:   469   116  5       14  <------   Total sum of messages (MSG-3038)
Information: >>>>>>> Summary: 116 error&warning MSGs observed during fusion (MSG-3103)
Information: Ending   'compile_fusion -from initial_opto -to initial_opto' (FLW-8001)
Information: Time: 2025-05-28 13:38:59 / Session:  00:01:35 / Command:  00:00:29 / CPU:  00:01:20 / Memory: 1290 MB (FLW-8100)
Information: CPU Load: 11%, Ram Free: 47 GB, Swap Free: 1 GB, Work Disk Free: 308 GB, Tmp Disk Free: 308 GB (MSG-3995)
Generating reports for stage: initial_opto
[Tim-Power] Info: Cleared Leakage libCell cache.
Generated reports for stage: initial_opto
compile_and_report final_place
Information: 841 out of 851 POW-046 messages were not printed due to limit 10 (after 'compile_fusion' at task1.tcl:59) (MSG-3913)
INFO: compile_fusion is running in balanced flow mode.
Information: Starting 'compile_fusion -from final_place -to final_place' (FLW-8000)
Information: Time: 2025-05-28 13:39:00 / Session:  00:01:36 / Command:  00:00:00 / CPU:  00:00:00 / Memory: 1290 MB (FLW-8100)
INFO: Start environment monitoring: recipes
INFO: compile_fusion is running in balanced flow mode.
Warning: Cannot infer functionality of libcell 'saed14rvt_frame_timing/SAEDRVT14_FDNRBSBQ_V2_0P5' and will be excluded from sequential mapping. (SQM-1061)
Warning: Cannot infer functionality of libcell 'saed14rvt_frame_timing/SAEDRVT14_FDNRBSBQ_V2_1' and will be excluded from sequential mapping. (SQM-1061)
Warning: Cannot infer functionality of libcell 'saed14rvt_frame_timing/SAEDRVT14_FDNRBSBQ_V2_2' and will be excluded from sequential mapping. (SQM-1061)
Warning: Cannot infer functionality of libcell 'saed14rvt_frame_timing/SAEDRVT14_FDNRBSBQ_V2_4' and will be excluded from sequential mapping. (SQM-1061)
Warning: Cannot infer functionality of libcell 'saed14rvt_frame_timing/SAEDRVT14_FDPRBSBQ_V2_0P5' and will be excluded from sequential mapping. (SQM-1061)
Warning: Cannot infer functionality of libcell 'saed14rvt_frame_timing/SAEDRVT14_FDPRBSBQ_V2_1' and will be excluded from sequential mapping. (SQM-1061)
Warning: Cannot infer functionality of libcell 'saed14rvt_frame_timing/SAEDRVT14_FDPRBSBQ_V2_2' and will be excluded from sequential mapping. (SQM-1061)
Warning: Cannot infer functionality of libcell 'saed14rvt_frame_timing/SAEDRVT14_FDPRBSBQ_V2_4' and will be excluded from sequential mapping. (SQM-1061)
Warning: Mapping to scan cell 'SAEDRVT14_FSDPQB_V2LP_1' in library is not possible because cell has 'dont_use' attribute. (SQM-1067)
Warning: Mapping to scan cell 'SAEDRVT14_FSDPQ_V2LP_1' in library is not possible because cell has 'dont_use' attribute. (SQM-1067)
Warning: Mapping to scan cell 'SAEDRVT14_FSDPQ_V2LP_2' in library is not possible because cell has 'dont_use' attribute. (SQM-1067)
Warning: Cannot infer functionality of libcell 'saed14rvt_frame_timing/SAEDRVT14_FSDPRBSBQ_V2LP_0P5' and will be excluded from sequential mapping. (SQM-1061)
Warning: Cannot infer functionality of libcell 'saed14rvt_frame_timing/SAEDRVT14_FSDPRBSBQ_V2LP_2' and will be excluded from sequential mapping. (SQM-1061)
Warning: Skipping check for single_bit_degenerate attribute on the multibit libcell 'saed14rvt_frame_timing/SAEDRVT14_FSDN2_V2_0P5' since it is not a black-box. (SQM-1079)
Information: No single-bit representative was found for multibit lib cell 'saed14rvt_frame_timing/SAEDRVT14_FSDN2_V2_0P5'. (SQM-2004)
Warning: Skipping check for single_bit_degenerate attribute on the multibit libcell 'saed14rvt_frame_timing/SAEDRVT14_FSDN2_V2_1' since it is not a black-box. (SQM-1079)
Information: No single-bit representative was found for multibit lib cell 'saed14rvt_frame_timing/SAEDRVT14_FSDN2_V2_1'. (SQM-2004)
Warning: Skipping check for single_bit_degenerate attribute on the multibit libcell 'saed14rvt_frame_timing/SAEDRVT14_FSDN2_V2_2' since it is not a black-box. (SQM-1079)
Information: No single-bit representative was found for multibit lib cell 'saed14rvt_frame_timing/SAEDRVT14_FSDN2_V2_2'. (SQM-2004)
Warning: Skipping check for single_bit_degenerate attribute on the multibit libcell 'saed14rvt_frame_timing/SAEDRVT14_FSDN2_V2_4' since it is not a black-box. (SQM-1079)
Information: No single-bit representative was found for multibit lib cell 'saed14rvt_frame_timing/SAEDRVT14_FSDN2_V2_4'. (SQM-2004)
Warning: Skipping check for single_bit_degenerate attribute on the multibit libcell 'saed14rvt_frame_timing/SAEDRVT14_FSDN4_V2_0P5' since it is not a black-box. (SQM-1079)
Information: No single-bit representative was found for multibit lib cell 'saed14rvt_frame_timing/SAEDRVT14_FSDN4_V2_0P5'. (SQM-2004)
Information: No single-bit representative was found for multibit lib cell 'saed14rvt_frame_timing/SAEDRVT14_FSDN4_V2_1'. (SQM-2004)
Information: No single-bit representative was found for multibit lib cell 'saed14rvt_frame_timing/SAEDRVT14_FSDN4_V2_2'. (SQM-2004)
Information: No single-bit representative was found for multibit lib cell 'saed14rvt_frame_timing/SAEDRVT14_FSDN4_V2_4'. (SQM-2004)
Warning: Found 8 multibit sequential library cells that have missing/added attributes or have restrictions that prevent them from banking. (SQM-1053)
0 sequential multibit library cells have restrictions (dont_use or dont_touch).
8 sequential multibit library cells have missing sequential mapping relevant attributes
Information: 6 out of 16 SQM-1061 messages were not printed due to limit 10 (after 'compile_fusion' at task1.tcl:59) (MSG-3913)
Information: 10 out of 13 SQM-1067 messages were not printed due to limit 3 (after 'compile_fusion' at task1.tcl:59) (MSG-3913)
Information: 3 out of 8 SQM-1079 messages were not printed due to limit 5 (after 'compile_fusion' at task1.tcl:59) (MSG-3913)
Information: The automatic clock gate timing flow is activated. Clock latencies set on clock gate cells will be automatically adjusted by an estimate for latency. (CGT-4005)
Warning: Duplicate callback function set for step 'fc/logic_opto/dwProcessPrecond1' (FLW-2224)
Warning: Duplicate callback function set for step 'fc/logic_opto/dwProcessPrecond1' (FLW-2224)
INFO: compile_fusion is running in balanced flow mode
Warning: Cannot find any max transition constraint on the design. (OPT-070)
INFO: Leakage Power Aware Optimization Enabled
Information: The automatic clock gate timing flow is activated. Clock latencies set on clock gate cells will be automatically adjusted by an estimate for latency. (CGT-4005)
INFO: EarlyGR flow is not enabled.
.INFO: disable CRPR-based timing. 
Number of Site types in the design = 1
Setting up Chip Core
Chip Core shape: (0 0) (358900 354000)
Number of VARs = 1
Number of unique PDs = 1
Number of Power Domains = 1
Number of Voltage Areas = 1
Number of supply Nets = 2
Number of used supplies = 0
Blocked VAs: 

----------------------------------------------------------------------------------------------------------
Information: Starting compile_fusion / final_place (FLW-8000)
Information: Time: 2025-05-28 13:39:01 / Session:  00:01:37 / Command:  00:00:01 / CPU:  00:00:01 / Memory: 1290 MB (FLW-8100)
----------------------------------------------------------------------------------------------------------



Compile-fusion optimization summary            SETUP-COST    R2R-COST HOLD-COST LDRC-COST          AREA     LEAKAGE     INSTCNT            ELAPSE       MEM
Compile-fusion optimization Phase 4 Iter  1          0.00        0.00         -         -        915.97   312463.66        1216              0.03      1290


Information: Starting compile_fusion / final_place / Optimization (FLW-8000)
Information: Time: 2025-05-28 13:39:01 / Session:  00:01:37 / Command:  00:00:01 / CPU:  00:00:02 / Memory: 1290 MB (FLW-8100)

Compile-fusion command begin                   CPU:   235 s (  0.07 hr )  ELAPSE:    98 s (  0.03 hr )  MEM-PEAK:  1290 MB
Warning: Cannot find any max transition constraint on the design. (OPT-070)
Info: update em.

Compile-fusion timing update complete          CPU:   235 s (  0.07 hr )  ELAPSE:    98 s (  0.03 hr )  MEM-PEAK:  1290 MB

Compile-fusion initial QoR
__________________________
Scenario Mapping Table
1: Normal_Typical

Pathgroup Mapping Table
1: **default**
2: **async_default**
3: **clock_gating_default**
4: **in2reg_default**
5: **reg2out_default**
6: **in2out_default**
7: clk

-------------------------------------------------------------------------------------------------------------------------------------------------------------
PATHGROUP QOR 
-------------------------------------------------------------------------------------------------------------------------------------------------------------
Scene  PG      WNS        TNS    NSV      WHV        THV    NHV
    1   1   0.0000     0.0000      0        -          -      -
    1   2   0.0000     0.0000      0        -          -      -
    1   3   0.0000     0.0000      0        -          -      -
    1   4   0.0000     0.0000      0        -          -      -
    1   5   0.0000     0.0000      0        -          -      -
    1   6   0.0000     0.0000      0        -          -      -
    1   7   0.0000     0.0000      0        -          -      -
----------------------------------------------------------------------------------------------------------------------------------------------------------------------
SCENARIO QOR 
----------------------------------------------------------------------------------------------------------------------------------------------------------------------
Scene  PG      WNS        TNS   R2RTNS    NSV      WHV        THV    NHV  MaxTrnV   MaxTranC  MaxCapV    Leakage
    1   *   0.0000     0.0000   0.0000      0        -          -      -        0     0.0000        0 312463.656
----------------------------------------------------------------------------------------------------------------------------------------------------------------------
DESIGN QOR 
----------------------------------------------------------------------------------------------------------------------------------------------------------------------
Scene  PG      WNS        TNS   R2RTNS    NSV      WHV        THV    NHV  MaxTrnV   MaxTranC  MaxCapV    Leakage         Area    InstCnt     BufCnt     InvCnt
    *   *   0.0000     0.0000   0.0000      0   0.0000     0.0000      0        0     0.0000        0 312463.656       915.97       1216         13         21
----------------------------------------------------------------------------------------------------------------------------------------------------------------------

Compile-fusion initial QoR Summary       WNS        TNS   R2RTNS    NSV      WHV        THV    NHV  MaxTrnV  MaxCapV    Leakage         Area    InstCnt
Compile-fusion initial QoR Summary    0.0000     0.0000   0.0000      0   0.0000     0.0000      0        0        0 312463.656       915.97       1216
Information: The netlist change observers are disabled for incremental extraction. (TIM-126)
INFO: using 12 threads
Compile-fusion initialization complete         CPU:   240 s (  0.07 hr )  ELAPSE:    98 s (  0.03 hr )  MEM-PEAK:  1290 MB
Compile-fusion optimization summary            SETUP-COST    R2R-COST HOLD-COST LDRC-COST          AREA     LEAKAGE     INSTCNT            ELAPSE       MEM
Warning: Cannot find any max transition constraint on the design. (OPT-070)
Information: The netlist change observers are enabled for incremental extraction. (TIM-127)

Information: Initializing classic cellmap without advanced rules enabled and without PDC enabled
Information: The following app options are used in cellmap
        place.legalize.enable_color_aware_placement : false
        place.legalize.use_nll_query_cm : false
        place.legalize.enable_advanced_legalizer : false
        place.legalize.enable_prerouted_net_check : false
        place.legalize.enable_advanced_prerouted_net_check : false
        place.legalize.always_continue : true
        place.legalize.limit_legality_checks : false
        place.common.pnet_aware_density : 1.0000
        place.common.pnet_aware_min_width : 0.0000
        place.common.pnet_aware_layers : {}
        place.common.use_placement_model : false
        place.common.enable_advanced_placement_model : true
        cts.placement.cell_spacing_rule_style : maximum
Warning: Library cell saed14rvt_frame_timing:SAEDRVT14_ISOFSDPQ_PECO_8.frame is missing supply pins. Its power structure cannot be determined. (LGL-050)
Warning: Library cell saed14rvt_frame_timing:SAEDRVT14_DCAP_PV1ECO_12.frame is missing supply pins. Its power structure cannot be determined. (LGL-050)
Total 0.0077 seconds to build cellmap data
INFO: creating 20(r) x 20(c) GridCells YDim 1.8 XDim 1.8
INFO: number of GridCells (0xdf7401f8): 400
INFO: creating 20(r) x 20(c) GridCells YDim 1.8 XDim 1.8
INFO: number of GridCells (0xdf7401f8): 400
Total 0.0140 seconds to load 1216 cell instances into cellmap
Moveable cells: 1216; Application fixed cells: 0; Macro cells: 0; User fixed cells: 0
Average cell width 1.2554, cell height 0.6000, cell area 0.7533 for total 1216 placed and application fixed cells
Compile-fusion optimization Phase 8 Iter  1          0.00        0.00      0.00         0        915.97   312463.66        1216              0.03      1290
Corner Scaling is off, multiplier is 1.000000
Corner Scaling is off, multiplier is 1.000000
Using default layer M4
new cutoff lpd: 4.05079e-07
corner scaling: maxCornerId = 1
corner=Typical, tran factor=1.000000 (0.030008 / 0.030008)
bmap: stepx = stepy = 30000
creating bmap
DB units per micron : 10000
INFO: New Levelizer turned on
Compile-fusion optimization Phase 8 Iter  2          0.00        0.00      0.00         0        915.97   312463.66        1216              0.03      1290

Compile-fusion optimization Phase 9 Iter  1          0.00        0.00      0.00         0        915.97   312463.66        1216              0.03      1290

Information: Ending   compile_fusion / final_place / Optimization (FLW-8001)
Information: Time: 2025-05-28 13:39:03 / Session:  00:01:39 / Command:  00:00:02 / CPU:  00:00:12 / Memory: 1290 MB (FLW-8100)

Information: Starting compile_fusion / final_place / Timing and Congestion Driven Placement with Legalization (FLW-8000)
Information: Time: 2025-05-28 13:39:03 / Session:  00:01:39 / Command:  00:00:02 / CPU:  00:00:12 / Memory: 1290 MB (FLW-8100)
Compile-fusion optimization Phase 11 Iter  1         0.00        0.00      0.00         0        915.97   312463.66        1216              0.03      1290
Running final (timing-driven) placement step.
----------------------------------------------------------------
Running congestion-aware direct-timing-driven placement
Start Timing-driven placement
Information: Disabling integrated legalization, because it requires that the advanced legalizer is enabled.
Start transferring placement data.
Warning: To enable pin track alignment feature, the advanced legalizer has to be turned on using app option "place.legalize.enable_advanced_legalizer".
Warning: Pin track alignment feature will be disabled in this run
Information: Initializing classic cellmap without advanced rules enabled and without PDC enabled
Information: The following app options are used in cellmap
        place.legalize.enable_color_aware_placement : false
        place.legalize.use_nll_query_cm : false
        place.legalize.enable_advanced_legalizer : false
        place.legalize.enable_prerouted_net_check : true
        place.legalize.enable_advanced_prerouted_net_check : false
        place.legalize.always_continue : true
        place.legalize.limit_legality_checks : false
        place.common.pnet_aware_density : 1.0000
        place.common.pnet_aware_min_width : 0.0000
        place.common.pnet_aware_layers : {}
        place.common.use_placement_model : false
        place.common.enable_advanced_placement_model : true
        cts.placement.cell_spacing_rule_style : maximum
Warning: Library cell saed14rvt_frame_timing:SAEDRVT14_ISOFSDPQ_PECO_8.frame is missing supply pins. Its power structure cannot be determined. (LGL-050)
Warning: Library cell saed14rvt_frame_timing:SAEDRVT14_DCAP_PV1ECO_12.frame is missing supply pins. Its power structure cannot be determined. (LGL-050)
Total 0.0080 seconds to build cellmap data
Snapped 1216 standard cells to the nearest cellrow to improve the accuracy of congestion analysis.
Start Global Route ... 
[Init] Elapsed real time: 0:00:00 
[Init] Elapsed cpu  time: sys=0:00:00 usr=0:00:00 total=0:00:00
[Init] Stage (MB): Used    0  Alloctr    0  Proc    0 
[Init] Total (MB): Used    7  Alloctr    8  Proc 6149 
Printing options for 'route.common.*'

Printing options for 'route.global.*'
global.deterministic                                    :	 on                  
global.timing_driven                                    :	 false               

Begin global routing.
Cell Min-Routing-Layer = M1
Cell Max-Routing-Layer = MRDL
Turn off antenna since no rule is specified
Information: Option route.detail.force_end_on_preferred_grid will be ignored since none of the layers have preferred grid. (ZRT-703)
Skipping 1 internal pins that are not physical. Set route.common.verbose_level to > 0 and run routing command to get skipped pin names.
Info: number of net_type_blockage: 0 
Information: Via ladder engine would be activated for pattern must join connection in certain commands. Please refer to man-page for the command list. (ZRT-619)
Warning: Port  VDD at {{30.890,-0.047} {33.120,0.047}} is out of boundary. Cannot be routed. (ZRT-720)
Warning: Port  VDD at {{28.744,-0.047} {30.974,0.047}} is out of boundary. Cannot be routed. (ZRT-720)
Warning: Port  VDD at {{22.750,-0.047} {24.980,0.047}} is out of boundary. Cannot be routed. (ZRT-720)
Warning: Port  VDD at {{20.012,-0.047} {22.242,0.047}} is out of boundary. Cannot be routed. (ZRT-720)
Warning: Port  VDD at {{17.866,-0.047} {20.096,0.047}} is out of boundary. Cannot be routed. (ZRT-720)
Warning: Port  VDD at {{15.646,-0.047} {17.876,0.047}} is out of boundary. Cannot be routed. (ZRT-720)
Warning: Port  VDD at {{13.500,-0.047} {15.730,0.047}} is out of boundary. Cannot be routed. (ZRT-720)
Warning: Port  VDD at {{11.354,-0.047} {13.584,0.047}} is out of boundary. Cannot be routed. (ZRT-720)
Warning: Port  VDD at {{33.702,29.953} {35.932,30.047}} is out of boundary. Cannot be routed. (ZRT-720)
Warning: Port  VSS at {{33.702,29.353} {35.932,29.447}} is out of boundary. Cannot be routed. (ZRT-720)
Skipping 137 ectangle_only route guides because they don't cover the design boundary in the layer's  preferred direction.
Via on layer (VIA1) needs more than one tracks
Warning: Layer M1 default pitch 0.074 may be too small to handle up/down via. Note, that minimum requirements are "wire/via-down 0.074" & "wire/via-up 0.078". (ZRT-026)
Via on layer (VIA1) needs more than one tracks
Warning: Layer M2 default pitch 0.060 may be too small to handle up/down via. Note, that minimum requirements are "wire/via-down 0.078" & "wire/via-up 0.060". (ZRT-026)
Via on layer (VIA4) needs more than one tracks
Warning: Layer M5 default pitch 0.100 may be too small to handle up/down via. Note, that minimum requirements are "wire/via-down 0.125" & "wire/via-up 0.100". (ZRT-026)
Via on layer (VIA7) needs more than one tracks
Warning: Layer M7 default pitch 0.100 may be too small to handle up/down via. Note, that minimum requirements are "wire/via-down 0.100" & "wire/via-up 0.107". (ZRT-026)
Wire on layer (M8) needs more than one tracks
Via on layer (VIA7) needs more than one tracks
Via on layer (VIA8) needs more than one tracks
Warning: Layer M8 default pitch 0.100 may be too small to handle up/down via. Note, that minimum requirements are "wire/via-down 0.107" & "wire/via-up 0.135". (ZRT-026)
Wire on layer (M9) needs more than one tracks
Via on layer (VIA8) needs more than one tracks
Via on layer (VIARDL) needs more than one tracks
Warning: Layer M9 default pitch 0.100 may be too small to handle up/down via. Note, that minimum requirements are "wire/via-down 0.135" & "wire/via-up 1.570". (ZRT-026)
Via on layer (VIARDL) needs more than one tracks
Warning: Layer MRDL default pitch 4.000 may be too small to handle up/down via. Note, that minimum requirements are "wire/via-down 4.500" & "wire/via-up 4.000". (ZRT-026)
Transition layer name: M7(6)
Transition layer name: M8(7)
Information: When applicable Min-max layer allow_pin_connection mode will allow paths of length 0.90 outside the layer range. (ZRT-707)
Information: When applicable Min-max layer allow_pin_connection mode will allow paths of length 0.90 outside the layer range on clock nets. (ZRT-718)
Information: When applicable layer based tapering will taper up to 0.00 in distance from the pin. (ZRT-706)
Warning: Standard cell pin SAEDRVT14_ADDH_0P5/CO has no valid via regions. (ZRT-044)
Current Stage stats:
[End of Read DB] Elapsed real time: 0:00:00 
[End of Read DB] Elapsed cpu  time: sys=0:00:00 usr=0:00:00 total=0:00:00
[End of Read DB] Stage (MB): Used   30  Alloctr   31  Proc  -32 
[End of Read DB] Total (MB): Used   37  Alloctr   39  Proc 6117 
Constructing data structure ...
Design statistics:
Design Bounding Box (0.00um,0.00um,35.89um,35.40um)
Number of routing layers = 10
layer M1, dir Ver, min width = 0.034um, min space = 0.026um pitch = 0.074um
layer M2, dir Hor, min width = 0.034um, min space = 0.026um pitch = 0.06um
layer M3, dir Ver, min width = 0.034um, min space = 0.026um pitch = 0.074um
layer M4, dir Hor, min width = 0.06um, min space = 0.04um pitch = 0.1um
layer M5, dir Ver, min width = 0.06um, min space = 0.04um pitch = 0.1um
layer M6, dir Hor, min width = 0.06um, min space = 0.04um pitch = 0.1um
layer M7, dir Ver, min width = 0.06um, min space = 0.04um pitch = 0.1um
layer M8, dir Hor, min width = 0.06um, min space = 0.04um pitch = 0.1um
layer M9, dir Ver, min width = 0.06um, min space = 0.04um pitch = 0.1um
layer MRDL, dir Hor, min width = 2um, min space = 2um pitch = 4um
Current Stage stats:
[End of Build Tech Data] Elapsed real time: 0:00:00 
[End of Build Tech Data] Elapsed cpu  time: sys=0:00:00 usr=0:00:00 total=0:00:00
[End of Build Tech Data] Stage (MB): Used    0  Alloctr    0  Proc    0 
[End of Build Tech Data] Total (MB): Used   38  Alloctr   40  Proc 6117 
Net statistics:
Total number of nets     = 1646
Number of nets to route  = 1645
1 nets are fully connected,
 of which 1 are detail routed and 0 are global routed.
Net length statistics: 
Net Count(Ignore Fully Rted) 1645, Total Half Perimeter Wire Length (HPWL) 8910 microns
HPWL   0 ~   50 microns: Net Count     1641	Total HPWL         8699 microns
HPWL  50 ~  100 microns: Net Count        4	Total HPWL          211 microns
HPWL 100 ~  200 microns: Net Count        0	Total HPWL            0 microns
HPWL 200 ~  300 microns: Net Count        0	Total HPWL            0 microns
HPWL 300 ~  400 microns: Net Count        0	Total HPWL            0 microns
HPWL 400 ~  500 microns: Net Count        0	Total HPWL            0 microns
HPWL 500 ~  600 microns: Net Count        0	Total HPWL            0 microns
HPWL 600 ~  700 microns: Net Count        0	Total HPWL            0 microns
HPWL 700 ~  800 microns: Net Count        0	Total HPWL            0 microns
HPWL 800 ~  900 microns: Net Count        0	Total HPWL            0 microns
HPWL 900 ~ 1000 microns: Net Count        0	Total HPWL            0 microns
HPWL     > 1000 microns: Net Count        0	Total HPWL            0 microns
Current Stage stats:
[End of Build All Nets] Elapsed real time: 0:00:00 
[End of Build All Nets] Elapsed cpu  time: sys=0:00:00 usr=0:00:00 total=0:00:00
[End of Build All Nets] Stage (MB): Used    1  Alloctr    1  Proc    0 
[End of Build All Nets] Total (MB): Used   39  Alloctr   41  Proc 6117 
Number of partitions: 1 (1 x 1)
Size of partitions: 60 gCells x 59 gCells
Average gCell capacity  0.18	 on layer (1)	 M1
Average gCell capacity  7.73	 on layer (2)	 M2
Average gCell capacity  8.04	 on layer (3)	 M3
Average gCell capacity  5.98	 on layer (4)	 M4
Average gCell capacity  5.95	 on layer (5)	 M5
Average gCell capacity  5.98	 on layer (6)	 M6
Average gCell capacity  5.95	 on layer (7)	 M7
Average gCell capacity  5.98	 on layer (8)	 M8
Average gCell capacity  5.95	 on layer (9)	 M9
Average gCell capacity  0.12	 on layer (10)	 MRDL
Average number of tracks per gCell 8.10	 on layer (1)	 M1
Average number of tracks per gCell 10.02	 on layer (2)	 M2
Average number of tracks per gCell 8.10	 on layer (3)	 M3
Average number of tracks per gCell 6.02	 on layer (4)	 M4
Average number of tracks per gCell 5.98	 on layer (5)	 M5
Average number of tracks per gCell 6.02	 on layer (6)	 M6
Average number of tracks per gCell 5.98	 on layer (7)	 M7
Average number of tracks per gCell 6.02	 on layer (8)	 M8
Average number of tracks per gCell 5.98	 on layer (9)	 M9
Average number of tracks per gCell 0.15	 on layer (10)	 MRDL
Number of gCells = 35400
Current Stage stats:
[End of Build Congestion Map] Elapsed real time: 0:00:00 
[End of Build Congestion Map] Elapsed cpu  time: sys=0:00:00 usr=0:00:00 total=0:00:00
[End of Build Congestion Map] Stage (MB): Used    1  Alloctr    1  Proc    0 
[End of Build Congestion Map] Total (MB): Used   41  Alloctr   43  Proc 6117 
Number of partitions: 1 (1 x 1)
Size of partitions: 60 gCells x 59 gCells
Current Stage stats:
[End of Add Nets Demand] Elapsed real time: 0:00:00 
[End of Add Nets Demand] Elapsed cpu  time: sys=0:00:00 usr=0:00:00 total=0:00:00
[End of Add Nets Demand] Stage (MB): Used    0  Alloctr    0  Proc    0 
[End of Add Nets Demand] Total (MB): Used   41  Alloctr   43  Proc 6117 
Number of user frozen nets = 0
Total stats:
[End of Build Data] Elapsed real time: 0:00:00 
[End of Build Data] Elapsed cpu  time: sys=0:00:00 usr=0:00:00 total=0:00:00
[End of Build Data] Stage (MB): Used    3  Alloctr    4  Proc    0 
[End of Build Data] Total (MB): Used   41  Alloctr   43  Proc 6117 
Number of partitions: 1 (1 x 1)
Size of partitions: 60 gCells x 59 gCells
Current Stage stats:
[End of Blocked Pin Detection] Elapsed real time: 0:00:00 
[End of Blocked Pin Detection] Elapsed cpu  time: sys=0:00:00 usr=0:00:00 total=0:00:00
[End of Blocked Pin Detection] Stage (MB): Used  104  Alloctr  104  Proc    0 
[End of Blocked Pin Detection] Total (MB): Used  145  Alloctr  147  Proc 6117 
Information: Using 12 threads for routing. (ZRT-444)
Information: Placement fast mode ON
Information: Multiple gcell levels ON
Information: Buffer distance is estimated to be ~271.0000um (451 gCells)

Start GR phase 0
Number of partitions: 1 (1 x 1)
Size of partitions: 60 gCells x 59 gCells
[rtAllBotParts] Elapsed real time: 0:00:00 
[rtAllBotParts] Elapsed cpu  time: sys=0:00:00 usr=0:00:00 total=0:00:00
[rtTop] Elapsed real time: 0:00:00 
[rtTop] Elapsed cpu  time: sys=0:00:00 usr=0:00:00 total=0:00:00
Current Stage stats:
[End of Initial Routing] Elapsed real time: 0:00:00 
[End of Initial Routing] Elapsed cpu  time: sys=0:00:00 usr=0:00:00 total=0:00:00
[End of Initial Routing] Stage (MB): Used    0  Alloctr    0  Proc    0 
[End of Initial Routing] Total (MB): Used  146  Alloctr  148  Proc 6117 
Initial. Routing result:
Initial. Both Dirs: Dmd-Cap  =     0 Max = 0 GRCs =     0 (0.00%)
Initial. H routing: Dmd-Cap  =     0 Max = 0 (GRCs =  0) GRCs =     0 (0.00%)
Initial. V routing: Dmd-Cap  =     0 Max = 0 (GRCs =  0) GRCs =     0 (0.00%)
Initial. Both Dirs: Overflow =    22 Max = 4 GRCs =    44 (0.62%)
Initial. H routing: Overflow =    19 Max = 4 (GRCs =  1) GRCs =    33 (0.93%)
Initial. V routing: Overflow =     3 Max = 1 (GRCs = 11) GRCs =    11 (0.31%)
Initial. M1         Overflow =     0 Max = 0 (GRCs =  0) GRCs =     0 (0.00%)
Initial. M2         Overflow =    19 Max = 4 (GRCs =  1) GRCs =    33 (0.93%)
Initial. M3         Overflow =     3 Max = 1 (GRCs = 11) GRCs =    11 (0.31%)
Initial. M4         Overflow =     0 Max = 0 (GRCs =  0) GRCs =     0 (0.00%)
Initial. M5         Overflow =     0 Max = 0 (GRCs =  0) GRCs =     0 (0.00%)
Initial. M6         Overflow =     0 Max = 0 (GRCs =  0) GRCs =     0 (0.00%)
Initial. M7         Overflow =     0 Max = 0 (GRCs =  0) GRCs =     0 (0.00%)
Initial. M8         Overflow =     0 Max = 0 (GRCs =  0) GRCs =     0 (0.00%)
Initial. M9         Overflow =     0 Max = 0 (GRCs =  0) GRCs =     0 (0.00%)
Initial. MRDL       Overflow =     0 Max = 0 (GRCs =  0) GRCs =     0 (0.00%)

Initial. Total Wire Length = 8656.37
Initial. Layer M1 wire length = 3.57
Initial. Layer M2 wire length = 3196.34
Initial. Layer M3 wire length = 4657.20
Initial. Layer M4 wire length = 577.00
Initial. Layer M5 wire length = 222.26
Initial. Layer M6 wire length = 0.00
Initial. Layer M7 wire length = 0.00
Initial. Layer M8 wire length = 0.00
Initial. Layer M9 wire length = 0.00
Initial. Layer MRDL wire length = 0.00
Initial. Total Number of Contacts = 8082
Initial. Via VIA1_Base count = 2805
Initial. Via VIA2_Base count = 5062
Initial. Via VIA34SQ_C count = 187
Initial. Via VIA4SQ count = 28
Initial. Via VIA5SQ_C count = 0
Initial. Via VIA67SQ_C count = 0
Initial. Via VIA78SQ_C count = 0
Initial. Via VIA89_C count = 0
Initial. Via VIA9RDL count = 0
Initial. completed.

Start GR phase 1
Wed May 28 13:39:03 2025
Number of partitions: 1 (1 x 1)
Size of partitions: 60 gCells x 59 gCells
[rtAllParts] Elapsed real time: 0:00:00 
[rtAllParts] Elapsed cpu  time: sys=0:00:00 usr=0:00:00 total=0:00:00
Number of partitions: 1 (1 x 1)
Size of partitions: 60 gCells x 59 gCells
[updNetsDmd] Elapsed real time: 0:00:00 
[updNetsDmd] Elapsed cpu  time: sys=0:00:00 usr=0:00:00 total=0:00:00
Current Stage stats:
[End of Phase1 Routing] Elapsed real time: 0:00:00 
[End of Phase1 Routing] Elapsed cpu  time: sys=0:00:00 usr=0:00:00 total=0:00:00
[End of Phase1 Routing] Stage (MB): Used    0  Alloctr    0  Proc    0 
[End of Phase1 Routing] Total (MB): Used  146  Alloctr  148  Proc 6117 
phase1. Routing result:
phase1. Both Dirs: Dmd-Cap  =     0 Max = 0 GRCs =     0 (0.00%)
phase1. H routing: Dmd-Cap  =     0 Max = 0 (GRCs =  0) GRCs =     0 (0.00%)
phase1. V routing: Dmd-Cap  =     0 Max = 0 (GRCs =  0) GRCs =     0 (0.00%)
phase1. Both Dirs: Overflow =     0 Max = 0 GRCs =     0 (0.00%)
phase1. H routing: Overflow =     0 Max = 0 (GRCs =  0) GRCs =     0 (0.00%)
phase1. V routing: Overflow =     0 Max = 0 (GRCs =  0) GRCs =     0 (0.00%)
phase1. M1         Overflow =     0 Max = 0 (GRCs =  0) GRCs =     0 (0.00%)
phase1. M2         Overflow =     0 Max = 0 (GRCs =  0) GRCs =     0 (0.00%)
phase1. M3         Overflow =     0 Max = 0 (GRCs =  0) GRCs =     0 (0.00%)
phase1. M4         Overflow =     0 Max = 0 (GRCs =  0) GRCs =     0 (0.00%)
phase1. M5         Overflow =     0 Max = 0 (GRCs =  0) GRCs =     0 (0.00%)
phase1. M6         Overflow =     0 Max = 0 (GRCs =  0) GRCs =     0 (0.00%)
phase1. M7         Overflow =     0 Max = 0 (GRCs =  0) GRCs =     0 (0.00%)
phase1. M8         Overflow =     0 Max = 0 (GRCs =  0) GRCs =     0 (0.00%)
phase1. M9         Overflow =     0 Max = 0 (GRCs =  0) GRCs =     0 (0.00%)
phase1. MRDL       Overflow =     0 Max = 0 (GRCs =  0) GRCs =     0 (0.00%)

phase1. Total Wire Length = 8673.48
phase1. Layer M1 wire length = 2.77
phase1. Layer M2 wire length = 3165.19
phase1. Layer M3 wire length = 4607.59
phase1. Layer M4 wire length = 615.47
phase1. Layer M5 wire length = 282.45
phase1. Layer M6 wire length = 0.00
phase1. Layer M7 wire length = 0.00
phase1. Layer M8 wire length = 0.00
phase1. Layer M9 wire length = 0.00
phase1. Layer MRDL wire length = 0.00
phase1. Total Number of Contacts = 8137
phase1. Via VIA1_Base count = 2804
phase1. Via VIA2_Base count = 5067
phase1. Via VIA34SQ_C count = 226
phase1. Via VIA4SQ count = 40
phase1. Via VIA5SQ_C count = 0
phase1. Via VIA67SQ_C count = 0
phase1. Via VIA78SQ_C count = 0
phase1. Via VIA89_C count = 0
phase1. Via VIA9RDL count = 0
phase1. completed.
[End of Whole Chip Routing] Elapsed real time: 0:00:00 
[End of Whole Chip Routing] Elapsed cpu  time: sys=0:00:00 usr=0:00:00 total=0:00:00
[End of Whole Chip Routing] Stage (MB): Used  108  Alloctr  108  Proc    0 
[End of Whole Chip Routing] Total (MB): Used  146  Alloctr  148  Proc 6117 

Congestion utilization per direction:
Average vertical track utilization   = 11.22 %
Peak    vertical track utilization   = 38.46 %
Average horizontal track utilization =  9.45 %
Peak    horizontal track utilization = 46.43 %

[End of Global Routing] Elapsed real time: 0:00:00 
[End of Global Routing] Elapsed cpu  time: sys=0:00:00 usr=0:00:00 total=0:00:00
[End of Global Routing] Stage (MB): Used  107  Alloctr  108  Proc    0 
[End of Global Routing] Total (MB): Used  145  Alloctr  147  Proc 6117 
Writing out congestion map...
Updating congestion ...
Updating congestion ...
[End of dbOut] Elapsed real time: 0:00:00 
[End of dbOut] Elapsed cpu  time: sys=0:00:00 usr=0:00:00 total=0:00:00
[End of dbOut] Stage (MB): Used  -30  Alloctr  -31  Proc    0 
[End of dbOut] Total (MB): Used   36  Alloctr   37  Proc 6117 
Using per-layer congestion maps for congestion reduction.
Information: 0.00% of design has horizontal routing density above target_routing_density of 0.80.
Information: 0.03% of design has vertical routing density above target_routing_density of 0.80.
Completed transferring placement data.
Running placement using 12 thread(s)
Information: Enhanced Auto Density Control is used. (PLACE-098)
Information: Enhanced auto density configuration is 13179.
Information: Automatic density control has selected the following settings: max_density 0.70, congestion_driven_max_util 0.89. (PLACE-027)
Information: HFW control 'on' invoked.
coarse place 100% done.
Information: Reducing cell density for 0.0% of the movable cells to alleviate congestion. This changes the average cell density in non-congested areas from 0.721 to 0.721. (PLACE-030)
CGRW: permuting timing equivalent pins only
Corner Scaling is off, multiplier is 1.000000
ORB: timingScenario Normal_Typical timingCorner Typical
INFO: Using corner Typical for worst leakage corner
Using default layer M4
new cutoff lpd: 4.05079e-07
corner scaling: maxCornerId = 1
corner=Typical, tran factor=1.000000 (0.030008 / 0.030008)
ORB: Nominal = 0.0053281  Design MT = inf  Target = 0.0300080 (5.632 nominal)  MaxRC = 0.020355
ORB: Fast Target = 0.010069 ( 1.890 nominal )
ORB: stageDelay=0.02037, stageLength=1552950
nplLib: default vr hor dist = 311
nplLib: default vr ver dist = 311
nplLib: default vr buf size = 2
nplLib: default vr buf size = 1

Placement Options:
Effort:                        medium_effort       
Timing Driven:                 true                
Buffering Aware Timing Driven: false               
Seed locs:                     true                
Incremental:                   false               
Congestion:                    true                
Congestion Effort:             medium              
Fix Macros:                    true                
Place Macros:                  false               
Channel Size Macros:           false               

Printing options for 'place.coarse.*' (non-default only)
place.coarse.continue_on_missing_scandef                :	 true                

Information: Activity for scenario Normal_Typical was cached, no propagation required. (POW-005)
****** eLpp estimated wire length 
7.30297% of the net wire length are clock nets
0% of the clock net wire length has no activity
Clock net wire length: 6.78525e+06
Total net wire length: 9.29109e+07
****** eLpp weights (with caps)
Number of nets: 1646, of which 1634 non-clock nets
Number of nets with 0 toggle rate: 27
Max toggle rate = 0.666667, average toggle rate = 0.0123228
Max non-clock toggle rate = 0.054518
eLpp weight range = (0, 38.618)
Start transferring placement data.
****** Net weight manager: report ******
Weights included: eLpp  PostEffort  
Number of nets with non-default weights: 1646
Amt power = 0.1
Non-default weight range: (0.9, 8.7618)
Information: Automatic repeater spreading is enabled.
Information: Automatic timing control is enabled.
checking app option clockgate_objective_weight : none
DTDP placement: scenario=Normal_Typical
Information: The stitching and editing of coupling caps is turned OFF for design 'dut_toplevel.dlib:dut_toplevel/compile_flow.design'. (TIM-125)
Information: The net parasitics of block dut_toplevel are cleared. (TIM-123)
Completed transferring placement data.
Running placement using 12 thread(s)
Information: Enhanced Auto Density Control is used. (PLACE-098)
Information: Enhanced auto density configuration is 13179.
Information: Automatic density control has selected the following settings: max_density 0.70, congestion_driven_max_util 0.89. (PLACE-027)
Information: HFW control 'on' invoked.
coarse place 40% done.
coarse place 60% done.
coarse place 80% done.
coarse place 100% done.
Information: Coarse placer weighted wire length estimate = 1.1949e+08
Information: Extraction observers are detached as design net change threshold is reached.
Warning: No clock routing rules were specified. Use set_clock_routing_rules to specify routing rules for accurate clock latency estimation. (OPT-902)
Warning: No clock routing rules were specified. Use set_clock_routing_rules to specify routing rules for accurate clock latency estimation. (OPT-902)
Information: Estimating clock gate latencies for scenario 'Normal_Typical'. (OPT-909)
----------------------------------------------------------------
Fixing logic constant
Fixing logic constant
Information: The stitching and editing of coupling caps is turned OFF for design 'dut_toplevel.dlib:dut_toplevel/compile_flow.design'. (TIM-125)
Information: Initializing classic cellmap without advanced rules enabled and without PDC enabled
Information: The following app options are used in cellmap
        place.legalize.enable_color_aware_placement : false
        place.legalize.use_nll_query_cm : false
        place.legalize.enable_advanced_legalizer : false
        place.legalize.enable_prerouted_net_check : true
        place.legalize.enable_advanced_prerouted_net_check : false
        place.legalize.always_continue : true
        place.legalize.limit_legality_checks : false
        place.common.pnet_aware_density : 1.0000
        place.common.pnet_aware_min_width : 0.0000
        place.common.pnet_aware_layers : {}
        place.common.use_placement_model : false
        place.common.enable_advanced_placement_model : true
        cts.placement.cell_spacing_rule_style : maximum
Warning: Library cell saed14rvt_frame_timing:SAEDRVT14_ISOFSDPQ_PECO_8.frame is missing supply pins. Its power structure cannot be determined. (LGL-050)
Warning: Library cell saed14rvt_frame_timing:SAEDRVT14_DCAP_PV1ECO_12.frame is missing supply pins. Its power structure cannot be determined. (LGL-050)
Total 0.0114 seconds to build cellmap data
INFO: creating 12(r) x 12(c) GridCells YDim 3 XDim 3
INFO: number of GridCells (0xf1aad0e0): 144
INFO: creating 12(r) x 12(c) GridCells YDim 3 XDim 3
INFO: number of GridCells (0xf1aad0e0): 144
Total 0.0176 seconds to load 1216 cell instances into cellmap, 1216 cells are off site row
Moveable cells: 1216; Application fixed cells: 0; Macro cells: 0; User fixed cells: 0
Average cell width 1.2554, cell height 0.6000, cell area 0.7533 for total 1216 placed and application fixed cells
INFO: total number of constant pins: 667
INFO: constant pins which are scan-pins: 656
INFO: constant pins that are not scan-pins: 11
Completed Timing-driven placement, Elapsed time =   0: 0: 2 
----------------------------------------------------------------
Running legalize_placement
Start Legalization
nplDplc2Placer::setParam(effort,1)
nplDplc2Placer::setParam(debug,0)
nplDplc2Placer::setParam(site_check,2)
nplDplc2Placer::setParam(app_firm_wgt,0)
Warning: Routing direction of metal layer PO is neither "horizontal" nor "vertical".  PDC checks will not be performed on this layer. (PDC-003)
PDC app_options settings =========
	place.legalize.enable_prerouted_net_check: 1
	place.legalize.num_tracks_for_access_check: 1
	place.legalize.use_eol_spacing_for_access_check: 0
	place.legalize.allow_touch_track_for_access_check: 1
	place.legalize.reduce_conservatism_in_eol_check: 0
	place.legalize.preroute_shape_merge_distance: 0.0
	place.legalize.enable_non_preferred_direction_span_check: 0

Layer M1: cached 0 shapes out of 0 total shapes.
Layer M2: cached 0 shapes out of 0 total shapes.
Layer M3: cached 0 shapes out of 0 total shapes.
Cached 0 vias out of 0 total vias.

Legalizing Top Level Design dut_toplevel ... 
Information: Initializing classic cellmap without advanced rules enabled and without PDC enabled
Information: The following app options are used in cellmap
        place.legalize.enable_color_aware_placement : false
        place.legalize.use_nll_query_cm : false
        place.legalize.enable_advanced_legalizer : false
        place.legalize.enable_prerouted_net_check : true
        place.legalize.enable_advanced_prerouted_net_check : false
        place.legalize.always_continue : true
        place.legalize.limit_legality_checks : false
        place.common.pnet_aware_density : 1.0000
        place.common.pnet_aware_min_width : 0.0000
        place.common.pnet_aware_layers : {}
        place.common.use_placement_model : false
        place.common.enable_advanced_placement_model : true
        cts.placement.cell_spacing_rule_style : maximum
Warning: Library cell saed14rvt_frame_timing:SAEDRVT14_ISOFSDPQ_PECO_8.frame is missing supply pins. Its power structure cannot be determined. (LGL-050)
Note - message 'LGL-050' limit (5) exceeded. Remainder will be suppressed.
Total 0.0089 seconds to build cellmap data
Information: Creating classic rule checker.
Warning: Routing direction of metal layer PO is neither "horizontal" nor "vertical".  PDC checks will not be performed on this layer. (PDC-003)
=====> Processed 59 ref cells (23 fillers) from library

Bounds/Regions In This Design:
        Area    Num Cells  Exclusive Name
 (square um)
     1270.51         1214        Yes DEFAULT_VA

Starting legalizer.
Warning: Exclusive bound 'DEFAULT' has no cells.
Optimizing Exclusive Bound 'DEFAULT_VA' (2/2)
    Done Exclusive Bound 'DEFAULT_VA' (2/2) (0 sec)
Legalization complete (0 total sec)

****************************************
  Report : Placement Attempts
  Site   : unit
****************************************

number of cells:                   1214
number of references:                59
number of site rows:                 59
number of locations attempted:    29235
number of locations failed:           0  (0.0%)

Legality of references at locations:
0 references had failures.

Legality of references in rows:
0 references had row failures.

****************************************
  Report : Cell Displacements
****************************************

number of cells aggregated:        1214 (20608 total sites)
avg row height over cells:        0.600 um
rms cell displacement:            0.207 um ( 0.34 row height)
rms weighted cell displacement:   0.207 um ( 0.34 row height)
max cell displacement:            1.200 um ( 2.00 row height)
avg cell displacement:            0.176 um ( 0.29 row height)
avg weighted cell displacement:   0.176 um ( 0.29 row height)
number of cells moved:             1209
number of large displacements:        0
large displacement threshold:     3.000 row height

Displacements of worst 10 cells:
Cell: optlc_587 (SAEDRVT14_TIE0_4)
  Input location: (2.59,3)
  Legal location: (2.59,1.8)
  Displacement:   1.200 um ( 2.00 row height)
Cell: optlc_578 (SAEDRVT14_TIE0_4)
  Input location: (35.076,9.6)
  Legal location: (35.076,10.8)
  Displacement:   1.200 um ( 2.00 row height)
Cell: optlc_593 (SAEDRVT14_TIE0_4)
  Input location: (11.47,33)
  Legal location: (10.656,32.4)
  Displacement:   1.011 um ( 1.69 row height)
Cell: HFSBUF_1752_433 (SAEDRVT14_BUF_S_0P75)
  Input location: (6.3608,10.5229)
  Legal location: (6.364,11.4)
  Displacement:   0.877 um ( 1.46 row height)
Cell: DP_OP_33_12155_941_J1/ctmi_2630 (SAEDRVT14_NR2_1)
  Input location: (12.0107,25.5525)
  Legal location: (11.988,26.4)
  Displacement:   0.848 um ( 1.41 row height)
Cell: phfnr_buf_411 (SAEDRVT14_INV_0P5)
  Input location: (19.0143,3.219)
  Legal location: (19.018,2.4)
  Displacement:   0.819 um ( 1.37 row height)
Cell: DP_OP_33_12155_941_J1/ctmi_2480 (SAEDRVT14_NR2_1)
  Input location: (28.5428,16.9403)
  Legal location: (28.564,16.2)
  Displacement:   0.741 um ( 1.23 row height)
Cell: HFSBUF_4388_431 (SAEDRVT14_BUF_1)
  Input location: (18.268,34.7997)
  Legal location: (18.648,34.2)
  Displacement:   0.710 um ( 1.18 row height)
Cell: optlc_586 (SAEDRVT14_TIE0_4)
  Input location: (2.516,11.4)
  Legal location: (2.146,10.8)
  Displacement:   0.705 um ( 1.17 row height)
Cell: ctmi_2141 (SAEDRVT14_NR2_1)
  Input location: (18.6205,3.5195)
  Legal location: (18.648,4.2)
  Displacement:   0.681 um ( 1.14 row height)

Information: Extraction observers are detached as design net change threshold is reached.
Completed Legalization, Elapsed time =   0: 0: 0 
Moved 1209 out of 1214 cells, ratio = 0.995881
Total displacement = 265.927399(um)
Max displacement = 1.414000(um), optlc_593 (11.470000, 33.000000, 0) => (10.656000, 33.000000, 4)
Displacement histogram:
  0 ~  10% cells displacement <=      0.07(um)
  0 ~  20% cells displacement <=      0.11(um)
  0 ~  30% cells displacement <=      0.14(um)
  0 ~  40% cells displacement <=      0.17(um)
  0 ~  50% cells displacement <=      0.21(um)
  0 ~  60% cells displacement <=      0.24(um)
  0 ~  70% cells displacement <=      0.27(um)
  0 ~  80% cells displacement <=      0.31(um)
  0 ~  90% cells displacement <=      0.36(um)
  0 ~ 100% cells displacement <=      1.41(um)
Information: The net parasitics of block dut_toplevel are cleared. (TIM-123)
Legalization succeeded.
----------------------------------------------------------------
Information: The stitching and editing of coupling caps is turned OFF for design 'dut_toplevel.dlib:dut_toplevel/compile_flow.design'. (TIM-125)
Information: Ending   compile_fusion / final_place / Timing and Congestion Driven Placement with Legalization (FLW-8001)
Information: Time: 2025-05-28 13:39:05 / Session:  00:01:41 / Command:  00:00:05 / CPU:  00:00:17 / Memory: 1290 MB (FLW-8100)
Information: 1 out of 6 LGL-050 messages were not printed due to limit 5 (after 'compile_fusion' at task1.tcl:59) (MSG-3913)

Compile-fusion optimization Phase 12 Iter  1         0.00        0.00      0.00         0        915.00   313320.44        1214              0.03      1290


Compile-fusion optimization complete                 0.00        0.00      0.00         0        915.00   313320.44        1214              0.03      1290
[Tim-Power] Info: Cleared Leakage libCell cache.
Co-efficient Ratio Summary:
4.193421605155  6.578038173730  2.479639287277  7.744187540401  0.485050000353  3.179565833784  5.567214754587  2.894454387461  6.565921217863  9.017937505874  3.135902843683  9.863420096949  6.078244564085  2.744209641123  8.318117704907
9.699225026083  2.464623950064  1.382370221226  9.387184029619  3.142429406669  0.968752789964  6.613180723294  4.146578793224  7.876358918112  2.191135103696  0.994066184744  2.700139930979  3.840571664440  3.750207353169  7.663450942299
6.212201167950  7.759678473967  7.862243056717  0.402387977150  0.032845095897  0.596111512371  4.701287396892  7.205135512169  8.278351398268  1.183725190997  3.365768441994  5.867690228710  7.173915985364  9.669810299761  7.591489447087
7.632106393266  7.679078063326  9.831314288630  1.878805817928  3.230072343539  1.226270037326  7.050450494780  2.403928173631  6.139852544054  4.100210066110  1.205954844270  4.570737140151  5.624999408820  7.826858553678  4.759135518263
5.409027926377  2.609823652834  0.626142538674  6.381676652919  9.187474022495  0.513656796621  5.027570618562  6.119813446103  6.181472312107  1.581675365776  7.417287187722  9.584553956844  2.041848987119  3.921161167338  0.650480782345
9.472458902409  3.368484394994  4.897111549020  6.860149244452  2.000104051691  9.095345907689  2.197041709512  0.915900067443  5.466092308426  8.142690055883  4.638339520849  8.244454281655  3.504991305451  1.682717312888  7.173435818510
9.939562708373  3.617852772683  8.946772637652  1.169969532707  4.529946656262  3.090979409795  5.580726136993  1.131397763510  0.721709625254  7.515947417690  0.670568564996  1.017022530601  5.811630266269  5.826731183342  4.349385392435
0.216216918317  9.612142422527  7.311156782104  0.823519141628  0.356161286693  8.022019569284  2.603132585844  5.024802551363  1.359359521353  5.407563451201  2.835369732133  1.265391549398  0.417881913533  1.833873765081  6.448559837188
4.848373112548  2.936801055033  8.671494124225  4.212305316610  9.007627270112  3.308107178452  5.607471109985  8.514743640423  2.764676979434  9.324216938770  1.582335244512  2.300599799713  0.754706630179  1.961422711696  2.781305441418
3.355375155650  9.437909893602  9.136702642545  9.020209208464  9.978471495117  7.467457734047  3.171274721421  9.815920740044  4.331414637138  0.413524984361  3.330242131369  7.452789695611  1.902948324529  5.623408559547  7.269365108696
3.367403103784  7.093641515702  7.411336156476  6.944246976650  5.239565921087  4.802189647382  3.894401463832  4.531610419342  1.605155657803  8.173730247963  9.218509717168  7.540492437013  0.000474717956  5.833785856721  4.754589389445

Compile-fusion final QoR
________________________
Scenario Mapping Table
1: Normal_Typical

Pathgroup Mapping Table
1: **default**
2: **async_default**
3: **clock_gating_default**
4: **in2reg_default**
5: **reg2out_default**
6: **in2out_default**
7: clk

-------------------------------------------------------------------------------------------------------------------------------------------------------------
PATHGROUP QOR 
-------------------------------------------------------------------------------------------------------------------------------------------------------------
Scene  PG      WNS        TNS    NSV      WHV        THV    NHV
    1   1   0.0000     0.0000      0        -          -      -
    1   2   0.0000     0.0000      0        -          -      -
    1   3   0.0000     0.0000      0        -          -      -
    1   4   0.0000     0.0000      0        -          -      -
    1   5   0.0000     0.0000      0        -          -      -
    1   6   0.0000     0.0000      0        -          -      -
    1   7   0.0000     0.0000      0        -          -      -
----------------------------------------------------------------------------------------------------------------------------------------------------------------------
SCENARIO QOR 
----------------------------------------------------------------------------------------------------------------------------------------------------------------------
Scene  PG      WNS        TNS   R2RTNS    NSV      WHV        THV    NHV  MaxTrnV   MaxTranC  MaxCapV    Leakage
    1   *   0.0000     0.0000   0.0000      0        -          -      -        0     0.0000        0 313320.438
----------------------------------------------------------------------------------------------------------------------------------------------------------------------
DESIGN QOR 
----------------------------------------------------------------------------------------------------------------------------------------------------------------------
Scene  PG      WNS        TNS   R2RTNS    NSV      WHV        THV    NHV  MaxTrnV   MaxTranC  MaxCapV    Leakage         Area    InstCnt     BufCnt     InvCnt
    *   *   0.0000     0.0000   0.0000      0   0.0000     0.0000      0        0     0.0000        0 313320.438       915.00       1214         13         21
----------------------------------------------------------------------------------------------------------------------------------------------------------------------

Compile-fusion final QoR Summary         WNS        TNS   R2RTNS    NSV      WHV        THV    NHV  MaxTrnV  MaxCapV    Leakage         Area    InstCnt
Compile-fusion final QoR Summary      0.0000     0.0000   0.0000      0   0.0000     0.0000      0        0        0 313320.438       915.00       1214

Compile-fusion command complete                CPU:   251 s (  0.07 hr )  ELAPSE:   103 s (  0.03 hr )  MEM-PEAK:  1290 MB
Compile-fusion command statistics  CPU=16 sec (0.00 hr) ELAPSED=5 sec (0.00 hr) MEM-PEAK=1.260 GB
[Tim-Power] Info: Cleared Leakage libCell cache.


Information: Ending   compile_fusion / final_place (FLW-8001)
Information: Time: 2025-05-28 13:39:06 / Session:  00:01:43 / Command:  00:00:06 / CPU:  00:00:19 / Memory: 1290 MB (FLW-8100)

Information: >>>>>>> 6 unique error and warning message tags while observing compile_fusion / final_place: (MSG-3100)
Information: #prnt #trgr #lmt    Tag  Level     Format (or last printed message)                                (MSG-3036)
Information:    28     7  0 ZRT-026   WARNING   Warning: Layer MRDL default pitch 4.000 may be too small to ... (MSG-3032)
Information:     2     2  0 PDC-003   WARNING   Warning: Routing direction of metal layer PO is neither "hor... (MSG-3032)
Information:    20    10  0 ZRT-720   WARNING   Warning: Port  VSS at {{33.702,29.353} {35.932,29.447}} is o... (MSG-3032)
Information:    10     2  0 OPT-070   WARNING   Warning: Cannot find any max transition constraint on the de... (MSG-3032)
Information:    30     2  0 OPT-902   WARNING   Warning: No clock routing rules were specified. Use set_cloc... (MSG-3032)
Information:    25     7  5 LGL-050   WARNING   Warning: Library cell saed14rvt_frame_timing:SAEDRVT14_ISOFS... (MSG-3032)
Information:   115    30  1        6  <------   Total sum of messages (MSG-3038)
Information: >>>>>>> Summary: 30 error&warning MSGs observed during compile_fusion / final_place (MSG-3103)

[Tim-Power] Info: Cleared Leakage libCell cache.
Information: The net parasitics of block dut_toplevel are cleared. (TIM-123)
INFO: End environment monitoring: recipes
INFO: Restored 0 timer status, 3 app options, 0 tcl gvars, 0 env vars
Information: >>>>>>> 11 unique error and warning message tags while observing fusion: (MSG-3100)
Information: #prnt #trgr #lmt    Tag  Level     Format (or last printed message)                                (MSG-3036)
Information:    14     2  0 FLW-2224  WARNING   Warning: Duplicate callback function set for step 'fc/logic_... (MSG-3032)
Information:    95     8  5 SQM-1079  WARNING   Warning: Skipping check for single_bit_degenerate attribute ... (MSG-3032)
Information:    48    13  3 SQM-1067  WARNING   Warning: Mapping to scan cell 'SAEDRVT14_FSDPQ_V2LP_2' in li... (MSG-3032)
Information:   190    16 10 SQM-1061  WARNING   Warning: Cannot infer functionality of libcell 'saed14rvt_fr... (MSG-3032)
Information:    37     1 10 SQM-1053  WARNING   Warning: Found 8 multibit sequential library cells that have... (MSG-3032)
Information:    28     7  0 ZRT-026   WARNING   Warning: Layer MRDL default pitch 4.000 may be too small to ... (MSG-3032)
Information:     2     2  0 PDC-003   WARNING   Warning: Routing direction of metal layer PO is neither "hor... (MSG-3032)
Information:    20    10  0 ZRT-720   WARNING   Warning: Port  VSS at {{33.702,29.353} {35.932,29.447}} is o... (MSG-3032)
Information:    10     3  0 OPT-070   WARNING   Warning: Cannot find any max transition constraint on the de... (MSG-3032)
Information:    30     2  0 OPT-902   WARNING   Warning: No clock routing rules were specified. Use set_cloc... (MSG-3032)
Information:    25     7  5 LGL-050   WARNING   Warning: Library cell saed14rvt_frame_timing:SAEDRVT14_ISOFS... (MSG-3032)
Information:   499    71  5       11  <------   Total sum of messages (MSG-3038)
Information: >>>>>>> Summary: 71 error&warning MSGs observed during fusion (MSG-3103)
Information: Ending   'compile_fusion -from final_place -to final_place' (FLW-8001)
Information: Time: 2025-05-28 13:39:06 / Session:  00:01:43 / Command:  00:00:06 / CPU:  00:00:19 / Memory: 1290 MB (FLW-8100)
Information: Running auto PG connection. (NDM-099)
Generating reports for stage: final_place
[Tim-Power] Info: Cleared Leakage libCell cache.
Generated reports for stage: final_place
compile_and_report final_opto
Information: 850 out of 860 POW-046 messages were not printed due to limit 10 (after 'compile_fusion' at task1.tcl:60) (MSG-3913)
INFO: compile_fusion is running in balanced flow mode.
Information: Starting 'compile_fusion -from final_opto -to final_opto' (FLW-8000)
Information: Time: 2025-05-28 13:39:08 / Session:  00:01:44 / Command:  00:00:00 / CPU:  00:00:00 / Memory: 1290 MB (FLW-8100)
INFO: Start environment monitoring: recipes
INFO: compile_fusion is running in balanced flow mode.
Information: The automatic clock gate timing flow is activated. Clock latencies set on clock gate cells will be automatically adjusted by an estimate for latency. (CGT-4005)
Warning: Duplicate callback function set for step 'fc/logic_opto/dwProcessPrecond1' (FLW-2224)
Warning: Duplicate callback function set for step 'fc/logic_opto/dwProcessPrecond1' (FLW-2224)
INFO: compile_fusion is running in balanced flow mode
Warning: Cannot find any max transition constraint on the design. (OPT-070)
INFO: Leakage Power Aware Optimization Enabled
Information: The automatic clock gate timing flow is activated. Clock latencies set on clock gate cells will be automatically adjusted by an estimate for latency. (CGT-4005)
INFO: EarlyGR flow is not enabled.
.INFO: disable CRPR-based timing. 
Number of Site types in the design = 1
Setting up Chip Core
Chip Core shape: (0 0) (358900 354000)
Number of VARs = 1
Number of unique PDs = 1
Number of Power Domains = 1
Number of Voltage Areas = 1
Number of supply Nets = 2
Number of used supplies = 0
Blocked VAs: 

----------------------------------------------------------------------------------------------------------
Information: Starting compile_fusion / final_opto (FLW-8000)
Information: Time: 2025-05-28 13:39:09 / Session:  00:01:45 / Command:  00:00:00 / CPU:  00:00:00 / Memory: 1290 MB (FLW-8100)
----------------------------------------------------------------------------------------------------------

Information: The net parasitics of block dut_toplevel are cleared. (TIM-123)
Information: The stitching and editing of coupling caps is turned OFF for design 'dut_toplevel.dlib:dut_toplevel/compile_flow.design'. (TIM-125)
Number of Site types in the design = 1
Setting up Chip Core
Chip Core shape: (0 0) (358900 354000)
Number of VARs = 1
Number of unique PDs = 1
Number of Power Domains = 1
Number of Voltage Areas = 1
Number of supply Nets = 2
Number of used supplies = 0
Blocked VAs: 

Information: Starting compile_fusion / final_opto / Optimization (1) (FLW-8000)
Information: Time: 2025-05-28 13:39:09 / Session:  00:01:45 / Command:  00:00:01 / CPU:  00:00:01 / Memory: 1290 MB (FLW-8100)

Compile-fusion optimization Phase 4 Iter  1          0.00        0.00      0.00         0        915.00   312463.66        1214              0.03      1290
Warning: To enable pin track alignment feature, the advanced legalizer has to be turned on using app option "place.legalize.enable_advanced_legalizer".
Warning: Pin track alignment feature will be disabled in this run
Information: Initializing classic cellmap without advanced rules enabled and without PDC enabled
Information: The following app options are used in cellmap
        place.legalize.enable_color_aware_placement : false
        place.legalize.use_nll_query_cm : false
        place.legalize.enable_advanced_legalizer : false
        place.legalize.enable_prerouted_net_check : true
        place.legalize.enable_advanced_prerouted_net_check : false
        place.legalize.always_continue : true
        place.legalize.limit_legality_checks : false
        place.common.pnet_aware_density : 1.0000
        place.common.pnet_aware_min_width : 0.0000
        place.common.pnet_aware_layers : {}
        place.common.use_placement_model : false
        place.common.enable_advanced_placement_model : true
        cts.placement.cell_spacing_rule_style : maximum
Warning: Library cell saed14rvt_frame_timing:SAEDRVT14_ISOFSDPQ_PECO_8.frame is missing supply pins. Its power structure cannot be determined. (LGL-050)
Warning: Library cell saed14rvt_frame_timing:SAEDRVT14_DCAP_PV1ECO_12.frame is missing supply pins. Its power structure cannot be determined. (LGL-050)
Total 0.0079 seconds to build cellmap data
Snapped 1214 standard cells to the nearest cellrow to improve the accuracy of congestion analysis.
Running GR for RDE Capture
Generating Timing information  
Design  Scenario Normal_Typical (Mode Normal Corner Typical)
Generating Timing information  ... Done
Information: The net parasitics of block dut_toplevel are cleared. (TIM-123)
[End of Generating Timing Information] Elapsed real time: 0:00:00 
[End of Generating Timing Information] Elapsed cpu  time: sys=0:00:00 usr=0:00:00 total=0:00:01
Start Global Route ... 
[Init] Elapsed real time: 0:00:00 
[Init] Elapsed cpu  time: sys=0:00:00 usr=0:00:00 total=0:00:00
[Init] Stage (MB): Used    0  Alloctr    0  Proc    0 
[Init] Total (MB): Used    7  Alloctr    8  Proc 6061 
Printing options for 'route.common.*'

Printing options for 'route.global.*'
global.deterministic                                    :	 on                  
global.effort_level                                     :	 medium              
global.timing_driven                                    :	 true                

Begin global routing.
Cell Min-Routing-Layer = M1
Cell Max-Routing-Layer = MRDL
Turn off antenna since no rule is specified
Information: Option route.detail.force_end_on_preferred_grid will be ignored since none of the layers have preferred grid. (ZRT-703)
Skipping 1 internal pins that are not physical. Set route.common.verbose_level to > 0 and run routing command to get skipped pin names.
Info: number of net_type_blockage: 0 
Information: Via ladder engine would be activated for pattern must join connection in certain commands. Please refer to man-page for the command list. (ZRT-619)
Warning: Port  VDD at {{31.482,-0.047} {33.712,0.047}} is out of boundary. Cannot be routed. (ZRT-720)
Warning: Port  VDD at {{29.262,-0.047} {31.492,0.047}} is out of boundary. Cannot be routed. (ZRT-720)
Warning: Port  VDD at {{16.608,-0.047} {17.062,0.050}} is out of boundary. Cannot be routed. (ZRT-720)
Warning: Port  VDD at {{24.896,-0.047} {27.126,0.047}} is out of boundary. Cannot be routed. (ZRT-720)
Warning: Port  VDD at {{22.750,-0.047} {24.980,0.047}} is out of boundary. Cannot be routed. (ZRT-720)
Warning: Port  VDD at {{19.124,-0.047} {21.354,0.047}} is out of boundary. Cannot be routed. (ZRT-720)
Warning: Port  VDD at {{16.978,-0.047} {19.208,0.047}} is out of boundary. Cannot be routed. (ZRT-720)
Warning: Port  VDD at {{14.388,-0.047} {16.618,0.047}} is out of boundary. Cannot be routed. (ZRT-720)
Warning: Port  VDD at {{12.242,-0.047} {14.472,0.047}} is out of boundary. Cannot be routed. (ZRT-720)
Warning: Port  VDD at {{33.702,31.153} {35.932,31.247}} is out of boundary. Cannot be routed. (ZRT-720)
Skipping 126 ectangle_only route guides because they don't cover the design boundary in the layer's  preferred direction.
Via on layer (VIA1) needs more than one tracks
Warning: Layer M1 default pitch 0.074 may be too small to handle up/down via. Note, that minimum requirements are "wire/via-down 0.074" & "wire/via-up 0.078". (ZRT-026)
Via on layer (VIA1) needs more than one tracks
Warning: Layer M2 default pitch 0.060 may be too small to handle up/down via. Note, that minimum requirements are "wire/via-down 0.078" & "wire/via-up 0.060". (ZRT-026)
Via on layer (VIA4) needs more than one tracks
Warning: Layer M5 default pitch 0.100 may be too small to handle up/down via. Note, that minimum requirements are "wire/via-down 0.125" & "wire/via-up 0.100". (ZRT-026)
Via on layer (VIA7) needs more than one tracks
Warning: Layer M7 default pitch 0.100 may be too small to handle up/down via. Note, that minimum requirements are "wire/via-down 0.100" & "wire/via-up 0.107". (ZRT-026)
Wire on layer (M8) needs more than one tracks
Via on layer (VIA7) needs more than one tracks
Via on layer (VIA8) needs more than one tracks
Warning: Layer M8 default pitch 0.100 may be too small to handle up/down via. Note, that minimum requirements are "wire/via-down 0.107" & "wire/via-up 0.135". (ZRT-026)
Wire on layer (M9) needs more than one tracks
Via on layer (VIA8) needs more than one tracks
Via on layer (VIARDL) needs more than one tracks
Warning: Layer M9 default pitch 0.100 may be too small to handle up/down via. Note, that minimum requirements are "wire/via-down 0.135" & "wire/via-up 1.570". (ZRT-026)
Via on layer (VIARDL) needs more than one tracks
Warning: Layer MRDL default pitch 4.000 may be too small to handle up/down via. Note, that minimum requirements are "wire/via-down 4.500" & "wire/via-up 4.000". (ZRT-026)
Transition layer name: M7(6)
Transition layer name: M8(7)
Information: When applicable Min-max layer allow_pin_connection mode will allow paths of length 0.90 outside the layer range. (ZRT-707)
Information: When applicable Min-max layer allow_pin_connection mode will allow paths of length 0.90 outside the layer range on clock nets. (ZRT-718)
Information: When applicable layer based tapering will taper up to 0.00 in distance from the pin. (ZRT-706)
Warning: Standard cell pin SAEDRVT14_ADDH_0P5/CO has no valid via regions. (ZRT-044)
Current Stage stats:
[End of Read DB] Elapsed real time: 0:00:00 
[End of Read DB] Elapsed cpu  time: sys=0:00:00 usr=0:00:00 total=0:00:00
[End of Read DB] Stage (MB): Used   30  Alloctr   31  Proc  -32 
[End of Read DB] Total (MB): Used   37  Alloctr   39  Proc 6029 
Loading timing information to the router from design
Timing information loaded to the router.
[End of Loading Timing] Elapsed real time: 0:00:00 
[End of Loading Timing] Elapsed cpu  time: sys=0:00:00 usr=0:00:00 total=0:00:00
Constructing data structure ...
Design statistics:
Design Bounding Box (0.00um,0.00um,35.89um,35.40um)
Number of routing layers = 10
layer M1, dir Ver, min width = 0.034um, min space = 0.026um pitch = 0.074um
layer M2, dir Hor, min width = 0.034um, min space = 0.026um pitch = 0.06um
layer M3, dir Ver, min width = 0.034um, min space = 0.026um pitch = 0.074um
layer M4, dir Hor, min width = 0.06um, min space = 0.04um pitch = 0.1um
layer M5, dir Ver, min width = 0.06um, min space = 0.04um pitch = 0.1um
layer M6, dir Hor, min width = 0.06um, min space = 0.04um pitch = 0.1um
layer M7, dir Ver, min width = 0.06um, min space = 0.04um pitch = 0.1um
layer M8, dir Hor, min width = 0.06um, min space = 0.04um pitch = 0.1um
layer M9, dir Ver, min width = 0.06um, min space = 0.04um pitch = 0.1um
layer MRDL, dir Hor, min width = 2um, min space = 2um pitch = 4um
Current Stage stats:
[End of Build Tech Data] Elapsed real time: 0:00:00 
[End of Build Tech Data] Elapsed cpu  time: sys=0:00:00 usr=0:00:00 total=0:00:00
[End of Build Tech Data] Stage (MB): Used    0  Alloctr    0  Proc    0 
[End of Build Tech Data] Total (MB): Used   39  Alloctr   40  Proc 6029 
Net statistics:
Total number of nets     = 1646
Number of nets to route  = 1643
3 nets are fully connected,
 of which 3 are detail routed and 0 are global routed.
Net length statistics: 
Net Count(Ignore Fully Rted) 1643, Total Half Perimeter Wire Length (HPWL) 8710 microns
HPWL   0 ~   50 microns: Net Count     1640	Total HPWL         8555 microns
HPWL  50 ~  100 microns: Net Count        3	Total HPWL          155 microns
HPWL 100 ~  200 microns: Net Count        0	Total HPWL            0 microns
HPWL 200 ~  300 microns: Net Count        0	Total HPWL            0 microns
HPWL 300 ~  400 microns: Net Count        0	Total HPWL            0 microns
HPWL 400 ~  500 microns: Net Count        0	Total HPWL            0 microns
HPWL 500 ~  600 microns: Net Count        0	Total HPWL            0 microns
HPWL 600 ~  700 microns: Net Count        0	Total HPWL            0 microns
HPWL 700 ~  800 microns: Net Count        0	Total HPWL            0 microns
HPWL 800 ~  900 microns: Net Count        0	Total HPWL            0 microns
HPWL 900 ~ 1000 microns: Net Count        0	Total HPWL            0 microns
HPWL     > 1000 microns: Net Count        0	Total HPWL            0 microns
Current Stage stats:
[End of Build All Nets] Elapsed real time: 0:00:00 
[End of Build All Nets] Elapsed cpu  time: sys=0:00:00 usr=0:00:00 total=0:00:00
[End of Build All Nets] Stage (MB): Used    1  Alloctr    1  Proc    0 
[End of Build All Nets] Total (MB): Used   40  Alloctr   42  Proc 6029 
Number of partitions: 1 (1 x 1)
Size of partitions: 60 gCells x 59 gCells
Average gCell capacity  0.20	 on layer (1)	 M1
Average gCell capacity  7.72	 on layer (2)	 M2
Average gCell capacity  8.04	 on layer (3)	 M3
Average gCell capacity  5.98	 on layer (4)	 M4
Average gCell capacity  5.95	 on layer (5)	 M5
Average gCell capacity  5.98	 on layer (6)	 M6
Average gCell capacity  5.95	 on layer (7)	 M7
Average gCell capacity  5.98	 on layer (8)	 M8
Average gCell capacity  5.95	 on layer (9)	 M9
Average gCell capacity  0.12	 on layer (10)	 MRDL
Average number of tracks per gCell 8.10	 on layer (1)	 M1
Average number of tracks per gCell 10.02	 on layer (2)	 M2
Average number of tracks per gCell 8.10	 on layer (3)	 M3
Average number of tracks per gCell 6.02	 on layer (4)	 M4
Average number of tracks per gCell 5.98	 on layer (5)	 M5
Average number of tracks per gCell 6.02	 on layer (6)	 M6
Average number of tracks per gCell 5.98	 on layer (7)	 M7
Average number of tracks per gCell 6.02	 on layer (8)	 M8
Average number of tracks per gCell 5.98	 on layer (9)	 M9
Average number of tracks per gCell 0.15	 on layer (10)	 MRDL
Number of gCells = 35400
Current Stage stats:
[End of Build Congestion Map] Elapsed real time: 0:00:00 
[End of Build Congestion Map] Elapsed cpu  time: sys=0:00:00 usr=0:00:00 total=0:00:00
[End of Build Congestion Map] Stage (MB): Used    1  Alloctr    1  Proc    0 
[End of Build Congestion Map] Total (MB): Used   41  Alloctr   43  Proc 6029 
Number of partitions: 1 (1 x 1)
Size of partitions: 60 gCells x 59 gCells
Current Stage stats:
[End of Add Nets Demand] Elapsed real time: 0:00:00 
[End of Add Nets Demand] Elapsed cpu  time: sys=0:00:00 usr=0:00:00 total=0:00:00
[End of Add Nets Demand] Stage (MB): Used    0  Alloctr    0  Proc    0 
[End of Add Nets Demand] Total (MB): Used   42  Alloctr   44  Proc 6029 
Number of user frozen nets = 0
Timing criticality report: total 3 (0.18)% critical nets.
   Number of criticality 3 nets = 3 (0.18)%
Information: RC layer preference is turned on for this design. (ZRT-613)
Total stats:
[End of Build Data] Elapsed real time: 0:00:00 
[End of Build Data] Elapsed cpu  time: sys=0:00:00 usr=0:00:00 total=0:00:00
[End of Build Data] Stage (MB): Used    3  Alloctr    4  Proc    0 
[End of Build Data] Total (MB): Used   42  Alloctr   44  Proc 6029 
Number of partitions: 1 (1 x 1)
Size of partitions: 60 gCells x 59 gCells
Current Stage stats:
[End of Blocked Pin Detection] Elapsed real time: 0:00:00 
[End of Blocked Pin Detection] Elapsed cpu  time: sys=0:00:00 usr=0:00:00 total=0:00:00
[End of Blocked Pin Detection] Stage (MB): Used  104  Alloctr  104  Proc    0 
[End of Blocked Pin Detection] Total (MB): Used  146  Alloctr  148  Proc 6029 
Information: Using 12 threads for routing. (ZRT-444)
Information: Multiple gcell levels ON
Information: Buffer distance is estimated to be ~271.0000um (451 gCells)

Start GR phase 0
Number of partitions: 1 (1 x 1)
Size of partitions: 60 gCells x 59 gCells
[rtAllBotParts] Elapsed real time: 0:00:00 
[rtAllBotParts] Elapsed cpu  time: sys=0:00:00 usr=0:00:00 total=0:00:00
[rtTop] Elapsed real time: 0:00:00 
[rtTop] Elapsed cpu  time: sys=0:00:00 usr=0:00:00 total=0:00:00
Current Stage stats:
[End of Initial Routing] Elapsed real time: 0:00:00 
[End of Initial Routing] Elapsed cpu  time: sys=0:00:00 usr=0:00:00 total=0:00:00
[End of Initial Routing] Stage (MB): Used    0  Alloctr    0  Proc    0 
[End of Initial Routing] Total (MB): Used  147  Alloctr  149  Proc 6029 
Initial. Routing result:
Initial. Both Dirs: Dmd-Cap  =     0 Max = 0 GRCs =     0 (0.00%)
Initial. H routing: Dmd-Cap  =     0 Max = 0 (GRCs =  0) GRCs =     0 (0.00%)
Initial. V routing: Dmd-Cap  =     0 Max = 0 (GRCs =  0) GRCs =     0 (0.00%)
Initial. Both Dirs: Overflow =    31 Max = 4 GRCs =    37 (0.52%)
Initial. H routing: Overflow =    23 Max = 4 (GRCs =  2) GRCs =    22 (0.62%)
Initial. V routing: Overflow =     8 Max = 3 (GRCs =  1) GRCs =    15 (0.42%)
Initial. M1         Overflow =     0 Max = 0 (GRCs =  0) GRCs =     0 (0.00%)
Initial. M2         Overflow =    23 Max = 4 (GRCs =  2) GRCs =    22 (0.62%)
Initial. M3         Overflow =     8 Max = 3 (GRCs =  1) GRCs =    15 (0.42%)
Initial. M4         Overflow =     0 Max = 0 (GRCs =  0) GRCs =     0 (0.00%)
Initial. M5         Overflow =     0 Max = 0 (GRCs =  0) GRCs =     0 (0.00%)
Initial. M6         Overflow =     0 Max = 0 (GRCs =  0) GRCs =     0 (0.00%)
Initial. M7         Overflow =     0 Max = 0 (GRCs =  0) GRCs =     0 (0.00%)
Initial. M8         Overflow =     0 Max = 0 (GRCs =  0) GRCs =     0 (0.00%)
Initial. M9         Overflow =     0 Max = 0 (GRCs =  0) GRCs =     0 (0.00%)
Initial. MRDL       Overflow =     0 Max = 0 (GRCs =  0) GRCs =     0 (0.00%)


Density distribution:
Layer    0.0  0.1  0.2  0.3  0.4  0.5  0.6  0.7  0.8  0.9  1.0  1.1  1.2  > 1.2 
M1       99.8 0.08 0.00 0.06 0.00 0.00 0.00 0.00 0.00 0.00 0.00 0.00 0.00 0.00
M2       21.8 30.5 7.74 16.6 3.56 7.68 4.75 3.14 2.40 0.79 0.59 0.11 0.03 0.14
M3       4.58 12.6 20.3 23.1 1.84 19.2 11.0 4.80 1.98 0.00 0.40 0.00 0.03 0.00
M4       63.8 30.0 0.00 5.37 0.00 0.68 0.03 0.00 0.00 0.00 0.00 0.00 0.00 0.00
M5       67.8 25.5 0.00 6.44 0.00 0.11 0.00 0.00 0.00 0.00 0.00 0.00 0.00 0.00
M6       100. 0.00 0.00 0.00 0.00 0.00 0.00 0.00 0.00 0.00 0.00 0.00 0.00 0.00
M7       100. 0.00 0.00 0.00 0.00 0.00 0.00 0.00 0.00 0.00 0.00 0.00 0.00 0.00
M8       100. 0.00 0.00 0.00 0.00 0.00 0.00 0.00 0.00 0.00 0.00 0.00 0.00 0.00
M9       100. 0.00 0.00 0.00 0.00 0.00 0.00 0.00 0.00 0.00 0.00 0.00 0.00 0.00
MRDL     100. 0.00 0.00 0.00 0.00 0.00 0.00 0.00 0.00 0.00 0.00 0.00 0.00 0.00
Total    75.8 9.89 2.81 5.17 0.54 2.77 1.58 0.79 0.44 0.08 0.10 0.01 0.01 0.01


Initial. Total Wire Length = 8454.09
Initial. Layer M1 wire length = 2.10
Initial. Layer M2 wire length = 2703.28
Initial. Layer M3 wire length = 4161.87
Initial. Layer M4 wire length = 794.49
Initial. Layer M5 wire length = 792.35
Initial. Layer M6 wire length = 0.00
Initial. Layer M7 wire length = 0.00
Initial. Layer M8 wire length = 0.00
Initial. Layer M9 wire length = 0.00
Initial. Layer MRDL wire length = 0.00
Initial. Total Number of Contacts = 8417
Initial. Via VIA1_Base count = 2816
Initial. Via VIA2_Base count = 5208
Initial. Via VIA34SQ_C count = 294
Initial. Via VIA4SQ count = 99
Initial. Via VIA5SQ_C count = 0
Initial. Via VIA67SQ_C count = 0
Initial. Via VIA78SQ_C count = 0
Initial. Via VIA89_C count = 0
Initial. Via VIA9RDL count = 0
Initial. completed.

Start GR phase 1
Wed May 28 13:39:09 2025
Number of partitions: 1 (1 x 1)
Size of partitions: 60 gCells x 59 gCells
[rtAllParts] Elapsed real time: 0:00:00 
[rtAllParts] Elapsed cpu  time: sys=0:00:00 usr=0:00:00 total=0:00:00
Current Stage stats:
[End of Phase1 Routing] Elapsed real time: 0:00:00 
[End of Phase1 Routing] Elapsed cpu  time: sys=0:00:00 usr=0:00:00 total=0:00:00
[End of Phase1 Routing] Stage (MB): Used    0  Alloctr    0  Proc    0 
[End of Phase1 Routing] Total (MB): Used  147  Alloctr  149  Proc 6029 
phase1. Routing result:
phase1. Both Dirs: Dmd-Cap  =     0 Max = 0 GRCs =     0 (0.00%)
phase1. H routing: Dmd-Cap  =     0 Max = 0 (GRCs =  0) GRCs =     0 (0.00%)
phase1. V routing: Dmd-Cap  =     0 Max = 0 (GRCs =  0) GRCs =     0 (0.00%)
phase1. Both Dirs: Overflow =    20 Max = 6 GRCs =    17 (0.24%)
phase1. H routing: Overflow =    20 Max = 6 (GRCs =  1) GRCs =    17 (0.48%)
phase1. V routing: Overflow =     0 Max = 0 (GRCs =  0) GRCs =     0 (0.00%)
phase1. M1         Overflow =     0 Max = 0 (GRCs =  0) GRCs =     0 (0.00%)
phase1. M2         Overflow =    20 Max = 6 (GRCs =  1) GRCs =    17 (0.48%)
phase1. M3         Overflow =     0 Max = 0 (GRCs =  0) GRCs =     0 (0.00%)
phase1. M4         Overflow =     0 Max = 0 (GRCs =  0) GRCs =     0 (0.00%)
phase1. M5         Overflow =     0 Max = 0 (GRCs =  0) GRCs =     0 (0.00%)
phase1. M6         Overflow =     0 Max = 0 (GRCs =  0) GRCs =     0 (0.00%)
phase1. M7         Overflow =     0 Max = 0 (GRCs =  0) GRCs =     0 (0.00%)
phase1. M8         Overflow =     0 Max = 0 (GRCs =  0) GRCs =     0 (0.00%)
phase1. M9         Overflow =     0 Max = 0 (GRCs =  0) GRCs =     0 (0.00%)
phase1. MRDL       Overflow =     0 Max = 0 (GRCs =  0) GRCs =     0 (0.00%)


Density distribution:
Layer    0.0  0.1  0.2  0.3  0.4  0.5  0.6  0.7  0.8  0.9  1.0  1.1  1.2  > 1.2 
M1       99.8 0.08 0.00 0.06 0.00 0.00 0.00 0.00 0.00 0.00 0.00 0.00 0.00 0.00
M2       21.8 30.7 7.71 16.7 3.59 7.74 4.55 3.31 2.29 0.73 0.56 0.08 0.03 0.08
M3       4.55 12.9 20.4 23.3 1.89 19.1 10.8 5.00 1.86 0.00 0.00 0.00 0.00 0.00
M4       62.9 29.6 0.00 6.16 0.00 1.07 0.11 0.00 0.00 0.00 0.00 0.00 0.00 0.00
M5       66.9 25.2 0.00 7.32 0.00 0.48 0.06 0.00 0.00 0.00 0.00 0.00 0.00 0.00
M6       99.9 0.06 0.00 0.00 0.00 0.00 0.00 0.00 0.00 0.00 0.00 0.00 0.00 0.00
M7       99.0 0.99 0.00 0.00 0.00 0.00 0.00 0.00 0.00 0.00 0.00 0.00 0.00 0.00
M8       100. 0.00 0.00 0.00 0.00 0.00 0.00 0.00 0.00 0.00 0.00 0.00 0.00 0.00
M9       100. 0.00 0.00 0.00 0.00 0.00 0.00 0.00 0.00 0.00 0.00 0.00 0.00 0.00
MRDL     100. 0.00 0.00 0.00 0.00 0.00 0.00 0.00 0.00 0.00 0.00 0.00 0.00 0.00
Total    75.5 9.97 2.82 5.36 0.55 2.84 1.56 0.83 0.42 0.07 0.06 0.01 0.00 0.01


phase1. Total Wire Length = 8464.56
phase1. Layer M1 wire length = 2.10
phase1. Layer M2 wire length = 2670.44
phase1. Layer M3 wire length = 4088.56
phase1. Layer M4 wire length = 838.69
phase1. Layer M5 wire length = 844.61
phase1. Layer M6 wire length = 0.00
phase1. Layer M7 wire length = 20.17
phase1. Layer M8 wire length = 0.00
phase1. Layer M9 wire length = 0.00
phase1. Layer MRDL wire length = 0.00
phase1. Total Number of Contacts = 8475
phase1. Via VIA1_Base count = 2816
phase1. Via VIA2_Base count = 5209
phase1. Via VIA34SQ_C count = 331
phase1. Via VIA4SQ count = 115
phase1. Via VIA5SQ_C count = 2
phase1. Via VIA67SQ_C count = 2
phase1. Via VIA78SQ_C count = 0
phase1. Via VIA89_C count = 0
phase1. Via VIA9RDL count = 0
phase1. completed.
[End of Whole Chip Routing] Elapsed real time: 0:00:00 
[End of Whole Chip Routing] Elapsed cpu  time: sys=0:00:00 usr=0:00:00 total=0:00:00
[End of Whole Chip Routing] Stage (MB): Used  108  Alloctr  109  Proc    0 
[End of Whole Chip Routing] Total (MB): Used  146  Alloctr  149  Proc 6029 

Congestion utilization per direction:
Average vertical track utilization   = 16.89 %
Peak    vertical track utilization   = 53.85 %
Average horizontal track utilization = 13.44 %
Peak    horizontal track utilization = 60.71 %

[End of Global Routing] Elapsed real time: 0:00:00 
[End of Global Routing] Elapsed cpu  time: sys=0:00:00 usr=0:00:00 total=0:00:00
[End of Global Routing] Stage (MB): Used  107  Alloctr  108  Proc    0 
[End of Global Routing] Total (MB): Used  146  Alloctr  148  Proc 6029 
Updating the database ...
Updating congestion ...
Information: Extraction observers are detached as design net change threshold is reached.
[End of dbOut] Elapsed real time: 0:00:00 
[End of dbOut] Elapsed cpu  time: sys=0:00:00 usr=0:00:00 total=0:00:00
[End of dbOut] Stage (MB): Used  -31  Alloctr  -31  Proc    0 
[End of dbOut] Total (MB): Used   36  Alloctr   37  Proc 6029 
time.estimate_sized_nets true
Doing RDE Capture
Information: Freeing timing information from routing. (ZRT-574)
Information: Design dut_toplevel has 1646 nets, 1643 global routed, 0 detail routed. (NEX-024)
Information: The stitching and editing of coupling caps is turned OFF for design 'dut_toplevel.dlib:dut_toplevel/compile_flow.design'. (TIM-125)

RDE Information
RDE Design         : dut_toplevel.dlib:dut_toplevel/compile_flow.design
RDE Module         : dut_toplevel
RDE TechName       : nomTLU
RDE Version        : 1.90
Product Version    : fc V-2023.12 Nov 23, 2023
No. of Res Corners : 1
No. of Cap Corners : 1
RDE Capture Stage  : NONE
RDE Capture DB     : GR
Max layer ID       : 10
Max via layer ID   : 9
DB1                : 10000
gCell Size         : 2.3375 um
Merge Fanout       : 1
Via Model          : 3
large Gcell Grid   : 0
Disable clock capture       : 1
RDE congestion map          : (-8320, -8320 -> 367220, 362320)
RDE Effort Level            : medium
RDE Layer Length Adjustment : false
RDE from                    : CAPTURE
Information: The stitching and editing of coupling caps is turned OFF for design 'dut_toplevel.dlib:dut_toplevel/compile_flow.design'. (TIM-125)

Warning: Cannot find any max transition constraint on the design. (OPT-070)
Info: update em.

Compile-fusion timing update complete          CPU:   265 s (  0.07 hr )  ELAPSE:   107 s (  0.03 hr )  MEM-PEAK:  1290 MB

Compile-fusion initial QoR
__________________________
Scenario Mapping Table
1: Normal_Typical

Pathgroup Mapping Table
1: **default**
2: **async_default**
3: **clock_gating_default**
4: **in2reg_default**
5: **reg2out_default**
6: **in2out_default**
7: clk

-------------------------------------------------------------------------------------------------------------------------------------------------------------
PATHGROUP QOR 
-------------------------------------------------------------------------------------------------------------------------------------------------------------
Scene  PG      WNS        TNS    NSV      WHV        THV    NHV
    1   1   0.0000     0.0000      0        -          -      -
    1   2   0.0000     0.0000      0        -          -      -
    1   3   0.0000     0.0000      0        -          -      -
    1   4   0.0000     0.0000      0        -          -      -
    1   5   0.0000     0.0000      0        -          -      -
    1   6   0.0000     0.0000      0        -          -      -
    1   7   0.0000     0.0000      0        -          -      -
----------------------------------------------------------------------------------------------------------------------------------------------------------------------
SCENARIO QOR 
----------------------------------------------------------------------------------------------------------------------------------------------------------------------
Scene  PG      WNS        TNS   R2RTNS    NSV      WHV        THV    NHV  MaxTrnV   MaxTranC  MaxCapV    Leakage
    1   *   0.0000     0.0000   0.0000      0        -          -      -        0     0.0000        0 312463.656
----------------------------------------------------------------------------------------------------------------------------------------------------------------------
DESIGN QOR 
----------------------------------------------------------------------------------------------------------------------------------------------------------------------
Scene  PG      WNS        TNS   R2RTNS    NSV      WHV        THV    NHV  MaxTrnV   MaxTranC  MaxCapV    Leakage         Area    InstCnt     BufCnt     InvCnt
    *   *   0.0000     0.0000   0.0000      0   0.0000     0.0000      0        0     0.0000        0 312463.656       915.00       1214         13         21
----------------------------------------------------------------------------------------------------------------------------------------------------------------------

Compile-fusion initial QoR Summary       WNS        TNS   R2RTNS    NSV      WHV        THV    NHV  MaxTrnV  MaxCapV    Leakage         Area    InstCnt
Compile-fusion initial QoR Summary    0.0000     0.0000   0.0000      0   0.0000     0.0000      0        0        0 312463.656       915.00       1214
Information: The netlist change observers are disabled for incremental extraction. (TIM-126)
INFO: using 12 threads
Compile-fusion initialization complete         CPU:   271 s (  0.08 hr )  ELAPSE:   107 s (  0.03 hr )  MEM-PEAK:  1290 MB
Compile-fusion optimization summary            SETUP-COST    R2R-COST HOLD-COST LDRC-COST          AREA     LEAKAGE     INSTCNT            ELAPSE       MEM
Warning: Cannot find any max transition constraint on the design. (OPT-070)
Information: The netlist change observers are enabled for incremental extraction. (TIM-127)

Information: Initializing classic cellmap without advanced rules enabled and without PDC enabled
Information: The following app options are used in cellmap
        place.legalize.enable_color_aware_placement : false
        place.legalize.use_nll_query_cm : false
        place.legalize.enable_advanced_legalizer : false
        place.legalize.enable_prerouted_net_check : true
        place.legalize.enable_advanced_prerouted_net_check : false
        place.legalize.always_continue : true
        place.legalize.limit_legality_checks : false
        place.common.pnet_aware_density : 1.0000
        place.common.pnet_aware_min_width : 0.0000
        place.common.pnet_aware_layers : {}
        place.common.use_placement_model : false
        place.common.enable_advanced_placement_model : true
        cts.placement.cell_spacing_rule_style : maximum
Warning: Library cell saed14rvt_frame_timing:SAEDRVT14_ISOFSDPQ_PECO_8.frame is missing supply pins. Its power structure cannot be determined. (LGL-050)
Warning: Library cell saed14rvt_frame_timing:SAEDRVT14_DCAP_PV1ECO_12.frame is missing supply pins. Its power structure cannot be determined. (LGL-050)
Total 0.0083 seconds to build cellmap data
INFO: creating 20(r) x 20(c) GridCells YDim 1.8 XDim 1.8
INFO: number of GridCells (0xdff71e30): 400
INFO: creating 20(r) x 20(c) GridCells YDim 1.8 XDim 1.8
INFO: number of GridCells (0xdff71e30): 400
Total 0.0142 seconds to load 1214 cell instances into cellmap
Moveable cells: 1214; Application fixed cells: 0; Macro cells: 0; User fixed cells: 0
Average cell width 1.2562, cell height 0.6000, cell area 0.7537 for total 1214 placed and application fixed cells
Compile-fusion optimization Phase 6 Iter  1          0.00        0.00      0.00         0        915.00   312463.66        1214              0.03      1290
Isolated 0 ports, skipped 0 ports
Already Isolated 0 ports, Deleted 0 existing Isolation cells 

Compile-fusion optimization Phase 7 Iter  1          0.00        0.00      0.00         0        915.00   312463.66        1214              0.03      1290
Corner Scaling is off, multiplier is 1.000000
Corner Scaling is off, multiplier is 1.000000
Using default layer M4
new cutoff lpd: 4.05079e-07
corner scaling: maxCornerId = 1
corner=Typical, tran factor=1.000000 (0.030008 / 0.030008)
bmap: stepx = stepy = 30000
creating bmap
DB units per micron : 10000
INFO: New Levelizer turned on
Compile-fusion optimization Phase 7 Iter  2          0.00        0.00      0.00         0        915.00   312463.66        1214              0.03      1290

CCL: Total Usage Adjustment : 1
INFO: Derive row count 14 from GR congestion map (59/4)
INFO: Derive col count 15 from GR congestion map (60/4)
Convert timing mode ...
Compile-fusion optimization Phase 8 Iter  1          0.00        0.00      0.00         0        915.00   312463.66        1214              0.03      1290
Number of Site types in the design = 1
INFO: Skipping activation of hold scenarios prior to CUS.
CCD app option: ccd.targeted_ccd_path_groups:  **clock_gating_default**
Target path group: scenario Normal_Typical pathgroup **clock_gating_default**
Information: CCD will use corner Typical for honoring max prepone/postpone limits

Summary of messages during CTS:
===============================================================
  Tag   Count  Type           Description
---------------------------------------------------------------
 No error or warning message.
Warning: No clock routing rules were specified. Use set_clock_routing_rules to specify routing rules for accurate clock latency estimation. (OPT-902)
Warning: No clock routing rules were specified. Use set_clock_routing_rules to specify routing rules for accurate clock latency estimation. (OPT-902)
Information: Estimating clock gate latencies for scenario 'Normal_Typical'. (OPT-909)
INFO: Skipping deactivation of hold scenarios after CUS.
Number of Site types in the design = 1
Compile-fusion optimization Phase 8 Iter  2          0.00        0.00      0.00         0        915.00   313320.44        1214              0.03      1290
Compile-fusion optimization Phase 8 Iter  3          0.00        0.00      0.00         0        915.00   313320.44        1214              0.03      1290
Compile-fusion optimization Phase 8 Iter  4          0.00        0.00      0.00         0        915.00   313320.44        1214              0.03      1290
Compile-fusion optimization Phase 8 Iter  5          0.00        0.00      0.00         0        915.00   313320.44        1214              0.03      1290
Number of Site types in the design = 1
INFO: Skipping activation of hold scenarios prior to CUS.
CCD app option: ccd.targeted_ccd_path_groups:  **clock_gating_default**
Target path group: scenario Normal_Typical pathgroup **clock_gating_default**
Information: CCD will use corner Typical for honoring max prepone/postpone limits

Summary of messages during CTS:
===============================================================
  Tag   Count  Type           Description
---------------------------------------------------------------
 No error or warning message.
Warning: No clock routing rules were specified. Use set_clock_routing_rules to specify routing rules for accurate clock latency estimation. (OPT-902)
Warning: No clock routing rules were specified. Use set_clock_routing_rules to specify routing rules for accurate clock latency estimation. (OPT-902)
Information: Estimating clock gate latencies for scenario 'Normal_Typical'. (OPT-909)
INFO: Skipping deactivation of hold scenarios after CUS.
Number of Site types in the design = 1
Compile-fusion optimization Phase 8 Iter  6          0.00        0.00      0.00         0        915.00   313320.44        1214              0.03      1290
Corner Scaling is off, multiplier is 1.000000
Using default layer M4
new cutoff lpd: 4.05079e-07
corner scaling: maxCornerId = 1
corner=Typical, tran factor=1.000000 (0.030008 / 0.030008)
bmap: stepx = stepy = 30000
creating bmap
DB units per micron : 10000
Compile-fusion optimization Phase 8 Iter  7          0.00        0.00      0.00         0        915.00   313320.44        1214              0.03      1290
Compile-fusion optimization Phase 8 Iter  8          0.00        0.00      0.00         0        915.00   313320.44        1214              0.03      1290
Compile-fusion optimization Phase 8 Iter  9          0.00        0.00      0.00         0        915.00   313320.44        1214              0.03      1290
Compile-fusion optimization Phase 8 Iter 10          0.00        0.00      0.00         0        915.00   313320.44        1214              0.03      1290
Compile-fusion optimization Phase 8 Iter 11          0.00        0.00      0.00         0        915.00   313320.44        1214              0.03      1290

Compile-fusion optimization Phase 9 Iter  1          0.00        0.00      0.00         0        915.00   313320.44        1214              0.03      1290

CCL: Total Usage Adjustment : 1
INFO: Derive row count 14 from GR congestion map (59/4)
INFO: Derive col count 15 from GR congestion map (60/4)
Convert timing mode ...
Compile-fusion optimization summary            SETUP-COST    R2R-COST HOLD-COST LDRC-COST          AREA     LEAKAGE     INSTCNT            ELAPSE       MEM
Compile-fusion optimization Phase 10 Iter  1         0.00        0.00      0.00         0        915.00   313320.44        1214              0.03      1290

Disable clock slack update for ideal clocks
Compile-fusion optimization Phase 11 Iter  1         0.00        0.00      0.00         0        915.00   313320.44        1214              0.03      1290
INFO: cellmap features:  adv-rules=(N), pdc=(N), clock-rules=(Y)

Compile-fusion optimization Phase 12 Iter  1         0.00        0.00      0.00         0        915.00   313320.44        1214              0.03      1290
CCL: Total Usage Adjustment : 1
INFO: Derive row count 14 from GR congestion map (59/4)
INFO: Derive col count 15 from GR congestion map (60/4)
Convert timing mode ...
INFO: New Levelizer turned on
Layer Demotion Info:
Bin                       OptDist       MinLen      BeforeCount       AfterCount        Diff
-----------------------------------------------------------------------------------------
None                         87.0          0.0             1644             1644           0
M4                           97.1          8.7                0                0           0
-----------------------------------------------------------------------------------------
Total Demoted Nets:             0


Compile-fusion optimization Phase 13 Iter  1         0.00        0.00      0.00         0        915.00   313320.44        1214              0.03      1290

Compile-fusion optimization Phase 14 Iter  1         0.00        0.00      0.00         0        915.00   313320.44        1214              0.03      1290
INFO: New Levelizer turned on
Compile-fusion optimization Phase 14 Iter  2         0.00        0.00      0.00         0        915.00   313320.44        1214              0.03      1290
INFO: New Levelizer turned on

Disable clock slack update for ideal clocks
Compile-fusion optimization Phase 15 Iter  1         0.00        0.00      0.00         0        915.00   313320.44        1214              0.03      1290
INFO: cellmap features:  adv-rules=(N), pdc=(N), clock-rules=(Y)

Compile-fusion optimization Phase 16 Iter  1         0.00        0.00      0.00         0        915.00   313320.44        1214              0.03      1290
ISR-INFO:  Running path margin based recovery (target = 0.0000, multiplier = 0.9000, mode = 0)
INFO: New Levelizer turned on
Knee-Processing :  cumEst: 0.00000148 cumPct:    87.72 estdown: 0.00000021 cumUp:   25 numDown:   26 status= valid
Knee-Processing :  cumEst: 0.00000169 cumPct:   100.00 estdown: 0.00000000 cumUp:  875 numDown:    0 status= valid

Disable clock slack update for ideal clocks
INFO:  SEQ DEL WNS is protecting TNS
INFO:  SEQ DEL WNS is protecting TNS
Compile-fusion optimization Phase 17 Iter  1         0.00        0.00      0.00         0        915.00   313278.44        1214              0.03      1290
INFO: cellmap features:  adv-rules=(N), pdc=(N), clock-rules=(Y)

CCL: Total Usage Adjustment : 1
INFO: Derive row count 14 from GR congestion map (59/4)
INFO: Derive col count 15 from GR congestion map (60/4)
Convert timing mode ...
Compile-fusion optimization Phase 18 Iter  1         0.00        0.00      0.00         0        915.00   313278.44        1214              0.03      1290

Compile-fusion optimization Phase 19 Iter  1         0.00        0.00      0.00         0        915.00   313278.44        1214              0.03      1290
Warning: Skipping pin ctmi_376/VDD. Reason - Power/Ground pin. (OPT-069)
Warning: Skipping pin ctmi_375/VDD. Reason - Power/Ground pin. (OPT-069)
Warning: Skipping pin ctmi_374/VDD. Reason - Power/Ground pin. (OPT-069)
Warning: Skipping pin ctmi_373/VDD. Reason - Power/Ground pin. (OPT-069)
Warning: Skipping pin ctmi_372/VDD. Reason - Power/Ground pin. (OPT-069)
Warning: Skipping pin ctmi_371/VDD. Reason - Power/Ground pin. (OPT-069)
Warning: Skipping pin ctmi_370/VDD. Reason - Power/Ground pin. (OPT-069)
Warning: Skipping pin ctmi_369/VDD. Reason - Power/Ground pin. (OPT-069)
Warning: Skipping pin ctmi_368/VDD. Reason - Power/Ground pin. (OPT-069)
Warning: Skipping pin ctmi_367/VDD. Reason - Power/Ground pin. (OPT-069)
Note - message 'OPT-069' limit (10) exceeded. Remainder will be suppressed.
INFO: total number of constant pins: 667
INFO: constant pins which are scan-pins: 656
INFO: constant pins that are not scan-pins: 11

Compile-fusion optimization Phase 20 Iter  1         0.00        0.00      0.00         0        914.51   313278.44        1213              0.03      1290

Compile-fusion optimization Phase 21 Iter  1         0.00        0.00      0.00         0        914.51   313278.44        1213              0.03      1290

Information: Ending   compile_fusion / final_opto / Optimization (1) (FLW-8001)
Information: Time: 2025-05-28 13:39:16 / Session:  00:01:52 / Command:  00:00:08 / CPU:  00:00:23 / Memory: 1290 MB (FLW-8100)

Information: Starting compile_fusion / final_opto / Legalization (1) (FLW-8000)
Information: Time: 2025-05-28 13:39:16 / Session:  00:01:52 / Command:  00:00:08 / CPU:  00:00:23 / Memory: 1290 MB (FLW-8100)

START_FUNC : legalize_placement_pre_run_core CPU :    284 s ( 0.08 hr) ELAPSE :    112 s ( 0.03 hr) MEM-PEAK :  1290 Mb
END_FUNC : legalize_placement_pre_run_core CPU :    284 s ( 0.08 hr) ELAPSE :    112 s ( 0.03 hr) MEM-PEAK :  1290 Mb
Compile-fusion optimization Phase 24 Iter  1         0.00        0.00      0.00         0        914.51   313278.44        1213              0.03      1290
nplDplc2Placer::setParam(effort,1)
nplDplc2Placer::setParam(debug,0)
nplDplc2Placer::setParam(site_check,2)
nplDplc2Placer::setParam(app_firm_wgt,0)
Warning: Routing direction of metal layer PO is neither "horizontal" nor "vertical".  PDC checks will not be performed on this layer. (PDC-003)
PDC app_options settings =========
	place.legalize.enable_prerouted_net_check: 1
	place.legalize.num_tracks_for_access_check: 1
	place.legalize.use_eol_spacing_for_access_check: 0
	place.legalize.allow_touch_track_for_access_check: 1
	place.legalize.reduce_conservatism_in_eol_check: 0
	place.legalize.preroute_shape_merge_distance: 0.0
	place.legalize.enable_non_preferred_direction_span_check: 0

Layer M1: cached 0 shapes out of 0 total shapes.
Layer M2: cached 0 shapes out of 0 total shapes.
Layer M3: cached 0 shapes out of 0 total shapes.
Cached 0 vias out of 0 total vias.

Legalizing Top Level Design dut_toplevel ... 
Information: Initializing classic cellmap without advanced rules enabled and without PDC enabled
Information: The following app options are used in cellmap
        place.legalize.enable_color_aware_placement : false
        place.legalize.use_nll_query_cm : false
        place.legalize.enable_advanced_legalizer : false
        place.legalize.enable_prerouted_net_check : true
        place.legalize.enable_advanced_prerouted_net_check : false
        place.legalize.always_continue : true
        place.legalize.limit_legality_checks : false
        place.common.pnet_aware_density : 1.0000
        place.common.pnet_aware_min_width : 0.0000
        place.common.pnet_aware_layers : {}
        place.common.use_placement_model : false
        place.common.enable_advanced_placement_model : true
        cts.placement.cell_spacing_rule_style : maximum
Warning: Library cell saed14rvt_frame_timing:SAEDRVT14_ISOFSDPQ_PECO_8.frame is missing supply pins. Its power structure cannot be determined. (LGL-050)
Warning: Library cell saed14rvt_frame_timing:SAEDRVT14_DCAP_PV1ECO_12.frame is missing supply pins. Its power structure cannot be determined. (LGL-050)
Total 0.0075 seconds to build cellmap data
Information: Creating classic rule checker.
Warning: Routing direction of metal layer PO is neither "horizontal" nor "vertical".  PDC checks will not be performed on this layer. (PDC-003)
=====> Processed 58 ref cells (23 fillers) from library

Bounds/Regions In This Design:
        Area    Num Cells  Exclusive Name
 (square um)
     1270.51         1213        Yes DEFAULT_VA

Starting legalizer.
Warning: Exclusive bound 'DEFAULT' has no cells.
Optimizing Exclusive Bound 'DEFAULT_VA' (2/2)
    Done Exclusive Bound 'DEFAULT_VA' (2/2) (0 sec)
Legalization complete (0 total sec)

****************************************
  Report : Placement Attempts
  Site   : unit
****************************************

number of cells:                   1213
number of references:                58
number of site rows:                 59
number of locations attempted:    26790
number of locations failed:           0  (0.0%)

Legality of references at locations:
0 references had failures.

Legality of references in rows:
0 references had row failures.

****************************************
  Report : Cell Displacements
****************************************

number of cells aggregated:        1213 (20597 total sites)
avg row height over cells:        0.600 um
rms cell displacement:            0.076 um ( 0.13 row height)
rms weighted cell displacement:   0.076 um ( 0.13 row height)
max cell displacement:            0.793 um ( 1.32 row height)
avg cell displacement:            0.011 um ( 0.02 row height)
avg weighted cell displacement:   0.011 um ( 0.02 row height)
number of cells moved:               39
number of large displacements:        0
large displacement threshold:     3.000 row height

Displacements of worst 10 cells:
Cell: optlc_640 (SAEDRVT14_TIE0_4)
  Input location: (3.774,6.6)
  Legal location: (4.292,7.2)
  Displacement:   0.793 um ( 1.32 row height)
Cell: optlc_639 (SAEDRVT14_TIE0_4)
  Input location: (2.59,28.8)
  Legal location: (2.22,29.4)
  Displacement:   0.705 um ( 1.17 row height)
Cell: optlc_630 (SAEDRVT14_TIE0_4)
  Input location: (5.624,12)
  Legal location: (5.994,11.4)
  Displacement:   0.705 um ( 1.17 row height)
Cell: optlc_637 (SAEDRVT14_TIE0_4)
  Input location: (7.326,32.4)
  Legal location: (7.622,31.8)
  Displacement:   0.669 um ( 1.12 row height)
Cell: optlc_641 (SAEDRVT14_TIE0_4)
  Input location: (19.536,3.6)
  Legal location: (19.24,4.2)
  Displacement:   0.669 um ( 1.12 row height)
Cell: optlc_631 (SAEDRVT14_TIE0_4)
  Input location: (33.67,31.8)
  Legal location: (33.892,32.4)
  Displacement:   0.640 um ( 1.07 row height)
Cell: dut_fifo_INST/fifo_data_r_reg[2][29] (SAEDRVT14_FSDPRBQ_V2_0P5)
  Input location: (2.22,25.8)
  Legal location: (2.22,26.4)
  Displacement:   0.600 um ( 1.00 row height)
Cell: ctmi_2079 (SAEDRVT14_NR2_1)
  Input location: (22.126,4.2)
  Legal location: (22.126,4.8)
  Displacement:   0.600 um ( 1.00 row height)
Cell: optlc_634 (SAEDRVT14_TIE0_4)
  Input location: (1.85,17.4)
  Legal location: (1.85,18)
  Displacement:   0.600 um ( 1.00 row height)
Cell: optlc_632 (SAEDRVT14_TIE0_4)
  Input location: (10.878,8.4)
  Legal location: (10.878,9)
  Displacement:   0.600 um ( 1.00 row height)

Information: The net parasitics of block dut_toplevel are cleared. (TIM-123)
Information: The stitching and editing of coupling caps is turned OFF for design 'dut_toplevel.dlib:dut_toplevel/compile_flow.design'. (TIM-125)

Information: Ending   compile_fusion / final_opto / Legalization (1) (FLW-8001)
Information: Time: 2025-05-28 13:39:17 / Session:  00:01:53 / Command:  00:00:08 / CPU:  00:00:24 / Memory: 1290 MB (FLW-8100)

Information: Starting compile_fusion / final_opto / Optimization (2) (FLW-8000)
Information: Time: 2025-05-28 13:39:17 / Session:  00:01:53 / Command:  00:00:08 / CPU:  00:00:25 / Memory: 1290 MB (FLW-8100)
INFO: Enabled CLO at stage after_LGL3.

Warning: Cannot find any max transition constraint on the design. (OPT-070)
INFO: place.legalize.enable_advanced_legalizer not set - need to revert CLO
INFO: First Compile-fusion did not mark run with CLO enabled/disabled property
INFO: Concurrent Legalization and Optimization (CLO) Reverted
Warning: Cannot find any max transition constraint on the design. (OPT-070)

Information: Initializing classic cellmap without advanced rules enabled and without PDC enabled
Information: The following app options are used in cellmap
        place.legalize.enable_color_aware_placement : false
        place.legalize.use_nll_query_cm : false
        place.legalize.enable_advanced_legalizer : false
        place.legalize.enable_prerouted_net_check : true
        place.legalize.enable_advanced_prerouted_net_check : false
        place.legalize.always_continue : true
        place.legalize.limit_legality_checks : false
        place.common.pnet_aware_density : 1.0000
        place.common.pnet_aware_min_width : 0.0000
        place.common.pnet_aware_layers : {}
        place.common.use_placement_model : false
        place.common.enable_advanced_placement_model : true
        cts.placement.cell_spacing_rule_style : maximum
Warning: Library cell saed14rvt_frame_timing:SAEDRVT14_ISOFSDPQ_PECO_8.frame is missing supply pins. Its power structure cannot be determined. (LGL-050)
Warning: Library cell saed14rvt_frame_timing:SAEDRVT14_DCAP_PV1ECO_12.frame is missing supply pins. Its power structure cannot be determined. (LGL-050)
Total 0.0098 seconds to build cellmap data
INFO: creating 20(r) x 20(c) GridCells YDim 1.8 XDim 1.8
INFO: number of GridCells (0xee300888): 400
INFO: creating 20(r) x 20(c) GridCells YDim 1.8 XDim 1.8
INFO: number of GridCells (0xee300888): 400
Total 0.0134 seconds to load 1213 cell instances into cellmap
Moveable cells: 1213; Application fixed cells: 0; Macro cells: 0; User fixed cells: 0
Average cell width 1.2565, cell height 0.6000, cell area 0.7539 for total 1213 placed and application fixed cells
Compile-fusion optimization Phase 28 Iter  1         0.00        0.00      0.00         0        914.51   313278.44        1213              0.03      1290
CCL: Total Usage Adjustment : 1
INFO: Derive row count 14 from GR congestion map (59/4)
INFO: Derive col count 15 from GR congestion map (60/4)
Convert timing mode ...
INFO: New Levelizer turned on
Layer Demotion Info:
Bin                       OptDist       MinLen      BeforeCount       AfterCount        Diff
-----------------------------------------------------------------------------------------
None                         87.0          0.0             1643             1643           0
M4                           97.1          8.7                0                0           0
-----------------------------------------------------------------------------------------
Total Demoted Nets:             0


CCL: Total Usage Adjustment : 1
INFO: Derive row count 14 from GR congestion map (59/4)
INFO: Derive col count 15 from GR congestion map (60/4)
Convert timing mode ...
Compile-fusion optimization Phase 29 Iter  1         0.00        0.00      0.00         0        914.51   313278.44        1213              0.03      1290
Compile-fusion optimization Phase 29 Iter  2         0.00        0.00      0.00         0        914.51   313278.44        1213              0.03      1290
Compile-fusion optimization Phase 29 Iter  3         0.00        0.00      0.00         0        914.51   313278.44        1213              0.03      1290
Corner Scaling is off, multiplier is 1.000000
Using default layer M4
new cutoff lpd: 4.05079e-07
corner scaling: maxCornerId = 1
corner=Typical, tran factor=1.000000 (0.030008 / 0.030008)
bmap: stepx = stepy = 30000
creating bmap
DB units per micron : 10000
Compile-fusion optimization Phase 29 Iter  4         0.00        0.00      0.00         0        914.51   313278.44        1213              0.03      1290
Compile-fusion optimization Phase 29 Iter  5         0.00        0.00      0.00         0        914.51   313278.44        1213              0.03      1290

Compile-fusion optimization Phase 30 Iter  1         0.00        0.00      0.00         0        914.51   313278.44        1213              0.03      1290

Compile-fusion optimization Phase 31 Iter  1         0.00        0.00      0.00         0        914.51   313278.44        1213              0.03      1290
Corner Scaling is off, multiplier is 1.000000
Corner Scaling is off, multiplier is 1.000000
Using default layer M4
new cutoff lpd: 4.05079e-07
corner scaling: maxCornerId = 1
corner=Typical, tran factor=1.000000 (0.030008 / 0.030008)
bmap: stepx = stepy = 30000
creating bmap
DB units per micron : 10000
INFO: New Levelizer turned on
Compile-fusion optimization Phase 31 Iter  2         0.00        0.00      0.00         0        914.51   313278.44        1213              0.03      1290

Information: Ending   compile_fusion / final_opto / Optimization (2) (FLW-8001)
Information: Time: 2025-05-28 13:39:17 / Session:  00:01:53 / Command:  00:00:09 / CPU:  00:00:26 / Memory: 1290 MB (FLW-8100)

Information: Starting compile_fusion / final_opto / Legalization (2) (FLW-8000)
Information: Time: 2025-05-28 13:39:17 / Session:  00:01:53 / Command:  00:00:09 / CPU:  00:00:26 / Memory: 1290 MB (FLW-8100)

START_FUNC : legalize_placement_pre_run_core CPU :    287 s ( 0.08 hr) ELAPSE :    113 s ( 0.03 hr) MEM-PEAK :  1290 Mb
END_FUNC : legalize_placement_pre_run_core CPU :    287 s ( 0.08 hr) ELAPSE :    113 s ( 0.03 hr) MEM-PEAK :  1290 Mb
Compile-fusion optimization Phase 34 Iter  1         0.00        0.00      0.00         0        914.51   313278.44        1213              0.03      1290
nplDplc2Placer::setParam(effort,1)
nplDplc2Placer::setParam(debug,0)
nplDplc2Placer::setParam(site_check,2)
nplDplc2Placer::setParam(app_firm_wgt,0)
Warning: Routing direction of metal layer PO is neither "horizontal" nor "vertical".  PDC checks will not be performed on this layer. (PDC-003)
PDC app_options settings =========
	place.legalize.enable_prerouted_net_check: 1
	place.legalize.num_tracks_for_access_check: 1
	place.legalize.use_eol_spacing_for_access_check: 0
	place.legalize.allow_touch_track_for_access_check: 1
	place.legalize.reduce_conservatism_in_eol_check: 0
	place.legalize.preroute_shape_merge_distance: 0.0
	place.legalize.enable_non_preferred_direction_span_check: 0

Layer M1: cached 0 shapes out of 0 total shapes.
Layer M2: cached 0 shapes out of 0 total shapes.
Layer M3: cached 0 shapes out of 0 total shapes.
Cached 0 vias out of 0 total vias.

Legalizing Top Level Design dut_toplevel ... 
Information: Initializing classic cellmap without advanced rules enabled and without PDC enabled
Information: The following app options are used in cellmap
        place.legalize.enable_color_aware_placement : false
        place.legalize.use_nll_query_cm : false
        place.legalize.enable_advanced_legalizer : false
        place.legalize.enable_prerouted_net_check : true
        place.legalize.enable_advanced_prerouted_net_check : false
        place.legalize.always_continue : true
        place.legalize.limit_legality_checks : false
        place.common.pnet_aware_density : 1.0000
        place.common.pnet_aware_min_width : 0.0000
        place.common.pnet_aware_layers : {}
        place.common.use_placement_model : false
        place.common.enable_advanced_placement_model : true
        cts.placement.cell_spacing_rule_style : maximum
Warning: Library cell saed14rvt_frame_timing:SAEDRVT14_ISOFSDPQ_PECO_8.frame is missing supply pins. Its power structure cannot be determined. (LGL-050)
Warning: Library cell saed14rvt_frame_timing:SAEDRVT14_DCAP_PV1ECO_12.frame is missing supply pins. Its power structure cannot be determined. (LGL-050)
Total 0.0099 seconds to build cellmap data
Information: Creating classic rule checker.
Warning: Routing direction of metal layer PO is neither "horizontal" nor "vertical".  PDC checks will not be performed on this layer. (PDC-003)
=====> Processed 58 ref cells (23 fillers) from library

Bounds/Regions In This Design:
        Area    Num Cells  Exclusive Name
 (square um)
     1270.51         1213        Yes DEFAULT_VA

Starting legalizer.
Warning: Exclusive bound 'DEFAULT' has no cells.
Optimizing Exclusive Bound 'DEFAULT_VA' (2/2)
    Done Exclusive Bound 'DEFAULT_VA' (2/2) (0 sec)
Legalization complete (0 total sec)

****************************************
  Report : Placement Attempts
  Site   : unit
****************************************

number of cells:                   1213
number of references:                58
number of site rows:                 59
number of locations attempted:    25439
number of locations failed:           0  (0.0%)

Legality of references at locations:
0 references had failures.

Legality of references in rows:
0 references had row failures.

****************************************
  Report : Cell Displacements
****************************************

number of cells aggregated:        1213 (20597 total sites)
avg row height over cells:        0.600 um
rms cell displacement:            0.000 um ( 0.00 row height)
rms weighted cell displacement:   0.000 um ( 0.00 row height)
max cell displacement:            0.000 um ( 0.00 row height)
avg cell displacement:            0.000 um ( 0.00 row height)
avg weighted cell displacement:   0.000 um ( 0.00 row height)
number of cells moved:                0
number of large displacements:        0
large displacement threshold:     3.000 row height

Displacements of worst 10 cells:
Cell: DP_OP_33_12155_941_J1/U_409 (SAEDRVT14_ADDF_V1_0P5)
  Input location: (9.842,19.2)
  Legal location: (9.842,19.2)
  Displacement:   0.000 um ( 0.00 row height)
Cell: DP_OP_33_12155_941_J1/U_408 (SAEDRVT14_ADDF_V1_0P5)
  Input location: (11.026,16.2)
  Legal location: (11.026,16.2)
  Displacement:   0.000 um ( 0.00 row height)
Cell: DP_OP_33_12155_941_J1/U_407 (SAEDRVT14_ADDF_V1_0P5)
  Input location: (13.172,18.6)
  Legal location: (13.172,18.6)
  Displacement:   0.000 um ( 0.00 row height)
Cell: DP_OP_33_12155_941_J1/U_405 (SAEDRVT14_ADDF_V1_0P5)
  Input location: (11.026,13.8)
  Legal location: (11.026,13.8)
  Displacement:   0.000 um ( 0.00 row height)
Cell: DP_OP_33_12155_941_J1/U_398 (SAEDRVT14_ADDF_V1_0P5)
  Input location: (13.246,13.2)
  Legal location: (13.246,13.2)
  Displacement:   0.000 um ( 0.00 row height)
Cell: DP_OP_33_12155_941_J1/U_404 (SAEDRVT14_ADDF_V1_0P5)
  Input location: (11.84,15)
  Legal location: (11.84,15)
  Displacement:   0.000 um ( 0.00 row height)
Cell: DP_OP_33_12155_941_J1/U_403 (SAEDRVT14_ADDF_V1_0P5)
  Input location: (12.506,16.8)
  Legal location: (12.506,16.8)
  Displacement:   0.000 um ( 0.00 row height)
Cell: DP_OP_33_12155_941_J1/U_401 (SAEDRVT14_ADDF_V1_0P5)
  Input location: (11.544,13.2)
  Legal location: (11.544,13.2)
  Displacement:   0.000 um ( 0.00 row height)
Cell: DP_OP_33_12155_941_J1/U_400 (SAEDRVT14_ADDF_V1_0P5)
  Input location: (13.246,14.4)
  Legal location: (13.246,14.4)
  Displacement:   0.000 um ( 0.00 row height)
Cell: DP_OP_33_12155_941_J1/U_410 (SAEDRVT14_ADDF_V1_0P5)
  Input location: (10.138,15)
  Legal location: (10.138,15)
  Displacement:   0.000 um ( 0.00 row height)

Information: The net parasitics of block dut_toplevel are cleared. (TIM-123)
Information: The stitching and editing of coupling caps is turned OFF for design 'dut_toplevel.dlib:dut_toplevel/compile_flow.design'. (TIM-125)

Information: Ending   compile_fusion / final_opto / Legalization (2) (FLW-8001)
Information: Time: 2025-05-28 13:39:18 / Session:  00:01:54 / Command:  00:00:10 / CPU:  00:00:27 / Memory: 1290 MB (FLW-8100)
INFO: Enabled CLO at stage after_LGL4.

Warning: Cannot find any max transition constraint on the design. (OPT-070)
INFO: place.legalize.enable_advanced_legalizer not set - need to revert CLO
INFO: First Compile-fusion did not mark run with CLO enabled/disabled property
INFO: Concurrent Legalization and Optimization (CLO) Reverted
Warning: Cannot find any max transition constraint on the design. (OPT-070)

Information: Initializing classic cellmap without advanced rules enabled and without PDC enabled
Information: The following app options are used in cellmap
        place.legalize.enable_color_aware_placement : false
        place.legalize.use_nll_query_cm : false
        place.legalize.enable_advanced_legalizer : false
        place.legalize.enable_prerouted_net_check : true
        place.legalize.enable_advanced_prerouted_net_check : false
        place.legalize.always_continue : true
        place.legalize.limit_legality_checks : false
        place.common.pnet_aware_density : 1.0000
        place.common.pnet_aware_min_width : 0.0000
        place.common.pnet_aware_layers : {}
        place.common.use_placement_model : false
        place.common.enable_advanced_placement_model : true
        cts.placement.cell_spacing_rule_style : maximum
Warning: Library cell saed14rvt_frame_timing:SAEDRVT14_ISOFSDPQ_PECO_8.frame is missing supply pins. Its power structure cannot be determined. (LGL-050)
Warning: Library cell saed14rvt_frame_timing:SAEDRVT14_DCAP_PV1ECO_12.frame is missing supply pins. Its power structure cannot be determined. (LGL-050)
Total 0.0076 seconds to build cellmap data
INFO: creating 20(r) x 20(c) GridCells YDim 1.8 XDim 1.8
INFO: number of GridCells (0xf0a12e70): 400
INFO: creating 20(r) x 20(c) GridCells YDim 1.8 XDim 1.8
INFO: number of GridCells (0xf0a12e70): 400
Total 0.0133 seconds to load 1213 cell instances into cellmap
Moveable cells: 1213; Application fixed cells: 0; Macro cells: 0; User fixed cells: 0
Average cell width 1.2565, cell height 0.6000, cell area 0.7539 for total 1213 placed and application fixed cells
Compile-fusion optimization Phase 37 Iter  1         0.00        0.00      0.00         0        914.51   313278.44        1213              0.03      1290

Compile-fusion optimization Phase 38 Iter  1         0.00        0.00      0.00         0        914.51   313278.44        1213              0.03      1290

Information: Ending   compile_fusion / final_opto (FLW-8001)
Information: Time: 2025-05-28 13:39:18 / Session:  00:01:54 / Command:  00:00:10 / CPU:  00:00:28 / Memory: 1290 MB (FLW-8100)

Information: >>>>>>> 7 unique error and warning message tags while observing compile_fusion / final_opto: (MSG-3100)
Information: #prnt #trgr #lmt    Tag  Level     Format (or last printed message)                                (MSG-3036)
Information:    35     7  0 ZRT-026   WARNING   Warning: Layer MRDL default pitch 4.000 may be too small to ... (MSG-3032)
Information:     6     4  0 PDC-003   WARNING   Warning: Routing direction of metal layer PO is neither "hor... (MSG-3032)
Information:    10    10  0 OPT-069   WARNING   Warning: Skipping pin ctmi_367/VDD. Reason - Power/Ground pi... (MSG-3032)
Information:    30    10  0 ZRT-720   WARNING   Warning: Port  VDD at {{33.702,31.153} {35.932,31.247}} is o... (MSG-3032)
Information:    17     6  0 OPT-070   WARNING   Warning: Cannot find any max transition constraint on the de... (MSG-3032)
Information:    34     4  0 OPT-902   WARNING   Warning: No clock routing rules were specified. Use set_cloc... (MSG-3032)
Information:    37    12  5 LGL-050   WARNING   Warning: Library cell saed14rvt_frame_timing:SAEDRVT14_DCAP_... (MSG-3032)
Information:   169    53  1        7  <------   Total sum of messages (MSG-3038)
Information: >>>>>>> Summary: 53 error&warning MSGs observed during compile_fusion / final_opto (MSG-3103)

Number of Site types in the design = 1
Setting up Chip Core
Chip Core shape: (0 0) (358900 354000)
Number of VARs = 1
Number of unique PDs = 1
Number of Power Domains = 1
Number of Voltage Areas = 1
Number of supply Nets = 2
Number of used supplies = 0
Blocked VAs: 
INFO: Running FTB cleanup in end of npo flow.
Enable dominated scenarios

Compile-fusion optimization complete                 0.00        0.00      0.00         0        914.51   313278.44        1213              0.03      1290
[Tim-Power] Info: Cleared Leakage libCell cache.
Co-efficient Ratio Summary:
4.193421605155  6.578038173730  2.479639287277  7.744187540401  0.485050000353  3.179565833784  5.567214754587  2.894454387461  6.565921217863  9.017937505874  3.135902843683  9.863420998369  6.078244364085  2.744209641123  8.318117704907
9.699225026083  2.464623950064  1.382370221226  9.387184029619  3.142429406669  0.968752789964  6.613180723294  4.146578793224  7.876358918112  2.191135103696  0.994066184744  2.700139832399  3.840571464440  3.750207353169  7.663450942299
6.212201167950  7.759678473967  7.862243056717  0.402387977150  0.032845095897  0.596111512371  4.701287396892  7.205135512169  8.278351398268  1.183725190997  3.365768441994  5.867690120130  7.173915785364  9.669810299761  7.591489447087
7.632106393266  7.679078063326  9.831314288630  1.878805817928  3.230072343539  1.226270037326  7.050450494780  2.403928173631  6.139852544054  4.100210066110  1.205040522305  4.570737042571  5.624999208820  7.826858553678  4.759135518263
5.409027926377  2.609823652834  0.626142538674  6.381676652919  9.187474022495  0.513656796621  5.027570618562  6.119813446103  6.181472312107  1.581675365776  7.417287187722  9.584553858264  2.041848787119  3.921161167338  0.650480782345
9.472458902409  3.368484394994  4.897111549020  6.860149244452  2.000104051691  9.095345907689  2.197041709512  0.915900067443  5.466092308426  8.142690055883  4.638339520849  8.244454183075  3.504991105451  1.682717312888  7.173435818510
9.939562708373  3.617852772683  8.946772637652  1.169969532707  4.529946656262  3.090979409795  5.580726136993  1.131397763510  0.721709625254  7.515947417690  0.670568564996  1.017022432021  5.811630066269  5.826731183342  4.349385392435
0.216216918317  9.612142422527  7.311156782104  0.823519141628  0.356161286693  8.022019569284  2.603132585844  5.024802551363  1.359359521353  5.407563451201  2.835369732133  1.265391441718  0.417881713533  1.833873765081  6.448559837188
4.848373112548  2.936801055033  8.671494124225  4.212305316610  9.007627270112  3.308107178452  5.607471109985  8.514743640423  2.764676979434  9.324216938770  1.582335244512  2.300599691133  0.754706430179  1.961422711696  2.781305441418
3.355375155650  9.437909893602  9.136702642545  9.020209208464  9.978471495117  7.467457734047  3.171274721421  9.815920740044  4.331414637138  0.413524984361  3.330242131369  7.452789695611  1.902948324529  5.623408559547  7.269365108696
3.367403103784  7.093641515702  7.411336156476  6.944246976650  5.239565921087  4.802189647382  3.894401463832  4.531610419342  1.605155657803  8.173730247963  9.218509717168  7.540492437013  0.000474717956  5.833785856721  4.754589389445
4.387461656592  1.217863901793  7.505874310467  0.800933986343  9.509851607812  3.964085274420  8.341123831811  5.604907969922  5.026083246462  3.950064138237  0.252558971468  4.029600703750  9.406780496875  2.789965961318  0.723296514657
8.793224787635  8.918112219113  5.103696096373  4.141094270014  8.443881384045  0.064440375020  6.053169766345  8.842299621220  1.167950775967  8.473967786224  3.087049083988  7.977141492792  5.095918459611  1.512372770128  7.396894820513
5.512169827835  1.398268118372  5.190997333443  6.408244586760  9.731622717389  4.385364966981  9.999761759148  7.347087763210  6.393266767907  8.063326983131  4.219962120530  5.817919712515  2.343650522627  0.037327005045  0.494782340392
8.173631613985  2.544054410021  0.066110127471  8.589655457074  6.653063562487  8.808820782685  7.253678475913  3.418263540902  7.926377260982  3.652834062614  2.569906671817  6.652900307255  4.022516451365  6.796622802757  0.618564711981
3.446103618147  2.312107158167  5.365776748604  1.822107958456  2.469756204172  7.387119392116  0.867338065048  8.682345947245  8.902409336848  4.394994489711  1.570352629764  9.244443699528  4.051712309534  5.907680519704  1.709514191590
0.067443546609  2.308426814269  0.055883460719  3.265224824446  3.794567350487  0.705451168271  6.012888717343  3.718510993956  2.708373361785  2.772683894677  2.668984159646  9.532798841402  6.656383709097  9.409796858072  6.136995213139
7.763510072170  9.625254751594  7.417690064932  2.209371101703  1.043513581151  9.666269582673  0.883342434938  3.292435021621  6.918317961214  2.422527731115  6.713421825001  9.141619424124  1.286714202201  9.569285560313  2.585846602480
2.551363135935  9.521353540756  3.451201280412  3.477518126530  0.052200041776  0.313533183387  2.465081644855  7.737188484837  3.112548293680  1.055033867149  4.155542264980  5.316601399270  7.270233730810  7.178453860747  1.109987951474
3.640423276467  6.979434932421  6.938770155119  9.989997230050  8.202625075468  5.030179196142  1.411696278130  3.341418335537  5.155650943790  9.893602913670  2.673862745770  9.208455386355  1.495238146745  7.734048617127  4.721423081592
0.740044433141  4.637138041352  4.984361330991  0.198619745279  8.206103190282  7.924529562340  7.259547726936  3.008696336740  3.103784709364  1.515702741133  6.187793437174  6.976641973523  5.921108780218  9.647383689440  1.463834553161
0.419342160515  5.657803817373  0.247963928727  7.774418754040  1.048505000035  3.317956583378  4.556721475458  7.289445438746  1.656592121786  3.901793750587  4.341784823743  3.986334300552  1.607933696408  5.274421134112  3.831813660490
7.969922502608  3.246462395006  4.138237022122  6.938718402961  9.314242940666  9.096875278996  4.661318072329  4.414657879322  4.787635891811  2.219113510369  6.027690257859  4.270005294955  1.384166306444  0.375021905316  9.766347984229
9.621220116795  0.775967847396  7.786224305671  7.040238797715  0.003284509589  7.059611151237  1.470128739689  2.720513551216  9.827835139826  8.118372519099  7.364760483574  4.586751323739  2.717400738536  4.966982299976  1.759140834708
7.763210639326  6.767907806332  6.983131428863  0.187880581792  8.323007234353  9.122627003732  6.705045049478  0.240392817363  1.613985254405  4.410021006611  0.158798691615  5.457065015973  3.562508180882  0.782686025367  8.475915441826
3.540902792637  7.260982365283  4.062614253867  4.638167665291  9.918747402249  5.051365679662  1.502757061856  2.611981344610  3.618147231210  7.158167536577  6.779921925960  7.958447696542  6.204293038711  9.392117386733  8.065040968234
5.947245890240  9.336848439499  4.489711154902  0.686014924445  2.200010405169  1.909534590768  9.219704170951  2.091590006744  3.546609230842  6.814269005588  3.491036169272  4.824437729023  7.350508370545  1.168272901288  8.717345471851
0.993956270837  3.361785277268  3.894677263765  2.116996953270  7.452994665626  2.309097940979  5.558072613699  3.113139776351  0.072170962525  4.751594741769  0.095259063687  1.101794554928  3.581272266626  9.582674388334  2.434930429243
5.021621691831  7.961214242252  7.731115678210  4.082351914162  8.035616128669  3.802201956928  4.260313258584  4.502480255136  3.135935952135  3.540756345120  1.211739180401  8.126521455897  0.041897331353  3.183388546508  1.644857873718
8.484837311254  8.293680105503  3.867149412422  5.421230531661  0.900762727011  2.330810717845  2.560747110998  5.851474364042  3.276467697943  4.932421693877  0.186436731649  7.230041270839  5.075589803017  9.196143441169  6.278132434141
8.335537515565  0.943790989360  2.913670264254  5.902020920846  4.997847149511  7.746745773404  7.317127472142  1.981592074004  4.433141463713  8.041352498436  1.361218852511  9.745260270287  3.190303092452  9.562341025954  7.726938400869
6.336740310378  4.709364151570  2.741133615647  6.694424697665  0.523956592108  7.480218964738  2.389440146383  2.453161041934  2.160515565780  3.817373024796  3.959044510191  8.754031554427  5.000156631795  6.583379755672  1.475450828944
5.438746165659  2.121786390179  3.750587431046  7.080093398634  3.950985160781  2.396408527442  0.834112383181  1.560490796992  2.502608324646  2.395006413823  7.053449436521  8.402952381091  2.940787209687  5.278997766131  8.072321541465
7.879322478763  5.891811221911  3.510369609637  3.414109427001  4.844388138404  5.006444037502  0.605316976634  5.884229962122  0.116795077596  7.847396778622  4.336998547773  8.797706450995  4.509600005961  1.151238447012  8.739681372051
3.551216982783  5.139826811837  2.519099733344  3.640824458676  0.973162271738  9.438536496698  1.999976175914  8.734708776321  0.639326676790  7.806332698313  1.459180851438  0.581783282977  7.234474212262  7.003733970504  5.049470124039
2.817363161398  5.254405441002  1.006611012747  1.858965545707  4.665306356248  7.880882078268  5.725367847591  3.341826354090  2.792637726098  2.365283406261  4.284184206566  7.665282341441  7.402360805136  5.679663450275  7.061858361198
1.344610361814  7.231210715816  7.536577674860  4.182210795845  6.246975620417  2.738711939211  6.086733806504  8.868234594724  5.890240933684  8.439499448971  1.185229801351  4.924436670678  0.405280490953  4.590769221970  4.170953309159
0.006744354660  9.230842681426  9.005588346071  9.326522482444  6.379456735048  7.070545116827  1.601288871734  3.371851099395  6.270837336178  5.277268389467  7.294082054349  6.953261195866  4.665747530909  7.940970855807  2.613691411313
9.776351007217  0.962525475159  4.741769006493  2.220937110170  3.104351358115  1.966626958267  3.088334243493  8.329243502162  1.691831796121  4.242252773111  5.609537241985  1.914153253138  6.128780680220  1.956929726031  3.258586550248
Information: The net parasitics of block dut_toplevel are cleared. (TIM-123)
Information: The stitching and editing of coupling caps is turned OFF for design 'dut_toplevel.dlib:dut_toplevel/compile_flow.design'. (TIM-125)

Compile-fusion final QoR
________________________
Scenario Mapping Table
1: Normal_Typical

Pathgroup Mapping Table
1: **default**
2: **async_default**
3: **clock_gating_default**
4: **in2reg_default**
5: **reg2out_default**
6: **in2out_default**
7: clk

-------------------------------------------------------------------------------------------------------------------------------------------------------------
PATHGROUP QOR 
-------------------------------------------------------------------------------------------------------------------------------------------------------------
Scene  PG      WNS        TNS    NSV      WHV        THV    NHV
    1   1   0.0000     0.0000      0   0.0000     0.0000      0
    1   2   0.0000     0.0000      0   0.0000     0.0000      0
    1   3   0.0000     0.0000      0   0.0000     0.0000      0
    1   4   0.0000     0.0000      0   0.0000     0.0000      0
    1   5   0.0000     0.0000      0   0.0000     0.0000      0
    1   6   0.0000     0.0000      0   0.0000     0.0000      0
    1   7   0.0000     0.0000      0   0.0000     0.0000      0
----------------------------------------------------------------------------------------------------------------------------------------------------------------------
SCENARIO QOR 
----------------------------------------------------------------------------------------------------------------------------------------------------------------------
Scene  PG      WNS        TNS   R2RTNS    NSV      WHV        THV    NHV  MaxTrnV   MaxTranC  MaxCapV    Leakage
    1   *   0.0000     0.0000   0.0000      0   0.0000     0.0000      0        0     0.0000        0 313278.438
----------------------------------------------------------------------------------------------------------------------------------------------------------------------
DESIGN QOR 
----------------------------------------------------------------------------------------------------------------------------------------------------------------------
Scene  PG      WNS        TNS   R2RTNS    NSV      WHV        THV    NHV  MaxTrnV   MaxTranC  MaxCapV    Leakage         Area    InstCnt     BufCnt     InvCnt
    *   *   0.0000     0.0000   0.0000      0   0.0000     0.0000      0        0     0.0000        0 313278.438       914.51       1213         13         21
----------------------------------------------------------------------------------------------------------------------------------------------------------------------

Compile-fusion final QoR Summary         WNS        TNS   R2RTNS    NSV      WHV        THV    NHV  MaxTrnV  MaxCapV    Leakage         Area    InstCnt
Compile-fusion final QoR Summary      0.0000     0.0000   0.0000      0   0.0000     0.0000      0        0        0 313278.438       914.51       1213

Compile-fusion command complete                CPU:   291 s (  0.08 hr )  ELAPSE:   116 s (  0.03 hr )  MEM-PEAK:  1290 MB
Compile-fusion command statistics  CPU=30 sec (0.01 hr) ELAPSED=11 sec (0.00 hr) MEM-PEAK=1.260 GB
[Tim-Power] Info: Cleared Leakage libCell cache.
[Tim-Power] Info: Cleared Leakage libCell cache.
Information: The net parasitics of block dut_toplevel are cleared. (TIM-123)
INFO: End environment monitoring: recipes
INFO: Restored 0 timer status, 3 app options, 0 tcl gvars, 0 env vars
Information: >>>>>>> 8 unique error and warning message tags while observing fusion: (MSG-3100)
Information: #prnt #trgr #lmt    Tag  Level     Format (or last printed message)                                (MSG-3036)
Information:    16     2  0 FLW-2224  WARNING   Warning: Duplicate callback function set for step 'fc/logic_... (MSG-3032)
Information:    35     7  0 ZRT-026   WARNING   Warning: Layer MRDL default pitch 4.000 may be too small to ... (MSG-3032)
Information:     6     4  0 PDC-003   WARNING   Warning: Routing direction of metal layer PO is neither "hor... (MSG-3032)
Information:    10    10  0 OPT-069   WARNING   Warning: Skipping pin ctmi_367/VDD. Reason - Power/Ground pi... (MSG-3032)
Information:    30    10  0 ZRT-720   WARNING   Warning: Port  VDD at {{33.702,31.153} {35.932,31.247}} is o... (MSG-3032)
Information:    17     7  0 OPT-070   WARNING   Warning: Cannot find any max transition constraint on the de... (MSG-3032)
Information:    34     4  0 OPT-902   WARNING   Warning: No clock routing rules were specified. Use set_cloc... (MSG-3032)
Information:    37    12  5 LGL-050   WARNING   Warning: Library cell saed14rvt_frame_timing:SAEDRVT14_DCAP_... (MSG-3032)
Information:   185    56  1        8  <------   Total sum of messages (MSG-3038)
Information: >>>>>>> Summary: 56 error&warning MSGs observed during fusion (MSG-3103)
Information: Ending   'compile_fusion -from final_opto -to final_opto' (FLW-8001)
Information: Time: 2025-05-28 13:39:19 / Session:  00:01:56 / Command:  00:00:11 / CPU:  00:00:30 / Memory: 1290 MB (FLW-8100)
Information: Running auto PG connection. (NDM-099)
Generating reports for stage: final_opto
[Tim-Power] Info: Cleared Leakage libCell cache.
Generated reports for stage: final_opto
check_legality

************************

running check_legality

Warning: Routing direction of metal layer PO is neither "horizontal" nor "vertical".  PDC checks will not be performed on this layer. (PDC-003)
PDC app_options settings =========
	place.legalize.enable_prerouted_net_check: 1
	place.legalize.num_tracks_for_access_check: 1
	place.legalize.use_eol_spacing_for_access_check: 0
	place.legalize.allow_touch_track_for_access_check: 1
	place.legalize.reduce_conservatism_in_eol_check: 0
	place.legalize.preroute_shape_merge_distance: 0.0
	place.legalize.enable_non_preferred_direction_span_check: 0

Layer M1: cached 0 shapes out of 0 total shapes.
Layer M2: cached 0 shapes out of 0 total shapes.
Layer M3: cached 0 shapes out of 0 total shapes.
Cached 0 vias out of 0 total vias.

check_legality for block design dut_toplevel ... 
Information: Initializing classic cellmap without advanced rules enabled and without PDC enabled
Information: The following app options are used in cellmap
        place.legalize.enable_color_aware_placement : false
        place.legalize.use_nll_query_cm : false
        place.legalize.enable_advanced_legalizer : false
        place.legalize.enable_prerouted_net_check : true
        place.legalize.enable_advanced_prerouted_net_check : false
        place.legalize.always_continue : true
        place.legalize.limit_legality_checks : false
        place.common.pnet_aware_density : 1.0000
        place.common.pnet_aware_min_width : 0.0000
        place.common.pnet_aware_layers : {}
        place.common.use_placement_model : false
        place.common.enable_advanced_placement_model : true
        cts.placement.cell_spacing_rule_style : maximum
Warning: Library cell saed14rvt_frame_timing:SAEDRVT14_ISOFSDPQ_PECO_8.frame is missing supply pins. Its power structure cannot be determined. (LGL-050)
Warning: Library cell saed14rvt_frame_timing:SAEDRVT14_DCAP_PV1ECO_12.frame is missing supply pins. Its power structure cannot be determined. (LGL-050)
Total 0.0106 seconds to build cellmap data
Information: Creating classic rule checker.
Warning: Routing direction of metal layer PO is neither "horizontal" nor "vertical".  PDC checks will not be performed on this layer. (PDC-003)
=====> Processed 58 ref cells (23 fillers) from library
Design has no advanced rules
Checking legality
Checking cell legality:
0%....10%....20%....30%....40%....50%....60%....70%....80%....90%....100%
Sorting rows.
Checking spacing rule legality.
0%....10%....20%....30%....40%....50%....60%....70%....80%....90%....100%
Checking packing rule legality.


****************************************
  Report : Legality
****************************************

VIOLATIONS BY CATEGORY:
   MOVABLE  APP-FIXED USER-FIXED  DESCRIPTION
         0          0          0  Two objects overlap.
         0          0          0  A cell violates a pnet.
         0          0          0  A cell is illegal at a site.
         0          0          0  A cell is not aligned with a site.
         0          0          0  A cell has an illegal orientation.
         0          0          0  A cell spacing rule is violated.
         0          0          0  A layer rule is violated.
         0          0          0  A cell is in the wrong region.
         0          0          0  Two cells violate cts margins.
         0          0          0  Two cells violate coloring.

         0          0          0  TOTAL

TOTAL 0 Violations.

VIOLATIONS BY SUBCATEGORY:
     MOVABLE  APP-FIXED USER-FIXED  DESCRIPTION

         0          0          0    Two objects overlap.
           0          0          0    Two cells overlap.
           0          0          0    Two cells have overlapping keepout margins.
           0          0          0    A cell overlaps a blockage.
           0          0          0    A cell keepout margin overlaps a blockage.

         0          0          0    A cell violates a pnet.

         0          0          0    A cell is illegal at a site.
           0          0          0    A cell violates pin-track alignment rules.
           0          0          0    A cell is illegal at a site.
           0          0          0    A cell violates legal index rule.
           0          0          0    A cell has the wrong variant for its location.

         0          0          0    A cell is not aligned with a site.
           0          0          0    A cell is not aligned with the base site.
           0          0          0    A cell is not aligned with an overlaid site.

         0          0          0    A cell has an illegal orientation.

         0          0          0    A cell spacing rule is violated.
           0          0          0    A spacing rule is violated in a row.
           0          0          0    A spacing rule is violated between adjacent rows.
           0          0          0    A cell violates vertical abutment rule.
           0          0          0    A cell violates metal spacing rule.

         0          0          0    A layer rule is violated.
           0          0          0    A layer VTH rule is violated.
           0          0          0    A layer OD rule is violated.
           0          0          0    A layer OD max-width rule is violated.
           0          0          0    A layer ALL_OD corner rule is violated.
           0          0          0    A layer max-vertical-length rule is violated.
           0          0          0    A layer TPO rule is violated.
           0          0          0    Filler cell insertion cannot satisfy layer rules.

         0          0          0    A cell is in the wrong region.
           0          0          0    A cell is outside its hard bound.
           0          0          0    A cell is in the wrong voltage area.
           0          0          0    A cell violates an exclusive movebound.

         0          0          0    Two cells violate cts margins.

         0          0          0    Two cells violate coloring.


check_legality for block design dut_toplevel succeeded!


check_legality succeeded.

**************************

1
save_block
RDE-checksum: 54294335
Information: Saving block 'dut_toplevel.dlib:dut_toplevel/compile_flow.design'
1
save_lib
Saving library 'dut_toplevel.dlib'
Warning: No valid clocks available in mode 'default'. Setting clock frequency to 1 GHz. (POW-034)
RDE-checksum: 54294335
1
close_blocks
Information: Decrementing open_count of block 'dut_toplevel.dlib:dut_toplevel/compile_flow.design' to 1. (DES-022)
1
close_lib
Closing library 'dut_toplevel.dlib'
Information: The net parasitics of block dut_toplevel are cleared. (TIM-123)
1
exit
Maximum memory usage for this session: 1290.25 MB
Maximum memory usage for this session including child processes: 1290.25 MB
CPU usage for this session:    300 seconds (  0.08 hours)
Elapsed time for this session:    117 seconds (  0.03 hours)
Thank you for using Fusion Compiler.
