


                              Fusion Compiler (TM)

                  Version V-2023.12 for linux64 - Nov 23, 2023
  This release has significant feature enhancements. Please review the Release
                       Notes associated with this release.

                    Copyright (c) 1988 - 2023 Synopsys, Inc.
   This software and the associated documentation are proprietary to Synopsys,
 Inc. This software may only be used in accordance with the terms and conditions
 of a written license agreement with Synopsys, Inc. All other use, reproduction,
   or distribution of this software is strictly prohibited.  Licensed Products
     communicate with Synopsys servers for the purpose of providing software
    updates, detecting software piracy and verifying that customers are using
    Licensed Products in conformity with the applicable License Key for such
  Licensed Products. Synopsys will use information gathered in connection with
    this process to deliver software updates and pursue software pirates and
                                   infringers.

 Inclusivity & Diversity - Visit SolvNetPlus to read the "Synopsys Statement on
            Inclusivity and Diversity" (Refer to article 000036315 at
                        https://solvnetplus.synopsys.com)
 
Error: This script has expired. Please contact Aditya/Amir/Wei-Chih.
Loading user preference file /home/student/.synopsys_fc_gui/preferences.tcl
#####################################################################
#####     Task 1 - Auto Floorplan Creation
#####################################################################
set DesignStage auto_floorplan
auto_floorplan
#### Sourcing main setup script
source -echo  ../../../setup/main_setup.tcl
#####################################################################
###           Main Setup Script for Fusion Compiler
#####################################################################
set LabRootDir			"[pwd]/../../../.."     ; # root dir for the labs
set LabDir				"${LabRootDir}/lab" ; # directory for lab exercises
set SrcDir				"${LabRootDir}/src"  ; # directory for source files (RTL, SDC)
#set TechLibDir			"${LabRootDir}/tech" ; # technology library path
set TechLibDir			"/eda/synopsys/files/FC_Labs/common" ; # technology library path
set SetupDir			"${LabDir}/setup"   ; # directory with setup files
set TechLibName			"saed14rvt"			 ; # define library name
set CellPrefix			"SAEDRVT14"			 ; # define cell prefix
set TechNodeName		"saed14nm"			 ; # define technology node name
set MetalStack			"1p9m"				 ; # define metal stack
#set RefNdmType			"frame_only"		 ; # define reference ndm type: "frame_only" or "frame_timing"
set RefNdmType			"frame_timing"		 ; # define reference ndm type: "frame_only" or "frame_timing"
set RefLibDir			"${TechLibDir}/ndm" ; # reference library path
set RefLib				"${RefLibDir}/${TechLibName}_${RefNdmType}.ndm" ; # reference library
set TechFileDir    		"${TechLibDir}/tf"  ; # directory with technology file(s)
set TechFile			"${TechFileDir}/${TechNodeName}_${MetalStack}.tf" ; # technology file
#set TechNdm				""
set LibertyDir			"${TechLibDir}/liberty" ; # 
set TlupDir				"${TechLibDir}/tlup" ; # 
set TlupMinFile			"${TlupDir}/${TechNodeName}_${MetalStack}_Cmin.tlup" ; # 
set TlupNomFile			"${TlupDir}/${TechNodeName}_${MetalStack}_Cnom.tlup" ; # 
set TlupMaxFile			"${TlupDir}/${TechNodeName}_${MetalStack}_Cmax.tlup" ; # 
set NxtGrdDir			"${TechLibDir}/nxtgrd" ; # 
set NxtGrdMinFile		"${NxtGrdDir}/${TechNodeName}_${MetalStack}_Cmin.nxtgrd" ; # 
set NxtGrdNomFile		"${NxtGrdDir}/${TechNodeName}_${MetalStack}_Cnom.nxtgrd" ; # 
set NxtGrdMaxFile		"${NxtGrdDir}/${TechNodeName}_${MetalStack}_Cmax.nxtgrd" ; # 
set MapDir				"${TechLibDir}/map" ; # 
set GdsDir				"${TechLibDir}/gds" ; # 
set RunsetDir			"${TechLibDir}/runsets" ; # 
set GdsFile				"${GdsDir}/saed14rvt.gds" ; # 
set GdsMapFile			"${MapDir}/saed14nm_1p9m_gdsout_mw.map" ; # 
set LayerMapFile		"${MapDir}/${TechNodeName}_tf_itf_tluplus.map" ; # 
set DrcRunsetFile		"${RunsetDir}/saed14nm_1p9m_drc_rules.rs" ; # 
set MetalFillRunsetFile	"${RunsetDir}/saed14nm_1p9m_mfill_rules.rs" ; # 
set RtlDir				"${SrcDir}/rtl" ; # directory with source files
set SystemVerilogDir	"${RtlDir}/sverilog" ; # directory containing SystemVerilog HDL source files
set VerilogDir			"${RtlDir}/verilog" ; # directory containing Verilog HDL source files
set VhdlDir				"${RtlDir}/vhdl" ; # directory containing VHDL source files
set SdcDir				"${SrcDir}/sdc" ; # directory with constraint files
set ResultsDir			"${LabDir}/results" ; # directory for outcomes of the lab
set SolutionDir			"${LabDir}/solution" ; # backup directory for outcomes of the lab
set ReportsDir			"${LabDir}/reports" ; # directory for report files
echo					${SetupDir}
/home/student/Documents/kdz/ASIC/labs/Lab_5/asic_lab5/lab/tasks/task1/work/../../../../lab/setup
source 					${SetupDir}/utilities.tcl
#### Sourcing project specyfic setup script
source -echo  ${SetupDir}/design_setup.tcl
#####################################################################
###                           Design Setup Script for Fusion Compiler
#####################################################################
set DesignName				"dut_toplevel"			; # define design name # 
set DesignLibrary			"${DesignName}.dlib"	; # define design library name # 
set WorkDir					"[pwd]"					; # define current working directory # 
set TechFlowType			"tf"					; # set "tf" for TECH_FILE-based flow or set "ndm" for TECH_NDM-based flow. # 
set ParasiticModel			"tlup"					; # set "tlup" for using TLUP files or  set "nxtgrd" for using NXTGRD files. # 
set HDL						"sverilog"				; # set "sverilog", "verilog" or "vhdl" for reading SystemVerilog, Verilog or VHDL RTL, respectively.
set SdcFile					"${SdcDir}/${DesignName}.sdc" ; # specify file with design constraints # 
set NormalModeSdcFile		"${SdcDir}/${DesignName}_normal.sdc" ; # specify file with design constraints for normal mode 
set PowerSaveModeSdcFile	"${SdcDir}/${DesignName}_power_save.sdc" ; # specify file with design constraints for low power mode 
set PVT_FF					"ff0p88v125c"			; # set FF PVT
set PVT_TT					"tt0p8v25c"				; # set TT PVT
set PVT_SS					"ss0p72vm40c"			; # set SS PVT
set DB_FF					"${LibertyDir}/${TechLibName}_${PVT_FF}.db"
set DB_TT					"${LibertyDir}/${TechLibName}_${PVT_TT}.db"
set DB_SS					"${LibertyDir}/${TechLibName}_${PVT_SS}.db"
set ClockName               "clk"
set CoreUtilization         0.65
set CoreOffset              5
set CoreShape               "R"
set CoreSideRatio           [list 2.5 1.5]
set FlipFirstRow            "true"
set BlockPinLayers          [list "M3" "M4"]
set BlockPinSides           [list 1 2 3]
set BlockPinSpacing         1
set BlockPinWidth           0.11
set BlockPinLength          0.11
set ClockPinLayers          "M5"
set ClockPinSides           4
set TapCellDistance			40
#Configure host file/options
set_host_options -max_cores 12
1
# Open the design library
open_lib ${ResultsDir}/${DesignLibrary}
Information: Loading library file '/home/student/Documents/kdz/ASIC/labs/Lab_5/asic_lab5/lab/results/dut_toplevel.dlib' (FILE-007)
Information: Loading library file '/eda/synopsys/files/FC_Labs/common/ndm/saed14rvt_frame_timing.ndm' (FILE-007)
{dut_toplevel.dlib}
# Copy and open block
copy_block -from ${DesignName}/rtl_read -to ${DesignName}/auto_floorplan
Information: User units loaded from library 'saed14rvt_frame_timing' (LNK-040)
{dut_toplevel.dlib:dut_toplevel/auto_floorplan.design}
open_block ${DesignName}/auto_floorplan
Information: Incrementing open_count of block 'dut_toplevel.dlib:dut_toplevel/auto_floorplan.design' to 2. (DES-021)
{dut_toplevel.dlib:dut_toplevel/auto_floorplan.design}
# Source tech setup script
source -echo ${SetupDir}/technology_setup.tcl
#####################################################################
#####                                        Technology Setup Script                                       #####
#####################################################################
set_attribute [get_site_defs unit] symmetry Y
set_attribute [get_site_defs unit] is_default true
if {[string equal tlup ${ParasiticModel}]} {
	read_parasitic_tech -layermap ${LayerMapFile} -tlup ${TlupMaxFile} -name maxTLU
	read_parasitic_tech -layermap ${LayerMapFile} -tlup ${TlupNomFile} -name nomTLU
	read_parasitic_tech -layermap ${LayerMapFile} -tlup ${TlupMinFile} -name minTLU
} elseif {[string equal nxtgrd ${ParasiticModel}]} {
	read_parasitic_tech -layermap ${LayerMapFile} -tlup ${NxtGrdMaxFile} -name maxTLU
	read_parasitic_tech -layermap ${LayerMapFile} -tlup ${NxtGrdNomFile} -name nomTLU
	read_parasitic_tech -layermap ${LayerMapFile} -tlup ${NxtGrdMinFile} -name minTLU
} 
Information: The command 'read_parasitic_tech' cleared the undo history. (UNDO-016)
WARNING: Layer mapping file warning. Tech layer 'M1_3' mapped in layer mapping file cannot be found in technology section.
WARNING: Layer mapping file warning. Tech layer 'M2_3' mapped in layer mapping file cannot be found in technology section.
WARNING: Layer mapping file warning. Tech layer 'M3_3' mapped in layer mapping file cannot be found in technology section.
WARNING: Layer mapping file warning. Tech layer 'M1_3' mapped in layer mapping file cannot be found in technology section.
WARNING: Layer mapping file warning. Tech layer 'M2_3' mapped in layer mapping file cannot be found in technology section.
WARNING: Layer mapping file warning. Tech layer 'M3_3' mapped in layer mapping file cannot be found in technology section.
WARNING: Layer mapping file warning. Tech layer 'M1_3' mapped in layer mapping file cannot be found in technology section.
WARNING: Layer mapping file warning. Tech layer 'M2_3' mapped in layer mapping file cannot be found in technology section.
WARNING: Layer mapping file warning. Tech layer 'M3_3' mapped in layer mapping file cannot be found in technology section.
#suppress_message ATTR-12
set_attribute [get_layers {M1 M3 M5 M7 M9}]   routing_direction vertical
Information: The design specific attribute override for layer 'M1' is set in the current block 'dut_toplevel', because the actual library setting may not be overwritten. (ATTR-12)
Information: The design specific attribute override for layer 'M3' is set in the current block 'dut_toplevel', because the actual library setting may not be overwritten. (ATTR-12)
Information: The design specific attribute override for layer 'M5' is set in the current block 'dut_toplevel', because the actual library setting may not be overwritten. (ATTR-12)
Information: The design specific attribute override for layer 'M7' is set in the current block 'dut_toplevel', because the actual library setting may not be overwritten. (ATTR-12)
Information: The design specific attribute override for layer 'M9' is set in the current block 'dut_toplevel', because the actual library setting may not be overwritten. (ATTR-12)
set_attribute [get_layers {M2 M4 M6 M8 MRDL}] routing_direction horizontal
Information: The design specific attribute override for layer 'M2' is set in the current block 'dut_toplevel', because the actual library setting may not be overwritten. (ATTR-12)
Information: The design specific attribute override for layer 'M4' is set in the current block 'dut_toplevel', because the actual library setting may not be overwritten. (ATTR-12)
Information: The design specific attribute override for layer 'M6' is set in the current block 'dut_toplevel', because the actual library setting may not be overwritten. (ATTR-12)
Information: The design specific attribute override for layer 'M8' is set in the current block 'dut_toplevel', because the actual library setting may not be overwritten. (ATTR-12)
Information: The design specific attribute override for layer 'MRDL' is set in the current block 'dut_toplevel', because the actual library setting may not be overwritten. (ATTR-12)
#unsuppress_message ATTR-12
# Read the constraints
read_sdc -echo ${SdcFile}
Information: The command 'read_sdc' cleared the undo history. (UNDO-016)
Using libraries: dut_toplevel.dlib saed14rvt_frame_timing
Visiting block dut_toplevel.dlib:dut_toplevel/auto_floorplan.design
Design 'dut_toplevel' was successfully linked.
Information: Loading SDC version 2.1 file '/home/student/Documents/kdz/ASIC/labs/Lab_5/asic_lab5/src/sdc/dut_toplevel.sdc' (FILE-007)
set ClockName clk
set Period 2
set RiseTransition 0.3
set FallTransition 0.2
set Uncertainty 0.4
create_clock -period $Period -name $ClockName [get_ports $ClockName]
set_clock_uncertainty -setup $Uncertainty [get_clocks $ClockName]
set_clock_transition -rise $RiseTransition [get_clocks $ClockName]
set_clock_transition -fall $FallTransition [get_clocks $ClockName]
1
# MCMM setup
source -echo ${SetupDir}/mcmm_setup.tcl
#####################################################################
#####						MCMM Setup Script					#####
#####################################################################
# Remove all MCMM related info
remove_corners   -all
remove_modes     -all
remove_scenarios -all
# Create Corner(s)
create_corner Fast
create_corner Typical
create_corner Slow
# Set parasitics parameters
set_parasitics_parameters -early_spec minTLU -late_spec  minTLU -corners {Fast}
set_parasitics_parameters -early_spec nomTLU -late_spec  nomTLU -corners {Typical}
set_parasitics_parameters -early_spec maxTLU -late_spec  maxTLU -corners {Slow}
foreach mode_name {Normal PowerSave} {

	echo "Current mode: ${mode_name}"
	
	# Create Mode 
	create_mode  ${mode_name}
	current_mode ${mode_name}
	
	# Create Scenario(s) for current mode
	create_scenario -mode ${mode_name} -corner Fast    -name ${mode_name}_Fast
	create_scenario -mode ${mode_name} -corner Typical -name ${mode_name}_Typical
	create_scenario -mode ${mode_name} -corner Slow    -name ${mode_name}_Slow

	# Read Constraints for each scenario
	set scenarios [get_attribute [get_scenarios -modes ${mode_name}] name]
	
	echo "Current mode scenarios: ${scenarios}"
	
	foreach scenario ${scenarios} {
		echo "Current scenario: ${scenario}"
		current_scenario ${scenario}
		read_sdc [set ${mode_name}ModeSdcFile]
	}

	# Set operating conditions for each corner and scenario
	current_corner Fast
	current_scenario ${mode_name}_Fast
	set_operating_conditions ${PVT_FF}

	current_corner Typical
	current_scenario ${mode_name}_Typical
	set_operating_conditions ${PVT_TT}

	current_corner Slow
	current_scenario ${mode_name}_Slow
	set_operating_conditions ${PVT_SS}

	# Scenario configuration 
	set_scenario_status ${mode_name}_Fast -all -active tru
	set_scenario_status ${mode_name}_Typical -all -active true
	set_scenario_status ${mode_name}_Slow -all -active true

}
Current mode: Normal
Created scenario Normal_Fast for mode Normal and corner Fast
All analysis types are activated.
Created scenario Normal_Typical for mode Normal and corner Typical
All analysis types are activated.
Created scenario Normal_Slow for mode Normal and corner Slow
All analysis types are activated.
Current mode scenarios: Normal_Fast Normal_Slow Normal_Typical
Current scenario: Normal_Fast
Information: Loading SDC version 2.1 file '/home/student/Documents/kdz/ASIC/labs/Lab_5/asic_lab5/src/sdc/dut_toplevel_normal.sdc' (FILE-007)
Current scenario: Normal_Slow
Information: Loading SDC version 2.1 file '/home/student/Documents/kdz/ASIC/labs/Lab_5/asic_lab5/src/sdc/dut_toplevel_normal.sdc' (FILE-007)
Warning: Redefining clock 'clk'.  
        Previously defined at: /home/student/Documents/kdz/ASIC/labs/Lab_5/asic_lab5/src/sdc/dut_toplevel_normal.sdc, line 8 (UIC-034)
Current scenario: Normal_Typical
Information: Loading SDC version 2.1 file '/home/student/Documents/kdz/ASIC/labs/Lab_5/asic_lab5/src/sdc/dut_toplevel_normal.sdc' (FILE-007)
Warning: Redefining clock 'clk'.  
        Previously defined at: /home/student/Documents/kdz/ASIC/labs/Lab_5/asic_lab5/src/sdc/dut_toplevel_normal.sdc, line 8 (UIC-034)
Information: Cellem using advance interpolation.
Scenario Normal_Fast (mode Normal corner Fast) is active for setup/hold/leakage_power/dynamic_power/max_transition/max_capacitance/min_capacitance/cell_em/signal_em analysis.
Scenario Normal_Typical (mode Normal corner Typical) is active for setup/hold/leakage_power/dynamic_power/max_transition/max_capacitance/min_capacitance/cell_em/signal_em analysis.
Scenario Normal_Slow (mode Normal corner Slow) is active for setup/hold/leakage_power/dynamic_power/max_transition/max_capacitance/min_capacitance/cell_em/signal_em analysis.
Current mode: PowerSave
Created scenario PowerSave_Fast for mode PowerSave and corner Fast
All analysis types are activated.
Created scenario PowerSave_Typical for mode PowerSave and corner Typical
All analysis types are activated.
Created scenario PowerSave_Slow for mode PowerSave and corner Slow
All analysis types are activated.
Current mode scenarios: PowerSave_Fast PowerSave_Slow PowerSave_Typical
Current scenario: PowerSave_Fast
Information: Loading SDC version 2.1 file '/home/student/Documents/kdz/ASIC/labs/Lab_5/asic_lab5/src/sdc/dut_toplevel_power_save.sdc' (FILE-007)
Current scenario: PowerSave_Slow
Information: Loading SDC version 2.1 file '/home/student/Documents/kdz/ASIC/labs/Lab_5/asic_lab5/src/sdc/dut_toplevel_power_save.sdc' (FILE-007)
Warning: Redefining clock 'clk'.  
        Previously defined at: /home/student/Documents/kdz/ASIC/labs/Lab_5/asic_lab5/src/sdc/dut_toplevel_power_save.sdc, line 8 (UIC-034)
Current scenario: PowerSave_Typical
Information: Loading SDC version 2.1 file '/home/student/Documents/kdz/ASIC/labs/Lab_5/asic_lab5/src/sdc/dut_toplevel_power_save.sdc' (FILE-007)
Warning: Redefining clock 'clk'.  
        Previously defined at: /home/student/Documents/kdz/ASIC/labs/Lab_5/asic_lab5/src/sdc/dut_toplevel_power_save.sdc, line 8 (UIC-034)
Scenario PowerSave_Fast (mode PowerSave corner Fast) is active for setup/hold/leakage_power/dynamic_power/max_transition/max_capacitance/min_capacitance/cell_em/signal_em analysis.
Scenario PowerSave_Typical (mode PowerSave corner Typical) is active for setup/hold/leakage_power/dynamic_power/max_transition/max_capacitance/min_capacitance/cell_em/signal_em analysis.
Scenario PowerSave_Slow (mode PowerSave corner Slow) is active for setup/hold/leakage_power/dynamic_power/max_transition/max_capacitance/min_capacitance/cell_em/signal_em analysis.
# Setup application options
set_app_options -name place.coarse.continue_on_missing_scandef -value true
place.coarse.continue_on_missing_scandef true
set_app_options -name compile.auto_floorplan.enable            -value true
compile.auto_floorplan.enable true
# Check the design before compile_fusion
compile_fusion -check_only
Warning: No site rows found in floorplan. (LGL-397)
Information: Timer using 12 threads
INFO: compile_fusion is running in balanced flow mode.
Warning: No site rows found in floorplan. (LGL-397)
Information: Starting 'compile_fusion -check_only' (FLW-8000)
Information: Time: 2025-06-18 11:04:04 / Session:  00:00:06 / Command:  00:00:00 / CPU:  00:00:00 / Memory: 470 MB (FLW-8100)
Information: CPU Load: 6%, Ram Free: 39 GB, Swap Free: 1 GB, Work Disk Free: 308 GB, Tmp Disk Free: 308 GB (MSG-3995)
CPU Load: 6%, Ram Free: 39 GB, Swap Free: 1 GB, Work Disk Free: 308 GB, Tmp Disk Free: 308 GB
Warning: No site rows found in floorplan. (LGL-397)
INFO: Start environment monitoring: recipes
INFO: compile_fusion is running in balanced flow mode.
Warning: No site rows found in floorplan. (LGL-397)
Warning: No site rows found in floorplan. (LGL-397)
Warning: No site rows found in floorplan. (LGL-397)
Warning: No site rows found in floorplan. (LGL-397)
Warning: No site rows found in floorplan. (LGL-397)
Warning: No site rows found in floorplan. (LGL-397)
Warning: No site rows found in floorplan. (LGL-397)
Warning: In design 'dut_toplevel', port 'proc_req_in0_arb_mode_id[0]' is connected to a zero width bus. (DCHK-024)
Warning: In design 'dut_toplevel', port 'proc_req_in1_arb_mode_id[0]' is connected to a zero width bus. (DCHK-024)
Warning: In design 'dut_toplevel', port 'proc_req_in2_arb_mode_id[0]' is connected to a zero width bus. (DCHK-024)
Warning: In design 'dut_processing_control_INST', port 'dut_processing_control_INST/proc_req_in0_arb_mode_id[0]' is connected to a zero width bus. (DCHK-024)
Warning: In design 'dut_processing_control_INST', port 'dut_processing_control_INST/proc_req_in1_arb_mode_id[0]' is connected to a zero width bus. (DCHK-024)
Warning: In design 'dut_processing_control_INST', port 'dut_processing_control_INST/proc_req_in2_arb_mode_id[0]' is connected to a zero width bus. (DCHK-024)
Warning: In design 'dut_processing_control_INST', port 'dut_processing_control_INST/VDD' is not connected to any nets. (DCHK-016)
Warning: In design 'dut_processing_control_INST', port 'dut_processing_control_INST/VSS' is not connected to any nets. (DCHK-016)
Warning: In design 'dut_input_channel_control_0_INST', port 'dut_input_channel_control_0_INST/VDD' is not connected to any nets. (DCHK-016)
Warning: In design 'dut_input_channel_control_0_INST', port 'dut_input_channel_control_0_INST/VSS' is not connected to any nets. (DCHK-016)
Warning: In design 'dut_input_channel_control_1_INST', port 'dut_input_channel_control_1_INST/VDD' is not connected to any nets. (DCHK-016)
Warning: In design 'dut_input_channel_control_1_INST', port 'dut_input_channel_control_1_INST/VSS' is not connected to any nets. (DCHK-016)
Warning: In design 'dut_input_channel_control_2_INST', port 'dut_input_channel_control_2_INST/VDD' is not connected to any nets. (DCHK-016)
Warning: In design 'dut_input_channel_control_2_INST', port 'dut_input_channel_control_2_INST/VSS' is not connected to any nets. (DCHK-016)
Warning: In design 'dut_arbiter_INST', port 'dut_arbiter_INST/in0_arb_mode_id_en[0]' is connected to a zero width bus. (DCHK-024)
Warning: In design 'dut_arbiter_INST', port 'dut_arbiter_INST/in1_arb_mode_id_en[0]' is connected to a zero width bus. (DCHK-024)
Warning: In design 'dut_arbiter_INST', port 'dut_arbiter_INST/in2_arb_mode_id_en[0]' is connected to a zero width bus. (DCHK-024)
Warning: In design 'dut_arbiter_INST', port 'dut_arbiter_INST/VDD' is not connected to any nets. (DCHK-016)
Warning: In design 'dut_arbiter_INST', port 'dut_arbiter_INST/VSS' is not connected to any nets. (DCHK-016)
Warning: In design 'math_wrapper_INST', input pin 'math_wrapper_INST/dut_multiplier_18x18_comb_inst/VDD' of hierarchical cell 'math_wrapper_INST/dut_multiplier_18x18_comb_inst' has no internal loads and is not being driven. (DCHK-004)
Warning: In design 'math_wrapper_INST', input pin 'math_wrapper_INST/dut_multiplier_18x18_comb_inst/VSS' of hierarchical cell 'math_wrapper_INST/dut_multiplier_18x18_comb_inst' has no internal loads and is not being driven. (DCHK-004)
Warning: In design 'math_wrapper_INST', port 'math_wrapper_INST/VDD' is not connected to any nets. (DCHK-016)
Warning: In design 'math_wrapper_INST', port 'math_wrapper_INST/VSS' is not connected to any nets. (DCHK-016)
Warning: In design 'math_wrapper_INST/dut_multiplier_18x18_comb_inst', input pin 'math_wrapper_INST/dut_multiplier_18x18_comb_inst/mult_a0b0/VDD' of hierarchical cell 'math_wrapper_INST/dut_multiplier_18x18_comb_inst/mult_a0b0' has no internal loads and is not being driven. (DCHK-004)
Warning: In design 'math_wrapper_INST/dut_multiplier_18x18_comb_inst', input pin 'math_wrapper_INST/dut_multiplier_18x18_comb_inst/mult_a0b0/VSS' of hierarchical cell 'math_wrapper_INST/dut_multiplier_18x18_comb_inst/mult_a0b0' has no internal loads and is not being driven. (DCHK-004)
Warning: In design 'math_wrapper_INST/dut_multiplier_18x18_comb_inst', input pin 'math_wrapper_INST/dut_multiplier_18x18_comb_inst/mult_a1b0/VDD' of hierarchical cell 'math_wrapper_INST/dut_multiplier_18x18_comb_inst/mult_a1b0' has no internal loads and is not being driven. (DCHK-004)
Warning: In design 'math_wrapper_INST/dut_multiplier_18x18_comb_inst', input pin 'math_wrapper_INST/dut_multiplier_18x18_comb_inst/mult_a1b0/VSS' of hierarchical cell 'math_wrapper_INST/dut_multiplier_18x18_comb_inst/mult_a1b0' has no internal loads and is not being driven. (DCHK-004)
Warning: In design 'math_wrapper_INST/dut_multiplier_18x18_comb_inst', input pin 'math_wrapper_INST/dut_multiplier_18x18_comb_inst/mult_a0b1/VDD' of hierarchical cell 'math_wrapper_INST/dut_multiplier_18x18_comb_inst/mult_a0b1' has no internal loads and is not being driven. (DCHK-004)
Warning: In design 'math_wrapper_INST/dut_multiplier_18x18_comb_inst', input pin 'math_wrapper_INST/dut_multiplier_18x18_comb_inst/mult_a0b1/VSS' of hierarchical cell 'math_wrapper_INST/dut_multiplier_18x18_comb_inst/mult_a0b1' has no internal loads and is not being driven. (DCHK-004)
Warning: In design 'math_wrapper_INST/dut_multiplier_18x18_comb_inst', input pin 'math_wrapper_INST/dut_multiplier_18x18_comb_inst/mult_a1b1/VDD' of hierarchical cell 'math_wrapper_INST/dut_multiplier_18x18_comb_inst/mult_a1b1' has no internal loads and is not being driven. (DCHK-004)
Warning: In design 'math_wrapper_INST/dut_multiplier_18x18_comb_inst', input pin 'math_wrapper_INST/dut_multiplier_18x18_comb_inst/mult_a1b1/VSS' of hierarchical cell 'math_wrapper_INST/dut_multiplier_18x18_comb_inst/mult_a1b1' has no internal loads and is not being driven. (DCHK-004)
Warning: In design 'math_wrapper_INST/dut_multiplier_18x18_comb_inst', port 'math_wrapper_INST/dut_multiplier_18x18_comb_inst/VDD' is not connected to any nets. (DCHK-016)
Warning: In design 'math_wrapper_INST/dut_multiplier_18x18_comb_inst', port 'math_wrapper_INST/dut_multiplier_18x18_comb_inst/VSS' is not connected to any nets. (DCHK-016)
Warning: In design 'math_wrapper_INST/dut_multiplier_18x18_comb_inst/mult_a0b0', port 'math_wrapper_INST/dut_multiplier_18x18_comb_inst/mult_a0b0/VDD' is not connected to any nets. (DCHK-016)
Warning: In design 'math_wrapper_INST/dut_multiplier_18x18_comb_inst/mult_a0b0', port 'math_wrapper_INST/dut_multiplier_18x18_comb_inst/mult_a0b0/VSS' is not connected to any nets. (DCHK-016)
Warning: In design 'math_wrapper_INST/dut_multiplier_18x18_comb_inst/mult_a1b0', port 'math_wrapper_INST/dut_multiplier_18x18_comb_inst/mult_a1b0/VDD' is not connected to any nets. (DCHK-016)
Warning: In design 'math_wrapper_INST/dut_multiplier_18x18_comb_inst/mult_a1b0', port 'math_wrapper_INST/dut_multiplier_18x18_comb_inst/mult_a1b0/VSS' is not connected to any nets. (DCHK-016)
Warning: In design 'math_wrapper_INST/dut_multiplier_18x18_comb_inst/mult_a0b1', port 'math_wrapper_INST/dut_multiplier_18x18_comb_inst/mult_a0b1/VDD' is not connected to any nets. (DCHK-016)
Warning: In design 'math_wrapper_INST/dut_multiplier_18x18_comb_inst/mult_a0b1', port 'math_wrapper_INST/dut_multiplier_18x18_comb_inst/mult_a0b1/VSS' is not connected to any nets. (DCHK-016)
Warning: In design 'math_wrapper_INST/dut_multiplier_18x18_comb_inst/mult_a1b1', port 'math_wrapper_INST/dut_multiplier_18x18_comb_inst/mult_a1b1/VDD' is not connected to any nets. (DCHK-016)
Warning: In design 'math_wrapper_INST/dut_multiplier_18x18_comb_inst/mult_a1b1', port 'math_wrapper_INST/dut_multiplier_18x18_comb_inst/mult_a1b1/VSS' is not connected to any nets. (DCHK-016)
Warning: In design 'dut_fifo_INST', cell 'dut_fifo_INST/B_0' does not drive any nets. (DCHK-008)
Warning: In design 'dut_fifo_INST', cell 'dut_fifo_INST/B_1' does not drive any nets. (DCHK-008)
Warning: In design 'dut_fifo_INST', port 'dut_fifo_INST/fifo_full' is connected to net 'dut_fifo_INST/N0' which does not have same name. (DCHK-026)
Warning: In design 'dut_fifo_INST', port 'dut_fifo_INST/VDD' is not connected to any nets. (DCHK-016)
Warning: In design 'dut_fifo_INST', port 'dut_fifo_INST/VSS' is not connected to any nets. (DCHK-016)
Warning: In design 'dut_output_control_INST', port 'dut_output_control_INST/fifo_out_data_packed[38]' is connected to net 'dut_output_control_INST/out_data[35]' which does not have same name. (DCHK-026)
Warning: In design 'dut_output_control_INST', port 'dut_output_control_INST/fifo_out_data_packed[37]' is connected to net 'dut_output_control_INST/out_data[34]' which does not have same name. (DCHK-026)
Warning: In design 'dut_output_control_INST', port 'dut_output_control_INST/fifo_out_data_packed[36]' is connected to net 'dut_output_control_INST/out_data[33]' which does not have same name. (DCHK-026)
Warning: In design 'dut_output_control_INST', port 'dut_output_control_INST/fifo_out_data_packed[35]' is connected to net 'dut_output_control_INST/out_data[32]' which does not have same name. (DCHK-026)
Warning: In design 'dut_output_control_INST', port 'dut_output_control_INST/fifo_out_data_packed[34]' is connected to net 'dut_output_control_INST/out_data[31]' which does not have same name. (DCHK-026)
Warning: In design 'dut_output_control_INST', port 'dut_output_control_INST/fifo_out_data_packed[33]' is connected to net 'dut_output_control_INST/out_data[30]' which does not have same name. (DCHK-026)
Warning: In design 'dut_output_control_INST', port 'dut_output_control_INST/fifo_out_data_packed[32]' is connected to net 'dut_output_control_INST/out_data[29]' which does not have same name. (DCHK-026)
Warning: In design 'dut_output_control_INST', port 'dut_output_control_INST/fifo_out_data_packed[31]' is connected to net 'dut_output_control_INST/out_data[28]' which does not have same name. (DCHK-026)
Warning: In design 'dut_output_control_INST', port 'dut_output_control_INST/fifo_out_data_packed[30]' is connected to net 'dut_output_control_INST/out_data[27]' which does not have same name. (DCHK-026)
Warning: In design 'dut_output_control_INST', port 'dut_output_control_INST/fifo_out_data_packed[29]' is connected to net 'dut_output_control_INST/out_data[26]' which does not have same name. (DCHK-026)
Warning: In design 'dut_output_control_INST', port 'dut_output_control_INST/fifo_out_data_packed[28]' is connected to net 'dut_output_control_INST/out_data[25]' which does not have same name. (DCHK-026)
Warning: In design 'dut_output_control_INST', port 'dut_output_control_INST/fifo_out_data_packed[27]' is connected to net 'dut_output_control_INST/out_data[24]' which does not have same name. (DCHK-026)
Warning: In design 'dut_output_control_INST', port 'dut_output_control_INST/fifo_out_data_packed[26]' is connected to net 'dut_output_control_INST/out_data[23]' which does not have same name. (DCHK-026)
Warning: In design 'dut_output_control_INST', port 'dut_output_control_INST/fifo_out_data_packed[25]' is connected to net 'dut_output_control_INST/out_data[22]' which does not have same name. (DCHK-026)
Warning: In design 'dut_output_control_INST', port 'dut_output_control_INST/fifo_out_data_packed[24]' is connected to net 'dut_output_control_INST/out_data[21]' which does not have same name. (DCHK-026)
Warning: In design 'dut_output_control_INST', port 'dut_output_control_INST/fifo_out_data_packed[23]' is connected to net 'dut_output_control_INST/out_data[20]' which does not have same name. (DCHK-026)
Warning: In design 'dut_output_control_INST', port 'dut_output_control_INST/fifo_out_data_packed[22]' is connected to net 'dut_output_control_INST/out_data[19]' which does not have same name. (DCHK-026)
Warning: In design 'dut_output_control_INST', port 'dut_output_control_INST/fifo_out_data_packed[21]' is connected to net 'dut_output_control_INST/out_data[18]' which does not have same name. (DCHK-026)
Warning: In design 'dut_output_control_INST', port 'dut_output_control_INST/fifo_out_data_packed[20]' is connected to net 'dut_output_control_INST/out_data[17]' which does not have same name. (DCHK-026)
Warning: In design 'dut_output_control_INST', port 'dut_output_control_INST/fifo_out_data_packed[19]' is connected to net 'dut_output_control_INST/out_data[16]' which does not have same name. (DCHK-026)
Warning: In design 'dut_output_control_INST', port 'dut_output_control_INST/fifo_out_data_packed[18]' is connected to net 'dut_output_control_INST/out_data[15]' which does not have same name. (DCHK-026)
Warning: In design 'dut_output_control_INST', port 'dut_output_control_INST/fifo_out_data_packed[17]' is connected to net 'dut_output_control_INST/out_data[14]' which does not have same name. (DCHK-026)
Warning: In design 'dut_output_control_INST', port 'dut_output_control_INST/fifo_out_data_packed[16]' is connected to net 'dut_output_control_INST/out_data[13]' which does not have same name. (DCHK-026)
Warning: In design 'dut_output_control_INST', port 'dut_output_control_INST/fifo_out_data_packed[15]' is connected to net 'dut_output_control_INST/out_data[12]' which does not have same name. (DCHK-026)
Warning: In design 'dut_output_control_INST', port 'dut_output_control_INST/fifo_out_data_packed[14]' is connected to net 'dut_output_control_INST/out_data[11]' which does not have same name. (DCHK-026)
Warning: In design 'dut_output_control_INST', port 'dut_output_control_INST/fifo_out_data_packed[13]' is connected to net 'dut_output_control_INST/out_data[10]' which does not have same name. (DCHK-026)
Warning: In design 'dut_output_control_INST', port 'dut_output_control_INST/fifo_out_data_packed[12]' is connected to net 'dut_output_control_INST/out_data[9]' which does not have same name. (DCHK-026)
Warning: In design 'dut_output_control_INST', port 'dut_output_control_INST/fifo_out_data_packed[11]' is connected to net 'dut_output_control_INST/out_data[8]' which does not have same name. (DCHK-026)
Warning: In design 'dut_output_control_INST', port 'dut_output_control_INST/fifo_out_data_packed[10]' is connected to net 'dut_output_control_INST/out_data[7]' which does not have same name. (DCHK-026)
Warning: In design 'dut_output_control_INST', port 'dut_output_control_INST/fifo_out_data_packed[9]' is connected to net 'dut_output_control_INST/out_data[6]' which does not have same name. (DCHK-026)
Warning: In design 'dut_output_control_INST', port 'dut_output_control_INST/fifo_out_data_packed[8]' is connected to net 'dut_output_control_INST/out_data[5]' which does not have same name. (DCHK-026)
Warning: In design 'dut_output_control_INST', port 'dut_output_control_INST/fifo_out_data_packed[7]' is connected to net 'dut_output_control_INST/out_data[4]' which does not have same name. (DCHK-026)
Warning: In design 'dut_output_control_INST', port 'dut_output_control_INST/fifo_out_data_packed[6]' is connected to net 'dut_output_control_INST/out_data[3]' which does not have same name. (DCHK-026)
Warning: In design 'dut_output_control_INST', port 'dut_output_control_INST/fifo_out_data_packed[5]' is connected to net 'dut_output_control_INST/out_data[2]' which does not have same name. (DCHK-026)
Warning: In design 'dut_output_control_INST', port 'dut_output_control_INST/fifo_out_data_packed[4]' is connected to net 'dut_output_control_INST/out_data[1]' which does not have same name. (DCHK-026)
Warning: In design 'dut_output_control_INST', port 'dut_output_control_INST/fifo_out_data_packed[3]' is connected to net 'dut_output_control_INST/out_data[0]' which does not have same name. (DCHK-026)
Warning: In design 'dut_output_control_INST', port 'dut_output_control_INST/fifo_out_data_packed[1]' is connected to net 'dut_output_control_INST/out_data_source_id[1]' which does not have same name. (DCHK-026)
Warning: In design 'dut_output_control_INST', port 'dut_output_control_INST/fifo_out_data_packed[0]' is connected to net 'dut_output_control_INST/out_data_source_id[0]' which does not have same name. (DCHK-026)
Warning: In design 'dut_output_control_INST', port 'dut_output_control_INST/out_data_last' is connected to net 'dut_output_control_INST/fifo_out_data_packed[2]' which does not have same name. (DCHK-026)
Warning: In design 'dut_output_control_INST', port 'dut_output_control_INST/VDD' is not connected to any nets. (DCHK-016)
Warning: In design 'dut_output_control_INST', port 'dut_output_control_INST/VSS' is not connected to any nets. (DCHK-016)
Warning: In design 'dut_fifo_INST', 'hierarchical' net 'dut_fifo_INST/N33' driven by leaf pin 'dut_fifo_INST/B_0/Z' has no loads. (DCHK-009)
Warning: In design 'dut_fifo_INST', 'hierarchical' net 'dut_fifo_INST/N36' driven by leaf pin 'dut_fifo_INST/B_1/Z' has no loads. (DCHK-009)
INFO: End environment monitoring: recipes
INFO: Restored 0 timer status, 8 app options, 0 tcl gvars, 0 env vars
Information: >>>>>>> 7 unique error and warning message tags while observing checkOnly: (MSG-3100)
Information: #prnt #trgr #lmt    Tag  Level     Format (or last printed message)                                (MSG-3036)
Information:     2     2  0 DCHK-009  WARNING   Warning: In design 'dut_fifo_INST', 'hierarchical' net 'dut_... (MSG-3032)
Information:    26    26  0 DCHK-016  WARNING   Warning: In design 'dut_output_control_INST', port 'dut_outp... (MSG-3032)
Information:    40    40  0 DCHK-026  WARNING   Warning: In design 'dut_output_control_INST', port 'dut_outp... (MSG-3032)
Information:    10    10  0 DCHK-004  WARNING   Warning: In design 'math_wrapper_INST/dut_multiplier_18x18_c... (MSG-3032)
Information:     2     2  0 DCHK-008  WARNING   Warning: In design 'dut_fifo_INST', cell 'dut_fifo_INST/B_1'... (MSG-3032)
Information:     9     9  0 DCHK-024  WARNING   Warning: In design 'dut_arbiter_INST', port 'dut_arbiter_INS... (MSG-3032)
Information:    10     9  0 LGL-397   WARNING   Warning: No site rows found in floorplan. (LGL-397)             (MSG-3032)
Information:    99    98  0        7  <------   Total sum of messages (MSG-3038)
Information: >>>>>>> Summary: 98 error&warning MSGs observed during checkOnly (MSG-3103)
Information: Ending   'compile_fusion -check_only' (FLW-8001)
Information: Time: 2025-06-18 11:04:05 / Session:  00:00:07 / Command:  00:00:00 / CPU:  00:00:00 / Memory: 641 MB (FLW-8100)
Information: CPU Load: 6%, Ram Free: 39 GB, Swap Free: 1 GB, Work Disk Free: 308 GB, Tmp Disk Free: 308 GB (MSG-3995)
1
#### Initial auto floorplan creation
compile_fusion -to logic_opto
Warning: No site rows found in floorplan. (LGL-397)
INFO: compile_fusion is running in balanced flow mode.
Warning: No site rows found in floorplan. (LGL-397)
Information: Starting 'compile_fusion -to logic_opto' (FLW-8000)
Information: Time: 2025-06-18 11:04:06 / Session:  00:00:08 / Command:  00:00:00 / CPU:  00:00:00 / Memory: 641 MB (FLW-8100)
Information: CPU Load: 6%, Ram Free: 39 GB, Swap Free: 1 GB, Work Disk Free: 308 GB, Tmp Disk Free: 308 GB (MSG-3995)
CPU Load: 6%, Ram Free: 39 GB, Swap Free: 1 GB, Work Disk Free: 308 GB, Tmp Disk Free: 308 GB
Warning: No site rows found in floorplan. (LGL-397)
INFO: Start environment monitoring: recipes
INFO: compile_fusion is running in balanced flow mode.
Warning: No site rows found in floorplan. (LGL-397)
Warning: No site rows found in floorplan. (LGL-397)
Warning: No site rows found in floorplan. (LGL-397)
Warning: No site rows found in floorplan. (LGL-397)
Warning: No site rows found in floorplan. (LGL-397)
Warning: No site rows found in floorplan. (LGL-397)
Warning: No site rows found in floorplan. (LGL-397)
Warning: Cannot infer functionality of libcell 'saed14rvt_frame_timing/SAEDRVT14_FDNRBSBQ_V2_0P5' and will be excluded from sequential mapping. (SQM-1061)
Warning: Cannot infer functionality of libcell 'saed14rvt_frame_timing/SAEDRVT14_FDNRBSBQ_V2_1' and will be excluded from sequential mapping. (SQM-1061)
Warning: Cannot infer functionality of libcell 'saed14rvt_frame_timing/SAEDRVT14_FDNRBSBQ_V2_2' and will be excluded from sequential mapping. (SQM-1061)
Warning: Cannot infer functionality of libcell 'saed14rvt_frame_timing/SAEDRVT14_FDNRBSBQ_V2_4' and will be excluded from sequential mapping. (SQM-1061)
Warning: Cannot infer functionality of libcell 'saed14rvt_frame_timing/SAEDRVT14_FDPRBSBQ_V2_0P5' and will be excluded from sequential mapping. (SQM-1061)
Warning: Cannot infer functionality of libcell 'saed14rvt_frame_timing/SAEDRVT14_FDPRBSBQ_V2_1' and will be excluded from sequential mapping. (SQM-1061)
Warning: Cannot infer functionality of libcell 'saed14rvt_frame_timing/SAEDRVT14_FDPRBSBQ_V2_2' and will be excluded from sequential mapping. (SQM-1061)
Warning: Cannot infer functionality of libcell 'saed14rvt_frame_timing/SAEDRVT14_FDPRBSBQ_V2_4' and will be excluded from sequential mapping. (SQM-1061)
Warning: Cannot infer functionality of libcell 'saed14rvt_frame_timing/SAEDRVT14_FSDPRBSBQ_V2LP_0P5' and will be excluded from sequential mapping. (SQM-1061)
Warning: Cannot infer functionality of libcell 'saed14rvt_frame_timing/SAEDRVT14_FSDPRBSBQ_V2LP_2' and will be excluded from sequential mapping. (SQM-1061)
Warning: Skipping check for single_bit_degenerate attribute on the multibit libcell 'saed14rvt_frame_timing/SAEDRVT14_FSDN2_V2_0P5' since it is not a black-box. (SQM-1079)
Information: No single-bit representative was found for multibit lib cell 'saed14rvt_frame_timing/SAEDRVT14_FSDN2_V2_0P5'. (SQM-2004)
Warning: Skipping check for single_bit_degenerate attribute on the multibit libcell 'saed14rvt_frame_timing/SAEDRVT14_FSDN2_V2_1' since it is not a black-box. (SQM-1079)
Information: No single-bit representative was found for multibit lib cell 'saed14rvt_frame_timing/SAEDRVT14_FSDN2_V2_1'. (SQM-2004)
Warning: Skipping check for single_bit_degenerate attribute on the multibit libcell 'saed14rvt_frame_timing/SAEDRVT14_FSDN2_V2_2' since it is not a black-box. (SQM-1079)
Information: No single-bit representative was found for multibit lib cell 'saed14rvt_frame_timing/SAEDRVT14_FSDN2_V2_2'. (SQM-2004)
Warning: Skipping check for single_bit_degenerate attribute on the multibit libcell 'saed14rvt_frame_timing/SAEDRVT14_FSDN2_V2_4' since it is not a black-box. (SQM-1079)
Information: No single-bit representative was found for multibit lib cell 'saed14rvt_frame_timing/SAEDRVT14_FSDN2_V2_4'. (SQM-2004)
Warning: Skipping check for single_bit_degenerate attribute on the multibit libcell 'saed14rvt_frame_timing/SAEDRVT14_FSDN4_V2_0P5' since it is not a black-box. (SQM-1079)
Information: No single-bit representative was found for multibit lib cell 'saed14rvt_frame_timing/SAEDRVT14_FSDN4_V2_0P5'. (SQM-2004)
Information: No single-bit representative was found for multibit lib cell 'saed14rvt_frame_timing/SAEDRVT14_FSDN4_V2_1'. (SQM-2004)
Information: No single-bit representative was found for multibit lib cell 'saed14rvt_frame_timing/SAEDRVT14_FSDN4_V2_2'. (SQM-2004)
Information: No single-bit representative was found for multibit lib cell 'saed14rvt_frame_timing/SAEDRVT14_FSDN4_V2_4'. (SQM-2004)
Warning: Found 8 multibit sequential library cells that have missing/added attributes or have restrictions that prevent them from banking. (SQM-1053)
0 sequential multibit library cells have restrictions (dont_use or dont_touch).
8 sequential multibit library cells have missing sequential mapping relevant attributes
Information: 6 out of 16 SQM-1061 messages were not printed due to limit 10 (after 'compile_fusion' at task1af.tcl:37) (MSG-3913)
Information: 3 out of 8 SQM-1079 messages were not printed due to limit 5 (after 'compile_fusion' at task1af.tcl:37) (MSG-3913)
Information: The automatic clock gate timing flow is activated. Clock latencies set on clock gate cells will be automatically adjusted by an estimate for latency. (CGT-4005)
----------------------------------------------------------------------------------------------------------
Information: Starting compile_fusion / initial_map (FLW-8000)
Information: Time: 2025-06-18 11:04:06 / Session:  00:00:08 / Command:  00:00:00 / CPU:  00:00:01 / Memory: 678 MB (FLW-8100)
Information: CPU Load: 6%, Ram Free: 39 GB, Swap Free: 1 GB, Work Disk Free: 308 GB, Tmp Disk Free: 308 GB (MSG-3995)
----------------------------------------------------------------------------------------------------------
Information: Starting compile_fusion / initial_map / Load Design (FLW-8000)
Information: Time: 2025-06-18 11:04:06 / Session:  00:00:08 / Command:  00:00:00 / CPU:  00:00:01 / Memory: 678 MB (FLW-8100)
Information: CPU Load: 6%, Ram Free: 39 GB, Swap Free: 1 GB, Work Disk Free: 308 GB, Tmp Disk Free: 308 GB (MSG-3995)
Warning: Cannot infer functionality of libcell 'saed14rvt_frame_timing/SAEDRVT14_FDNRBSBQ_V2_0P5' and will be excluded from sequential mapping. (SQM-1061)
Warning: Cannot infer functionality of libcell 'saed14rvt_frame_timing/SAEDRVT14_FDNRBSBQ_V2_1' and will be excluded from sequential mapping. (SQM-1061)
Warning: Cannot infer functionality of libcell 'saed14rvt_frame_timing/SAEDRVT14_FDNRBSBQ_V2_2' and will be excluded from sequential mapping. (SQM-1061)
Warning: Cannot infer functionality of libcell 'saed14rvt_frame_timing/SAEDRVT14_FDNRBSBQ_V2_4' and will be excluded from sequential mapping. (SQM-1061)
Warning: Cannot infer functionality of libcell 'saed14rvt_frame_timing/SAEDRVT14_FDPRBSBQ_V2_0P5' and will be excluded from sequential mapping. (SQM-1061)
Warning: Cannot infer functionality of libcell 'saed14rvt_frame_timing/SAEDRVT14_FDPRBSBQ_V2_1' and will be excluded from sequential mapping. (SQM-1061)
Warning: Cannot infer functionality of libcell 'saed14rvt_frame_timing/SAEDRVT14_FDPRBSBQ_V2_2' and will be excluded from sequential mapping. (SQM-1061)
Warning: Cannot infer functionality of libcell 'saed14rvt_frame_timing/SAEDRVT14_FDPRBSBQ_V2_4' and will be excluded from sequential mapping. (SQM-1061)
Warning: Cannot infer functionality of libcell 'saed14rvt_frame_timing/SAEDRVT14_FSDPRBSBQ_V2LP_0P5' and will be excluded from sequential mapping. (SQM-1061)
Warning: Cannot infer functionality of libcell 'saed14rvt_frame_timing/SAEDRVT14_FSDPRBSBQ_V2LP_2' and will be excluded from sequential mapping. (SQM-1061)
Warning: Skipping check for single_bit_degenerate attribute on the multibit libcell 'saed14rvt_frame_timing/SAEDRVT14_FSDN2_V2_0P5' since it is not a black-box. (SQM-1079)
Information: No single-bit representative was found for multibit lib cell 'saed14rvt_frame_timing/SAEDRVT14_FSDN2_V2_0P5'. (SQM-2004)
Warning: Skipping check for single_bit_degenerate attribute on the multibit libcell 'saed14rvt_frame_timing/SAEDRVT14_FSDN2_V2_1' since it is not a black-box. (SQM-1079)
Information: No single-bit representative was found for multibit lib cell 'saed14rvt_frame_timing/SAEDRVT14_FSDN2_V2_1'. (SQM-2004)
Warning: Skipping check for single_bit_degenerate attribute on the multibit libcell 'saed14rvt_frame_timing/SAEDRVT14_FSDN2_V2_2' since it is not a black-box. (SQM-1079)
Information: No single-bit representative was found for multibit lib cell 'saed14rvt_frame_timing/SAEDRVT14_FSDN2_V2_2'. (SQM-2004)
Warning: Skipping check for single_bit_degenerate attribute on the multibit libcell 'saed14rvt_frame_timing/SAEDRVT14_FSDN2_V2_4' since it is not a black-box. (SQM-1079)
Information: No single-bit representative was found for multibit lib cell 'saed14rvt_frame_timing/SAEDRVT14_FSDN2_V2_4'. (SQM-2004)
Warning: Skipping check for single_bit_degenerate attribute on the multibit libcell 'saed14rvt_frame_timing/SAEDRVT14_FSDN4_V2_0P5' since it is not a black-box. (SQM-1079)
Information: No single-bit representative was found for multibit lib cell 'saed14rvt_frame_timing/SAEDRVT14_FSDN4_V2_0P5'. (SQM-2004)
Information: No single-bit representative was found for multibit lib cell 'saed14rvt_frame_timing/SAEDRVT14_FSDN4_V2_1'. (SQM-2004)
Information: No single-bit representative was found for multibit lib cell 'saed14rvt_frame_timing/SAEDRVT14_FSDN4_V2_2'. (SQM-2004)
Information: No single-bit representative was found for multibit lib cell 'saed14rvt_frame_timing/SAEDRVT14_FSDN4_V2_4'. (SQM-2004)
Warning: Found 8 multibit sequential library cells that have missing/added attributes or have restrictions that prevent them from banking. (SQM-1053)
0 sequential multibit library cells have restrictions (dont_use or dont_touch).
8 sequential multibit library cells have missing sequential mapping relevant attributes
Information: 6 out of 16 SQM-1061 messages were not printed due to limit 10 (after 'compile_fusion' at task1af.tcl:37) (MSG-3913)
Information: 3 out of 8 SQM-1079 messages were not printed due to limit 5 (after 'compile_fusion' at task1af.tcl:37) (MSG-3913)
Warning: No site rows found in floorplan. (LGL-397)
Warning: No site rows found in floorplan. (LGL-397)
Warning: No site rows found in floorplan. (LGL-397)
Warning: No site rows found in floorplan. (LGL-397)
Warning: No site rows found in floorplan. (LGL-397)
Warning: No site rows found in floorplan. (LGL-397)
Warning: No site rows found in floorplan. (LGL-397)
Warning: No site rows found in floorplan. (LGL-397)
Warning: No site rows found in floorplan. (LGL-397)
Warning: No site rows found in floorplan. (LGL-397)
Warning: No site rows found in floorplan. (LGL-397)
Warning: No site rows found in floorplan. (LGL-397)
Information: Ending   compile_fusion / initial_map / Load Design (FLW-8001)
Information: Time: 2025-06-18 11:04:07 / Session:  00:00:09 / Command:  00:00:01 / CPU:  00:00:01 / Memory: 725 MB (FLW-8100)
Information: CPU Load: 6%, Ram Free: 39 GB, Swap Free: 1 GB, Work Disk Free: 308 GB, Tmp Disk Free: 308 GB (MSG-3995)
Information: Starting compile_fusion / initial_map / MV Cell Insertion (FLW-8000)
Information: Time: 2025-06-18 11:04:07 / Session:  00:00:09 / Command:  00:00:01 / CPU:  00:00:01 / Memory: 725 MB (FLW-8100)
Information: CPU Load: 6%, Ram Free: 39 GB, Swap Free: 1 GB, Work Disk Free: 308 GB, Tmp Disk Free: 308 GB (MSG-3995)
Information: Ending   compile_fusion / initial_map / MV Cell Insertion (FLW-8001)
Information: Time: 2025-06-18 11:04:07 / Session:  00:00:09 / Command:  00:00:01 / CPU:  00:00:01 / Memory: 725 MB (FLW-8100)
Information: CPU Load: 6%, Ram Free: 39 GB, Swap Free: 1 GB, Work Disk Free: 308 GB, Tmp Disk Free: 308 GB (MSG-3995)
Information: Starting compile_fusion / initial_map / Logic Simplification (1) (FLW-8000)
Information: Time: 2025-06-18 11:04:07 / Session:  00:00:09 / Command:  00:00:01 / CPU:  00:00:01 / Memory: 725 MB (FLW-8100)
Information: CPU Load: 6%, Ram Free: 39 GB, Swap Free: 1 GB, Work Disk Free: 308 GB, Tmp Disk Free: 308 GB (MSG-3995)
Information: The hierarchy math_wrapper_INST/dut_multiplier_18x18_comb_inst/mult_a0b0 is ungrouped due to auto_ungrouping. (UNG-1001)
Information: The hierarchy math_wrapper_INST/dut_multiplier_18x18_comb_inst/mult_a0b1 is ungrouped due to auto_ungrouping. (UNG-1001)
Information: The hierarchy math_wrapper_INST/dut_multiplier_18x18_comb_inst/mult_a1b0 is ungrouped due to auto_ungrouping. (UNG-1001)
Information: The hierarchy math_wrapper_INST/dut_multiplier_18x18_comb_inst/mult_a1b1 is ungrouped due to auto_ungrouping. (UNG-1001)
Information: The hierarchy math_wrapper_INST/dut_multiplier_18x18_comb_inst is ungrouped due to auto_ungrouping. (UNG-1001)
Information: The hierarchy dut_output_control_INST is ungrouped due to auto_ungrouping. (UNG-1001)
Information: The hierarchy dut_processing_control_INST is ungrouped due to auto_ungrouping. (UNG-1001)
Information: The hierarchy dut_input_channel_control_0_INST is ungrouped due to auto_ungrouping. (UNG-1001)
Information: The hierarchy dut_input_channel_control_1_INST is ungrouped due to auto_ungrouping. (UNG-1001)
Information: The hierarchy dut_input_channel_control_2_INST is ungrouped due to auto_ungrouping. (UNG-1001)
Information: 13 of 13 hierarchies are ungrouped. Use report_ungroup for a list. (UNG-1003)
Information: Result of compile_fusion / initial_map / Auto Ungroup (FLW-8500)
Information: Ungroup Summary Report (UNG-1007)
-------------------------------------------------------------------
Hierarchy                                                 Count
-------------------------------------------------------------------
Auto ungrouped hierarchies                                  13
-------------------------------------------------------------------
Information: 3 out of 13 UNG-1001 messages were not printed due to limit 10 (after 'compile_fusion' at task1af.tcl:37) (MSG-3913)
Information: Starting compile_fusion / initial_map / Logic Simplification (1) / Constant and Equal Register Detection (FLW-8000)
Information: Time: 2025-06-18 11:04:07 / Session:  00:00:09 / Command:  00:00:01 / CPU:  00:00:01 / Memory: 725 MB (FLW-8100)
Information: CPU Load: 6%, Ram Free: 39 GB, Swap Free: 1 GB, Work Disk Free: 308 GB, Tmp Disk Free: 308 GB (MSG-3995)
Warning: Cannot infer functionality of libcell 'saed14rvt_frame_timing/SAEDRVT14_FDNRBSBQ_V2_0P5' and will be excluded from sequential mapping. (SQM-1061)
Warning: Cannot infer functionality of libcell 'saed14rvt_frame_timing/SAEDRVT14_FDNRBSBQ_V2_1' and will be excluded from sequential mapping. (SQM-1061)
Warning: Cannot infer functionality of libcell 'saed14rvt_frame_timing/SAEDRVT14_FDNRBSBQ_V2_2' and will be excluded from sequential mapping. (SQM-1061)
Warning: Cannot infer functionality of libcell 'saed14rvt_frame_timing/SAEDRVT14_FDNRBSBQ_V2_4' and will be excluded from sequential mapping. (SQM-1061)
Warning: Cannot infer functionality of libcell 'saed14rvt_frame_timing/SAEDRVT14_FDPRBSBQ_V2_0P5' and will be excluded from sequential mapping. (SQM-1061)
Warning: Cannot infer functionality of libcell 'saed14rvt_frame_timing/SAEDRVT14_FDPRBSBQ_V2_1' and will be excluded from sequential mapping. (SQM-1061)
Warning: Cannot infer functionality of libcell 'saed14rvt_frame_timing/SAEDRVT14_FDPRBSBQ_V2_2' and will be excluded from sequential mapping. (SQM-1061)
Warning: Cannot infer functionality of libcell 'saed14rvt_frame_timing/SAEDRVT14_FDPRBSBQ_V2_4' and will be excluded from sequential mapping. (SQM-1061)
Warning: Cannot infer functionality of libcell 'saed14rvt_frame_timing/SAEDRVT14_FSDPRBSBQ_V2LP_0P5' and will be excluded from sequential mapping. (SQM-1061)
Warning: Cannot infer functionality of libcell 'saed14rvt_frame_timing/SAEDRVT14_FSDPRBSBQ_V2LP_2' and will be excluded from sequential mapping. (SQM-1061)
Warning: Skipping check for single_bit_degenerate attribute on the multibit libcell 'saed14rvt_frame_timing/SAEDRVT14_FSDN2_V2_0P5' since it is not a black-box. (SQM-1079)
Information: No single-bit representative was found for multibit lib cell 'saed14rvt_frame_timing/SAEDRVT14_FSDN2_V2_0P5'. (SQM-2004)
Warning: Skipping check for single_bit_degenerate attribute on the multibit libcell 'saed14rvt_frame_timing/SAEDRVT14_FSDN2_V2_1' since it is not a black-box. (SQM-1079)
Information: No single-bit representative was found for multibit lib cell 'saed14rvt_frame_timing/SAEDRVT14_FSDN2_V2_1'. (SQM-2004)
Warning: Skipping check for single_bit_degenerate attribute on the multibit libcell 'saed14rvt_frame_timing/SAEDRVT14_FSDN2_V2_2' since it is not a black-box. (SQM-1079)
Information: No single-bit representative was found for multibit lib cell 'saed14rvt_frame_timing/SAEDRVT14_FSDN2_V2_2'. (SQM-2004)
Warning: Skipping check for single_bit_degenerate attribute on the multibit libcell 'saed14rvt_frame_timing/SAEDRVT14_FSDN2_V2_4' since it is not a black-box. (SQM-1079)
Information: No single-bit representative was found for multibit lib cell 'saed14rvt_frame_timing/SAEDRVT14_FSDN2_V2_4'. (SQM-2004)
Warning: Skipping check for single_bit_degenerate attribute on the multibit libcell 'saed14rvt_frame_timing/SAEDRVT14_FSDN4_V2_0P5' since it is not a black-box. (SQM-1079)
Information: No single-bit representative was found for multibit lib cell 'saed14rvt_frame_timing/SAEDRVT14_FSDN4_V2_0P5'. (SQM-2004)
Information: No single-bit representative was found for multibit lib cell 'saed14rvt_frame_timing/SAEDRVT14_FSDN4_V2_1'. (SQM-2004)
Information: No single-bit representative was found for multibit lib cell 'saed14rvt_frame_timing/SAEDRVT14_FSDN4_V2_2'. (SQM-2004)
Information: No single-bit representative was found for multibit lib cell 'saed14rvt_frame_timing/SAEDRVT14_FSDN4_V2_4'. (SQM-2004)
Warning: Found 8 multibit sequential library cells that have missing/added attributes or have restrictions that prevent them from banking. (SQM-1053)
0 sequential multibit library cells have restrictions (dont_use or dont_touch).
8 sequential multibit library cells have missing sequential mapping relevant attributes
Warning: No site rows found in floorplan. (LGL-397)
Warning: No site rows found in floorplan. (LGL-397)
Warning: No site rows found in floorplan. (LGL-397)
Warning: No site rows found in floorplan. (LGL-397)
Information: Register Bits Before Sharing = 328, After Sharing = 328, Savings = 0 (SQM-2000)
Information: 6 out of 16 SQM-1061 messages were not printed due to limit 10 (after 'compile_fusion' at task1af.tcl:37) (MSG-3913)
Information: 3 out of 8 SQM-1079 messages were not printed due to limit 5 (after 'compile_fusion' at task1af.tcl:37) (MSG-3913)
Information: Ending   compile_fusion / initial_map / Logic Simplification (1) / Constant and Equal Register Detection (FLW-8001)
Information: Time: 2025-06-18 11:04:10 / Session:  00:00:12 / Command:  00:00:04 / CPU:  00:00:04 / Memory: 776 MB (FLW-8100)
Information: CPU Load: 6%, Ram Free: 39 GB, Swap Free: 1 GB, Work Disk Free: 308 GB, Tmp Disk Free: 308 GB (MSG-3995)
Information: Starting compile_fusion / initial_map / Logic Simplification (1) / Register Merging (FLW-8000)
Information: Time: 2025-06-18 11:04:10 / Session:  00:00:12 / Command:  00:00:04 / CPU:  00:00:04 / Memory: 776 MB (FLW-8100)
Information: CPU Load: 6%, Ram Free: 39 GB, Swap Free: 1 GB, Work Disk Free: 308 GB, Tmp Disk Free: 308 GB (MSG-3995)
Information: Ending   compile_fusion / initial_map / Logic Simplification (1) / Register Merging (FLW-8001)
Information: Time: 2025-06-18 11:04:10 / Session:  00:00:12 / Command:  00:00:04 / CPU:  00:00:04 / Memory: 776 MB (FLW-8100)
Information: CPU Load: 6%, Ram Free: 39 GB, Swap Free: 1 GB, Work Disk Free: 308 GB, Tmp Disk Free: 308 GB (MSG-3995)
Information: Starting compile_fusion / initial_map / Logic Simplification (1) / Constant Propagation and Register Optimization (FLW-8000)
Information: Time: 2025-06-18 11:04:10 / Session:  00:00:12 / Command:  00:00:04 / CPU:  00:00:04 / Memory: 776 MB (FLW-8100)
Information: CPU Load: 6%, Ram Free: 39 GB, Swap Free: 1 GB, Work Disk Free: 308 GB, Tmp Disk Free: 308 GB (MSG-3995)
Warning: No site rows found in floorplan. (LGL-397)
Warning: No site rows found in floorplan. (LGL-397)
Warning: No site rows found in floorplan. (LGL-397)
Warning: No site rows found in floorplan. (LGL-397)
Warning: No site rows found in floorplan. (LGL-397)
Warning: No site rows found in floorplan. (LGL-397)
Warning: No site rows found in floorplan. (LGL-397)
Warning: No site rows found in floorplan. (LGL-397)
Information: Ending   compile_fusion / initial_map / Logic Simplification (1) / Constant Propagation and Register Optimization (FLW-8001)
Information: Time: 2025-06-18 11:04:10 / Session:  00:00:12 / Command:  00:00:04 / CPU:  00:00:04 / Memory: 776 MB (FLW-8100)
Information: CPU Load: 6%, Ram Free: 39 GB, Swap Free: 1 GB, Work Disk Free: 308 GB, Tmp Disk Free: 308 GB (MSG-3995)
Information: Ending   compile_fusion / initial_map / Logic Simplification (1) (FLW-8001)
Information: Time: 2025-06-18 11:04:10 / Session:  00:00:12 / Command:  00:00:04 / CPU:  00:00:04 / Memory: 776 MB (FLW-8100)
Information: CPU Load: 6%, Ram Free: 39 GB, Swap Free: 1 GB, Work Disk Free: 308 GB, Tmp Disk Free: 308 GB (MSG-3995)
Warning: No site rows found in floorplan. (LGL-397)
Warning: No site rows found in floorplan. (LGL-397)
Warning: No site rows found in floorplan. (LGL-397)
Warning: No site rows found in floorplan. (LGL-397)
Information: Starting compile_fusion / initial_map / High-Level Optimization and Technology Mapping (1) (FLW-8000)
Information: Time: 2025-06-18 11:04:10 / Session:  00:00:13 / Command:  00:00:04 / CPU:  00:00:05 / Memory: 776 MB (FLW-8100)
Information: CPU Load: 6%, Ram Free: 39 GB, Swap Free: 1 GB, Work Disk Free: 308 GB, Tmp Disk Free: 308 GB (MSG-3995)
Information: Timer using 12 threads
Information: Ending   compile_fusion / initial_map / High-Level Optimization and Technology Mapping (1) (FLW-8001)
Information: Time: 2025-06-18 11:04:13 / Session:  00:00:15 / Command:  00:00:07 / CPU:  00:00:09 / Memory: 805 MB (FLW-8100)
Information: CPU Load: 6%, Ram Free: 39 GB, Swap Free: 1 GB, Work Disk Free: 308 GB, Tmp Disk Free: 308 GB (MSG-3995)
Information: Starting compile_fusion / initial_map / High-Level Optimization and Technology Mapping (2) (FLW-8000)
Information: Time: 2025-06-18 11:04:13 / Session:  00:00:15 / Command:  00:00:07 / CPU:  00:00:09 / Memory: 805 MB (FLW-8100)
Information: CPU Load: 6%, Ram Free: 39 GB, Swap Free: 1 GB, Work Disk Free: 308 GB, Tmp Disk Free: 308 GB (MSG-3995)
Information: Added key list 'DesignWare' to design 'dut_toplevel'. (DWS-0216)
Warning: No cell bus will be mapped to multibit because multibit mapping has been disabled by user. (SQM-1034)
Warning: Shift register Inferencing is enabled so only head flop will be replaced with scan cell and not all registers in shift register chains are scan replaced. (SQM-1074)
Information: Ending   compile_fusion / initial_map / High-Level Optimization and Technology Mapping (2) (FLW-8001)
Information: Time: 2025-06-18 11:04:14 / Session:  00:00:16 / Command:  00:00:08 / CPU:  00:00:11 / Memory: 805 MB (FLW-8100)
Information: CPU Load: 6%, Ram Free: 39 GB, Swap Free: 1 GB, Work Disk Free: 308 GB, Tmp Disk Free: 308 GB (MSG-3995)
Information: Starting compile_fusion / initial_map / DFT Core Wrapper Analysis (FLW-8000)
Information: Time: 2025-06-18 11:04:14 / Session:  00:00:16 / Command:  00:00:08 / CPU:  00:00:11 / Memory: 805 MB (FLW-8100)
Information: CPU Load: 6%, Ram Free: 39 GB, Swap Free: 1 GB, Work Disk Free: 308 GB, Tmp Disk Free: 308 GB (MSG-3995)
Information: Ending   compile_fusion / initial_map / DFT Core Wrapper Analysis (FLW-8001)
Information: Time: 2025-06-18 11:04:14 / Session:  00:00:16 / Command:  00:00:08 / CPU:  00:00:11 / Memory: 805 MB (FLW-8100)
Information: CPU Load: 6%, Ram Free: 39 GB, Swap Free: 1 GB, Work Disk Free: 308 GB, Tmp Disk Free: 308 GB (MSG-3995)
Information: Starting compile_fusion / initial_map / Logic Simplification (2) (FLW-8000)
Information: Time: 2025-06-18 11:04:14 / Session:  00:00:16 / Command:  00:00:08 / CPU:  00:00:11 / Memory: 805 MB (FLW-8100)
Information: CPU Load: 6%, Ram Free: 39 GB, Swap Free: 1 GB, Work Disk Free: 308 GB, Tmp Disk Free: 308 GB (MSG-3995)
Information: Register Bits Before Sharing = 328, After Sharing = 328, Savings = 0 (SQM-2000)
Information: Starting compile_fusion / initial_map / Logic Simplification (2) / Constant Propagation and Register Optimization (FLW-8000)
Information: Time: 2025-06-18 11:04:14 / Session:  00:00:16 / Command:  00:00:08 / CPU:  00:00:12 / Memory: 824 MB (FLW-8100)
Information: CPU Load: 6%, Ram Free: 39 GB, Swap Free: 1 GB, Work Disk Free: 308 GB, Tmp Disk Free: 308 GB (MSG-3995)
Information: Ending   compile_fusion / initial_map / Logic Simplification (2) / Constant Propagation and Register Optimization (FLW-8001)
Information: Time: 2025-06-18 11:04:14 / Session:  00:00:16 / Command:  00:00:08 / CPU:  00:00:12 / Memory: 824 MB (FLW-8100)
Information: CPU Load: 6%, Ram Free: 39 GB, Swap Free: 1 GB, Work Disk Free: 308 GB, Tmp Disk Free: 308 GB (MSG-3995)
Information: Ending   compile_fusion / initial_map / Logic Simplification (2) (FLW-8001)
Information: Time: 2025-06-18 11:04:14 / Session:  00:00:16 / Command:  00:00:08 / CPU:  00:00:12 / Memory: 824 MB (FLW-8100)
Information: CPU Load: 6%, Ram Free: 39 GB, Swap Free: 1 GB, Work Disk Free: 308 GB, Tmp Disk Free: 308 GB (MSG-3995)
Information: Result of compile_fusion / initial_map / Clock Gate Insertion (FLW-8500)
--------------------------------------------------------------------------------
|                             Clock Gating Options                             |
--------------------------------------------------------------------------------
|         Objects         |    Minimum Bitwidth     |      Maximum Fanout      |
--------------------------+-------------------------+---------------------------
|   top-level (design)    |          3 (d)          |      Unlimited (d)       |
--------------------------------------------------------------------------------

Number of Pre-Existing Clock Gates with dont touch attribute: 0
Number of ICG library cells with CTS purpose: 19
--------------------------------------------------------------------------------
                          Tool Gated Register Summary                           
--------------------------------------------------------------------------------
Clock Gating Type                   | Number of   | Register Count | Equivalent 
                                    | Clock Gates |                | Bitwidth   
--------------------------------------------------------------------------------
Regular Clock Gating                |          11 |            319 |        319
--------------------------------------------------------------------------------
--------------------------------------------------------------------------------
                 Regular Clock Gating Ungated Register Summary                  
--------------------------------------------------------------------------------
 Ungated Reason                                            | Count | Bitwidth   
--------------------------------------------------------------------------------
 Enable is Constant One.                                   |     2 |        2
 Partial Minimum Bitwidth Not Met.                         |     7 |        7
--------------------------------------------------------------------------------
Compile-fusion optimization summary            SETUP-COST    R2R-COST HOLD-COST LDRC-COST          AREA     LEAKAGE     INSTCNT            ELAPSE       MEM
Compile-fusion                                          -           -         -         -        906.51           -        1211              0.00       824
Information: Ending   compile_fusion / initial_map (FLW-8001)
Information: Time: 2025-06-18 11:04:14 / Session:  00:00:16 / Command:  00:00:08 / CPU:  00:00:12 / Memory: 824 MB (FLW-8100)
Information: CPU Load: 6%, Ram Free: 39 GB, Swap Free: 1 GB, Work Disk Free: 308 GB, Tmp Disk Free: 308 GB (MSG-3995)

Information: >>>>>>> 6 unique error and warning message tags while observing compile_fusion / initial_map: (MSG-3100)
Information: #prnt #trgr #lmt    Tag  Level     Format (or last printed message)                                (MSG-3036)
Information:    15    16  5 SQM-1079  WARNING   Warning: Skipping check for single_bit_degenerate attribute ... (MSG-3032)
Information:     1     1  1 SQM-1074  WARNING   Warning: Shift register Inferencing is enabled so only head ... (MSG-3032)
Information:    30    32 10 SQM-1061  WARNING   Warning: Cannot infer functionality of libcell 'saed14rvt_fr... (MSG-3032)
Information:     3     2 10 SQM-1053  WARNING   Warning: Found 8 multibit sequential library cells that have... (MSG-3032)
Information:     1     1  1 SQM-1034  WARNING   Warning: No cell bus will be mapped to multibit because mult... (MSG-3032)
Information:    48    28  0 LGL-397   WARNING   Warning: No site rows found in floorplan. (LGL-397)             (MSG-3032)
Information:    98    80  5        6  <------   Total sum of messages (MSG-3038)
Information: >>>>>>> Summary: 80 error&warning MSGs observed during compile_fusion / initial_map (MSG-3103)

----------------------------------------------------------------------------------------------------------
Information: Starting compile_fusion / logic_opto (FLW-8000)
Information: Time: 2025-06-18 11:04:14 / Session:  00:00:16 / Command:  00:00:08 / CPU:  00:00:12 / Memory: 824 MB (FLW-8100)
Information: CPU Load: 6%, Ram Free: 39 GB, Swap Free: 1 GB, Work Disk Free: 308 GB, Tmp Disk Free: 308 GB (MSG-3995)
----------------------------------------------------------------------------------------------------------
Information: Starting compile_fusion / logic_opto / Load Design (FLW-8000)
Information: Time: 2025-06-18 11:04:14 / Session:  00:00:16 / Command:  00:00:08 / CPU:  00:00:12 / Memory: 824 MB (FLW-8100)
Information: CPU Load: 6%, Ram Free: 39 GB, Swap Free: 1 GB, Work Disk Free: 308 GB, Tmp Disk Free: 308 GB (MSG-3995)
Information: Initializing core and die (AFP-1001)
Information: Initializing rows (AFP-1003)
Information: Initializing tracks (AFP-1004)
Information: Generated core area = 1273.125610 (AFP-2021)
Information: Generated core boundary = { {0 0} {0 35.4} {35.964 35.4} {35.964 0} } (AFP-2022)
Information: Change threshold for extractor is reset. (FLW-1300)
Information: The stitching and editing of coupling caps is turned OFF for design 'dut_toplevel.dlib:dut_toplevel/auto_floorplan.design'. (TIM-125)
Information: Ending   compile_fusion / logic_opto / Load Design (FLW-8001)
Information: Time: 2025-06-18 11:04:15 / Session:  00:00:17 / Command:  00:00:09 / CPU:  00:00:14 / Memory: 892 MB (FLW-8100)
Information: CPU Load: 6%, Ram Free: 39 GB, Swap Free: 1 GB, Work Disk Free: 308 GB, Tmp Disk Free: 308 GB (MSG-3995)
Information: Starting compile_fusion / logic_opto / Clock Gate Re-structuring (FLW-8000)
Information: Time: 2025-06-18 11:04:15 / Session:  00:00:17 / Command:  00:00:09 / CPU:  00:00:14 / Memory: 892 MB (FLW-8100)
Information: CPU Load: 6%, Ram Free: 39 GB, Swap Free: 1 GB, Work Disk Free: 308 GB, Tmp Disk Free: 308 GB (MSG-3995)
Information: Result of compile_fusion / logic_opto / Clock Gate Re-structuring (FLW-8500)
Number of Pre-Existing Clock Gates with dont touch attribute: 0
Number of ICG library cells with CTS purpose: 19
--------------------------------------------------------------------------------
                          Tool Gated Register Summary                           
--------------------------------------------------------------------------------
Clock Gating Type                   | Number of   | Register Count | Equivalent 
                                    | Clock Gates |                | Bitwidth   
--------------------------------------------------------------------------------
Regular Clock Gating                |          11 |            319 |        319
--------------------------------------------------------------------------------
--------------------------------------------------------------------------------
                 Regular Clock Gating Ungated Register Summary                  
--------------------------------------------------------------------------------
 Ungated Reason                                            | Count | Bitwidth   
--------------------------------------------------------------------------------
 Enable is Constant One.                                   |     2 |        2
 Partial Minimum Bitwidth Not Met.                         |     7 |        7
--------------------------------------------------------------------------------
Information: Ending   compile_fusion / logic_opto / Clock Gate Re-structuring (FLW-8001)
Information: Time: 2025-06-18 11:04:15 / Session:  00:00:17 / Command:  00:00:09 / CPU:  00:00:14 / Memory: 905 MB (FLW-8100)
Information: CPU Load: 6%, Ram Free: 39 GB, Swap Free: 1 GB, Work Disk Free: 308 GB, Tmp Disk Free: 308 GB (MSG-3995)
Warning: Duplicate callback function set for step 'fc/logic_opto/dwProcessPrecond1' (FLW-2224)
Warning: Duplicate callback function set for step 'fc/logic_opto/dwProcessPrecond1' (FLW-2224)
Information: Starting compile_fusion / logic_opto / Optimization (1) (FLW-8000)
Information: Time: 2025-06-18 11:04:15 / Session:  00:00:17 / Command:  00:00:09 / CPU:  00:00:14 / Memory: 905 MB (FLW-8100)
Information: CPU Load: 6%, Ram Free: 39 GB, Swap Free: 1 GB, Work Disk Free: 308 GB, Tmp Disk Free: 308 GB (MSG-3995)
Information: The stitching and editing of coupling caps is turned OFF for design 'dut_toplevel.dlib:dut_toplevel/auto_floorplan.design'. (TIM-125)
Information: Starting compile_fusion / logic_opto / Optimization (1) / Logic Simplification and Register Optimization (FLW-8000)
Information: Time: 2025-06-18 11:04:17 / Session:  00:00:20 / Command:  00:00:11 / CPU:  00:00:17 / Memory: 968 MB (FLW-8100)
Information: CPU Load: 6%, Ram Free: 39 GB, Swap Free: 1 GB, Work Disk Free: 308 GB, Tmp Disk Free: 308 GB (MSG-3995)
Warning: Cannot infer functionality of libcell 'saed14rvt_frame_timing/SAEDRVT14_FDNRBSBQ_V2_0P5' and will be excluded from sequential mapping. (SQM-1061)
Warning: Cannot infer functionality of libcell 'saed14rvt_frame_timing/SAEDRVT14_FDNRBSBQ_V2_1' and will be excluded from sequential mapping. (SQM-1061)
Warning: Cannot infer functionality of libcell 'saed14rvt_frame_timing/SAEDRVT14_FDNRBSBQ_V2_2' and will be excluded from sequential mapping. (SQM-1061)
Warning: Cannot infer functionality of libcell 'saed14rvt_frame_timing/SAEDRVT14_FDNRBSBQ_V2_4' and will be excluded from sequential mapping. (SQM-1061)
Warning: Cannot infer functionality of libcell 'saed14rvt_frame_timing/SAEDRVT14_FDPRBSBQ_V2_0P5' and will be excluded from sequential mapping. (SQM-1061)
Warning: Cannot infer functionality of libcell 'saed14rvt_frame_timing/SAEDRVT14_FDPRBSBQ_V2_1' and will be excluded from sequential mapping. (SQM-1061)
Warning: Cannot infer functionality of libcell 'saed14rvt_frame_timing/SAEDRVT14_FDPRBSBQ_V2_2' and will be excluded from sequential mapping. (SQM-1061)
Warning: Cannot infer functionality of libcell 'saed14rvt_frame_timing/SAEDRVT14_FDPRBSBQ_V2_4' and will be excluded from sequential mapping. (SQM-1061)
Warning: Cannot infer functionality of libcell 'saed14rvt_frame_timing/SAEDRVT14_FSDPRBSBQ_V2LP_0P5' and will be excluded from sequential mapping. (SQM-1061)
Warning: Cannot infer functionality of libcell 'saed14rvt_frame_timing/SAEDRVT14_FSDPRBSBQ_V2LP_2' and will be excluded from sequential mapping. (SQM-1061)
Warning: Skipping check for single_bit_degenerate attribute on the multibit libcell 'saed14rvt_frame_timing/SAEDRVT14_FSDN2_V2_0P5' since it is not a black-box. (SQM-1079)
Information: No single-bit representative was found for multibit lib cell 'saed14rvt_frame_timing/SAEDRVT14_FSDN2_V2_0P5'. (SQM-2004)
Warning: Skipping check for single_bit_degenerate attribute on the multibit libcell 'saed14rvt_frame_timing/SAEDRVT14_FSDN2_V2_1' since it is not a black-box. (SQM-1079)
Information: No single-bit representative was found for multibit lib cell 'saed14rvt_frame_timing/SAEDRVT14_FSDN2_V2_1'. (SQM-2004)
Warning: Skipping check for single_bit_degenerate attribute on the multibit libcell 'saed14rvt_frame_timing/SAEDRVT14_FSDN2_V2_2' since it is not a black-box. (SQM-1079)
Information: No single-bit representative was found for multibit lib cell 'saed14rvt_frame_timing/SAEDRVT14_FSDN2_V2_2'. (SQM-2004)
Warning: Skipping check for single_bit_degenerate attribute on the multibit libcell 'saed14rvt_frame_timing/SAEDRVT14_FSDN2_V2_4' since it is not a black-box. (SQM-1079)
Information: No single-bit representative was found for multibit lib cell 'saed14rvt_frame_timing/SAEDRVT14_FSDN2_V2_4'. (SQM-2004)
Warning: Skipping check for single_bit_degenerate attribute on the multibit libcell 'saed14rvt_frame_timing/SAEDRVT14_FSDN4_V2_0P5' since it is not a black-box. (SQM-1079)
Information: No single-bit representative was found for multibit lib cell 'saed14rvt_frame_timing/SAEDRVT14_FSDN4_V2_0P5'. (SQM-2004)
Information: No single-bit representative was found for multibit lib cell 'saed14rvt_frame_timing/SAEDRVT14_FSDN4_V2_1'. (SQM-2004)
Information: No single-bit representative was found for multibit lib cell 'saed14rvt_frame_timing/SAEDRVT14_FSDN4_V2_2'. (SQM-2004)
Information: No single-bit representative was found for multibit lib cell 'saed14rvt_frame_timing/SAEDRVT14_FSDN4_V2_4'. (SQM-2004)
Warning: Found 8 multibit sequential library cells that have missing/added attributes or have restrictions that prevent them from banking. (SQM-1053)
Information: 6 out of 16 SQM-1061 messages were not printed due to limit 10 (after 'compile_fusion' at task1af.tcl:37) (MSG-3913)
Information: 3 out of 8 SQM-1079 messages were not printed due to limit 5 (after 'compile_fusion' at task1af.tcl:37) (MSG-3913)
Information: Ending   compile_fusion / logic_opto / Optimization (1) / Logic Simplification and Register Optimization (FLW-8001)
Information: Time: 2025-06-18 11:04:18 / Session:  00:00:20 / Command:  00:00:12 / CPU:  00:00:17 / Memory: 977 MB (FLW-8100)
Information: CPU Load: 6%, Ram Free: 39 GB, Swap Free: 1 GB, Work Disk Free: 308 GB, Tmp Disk Free: 308 GB (MSG-3995)
Warning: No clock routing rules were specified. Use set_clock_routing_rules to specify routing rules for accurate clock latency estimation. (OPT-902)
Warning: No clock routing rules were specified. Use set_clock_routing_rules to specify routing rules for accurate clock latency estimation. (OPT-902)
Information: Estimating clock gate latencies for scenario 'PowerSave_Slow'. (OPT-909)
Warning: No clock routing rules were specified. Use set_clock_routing_rules to specify routing rules for accurate clock latency estimation. (OPT-902)
Information: Estimating clock gate latencies for scenario 'Normal_Slow'. (OPT-909)
Warning: Cannot infer functionality of libcell 'saed14rvt_frame_timing/SAEDRVT14_FDNRBSBQ_V2_0P5' and will be excluded from sequential mapping. (SQM-1061)
Warning: Cannot infer functionality of libcell 'saed14rvt_frame_timing/SAEDRVT14_FDNRBSBQ_V2_1' and will be excluded from sequential mapping. (SQM-1061)
Warning: Cannot infer functionality of libcell 'saed14rvt_frame_timing/SAEDRVT14_FDNRBSBQ_V2_2' and will be excluded from sequential mapping. (SQM-1061)
Warning: Cannot infer functionality of libcell 'saed14rvt_frame_timing/SAEDRVT14_FDNRBSBQ_V2_4' and will be excluded from sequential mapping. (SQM-1061)
Warning: Cannot infer functionality of libcell 'saed14rvt_frame_timing/SAEDRVT14_FDPRBSBQ_V2_0P5' and will be excluded from sequential mapping. (SQM-1061)
Warning: Cannot infer functionality of libcell 'saed14rvt_frame_timing/SAEDRVT14_FDPRBSBQ_V2_1' and will be excluded from sequential mapping. (SQM-1061)
Warning: Cannot infer functionality of libcell 'saed14rvt_frame_timing/SAEDRVT14_FDPRBSBQ_V2_2' and will be excluded from sequential mapping. (SQM-1061)
Warning: Cannot infer functionality of libcell 'saed14rvt_frame_timing/SAEDRVT14_FDPRBSBQ_V2_4' and will be excluded from sequential mapping. (SQM-1061)
Warning: Cannot infer functionality of libcell 'saed14rvt_frame_timing/SAEDRVT14_FSDPRBSBQ_V2LP_0P5' and will be excluded from sequential mapping. (SQM-1061)
Warning: Cannot infer functionality of libcell 'saed14rvt_frame_timing/SAEDRVT14_FSDPRBSBQ_V2LP_2' and will be excluded from sequential mapping. (SQM-1061)
Warning: Skipping check for single_bit_degenerate attribute on the multibit libcell 'saed14rvt_frame_timing/SAEDRVT14_FSDN2_V2_0P5' since it is not a black-box. (SQM-1079)
Information: No single-bit representative was found for multibit lib cell 'saed14rvt_frame_timing/SAEDRVT14_FSDN2_V2_0P5'. (SQM-2004)
Warning: Skipping check for single_bit_degenerate attribute on the multibit libcell 'saed14rvt_frame_timing/SAEDRVT14_FSDN2_V2_1' since it is not a black-box. (SQM-1079)
Information: No single-bit representative was found for multibit lib cell 'saed14rvt_frame_timing/SAEDRVT14_FSDN2_V2_1'. (SQM-2004)
Warning: Skipping check for single_bit_degenerate attribute on the multibit libcell 'saed14rvt_frame_timing/SAEDRVT14_FSDN2_V2_2' since it is not a black-box. (SQM-1079)
Information: No single-bit representative was found for multibit lib cell 'saed14rvt_frame_timing/SAEDRVT14_FSDN2_V2_2'. (SQM-2004)
Warning: Skipping check for single_bit_degenerate attribute on the multibit libcell 'saed14rvt_frame_timing/SAEDRVT14_FSDN2_V2_4' since it is not a black-box. (SQM-1079)
Information: No single-bit representative was found for multibit lib cell 'saed14rvt_frame_timing/SAEDRVT14_FSDN2_V2_4'. (SQM-2004)
Warning: Skipping check for single_bit_degenerate attribute on the multibit libcell 'saed14rvt_frame_timing/SAEDRVT14_FSDN4_V2_0P5' since it is not a black-box. (SQM-1079)
Information: No single-bit representative was found for multibit lib cell 'saed14rvt_frame_timing/SAEDRVT14_FSDN4_V2_0P5'. (SQM-2004)
Information: No single-bit representative was found for multibit lib cell 'saed14rvt_frame_timing/SAEDRVT14_FSDN4_V2_1'. (SQM-2004)
Information: No single-bit representative was found for multibit lib cell 'saed14rvt_frame_timing/SAEDRVT14_FSDN4_V2_2'. (SQM-2004)
Information: No single-bit representative was found for multibit lib cell 'saed14rvt_frame_timing/SAEDRVT14_FSDN4_V2_4'. (SQM-2004)
Warning: Found 8 multibit sequential library cells that have missing/added attributes or have restrictions that prevent them from banking. (SQM-1053)
Information: 6 out of 16 SQM-1061 messages were not printed due to limit 10 (after 'compile_fusion' at task1af.tcl:37) (MSG-3913)
Information: 3 out of 8 SQM-1079 messages were not printed due to limit 5 (after 'compile_fusion' at task1af.tcl:37) (MSG-3913)
Information: Starting compile_fusion / logic_opto / Optimization (1) / Timing Optimization and DesignWare Reselection (FLW-8000)
Information: Time: 2025-06-18 11:04:19 / Session:  00:00:21 / Command:  00:00:13 / CPU:  00:00:20 / Memory: 1009 MB (FLW-8100)
Information: CPU Load: 7%, Ram Free: 39 GB, Swap Free: 1 GB, Work Disk Free: 308 GB, Tmp Disk Free: 308 GB (MSG-3995)
Warning: Cannot infer functionality of libcell 'saed14rvt_frame_timing/SAEDRVT14_FDNRBSBQ_V2_0P5' and will be excluded from sequential mapping. (SQM-1061)
Warning: Cannot infer functionality of libcell 'saed14rvt_frame_timing/SAEDRVT14_FDNRBSBQ_V2_1' and will be excluded from sequential mapping. (SQM-1061)
Warning: Cannot infer functionality of libcell 'saed14rvt_frame_timing/SAEDRVT14_FDNRBSBQ_V2_2' and will be excluded from sequential mapping. (SQM-1061)
Warning: Cannot infer functionality of libcell 'saed14rvt_frame_timing/SAEDRVT14_FDNRBSBQ_V2_4' and will be excluded from sequential mapping. (SQM-1061)
Warning: Cannot infer functionality of libcell 'saed14rvt_frame_timing/SAEDRVT14_FDPRBSBQ_V2_0P5' and will be excluded from sequential mapping. (SQM-1061)
Warning: Cannot infer functionality of libcell 'saed14rvt_frame_timing/SAEDRVT14_FDPRBSBQ_V2_1' and will be excluded from sequential mapping. (SQM-1061)
Warning: Cannot infer functionality of libcell 'saed14rvt_frame_timing/SAEDRVT14_FDPRBSBQ_V2_2' and will be excluded from sequential mapping. (SQM-1061)
Warning: Cannot infer functionality of libcell 'saed14rvt_frame_timing/SAEDRVT14_FDPRBSBQ_V2_4' and will be excluded from sequential mapping. (SQM-1061)
Warning: Cannot infer functionality of libcell 'saed14rvt_frame_timing/SAEDRVT14_FSDPRBSBQ_V2LP_0P5' and will be excluded from sequential mapping. (SQM-1061)
Warning: Cannot infer functionality of libcell 'saed14rvt_frame_timing/SAEDRVT14_FSDPRBSBQ_V2LP_2' and will be excluded from sequential mapping. (SQM-1061)
Warning: Skipping check for single_bit_degenerate attribute on the multibit libcell 'saed14rvt_frame_timing/SAEDRVT14_FSDN2_V2_0P5' since it is not a black-box. (SQM-1079)
Information: No single-bit representative was found for multibit lib cell 'saed14rvt_frame_timing/SAEDRVT14_FSDN2_V2_0P5'. (SQM-2004)
Warning: Skipping check for single_bit_degenerate attribute on the multibit libcell 'saed14rvt_frame_timing/SAEDRVT14_FSDN2_V2_1' since it is not a black-box. (SQM-1079)
Information: No single-bit representative was found for multibit lib cell 'saed14rvt_frame_timing/SAEDRVT14_FSDN2_V2_1'. (SQM-2004)
Warning: Skipping check for single_bit_degenerate attribute on the multibit libcell 'saed14rvt_frame_timing/SAEDRVT14_FSDN2_V2_2' since it is not a black-box. (SQM-1079)
Information: No single-bit representative was found for multibit lib cell 'saed14rvt_frame_timing/SAEDRVT14_FSDN2_V2_2'. (SQM-2004)
Warning: Skipping check for single_bit_degenerate attribute on the multibit libcell 'saed14rvt_frame_timing/SAEDRVT14_FSDN2_V2_4' since it is not a black-box. (SQM-1079)
Information: No single-bit representative was found for multibit lib cell 'saed14rvt_frame_timing/SAEDRVT14_FSDN2_V2_4'. (SQM-2004)
Warning: Skipping check for single_bit_degenerate attribute on the multibit libcell 'saed14rvt_frame_timing/SAEDRVT14_FSDN4_V2_0P5' since it is not a black-box. (SQM-1079)
Information: No single-bit representative was found for multibit lib cell 'saed14rvt_frame_timing/SAEDRVT14_FSDN4_V2_0P5'. (SQM-2004)
Information: No single-bit representative was found for multibit lib cell 'saed14rvt_frame_timing/SAEDRVT14_FSDN4_V2_1'. (SQM-2004)
Information: No single-bit representative was found for multibit lib cell 'saed14rvt_frame_timing/SAEDRVT14_FSDN4_V2_2'. (SQM-2004)
Information: No single-bit representative was found for multibit lib cell 'saed14rvt_frame_timing/SAEDRVT14_FSDN4_V2_4'. (SQM-2004)
Warning: Found 8 multibit sequential library cells that have missing/added attributes or have restrictions that prevent them from banking. (SQM-1053)
Information: No single-bit representative was found for multibit lib cell 'saed14rvt_frame_timing/SAEDRVT14_FSDN2_V2_0P5'. (SQM-2004)
Information: No single-bit representative was found for multibit lib cell 'saed14rvt_frame_timing/SAEDRVT14_FSDN2_V2_1'. (SQM-2004)
Warning: Found 8 multibit sequential library cells that have missing/added attributes or have restrictions that prevent them from banking. (SQM-1053)
Warning: Found 8 multibit sequential library cells that have missing/added attributes or have restrictions that prevent them from banking. (SQM-1053)
Warning: Found 8 multibit sequential library cells that have missing/added attributes or have restrictions that prevent them from banking. (SQM-1053)
Warning: Found 8 multibit sequential library cells that have missing/added attributes or have restrictions that prevent them from banking. (SQM-1053)
Warning: Found 8 multibit sequential library cells that have missing/added attributes or have restrictions that prevent them from banking. (SQM-1053)
Warning: Found 8 multibit sequential library cells that have missing/added attributes or have restrictions that prevent them from banking. (SQM-1053)
Warning: Found 8 multibit sequential library cells that have missing/added attributes or have restrictions that prevent them from banking. (SQM-1053)
Warning: Found 8 multibit sequential library cells that have missing/added attributes or have restrictions that prevent them from banking. (SQM-1053)
Warning: Found 8 multibit sequential library cells that have missing/added attributes or have restrictions that prevent them from banking. (SQM-1053)
Information: 2 out of 12 SQM-1053 messages were not printed due to limit 10 (after 'compile_fusion' at task1af.tcl:37) (MSG-3913)
Information: 182 out of 192 SQM-1061 messages were not printed due to limit 10 (after 'compile_fusion' at task1af.tcl:37) (MSG-3913)
Information: 91 out of 96 SQM-1079 messages were not printed due to limit 5 (after 'compile_fusion' at task1af.tcl:37) (MSG-3913)
Information: 86 out of 96 SQM-2004 messages were not printed due to limit 10 (after 'compile_fusion' at task1af.tcl:37) (MSG-3913)
Information: Ending   compile_fusion / logic_opto / Optimization (1) / Timing Optimization and DesignWare Reselection (FLW-8001)
Information: Time: 2025-06-18 11:04:21 / Session:  00:00:23 / Command:  00:00:15 / CPU:  00:00:22 / Memory: 1334 MB (FLW-8100)
Information: CPU Load: 7%, Ram Free: 38 GB, Swap Free: 1 GB, Work Disk Free: 308 GB, Tmp Disk Free: 308 GB (MSG-3995)
Information: Ending   compile_fusion / logic_opto / Optimization (1) (FLW-8001)
Information: Time: 2025-06-18 11:04:21 / Session:  00:00:23 / Command:  00:00:15 / CPU:  00:00:22 / Memory: 1334 MB (FLW-8100)
Information: CPU Load: 7%, Ram Free: 38 GB, Swap Free: 1 GB, Work Disk Free: 308 GB, Tmp Disk Free: 308 GB (MSG-3995)
Information: Starting compile_fusion / logic_opto / Register Retiming (FLW-8000)
Information: Time: 2025-06-18 11:04:21 / Session:  00:00:23 / Command:  00:00:15 / CPU:  00:00:22 / Memory: 1334 MB (FLW-8100)
Information: CPU Load: 7%, Ram Free: 38 GB, Swap Free: 1 GB, Work Disk Free: 308 GB, Tmp Disk Free: 308 GB (MSG-3995)
Warning: Cannot infer functionality of libcell 'saed14rvt_frame_timing/SAEDRVT14_FDNRBSBQ_V2_0P5' and will be excluded from sequential mapping. (SQM-1061)
Warning: Cannot infer functionality of libcell 'saed14rvt_frame_timing/SAEDRVT14_FDNRBSBQ_V2_1' and will be excluded from sequential mapping. (SQM-1061)
Warning: Cannot infer functionality of libcell 'saed14rvt_frame_timing/SAEDRVT14_FDNRBSBQ_V2_2' and will be excluded from sequential mapping. (SQM-1061)
Warning: Cannot infer functionality of libcell 'saed14rvt_frame_timing/SAEDRVT14_FDNRBSBQ_V2_4' and will be excluded from sequential mapping. (SQM-1061)
Warning: Cannot infer functionality of libcell 'saed14rvt_frame_timing/SAEDRVT14_FDPRBSBQ_V2_0P5' and will be excluded from sequential mapping. (SQM-1061)
Warning: Cannot infer functionality of libcell 'saed14rvt_frame_timing/SAEDRVT14_FDPRBSBQ_V2_1' and will be excluded from sequential mapping. (SQM-1061)
Warning: Cannot infer functionality of libcell 'saed14rvt_frame_timing/SAEDRVT14_FDPRBSBQ_V2_2' and will be excluded from sequential mapping. (SQM-1061)
Warning: Cannot infer functionality of libcell 'saed14rvt_frame_timing/SAEDRVT14_FDPRBSBQ_V2_4' and will be excluded from sequential mapping. (SQM-1061)
Warning: Cannot infer functionality of libcell 'saed14rvt_frame_timing/SAEDRVT14_FSDPRBSBQ_V2LP_0P5' and will be excluded from sequential mapping. (SQM-1061)
Warning: Cannot infer functionality of libcell 'saed14rvt_frame_timing/SAEDRVT14_FSDPRBSBQ_V2LP_2' and will be excluded from sequential mapping. (SQM-1061)
Warning: Skipping check for single_bit_degenerate attribute on the multibit libcell 'saed14rvt_frame_timing/SAEDRVT14_FSDN2_V2_0P5' since it is not a black-box. (SQM-1079)
Information: No single-bit representative was found for multibit lib cell 'saed14rvt_frame_timing/SAEDRVT14_FSDN2_V2_0P5'. (SQM-2004)
Warning: Skipping check for single_bit_degenerate attribute on the multibit libcell 'saed14rvt_frame_timing/SAEDRVT14_FSDN2_V2_1' since it is not a black-box. (SQM-1079)
Information: No single-bit representative was found for multibit lib cell 'saed14rvt_frame_timing/SAEDRVT14_FSDN2_V2_1'. (SQM-2004)
Warning: Skipping check for single_bit_degenerate attribute on the multibit libcell 'saed14rvt_frame_timing/SAEDRVT14_FSDN2_V2_2' since it is not a black-box. (SQM-1079)
Information: No single-bit representative was found for multibit lib cell 'saed14rvt_frame_timing/SAEDRVT14_FSDN2_V2_2'. (SQM-2004)
Warning: Skipping check for single_bit_degenerate attribute on the multibit libcell 'saed14rvt_frame_timing/SAEDRVT14_FSDN2_V2_4' since it is not a black-box. (SQM-1079)
Information: No single-bit representative was found for multibit lib cell 'saed14rvt_frame_timing/SAEDRVT14_FSDN2_V2_4'. (SQM-2004)
Warning: Skipping check for single_bit_degenerate attribute on the multibit libcell 'saed14rvt_frame_timing/SAEDRVT14_FSDN4_V2_0P5' since it is not a black-box. (SQM-1079)
Information: No single-bit representative was found for multibit lib cell 'saed14rvt_frame_timing/SAEDRVT14_FSDN4_V2_0P5'. (SQM-2004)
Information: No single-bit representative was found for multibit lib cell 'saed14rvt_frame_timing/SAEDRVT14_FSDN4_V2_1'. (SQM-2004)
Information: No single-bit representative was found for multibit lib cell 'saed14rvt_frame_timing/SAEDRVT14_FSDN4_V2_2'. (SQM-2004)
Information: No single-bit representative was found for multibit lib cell 'saed14rvt_frame_timing/SAEDRVT14_FSDN4_V2_4'. (SQM-2004)
Warning: Found 8 multibit sequential library cells that have missing/added attributes or have restrictions that prevent them from banking. (SQM-1053)
Information: 6 out of 16 SQM-1061 messages were not printed due to limit 10 (after 'compile_fusion' at task1af.tcl:37) (MSG-3913)
Information: 3 out of 8 SQM-1079 messages were not printed due to limit 5 (after 'compile_fusion' at task1af.tcl:37) (MSG-3913)
Warning: Cannot infer functionality of libcell 'saed14rvt_frame_timing/SAEDRVT14_FDNRBSBQ_V2_0P5' and will be excluded from sequential mapping. (SQM-1061)
Warning: Cannot infer functionality of libcell 'saed14rvt_frame_timing/SAEDRVT14_FDNRBSBQ_V2_1' and will be excluded from sequential mapping. (SQM-1061)
Warning: Cannot infer functionality of libcell 'saed14rvt_frame_timing/SAEDRVT14_FDNRBSBQ_V2_2' and will be excluded from sequential mapping. (SQM-1061)
Warning: Cannot infer functionality of libcell 'saed14rvt_frame_timing/SAEDRVT14_FDNRBSBQ_V2_4' and will be excluded from sequential mapping. (SQM-1061)
Warning: Cannot infer functionality of libcell 'saed14rvt_frame_timing/SAEDRVT14_FDPRBSBQ_V2_0P5' and will be excluded from sequential mapping. (SQM-1061)
Warning: Cannot infer functionality of libcell 'saed14rvt_frame_timing/SAEDRVT14_FDPRBSBQ_V2_1' and will be excluded from sequential mapping. (SQM-1061)
Warning: Cannot infer functionality of libcell 'saed14rvt_frame_timing/SAEDRVT14_FDPRBSBQ_V2_2' and will be excluded from sequential mapping. (SQM-1061)
Warning: Cannot infer functionality of libcell 'saed14rvt_frame_timing/SAEDRVT14_FDPRBSBQ_V2_4' and will be excluded from sequential mapping. (SQM-1061)
Warning: Cannot infer functionality of libcell 'saed14rvt_frame_timing/SAEDRVT14_FSDPRBSBQ_V2LP_0P5' and will be excluded from sequential mapping. (SQM-1061)
Warning: Cannot infer functionality of libcell 'saed14rvt_frame_timing/SAEDRVT14_FSDPRBSBQ_V2LP_2' and will be excluded from sequential mapping. (SQM-1061)
Warning: Skipping check for single_bit_degenerate attribute on the multibit libcell 'saed14rvt_frame_timing/SAEDRVT14_FSDN2_V2_0P5' since it is not a black-box. (SQM-1079)
Information: No single-bit representative was found for multibit lib cell 'saed14rvt_frame_timing/SAEDRVT14_FSDN2_V2_0P5'. (SQM-2004)
Warning: Skipping check for single_bit_degenerate attribute on the multibit libcell 'saed14rvt_frame_timing/SAEDRVT14_FSDN2_V2_1' since it is not a black-box. (SQM-1079)
Information: No single-bit representative was found for multibit lib cell 'saed14rvt_frame_timing/SAEDRVT14_FSDN2_V2_1'. (SQM-2004)
Warning: Skipping check for single_bit_degenerate attribute on the multibit libcell 'saed14rvt_frame_timing/SAEDRVT14_FSDN2_V2_2' since it is not a black-box. (SQM-1079)
Information: No single-bit representative was found for multibit lib cell 'saed14rvt_frame_timing/SAEDRVT14_FSDN2_V2_2'. (SQM-2004)
Warning: Skipping check for single_bit_degenerate attribute on the multibit libcell 'saed14rvt_frame_timing/SAEDRVT14_FSDN2_V2_4' since it is not a black-box. (SQM-1079)
Information: No single-bit representative was found for multibit lib cell 'saed14rvt_frame_timing/SAEDRVT14_FSDN2_V2_4'. (SQM-2004)
Warning: Skipping check for single_bit_degenerate attribute on the multibit libcell 'saed14rvt_frame_timing/SAEDRVT14_FSDN4_V2_0P5' since it is not a black-box. (SQM-1079)
Information: No single-bit representative was found for multibit lib cell 'saed14rvt_frame_timing/SAEDRVT14_FSDN4_V2_0P5'. (SQM-2004)
Information: No single-bit representative was found for multibit lib cell 'saed14rvt_frame_timing/SAEDRVT14_FSDN4_V2_1'. (SQM-2004)
Information: No single-bit representative was found for multibit lib cell 'saed14rvt_frame_timing/SAEDRVT14_FSDN4_V2_2'. (SQM-2004)
Information: No single-bit representative was found for multibit lib cell 'saed14rvt_frame_timing/SAEDRVT14_FSDN4_V2_4'. (SQM-2004)
Warning: Found 8 multibit sequential library cells that have missing/added attributes or have restrictions that prevent them from banking. (SQM-1053)
Information: 6 out of 16 SQM-1061 messages were not printed due to limit 10 (after 'compile_fusion' at task1af.tcl:37) (MSG-3913)
Information: 3 out of 8 SQM-1079 messages were not printed due to limit 5 (after 'compile_fusion' at task1af.tcl:37) (MSG-3913)
Warning: Cannot infer functionality of libcell 'saed14rvt_frame_timing/SAEDRVT14_FDNRBSBQ_V2_0P5' and will be excluded from sequential mapping. (SQM-1061)
Warning: Cannot infer functionality of libcell 'saed14rvt_frame_timing/SAEDRVT14_FDNRBSBQ_V2_1' and will be excluded from sequential mapping. (SQM-1061)
Warning: Cannot infer functionality of libcell 'saed14rvt_frame_timing/SAEDRVT14_FDNRBSBQ_V2_2' and will be excluded from sequential mapping. (SQM-1061)
Warning: Cannot infer functionality of libcell 'saed14rvt_frame_timing/SAEDRVT14_FDNRBSBQ_V2_4' and will be excluded from sequential mapping. (SQM-1061)
Warning: Cannot infer functionality of libcell 'saed14rvt_frame_timing/SAEDRVT14_FDPRBSBQ_V2_0P5' and will be excluded from sequential mapping. (SQM-1061)
Warning: Cannot infer functionality of libcell 'saed14rvt_frame_timing/SAEDRVT14_FDPRBSBQ_V2_1' and will be excluded from sequential mapping. (SQM-1061)
Warning: Cannot infer functionality of libcell 'saed14rvt_frame_timing/SAEDRVT14_FDPRBSBQ_V2_2' and will be excluded from sequential mapping. (SQM-1061)
Warning: Cannot infer functionality of libcell 'saed14rvt_frame_timing/SAEDRVT14_FDPRBSBQ_V2_4' and will be excluded from sequential mapping. (SQM-1061)
Warning: Cannot infer functionality of libcell 'saed14rvt_frame_timing/SAEDRVT14_FSDPRBSBQ_V2LP_0P5' and will be excluded from sequential mapping. (SQM-1061)
Warning: Cannot infer functionality of libcell 'saed14rvt_frame_timing/SAEDRVT14_FSDPRBSBQ_V2LP_2' and will be excluded from sequential mapping. (SQM-1061)
Warning: Skipping check for single_bit_degenerate attribute on the multibit libcell 'saed14rvt_frame_timing/SAEDRVT14_FSDN2_V2_0P5' since it is not a black-box. (SQM-1079)
Information: No single-bit representative was found for multibit lib cell 'saed14rvt_frame_timing/SAEDRVT14_FSDN2_V2_0P5'. (SQM-2004)
Warning: Skipping check for single_bit_degenerate attribute on the multibit libcell 'saed14rvt_frame_timing/SAEDRVT14_FSDN2_V2_1' since it is not a black-box. (SQM-1079)
Information: No single-bit representative was found for multibit lib cell 'saed14rvt_frame_timing/SAEDRVT14_FSDN2_V2_1'. (SQM-2004)
Warning: Skipping check for single_bit_degenerate attribute on the multibit libcell 'saed14rvt_frame_timing/SAEDRVT14_FSDN2_V2_2' since it is not a black-box. (SQM-1079)
Information: No single-bit representative was found for multibit lib cell 'saed14rvt_frame_timing/SAEDRVT14_FSDN2_V2_2'. (SQM-2004)
Warning: Skipping check for single_bit_degenerate attribute on the multibit libcell 'saed14rvt_frame_timing/SAEDRVT14_FSDN2_V2_4' since it is not a black-box. (SQM-1079)
Information: No single-bit representative was found for multibit lib cell 'saed14rvt_frame_timing/SAEDRVT14_FSDN2_V2_4'. (SQM-2004)
Warning: Skipping check for single_bit_degenerate attribute on the multibit libcell 'saed14rvt_frame_timing/SAEDRVT14_FSDN4_V2_0P5' since it is not a black-box. (SQM-1079)
Information: No single-bit representative was found for multibit lib cell 'saed14rvt_frame_timing/SAEDRVT14_FSDN4_V2_0P5'. (SQM-2004)
Information: No single-bit representative was found for multibit lib cell 'saed14rvt_frame_timing/SAEDRVT14_FSDN4_V2_1'. (SQM-2004)
Information: No single-bit representative was found for multibit lib cell 'saed14rvt_frame_timing/SAEDRVT14_FSDN4_V2_2'. (SQM-2004)
Information: No single-bit representative was found for multibit lib cell 'saed14rvt_frame_timing/SAEDRVT14_FSDN4_V2_4'. (SQM-2004)
Warning: Found 8 multibit sequential library cells that have missing/added attributes or have restrictions that prevent them from banking. (SQM-1053)
Information: Result of compile_fusion / logic_opto / Register Retiming (FLW-8500)
Information: No instance marked for retiming. (RTM-1031)
Information: 6 out of 16 SQM-1061 messages were not printed due to limit 10 (after 'compile_fusion' at task1af.tcl:37) (MSG-3913)
Information: 3 out of 8 SQM-1079 messages were not printed due to limit 5 (after 'compile_fusion' at task1af.tcl:37) (MSG-3913)
Warning: Cannot infer functionality of libcell 'saed14rvt_frame_timing/SAEDRVT14_FDNRBSBQ_V2_0P5' and will be excluded from sequential mapping. (SQM-1061)
Warning: Cannot infer functionality of libcell 'saed14rvt_frame_timing/SAEDRVT14_FDNRBSBQ_V2_1' and will be excluded from sequential mapping. (SQM-1061)
Warning: Cannot infer functionality of libcell 'saed14rvt_frame_timing/SAEDRVT14_FDNRBSBQ_V2_2' and will be excluded from sequential mapping. (SQM-1061)
Warning: Cannot infer functionality of libcell 'saed14rvt_frame_timing/SAEDRVT14_FDNRBSBQ_V2_4' and will be excluded from sequential mapping. (SQM-1061)
Warning: Cannot infer functionality of libcell 'saed14rvt_frame_timing/SAEDRVT14_FDPRBSBQ_V2_0P5' and will be excluded from sequential mapping. (SQM-1061)
Warning: Cannot infer functionality of libcell 'saed14rvt_frame_timing/SAEDRVT14_FDPRBSBQ_V2_1' and will be excluded from sequential mapping. (SQM-1061)
Warning: Cannot infer functionality of libcell 'saed14rvt_frame_timing/SAEDRVT14_FDPRBSBQ_V2_2' and will be excluded from sequential mapping. (SQM-1061)
Warning: Cannot infer functionality of libcell 'saed14rvt_frame_timing/SAEDRVT14_FDPRBSBQ_V2_4' and will be excluded from sequential mapping. (SQM-1061)
Warning: Cannot infer functionality of libcell 'saed14rvt_frame_timing/SAEDRVT14_FSDPRBSBQ_V2LP_0P5' and will be excluded from sequential mapping. (SQM-1061)
Warning: Cannot infer functionality of libcell 'saed14rvt_frame_timing/SAEDRVT14_FSDPRBSBQ_V2LP_2' and will be excluded from sequential mapping. (SQM-1061)
Warning: Skipping check for single_bit_degenerate attribute on the multibit libcell 'saed14rvt_frame_timing/SAEDRVT14_FSDN2_V2_0P5' since it is not a black-box. (SQM-1079)
Information: No single-bit representative was found for multibit lib cell 'saed14rvt_frame_timing/SAEDRVT14_FSDN2_V2_0P5'. (SQM-2004)
Warning: Skipping check for single_bit_degenerate attribute on the multibit libcell 'saed14rvt_frame_timing/SAEDRVT14_FSDN2_V2_1' since it is not a black-box. (SQM-1079)
Information: No single-bit representative was found for multibit lib cell 'saed14rvt_frame_timing/SAEDRVT14_FSDN2_V2_1'. (SQM-2004)
Warning: Skipping check for single_bit_degenerate attribute on the multibit libcell 'saed14rvt_frame_timing/SAEDRVT14_FSDN2_V2_2' since it is not a black-box. (SQM-1079)
Information: No single-bit representative was found for multibit lib cell 'saed14rvt_frame_timing/SAEDRVT14_FSDN2_V2_2'. (SQM-2004)
Warning: Skipping check for single_bit_degenerate attribute on the multibit libcell 'saed14rvt_frame_timing/SAEDRVT14_FSDN2_V2_4' since it is not a black-box. (SQM-1079)
Information: No single-bit representative was found for multibit lib cell 'saed14rvt_frame_timing/SAEDRVT14_FSDN2_V2_4'. (SQM-2004)
Warning: Skipping check for single_bit_degenerate attribute on the multibit libcell 'saed14rvt_frame_timing/SAEDRVT14_FSDN4_V2_0P5' since it is not a black-box. (SQM-1079)
Information: No single-bit representative was found for multibit lib cell 'saed14rvt_frame_timing/SAEDRVT14_FSDN4_V2_0P5'. (SQM-2004)
Information: No single-bit representative was found for multibit lib cell 'saed14rvt_frame_timing/SAEDRVT14_FSDN4_V2_1'. (SQM-2004)
Information: No single-bit representative was found for multibit lib cell 'saed14rvt_frame_timing/SAEDRVT14_FSDN4_V2_2'. (SQM-2004)
Information: No single-bit representative was found for multibit lib cell 'saed14rvt_frame_timing/SAEDRVT14_FSDN4_V2_4'. (SQM-2004)
Warning: Found 8 multibit sequential library cells that have missing/added attributes or have restrictions that prevent them from banking. (SQM-1053)
Information: 6 out of 16 SQM-1061 messages were not printed due to limit 10 (after 'compile_fusion' at task1af.tcl:37) (MSG-3913)
Information: 3 out of 8 SQM-1079 messages were not printed due to limit 5 (after 'compile_fusion' at task1af.tcl:37) (MSG-3913)
Information: Ending   compile_fusion / logic_opto / Register Retiming (FLW-8001)
Information: Time: 2025-06-18 11:04:29 / Session:  00:00:31 / Command:  00:00:23 / CPU:  00:00:31 / Memory: 1334 MB (FLW-8100)
Information: CPU Load: 7%, Ram Free: 38 GB, Swap Free: 1 GB, Work Disk Free: 308 GB, Tmp Disk Free: 308 GB (MSG-3995)
Warning: Cannot infer functionality of libcell 'saed14rvt_frame_timing/SAEDRVT14_FDNRBSBQ_V2_0P5' and will be excluded from sequential mapping. (SQM-1061)
Warning: Cannot infer functionality of libcell 'saed14rvt_frame_timing/SAEDRVT14_FDNRBSBQ_V2_1' and will be excluded from sequential mapping. (SQM-1061)
Warning: Cannot infer functionality of libcell 'saed14rvt_frame_timing/SAEDRVT14_FDNRBSBQ_V2_2' and will be excluded from sequential mapping. (SQM-1061)
Warning: Cannot infer functionality of libcell 'saed14rvt_frame_timing/SAEDRVT14_FDNRBSBQ_V2_4' and will be excluded from sequential mapping. (SQM-1061)
Warning: Cannot infer functionality of libcell 'saed14rvt_frame_timing/SAEDRVT14_FDPRBSBQ_V2_0P5' and will be excluded from sequential mapping. (SQM-1061)
Warning: Cannot infer functionality of libcell 'saed14rvt_frame_timing/SAEDRVT14_FDPRBSBQ_V2_1' and will be excluded from sequential mapping. (SQM-1061)
Warning: Cannot infer functionality of libcell 'saed14rvt_frame_timing/SAEDRVT14_FDPRBSBQ_V2_2' and will be excluded from sequential mapping. (SQM-1061)
Warning: Cannot infer functionality of libcell 'saed14rvt_frame_timing/SAEDRVT14_FDPRBSBQ_V2_4' and will be excluded from sequential mapping. (SQM-1061)
Warning: Cannot infer functionality of libcell 'saed14rvt_frame_timing/SAEDRVT14_FSDPRBSBQ_V2LP_0P5' and will be excluded from sequential mapping. (SQM-1061)
Warning: Cannot infer functionality of libcell 'saed14rvt_frame_timing/SAEDRVT14_FSDPRBSBQ_V2LP_2' and will be excluded from sequential mapping. (SQM-1061)
Warning: Skipping check for single_bit_degenerate attribute on the multibit libcell 'saed14rvt_frame_timing/SAEDRVT14_FSDN2_V2_0P5' since it is not a black-box. (SQM-1079)
Information: No single-bit representative was found for multibit lib cell 'saed14rvt_frame_timing/SAEDRVT14_FSDN2_V2_0P5'. (SQM-2004)
Warning: Skipping check for single_bit_degenerate attribute on the multibit libcell 'saed14rvt_frame_timing/SAEDRVT14_FSDN2_V2_1' since it is not a black-box. (SQM-1079)
Information: No single-bit representative was found for multibit lib cell 'saed14rvt_frame_timing/SAEDRVT14_FSDN2_V2_1'. (SQM-2004)
Warning: Skipping check for single_bit_degenerate attribute on the multibit libcell 'saed14rvt_frame_timing/SAEDRVT14_FSDN2_V2_2' since it is not a black-box. (SQM-1079)
Information: No single-bit representative was found for multibit lib cell 'saed14rvt_frame_timing/SAEDRVT14_FSDN2_V2_2'. (SQM-2004)
Warning: Skipping check for single_bit_degenerate attribute on the multibit libcell 'saed14rvt_frame_timing/SAEDRVT14_FSDN2_V2_4' since it is not a black-box. (SQM-1079)
Information: No single-bit representative was found for multibit lib cell 'saed14rvt_frame_timing/SAEDRVT14_FSDN2_V2_4'. (SQM-2004)
Warning: Skipping check for single_bit_degenerate attribute on the multibit libcell 'saed14rvt_frame_timing/SAEDRVT14_FSDN4_V2_0P5' since it is not a black-box. (SQM-1079)
Information: No single-bit representative was found for multibit lib cell 'saed14rvt_frame_timing/SAEDRVT14_FSDN4_V2_0P5'. (SQM-2004)
Information: No single-bit representative was found for multibit lib cell 'saed14rvt_frame_timing/SAEDRVT14_FSDN4_V2_1'. (SQM-2004)
Information: No single-bit representative was found for multibit lib cell 'saed14rvt_frame_timing/SAEDRVT14_FSDN4_V2_2'. (SQM-2004)
Information: No single-bit representative was found for multibit lib cell 'saed14rvt_frame_timing/SAEDRVT14_FSDN4_V2_4'. (SQM-2004)
Warning: Found 8 multibit sequential library cells that have missing/added attributes or have restrictions that prevent them from banking. (SQM-1053)
Information: Register Bits Before Sharing = 0, After Sharing = 0, Savings = 0 (SQM-2000)
Information: 6 out of 16 SQM-1061 messages were not printed due to limit 10 (after 'compile_fusion' at task1af.tcl:37) (MSG-3913)
Information: 3 out of 8 SQM-1079 messages were not printed due to limit 5 (after 'compile_fusion' at task1af.tcl:37) (MSG-3913)
Information: Starting compile_fusion / logic_opto / Optimization (2) (FLW-8000)
Information: Time: 2025-06-18 11:04:31 / Session:  00:00:34 / Command:  00:00:25 / CPU:  00:00:33 / Memory: 1334 MB (FLW-8100)
Information: CPU Load: 7%, Ram Free: 38 GB, Swap Free: 1 GB, Work Disk Free: 308 GB, Tmp Disk Free: 308 GB (MSG-3995)
Warning: No clock routing rules were specified. Use set_clock_routing_rules to specify routing rules for accurate clock latency estimation. (OPT-902)
Warning: No clock routing rules were specified. Use set_clock_routing_rules to specify routing rules for accurate clock latency estimation. (OPT-902)
Information: Estimating clock gate latencies for scenario 'PowerSave_Slow'. (OPT-909)
Warning: No clock routing rules were specified. Use set_clock_routing_rules to specify routing rules for accurate clock latency estimation. (OPT-902)
Information: Estimating clock gate latencies for scenario 'Normal_Slow'. (OPT-909)
Information: Ending   compile_fusion / logic_opto / Optimization (2) (FLW-8001)
Information: Time: 2025-06-18 11:04:33 / Session:  00:00:35 / Command:  00:00:27 / CPU:  00:00:36 / Memory: 1334 MB (FLW-8100)
Information: CPU Load: 7%, Ram Free: 38 GB, Swap Free: 1 GB, Work Disk Free: 308 GB, Tmp Disk Free: 308 GB (MSG-3995)
Information: Starting compile_fusion / logic_opto / Auto-Floorplan (1) (FLW-8000)
Information: Time: 2025-06-18 11:04:33 / Session:  00:00:35 / Command:  00:00:27 / CPU:  00:00:36 / Memory: 1334 MB (FLW-8100)
Information: CPU Load: 7%, Ram Free: 38 GB, Swap Free: 1 GB, Work Disk Free: 308 GB, Tmp Disk Free: 308 GB (MSG-3995)
Information: Initializing core and die (AFP-1001)
Information: Initializing rows (AFP-1003)
Information: Initializing tracks (AFP-1004)
Information: Generated core area = 1267.886353 (AFP-2021)
Information: Generated core boundary = { {0 0} {0 35.4} {35.816 35.4} {35.816 0} } (AFP-2022)
Information: Shaping unshaped voltage areas (AFP-1011)
Information: Placing unplaced pins (AFP-1007)
Warning: found large number of corner keepout wiretracks on side 1 of block dut_toplevel on layer MRDL and there is no enough wire tracks available on this side (DPPA-096)
Warning: found large number of corner keepout wiretracks on side 3 of block dut_toplevel on layer MRDL and there is no enough wire tracks available on this side (DPPA-096)
Information: Result of compile_fusion / logic_opto / Auto-Floorplan (1) (FLW-8500)
Information: Auto-Floorplan Summary (AFP-2023)
-------------------------------------------------------------------------------
              origin           area     boundary
core  auto-floorplan        1267.89   { {0 0} {0 35.4} {35.816 35.4} {35.816 0} }
die   auto-floorplan        1267.89   { {0 0} {0 35.4} {35.816 35.4} {35.816 0} }
-------------------------------------------------------------------------------

-------------------------------------------------------------------------------
objects             total        candidates          modified         preserved                 
voltage areas           0                 0                 0                 0
ios                     0                 0                 0                 0
macros                  0                 0                 0                 0
pins                  170               170               170                 0
-------------------------------------------------------------------------------
Information: Ending   compile_fusion / logic_opto / Auto-Floorplan (1) (FLW-8001)
Information: Time: 2025-06-18 11:04:33 / Session:  00:00:35 / Command:  00:00:27 / CPU:  00:00:36 / Memory: 1334 MB (FLW-8100)
Information: CPU Load: 7%, Ram Free: 38 GB, Swap Free: 1 GB, Work Disk Free: 308 GB, Tmp Disk Free: 308 GB (MSG-3995)
Information: Starting compile_fusion / logic_opto / Early Placement (FLW-8000)
Information: Time: 2025-06-18 11:04:33 / Session:  00:00:35 / Command:  00:00:27 / CPU:  00:00:36 / Memory: 1334 MB (FLW-8100)
Information: CPU Load: 7%, Ram Free: 38 GB, Swap Free: 1 GB, Work Disk Free: 308 GB, Tmp Disk Free: 308 GB (MSG-3995)
----------------------------------------------------------------
running create_placement
Corner Scaling is off, multiplier is 1.000000
ORB: timingScenario Normal_Slow timingCorner Slow
INFO: Using corner Fast for worst leakage corner
Using default layer M4
new cutoff lpd: 3.18383e-05
corner scaling: maxCornerId = 3
corner=Fast, tran factor=0.839605 (0.028406 / 0.033833)
corner=Typical, tran factor=0.945497 (0.031989 / 0.033833)
corner=Slow, tran factor=1.000000 (0.033833 / 0.033833)
ORB: Nominal = 0.0056185  Design MT = inf  Target = 0.0338329 (6.022 nominal)  MaxRC = 0.022324
ORB: Fast Target = 0.011791 ( 2.099 nominal )
ORB: stageDelay=0.026139, stageLength=1609839
nplLib: default vr hor dist = 322
nplLib: default vr ver dist = 322
nplLib: default vr buf size = 2
nplLib: default vr buf size = 1

Placement Options:
Effort:                        medium_effort       
Timing Driven:                 false               
Buffering Aware Timing Driven: false               
Seed locs:                     false               
Incremental:                   false               
Congestion:                    false               
Fix Macros:                    true                
Place Macros:                  false               
Channel Size Macros:           false               

Printing options for 'place.coarse.*' (non-default only)
place.coarse.continue_on_missing_scandef                :	 true                

Start transferring placement data.
****** Net weight manager: report ******
Weights included: Timing  
Number of nets with non-default weights: 1605
Timing factor = 1
Non-default weight range: (0.880844, 2.64253)
Information: Automatic repeater spreading is enabled.
Completed transferring placement data.
Running placement using 12 thread(s)
Information: Enhanced Auto Density Control is used. (PLACE-098)
Information: Enhanced auto density configuration is 13179.
Information: Automatic density control has selected the following settings: max_density 0.55, congestion_driven_max_util 0.87. (PLACE-027)
Information: HFW control 'off' invoked.
Creating placement from scratch.
coarse place 0% done.
coarse place 33% done.
coarse place 67% done.
coarse place 100% done.
Information: Coarse placer weighted wire length estimate = 1.08745e+08
Information: Extraction observers are detached as design net change threshold is reached.
Warning: No clock routing rules were specified. Use set_clock_routing_rules to specify routing rules for accurate clock latency estimation. (OPT-902)
Warning: No clock routing rules were specified. Use set_clock_routing_rules to specify routing rules for accurate clock latency estimation. (OPT-902)
Information: Estimating clock gate latencies for scenario 'PowerSave_Slow'. (OPT-909)
Warning: No clock routing rules were specified. Use set_clock_routing_rules to specify routing rules for accurate clock latency estimation. (OPT-902)
Information: Estimating clock gate latencies for scenario 'Normal_Slow'. (OPT-909)
----------------------------------------------------------------
Information: Ending   compile_fusion / logic_opto / Early Placement (FLW-8001)
Information: Time: 2025-06-18 11:04:34 / Session:  00:00:36 / Command:  00:00:28 / CPU:  00:00:39 / Memory: 1334 MB (FLW-8100)
Information: CPU Load: 7%, Ram Free: 38 GB, Swap Free: 1 GB, Work Disk Free: 308 GB, Tmp Disk Free: 308 GB (MSG-3995)
Information: The stitching and editing of coupling caps is turned OFF for design 'dut_toplevel.dlib:dut_toplevel/auto_floorplan.design'. (TIM-125)
Information: Starting compile_fusion / logic_opto / Optimization (3) (FLW-8000)
Information: Time: 2025-06-18 11:04:36 / Session:  00:00:38 / Command:  00:00:30 / CPU:  00:00:42 / Memory: 1334 MB (FLW-8100)
Information: CPU Load: 7%, Ram Free: 38 GB, Swap Free: 1 GB, Work Disk Free: 308 GB, Tmp Disk Free: 308 GB (MSG-3995)
Information: Starting compile_fusion / logic_opto / Optimization (3) / Timing Optimization (FLW-8000)
Information: Time: 2025-06-18 11:04:36 / Session:  00:00:38 / Command:  00:00:30 / CPU:  00:00:42 / Memory: 1334 MB (FLW-8100)
Information: CPU Load: 7%, Ram Free: 38 GB, Swap Free: 1 GB, Work Disk Free: 308 GB, Tmp Disk Free: 308 GB (MSG-3995)
Warning: Cannot infer functionality of libcell 'saed14rvt_frame_timing/SAEDRVT14_FDNRBSBQ_V2_0P5' and will be excluded from sequential mapping. (SQM-1061)
Warning: Cannot infer functionality of libcell 'saed14rvt_frame_timing/SAEDRVT14_FDNRBSBQ_V2_1' and will be excluded from sequential mapping. (SQM-1061)
Warning: Cannot infer functionality of libcell 'saed14rvt_frame_timing/SAEDRVT14_FDNRBSBQ_V2_2' and will be excluded from sequential mapping. (SQM-1061)
Warning: Cannot infer functionality of libcell 'saed14rvt_frame_timing/SAEDRVT14_FDNRBSBQ_V2_4' and will be excluded from sequential mapping. (SQM-1061)
Warning: Cannot infer functionality of libcell 'saed14rvt_frame_timing/SAEDRVT14_FDPRBSBQ_V2_0P5' and will be excluded from sequential mapping. (SQM-1061)
Warning: Cannot infer functionality of libcell 'saed14rvt_frame_timing/SAEDRVT14_FDPRBSBQ_V2_1' and will be excluded from sequential mapping. (SQM-1061)
Warning: Cannot infer functionality of libcell 'saed14rvt_frame_timing/SAEDRVT14_FDPRBSBQ_V2_2' and will be excluded from sequential mapping. (SQM-1061)
Warning: Cannot infer functionality of libcell 'saed14rvt_frame_timing/SAEDRVT14_FDPRBSBQ_V2_4' and will be excluded from sequential mapping. (SQM-1061)
Warning: Cannot infer functionality of libcell 'saed14rvt_frame_timing/SAEDRVT14_FSDPRBSBQ_V2LP_0P5' and will be excluded from sequential mapping. (SQM-1061)
Warning: Cannot infer functionality of libcell 'saed14rvt_frame_timing/SAEDRVT14_FSDPRBSBQ_V2LP_2' and will be excluded from sequential mapping. (SQM-1061)
Warning: Skipping check for single_bit_degenerate attribute on the multibit libcell 'saed14rvt_frame_timing/SAEDRVT14_FSDN2_V2_0P5' since it is not a black-box. (SQM-1079)
Information: No single-bit representative was found for multibit lib cell 'saed14rvt_frame_timing/SAEDRVT14_FSDN2_V2_0P5'. (SQM-2004)
Warning: Skipping check for single_bit_degenerate attribute on the multibit libcell 'saed14rvt_frame_timing/SAEDRVT14_FSDN2_V2_1' since it is not a black-box. (SQM-1079)
Information: No single-bit representative was found for multibit lib cell 'saed14rvt_frame_timing/SAEDRVT14_FSDN2_V2_1'. (SQM-2004)
Warning: Skipping check for single_bit_degenerate attribute on the multibit libcell 'saed14rvt_frame_timing/SAEDRVT14_FSDN2_V2_2' since it is not a black-box. (SQM-1079)
Information: No single-bit representative was found for multibit lib cell 'saed14rvt_frame_timing/SAEDRVT14_FSDN2_V2_2'. (SQM-2004)
Warning: Skipping check for single_bit_degenerate attribute on the multibit libcell 'saed14rvt_frame_timing/SAEDRVT14_FSDN2_V2_4' since it is not a black-box. (SQM-1079)
Information: No single-bit representative was found for multibit lib cell 'saed14rvt_frame_timing/SAEDRVT14_FSDN2_V2_4'. (SQM-2004)
Warning: Skipping check for single_bit_degenerate attribute on the multibit libcell 'saed14rvt_frame_timing/SAEDRVT14_FSDN4_V2_0P5' since it is not a black-box. (SQM-1079)
Information: No single-bit representative was found for multibit lib cell 'saed14rvt_frame_timing/SAEDRVT14_FSDN4_V2_0P5'. (SQM-2004)
Information: No single-bit representative was found for multibit lib cell 'saed14rvt_frame_timing/SAEDRVT14_FSDN4_V2_1'. (SQM-2004)
Information: No single-bit representative was found for multibit lib cell 'saed14rvt_frame_timing/SAEDRVT14_FSDN4_V2_2'. (SQM-2004)
Information: No single-bit representative was found for multibit lib cell 'saed14rvt_frame_timing/SAEDRVT14_FSDN4_V2_4'. (SQM-2004)
Warning: Found 8 multibit sequential library cells that have missing/added attributes or have restrictions that prevent them from banking. (SQM-1053)
Information: No single-bit representative was found for multibit lib cell 'saed14rvt_frame_timing/SAEDRVT14_FSDN2_V2_0P5'. (SQM-2004)
Information: No single-bit representative was found for multibit lib cell 'saed14rvt_frame_timing/SAEDRVT14_FSDN2_V2_1'. (SQM-2004)
Warning: Found 8 multibit sequential library cells that have missing/added attributes or have restrictions that prevent them from banking. (SQM-1053)
Warning: Found 8 multibit sequential library cells that have missing/added attributes or have restrictions that prevent them from banking. (SQM-1053)
Warning: Found 8 multibit sequential library cells that have missing/added attributes or have restrictions that prevent them from banking. (SQM-1053)
Warning: Found 8 multibit sequential library cells that have missing/added attributes or have restrictions that prevent them from banking. (SQM-1053)
Warning: Found 8 multibit sequential library cells that have missing/added attributes or have restrictions that prevent them from banking. (SQM-1053)
Warning: Found 8 multibit sequential library cells that have missing/added attributes or have restrictions that prevent them from banking. (SQM-1053)
Warning: Found 8 multibit sequential library cells that have missing/added attributes or have restrictions that prevent them from banking. (SQM-1053)
Warning: Found 8 multibit sequential library cells that have missing/added attributes or have restrictions that prevent them from banking. (SQM-1053)
Warning: Found 8 multibit sequential library cells that have missing/added attributes or have restrictions that prevent them from banking. (SQM-1053)
Information: 2 out of 12 SQM-1053 messages were not printed due to limit 10 (after 'compile_fusion' at task1af.tcl:37) (MSG-3913)
Information: 182 out of 192 SQM-1061 messages were not printed due to limit 10 (after 'compile_fusion' at task1af.tcl:37) (MSG-3913)
Information: 91 out of 96 SQM-1079 messages were not printed due to limit 5 (after 'compile_fusion' at task1af.tcl:37) (MSG-3913)
Information: 86 out of 96 SQM-2004 messages were not printed due to limit 10 (after 'compile_fusion' at task1af.tcl:37) (MSG-3913)
Information: Ending   compile_fusion / logic_opto / Optimization (3) / Timing Optimization (FLW-8001)
Information: Time: 2025-06-18 11:04:37 / Session:  00:00:39 / Command:  00:00:31 / CPU:  00:00:43 / Memory: 1346 MB (FLW-8100)
Information: CPU Load: 7%, Ram Free: 38 GB, Swap Free: 1 GB, Work Disk Free: 308 GB, Tmp Disk Free: 308 GB (MSG-3995)
Information: Ending   compile_fusion / logic_opto / Optimization (3) (FLW-8001)
Information: Time: 2025-06-18 11:04:37 / Session:  00:00:40 / Command:  00:00:31 / CPU:  00:00:44 / Memory: 1346 MB (FLW-8100)
Information: CPU Load: 7%, Ram Free: 38 GB, Swap Free: 1 GB, Work Disk Free: 308 GB, Tmp Disk Free: 308 GB (MSG-3995)
Information: Starting compile_fusion / logic_opto / Optimization (4) (FLW-8000)
Information: Time: 2025-06-18 11:04:37 / Session:  00:00:40 / Command:  00:00:31 / CPU:  00:00:44 / Memory: 1346 MB (FLW-8100)
Information: CPU Load: 7%, Ram Free: 38 GB, Swap Free: 1 GB, Work Disk Free: 308 GB, Tmp Disk Free: 308 GB (MSG-3995)
Information: Starting compile_fusion / logic_opto / Optimization (4) / Logic Simplification and Register Optimization (FLW-8000)
Information: Time: 2025-06-18 11:04:37 / Session:  00:00:40 / Command:  00:00:31 / CPU:  00:00:44 / Memory: 1346 MB (FLW-8100)
Information: CPU Load: 7%, Ram Free: 38 GB, Swap Free: 1 GB, Work Disk Free: 308 GB, Tmp Disk Free: 308 GB (MSG-3995)
Information: Ending   compile_fusion / logic_opto / Optimization (4) / Logic Simplification and Register Optimization (FLW-8001)
Information: Time: 2025-06-18 11:04:38 / Session:  00:00:40 / Command:  00:00:32 / CPU:  00:00:44 / Memory: 1346 MB (FLW-8100)
Information: CPU Load: 7%, Ram Free: 38 GB, Swap Free: 1 GB, Work Disk Free: 308 GB, Tmp Disk Free: 308 GB (MSG-3995)
Information: Ending   compile_fusion / logic_opto / Optimization (4) (FLW-8001)
Information: Time: 2025-06-18 11:04:41 / Session:  00:00:43 / Command:  00:00:35 / CPU:  00:00:50 / Memory: 1346 MB (FLW-8100)
Information: CPU Load: 7%, Ram Free: 38 GB, Swap Free: 1 GB, Work Disk Free: 308 GB, Tmp Disk Free: 308 GB (MSG-3995)
Information: Starting compile_fusion / logic_opto / Optimization (5) (FLW-8000)
Information: Time: 2025-06-18 11:04:41 / Session:  00:00:43 / Command:  00:00:35 / CPU:  00:00:50 / Memory: 1346 MB (FLW-8100)
Information: CPU Load: 7%, Ram Free: 38 GB, Swap Free: 1 GB, Work Disk Free: 308 GB, Tmp Disk Free: 308 GB (MSG-3995)
Information: Starting compile_fusion / logic_opto / Optimization (5) / Logic Simplification and Register Optimization (FLW-8000)
Information: Time: 2025-06-18 11:04:41 / Session:  00:00:43 / Command:  00:00:35 / CPU:  00:00:50 / Memory: 1346 MB (FLW-8100)
Information: CPU Load: 7%, Ram Free: 38 GB, Swap Free: 1 GB, Work Disk Free: 308 GB, Tmp Disk Free: 308 GB (MSG-3995)
Information: Ending   compile_fusion / logic_opto / Optimization (5) / Logic Simplification and Register Optimization (FLW-8001)
Information: Time: 2025-06-18 11:04:41 / Session:  00:00:43 / Command:  00:00:35 / CPU:  00:00:50 / Memory: 1346 MB (FLW-8100)
Information: CPU Load: 7%, Ram Free: 38 GB, Swap Free: 1 GB, Work Disk Free: 308 GB, Tmp Disk Free: 308 GB (MSG-3995)
Information: Ending   compile_fusion / logic_opto / Optimization (5) (FLW-8001)
Information: Time: 2025-06-18 11:04:41 / Session:  00:00:43 / Command:  00:00:35 / CPU:  00:00:50 / Memory: 1346 MB (FLW-8100)
Information: CPU Load: 7%, Ram Free: 38 GB, Swap Free: 1 GB, Work Disk Free: 308 GB, Tmp Disk Free: 308 GB (MSG-3995)
Information: Starting compile_fusion / logic_opto / Auto-Floorplan (2) (FLW-8000)
Information: Time: 2025-06-18 11:04:41 / Session:  00:00:43 / Command:  00:00:35 / CPU:  00:00:50 / Memory: 1346 MB (FLW-8100)
Information: CPU Load: 7%, Ram Free: 38 GB, Swap Free: 1 GB, Work Disk Free: 308 GB, Tmp Disk Free: 308 GB (MSG-3995)
Information: Initializing core and die (AFP-1001)
Information: Initializing rows (AFP-1003)
Information: Initializing tracks (AFP-1004)
Removing existing floorplan objects
Creating core...
Core utilization ratio = 71.19%
Unplacing all cells...
Creating site array...
Creating routing tracks...
Initializing floorplan completed.
Information: Generated core area = 1270.505981 (AFP-2021)
Information: Generated core boundary = { {0 0} {0 35.4} {35.89 35.4} {35.89 0} } (AFP-2022)
Information: Shaping unshaped voltage areas (AFP-1011)
Information: Placing unplaced pins (AFP-1007)
Load DB...
CPU Time for load db: 00:00:00.00u 00:00:00.00s 00:00:00.00e: 

Min routing layer: M1
Max routing layer: MRDL


CPU Time for Top Level Pre-Route Processing: 00:00:00.00u 00:00:00.00s 00:00:00.00e: 
Warning: found large number of corner keepout wiretracks on side 1 of block dut_toplevel on layer MRDL and there is no enough wire tracks available on this side (DPPA-096)
Warning: found large number of corner keepout wiretracks on side 3 of block dut_toplevel on layer MRDL and there is no enough wire tracks available on this side (DPPA-096)
Warning: Cell contains tie connections which are not connected to real PG. (ZRT-511)
Cell Min-Routing-Layer = M1
Cell Max-Routing-Layer = MRDL
Turn off antenna since no rule is specified
Information: Option route.detail.force_end_on_preferred_grid will be ignored since none of the layers have preferred grid. (ZRT-703)

Block Pin Constraint   Min Pin Max Pin Reserve
                       Layer   Layer   Layer    Feedthroughs
--------------------   ------  ------  ------   ------------
dut_toplevel           M2      MRDL    MRDL     Not allowed

Via on layer (VIA1) needs more than one tracks
Warning: Layer M1 default pitch 0.074 may be too small to handle up/down via. Note, that minimum requirements are "wire/via-down 0.074" & "wire/via-up 0.078". (ZRT-026)
Via on layer (VIA1) needs more than one tracks
Warning: Layer M2 default pitch 0.060 may be too small to handle up/down via. Note, that minimum requirements are "wire/via-down 0.078" & "wire/via-up 0.060". (ZRT-026)
Via on layer (VIA4) needs more than one tracks
Warning: Layer M5 default pitch 0.100 may be too small to handle up/down via. Note, that minimum requirements are "wire/via-down 0.125" & "wire/via-up 0.100". (ZRT-026)
Via on layer (VIA7) needs more than one tracks
Warning: Layer M7 default pitch 0.100 may be too small to handle up/down via. Note, that minimum requirements are "wire/via-down 0.100" & "wire/via-up 0.107". (ZRT-026)
Wire on layer (M8) needs more than one tracks
Via on layer (VIA7) needs more than one tracks
Via on layer (VIA8) needs more than one tracks
Warning: Layer M8 default pitch 0.100 may be too small to handle up/down via. Note, that minimum requirements are "wire/via-down 0.107" & "wire/via-up 0.135". (ZRT-026)
Wire on layer (M9) needs more than one tracks
Via on layer (VIA8) needs more than one tracks
Via on layer (VIARDL) needs more than one tracks
Warning: Layer M9 default pitch 0.100 may be too small to handle up/down via. Note, that minimum requirements are "wire/via-down 0.135" & "wire/via-up 1.570". (ZRT-026)
Via on layer (VIARDL) needs more than one tracks
Warning: Layer MRDL default pitch 4.000 may be too small to handle up/down via. Note, that minimum requirements are "wire/via-down 4.500" & "wire/via-up 4.000". (ZRT-026)
Transition layer name: M7(6)
Transition layer name: M8(7)
Information: When applicable Min-max layer allow_pin_connection mode will allow paths of length 0.90 outside the layer range. (ZRT-707)
Information: When applicable Min-max layer allow_pin_connection mode will allow paths of length 0.90 outside the layer range on clock nets. (ZRT-718)
Information: When applicable layer based tapering will taper up to 0.00 in distance from the pin. (ZRT-706)
Warning: Master cell dut_toplevel has duplicated redundant library pin shapes at {-0.500 0.001} {-0.400 35.399} on layer M2. (ZRT-625)
Warning: Master cell dut_toplevel has duplicated redundant library pin shapes at {-0.500 0.001} {-0.400 35.399} on layer M2. (ZRT-625)
Warning: Master cell dut_toplevel has duplicated redundant library pin shapes at {-0.500 0.001} {-0.400 35.399} on layer M2. (ZRT-625)
Warning: Master cell dut_toplevel has duplicated redundant library pin shapes at {-0.500 0.001} {-0.400 35.399} on layer M2. (ZRT-625)
Warning: Master cell dut_toplevel has duplicated redundant library pin shapes at {-0.500 0.001} {-0.400 35.399} on layer M2. (ZRT-625)
Warning: Master cell dut_toplevel has duplicated redundant library pin shapes at {-0.500 0.001} {-0.400 35.399} on layer M2. (ZRT-625)
Warning: Master cell dut_toplevel has duplicated redundant library pin shapes at {-0.500 0.001} {-0.400 35.399} on layer M2. (ZRT-625)
Warning: Master cell dut_toplevel has duplicated redundant library pin shapes at {-0.500 0.001} {-0.400 35.399} on layer M2. (ZRT-625)
Warning: Master cell dut_toplevel has duplicated redundant library pin shapes at {-0.500 0.001} {-0.400 35.399} on layer M2. (ZRT-625)
Warning: Master cell dut_toplevel has duplicated redundant library pin shapes at {-0.500 0.001} {-0.400 35.399} on layer M2. (ZRT-625)
Note - message 'ZRT-625' limit (10) exceeded. Remainder will be suppressed.
Warning: Standard cell pin SAEDRVT14_ADDH_0P5/CO has no valid via regions. (ZRT-044)
Warning: Cell ctmi_2147 is placed overlapping with other cells at {{2.105 1.686} {2.919 2.286}}. (ZRT-763)
Start Global Route ... 
[Init] Elapsed real time: 0:00:00 
[Init] Elapsed cpu  time: sys=0:00:00 usr=0:00:00 total=0:00:00
[Init] Stage (MB): Used    0  Alloctr    0  Proc    0 
[Init] Total (MB): Used   52  Alloctr   52  Proc 5874 
Printing options for 'route.common.*'
common.clock_topology                                   :	 normal              
common.single_connection_to_pins                        :	 off                 

Printing options for 'route.global.*'
global.crosstalk_driven                                 :	 false               
global.deterministic                                    :	 on                  

Begin global routing.
Constructing data structure ...
Design statistics:
Design Bounding Box (-0.60um,-0.60um,36.49um,36.00um)
Number of routing layers = 10
layer M1, dir Ver, min width = 0.034um, min space = 0.026um pitch = 0.074um
layer M2, dir Hor, min width = 0.034um, min space = 0.026um pitch = 0.06um
layer M3, dir Ver, min width = 0.034um, min space = 0.026um pitch = 0.074um
layer M4, dir Hor, min width = 0.06um, min space = 0.04um pitch = 0.1um
layer M5, dir Ver, min width = 0.06um, min space = 0.04um pitch = 0.1um
layer M6, dir Hor, min width = 0.06um, min space = 0.04um pitch = 0.1um
layer M7, dir Ver, min width = 0.06um, min space = 0.04um pitch = 0.1um
layer M8, dir Hor, min width = 0.06um, min space = 0.04um pitch = 0.1um
layer M9, dir Ver, min width = 0.06um, min space = 0.04um pitch = 0.1um
layer MRDL, dir Hor, min width = 2um, min space = 2um pitch = 4um
Current Stage stats:
[End of Build Tech Data] Elapsed real time: 0:00:00 
[End of Build Tech Data] Elapsed cpu  time: sys=0:00:00 usr=0:00:00 total=0:00:00
[End of Build Tech Data] Stage (MB): Used    1  Alloctr    1  Proc    0 
[End of Build Tech Data] Total (MB): Used   57  Alloctr   57  Proc 5874 
Net statistics:
Total number of nets to route for block pin placement     = 168
Number of interface nets to route for block pin placement = 168
Net length statistics: 
Net Count(Ignore Fully Rted) 336, Total Half Perimeter Wire Length (HPWL) 6230 microns
HPWL   0 ~   50 microns: Net Count      335	Total HPWL         6161 microns
HPWL  50 ~  100 microns: Net Count        1	Total HPWL           69 microns
HPWL 100 ~  200 microns: Net Count        0	Total HPWL            0 microns
HPWL 200 ~  300 microns: Net Count        0	Total HPWL            0 microns
HPWL 300 ~  400 microns: Net Count        0	Total HPWL            0 microns
HPWL 400 ~  500 microns: Net Count        0	Total HPWL            0 microns
HPWL 500 ~  600 microns: Net Count        0	Total HPWL            0 microns
HPWL 600 ~  700 microns: Net Count        0	Total HPWL            0 microns
HPWL 700 ~  800 microns: Net Count        0	Total HPWL            0 microns
HPWL 800 ~  900 microns: Net Count        0	Total HPWL            0 microns
HPWL 900 ~ 1000 microns: Net Count        0	Total HPWL            0 microns
HPWL     > 1000 microns: Net Count        0	Total HPWL            0 microns
Current Stage stats:
[End of Build All Nets] Elapsed real time: 0:00:00 
[End of Build All Nets] Elapsed cpu  time: sys=0:00:00 usr=0:00:00 total=0:00:00
[End of Build All Nets] Stage (MB): Used    0  Alloctr    0  Proc  -32 
[End of Build All Nets] Total (MB): Used   57  Alloctr   58  Proc 5842 
Number of partitions: 1 (1 x 1)
Size of partitions: 33 gCells x 32 gCells
Average gCell capacity  15.15	 on layer (1)	 M1
Average gCell capacity  19.00	 on layer (2)	 M2
Average gCell capacity  15.15	 on layer (3)	 M3
Average gCell capacity  11.38	 on layer (4)	 M4
Average gCell capacity  11.18	 on layer (5)	 M5
Average gCell capacity  11.38	 on layer (6)	 M6
Average gCell capacity  11.18	 on layer (7)	 M7
Average gCell capacity  11.38	 on layer (8)	 M8
Average gCell capacity  11.18	 on layer (9)	 M9
Average gCell capacity  0.22	 on layer (10)	 MRDL
Average number of tracks per gCell 15.21	 on layer (1)	 M1
Average number of tracks per gCell 19.06	 on layer (2)	 M2
Average number of tracks per gCell 15.21	 on layer (3)	 M3
Average number of tracks per gCell 11.44	 on layer (4)	 M4
Average number of tracks per gCell 11.24	 on layer (5)	 M5
Average number of tracks per gCell 11.44	 on layer (6)	 M6
Average number of tracks per gCell 11.24	 on layer (7)	 M7
Average number of tracks per gCell 11.44	 on layer (8)	 M8
Average number of tracks per gCell 11.24	 on layer (9)	 M9
Average number of tracks per gCell 0.28	 on layer (10)	 MRDL
Number of gCells = 10560
Current Stage stats:
[End of Build Congestion Map] Elapsed real time: 0:00:00 
[End of Build Congestion Map] Elapsed cpu  time: sys=0:00:00 usr=0:00:00 total=0:00:00
[End of Build Congestion Map] Stage (MB): Used    1  Alloctr    1  Proc    0 
[End of Build Congestion Map] Total (MB): Used   58  Alloctr   59  Proc 5842 
Number of partitions: 1 (1 x 1)
Size of partitions: 33 gCells x 32 gCells
Current Stage stats:
[End of Add Nets Demand] Elapsed real time: 0:00:00 
[End of Add Nets Demand] Elapsed cpu  time: sys=0:00:00 usr=0:00:00 total=0:00:00
[End of Add Nets Demand] Stage (MB): Used    0  Alloctr    0  Proc    0 
[End of Add Nets Demand] Total (MB): Used   58  Alloctr   59  Proc 5842 
Number of user frozen nets = 0
Total stats:
[End of Build Data] Elapsed real time: 0:00:00 
[End of Build Data] Elapsed cpu  time: sys=0:00:00 usr=0:00:00 total=0:00:00
[End of Build Data] Stage (MB): Used    2  Alloctr    2  Proc  -32 
[End of Build Data] Total (MB): Used   58  Alloctr   59  Proc 5842 
Number of partitions: 1 (1 x 1)
Size of partitions: 33 gCells x 32 gCells
Current Stage stats:
[End of Blocked Pin Detection] Elapsed real time: 0:00:00 
[End of Blocked Pin Detection] Elapsed cpu  time: sys=0:00:00 usr=0:00:00 total=0:00:00
[End of Blocked Pin Detection] Stage (MB): Used   12  Alloctr   12  Proc    0 
[End of Blocked Pin Detection] Total (MB): Used   70  Alloctr   71  Proc 5842 
Information: Using 12 threads for routing. (ZRT-444)
Information: Buffer distance is estimated to be ~271.0000um (225 gCells)

Start GR phase 0
Number of partitions: 1 (1 x 1)
Size of partitions: 33 gCells x 32 gCells
[rtTop] Elapsed real time: 0:00:00 
[rtTop] Elapsed cpu  time: sys=0:00:00 usr=0:00:00 total=0:00:00
Current Stage stats:
[End of Initial Routing] Elapsed real time: 0:00:00 
[End of Initial Routing] Elapsed cpu  time: sys=0:00:00 usr=0:00:00 total=0:00:00
[End of Initial Routing] Stage (MB): Used    0  Alloctr    0  Proc    0 
[End of Initial Routing] Total (MB): Used   70  Alloctr   71  Proc 5842 
Initial. Routing result:
Initial. Both Dirs: Dmd-Cap  =     0 Max = 0 GRCs =     0 (0.00%)
Initial. H routing: Dmd-Cap  =     0 Max = 0 (GRCs =  0) GRCs =     0 (0.00%)
Initial. V routing: Dmd-Cap  =     0 Max = 0 (GRCs =  0) GRCs =     0 (0.00%)
Initial. Both Dirs: Overflow =     0 Max = 0 GRCs =     0 (0.00%)
Initial. H routing: Overflow =     0 Max = 0 (GRCs =  0) GRCs =     0 (0.00%)
Initial. V routing: Overflow =     0 Max = 0 (GRCs =  0) GRCs =     0 (0.00%)
Initial. M1         Overflow =     0 Max = 0 (GRCs =  0) GRCs =     0 (0.00%)
Initial. M2         Overflow =     0 Max = 0 (GRCs =  0) GRCs =     0 (0.00%)
Initial. M3         Overflow =     0 Max = 0 (GRCs =  0) GRCs =     0 (0.00%)
Initial. M4         Overflow =     0 Max = 0 (GRCs =  0) GRCs =     0 (0.00%)
Initial. M5         Overflow =     0 Max = 0 (GRCs =  0) GRCs =     0 (0.00%)
Initial. M6         Overflow =     0 Max = 0 (GRCs =  0) GRCs =     0 (0.00%)
Initial. M7         Overflow =     0 Max = 0 (GRCs =  0) GRCs =     0 (0.00%)
Initial. M8         Overflow =     0 Max = 0 (GRCs =  0) GRCs =     0 (0.00%)
Initial. M9         Overflow =     0 Max = 0 (GRCs =  0) GRCs =     0 (0.00%)
Initial. MRDL       Overflow =     0 Max = 0 (GRCs =  0) GRCs =     0 (0.00%)

Initial. Total Wire Length = 515.89
Initial. Layer M1 wire length = 0.00
Initial. Layer M2 wire length = 158.53
Initial. Layer M3 wire length = 267.76
Initial. Layer M4 wire length = 89.60
Initial. Layer M5 wire length = 0.00
Initial. Layer M6 wire length = 0.00
Initial. Layer M7 wire length = 0.00
Initial. Layer M8 wire length = 0.00
Initial. Layer M9 wire length = 0.00
Initial. Layer MRDL wire length = 0.00
Initial. Total Number of Contacts = 213
Initial. Via VIA1_Base count = 48
Initial. Via VIA2_Base count = 130
Initial. Via VIA34SQ_C count = 35
Initial. Via VIA4SQ count = 0
Initial. Via VIA5SQ_C count = 0
Initial. Via VIA67SQ_C count = 0
Initial. Via VIA78SQ_C count = 0
Initial. Via VIA89_C count = 0
Initial. Via VIA9RDL count = 0
Initial. completed.
[End of Whole Chip Routing] Elapsed real time: 0:00:00 
[End of Whole Chip Routing] Elapsed cpu  time: sys=0:00:00 usr=0:00:00 total=0:00:00
[End of Whole Chip Routing] Stage (MB): Used   14  Alloctr   15  Proc  -32 
[End of Whole Chip Routing] Total (MB): Used   70  Alloctr   71  Proc 5842 
[End of Global Routing] Elapsed real time: 0:00:00 
[End of Global Routing] Elapsed cpu  time: sys=0:00:00 usr=0:00:00 total=0:00:00
[End of Global Routing] Stage (MB): Used   14  Alloctr   14  Proc  -32 
[End of Global Routing] Total (MB): Used   70  Alloctr   71  Proc 5842 
[End of dbOut] Elapsed real time: 0:00:00 
[End of dbOut] Elapsed cpu  time: sys=0:00:00 usr=0:00:00 total=0:00:00
[End of dbOut] Stage (MB): Used    0  Alloctr    0  Proc    0 
[End of dbOut] Total (MB): Used   60  Alloctr   61  Proc 5842 
CPU Time for Global Route: 00:00:00.31u 00:00:00.01s 00:00:00.28e: 
Number of block ports: 170
Number of block pin locations assigned from router: 168
CPU Time for Pin Preparation: 00:00:00.00u 00:00:00.00s 00:00:00.00e: 
Number of PG ports on blocks: 0
Number of pins created: 170
CPU Time for Pin Creation: 00:00:00.01u 00:00:00.00s 00:00:00.01e: 
Total Pin Placement CPU Time: 00:00:00.32u 00:00:00.01s 00:00:00.29e: 
Information: Result of compile_fusion / logic_opto / Auto-Floorplan (2) (FLW-8500)
Information: Auto-Floorplan Summary (AFP-2023)
-------------------------------------------------------------------------------
              origin           area     boundary
core  auto-floorplan        1270.51   { {0 0} {0 35.4} {35.89 35.4} {35.89 0} }
die   auto-floorplan        1270.51   { {0 0} {0 35.4} {35.89 35.4} {35.89 0} }
-------------------------------------------------------------------------------

-------------------------------------------------------------------------------
objects             total        candidates          modified         preserved                 
voltage areas           0                 0                 0                 0
ios                     0                 0                 0                 0
macros                  0                 0                 0                 0
pins                  170               170               169                 1
-------------------------------------------------------------------------------
Information: Ending   compile_fusion / logic_opto / Auto-Floorplan (2) (FLW-8001)
Information: Time: 2025-06-18 11:04:42 / Session:  00:00:44 / Command:  00:00:36 / CPU:  00:00:51 / Memory: 1346 MB (FLW-8100)
Information: CPU Load: 7%, Ram Free: 38 GB, Swap Free: 1 GB, Work Disk Free: 308 GB, Tmp Disk Free: 308 GB (MSG-3995)
Information: Starting compile_fusion / logic_opto / Secondary PG connections (FLW-8000)
Information: Time: 2025-06-18 11:04:42 / Session:  00:00:44 / Command:  00:00:36 / CPU:  00:00:51 / Memory: 1346 MB (FLW-8100)
Information: CPU Load: 7%, Ram Free: 38 GB, Swap Free: 1 GB, Work Disk Free: 308 GB, Tmp Disk Free: 308 GB (MSG-3995)
Information: Secondary PG:  Secondary PG connections skipped because it is not a UPF design (FLW-1247)
Information: Ending   compile_fusion / logic_opto / Secondary PG connections (FLW-8001)
Information: Time: 2025-06-18 11:04:42 / Session:  00:00:44 / Command:  00:00:36 / CPU:  00:00:51 / Memory: 1346 MB (FLW-8100)
Information: CPU Load: 7%, Ram Free: 38 GB, Swap Free: 1 GB, Work Disk Free: 308 GB, Tmp Disk Free: 308 GB (MSG-3995)
Compile-fusion optimization summary            SETUP-COST    R2R-COST HOLD-COST LDRC-COST          AREA     LEAKAGE     INSTCNT            ELAPSE       MEM
Compile-fusion                                          -           -         -         -        904.43           -        1175              0.01      1345
Information: Ending   compile_fusion / logic_opto (FLW-8001)
Information: Time: 2025-06-18 11:04:42 / Session:  00:00:44 / Command:  00:00:36 / CPU:  00:00:51 / Memory: 1346 MB (FLW-8100)
Information: CPU Load: 7%, Ram Free: 38 GB, Swap Free: 1 GB, Work Disk Free: 308 GB, Tmp Disk Free: 308 GB (MSG-3995)

Information: >>>>>>> 10 unique error and warning message tags while observing compile_fusion / logic_opto: (MSG-3100)
Information: #prnt #trgr #lmt    Tag  Level     Format (or last printed message)                                (MSG-3036)
Information:     2     2  0 FLW-2224  WARNING   Warning: Duplicate callback function set for step 'fc/logic_... (MSG-3032)
Information:    60   248  5 SQM-1079  WARNING   Warning: Skipping check for single_bit_degenerate attribute ... (MSG-3032)
Information:   120   496 10 SQM-1061  WARNING   Warning: Cannot infer functionality of libcell 'saed14rvt_fr... (MSG-3032)
Information:    30    31 10 SQM-1053  WARNING   Warning: Found 8 multibit sequential library cells that have... (MSG-3032)
Information:     1     1  0 ZRT-511   WARNING   Warning: Cell contains tie connections which are not connect... (MSG-3032)
Information:     7     7  0 ZRT-026   WARNING   Warning: Layer MRDL default pitch 4.000 may be too small to ... (MSG-3032)
Information:     1     1  0 ZRT-763   WARNING   Warning: Cell ctmi_2147 is placed overlapping with other cel... (MSG-3032)
Information:     4     4  0 DPPA-096  WARNING   Warning: found large number of corner keepout wiretracks on ... (MSG-3032)
Information:    10    10  0 ZRT-625   WARNING   Warning: Master cell dut_toplevel has duplicated redundant l... (MSG-3032)
Information:     9     6  0 OPT-902   WARNING   Warning: No clock routing rules were specified. Use set_cloc... (MSG-3032)
Information:   244   806  3       10  <------   Total sum of messages (MSG-3038)
Information: >>>>>>> Summary: 806 error&warning MSGs observed during compile_fusion / logic_opto (MSG-3103)

Scenario Normal_Fast is cellEm
Scenario PowerSave_Fast is cellEm
Information: The stitching and editing of coupling caps is turned OFF for design 'dut_toplevel.dlib:dut_toplevel/auto_floorplan.design'. (TIM-125)
Info: update em.
Information: Activity propagation will be performed for scenario Normal_Fast.
Information: Doing activity propagation for mode 'Normal' and corner 'Fast' with effort level 'medium'. (POW-024)
Information: Timer-derived activity data is cached on scenario Normal_Fast (POW-052)
Information: Running switching activity propagation with 12 threads!

 **** Information : No. of simulation cycles = 6 ****
Information: Propagated activity on scenario Normal_Slow identical to that on Normal_Fast (POW-006)
Information: Propagated activity on scenario Normal_Typical identical to that on Normal_Fast (POW-006)
Information: Activity propagation will be performed for scenario PowerSave_Fast.
Information: Doing activity propagation for mode 'PowerSave' and corner 'Fast' with effort level 'medium'. (POW-024)
Information: Timer-derived activity data is cached on scenario PowerSave_Fast (POW-052)
Information: Running switching activity propagation with 12 threads!

 **** Information : No. of simulation cycles = 6 ****
Information: Propagated activity on scenario PowerSave_Slow identical to that on PowerSave_Fast (POW-006)
Information: Propagated activity on scenario PowerSave_Typical identical to that on PowerSave_Fast (POW-006)
Information: Activity for scenario Normal_Fast was cached, no propagation required. (POW-005)
Information: Activity for scenario Normal_Slow was cached, no propagation required. (POW-005)
Information: Activity for scenario Normal_Typical was cached, no propagation required. (POW-005)
Information: Activity for scenario PowerSave_Fast was cached, no propagation required. (POW-005)
Information: Activity for scenario PowerSave_Slow was cached, no propagation required. (POW-005)
Information: Activity for scenario PowerSave_Typical was cached, no propagation required. (POW-005)
CTS Cell EM initialization finished
Scenario Normal_Fast is cellEm
Scenario PowerSave_Fast is cellEm
Info: update em.
Information: Activity for scenario Normal_Fast was cached, no propagation required. (POW-005)
Information: Activity for scenario Normal_Slow was cached, no propagation required. (POW-005)
Information: Activity for scenario Normal_Typical was cached, no propagation required. (POW-005)
Information: Activity for scenario PowerSave_Fast was cached, no propagation required. (POW-005)
CTS Cell EM initialization finished
Warning: No clock routing rules were specified. Use set_clock_routing_rules to specify routing rules for accurate clock latency estimation. (OPT-902)
Warning: No clock routing rules were specified. Use set_clock_routing_rules to specify routing rules for accurate clock latency estimation. (OPT-902)
Information: Estimating clock gate latencies for scenario 'PowerSave_Typical'. (OPT-909)
Warning: No clock routing rules were specified. Use set_clock_routing_rules to specify routing rules for accurate clock latency estimation. (OPT-902)
Information: Estimating clock gate latencies for scenario 'PowerSave_Slow'. (OPT-909)
Warning: No clock routing rules were specified. Use set_clock_routing_rules to specify routing rules for accurate clock latency estimation. (OPT-902)
Information: Estimating clock gate latencies for scenario 'PowerSave_Fast'. (OPT-909)
Warning: No clock routing rules were specified. Use set_clock_routing_rules to specify routing rules for accurate clock latency estimation. (OPT-902)
Information: Estimating clock gate latencies for scenario 'Normal_Typical'. (OPT-909)
Warning: No clock routing rules were specified. Use set_clock_routing_rules to specify routing rules for accurate clock latency estimation. (OPT-902)
Information: Estimating clock gate latencies for scenario 'Normal_Slow'. (OPT-909)
Warning: No clock routing rules were specified. Use set_clock_routing_rules to specify routing rules for accurate clock latency estimation. (OPT-902)
Information: Estimating clock gate latencies for scenario 'Normal_Fast'. (OPT-909)
Information: 2 out of 12 POW-005 messages were not printed due to limit 10 (after 'compile_fusion' at task1af.tcl:37) (MSG-3913)
Information: Summary of UPF Cells (UPF-532)
*******************************************************************************
                            Summary of UPF Cells                               
*******************************************************************************
This is NOT a UPF design.
UPF is NOT loaded.
UPF is NOT committed.
-------------------------------------------------------------------------------
*******************************************************************************
                        End of Summary of UPF Cells                            
*******************************************************************************
[Tim-Power] Info: Cleared Leakage libCell cache.
Information: Timer using 12 threads
INFO: End environment monitoring: recipes
INFO: Restored 0 timer status, 3 app options, 0 tcl gvars, 0 env vars
Information: >>>>>>> 13 unique error and warning message tags while observing fusion: (MSG-3100)
Information: #prnt #trgr #lmt    Tag  Level     Format (or last printed message)                                (MSG-3036)
Information:     2     2  0 FLW-2224  WARNING   Warning: Duplicate callback function set for step 'fc/logic_... (MSG-3032)
Information:    60   272  5 SQM-1079  WARNING   Warning: Skipping check for single_bit_degenerate attribute ... (MSG-3032)
Information:     1     1  1 SQM-1074  WARNING   Warning: Shift register Inferencing is enabled so only head ... (MSG-3032)
Information:   120   544 10 SQM-1061  WARNING   Warning: Cannot infer functionality of libcell 'saed14rvt_fr... (MSG-3032)
Information:    30    34 10 SQM-1053  WARNING   Warning: Found 8 multibit sequential library cells that have... (MSG-3032)
Information:     1     1  1 SQM-1034  WARNING   Warning: No cell bus will be mapped to multibit because mult... (MSG-3032)
Information:     1     1  0 ZRT-511   WARNING   Warning: Cell contains tie connections which are not connect... (MSG-3032)
Information:     7     7  0 ZRT-026   WARNING   Warning: Layer MRDL default pitch 4.000 may be too small to ... (MSG-3032)
Information:     1     1  0 ZRT-763   WARNING   Warning: Cell ctmi_2147 is placed overlapping with other cel... (MSG-3032)
Information:     4     4  0 DPPA-096  WARNING   Warning: found large number of corner keepout wiretracks on ... (MSG-3032)
Information:    48    37  0 LGL-397   WARNING   Warning: No site rows found in floorplan. (LGL-397)             (MSG-3032)
Information:    10    10  0 ZRT-625   WARNING   Warning: Master cell dut_toplevel has duplicated redundant l... (MSG-3032)
Information:    16     8  0 OPT-902   WARNING   Warning: No clock routing rules were specified. Use set_cloc... (MSG-3032)
Information:   301   922  5       13  <------   Total sum of messages (MSG-3038)
Information: >>>>>>> Summary: 922 error&warning MSGs observed during fusion (MSG-3103)
Information: Ending   'compile_fusion -to logic_opto' (FLW-8001)
Information: Time: 2025-06-18 11:04:47 / Session:  00:00:49 / Command:  00:00:41 / CPU:  00:01:15 / Memory: 1346 MB (FLW-8100)
Information: CPU Load: 15%, Ram Free: 38 GB, Swap Free: 1 GB, Work Disk Free: 308 GB, Tmp Disk Free: 308 GB (MSG-3995)
1
#### Analyze the design
redirect -file ${ReportsDir}/${DesignStage}_report_congestion.rpt {report_congestion -rerun_global_router}
generateReports ${DesignStage}
Generating reports for the design stage: auto_floorplan ...
[Tim-Power] Info: Cleared Leakage libCell cache.
Reports have been generated for the design stage: auto_floorplan.
#### Auto floorplan tuning
set DesignStage tuned_auto_floorplan
tuned_auto_floorplan
set_auto_floorplan_constraints \
    -control_type core \
    -core_utilization ${CoreUtilization} \
    -core_offset ${CoreOffset} \
    -shape ${CoreShape} \
    -side_ratio ${CoreSideRatio} \
    -flip_first_row ${FlipFirstRow}
1
report_auto_floorplan_constraints
Option Names                   Option Values
side_ratio:                    2.5000 1.5000 
side_length:                   
core_utilization:              0.6500
control_type:                  core
boundary:                      
shape:                         R
orientation:                   N
coincident_boundary:           true
flip_first_row:                true
core_offset:                   5.0000 
row_core_ratio:                1.0
honor_pad_limit:               false
use_site_row:                  false
site_def:                      
origin_offset:                 0.0000 0.0000
row_pattern:                   
track_script:                  
1
set_app_options -name compile.auto_floorplan.place_pins -value all
compile.auto_floorplan.place_pins all
# Pin placement constraints
set ports [remove_from_collection [get_ports] {VDD VSS}]
{clk nreset proc_req proc_req_in0_en {proc_req_in0_arb_mode_id[0]} proc_req_in1_en {proc_req_in1_arb_mode_id[0]} proc_req_in2_en {proc_req_in2_arb_mode_id[0]} proc_ack in0_valid in0_ready {in0_data[35]} {in0_data[34]} {in0_data[33]} {in0_data[32]} {in0_data[31]} {in0_data[30]} {in0_data[29]} {in0_data[28]} {in0_data[27]} {in0_data[26]} {in0_data[25]} {in0_data[24]} {in0_data[23]} {in0_data[22]} {in0_data[21]} {in0_data[20]} {in0_data[19]} {in0_data[18]} {in0_data[17]} {in0_data[16]} {in0_data[15]} {in0_data[14]} {in0_data[13]} {in0_data[12]} {in0_data[11]} {in0_data[10]} {in0_data[9]} {in0_data[8]} {in0_data[7]} {in0_data[6]} {in0_data[5]} {in0_data[4]} {in0_data[3]} {in0_data[2]} {in0_data[1]} {in0_data[0]} in0_data_last in1_valid in1_ready {in1_data[35]} {in1_data[34]} {in1_data[33]} {in1_data[32]} {in1_data[31]} {in1_data[30]} {in1_data[29]} {in1_data[28]} {in1_data[27]} {in1_data[26]} {in1_data[25]} {in1_data[24]} {in1_data[23]} {in1_data[22]} {in1_data[21]} {in1_data[20]} {in1_data[19]} {in1_data[18]} {in1_data[17]} {in1_data[16]} {in1_data[15]} {in1_data[14]} {in1_data[13]} {in1_data[12]} {in1_data[11]} {in1_data[10]} {in1_data[9]} {in1_data[8]} {in1_data[7]} {in1_data[6]} {in1_data[5]} {in1_data[4]} {in1_data[3]} {in1_data[2]} {in1_data[1]} {in1_data[0]} in1_data_last in2_valid in2_ready {in2_data[35]} {in2_data[34]} {in2_data[33]} {in2_data[32]} {in2_data[31]} {in2_data[30]} {in2_data[29]} {in2_data[28]} {in2_data[27]} {in2_data[26]} ...}
set_block_pin_constraints -self \
    -allowed_layers ${BlockPinLayers} \
    -sides ${BlockPinSides} \
    -pin_spacing_distance ${BlockPinSpacing} \
    -width ${BlockPinWidth} \
    -length ${BlockPinLength}
Information: Block pin constraints pin_spacing_distance, allowed_layers, sides are set for top block dut_toplevel/auto_floorplan. (DPPA-403)
1
set_individual_pin_constraints \
    -ports [get_ports ${ClockName}] \
    -sides ${ClockPinSides} \
    -allowed_layers ${ClockPinLayers}
1
report_block_pin_constraints -self
****************************************
Report : report_block_pin_constraints
Design : dut_toplevel
Version: V-2023.12
Date   : Wed Jun 18 11:04:50 2025
****************************************

  Pin constraints report on blocks 
  ========================================

    block dut_toplevel :
      feedthroughs allowed: false
      corner_keepout_num_tracks: 5
      pin_spacing_distance: 1.0000 
      allowed_layers: M3 M4
      sides: 1 2 3
      hard_constraints: off
      stacking_allowed: any
      length: 0.11
      width: 0.11

1
# Place pins
place_pins -self -ports ${ports}
Information: Starting 'place_pins' (FLW-8000)
Information: Time: 2025-06-18 11:04:50 / Session:  00:00:52 / Command:  00:00:00 / CPU:  00:00:00 / Memory: 1346 MB (FLW-8100)
Load DB...
CPU Time for load db: 00:00:00.00u 00:00:00.00s 00:00:00.00e: 

Min routing layer: M1
Max routing layer: MRDL

Non default block pin constraint setting(s) of top block: dut_toplevel
pin_spacing_distance: 1.0000
allowed_layers:       M3 M4 
sides:                1 2 3

CPU Time for Top Level Pre-Route Processing: 00:00:00.00u 00:00:00.00s 00:00:00.00e: 
Warning: Block sides pin constraints conflict with pin clk. (DPPA-113)
Warning: The individual pin constraints allowed layers on port clk are in conflict with block pin constraints allowed layers or min/max routing layers. (DPPA-417)
Warning: Cell contains tie connections which are not connected to real PG. (ZRT-511)
Cell Min-Routing-Layer = M1
Cell Max-Routing-Layer = MRDL
Turn off antenna since no rule is specified
Information: Option route.detail.force_end_on_preferred_grid will be ignored since none of the layers have preferred grid. (ZRT-703)

Block Pin Constraint   Min Pin Max Pin Reserve
                       Layer   Layer   Layer    Feedthroughs
--------------------   ------  ------  ------   ------------
dut_toplevel           M3      M4      MRDL     Not allowed

Via on layer (VIA1) needs more than one tracks
Warning: Layer M1 default pitch 0.074 may be too small to handle up/down via. Note, that minimum requirements are "wire/via-down 0.074" & "wire/via-up 0.078". (ZRT-026)
Via on layer (VIA1) needs more than one tracks
Warning: Layer M2 default pitch 0.060 may be too small to handle up/down via. Note, that minimum requirements are "wire/via-down 0.078" & "wire/via-up 0.060". (ZRT-026)
Via on layer (VIA4) needs more than one tracks
Warning: Layer M5 default pitch 0.100 may be too small to handle up/down via. Note, that minimum requirements are "wire/via-down 0.125" & "wire/via-up 0.100". (ZRT-026)
Via on layer (VIA7) needs more than one tracks
Warning: Layer M7 default pitch 0.100 may be too small to handle up/down via. Note, that minimum requirements are "wire/via-down 0.100" & "wire/via-up 0.107". (ZRT-026)
Wire on layer (M8) needs more than one tracks
Via on layer (VIA7) needs more than one tracks
Via on layer (VIA8) needs more than one tracks
Warning: Layer M8 default pitch 0.100 may be too small to handle up/down via. Note, that minimum requirements are "wire/via-down 0.107" & "wire/via-up 0.135". (ZRT-026)
Wire on layer (M9) needs more than one tracks
Via on layer (VIA8) needs more than one tracks
Via on layer (VIARDL) needs more than one tracks
Warning: Layer M9 default pitch 0.100 may be too small to handle up/down via. Note, that minimum requirements are "wire/via-down 0.135" & "wire/via-up 1.570". (ZRT-026)
Via on layer (VIARDL) needs more than one tracks
Warning: Layer MRDL default pitch 4.000 may be too small to handle up/down via. Note, that minimum requirements are "wire/via-down 4.500" & "wire/via-up 4.000". (ZRT-026)
Transition layer name: M7(6)
Transition layer name: M8(7)
Information: When applicable Min-max layer allow_pin_connection mode will allow paths of length 0.90 outside the layer range. (ZRT-707)
Information: When applicable Min-max layer allow_pin_connection mode will allow paths of length 0.90 outside the layer range on clock nets. (ZRT-718)
Information: When applicable layer based tapering will taper up to 0.00 in distance from the pin. (ZRT-706)
Warning: Standard cell pin SAEDRVT14_ADDH_0P5/CO has no valid via regions. (ZRT-044)
Warning: Cell ctmi_2147 is placed overlapping with other cells at {{2.105 1.686} {2.919 2.286}}. (ZRT-763)
Information: The net parasitics of block dut_toplevel are cleared. (TIM-123)
Start Global Route ... 
[Init] Elapsed real time: 0:00:00 
[Init] Elapsed cpu  time: sys=0:00:00 usr=0:00:00 total=0:00:00
[Init] Stage (MB): Used    0  Alloctr    0  Proc    0 
[Init] Total (MB): Used   51  Alloctr   52  Proc 5878 
Printing options for 'route.common.*'

Printing options for 'route.global.*'
global.deterministic                                    :	 on                  
global.timing_driven                                    :	 false               

Begin global routing.
Constructing data structure ...
Design statistics:
Design Bounding Box (-0.60um,-0.60um,36.49um,36.00um)
Number of routing layers = 10
layer M1, dir Ver, min width = 0.034um, min space = 0.026um pitch = 0.074um
layer M2, dir Hor, min width = 0.034um, min space = 0.026um pitch = 0.06um
layer M3, dir Ver, min width = 0.034um, min space = 0.026um pitch = 0.074um
layer M4, dir Hor, min width = 0.06um, min space = 0.04um pitch = 0.1um
layer M5, dir Ver, min width = 0.06um, min space = 0.04um pitch = 0.1um
layer M6, dir Hor, min width = 0.06um, min space = 0.04um pitch = 0.1um
layer M7, dir Ver, min width = 0.06um, min space = 0.04um pitch = 0.1um
layer M8, dir Hor, min width = 0.06um, min space = 0.04um pitch = 0.1um
layer M9, dir Ver, min width = 0.06um, min space = 0.04um pitch = 0.1um
layer MRDL, dir Hor, min width = 2um, min space = 2um pitch = 4um
Current Stage stats:
[End of Build Tech Data] Elapsed real time: 0:00:00 
[End of Build Tech Data] Elapsed cpu  time: sys=0:00:00 usr=0:00:00 total=0:00:00
[End of Build Tech Data] Stage (MB): Used    1  Alloctr    1  Proc    0 
[End of Build Tech Data] Total (MB): Used   56  Alloctr   56  Proc 5878 
Net statistics:
Total number of nets to route for block pin placement     = 168
Number of interface nets to route for block pin placement = 168
Net length statistics: 
Net Count(Ignore Fully Rted) 336, Total Half Perimeter Wire Length (HPWL) 6206 microns
HPWL   0 ~   50 microns: Net Count      335	Total HPWL         6137 microns
HPWL  50 ~  100 microns: Net Count        1	Total HPWL           69 microns
HPWL 100 ~  200 microns: Net Count        0	Total HPWL            0 microns
HPWL 200 ~  300 microns: Net Count        0	Total HPWL            0 microns
HPWL 300 ~  400 microns: Net Count        0	Total HPWL            0 microns
HPWL 400 ~  500 microns: Net Count        0	Total HPWL            0 microns
HPWL 500 ~  600 microns: Net Count        0	Total HPWL            0 microns
HPWL 600 ~  700 microns: Net Count        0	Total HPWL            0 microns
HPWL 700 ~  800 microns: Net Count        0	Total HPWL            0 microns
HPWL 800 ~  900 microns: Net Count        0	Total HPWL            0 microns
HPWL 900 ~ 1000 microns: Net Count        0	Total HPWL            0 microns
HPWL     > 1000 microns: Net Count        0	Total HPWL            0 microns
Current Stage stats:
[End of Build All Nets] Elapsed real time: 0:00:00 
[End of Build All Nets] Elapsed cpu  time: sys=0:00:00 usr=0:00:00 total=0:00:00
[End of Build All Nets] Stage (MB): Used    0  Alloctr    0  Proc  -32 
[End of Build All Nets] Total (MB): Used   56  Alloctr   57  Proc 5846 
Number of partitions: 1 (1 x 1)
Size of partitions: 33 gCells x 32 gCells
Average gCell capacity  15.15	 on layer (1)	 M1
Average gCell capacity  19.00	 on layer (2)	 M2
Average gCell capacity  15.15	 on layer (3)	 M3
Average gCell capacity  11.38	 on layer (4)	 M4
Average gCell capacity  11.18	 on layer (5)	 M5
Average gCell capacity  11.38	 on layer (6)	 M6
Average gCell capacity  11.18	 on layer (7)	 M7
Average gCell capacity  11.38	 on layer (8)	 M8
Average gCell capacity  11.18	 on layer (9)	 M9
Average gCell capacity  0.22	 on layer (10)	 MRDL
Average number of tracks per gCell 15.21	 on layer (1)	 M1
Average number of tracks per gCell 19.06	 on layer (2)	 M2
Average number of tracks per gCell 15.21	 on layer (3)	 M3
Average number of tracks per gCell 11.44	 on layer (4)	 M4
Average number of tracks per gCell 11.24	 on layer (5)	 M5
Average number of tracks per gCell 11.44	 on layer (6)	 M6
Average number of tracks per gCell 11.24	 on layer (7)	 M7
Average number of tracks per gCell 11.44	 on layer (8)	 M8
Average number of tracks per gCell 11.24	 on layer (9)	 M9
Average number of tracks per gCell 0.28	 on layer (10)	 MRDL
Number of gCells = 10560
Current Stage stats:
[End of Build Congestion Map] Elapsed real time: 0:00:00 
[End of Build Congestion Map] Elapsed cpu  time: sys=0:00:00 usr=0:00:00 total=0:00:00
[End of Build Congestion Map] Stage (MB): Used    1  Alloctr    1  Proc    0 
[End of Build Congestion Map] Total (MB): Used   57  Alloctr   58  Proc 5846 
Number of partitions: 1 (1 x 1)
Size of partitions: 33 gCells x 32 gCells
Current Stage stats:
[End of Add Nets Demand] Elapsed real time: 0:00:00 
[End of Add Nets Demand] Elapsed cpu  time: sys=0:00:00 usr=0:00:00 total=0:00:00
[End of Add Nets Demand] Stage (MB): Used    0  Alloctr    0  Proc    0 
[End of Add Nets Demand] Total (MB): Used   57  Alloctr   58  Proc 5846 
Number of user frozen nets = 0
Total stats:
[End of Build Data] Elapsed real time: 0:00:00 
[End of Build Data] Elapsed cpu  time: sys=0:00:00 usr=0:00:00 total=0:00:00
[End of Build Data] Stage (MB): Used    2  Alloctr    2  Proc  -32 
[End of Build Data] Total (MB): Used   57  Alloctr   58  Proc 5846 
Number of partitions: 1 (1 x 1)
Size of partitions: 33 gCells x 32 gCells
Current Stage stats:
[End of Blocked Pin Detection] Elapsed real time: 0:00:00 
[End of Blocked Pin Detection] Elapsed cpu  time: sys=0:00:00 usr=0:00:00 total=0:00:00
[End of Blocked Pin Detection] Stage (MB): Used   12  Alloctr   12  Proc    0 
[End of Blocked Pin Detection] Total (MB): Used   69  Alloctr   70  Proc 5846 
Information: Using 12 threads for routing. (ZRT-444)
Information: Buffer distance is estimated to be ~271.0000um (225 gCells)

Start GR phase 0
Number of partitions: 1 (1 x 1)
Size of partitions: 33 gCells x 32 gCells
[rtTop] Elapsed real time: 0:00:00 
[rtTop] Elapsed cpu  time: sys=0:00:00 usr=0:00:00 total=0:00:00
Current Stage stats:
[End of Initial Routing] Elapsed real time: 0:00:00 
[End of Initial Routing] Elapsed cpu  time: sys=0:00:00 usr=0:00:00 total=0:00:00
[End of Initial Routing] Stage (MB): Used    0  Alloctr    0  Proc    0 
[End of Initial Routing] Total (MB): Used   69  Alloctr   70  Proc 5846 
Initial. Routing result:
Initial. Both Dirs: Dmd-Cap  =     0 Max = 0 GRCs =     0 (0.00%)
Initial. H routing: Dmd-Cap  =     0 Max = 0 (GRCs =  0) GRCs =     0 (0.00%)
Initial. V routing: Dmd-Cap  =     0 Max = 0 (GRCs =  0) GRCs =     0 (0.00%)
Initial. Both Dirs: Overflow =     0 Max = 0 GRCs =     0 (0.00%)
Initial. H routing: Overflow =     0 Max = 0 (GRCs =  0) GRCs =     0 (0.00%)
Initial. V routing: Overflow =     0 Max = 0 (GRCs =  0) GRCs =     0 (0.00%)
Initial. M1         Overflow =     0 Max = 0 (GRCs =  0) GRCs =     0 (0.00%)
Initial. M2         Overflow =     0 Max = 0 (GRCs =  0) GRCs =     0 (0.00%)
Initial. M3         Overflow =     0 Max = 0 (GRCs =  0) GRCs =     0 (0.00%)
Initial. M4         Overflow =     0 Max = 0 (GRCs =  0) GRCs =     0 (0.00%)
Initial. M5         Overflow =     0 Max = 0 (GRCs =  0) GRCs =     0 (0.00%)
Initial. M6         Overflow =     0 Max = 0 (GRCs =  0) GRCs =     0 (0.00%)
Initial. M7         Overflow =     0 Max = 0 (GRCs =  0) GRCs =     0 (0.00%)
Initial. M8         Overflow =     0 Max = 0 (GRCs =  0) GRCs =     0 (0.00%)
Initial. M9         Overflow =     0 Max = 0 (GRCs =  0) GRCs =     0 (0.00%)
Initial. MRDL       Overflow =     0 Max = 0 (GRCs =  0) GRCs =     0 (0.00%)

Initial. Total Wire Length = 993.89
Initial. Layer M1 wire length = 0.00
Initial. Layer M2 wire length = 69.07
Initial. Layer M3 wire length = 147.64
Initial. Layer M4 wire length = 727.88
Initial. Layer M5 wire length = 9.68
Initial. Layer M6 wire length = 39.61
Initial. Layer M7 wire length = 0.00
Initial. Layer M8 wire length = 0.00
Initial. Layer M9 wire length = 0.00
Initial. Layer MRDL wire length = 0.00
Initial. Total Number of Contacts = 357
Initial. Via VIA1_Base count = 49
Initial. Via VIA2_Base count = 168
Initial. Via VIA34SQ_C count = 124
Initial. Via VIA4SQ count = 10
Initial. Via VIA5SQ_C count = 6
Initial. Via VIA67SQ_C count = 0
Initial. Via VIA78SQ_C count = 0
Initial. Via VIA89_C count = 0
Initial. Via VIA9RDL count = 0
Initial. completed.
[End of Whole Chip Routing] Elapsed real time: 0:00:00 
[End of Whole Chip Routing] Elapsed cpu  time: sys=0:00:00 usr=0:00:00 total=0:00:00
[End of Whole Chip Routing] Stage (MB): Used   14  Alloctr   14  Proc  -32 
[End of Whole Chip Routing] Total (MB): Used   69  Alloctr   70  Proc 5846 
[End of Global Routing] Elapsed real time: 0:00:00 
[End of Global Routing] Elapsed cpu  time: sys=0:00:00 usr=0:00:00 total=0:00:00
[End of Global Routing] Stage (MB): Used   14  Alloctr   14  Proc  -32 
[End of Global Routing] Total (MB): Used   69  Alloctr   70  Proc 5846 
[End of dbOut] Elapsed real time: 0:00:00 
[End of dbOut] Elapsed cpu  time: sys=0:00:00 usr=0:00:00 total=0:00:00
[End of dbOut] Stage (MB): Used    0  Alloctr    0  Proc    0 
[End of dbOut] Total (MB): Used   59  Alloctr   60  Proc 5846 
CPU Time for Global Route: 00:00:00.26u 00:00:00.01s 00:00:00.23e: 
Number of block ports: 170
Number of block pin locations assigned from router: 168
CPU Time for Pin Preparation: 00:00:00.00u 00:00:00.00s 00:00:00.00e: 
Warning: Not enough slots available for pin placement. Ignore pin spacing constraints. (DPPA-004)
Warning: Pin in2_data[25] is placed with relaxed spacing constraint. (DPPA-379)
Warning: Pin in2_data[27] is placed with relaxed spacing constraint. (DPPA-379)
Warning: Pin in2_data[28] is placed with relaxed spacing constraint. (DPPA-379)
Warning: Pin in2_data[29] is placed with relaxed spacing constraint. (DPPA-379)
Warning: Pin in2_data[33] is placed with relaxed spacing constraint. (DPPA-379)
Warning: Pin in2_data[34] is placed with relaxed spacing constraint. (DPPA-379)
Warning: Pin in2_data[35] is placed with relaxed spacing constraint. (DPPA-379)
Warning: Pin in1_data[7] is placed with relaxed spacing constraint. (DPPA-379)
Warning: Pin in1_data[8] is placed with relaxed spacing constraint. (DPPA-379)
Warning: Pin in1_data[9] is placed with relaxed spacing constraint. (DPPA-379)
Note - message 'DPPA-379' limit (10) exceeded. Remainder will be suppressed.
Number of PG ports on blocks: 0
Number of pins created: 168
Warning: 91 pins on block dut_toplevel have been placed with relaxed pin spacing constraint(s). (DPPA-089)
CPU Time for Pin Creation: 00:00:00.02u 00:00:00.00s 00:00:00.02e: 
Total Pin Placement CPU Time: 00:00:00.28u 00:00:00.01s 00:00:00.26e: 
Information: Ending   'place_pins' (FLW-8001)
Information: Time: 2025-06-18 11:04:50 / Session:  00:00:52 / Command:  00:00:00 / CPU:  00:00:00 / Memory: 1346 MB (FLW-8100)
1
#### Tuned auto floorplan creation
set_lib_cell_purpose -include none {*/*_AO21* */*V2LP*}
Information: The design specific attribute override for lib_cell 'saed14rvt_frame_timing:SAEDRVT14_AO211_1.timing' is set in the current block 'dut_toplevel', because the actual library setting may not be overwritten. (ATTR-12)
Information: The design specific attribute override for lib_cell 'saed14rvt_frame_timing:SAEDRVT14_AO211_2.timing' is set in the current block 'dut_toplevel', because the actual library setting may not be overwritten. (ATTR-12)
Information: The design specific attribute override for lib_cell 'saed14rvt_frame_timing:SAEDRVT14_AO211_4.timing' is set in the current block 'dut_toplevel', because the actual library setting may not be overwritten. (ATTR-12)
Information: The design specific attribute override for lib_cell 'saed14rvt_frame_timing:SAEDRVT14_AO21_1.timing' is set in the current block 'dut_toplevel', because the actual library setting may not be overwritten. (ATTR-12)
Information: The design specific attribute override for lib_cell 'saed14rvt_frame_timing:SAEDRVT14_AO211_U_0P5.timing' is set in the current block 'dut_toplevel', because the actual library setting may not be overwritten. (ATTR-12)
Information: The design specific attribute override for lib_cell 'saed14rvt_frame_timing:SAEDRVT14_AO21_2.timing' is set in the current block 'dut_toplevel', because the actual library setting may not be overwritten. (ATTR-12)
Information: The design specific attribute override for lib_cell 'saed14rvt_frame_timing:SAEDRVT14_AO21_4.timing' is set in the current block 'dut_toplevel', because the actual library setting may not be overwritten. (ATTR-12)
Information: The design specific attribute override for lib_cell 'saed14rvt_frame_timing:SAEDRVT14_AO21B_0P5.timing' is set in the current block 'dut_toplevel', because the actual library setting may not be overwritten. (ATTR-12)
Information: The design specific attribute override for lib_cell 'saed14rvt_frame_timing:SAEDRVT14_AO21B_1.timing' is set in the current block 'dut_toplevel', because the actual library setting may not be overwritten. (ATTR-12)
Information: The design specific attribute override for lib_cell 'saed14rvt_frame_timing:SAEDRVT14_AO21B_2.timing' is set in the current block 'dut_toplevel', because the actual library setting may not be overwritten. (ATTR-12)
1
compile_fusion -to logic_opto
Information: 1081 out of 1091 POW-046 messages were not printed due to limit 10 (after 'compile_fusion' at task1af.tcl:81) (MSG-3913)
INFO: compile_fusion is running in balanced flow mode.
Information: Starting 'compile_fusion -to logic_opto' (FLW-8000)
Information: Time: 2025-06-18 11:04:50 / Session:  00:00:52 / Command:  00:00:00 / CPU:  00:00:00 / Memory: 1346 MB (FLW-8100)
Information: CPU Load: 22%, Ram Free: 38 GB, Swap Free: 1 GB, Work Disk Free: 308 GB, Tmp Disk Free: 308 GB (MSG-3995)
CPU Load: 22%, Ram Free: 38 GB, Swap Free: 1 GB, Work Disk Free: 308 GB, Tmp Disk Free: 308 GB
INFO: Start environment monitoring: recipes
INFO: compile_fusion is running in balanced flow mode.
Warning: Cannot infer functionality of libcell 'saed14rvt_frame_timing/SAEDRVT14_FDNRBSBQ_V2_0P5' and will be excluded from sequential mapping. (SQM-1061)
Warning: Cannot infer functionality of libcell 'saed14rvt_frame_timing/SAEDRVT14_FDNRBSBQ_V2_1' and will be excluded from sequential mapping. (SQM-1061)
Warning: Cannot infer functionality of libcell 'saed14rvt_frame_timing/SAEDRVT14_FDNRBSBQ_V2_2' and will be excluded from sequential mapping. (SQM-1061)
Warning: Cannot infer functionality of libcell 'saed14rvt_frame_timing/SAEDRVT14_FDNRBSBQ_V2_4' and will be excluded from sequential mapping. (SQM-1061)
Warning: Cannot infer functionality of libcell 'saed14rvt_frame_timing/SAEDRVT14_FDPRBSBQ_V2_0P5' and will be excluded from sequential mapping. (SQM-1061)
Warning: Cannot infer functionality of libcell 'saed14rvt_frame_timing/SAEDRVT14_FDPRBSBQ_V2_1' and will be excluded from sequential mapping. (SQM-1061)
Warning: Cannot infer functionality of libcell 'saed14rvt_frame_timing/SAEDRVT14_FDPRBSBQ_V2_2' and will be excluded from sequential mapping. (SQM-1061)
Warning: Cannot infer functionality of libcell 'saed14rvt_frame_timing/SAEDRVT14_FDPRBSBQ_V2_4' and will be excluded from sequential mapping. (SQM-1061)
Warning: Mapping to scan cell 'SAEDRVT14_FSDPQB_V2LP_1' in library is not possible because cell has 'dont_use' attribute. (SQM-1067)
Warning: Mapping to scan cell 'SAEDRVT14_FSDPQ_V2LP_1' in library is not possible because cell has 'dont_use' attribute. (SQM-1067)
Warning: Mapping to scan cell 'SAEDRVT14_FSDPQ_V2LP_2' in library is not possible because cell has 'dont_use' attribute. (SQM-1067)
Warning: Cannot infer functionality of libcell 'saed14rvt_frame_timing/SAEDRVT14_FSDPRBSBQ_V2LP_0P5' and will be excluded from sequential mapping. (SQM-1061)
Warning: Cannot infer functionality of libcell 'saed14rvt_frame_timing/SAEDRVT14_FSDPRBSBQ_V2LP_2' and will be excluded from sequential mapping. (SQM-1061)
Warning: Skipping check for single_bit_degenerate attribute on the multibit libcell 'saed14rvt_frame_timing/SAEDRVT14_FSDN2_V2_0P5' since it is not a black-box. (SQM-1079)
Information: No single-bit representative was found for multibit lib cell 'saed14rvt_frame_timing/SAEDRVT14_FSDN2_V2_0P5'. (SQM-2004)
Warning: Skipping check for single_bit_degenerate attribute on the multibit libcell 'saed14rvt_frame_timing/SAEDRVT14_FSDN2_V2_1' since it is not a black-box. (SQM-1079)
Information: No single-bit representative was found for multibit lib cell 'saed14rvt_frame_timing/SAEDRVT14_FSDN2_V2_1'. (SQM-2004)
Warning: Skipping check for single_bit_degenerate attribute on the multibit libcell 'saed14rvt_frame_timing/SAEDRVT14_FSDN2_V2_2' since it is not a black-box. (SQM-1079)
Information: No single-bit representative was found for multibit lib cell 'saed14rvt_frame_timing/SAEDRVT14_FSDN2_V2_2'. (SQM-2004)
Warning: Skipping check for single_bit_degenerate attribute on the multibit libcell 'saed14rvt_frame_timing/SAEDRVT14_FSDN2_V2_4' since it is not a black-box. (SQM-1079)
Information: No single-bit representative was found for multibit lib cell 'saed14rvt_frame_timing/SAEDRVT14_FSDN2_V2_4'. (SQM-2004)
Warning: Skipping check for single_bit_degenerate attribute on the multibit libcell 'saed14rvt_frame_timing/SAEDRVT14_FSDN4_V2_0P5' since it is not a black-box. (SQM-1079)
Information: No single-bit representative was found for multibit lib cell 'saed14rvt_frame_timing/SAEDRVT14_FSDN4_V2_0P5'. (SQM-2004)
Information: No single-bit representative was found for multibit lib cell 'saed14rvt_frame_timing/SAEDRVT14_FSDN4_V2_1'. (SQM-2004)
Information: No single-bit representative was found for multibit lib cell 'saed14rvt_frame_timing/SAEDRVT14_FSDN4_V2_2'. (SQM-2004)
Information: No single-bit representative was found for multibit lib cell 'saed14rvt_frame_timing/SAEDRVT14_FSDN4_V2_4'. (SQM-2004)
Warning: Found 8 multibit sequential library cells that have missing/added attributes or have restrictions that prevent them from banking. (SQM-1053)
0 sequential multibit library cells have restrictions (dont_use or dont_touch).
8 sequential multibit library cells have missing sequential mapping relevant attributes
Information: 6 out of 16 SQM-1061 messages were not printed due to limit 10 (after 'compile_fusion' at task1af.tcl:81) (MSG-3913)
Information: 10 out of 13 SQM-1067 messages were not printed due to limit 3 (after 'compile_fusion' at task1af.tcl:81) (MSG-3913)
Information: 3 out of 8 SQM-1079 messages were not printed due to limit 5 (after 'compile_fusion' at task1af.tcl:81) (MSG-3913)
Information: The automatic clock gate timing flow is activated. Clock latencies set on clock gate cells will be automatically adjusted by an estimate for latency. (CGT-4005)
----------------------------------------------------------------------------------------------------------
Information: Starting compile_fusion / initial_map (FLW-8000)
Information: Time: 2025-06-18 11:04:51 / Session:  00:00:53 / Command:  00:00:00 / CPU:  00:00:00 / Memory: 1346 MB (FLW-8100)
Information: CPU Load: 22%, Ram Free: 38 GB, Swap Free: 1 GB, Work Disk Free: 308 GB, Tmp Disk Free: 308 GB (MSG-3995)
----------------------------------------------------------------------------------------------------------
Information: Starting compile_fusion / initial_map / Load Design (FLW-8000)
Information: Time: 2025-06-18 11:04:51 / Session:  00:00:53 / Command:  00:00:00 / CPU:  00:00:00 / Memory: 1346 MB (FLW-8100)
Information: CPU Load: 22%, Ram Free: 38 GB, Swap Free: 1 GB, Work Disk Free: 308 GB, Tmp Disk Free: 308 GB (MSG-3995)
Warning: Cannot infer functionality of libcell 'saed14rvt_frame_timing/SAEDRVT14_FDNRBSBQ_V2_0P5' and will be excluded from sequential mapping. (SQM-1061)
Warning: Cannot infer functionality of libcell 'saed14rvt_frame_timing/SAEDRVT14_FDNRBSBQ_V2_1' and will be excluded from sequential mapping. (SQM-1061)
Warning: Cannot infer functionality of libcell 'saed14rvt_frame_timing/SAEDRVT14_FDNRBSBQ_V2_2' and will be excluded from sequential mapping. (SQM-1061)
Warning: Cannot infer functionality of libcell 'saed14rvt_frame_timing/SAEDRVT14_FDNRBSBQ_V2_4' and will be excluded from sequential mapping. (SQM-1061)
Warning: Cannot infer functionality of libcell 'saed14rvt_frame_timing/SAEDRVT14_FDPRBSBQ_V2_0P5' and will be excluded from sequential mapping. (SQM-1061)
Warning: Cannot infer functionality of libcell 'saed14rvt_frame_timing/SAEDRVT14_FDPRBSBQ_V2_1' and will be excluded from sequential mapping. (SQM-1061)
Warning: Cannot infer functionality of libcell 'saed14rvt_frame_timing/SAEDRVT14_FDPRBSBQ_V2_2' and will be excluded from sequential mapping. (SQM-1061)
Warning: Cannot infer functionality of libcell 'saed14rvt_frame_timing/SAEDRVT14_FDPRBSBQ_V2_4' and will be excluded from sequential mapping. (SQM-1061)
Warning: Mapping to scan cell 'SAEDRVT14_FSDPQB_V2LP_1' in library is not possible because cell has 'dont_use' attribute. (SQM-1067)
Warning: Mapping to scan cell 'SAEDRVT14_FSDPQ_V2LP_1' in library is not possible because cell has 'dont_use' attribute. (SQM-1067)
Warning: Mapping to scan cell 'SAEDRVT14_FSDPQ_V2LP_2' in library is not possible because cell has 'dont_use' attribute. (SQM-1067)
Warning: Cannot infer functionality of libcell 'saed14rvt_frame_timing/SAEDRVT14_FSDPRBSBQ_V2LP_0P5' and will be excluded from sequential mapping. (SQM-1061)
Warning: Cannot infer functionality of libcell 'saed14rvt_frame_timing/SAEDRVT14_FSDPRBSBQ_V2LP_2' and will be excluded from sequential mapping. (SQM-1061)
Warning: Skipping check for single_bit_degenerate attribute on the multibit libcell 'saed14rvt_frame_timing/SAEDRVT14_FSDN2_V2_0P5' since it is not a black-box. (SQM-1079)
Information: No single-bit representative was found for multibit lib cell 'saed14rvt_frame_timing/SAEDRVT14_FSDN2_V2_0P5'. (SQM-2004)
Warning: Skipping check for single_bit_degenerate attribute on the multibit libcell 'saed14rvt_frame_timing/SAEDRVT14_FSDN2_V2_1' since it is not a black-box. (SQM-1079)
Information: No single-bit representative was found for multibit lib cell 'saed14rvt_frame_timing/SAEDRVT14_FSDN2_V2_1'. (SQM-2004)
Warning: Skipping check for single_bit_degenerate attribute on the multibit libcell 'saed14rvt_frame_timing/SAEDRVT14_FSDN2_V2_2' since it is not a black-box. (SQM-1079)
Information: No single-bit representative was found for multibit lib cell 'saed14rvt_frame_timing/SAEDRVT14_FSDN2_V2_2'. (SQM-2004)
Warning: Skipping check for single_bit_degenerate attribute on the multibit libcell 'saed14rvt_frame_timing/SAEDRVT14_FSDN2_V2_4' since it is not a black-box. (SQM-1079)
Information: No single-bit representative was found for multibit lib cell 'saed14rvt_frame_timing/SAEDRVT14_FSDN2_V2_4'. (SQM-2004)
Warning: Skipping check for single_bit_degenerate attribute on the multibit libcell 'saed14rvt_frame_timing/SAEDRVT14_FSDN4_V2_0P5' since it is not a black-box. (SQM-1079)
Information: No single-bit representative was found for multibit lib cell 'saed14rvt_frame_timing/SAEDRVT14_FSDN4_V2_0P5'. (SQM-2004)
Information: No single-bit representative was found for multibit lib cell 'saed14rvt_frame_timing/SAEDRVT14_FSDN4_V2_1'. (SQM-2004)
Information: No single-bit representative was found for multibit lib cell 'saed14rvt_frame_timing/SAEDRVT14_FSDN4_V2_2'. (SQM-2004)
Information: No single-bit representative was found for multibit lib cell 'saed14rvt_frame_timing/SAEDRVT14_FSDN4_V2_4'. (SQM-2004)
Warning: Found 8 multibit sequential library cells that have missing/added attributes or have restrictions that prevent them from banking. (SQM-1053)
0 sequential multibit library cells have restrictions (dont_use or dont_touch).
8 sequential multibit library cells have missing sequential mapping relevant attributes
Information: 6 out of 16 SQM-1061 messages were not printed due to limit 10 (after 'compile_fusion' at task1af.tcl:81) (MSG-3913)
Information: 10 out of 13 SQM-1067 messages were not printed due to limit 3 (after 'compile_fusion' at task1af.tcl:81) (MSG-3913)
Information: 3 out of 8 SQM-1079 messages were not printed due to limit 5 (after 'compile_fusion' at task1af.tcl:81) (MSG-3913)
Information: Ending   compile_fusion / initial_map / Load Design (FLW-8001)
Information: Time: 2025-06-18 11:04:51 / Session:  00:00:53 / Command:  00:00:01 / CPU:  00:00:01 / Memory: 1346 MB (FLW-8100)
Information: CPU Load: 22%, Ram Free: 38 GB, Swap Free: 1 GB, Work Disk Free: 308 GB, Tmp Disk Free: 308 GB (MSG-3995)
Information: Starting compile_fusion / initial_map / MV Cell Insertion (FLW-8000)
Information: Time: 2025-06-18 11:04:51 / Session:  00:00:53 / Command:  00:00:01 / CPU:  00:00:01 / Memory: 1346 MB (FLW-8100)
Information: CPU Load: 22%, Ram Free: 38 GB, Swap Free: 1 GB, Work Disk Free: 308 GB, Tmp Disk Free: 308 GB (MSG-3995)
Information: Ending   compile_fusion / initial_map / MV Cell Insertion (FLW-8001)
Information: Time: 2025-06-18 11:04:51 / Session:  00:00:53 / Command:  00:00:01 / CPU:  00:00:01 / Memory: 1346 MB (FLW-8100)
Information: CPU Load: 22%, Ram Free: 38 GB, Swap Free: 1 GB, Work Disk Free: 308 GB, Tmp Disk Free: 308 GB (MSG-3995)
Information: Starting compile_fusion / initial_map / Logic Simplification (1) (FLW-8000)
Information: Time: 2025-06-18 11:04:51 / Session:  00:00:53 / Command:  00:00:01 / CPU:  00:00:01 / Memory: 1346 MB (FLW-8100)
Information: CPU Load: 22%, Ram Free: 38 GB, Swap Free: 1 GB, Work Disk Free: 308 GB, Tmp Disk Free: 308 GB (MSG-3995)
Information: Starting compile_fusion / initial_map / Logic Simplification (1) / Constant and Equal Register Detection (FLW-8000)
Information: Time: 2025-06-18 11:04:51 / Session:  00:00:53 / Command:  00:00:01 / CPU:  00:00:01 / Memory: 1346 MB (FLW-8100)
Information: CPU Load: 22%, Ram Free: 38 GB, Swap Free: 1 GB, Work Disk Free: 308 GB, Tmp Disk Free: 308 GB (MSG-3995)
Information: Register Bits Before Sharing = 328, After Sharing = 328, Savings = 0 (SQM-2000)
Information: Ending   compile_fusion / initial_map / Logic Simplification (1) / Constant and Equal Register Detection (FLW-8001)
Information: Time: 2025-06-18 11:04:54 / Session:  00:00:56 / Command:  00:00:03 / CPU:  00:00:03 / Memory: 1346 MB (FLW-8100)
Information: CPU Load: 22%, Ram Free: 38 GB, Swap Free: 1 GB, Work Disk Free: 308 GB, Tmp Disk Free: 308 GB (MSG-3995)
Information: Starting compile_fusion / initial_map / Logic Simplification (1) / Register Merging (FLW-8000)
Information: Time: 2025-06-18 11:04:54 / Session:  00:00:56 / Command:  00:00:03 / CPU:  00:00:03 / Memory: 1346 MB (FLW-8100)
Information: CPU Load: 22%, Ram Free: 38 GB, Swap Free: 1 GB, Work Disk Free: 308 GB, Tmp Disk Free: 308 GB (MSG-3995)
Information: Ending   compile_fusion / initial_map / Logic Simplification (1) / Register Merging (FLW-8001)
Information: Time: 2025-06-18 11:04:54 / Session:  00:00:56 / Command:  00:00:03 / CPU:  00:00:03 / Memory: 1346 MB (FLW-8100)
Information: CPU Load: 22%, Ram Free: 38 GB, Swap Free: 1 GB, Work Disk Free: 308 GB, Tmp Disk Free: 308 GB (MSG-3995)
Information: Starting compile_fusion / initial_map / Logic Simplification (1) / Constant Propagation and Register Optimization (FLW-8000)
Information: Time: 2025-06-18 11:04:54 / Session:  00:00:56 / Command:  00:00:03 / CPU:  00:00:03 / Memory: 1346 MB (FLW-8100)
Information: CPU Load: 22%, Ram Free: 38 GB, Swap Free: 1 GB, Work Disk Free: 308 GB, Tmp Disk Free: 308 GB (MSG-3995)
Information: Ending   compile_fusion / initial_map / Logic Simplification (1) / Constant Propagation and Register Optimization (FLW-8001)
Information: Time: 2025-06-18 11:04:54 / Session:  00:00:56 / Command:  00:00:04 / CPU:  00:00:04 / Memory: 1346 MB (FLW-8100)
Information: CPU Load: 20%, Ram Free: 38 GB, Swap Free: 1 GB, Work Disk Free: 308 GB, Tmp Disk Free: 308 GB (MSG-3995)
Information: Ending   compile_fusion / initial_map / Logic Simplification (1) (FLW-8001)
Information: Time: 2025-06-18 11:04:54 / Session:  00:00:56 / Command:  00:00:04 / CPU:  00:00:04 / Memory: 1346 MB (FLW-8100)
Information: CPU Load: 20%, Ram Free: 38 GB, Swap Free: 1 GB, Work Disk Free: 308 GB, Tmp Disk Free: 308 GB (MSG-3995)
Information: Starting compile_fusion / initial_map / High-Level Optimization and Technology Mapping (1) (FLW-8000)
Information: Time: 2025-06-18 11:04:54 / Session:  00:00:56 / Command:  00:00:04 / CPU:  00:00:04 / Memory: 1346 MB (FLW-8100)
Information: CPU Load: 20%, Ram Free: 38 GB, Swap Free: 1 GB, Work Disk Free: 308 GB, Tmp Disk Free: 308 GB (MSG-3995)
Information: Extraction observers are detached as design net change threshold is reached.
Information: Timer using 12 threads
Information: Ending   compile_fusion / initial_map / High-Level Optimization and Technology Mapping (1) (FLW-8001)
Information: Time: 2025-06-18 11:04:55 / Session:  00:00:57 / Command:  00:00:04 / CPU:  00:00:06 / Memory: 1346 MB (FLW-8100)
Information: CPU Load: 20%, Ram Free: 38 GB, Swap Free: 1 GB, Work Disk Free: 308 GB, Tmp Disk Free: 308 GB (MSG-3995)
Information: Starting compile_fusion / initial_map / High-Level Optimization and Technology Mapping (2) (FLW-8000)
Information: Time: 2025-06-18 11:04:55 / Session:  00:00:57 / Command:  00:00:04 / CPU:  00:00:06 / Memory: 1346 MB (FLW-8100)
Information: CPU Load: 20%, Ram Free: 38 GB, Swap Free: 1 GB, Work Disk Free: 308 GB, Tmp Disk Free: 308 GB (MSG-3995)
Warning: No cell bus will be mapped to multibit because multibit mapping has been disabled by user. (SQM-1034)
Warning: Shift register Inferencing is enabled so only head flop will be replaced with scan cell and not all registers in shift register chains are scan replaced. (SQM-1074)
Information: Ending   compile_fusion / initial_map / High-Level Optimization and Technology Mapping (2) (FLW-8001)
Information: Time: 2025-06-18 11:04:55 / Session:  00:00:57 / Command:  00:00:05 / CPU:  00:00:06 / Memory: 1346 MB (FLW-8100)
Information: CPU Load: 20%, Ram Free: 38 GB, Swap Free: 1 GB, Work Disk Free: 308 GB, Tmp Disk Free: 308 GB (MSG-3995)
Information: Starting compile_fusion / initial_map / DFT Core Wrapper Analysis (FLW-8000)
Information: Time: 2025-06-18 11:04:55 / Session:  00:00:57 / Command:  00:00:05 / CPU:  00:00:06 / Memory: 1346 MB (FLW-8100)
Information: CPU Load: 20%, Ram Free: 38 GB, Swap Free: 1 GB, Work Disk Free: 308 GB, Tmp Disk Free: 308 GB (MSG-3995)
Information: Ending   compile_fusion / initial_map / DFT Core Wrapper Analysis (FLW-8001)
Information: Time: 2025-06-18 11:04:55 / Session:  00:00:57 / Command:  00:00:05 / CPU:  00:00:06 / Memory: 1346 MB (FLW-8100)
Information: CPU Load: 20%, Ram Free: 38 GB, Swap Free: 1 GB, Work Disk Free: 308 GB, Tmp Disk Free: 308 GB (MSG-3995)
Information: Starting compile_fusion / initial_map / Logic Simplification (2) (FLW-8000)
Information: Time: 2025-06-18 11:04:55 / Session:  00:00:57 / Command:  00:00:05 / CPU:  00:00:06 / Memory: 1346 MB (FLW-8100)
Information: CPU Load: 20%, Ram Free: 38 GB, Swap Free: 1 GB, Work Disk Free: 308 GB, Tmp Disk Free: 308 GB (MSG-3995)
Information: Register Bits Before Sharing = 328, After Sharing = 328, Savings = 0 (SQM-2000)
Information: Starting compile_fusion / initial_map / Logic Simplification (2) / Constant Propagation and Register Optimization (FLW-8000)
Information: Time: 2025-06-18 11:04:55 / Session:  00:00:57 / Command:  00:00:05 / CPU:  00:00:07 / Memory: 1346 MB (FLW-8100)
Information: CPU Load: 20%, Ram Free: 38 GB, Swap Free: 1 GB, Work Disk Free: 308 GB, Tmp Disk Free: 308 GB (MSG-3995)
Information: Ending   compile_fusion / initial_map / Logic Simplification (2) / Constant Propagation and Register Optimization (FLW-8001)
Information: Time: 2025-06-18 11:04:55 / Session:  00:00:57 / Command:  00:00:05 / CPU:  00:00:07 / Memory: 1346 MB (FLW-8100)
Information: CPU Load: 20%, Ram Free: 38 GB, Swap Free: 1 GB, Work Disk Free: 308 GB, Tmp Disk Free: 308 GB (MSG-3995)
Information: Ending   compile_fusion / initial_map / Logic Simplification (2) (FLW-8001)
Information: Time: 2025-06-18 11:04:55 / Session:  00:00:57 / Command:  00:00:05 / CPU:  00:00:07 / Memory: 1346 MB (FLW-8100)
Information: CPU Load: 20%, Ram Free: 38 GB, Swap Free: 1 GB, Work Disk Free: 308 GB, Tmp Disk Free: 308 GB (MSG-3995)
Information: Result of compile_fusion / initial_map / Clock Gate Insertion (FLW-8500)
--------------------------------------------------------------------------------
|                             Clock Gating Options                             |
--------------------------------------------------------------------------------
|         Objects         |    Minimum Bitwidth     |      Maximum Fanout      |
--------------------------+-------------------------+---------------------------
|   top-level (design)    |          3 (d)          |      Unlimited (d)       |
--------------------------------------------------------------------------------

Number of Pre-Existing Clock Gates with dont touch attribute: 0
Number of ICG library cells with CTS purpose: 19
--------------------------------------------------------------------------------
                          Tool Gated Register Summary                           
--------------------------------------------------------------------------------
Clock Gating Type                   | Number of   | Register Count | Equivalent 
                                    | Clock Gates |                | Bitwidth   
--------------------------------------------------------------------------------
Regular Clock Gating                |          11 |            319 |        319
--------------------------------------------------------------------------------
--------------------------------------------------------------------------------
                 Regular Clock Gating Ungated Register Summary                  
--------------------------------------------------------------------------------
 Ungated Reason                                            | Count | Bitwidth   
--------------------------------------------------------------------------------
 Enable is Constant One.                                   |     2 |        2
 Partial Minimum Bitwidth Not Met.                         |     7 |        7
--------------------------------------------------------------------------------
Compile-fusion optimization summary            SETUP-COST    R2R-COST HOLD-COST LDRC-COST          AREA     LEAKAGE     INSTCNT            ELAPSE       MEM
Compile-fusion                                          -           -         -         -        904.56           -        1177              0.02      1345
Information: Ending   compile_fusion / initial_map (FLW-8001)
Information: Time: 2025-06-18 11:04:55 / Session:  00:00:57 / Command:  00:00:05 / CPU:  00:00:07 / Memory: 1346 MB (FLW-8100)
Information: CPU Load: 20%, Ram Free: 38 GB, Swap Free: 1 GB, Work Disk Free: 308 GB, Tmp Disk Free: 308 GB (MSG-3995)

Information: >>>>>>> 6 unique error and warning message tags while observing compile_fusion / initial_map: (MSG-3100)
Information: #prnt #trgr #lmt    Tag  Level     Format (or last printed message)                                (MSG-3036)
Information:    70     8  5 SQM-1079  WARNING   Warning: Skipping check for single_bit_degenerate attribute ... (MSG-3032)
Information:     2     1  1 SQM-1074  WARNING   Warning: Shift register Inferencing is enabled so only head ... (MSG-3032)
Information:     6    13  3 SQM-1067  WARNING   Warning: Mapping to scan cell 'SAEDRVT14_FSDPQ_V2LP_2' in li... (MSG-3032)
Information:   140    16 10 SQM-1061  WARNING   Warning: Cannot infer functionality of libcell 'saed14rvt_fr... (MSG-3032)
Information:    32     1 10 SQM-1053  WARNING   Warning: Found 8 multibit sequential library cells that have... (MSG-3032)
Information:     2     1  1 SQM-1034  WARNING   Warning: No cell bus will be mapped to multibit because mult... (MSG-3032)
Information:   252    40  6        6  <------   Total sum of messages (MSG-3038)
Information: >>>>>>> Summary: 40 error&warning MSGs observed during compile_fusion / initial_map (MSG-3103)

----------------------------------------------------------------------------------------------------------
Information: Starting compile_fusion / logic_opto (FLW-8000)
Information: Time: 2025-06-18 11:04:55 / Session:  00:00:57 / Command:  00:00:05 / CPU:  00:00:07 / Memory: 1346 MB (FLW-8100)
Information: CPU Load: 20%, Ram Free: 38 GB, Swap Free: 1 GB, Work Disk Free: 308 GB, Tmp Disk Free: 308 GB (MSG-3995)
----------------------------------------------------------------------------------------------------------
Information: Starting compile_fusion / logic_opto / Load Design (FLW-8000)
Information: Time: 2025-06-18 11:04:55 / Session:  00:00:57 / Command:  00:00:05 / CPU:  00:00:07 / Memory: 1346 MB (FLW-8100)
Information: CPU Load: 20%, Ram Free: 38 GB, Swap Free: 1 GB, Work Disk Free: 308 GB, Tmp Disk Free: 308 GB (MSG-3995)
Information: Initializing core and die (AFP-1001)
Information: Initializing rows (AFP-1003)
Information: Initializing tracks (AFP-1004)
Information: Generated core area = 1385.280029 (AFP-2021)
Information: Generated core boundary = { {5 5} {5 33.8} {53.1 33.8} {53.1 5} } (AFP-2022)
Information: Change threshold for extractor is reset. (FLW-1300)
Information: The stitching and editing of coupling caps is turned OFF for design 'dut_toplevel.dlib:dut_toplevel/auto_floorplan.design'. (TIM-125)
Information: Ending   compile_fusion / logic_opto / Load Design (FLW-8001)
Information: Time: 2025-06-18 11:04:56 / Session:  00:00:58 / Command:  00:00:05 / CPU:  00:00:09 / Memory: 1346 MB (FLW-8100)
Information: CPU Load: 20%, Ram Free: 38 GB, Swap Free: 1 GB, Work Disk Free: 308 GB, Tmp Disk Free: 308 GB (MSG-3995)
Information: Starting compile_fusion / logic_opto / Clock Gate Re-structuring (FLW-8000)
Information: Time: 2025-06-18 11:04:56 / Session:  00:00:58 / Command:  00:00:05 / CPU:  00:00:09 / Memory: 1346 MB (FLW-8100)
Information: CPU Load: 20%, Ram Free: 38 GB, Swap Free: 1 GB, Work Disk Free: 308 GB, Tmp Disk Free: 308 GB (MSG-3995)
Information: Result of compile_fusion / logic_opto / Clock Gate Re-structuring (FLW-8500)
Number of Pre-Existing Clock Gates with dont touch attribute: 0
Number of ICG library cells with CTS purpose: 19
--------------------------------------------------------------------------------
                          Tool Gated Register Summary                           
--------------------------------------------------------------------------------
Clock Gating Type                   | Number of   | Register Count | Equivalent 
                                    | Clock Gates |                | Bitwidth   
--------------------------------------------------------------------------------
Regular Clock Gating                |          11 |            319 |        319
--------------------------------------------------------------------------------
--------------------------------------------------------------------------------
                 Regular Clock Gating Ungated Register Summary                  
--------------------------------------------------------------------------------
 Ungated Reason                                            | Count | Bitwidth   
--------------------------------------------------------------------------------
 Enable is Constant One.                                   |     2 |        2
 Partial Minimum Bitwidth Not Met.                         |     7 |        7
--------------------------------------------------------------------------------
Information: Ending   compile_fusion / logic_opto / Clock Gate Re-structuring (FLW-8001)
Information: Time: 2025-06-18 11:04:56 / Session:  00:00:58 / Command:  00:00:05 / CPU:  00:00:09 / Memory: 1346 MB (FLW-8100)
Information: CPU Load: 20%, Ram Free: 38 GB, Swap Free: 1 GB, Work Disk Free: 308 GB, Tmp Disk Free: 308 GB (MSG-3995)
Warning: Duplicate callback function set for step 'fc/logic_opto/dwProcessPrecond1' (FLW-2224)
Warning: Duplicate callback function set for step 'fc/logic_opto/dwProcessPrecond1' (FLW-2224)
Information: Starting compile_fusion / logic_opto / Optimization (1) (FLW-8000)
Information: Time: 2025-06-18 11:04:56 / Session:  00:00:58 / Command:  00:00:05 / CPU:  00:00:09 / Memory: 1346 MB (FLW-8100)
Information: CPU Load: 20%, Ram Free: 38 GB, Swap Free: 1 GB, Work Disk Free: 308 GB, Tmp Disk Free: 308 GB (MSG-3995)
Information: The stitching and editing of coupling caps is turned OFF for design 'dut_toplevel.dlib:dut_toplevel/auto_floorplan.design'. (TIM-125)
Information: Starting compile_fusion / logic_opto / Optimization (1) / Logic Simplification and Register Optimization (FLW-8000)
Information: Time: 2025-06-18 11:04:57 / Session:  00:00:59 / Command:  00:00:07 / CPU:  00:00:11 / Memory: 1346 MB (FLW-8100)
Information: CPU Load: 20%, Ram Free: 38 GB, Swap Free: 1 GB, Work Disk Free: 308 GB, Tmp Disk Free: 308 GB (MSG-3995)
Warning: Cannot infer functionality of libcell 'saed14rvt_frame_timing/SAEDRVT14_FDNRBSBQ_V2_0P5' and will be excluded from sequential mapping. (SQM-1061)
Warning: Cannot infer functionality of libcell 'saed14rvt_frame_timing/SAEDRVT14_FDNRBSBQ_V2_1' and will be excluded from sequential mapping. (SQM-1061)
Warning: Cannot infer functionality of libcell 'saed14rvt_frame_timing/SAEDRVT14_FDNRBSBQ_V2_2' and will be excluded from sequential mapping. (SQM-1061)
Warning: Cannot infer functionality of libcell 'saed14rvt_frame_timing/SAEDRVT14_FDNRBSBQ_V2_4' and will be excluded from sequential mapping. (SQM-1061)
Warning: Cannot infer functionality of libcell 'saed14rvt_frame_timing/SAEDRVT14_FDPRBSBQ_V2_0P5' and will be excluded from sequential mapping. (SQM-1061)
Warning: Cannot infer functionality of libcell 'saed14rvt_frame_timing/SAEDRVT14_FDPRBSBQ_V2_1' and will be excluded from sequential mapping. (SQM-1061)
Warning: Cannot infer functionality of libcell 'saed14rvt_frame_timing/SAEDRVT14_FDPRBSBQ_V2_2' and will be excluded from sequential mapping. (SQM-1061)
Warning: Cannot infer functionality of libcell 'saed14rvt_frame_timing/SAEDRVT14_FDPRBSBQ_V2_4' and will be excluded from sequential mapping. (SQM-1061)
Warning: Mapping to scan cell 'SAEDRVT14_FSDPQB_V2LP_1' in library is not possible because cell has 'dont_use' attribute. (SQM-1067)
Warning: Mapping to scan cell 'SAEDRVT14_FSDPQ_V2LP_1' in library is not possible because cell has 'dont_use' attribute. (SQM-1067)
Warning: Mapping to scan cell 'SAEDRVT14_FSDPQ_V2LP_2' in library is not possible because cell has 'dont_use' attribute. (SQM-1067)
Warning: Cannot infer functionality of libcell 'saed14rvt_frame_timing/SAEDRVT14_FSDPRBSBQ_V2LP_0P5' and will be excluded from sequential mapping. (SQM-1061)
Warning: Cannot infer functionality of libcell 'saed14rvt_frame_timing/SAEDRVT14_FSDPRBSBQ_V2LP_2' and will be excluded from sequential mapping. (SQM-1061)
Warning: Skipping check for single_bit_degenerate attribute on the multibit libcell 'saed14rvt_frame_timing/SAEDRVT14_FSDN2_V2_0P5' since it is not a black-box. (SQM-1079)
Information: No single-bit representative was found for multibit lib cell 'saed14rvt_frame_timing/SAEDRVT14_FSDN2_V2_0P5'. (SQM-2004)
Warning: Skipping check for single_bit_degenerate attribute on the multibit libcell 'saed14rvt_frame_timing/SAEDRVT14_FSDN2_V2_1' since it is not a black-box. (SQM-1079)
Information: No single-bit representative was found for multibit lib cell 'saed14rvt_frame_timing/SAEDRVT14_FSDN2_V2_1'. (SQM-2004)
Warning: Skipping check for single_bit_degenerate attribute on the multibit libcell 'saed14rvt_frame_timing/SAEDRVT14_FSDN2_V2_2' since it is not a black-box. (SQM-1079)
Information: No single-bit representative was found for multibit lib cell 'saed14rvt_frame_timing/SAEDRVT14_FSDN2_V2_2'. (SQM-2004)
Warning: Skipping check for single_bit_degenerate attribute on the multibit libcell 'saed14rvt_frame_timing/SAEDRVT14_FSDN2_V2_4' since it is not a black-box. (SQM-1079)
Information: No single-bit representative was found for multibit lib cell 'saed14rvt_frame_timing/SAEDRVT14_FSDN2_V2_4'. (SQM-2004)
Warning: Skipping check for single_bit_degenerate attribute on the multibit libcell 'saed14rvt_frame_timing/SAEDRVT14_FSDN4_V2_0P5' since it is not a black-box. (SQM-1079)
Information: No single-bit representative was found for multibit lib cell 'saed14rvt_frame_timing/SAEDRVT14_FSDN4_V2_0P5'. (SQM-2004)
Information: No single-bit representative was found for multibit lib cell 'saed14rvt_frame_timing/SAEDRVT14_FSDN4_V2_1'. (SQM-2004)
Information: No single-bit representative was found for multibit lib cell 'saed14rvt_frame_timing/SAEDRVT14_FSDN4_V2_2'. (SQM-2004)
Information: No single-bit representative was found for multibit lib cell 'saed14rvt_frame_timing/SAEDRVT14_FSDN4_V2_4'. (SQM-2004)
Warning: Found 8 multibit sequential library cells that have missing/added attributes or have restrictions that prevent them from banking. (SQM-1053)
Information: 6 out of 16 SQM-1061 messages were not printed due to limit 10 (after 'compile_fusion' at task1af.tcl:81) (MSG-3913)
Information: 10 out of 13 SQM-1067 messages were not printed due to limit 3 (after 'compile_fusion' at task1af.tcl:81) (MSG-3913)
Information: 3 out of 8 SQM-1079 messages were not printed due to limit 5 (after 'compile_fusion' at task1af.tcl:81) (MSG-3913)
Information: Ending   compile_fusion / logic_opto / Optimization (1) / Logic Simplification and Register Optimization (FLW-8001)
Information: Time: 2025-06-18 11:04:57 / Session:  00:00:59 / Command:  00:00:07 / CPU:  00:00:11 / Memory: 1346 MB (FLW-8100)
Information: CPU Load: 20%, Ram Free: 38 GB, Swap Free: 1 GB, Work Disk Free: 308 GB, Tmp Disk Free: 308 GB (MSG-3995)
Warning: No clock routing rules were specified. Use set_clock_routing_rules to specify routing rules for accurate clock latency estimation. (OPT-902)
Warning: No clock routing rules were specified. Use set_clock_routing_rules to specify routing rules for accurate clock latency estimation. (OPT-902)
Information: Estimating clock gate latencies for scenario 'PowerSave_Slow'. (OPT-909)
Warning: No clock routing rules were specified. Use set_clock_routing_rules to specify routing rules for accurate clock latency estimation. (OPT-902)
Information: Estimating clock gate latencies for scenario 'Normal_Slow'. (OPT-909)
Warning: Cannot infer functionality of libcell 'saed14rvt_frame_timing/SAEDRVT14_FDNRBSBQ_V2_0P5' and will be excluded from sequential mapping. (SQM-1061)
Warning: Cannot infer functionality of libcell 'saed14rvt_frame_timing/SAEDRVT14_FDNRBSBQ_V2_1' and will be excluded from sequential mapping. (SQM-1061)
Warning: Cannot infer functionality of libcell 'saed14rvt_frame_timing/SAEDRVT14_FDNRBSBQ_V2_2' and will be excluded from sequential mapping. (SQM-1061)
Warning: Cannot infer functionality of libcell 'saed14rvt_frame_timing/SAEDRVT14_FDNRBSBQ_V2_4' and will be excluded from sequential mapping. (SQM-1061)
Warning: Cannot infer functionality of libcell 'saed14rvt_frame_timing/SAEDRVT14_FDPRBSBQ_V2_0P5' and will be excluded from sequential mapping. (SQM-1061)
Warning: Cannot infer functionality of libcell 'saed14rvt_frame_timing/SAEDRVT14_FDPRBSBQ_V2_1' and will be excluded from sequential mapping. (SQM-1061)
Warning: Cannot infer functionality of libcell 'saed14rvt_frame_timing/SAEDRVT14_FDPRBSBQ_V2_2' and will be excluded from sequential mapping. (SQM-1061)
Warning: Cannot infer functionality of libcell 'saed14rvt_frame_timing/SAEDRVT14_FDPRBSBQ_V2_4' and will be excluded from sequential mapping. (SQM-1061)
Warning: Mapping to scan cell 'SAEDRVT14_FSDPQB_V2LP_1' in library is not possible because cell has 'dont_use' attribute. (SQM-1067)
Warning: Mapping to scan cell 'SAEDRVT14_FSDPQ_V2LP_1' in library is not possible because cell has 'dont_use' attribute. (SQM-1067)
Warning: Mapping to scan cell 'SAEDRVT14_FSDPQ_V2LP_2' in library is not possible because cell has 'dont_use' attribute. (SQM-1067)
Warning: Cannot infer functionality of libcell 'saed14rvt_frame_timing/SAEDRVT14_FSDPRBSBQ_V2LP_0P5' and will be excluded from sequential mapping. (SQM-1061)
Warning: Cannot infer functionality of libcell 'saed14rvt_frame_timing/SAEDRVT14_FSDPRBSBQ_V2LP_2' and will be excluded from sequential mapping. (SQM-1061)
Warning: Skipping check for single_bit_degenerate attribute on the multibit libcell 'saed14rvt_frame_timing/SAEDRVT14_FSDN2_V2_0P5' since it is not a black-box. (SQM-1079)
Information: No single-bit representative was found for multibit lib cell 'saed14rvt_frame_timing/SAEDRVT14_FSDN2_V2_0P5'. (SQM-2004)
Warning: Skipping check for single_bit_degenerate attribute on the multibit libcell 'saed14rvt_frame_timing/SAEDRVT14_FSDN2_V2_1' since it is not a black-box. (SQM-1079)
Information: No single-bit representative was found for multibit lib cell 'saed14rvt_frame_timing/SAEDRVT14_FSDN2_V2_1'. (SQM-2004)
Warning: Skipping check for single_bit_degenerate attribute on the multibit libcell 'saed14rvt_frame_timing/SAEDRVT14_FSDN2_V2_2' since it is not a black-box. (SQM-1079)
Information: No single-bit representative was found for multibit lib cell 'saed14rvt_frame_timing/SAEDRVT14_FSDN2_V2_2'. (SQM-2004)
Warning: Skipping check for single_bit_degenerate attribute on the multibit libcell 'saed14rvt_frame_timing/SAEDRVT14_FSDN2_V2_4' since it is not a black-box. (SQM-1079)
Information: No single-bit representative was found for multibit lib cell 'saed14rvt_frame_timing/SAEDRVT14_FSDN2_V2_4'. (SQM-2004)
Warning: Skipping check for single_bit_degenerate attribute on the multibit libcell 'saed14rvt_frame_timing/SAEDRVT14_FSDN4_V2_0P5' since it is not a black-box. (SQM-1079)
Information: No single-bit representative was found for multibit lib cell 'saed14rvt_frame_timing/SAEDRVT14_FSDN4_V2_0P5'. (SQM-2004)
Information: No single-bit representative was found for multibit lib cell 'saed14rvt_frame_timing/SAEDRVT14_FSDN4_V2_1'. (SQM-2004)
Information: No single-bit representative was found for multibit lib cell 'saed14rvt_frame_timing/SAEDRVT14_FSDN4_V2_2'. (SQM-2004)
Information: No single-bit representative was found for multibit lib cell 'saed14rvt_frame_timing/SAEDRVT14_FSDN4_V2_4'. (SQM-2004)
Warning: Found 8 multibit sequential library cells that have missing/added attributes or have restrictions that prevent them from banking. (SQM-1053)
Information: 6 out of 16 SQM-1061 messages were not printed due to limit 10 (after 'compile_fusion' at task1af.tcl:81) (MSG-3913)
Information: 10 out of 13 SQM-1067 messages were not printed due to limit 3 (after 'compile_fusion' at task1af.tcl:81) (MSG-3913)
Information: 3 out of 8 SQM-1079 messages were not printed due to limit 5 (after 'compile_fusion' at task1af.tcl:81) (MSG-3913)
Information: Starting compile_fusion / logic_opto / Optimization (1) / Timing Optimization and DesignWare Reselection (FLW-8000)
Information: Time: 2025-06-18 11:04:59 / Session:  00:01:01 / Command:  00:00:08 / CPU:  00:00:14 / Memory: 1346 MB (FLW-8100)
Information: CPU Load: 20%, Ram Free: 38 GB, Swap Free: 1 GB, Work Disk Free: 308 GB, Tmp Disk Free: 308 GB (MSG-3995)
Warning: Cannot infer functionality of libcell 'saed14rvt_frame_timing/SAEDRVT14_FDNRBSBQ_V2_0P5' and will be excluded from sequential mapping. (SQM-1061)
Warning: Cannot infer functionality of libcell 'saed14rvt_frame_timing/SAEDRVT14_FDNRBSBQ_V2_1' and will be excluded from sequential mapping. (SQM-1061)
Warning: Cannot infer functionality of libcell 'saed14rvt_frame_timing/SAEDRVT14_FDNRBSBQ_V2_2' and will be excluded from sequential mapping. (SQM-1061)
Warning: Cannot infer functionality of libcell 'saed14rvt_frame_timing/SAEDRVT14_FDNRBSBQ_V2_4' and will be excluded from sequential mapping. (SQM-1061)
Warning: Cannot infer functionality of libcell 'saed14rvt_frame_timing/SAEDRVT14_FDPRBSBQ_V2_0P5' and will be excluded from sequential mapping. (SQM-1061)
Warning: Cannot infer functionality of libcell 'saed14rvt_frame_timing/SAEDRVT14_FDPRBSBQ_V2_1' and will be excluded from sequential mapping. (SQM-1061)
Warning: Cannot infer functionality of libcell 'saed14rvt_frame_timing/SAEDRVT14_FDPRBSBQ_V2_2' and will be excluded from sequential mapping. (SQM-1061)
Warning: Cannot infer functionality of libcell 'saed14rvt_frame_timing/SAEDRVT14_FDPRBSBQ_V2_4' and will be excluded from sequential mapping. (SQM-1061)
Warning: Mapping to scan cell 'SAEDRVT14_FSDPQB_V2LP_1' in library is not possible because cell has 'dont_use' attribute. (SQM-1067)
Warning: Mapping to scan cell 'SAEDRVT14_FSDPQ_V2LP_1' in library is not possible because cell has 'dont_use' attribute. (SQM-1067)
Warning: Mapping to scan cell 'SAEDRVT14_FSDPQ_V2LP_2' in library is not possible because cell has 'dont_use' attribute. (SQM-1067)
Warning: Cannot infer functionality of libcell 'saed14rvt_frame_timing/SAEDRVT14_FSDPRBSBQ_V2LP_0P5' and will be excluded from sequential mapping. (SQM-1061)
Warning: Cannot infer functionality of libcell 'saed14rvt_frame_timing/SAEDRVT14_FSDPRBSBQ_V2LP_2' and will be excluded from sequential mapping. (SQM-1061)
Warning: Skipping check for single_bit_degenerate attribute on the multibit libcell 'saed14rvt_frame_timing/SAEDRVT14_FSDN2_V2_0P5' since it is not a black-box. (SQM-1079)
Information: No single-bit representative was found for multibit lib cell 'saed14rvt_frame_timing/SAEDRVT14_FSDN2_V2_0P5'. (SQM-2004)
Warning: Skipping check for single_bit_degenerate attribute on the multibit libcell 'saed14rvt_frame_timing/SAEDRVT14_FSDN2_V2_1' since it is not a black-box. (SQM-1079)
Information: No single-bit representative was found for multibit lib cell 'saed14rvt_frame_timing/SAEDRVT14_FSDN2_V2_1'. (SQM-2004)
Warning: Skipping check for single_bit_degenerate attribute on the multibit libcell 'saed14rvt_frame_timing/SAEDRVT14_FSDN2_V2_2' since it is not a black-box. (SQM-1079)
Information: No single-bit representative was found for multibit lib cell 'saed14rvt_frame_timing/SAEDRVT14_FSDN2_V2_2'. (SQM-2004)
Warning: Skipping check for single_bit_degenerate attribute on the multibit libcell 'saed14rvt_frame_timing/SAEDRVT14_FSDN2_V2_4' since it is not a black-box. (SQM-1079)
Information: No single-bit representative was found for multibit lib cell 'saed14rvt_frame_timing/SAEDRVT14_FSDN2_V2_4'. (SQM-2004)
Warning: Skipping check for single_bit_degenerate attribute on the multibit libcell 'saed14rvt_frame_timing/SAEDRVT14_FSDN4_V2_0P5' since it is not a black-box. (SQM-1079)
Information: No single-bit representative was found for multibit lib cell 'saed14rvt_frame_timing/SAEDRVT14_FSDN4_V2_0P5'. (SQM-2004)
Information: No single-bit representative was found for multibit lib cell 'saed14rvt_frame_timing/SAEDRVT14_FSDN4_V2_1'. (SQM-2004)
Information: No single-bit representative was found for multibit lib cell 'saed14rvt_frame_timing/SAEDRVT14_FSDN4_V2_2'. (SQM-2004)
Information: No single-bit representative was found for multibit lib cell 'saed14rvt_frame_timing/SAEDRVT14_FSDN4_V2_4'. (SQM-2004)
Warning: Found 8 multibit sequential library cells that have missing/added attributes or have restrictions that prevent them from banking. (SQM-1053)
Information: No single-bit representative was found for multibit lib cell 'saed14rvt_frame_timing/SAEDRVT14_FSDN2_V2_0P5'. (SQM-2004)
Information: No single-bit representative was found for multibit lib cell 'saed14rvt_frame_timing/SAEDRVT14_FSDN2_V2_1'. (SQM-2004)
Warning: Found 8 multibit sequential library cells that have missing/added attributes or have restrictions that prevent them from banking. (SQM-1053)
Warning: Found 8 multibit sequential library cells that have missing/added attributes or have restrictions that prevent them from banking. (SQM-1053)
Warning: Found 8 multibit sequential library cells that have missing/added attributes or have restrictions that prevent them from banking. (SQM-1053)
Warning: Found 8 multibit sequential library cells that have missing/added attributes or have restrictions that prevent them from banking. (SQM-1053)
Warning: Found 8 multibit sequential library cells that have missing/added attributes or have restrictions that prevent them from banking. (SQM-1053)
Warning: Found 8 multibit sequential library cells that have missing/added attributes or have restrictions that prevent them from banking. (SQM-1053)
Warning: Found 8 multibit sequential library cells that have missing/added attributes or have restrictions that prevent them from banking. (SQM-1053)
Warning: Found 8 multibit sequential library cells that have missing/added attributes or have restrictions that prevent them from banking. (SQM-1053)
Warning: Found 8 multibit sequential library cells that have missing/added attributes or have restrictions that prevent them from banking. (SQM-1053)
Information: 2 out of 12 SQM-1053 messages were not printed due to limit 10 (after 'compile_fusion' at task1af.tcl:81) (MSG-3913)
Information: 182 out of 192 SQM-1061 messages were not printed due to limit 10 (after 'compile_fusion' at task1af.tcl:81) (MSG-3913)
Information: 153 out of 156 SQM-1067 messages were not printed due to limit 3 (after 'compile_fusion' at task1af.tcl:81) (MSG-3913)
Information: 91 out of 96 SQM-1079 messages were not printed due to limit 5 (after 'compile_fusion' at task1af.tcl:81) (MSG-3913)
Information: 86 out of 96 SQM-2004 messages were not printed due to limit 10 (after 'compile_fusion' at task1af.tcl:81) (MSG-3913)
Information: Ending   compile_fusion / logic_opto / Optimization (1) / Timing Optimization and DesignWare Reselection (FLW-8001)
Information: Time: 2025-06-18 11:05:00 / Session:  00:01:02 / Command:  00:00:10 / CPU:  00:00:16 / Memory: 1410 MB (FLW-8100)
Information: CPU Load: 19%, Ram Free: 38 GB, Swap Free: 1 GB, Work Disk Free: 308 GB, Tmp Disk Free: 308 GB (MSG-3995)
Information: Ending   compile_fusion / logic_opto / Optimization (1) (FLW-8001)
Information: Time: 2025-06-18 11:05:00 / Session:  00:01:02 / Command:  00:00:10 / CPU:  00:00:16 / Memory: 1410 MB (FLW-8100)
Information: CPU Load: 19%, Ram Free: 38 GB, Swap Free: 1 GB, Work Disk Free: 308 GB, Tmp Disk Free: 308 GB (MSG-3995)
Information: Starting compile_fusion / logic_opto / Register Retiming (FLW-8000)
Information: Time: 2025-06-18 11:05:00 / Session:  00:01:02 / Command:  00:00:10 / CPU:  00:00:16 / Memory: 1410 MB (FLW-8100)
Information: CPU Load: 19%, Ram Free: 38 GB, Swap Free: 1 GB, Work Disk Free: 308 GB, Tmp Disk Free: 308 GB (MSG-3995)
Warning: Cannot infer functionality of libcell 'saed14rvt_frame_timing/SAEDRVT14_FDNRBSBQ_V2_0P5' and will be excluded from sequential mapping. (SQM-1061)
Warning: Cannot infer functionality of libcell 'saed14rvt_frame_timing/SAEDRVT14_FDNRBSBQ_V2_1' and will be excluded from sequential mapping. (SQM-1061)
Warning: Cannot infer functionality of libcell 'saed14rvt_frame_timing/SAEDRVT14_FDNRBSBQ_V2_2' and will be excluded from sequential mapping. (SQM-1061)
Warning: Cannot infer functionality of libcell 'saed14rvt_frame_timing/SAEDRVT14_FDNRBSBQ_V2_4' and will be excluded from sequential mapping. (SQM-1061)
Warning: Cannot infer functionality of libcell 'saed14rvt_frame_timing/SAEDRVT14_FDPRBSBQ_V2_0P5' and will be excluded from sequential mapping. (SQM-1061)
Warning: Cannot infer functionality of libcell 'saed14rvt_frame_timing/SAEDRVT14_FDPRBSBQ_V2_1' and will be excluded from sequential mapping. (SQM-1061)
Warning: Cannot infer functionality of libcell 'saed14rvt_frame_timing/SAEDRVT14_FDPRBSBQ_V2_2' and will be excluded from sequential mapping. (SQM-1061)
Warning: Cannot infer functionality of libcell 'saed14rvt_frame_timing/SAEDRVT14_FDPRBSBQ_V2_4' and will be excluded from sequential mapping. (SQM-1061)
Warning: Mapping to scan cell 'SAEDRVT14_FSDPQB_V2LP_1' in library is not possible because cell has 'dont_use' attribute. (SQM-1067)
Warning: Mapping to scan cell 'SAEDRVT14_FSDPQ_V2LP_1' in library is not possible because cell has 'dont_use' attribute. (SQM-1067)
Warning: Mapping to scan cell 'SAEDRVT14_FSDPQ_V2LP_2' in library is not possible because cell has 'dont_use' attribute. (SQM-1067)
Warning: Cannot infer functionality of libcell 'saed14rvt_frame_timing/SAEDRVT14_FSDPRBSBQ_V2LP_0P5' and will be excluded from sequential mapping. (SQM-1061)
Warning: Cannot infer functionality of libcell 'saed14rvt_frame_timing/SAEDRVT14_FSDPRBSBQ_V2LP_2' and will be excluded from sequential mapping. (SQM-1061)
Warning: Skipping check for single_bit_degenerate attribute on the multibit libcell 'saed14rvt_frame_timing/SAEDRVT14_FSDN2_V2_0P5' since it is not a black-box. (SQM-1079)
Information: No single-bit representative was found for multibit lib cell 'saed14rvt_frame_timing/SAEDRVT14_FSDN2_V2_0P5'. (SQM-2004)
Warning: Skipping check for single_bit_degenerate attribute on the multibit libcell 'saed14rvt_frame_timing/SAEDRVT14_FSDN2_V2_1' since it is not a black-box. (SQM-1079)
Information: No single-bit representative was found for multibit lib cell 'saed14rvt_frame_timing/SAEDRVT14_FSDN2_V2_1'. (SQM-2004)
Warning: Skipping check for single_bit_degenerate attribute on the multibit libcell 'saed14rvt_frame_timing/SAEDRVT14_FSDN2_V2_2' since it is not a black-box. (SQM-1079)
Information: No single-bit representative was found for multibit lib cell 'saed14rvt_frame_timing/SAEDRVT14_FSDN2_V2_2'. (SQM-2004)
Warning: Skipping check for single_bit_degenerate attribute on the multibit libcell 'saed14rvt_frame_timing/SAEDRVT14_FSDN2_V2_4' since it is not a black-box. (SQM-1079)
Information: No single-bit representative was found for multibit lib cell 'saed14rvt_frame_timing/SAEDRVT14_FSDN2_V2_4'. (SQM-2004)
Warning: Skipping check for single_bit_degenerate attribute on the multibit libcell 'saed14rvt_frame_timing/SAEDRVT14_FSDN4_V2_0P5' since it is not a black-box. (SQM-1079)
Information: No single-bit representative was found for multibit lib cell 'saed14rvt_frame_timing/SAEDRVT14_FSDN4_V2_0P5'. (SQM-2004)
Information: No single-bit representative was found for multibit lib cell 'saed14rvt_frame_timing/SAEDRVT14_FSDN4_V2_1'. (SQM-2004)
Information: No single-bit representative was found for multibit lib cell 'saed14rvt_frame_timing/SAEDRVT14_FSDN4_V2_2'. (SQM-2004)
Information: No single-bit representative was found for multibit lib cell 'saed14rvt_frame_timing/SAEDRVT14_FSDN4_V2_4'. (SQM-2004)
Warning: Found 8 multibit sequential library cells that have missing/added attributes or have restrictions that prevent them from banking. (SQM-1053)
Information: 6 out of 16 SQM-1061 messages were not printed due to limit 10 (after 'compile_fusion' at task1af.tcl:81) (MSG-3913)
Information: 10 out of 13 SQM-1067 messages were not printed due to limit 3 (after 'compile_fusion' at task1af.tcl:81) (MSG-3913)
Information: 3 out of 8 SQM-1079 messages were not printed due to limit 5 (after 'compile_fusion' at task1af.tcl:81) (MSG-3913)
Warning: Cannot infer functionality of libcell 'saed14rvt_frame_timing/SAEDRVT14_FDNRBSBQ_V2_0P5' and will be excluded from sequential mapping. (SQM-1061)
Warning: Cannot infer functionality of libcell 'saed14rvt_frame_timing/SAEDRVT14_FDNRBSBQ_V2_1' and will be excluded from sequential mapping. (SQM-1061)
Warning: Cannot infer functionality of libcell 'saed14rvt_frame_timing/SAEDRVT14_FDNRBSBQ_V2_2' and will be excluded from sequential mapping. (SQM-1061)
Warning: Cannot infer functionality of libcell 'saed14rvt_frame_timing/SAEDRVT14_FDNRBSBQ_V2_4' and will be excluded from sequential mapping. (SQM-1061)
Warning: Cannot infer functionality of libcell 'saed14rvt_frame_timing/SAEDRVT14_FDPRBSBQ_V2_0P5' and will be excluded from sequential mapping. (SQM-1061)
Warning: Cannot infer functionality of libcell 'saed14rvt_frame_timing/SAEDRVT14_FDPRBSBQ_V2_1' and will be excluded from sequential mapping. (SQM-1061)
Warning: Cannot infer functionality of libcell 'saed14rvt_frame_timing/SAEDRVT14_FDPRBSBQ_V2_2' and will be excluded from sequential mapping. (SQM-1061)
Warning: Cannot infer functionality of libcell 'saed14rvt_frame_timing/SAEDRVT14_FDPRBSBQ_V2_4' and will be excluded from sequential mapping. (SQM-1061)
Warning: Mapping to scan cell 'SAEDRVT14_FSDPQB_V2LP_1' in library is not possible because cell has 'dont_use' attribute. (SQM-1067)
Warning: Mapping to scan cell 'SAEDRVT14_FSDPQ_V2LP_1' in library is not possible because cell has 'dont_use' attribute. (SQM-1067)
Warning: Mapping to scan cell 'SAEDRVT14_FSDPQ_V2LP_2' in library is not possible because cell has 'dont_use' attribute. (SQM-1067)
Warning: Cannot infer functionality of libcell 'saed14rvt_frame_timing/SAEDRVT14_FSDPRBSBQ_V2LP_0P5' and will be excluded from sequential mapping. (SQM-1061)
Warning: Cannot infer functionality of libcell 'saed14rvt_frame_timing/SAEDRVT14_FSDPRBSBQ_V2LP_2' and will be excluded from sequential mapping. (SQM-1061)
Warning: Skipping check for single_bit_degenerate attribute on the multibit libcell 'saed14rvt_frame_timing/SAEDRVT14_FSDN2_V2_0P5' since it is not a black-box. (SQM-1079)
Information: No single-bit representative was found for multibit lib cell 'saed14rvt_frame_timing/SAEDRVT14_FSDN2_V2_0P5'. (SQM-2004)
Warning: Skipping check for single_bit_degenerate attribute on the multibit libcell 'saed14rvt_frame_timing/SAEDRVT14_FSDN2_V2_1' since it is not a black-box. (SQM-1079)
Information: No single-bit representative was found for multibit lib cell 'saed14rvt_frame_timing/SAEDRVT14_FSDN2_V2_1'. (SQM-2004)
Warning: Skipping check for single_bit_degenerate attribute on the multibit libcell 'saed14rvt_frame_timing/SAEDRVT14_FSDN2_V2_2' since it is not a black-box. (SQM-1079)
Information: No single-bit representative was found for multibit lib cell 'saed14rvt_frame_timing/SAEDRVT14_FSDN2_V2_2'. (SQM-2004)
Warning: Skipping check for single_bit_degenerate attribute on the multibit libcell 'saed14rvt_frame_timing/SAEDRVT14_FSDN2_V2_4' since it is not a black-box. (SQM-1079)
Information: No single-bit representative was found for multibit lib cell 'saed14rvt_frame_timing/SAEDRVT14_FSDN2_V2_4'. (SQM-2004)
Warning: Skipping check for single_bit_degenerate attribute on the multibit libcell 'saed14rvt_frame_timing/SAEDRVT14_FSDN4_V2_0P5' since it is not a black-box. (SQM-1079)
Information: No single-bit representative was found for multibit lib cell 'saed14rvt_frame_timing/SAEDRVT14_FSDN4_V2_0P5'. (SQM-2004)
Information: No single-bit representative was found for multibit lib cell 'saed14rvt_frame_timing/SAEDRVT14_FSDN4_V2_1'. (SQM-2004)
Information: No single-bit representative was found for multibit lib cell 'saed14rvt_frame_timing/SAEDRVT14_FSDN4_V2_2'. (SQM-2004)
Information: No single-bit representative was found for multibit lib cell 'saed14rvt_frame_timing/SAEDRVT14_FSDN4_V2_4'. (SQM-2004)
Warning: Found 8 multibit sequential library cells that have missing/added attributes or have restrictions that prevent them from banking. (SQM-1053)
Information: 6 out of 16 SQM-1061 messages were not printed due to limit 10 (after 'compile_fusion' at task1af.tcl:81) (MSG-3913)
Information: 10 out of 13 SQM-1067 messages were not printed due to limit 3 (after 'compile_fusion' at task1af.tcl:81) (MSG-3913)
Information: 3 out of 8 SQM-1079 messages were not printed due to limit 5 (after 'compile_fusion' at task1af.tcl:81) (MSG-3913)
Warning: Cannot infer functionality of libcell 'saed14rvt_frame_timing/SAEDRVT14_FDNRBSBQ_V2_0P5' and will be excluded from sequential mapping. (SQM-1061)
Warning: Cannot infer functionality of libcell 'saed14rvt_frame_timing/SAEDRVT14_FDNRBSBQ_V2_1' and will be excluded from sequential mapping. (SQM-1061)
Warning: Cannot infer functionality of libcell 'saed14rvt_frame_timing/SAEDRVT14_FDNRBSBQ_V2_2' and will be excluded from sequential mapping. (SQM-1061)
Warning: Cannot infer functionality of libcell 'saed14rvt_frame_timing/SAEDRVT14_FDNRBSBQ_V2_4' and will be excluded from sequential mapping. (SQM-1061)
Warning: Cannot infer functionality of libcell 'saed14rvt_frame_timing/SAEDRVT14_FDPRBSBQ_V2_0P5' and will be excluded from sequential mapping. (SQM-1061)
Warning: Cannot infer functionality of libcell 'saed14rvt_frame_timing/SAEDRVT14_FDPRBSBQ_V2_1' and will be excluded from sequential mapping. (SQM-1061)
Warning: Cannot infer functionality of libcell 'saed14rvt_frame_timing/SAEDRVT14_FDPRBSBQ_V2_2' and will be excluded from sequential mapping. (SQM-1061)
Warning: Cannot infer functionality of libcell 'saed14rvt_frame_timing/SAEDRVT14_FDPRBSBQ_V2_4' and will be excluded from sequential mapping. (SQM-1061)
Warning: Mapping to scan cell 'SAEDRVT14_FSDPQB_V2LP_1' in library is not possible because cell has 'dont_use' attribute. (SQM-1067)
Warning: Mapping to scan cell 'SAEDRVT14_FSDPQ_V2LP_1' in library is not possible because cell has 'dont_use' attribute. (SQM-1067)
Warning: Mapping to scan cell 'SAEDRVT14_FSDPQ_V2LP_2' in library is not possible because cell has 'dont_use' attribute. (SQM-1067)
Warning: Cannot infer functionality of libcell 'saed14rvt_frame_timing/SAEDRVT14_FSDPRBSBQ_V2LP_0P5' and will be excluded from sequential mapping. (SQM-1061)
Warning: Cannot infer functionality of libcell 'saed14rvt_frame_timing/SAEDRVT14_FSDPRBSBQ_V2LP_2' and will be excluded from sequential mapping. (SQM-1061)
Warning: Skipping check for single_bit_degenerate attribute on the multibit libcell 'saed14rvt_frame_timing/SAEDRVT14_FSDN2_V2_0P5' since it is not a black-box. (SQM-1079)
Information: No single-bit representative was found for multibit lib cell 'saed14rvt_frame_timing/SAEDRVT14_FSDN2_V2_0P5'. (SQM-2004)
Warning: Skipping check for single_bit_degenerate attribute on the multibit libcell 'saed14rvt_frame_timing/SAEDRVT14_FSDN2_V2_1' since it is not a black-box. (SQM-1079)
Information: No single-bit representative was found for multibit lib cell 'saed14rvt_frame_timing/SAEDRVT14_FSDN2_V2_1'. (SQM-2004)
Warning: Skipping check for single_bit_degenerate attribute on the multibit libcell 'saed14rvt_frame_timing/SAEDRVT14_FSDN2_V2_2' since it is not a black-box. (SQM-1079)
Information: No single-bit representative was found for multibit lib cell 'saed14rvt_frame_timing/SAEDRVT14_FSDN2_V2_2'. (SQM-2004)
Warning: Skipping check for single_bit_degenerate attribute on the multibit libcell 'saed14rvt_frame_timing/SAEDRVT14_FSDN2_V2_4' since it is not a black-box. (SQM-1079)
Information: No single-bit representative was found for multibit lib cell 'saed14rvt_frame_timing/SAEDRVT14_FSDN2_V2_4'. (SQM-2004)
Warning: Skipping check for single_bit_degenerate attribute on the multibit libcell 'saed14rvt_frame_timing/SAEDRVT14_FSDN4_V2_0P5' since it is not a black-box. (SQM-1079)
Information: No single-bit representative was found for multibit lib cell 'saed14rvt_frame_timing/SAEDRVT14_FSDN4_V2_0P5'. (SQM-2004)
Information: No single-bit representative was found for multibit lib cell 'saed14rvt_frame_timing/SAEDRVT14_FSDN4_V2_1'. (SQM-2004)
Information: No single-bit representative was found for multibit lib cell 'saed14rvt_frame_timing/SAEDRVT14_FSDN4_V2_2'. (SQM-2004)
Information: No single-bit representative was found for multibit lib cell 'saed14rvt_frame_timing/SAEDRVT14_FSDN4_V2_4'. (SQM-2004)
Warning: Found 8 multibit sequential library cells that have missing/added attributes or have restrictions that prevent them from banking. (SQM-1053)
Information: Result of compile_fusion / logic_opto / Register Retiming (FLW-8500)
Information: No instance marked for retiming. (RTM-1031)
Information: 6 out of 16 SQM-1061 messages were not printed due to limit 10 (after 'compile_fusion' at task1af.tcl:81) (MSG-3913)
Information: 10 out of 13 SQM-1067 messages were not printed due to limit 3 (after 'compile_fusion' at task1af.tcl:81) (MSG-3913)
Information: 3 out of 8 SQM-1079 messages were not printed due to limit 5 (after 'compile_fusion' at task1af.tcl:81) (MSG-3913)
Warning: Cannot infer functionality of libcell 'saed14rvt_frame_timing/SAEDRVT14_FDNRBSBQ_V2_0P5' and will be excluded from sequential mapping. (SQM-1061)
Warning: Cannot infer functionality of libcell 'saed14rvt_frame_timing/SAEDRVT14_FDNRBSBQ_V2_1' and will be excluded from sequential mapping. (SQM-1061)
Warning: Cannot infer functionality of libcell 'saed14rvt_frame_timing/SAEDRVT14_FDNRBSBQ_V2_2' and will be excluded from sequential mapping. (SQM-1061)
Warning: Cannot infer functionality of libcell 'saed14rvt_frame_timing/SAEDRVT14_FDNRBSBQ_V2_4' and will be excluded from sequential mapping. (SQM-1061)
Warning: Cannot infer functionality of libcell 'saed14rvt_frame_timing/SAEDRVT14_FDPRBSBQ_V2_0P5' and will be excluded from sequential mapping. (SQM-1061)
Warning: Cannot infer functionality of libcell 'saed14rvt_frame_timing/SAEDRVT14_FDPRBSBQ_V2_1' and will be excluded from sequential mapping. (SQM-1061)
Warning: Cannot infer functionality of libcell 'saed14rvt_frame_timing/SAEDRVT14_FDPRBSBQ_V2_2' and will be excluded from sequential mapping. (SQM-1061)
Warning: Cannot infer functionality of libcell 'saed14rvt_frame_timing/SAEDRVT14_FDPRBSBQ_V2_4' and will be excluded from sequential mapping. (SQM-1061)
Warning: Mapping to scan cell 'SAEDRVT14_FSDPQB_V2LP_1' in library is not possible because cell has 'dont_use' attribute. (SQM-1067)
Warning: Mapping to scan cell 'SAEDRVT14_FSDPQ_V2LP_1' in library is not possible because cell has 'dont_use' attribute. (SQM-1067)
Warning: Mapping to scan cell 'SAEDRVT14_FSDPQ_V2LP_2' in library is not possible because cell has 'dont_use' attribute. (SQM-1067)
Warning: Cannot infer functionality of libcell 'saed14rvt_frame_timing/SAEDRVT14_FSDPRBSBQ_V2LP_0P5' and will be excluded from sequential mapping. (SQM-1061)
Warning: Cannot infer functionality of libcell 'saed14rvt_frame_timing/SAEDRVT14_FSDPRBSBQ_V2LP_2' and will be excluded from sequential mapping. (SQM-1061)
Warning: Skipping check for single_bit_degenerate attribute on the multibit libcell 'saed14rvt_frame_timing/SAEDRVT14_FSDN2_V2_0P5' since it is not a black-box. (SQM-1079)
Information: No single-bit representative was found for multibit lib cell 'saed14rvt_frame_timing/SAEDRVT14_FSDN2_V2_0P5'. (SQM-2004)
Warning: Skipping check for single_bit_degenerate attribute on the multibit libcell 'saed14rvt_frame_timing/SAEDRVT14_FSDN2_V2_1' since it is not a black-box. (SQM-1079)
Information: No single-bit representative was found for multibit lib cell 'saed14rvt_frame_timing/SAEDRVT14_FSDN2_V2_1'. (SQM-2004)
Warning: Skipping check for single_bit_degenerate attribute on the multibit libcell 'saed14rvt_frame_timing/SAEDRVT14_FSDN2_V2_2' since it is not a black-box. (SQM-1079)
Information: No single-bit representative was found for multibit lib cell 'saed14rvt_frame_timing/SAEDRVT14_FSDN2_V2_2'. (SQM-2004)
Warning: Skipping check for single_bit_degenerate attribute on the multibit libcell 'saed14rvt_frame_timing/SAEDRVT14_FSDN2_V2_4' since it is not a black-box. (SQM-1079)
Information: No single-bit representative was found for multibit lib cell 'saed14rvt_frame_timing/SAEDRVT14_FSDN2_V2_4'. (SQM-2004)
Warning: Skipping check for single_bit_degenerate attribute on the multibit libcell 'saed14rvt_frame_timing/SAEDRVT14_FSDN4_V2_0P5' since it is not a black-box. (SQM-1079)
Information: No single-bit representative was found for multibit lib cell 'saed14rvt_frame_timing/SAEDRVT14_FSDN4_V2_0P5'. (SQM-2004)
Information: No single-bit representative was found for multibit lib cell 'saed14rvt_frame_timing/SAEDRVT14_FSDN4_V2_1'. (SQM-2004)
Information: No single-bit representative was found for multibit lib cell 'saed14rvt_frame_timing/SAEDRVT14_FSDN4_V2_2'. (SQM-2004)
Information: No single-bit representative was found for multibit lib cell 'saed14rvt_frame_timing/SAEDRVT14_FSDN4_V2_4'. (SQM-2004)
Warning: Found 8 multibit sequential library cells that have missing/added attributes or have restrictions that prevent them from banking. (SQM-1053)
Information: 6 out of 16 SQM-1061 messages were not printed due to limit 10 (after 'compile_fusion' at task1af.tcl:81) (MSG-3913)
Information: 10 out of 13 SQM-1067 messages were not printed due to limit 3 (after 'compile_fusion' at task1af.tcl:81) (MSG-3913)
Information: 3 out of 8 SQM-1079 messages were not printed due to limit 5 (after 'compile_fusion' at task1af.tcl:81) (MSG-3913)
Information: Ending   compile_fusion / logic_opto / Register Retiming (FLW-8001)
Information: Time: 2025-06-18 11:05:09 / Session:  00:01:11 / Command:  00:00:18 / CPU:  00:00:25 / Memory: 1410 MB (FLW-8100)
Information: CPU Load: 18%, Ram Free: 38 GB, Swap Free: 1 GB, Work Disk Free: 308 GB, Tmp Disk Free: 308 GB (MSG-3995)
Warning: Cannot infer functionality of libcell 'saed14rvt_frame_timing/SAEDRVT14_FDNRBSBQ_V2_0P5' and will be excluded from sequential mapping. (SQM-1061)
Warning: Cannot infer functionality of libcell 'saed14rvt_frame_timing/SAEDRVT14_FDNRBSBQ_V2_1' and will be excluded from sequential mapping. (SQM-1061)
Warning: Cannot infer functionality of libcell 'saed14rvt_frame_timing/SAEDRVT14_FDNRBSBQ_V2_2' and will be excluded from sequential mapping. (SQM-1061)
Warning: Cannot infer functionality of libcell 'saed14rvt_frame_timing/SAEDRVT14_FDNRBSBQ_V2_4' and will be excluded from sequential mapping. (SQM-1061)
Warning: Cannot infer functionality of libcell 'saed14rvt_frame_timing/SAEDRVT14_FDPRBSBQ_V2_0P5' and will be excluded from sequential mapping. (SQM-1061)
Warning: Cannot infer functionality of libcell 'saed14rvt_frame_timing/SAEDRVT14_FDPRBSBQ_V2_1' and will be excluded from sequential mapping. (SQM-1061)
Warning: Cannot infer functionality of libcell 'saed14rvt_frame_timing/SAEDRVT14_FDPRBSBQ_V2_2' and will be excluded from sequential mapping. (SQM-1061)
Warning: Cannot infer functionality of libcell 'saed14rvt_frame_timing/SAEDRVT14_FDPRBSBQ_V2_4' and will be excluded from sequential mapping. (SQM-1061)
Warning: Mapping to scan cell 'SAEDRVT14_FSDPQB_V2LP_1' in library is not possible because cell has 'dont_use' attribute. (SQM-1067)
Warning: Mapping to scan cell 'SAEDRVT14_FSDPQ_V2LP_1' in library is not possible because cell has 'dont_use' attribute. (SQM-1067)
Warning: Mapping to scan cell 'SAEDRVT14_FSDPQ_V2LP_2' in library is not possible because cell has 'dont_use' attribute. (SQM-1067)
Warning: Cannot infer functionality of libcell 'saed14rvt_frame_timing/SAEDRVT14_FSDPRBSBQ_V2LP_0P5' and will be excluded from sequential mapping. (SQM-1061)
Warning: Cannot infer functionality of libcell 'saed14rvt_frame_timing/SAEDRVT14_FSDPRBSBQ_V2LP_2' and will be excluded from sequential mapping. (SQM-1061)
Warning: Skipping check for single_bit_degenerate attribute on the multibit libcell 'saed14rvt_frame_timing/SAEDRVT14_FSDN2_V2_0P5' since it is not a black-box. (SQM-1079)
Information: No single-bit representative was found for multibit lib cell 'saed14rvt_frame_timing/SAEDRVT14_FSDN2_V2_0P5'. (SQM-2004)
Warning: Skipping check for single_bit_degenerate attribute on the multibit libcell 'saed14rvt_frame_timing/SAEDRVT14_FSDN2_V2_1' since it is not a black-box. (SQM-1079)
Information: No single-bit representative was found for multibit lib cell 'saed14rvt_frame_timing/SAEDRVT14_FSDN2_V2_1'. (SQM-2004)
Warning: Skipping check for single_bit_degenerate attribute on the multibit libcell 'saed14rvt_frame_timing/SAEDRVT14_FSDN2_V2_2' since it is not a black-box. (SQM-1079)
Information: No single-bit representative was found for multibit lib cell 'saed14rvt_frame_timing/SAEDRVT14_FSDN2_V2_2'. (SQM-2004)
Warning: Skipping check for single_bit_degenerate attribute on the multibit libcell 'saed14rvt_frame_timing/SAEDRVT14_FSDN2_V2_4' since it is not a black-box. (SQM-1079)
Information: No single-bit representative was found for multibit lib cell 'saed14rvt_frame_timing/SAEDRVT14_FSDN2_V2_4'. (SQM-2004)
Warning: Skipping check for single_bit_degenerate attribute on the multibit libcell 'saed14rvt_frame_timing/SAEDRVT14_FSDN4_V2_0P5' since it is not a black-box. (SQM-1079)
Information: No single-bit representative was found for multibit lib cell 'saed14rvt_frame_timing/SAEDRVT14_FSDN4_V2_0P5'. (SQM-2004)
Information: No single-bit representative was found for multibit lib cell 'saed14rvt_frame_timing/SAEDRVT14_FSDN4_V2_1'. (SQM-2004)
Information: No single-bit representative was found for multibit lib cell 'saed14rvt_frame_timing/SAEDRVT14_FSDN4_V2_2'. (SQM-2004)
Information: No single-bit representative was found for multibit lib cell 'saed14rvt_frame_timing/SAEDRVT14_FSDN4_V2_4'. (SQM-2004)
Warning: Found 8 multibit sequential library cells that have missing/added attributes or have restrictions that prevent them from banking. (SQM-1053)
Information: Register Bits Before Sharing = 0, After Sharing = 0, Savings = 0 (SQM-2000)
Information: 6 out of 16 SQM-1061 messages were not printed due to limit 10 (after 'compile_fusion' at task1af.tcl:81) (MSG-3913)
Information: 10 out of 13 SQM-1067 messages were not printed due to limit 3 (after 'compile_fusion' at task1af.tcl:81) (MSG-3913)
Information: 3 out of 8 SQM-1079 messages were not printed due to limit 5 (after 'compile_fusion' at task1af.tcl:81) (MSG-3913)
Information: Starting compile_fusion / logic_opto / Optimization (2) (FLW-8000)
Information: Time: 2025-06-18 11:05:11 / Session:  00:01:13 / Command:  00:00:21 / CPU:  00:00:28 / Memory: 1410 MB (FLW-8100)
Information: CPU Load: 18%, Ram Free: 38 GB, Swap Free: 1 GB, Work Disk Free: 308 GB, Tmp Disk Free: 308 GB (MSG-3995)
Warning: No clock routing rules were specified. Use set_clock_routing_rules to specify routing rules for accurate clock latency estimation. (OPT-902)
Warning: No clock routing rules were specified. Use set_clock_routing_rules to specify routing rules for accurate clock latency estimation. (OPT-902)
Information: Estimating clock gate latencies for scenario 'PowerSave_Slow'. (OPT-909)
Warning: No clock routing rules were specified. Use set_clock_routing_rules to specify routing rules for accurate clock latency estimation. (OPT-902)
Information: Estimating clock gate latencies for scenario 'Normal_Slow'. (OPT-909)
Information: Ending   compile_fusion / logic_opto / Optimization (2) (FLW-8001)
Information: Time: 2025-06-18 11:05:12 / Session:  00:01:14 / Command:  00:00:22 / CPU:  00:00:29 / Memory: 1410 MB (FLW-8100)
Information: CPU Load: 18%, Ram Free: 38 GB, Swap Free: 1 GB, Work Disk Free: 308 GB, Tmp Disk Free: 308 GB (MSG-3995)
Information: Starting compile_fusion / logic_opto / Auto-Floorplan (1) (FLW-8000)
Information: Time: 2025-06-18 11:05:12 / Session:  00:01:14 / Command:  00:00:22 / CPU:  00:00:29 / Memory: 1410 MB (FLW-8100)
Information: CPU Load: 18%, Ram Free: 38 GB, Swap Free: 1 GB, Work Disk Free: 308 GB, Tmp Disk Free: 308 GB (MSG-3995)
Information: Initializing core and die (AFP-1001)
Information: Initializing rows (AFP-1003)
Information: Initializing tracks (AFP-1004)
Information: Generated core area = 1385.280029 (AFP-2021)
Information: Generated core boundary = { {5 5} {5 33.8} {53.1 33.8} {53.1 5} } (AFP-2022)
Information: Shaping unshaped voltage areas (AFP-1011)
Information: Placing all pins (AFP-1007)
Warning: Block sides pin constraints conflict with pin clk. (DPPA-113)
Warning: The individual pin constraints allowed layers on port clk are in conflict with block pin constraints allowed layers or min/max routing layers. (DPPA-417)
Warning: Cell contains tie connections which are not connected to real PG. (ZRT-511)
Information: Option route.detail.force_end_on_preferred_grid will be ignored since none of the layers have preferred grid. (ZRT-703)
Warning: Layer M1 default pitch 0.074 may be too small to handle up/down via. Note, that minimum requirements are "wire/via-down 0.074" & "wire/via-up 0.078". (ZRT-026)
Warning: Layer M2 default pitch 0.060 may be too small to handle up/down via. Note, that minimum requirements are "wire/via-down 0.078" & "wire/via-up 0.060". (ZRT-026)
Warning: Layer M5 default pitch 0.100 may be too small to handle up/down via. Note, that minimum requirements are "wire/via-down 0.125" & "wire/via-up 0.100". (ZRT-026)
Warning: Layer M7 default pitch 0.100 may be too small to handle up/down via. Note, that minimum requirements are "wire/via-down 0.100" & "wire/via-up 0.107". (ZRT-026)
Warning: Layer M8 default pitch 0.100 may be too small to handle up/down via. Note, that minimum requirements are "wire/via-down 0.107" & "wire/via-up 0.135". (ZRT-026)
Warning: Layer M9 default pitch 0.100 may be too small to handle up/down via. Note, that minimum requirements are "wire/via-down 0.135" & "wire/via-up 1.570". (ZRT-026)
Warning: Layer MRDL default pitch 4.000 may be too small to handle up/down via. Note, that minimum requirements are "wire/via-down 4.500" & "wire/via-up 4.000". (ZRT-026)
Information: When applicable Min-max layer allow_pin_connection mode will allow paths of length 0.90 outside the layer range. (ZRT-707)
Information: When applicable Min-max layer allow_pin_connection mode will allow paths of length 0.90 outside the layer range on clock nets. (ZRT-718)
Information: When applicable layer based tapering will taper up to 0.00 in distance from the pin. (ZRT-706)
Warning: Standard cell pin SAEDRVT14_ADDH_0P5/CO has no valid via regions. (ZRT-044)
Warning: Cell ctmi_2147 is placed overlapping with other cells at {{2.105 1.686} {2.919 2.286}}. (ZRT-763)
Information: The net parasitics of block dut_toplevel are cleared. (TIM-123)
Information: Using 12 threads for routing. (ZRT-444)
Warning: Not enough slots available for pin placement. Ignore pin spacing constraints. (DPPA-004)
Warning: 63 pins on block dut_toplevel have been placed with relaxed pin spacing constraint(s). (DPPA-089)
Information: Result of compile_fusion / logic_opto / Auto-Floorplan (1) (FLW-8500)
Information: Auto-Floorplan Summary (AFP-2023)
-------------------------------------------------------------------------------
              origin           area     boundary
core  auto-floorplan        1385.28   { {5 5} {5 33.8} {53.1 33.8} {53.1 5} }
die   auto-floorplan        2254.28   { {0 0} {0 38.8} {58.1 38.8} {58.1 0} }
-------------------------------------------------------------------------------

-------------------------------------------------------------------------------
objects             total        candidates          modified         preserved                 
voltage areas           0                 0                 0                 0
ios                     0                 0                 0                 0
macros                  0                 0                 0                 0
pins                  170               170               162                 8
-------------------------------------------------------------------------------
Information: Ending   compile_fusion / logic_opto / Auto-Floorplan (1) (FLW-8001)
Information: Time: 2025-06-18 11:05:13 / Session:  00:01:15 / Command:  00:00:22 / CPU:  00:00:30 / Memory: 1410 MB (FLW-8100)
Information: CPU Load: 18%, Ram Free: 38 GB, Swap Free: 1 GB, Work Disk Free: 308 GB, Tmp Disk Free: 308 GB (MSG-3995)
Information: Starting compile_fusion / logic_opto / Early Placement (FLW-8000)
Information: Time: 2025-06-18 11:05:13 / Session:  00:01:15 / Command:  00:00:22 / CPU:  00:00:30 / Memory: 1410 MB (FLW-8100)
Information: CPU Load: 18%, Ram Free: 38 GB, Swap Free: 1 GB, Work Disk Free: 308 GB, Tmp Disk Free: 308 GB (MSG-3995)
----------------------------------------------------------------
running create_placement
Information: The stitching and editing of coupling caps is turned OFF for design 'dut_toplevel.dlib:dut_toplevel/auto_floorplan.design'. (TIM-125)
Corner Scaling is off, multiplier is 1.000000
ORB: timingScenario Normal_Slow timingCorner Slow
INFO: Using corner Fast for worst leakage corner
Using default layer M4
new cutoff lpd: 3.18383e-05
corner scaling: maxCornerId = 3
corner=Fast, tran factor=0.839605 (0.028406 / 0.033833)
corner=Typical, tran factor=0.945497 (0.031989 / 0.033833)
corner=Slow, tran factor=1.000000 (0.033833 / 0.033833)
ORB: Nominal = 0.0056185  Design MT = inf  Target = 0.0338329 (6.022 nominal)  MaxRC = 0.022324
ORB: Fast Target = 0.011791 ( 2.099 nominal )
ORB: stageDelay=0.026139, stageLength=1609839
nplLib: default vr hor dist = 322
nplLib: default vr ver dist = 322
nplLib: default vr buf size = 2
nplLib: default vr buf size = 1

Placement Options:
Effort:                        medium_effort       
Timing Driven:                 false               
Buffering Aware Timing Driven: false               
Seed locs:                     false               
Incremental:                   false               
Congestion:                    false               
Fix Macros:                    true                
Place Macros:                  false               
Channel Size Macros:           false               

Printing options for 'place.coarse.*' (non-default only)
place.coarse.continue_on_missing_scandef                :	 true                

Start transferring placement data.
****** Net weight manager: report ******
Weights included: Timing  
Number of nets with non-default weights: 1607
Timing factor = 1
Non-default weight range: (0.881062, 2.64319)
Information: Automatic repeater spreading is enabled.
Completed transferring placement data.
Running placement using 12 thread(s)
Information: Enhanced Auto Density Control is used. (PLACE-098)
Information: Enhanced auto density configuration is 13179.
Information: Automatic density control has selected the following settings: max_density 0.55, congestion_driven_max_util 0.87. (PLACE-027)
Information: HFW control 'off' invoked.
Creating placement from scratch.
coarse place 0% done.
coarse place 25% done.
coarse place 50% done.
coarse place 75% done.
coarse place 100% done.
Information: Coarse placer weighted wire length estimate = 1.17273e+08
Information: Extraction observers are detached as design net change threshold is reached.
Warning: No clock routing rules were specified. Use set_clock_routing_rules to specify routing rules for accurate clock latency estimation. (OPT-902)
Warning: No clock routing rules were specified. Use set_clock_routing_rules to specify routing rules for accurate clock latency estimation. (OPT-902)
Information: Estimating clock gate latencies for scenario 'PowerSave_Slow'. (OPT-909)
Warning: No clock routing rules were specified. Use set_clock_routing_rules to specify routing rules for accurate clock latency estimation. (OPT-902)
Information: Estimating clock gate latencies for scenario 'Normal_Slow'. (OPT-909)
----------------------------------------------------------------
Information: Ending   compile_fusion / logic_opto / Early Placement (FLW-8001)
Information: Time: 2025-06-18 11:05:16 / Session:  00:01:18 / Command:  00:00:25 / CPU:  00:00:34 / Memory: 1410 MB (FLW-8100)
Information: CPU Load: 17%, Ram Free: 38 GB, Swap Free: 1 GB, Work Disk Free: 308 GB, Tmp Disk Free: 308 GB (MSG-3995)
Information: The stitching and editing of coupling caps is turned OFF for design 'dut_toplevel.dlib:dut_toplevel/auto_floorplan.design'. (TIM-125)
Information: Starting compile_fusion / logic_opto / Optimization (3) (FLW-8000)
Information: Time: 2025-06-18 11:05:17 / Session:  00:01:19 / Command:  00:00:27 / CPU:  00:00:37 / Memory: 1410 MB (FLW-8100)
Information: CPU Load: 17%, Ram Free: 38 GB, Swap Free: 1 GB, Work Disk Free: 308 GB, Tmp Disk Free: 308 GB (MSG-3995)
Information: Starting compile_fusion / logic_opto / Optimization (3) / Timing Optimization (FLW-8000)
Information: Time: 2025-06-18 11:05:17 / Session:  00:01:19 / Command:  00:00:27 / CPU:  00:00:37 / Memory: 1410 MB (FLW-8100)
Information: CPU Load: 17%, Ram Free: 38 GB, Swap Free: 1 GB, Work Disk Free: 308 GB, Tmp Disk Free: 308 GB (MSG-3995)
Warning: Cannot infer functionality of libcell 'saed14rvt_frame_timing/SAEDRVT14_FDNRBSBQ_V2_0P5' and will be excluded from sequential mapping. (SQM-1061)
Warning: Cannot infer functionality of libcell 'saed14rvt_frame_timing/SAEDRVT14_FDNRBSBQ_V2_1' and will be excluded from sequential mapping. (SQM-1061)
Warning: Cannot infer functionality of libcell 'saed14rvt_frame_timing/SAEDRVT14_FDNRBSBQ_V2_2' and will be excluded from sequential mapping. (SQM-1061)
Warning: Cannot infer functionality of libcell 'saed14rvt_frame_timing/SAEDRVT14_FDNRBSBQ_V2_4' and will be excluded from sequential mapping. (SQM-1061)
Warning: Cannot infer functionality of libcell 'saed14rvt_frame_timing/SAEDRVT14_FDPRBSBQ_V2_0P5' and will be excluded from sequential mapping. (SQM-1061)
Warning: Cannot infer functionality of libcell 'saed14rvt_frame_timing/SAEDRVT14_FDPRBSBQ_V2_1' and will be excluded from sequential mapping. (SQM-1061)
Warning: Cannot infer functionality of libcell 'saed14rvt_frame_timing/SAEDRVT14_FDPRBSBQ_V2_2' and will be excluded from sequential mapping. (SQM-1061)
Warning: Cannot infer functionality of libcell 'saed14rvt_frame_timing/SAEDRVT14_FDPRBSBQ_V2_4' and will be excluded from sequential mapping. (SQM-1061)
Warning: Mapping to scan cell 'SAEDRVT14_FSDPQB_V2LP_1' in library is not possible because cell has 'dont_use' attribute. (SQM-1067)
Warning: Mapping to scan cell 'SAEDRVT14_FSDPQ_V2LP_1' in library is not possible because cell has 'dont_use' attribute. (SQM-1067)
Warning: Mapping to scan cell 'SAEDRVT14_FSDPQ_V2LP_2' in library is not possible because cell has 'dont_use' attribute. (SQM-1067)
Warning: Cannot infer functionality of libcell 'saed14rvt_frame_timing/SAEDRVT14_FSDPRBSBQ_V2LP_0P5' and will be excluded from sequential mapping. (SQM-1061)
Warning: Cannot infer functionality of libcell 'saed14rvt_frame_timing/SAEDRVT14_FSDPRBSBQ_V2LP_2' and will be excluded from sequential mapping. (SQM-1061)
Warning: Skipping check for single_bit_degenerate attribute on the multibit libcell 'saed14rvt_frame_timing/SAEDRVT14_FSDN2_V2_0P5' since it is not a black-box. (SQM-1079)
Information: No single-bit representative was found for multibit lib cell 'saed14rvt_frame_timing/SAEDRVT14_FSDN2_V2_0P5'. (SQM-2004)
Warning: Skipping check for single_bit_degenerate attribute on the multibit libcell 'saed14rvt_frame_timing/SAEDRVT14_FSDN2_V2_1' since it is not a black-box. (SQM-1079)
Information: No single-bit representative was found for multibit lib cell 'saed14rvt_frame_timing/SAEDRVT14_FSDN2_V2_1'. (SQM-2004)
Warning: Skipping check for single_bit_degenerate attribute on the multibit libcell 'saed14rvt_frame_timing/SAEDRVT14_FSDN2_V2_2' since it is not a black-box. (SQM-1079)
Information: No single-bit representative was found for multibit lib cell 'saed14rvt_frame_timing/SAEDRVT14_FSDN2_V2_2'. (SQM-2004)
Warning: Skipping check for single_bit_degenerate attribute on the multibit libcell 'saed14rvt_frame_timing/SAEDRVT14_FSDN2_V2_4' since it is not a black-box. (SQM-1079)
Information: No single-bit representative was found for multibit lib cell 'saed14rvt_frame_timing/SAEDRVT14_FSDN2_V2_4'. (SQM-2004)
Warning: Skipping check for single_bit_degenerate attribute on the multibit libcell 'saed14rvt_frame_timing/SAEDRVT14_FSDN4_V2_0P5' since it is not a black-box. (SQM-1079)
Information: No single-bit representative was found for multibit lib cell 'saed14rvt_frame_timing/SAEDRVT14_FSDN4_V2_0P5'. (SQM-2004)
Information: No single-bit representative was found for multibit lib cell 'saed14rvt_frame_timing/SAEDRVT14_FSDN4_V2_1'. (SQM-2004)
Information: No single-bit representative was found for multibit lib cell 'saed14rvt_frame_timing/SAEDRVT14_FSDN4_V2_2'. (SQM-2004)
Information: No single-bit representative was found for multibit lib cell 'saed14rvt_frame_timing/SAEDRVT14_FSDN4_V2_4'. (SQM-2004)
Warning: Found 8 multibit sequential library cells that have missing/added attributes or have restrictions that prevent them from banking. (SQM-1053)
Information: No single-bit representative was found for multibit lib cell 'saed14rvt_frame_timing/SAEDRVT14_FSDN2_V2_0P5'. (SQM-2004)
Information: No single-bit representative was found for multibit lib cell 'saed14rvt_frame_timing/SAEDRVT14_FSDN2_V2_1'. (SQM-2004)
Warning: Found 8 multibit sequential library cells that have missing/added attributes or have restrictions that prevent them from banking. (SQM-1053)
Warning: Found 8 multibit sequential library cells that have missing/added attributes or have restrictions that prevent them from banking. (SQM-1053)
Warning: Found 8 multibit sequential library cells that have missing/added attributes or have restrictions that prevent them from banking. (SQM-1053)
Warning: Found 8 multibit sequential library cells that have missing/added attributes or have restrictions that prevent them from banking. (SQM-1053)
Warning: Found 8 multibit sequential library cells that have missing/added attributes or have restrictions that prevent them from banking. (SQM-1053)
Warning: Found 8 multibit sequential library cells that have missing/added attributes or have restrictions that prevent them from banking. (SQM-1053)
Warning: Found 8 multibit sequential library cells that have missing/added attributes or have restrictions that prevent them from banking. (SQM-1053)
Warning: Found 8 multibit sequential library cells that have missing/added attributes or have restrictions that prevent them from banking. (SQM-1053)
Warning: Found 8 multibit sequential library cells that have missing/added attributes or have restrictions that prevent them from banking. (SQM-1053)
Information: 2 out of 12 SQM-1053 messages were not printed due to limit 10 (after 'compile_fusion' at task1af.tcl:81) (MSG-3913)
Information: 182 out of 192 SQM-1061 messages were not printed due to limit 10 (after 'compile_fusion' at task1af.tcl:81) (MSG-3913)
Information: 153 out of 156 SQM-1067 messages were not printed due to limit 3 (after 'compile_fusion' at task1af.tcl:81) (MSG-3913)
Information: 91 out of 96 SQM-1079 messages were not printed due to limit 5 (after 'compile_fusion' at task1af.tcl:81) (MSG-3913)
Information: 86 out of 96 SQM-2004 messages were not printed due to limit 10 (after 'compile_fusion' at task1af.tcl:81) (MSG-3913)
Information: Ending   compile_fusion / logic_opto / Optimization (3) / Timing Optimization (FLW-8001)
Information: Time: 2025-06-18 11:05:19 / Session:  00:01:21 / Command:  00:00:28 / CPU:  00:00:39 / Memory: 1419 MB (FLW-8100)
Information: CPU Load: 17%, Ram Free: 38 GB, Swap Free: 1 GB, Work Disk Free: 308 GB, Tmp Disk Free: 308 GB (MSG-3995)
Information: Ending   compile_fusion / logic_opto / Optimization (3) (FLW-8001)
Information: Time: 2025-06-18 11:05:19 / Session:  00:01:21 / Command:  00:00:28 / CPU:  00:00:40 / Memory: 1419 MB (FLW-8100)
Information: CPU Load: 17%, Ram Free: 38 GB, Swap Free: 1 GB, Work Disk Free: 308 GB, Tmp Disk Free: 308 GB (MSG-3995)
Information: Starting compile_fusion / logic_opto / Optimization (4) (FLW-8000)
Information: Time: 2025-06-18 11:05:19 / Session:  00:01:21 / Command:  00:00:28 / CPU:  00:00:40 / Memory: 1419 MB (FLW-8100)
Information: CPU Load: 17%, Ram Free: 38 GB, Swap Free: 1 GB, Work Disk Free: 308 GB, Tmp Disk Free: 308 GB (MSG-3995)
Information: Starting compile_fusion / logic_opto / Optimization (4) / Logic Simplification and Register Optimization (FLW-8000)
Information: Time: 2025-06-18 11:05:19 / Session:  00:01:21 / Command:  00:00:28 / CPU:  00:00:40 / Memory: 1419 MB (FLW-8100)
Information: CPU Load: 17%, Ram Free: 38 GB, Swap Free: 1 GB, Work Disk Free: 308 GB, Tmp Disk Free: 308 GB (MSG-3995)
Information: Ending   compile_fusion / logic_opto / Optimization (4) / Logic Simplification and Register Optimization (FLW-8001)
Information: Time: 2025-06-18 11:05:19 / Session:  00:01:21 / Command:  00:00:28 / CPU:  00:00:40 / Memory: 1419 MB (FLW-8100)
Information: CPU Load: 16%, Ram Free: 38 GB, Swap Free: 1 GB, Work Disk Free: 308 GB, Tmp Disk Free: 308 GB (MSG-3995)
Information: Ending   compile_fusion / logic_opto / Optimization (4) (FLW-8001)
Information: Time: 2025-06-18 11:05:23 / Session:  00:01:25 / Command:  00:00:32 / CPU:  00:00:46 / Memory: 1419 MB (FLW-8100)
Information: CPU Load: 16%, Ram Free: 38 GB, Swap Free: 1 GB, Work Disk Free: 308 GB, Tmp Disk Free: 308 GB (MSG-3995)
Information: Starting compile_fusion / logic_opto / Optimization (5) (FLW-8000)
Information: Time: 2025-06-18 11:05:23 / Session:  00:01:25 / Command:  00:00:32 / CPU:  00:00:46 / Memory: 1419 MB (FLW-8100)
Information: CPU Load: 16%, Ram Free: 38 GB, Swap Free: 1 GB, Work Disk Free: 308 GB, Tmp Disk Free: 308 GB (MSG-3995)
Information: Starting compile_fusion / logic_opto / Optimization (5) / Logic Simplification and Register Optimization (FLW-8000)
Information: Time: 2025-06-18 11:05:23 / Session:  00:01:25 / Command:  00:00:32 / CPU:  00:00:46 / Memory: 1419 MB (FLW-8100)
Information: CPU Load: 16%, Ram Free: 38 GB, Swap Free: 1 GB, Work Disk Free: 308 GB, Tmp Disk Free: 308 GB (MSG-3995)
Information: Ending   compile_fusion / logic_opto / Optimization (5) / Logic Simplification and Register Optimization (FLW-8001)
Information: Time: 2025-06-18 11:05:23 / Session:  00:01:25 / Command:  00:00:32 / CPU:  00:00:46 / Memory: 1419 MB (FLW-8100)
Information: CPU Load: 16%, Ram Free: 38 GB, Swap Free: 1 GB, Work Disk Free: 308 GB, Tmp Disk Free: 308 GB (MSG-3995)
Information: Ending   compile_fusion / logic_opto / Optimization (5) (FLW-8001)
Information: Time: 2025-06-18 11:05:23 / Session:  00:01:25 / Command:  00:00:32 / CPU:  00:00:46 / Memory: 1419 MB (FLW-8100)
Information: CPU Load: 16%, Ram Free: 38 GB, Swap Free: 1 GB, Work Disk Free: 308 GB, Tmp Disk Free: 308 GB (MSG-3995)
Information: Starting compile_fusion / logic_opto / Auto-Floorplan (2) (FLW-8000)
Information: Time: 2025-06-18 11:05:23 / Session:  00:01:25 / Command:  00:00:32 / CPU:  00:00:46 / Memory: 1419 MB (FLW-8100)
Information: CPU Load: 16%, Ram Free: 38 GB, Swap Free: 1 GB, Work Disk Free: 308 GB, Tmp Disk Free: 308 GB (MSG-3995)
Information: Initializing core and die (AFP-1001)
Information: Initializing rows (AFP-1003)
Information: Initializing tracks (AFP-1004)
Removing existing floorplan objects
Creating core...
Core utilization ratio = 65.29%
Unplacing all cells...
Creating site array...
Creating routing tracks...
Initializing floorplan completed.
Information: Generated core area = 1385.280029 (AFP-2021)
Information: Generated core boundary = { {5 5} {5 33.8} {53.1 33.8} {53.1 5} } (AFP-2022)
Information: Shaping unshaped voltage areas (AFP-1011)
Information: Placing all pins (AFP-1007)
Load DB...
CPU Time for load db: 00:00:00.00u 00:00:00.00s 00:00:00.00e: 

Min routing layer: M1
Max routing layer: MRDL

Non default block pin constraint setting(s) of top block: dut_toplevel
pin_spacing_distance: 1.0000
allowed_layers:       M3 M4 
sides:                1 2 3

CPU Time for Top Level Pre-Route Processing: 00:00:00.00u 00:00:00.00s 00:00:00.00e: 
Warning: Block sides pin constraints conflict with pin clk. (DPPA-113)
Warning: The individual pin constraints allowed layers on port clk are in conflict with block pin constraints allowed layers or min/max routing layers. (DPPA-417)
Warning: Cell contains tie connections which are not connected to real PG. (ZRT-511)
Cell Min-Routing-Layer = M1
Cell Max-Routing-Layer = MRDL
Turn off antenna since no rule is specified
Information: Option route.detail.force_end_on_preferred_grid will be ignored since none of the layers have preferred grid. (ZRT-703)

Block Pin Constraint   Min Pin Max Pin Reserve
                       Layer   Layer   Layer    Feedthroughs
--------------------   ------  ------  ------   ------------
dut_toplevel           M3      M4      MRDL     Not allowed

Via on layer (VIA1) needs more than one tracks
Warning: Layer M1 default pitch 0.074 may be too small to handle up/down via. Note, that minimum requirements are "wire/via-down 0.074" & "wire/via-up 0.078". (ZRT-026)
Via on layer (VIA1) needs more than one tracks
Warning: Layer M2 default pitch 0.060 may be too small to handle up/down via. Note, that minimum requirements are "wire/via-down 0.078" & "wire/via-up 0.060". (ZRT-026)
Via on layer (VIA4) needs more than one tracks
Warning: Layer M5 default pitch 0.100 may be too small to handle up/down via. Note, that minimum requirements are "wire/via-down 0.125" & "wire/via-up 0.100". (ZRT-026)
Via on layer (VIA7) needs more than one tracks
Warning: Layer M7 default pitch 0.100 may be too small to handle up/down via. Note, that minimum requirements are "wire/via-down 0.100" & "wire/via-up 0.107". (ZRT-026)
Wire on layer (M8) needs more than one tracks
Via on layer (VIA7) needs more than one tracks
Via on layer (VIA8) needs more than one tracks
Warning: Layer M8 default pitch 0.100 may be too small to handle up/down via. Note, that minimum requirements are "wire/via-down 0.107" & "wire/via-up 0.135". (ZRT-026)
Wire on layer (M9) needs more than one tracks
Via on layer (VIA8) needs more than one tracks
Via on layer (VIARDL) needs more than one tracks
Warning: Layer M9 default pitch 0.100 may be too small to handle up/down via. Note, that minimum requirements are "wire/via-down 0.135" & "wire/via-up 1.570". (ZRT-026)
Via on layer (VIARDL) needs more than one tracks
Warning: Layer MRDL default pitch 4.000 may be too small to handle up/down via. Note, that minimum requirements are "wire/via-down 4.500" & "wire/via-up 4.000". (ZRT-026)
Transition layer name: M7(6)
Transition layer name: M8(7)
Information: When applicable Min-max layer allow_pin_connection mode will allow paths of length 0.90 outside the layer range. (ZRT-707)
Information: When applicable Min-max layer allow_pin_connection mode will allow paths of length 0.90 outside the layer range on clock nets. (ZRT-718)
Information: When applicable layer based tapering will taper up to 0.00 in distance from the pin. (ZRT-706)
Warning: Standard cell pin SAEDRVT14_ADDH_0P5/CO has no valid via regions. (ZRT-044)
Warning: Cell dut_fifo_INST/fifo_data_r_reg[3][9] is placed overlapping with other cells at {{9.841 5.147} {11.987 5.747}}. (ZRT-763)
Start Global Route ... 
[Init] Elapsed real time: 0:00:00 
[Init] Elapsed cpu  time: sys=0:00:00 usr=0:00:00 total=0:00:00
[Init] Stage (MB): Used    0  Alloctr    0  Proc    0 
[Init] Total (MB): Used   51  Alloctr   52  Proc 5959 
Printing options for 'route.common.*'
common.clock_topology                                   :	 normal              
common.single_connection_to_pins                        :	 off                 

Printing options for 'route.global.*'
global.crosstalk_driven                                 :	 false               
global.deterministic                                    :	 on                  
global.timing_driven                                    :	 false               

Begin global routing.
Constructing data structure ...
Design statistics:
Design Bounding Box (-0.60um,-0.60um,58.70um,39.40um)
Number of routing layers = 10
layer M1, dir Ver, min width = 0.034um, min space = 0.026um pitch = 0.074um
layer M2, dir Hor, min width = 0.034um, min space = 0.026um pitch = 0.06um
layer M3, dir Ver, min width = 0.034um, min space = 0.026um pitch = 0.074um
layer M4, dir Hor, min width = 0.06um, min space = 0.04um pitch = 0.1um
layer M5, dir Ver, min width = 0.06um, min space = 0.04um pitch = 0.1um
layer M6, dir Hor, min width = 0.06um, min space = 0.04um pitch = 0.1um
layer M7, dir Ver, min width = 0.06um, min space = 0.04um pitch = 0.1um
layer M8, dir Hor, min width = 0.06um, min space = 0.04um pitch = 0.1um
layer M9, dir Ver, min width = 0.06um, min space = 0.04um pitch = 0.1um
layer MRDL, dir Hor, min width = 2um, min space = 2um pitch = 4um
Current Stage stats:
[End of Build Tech Data] Elapsed real time: 0:00:00 
[End of Build Tech Data] Elapsed cpu  time: sys=0:00:00 usr=0:00:00 total=0:00:00
[End of Build Tech Data] Stage (MB): Used    1  Alloctr    1  Proc    0 
[End of Build Tech Data] Total (MB): Used   56  Alloctr   57  Proc 5959 
Net statistics:
Total number of nets to route for block pin placement     = 168
Number of interface nets to route for block pin placement = 168
Net length statistics: 
Net Count(Ignore Fully Rted) 336, Total Half Perimeter Wire Length (HPWL) 8408 microns
HPWL   0 ~   50 microns: Net Count      249	Total HPWL         3329 microns
HPWL  50 ~  100 microns: Net Count       87	Total HPWL         5080 microns
HPWL 100 ~  200 microns: Net Count        0	Total HPWL            0 microns
HPWL 200 ~  300 microns: Net Count        0	Total HPWL            0 microns
HPWL 300 ~  400 microns: Net Count        0	Total HPWL            0 microns
HPWL 400 ~  500 microns: Net Count        0	Total HPWL            0 microns
HPWL 500 ~  600 microns: Net Count        0	Total HPWL            0 microns
HPWL 600 ~  700 microns: Net Count        0	Total HPWL            0 microns
HPWL 700 ~  800 microns: Net Count        0	Total HPWL            0 microns
HPWL 800 ~  900 microns: Net Count        0	Total HPWL            0 microns
HPWL 900 ~ 1000 microns: Net Count        0	Total HPWL            0 microns
HPWL     > 1000 microns: Net Count        0	Total HPWL            0 microns
Current Stage stats:
[End of Build All Nets] Elapsed real time: 0:00:00 
[End of Build All Nets] Elapsed cpu  time: sys=0:00:00 usr=0:00:00 total=0:00:00
[End of Build All Nets] Stage (MB): Used    0  Alloctr    0  Proc  -32 
[End of Build All Nets] Total (MB): Used   57  Alloctr   58  Proc 5927 
Number of partitions: 1 (1 x 1)
Size of partitions: 51 gCells x 35 gCells
Average gCell capacity  15.69	 on layer (1)	 M1
Average gCell capacity  19.00	 on layer (2)	 M2
Average gCell capacity  15.68	 on layer (3)	 M3
Average gCell capacity  11.37	 on layer (4)	 M4
Average gCell capacity  11.59	 on layer (5)	 M5
Average gCell capacity  11.37	 on layer (6)	 M6
Average gCell capacity  11.59	 on layer (7)	 M7
Average gCell capacity  11.37	 on layer (8)	 M8
Average gCell capacity  11.59	 on layer (9)	 M9
Average gCell capacity  0.23	 on layer (10)	 MRDL
Average number of tracks per gCell 15.73	 on layer (1)	 M1
Average number of tracks per gCell 19.09	 on layer (2)	 M2
Average number of tracks per gCell 15.73	 on layer (3)	 M3
Average number of tracks per gCell 11.43	 on layer (4)	 M4
Average number of tracks per gCell 11.63	 on layer (5)	 M5
Average number of tracks per gCell 11.43	 on layer (6)	 M6
Average number of tracks per gCell 11.63	 on layer (7)	 M7
Average number of tracks per gCell 11.43	 on layer (8)	 M8
Average number of tracks per gCell 11.63	 on layer (9)	 M9
Average number of tracks per gCell 0.31	 on layer (10)	 MRDL
Number of gCells = 17850
Current Stage stats:
[End of Build Congestion Map] Elapsed real time: 0:00:00 
[End of Build Congestion Map] Elapsed cpu  time: sys=0:00:00 usr=0:00:00 total=0:00:00
[End of Build Congestion Map] Stage (MB): Used    1  Alloctr    1  Proc    0 
[End of Build Congestion Map] Total (MB): Used   58  Alloctr   59  Proc 5927 
Number of partitions: 1 (1 x 1)
Size of partitions: 51 gCells x 35 gCells
Current Stage stats:
[End of Add Nets Demand] Elapsed real time: 0:00:00 
[End of Add Nets Demand] Elapsed cpu  time: sys=0:00:00 usr=0:00:00 total=0:00:00
[End of Add Nets Demand] Stage (MB): Used    0  Alloctr    0  Proc    0 
[End of Add Nets Demand] Total (MB): Used   58  Alloctr   59  Proc 5927 
Number of user frozen nets = 0
Total stats:
[End of Build Data] Elapsed real time: 0:00:00 
[End of Build Data] Elapsed cpu  time: sys=0:00:00 usr=0:00:00 total=0:00:00
[End of Build Data] Stage (MB): Used    2  Alloctr    3  Proc  -32 
[End of Build Data] Total (MB): Used   58  Alloctr   59  Proc 5927 
Number of partitions: 1 (1 x 1)
Size of partitions: 51 gCells x 35 gCells
Current Stage stats:
[End of Blocked Pin Detection] Elapsed real time: 0:00:00 
[End of Blocked Pin Detection] Elapsed cpu  time: sys=0:00:00 usr=0:00:00 total=0:00:00
[End of Blocked Pin Detection] Stage (MB): Used   12  Alloctr   12  Proc    0 
[End of Blocked Pin Detection] Total (MB): Used   70  Alloctr   71  Proc 5927 
Information: Using 12 threads for routing. (ZRT-444)
Information: Buffer distance is estimated to be ~271.0000um (225 gCells)

Start GR phase 0
Number of partitions: 1 (1 x 1)
Size of partitions: 51 gCells x 35 gCells
[rtTop] Elapsed real time: 0:00:00 
[rtTop] Elapsed cpu  time: sys=0:00:00 usr=0:00:00 total=0:00:00
Current Stage stats:
[End of Initial Routing] Elapsed real time: 0:00:00 
[End of Initial Routing] Elapsed cpu  time: sys=0:00:00 usr=0:00:00 total=0:00:00
[End of Initial Routing] Stage (MB): Used    0  Alloctr    0  Proc    0 
[End of Initial Routing] Total (MB): Used   70  Alloctr   71  Proc 5927 
Initial. Routing result:
Initial. Both Dirs: Dmd-Cap  =     0 Max = 0 GRCs =     0 (0.00%)
Initial. H routing: Dmd-Cap  =     0 Max = 0 (GRCs =  0) GRCs =     0 (0.00%)
Initial. V routing: Dmd-Cap  =     0 Max = 0 (GRCs =  0) GRCs =     0 (0.00%)
Initial. Both Dirs: Overflow =     0 Max = 0 GRCs =     0 (0.00%)
Initial. H routing: Overflow =     0 Max = 0 (GRCs =  0) GRCs =     0 (0.00%)
Initial. V routing: Overflow =     0 Max = 0 (GRCs =  0) GRCs =     0 (0.00%)
Initial. M1         Overflow =     0 Max = 0 (GRCs =  0) GRCs =     0 (0.00%)
Initial. M2         Overflow =     0 Max = 0 (GRCs =  0) GRCs =     0 (0.00%)
Initial. M3         Overflow =     0 Max = 0 (GRCs =  0) GRCs =     0 (0.00%)
Initial. M4         Overflow =     0 Max = 0 (GRCs =  0) GRCs =     0 (0.00%)
Initial. M5         Overflow =     0 Max = 0 (GRCs =  0) GRCs =     0 (0.00%)
Initial. M6         Overflow =     0 Max = 0 (GRCs =  0) GRCs =     0 (0.00%)
Initial. M7         Overflow =     0 Max = 0 (GRCs =  0) GRCs =     0 (0.00%)
Initial. M8         Overflow =     0 Max = 0 (GRCs =  0) GRCs =     0 (0.00%)
Initial. M9         Overflow =     0 Max = 0 (GRCs =  0) GRCs =     0 (0.00%)
Initial. MRDL       Overflow =     0 Max = 0 (GRCs =  0) GRCs =     0 (0.00%)

Initial. Total Wire Length = 1963.15
Initial. Layer M1 wire length = 0.00
Initial. Layer M2 wire length = 24.96
Initial. Layer M3 wire length = 652.93
Initial. Layer M4 wire length = 1073.26
Initial. Layer M5 wire length = 212.00
Initial. Layer M6 wire length = 0.00
Initial. Layer M7 wire length = 0.00
Initial. Layer M8 wire length = 0.00
Initial. Layer M9 wire length = 0.00
Initial. Layer MRDL wire length = 0.00
Initial. Total Number of Contacts = 427
Initial. Via VIA1_Base count = 53
Initial. Via VIA2_Base count = 168
Initial. Via VIA34SQ_C count = 144
Initial. Via VIA4SQ count = 62
Initial. Via VIA5SQ_C count = 0
Initial. Via VIA67SQ_C count = 0
Initial. Via VIA78SQ_C count = 0
Initial. Via VIA89_C count = 0
Initial. Via VIA9RDL count = 0
Initial. completed.
[End of Whole Chip Routing] Elapsed real time: 0:00:00 
[End of Whole Chip Routing] Elapsed cpu  time: sys=0:00:00 usr=0:00:00 total=0:00:00
[End of Whole Chip Routing] Stage (MB): Used   15  Alloctr   15  Proc  -32 
[End of Whole Chip Routing] Total (MB): Used   70  Alloctr   71  Proc 5927 
[End of Global Routing] Elapsed real time: 0:00:00 
[End of Global Routing] Elapsed cpu  time: sys=0:00:00 usr=0:00:00 total=0:00:00
[End of Global Routing] Stage (MB): Used   14  Alloctr   14  Proc  -32 
[End of Global Routing] Total (MB): Used   69  Alloctr   70  Proc 5927 
[End of dbOut] Elapsed real time: 0:00:00 
[End of dbOut] Elapsed cpu  time: sys=0:00:00 usr=0:00:00 total=0:00:00
[End of dbOut] Stage (MB): Used    0  Alloctr    0  Proc    0 
[End of dbOut] Total (MB): Used   60  Alloctr   61  Proc 5927 
CPU Time for Global Route: 00:00:00.27u 00:00:00.04s 00:00:00.26e: 
Number of block ports: 170
Number of block pin locations assigned from router: 168
CPU Time for Pin Preparation: 00:00:00.00u 00:00:00.00s 00:00:00.00e: 
Warning: Not enough slots available for pin placement. Ignore pin spacing constraints. (DPPA-004)
Number of PG ports on blocks: 0
Number of pins created: 170
Warning: 69 pins on block dut_toplevel have been placed with relaxed pin spacing constraint(s). (DPPA-089)
CPU Time for Pin Creation: 00:00:00.02u 00:00:00.00s 00:00:00.02e: 
Total Pin Placement CPU Time: 00:00:00.29u 00:00:00.04s 00:00:00.29e: 
Information: Result of compile_fusion / logic_opto / Auto-Floorplan (2) (FLW-8500)
Information: Auto-Floorplan Summary (AFP-2023)
-------------------------------------------------------------------------------
              origin           area     boundary
core  auto-floorplan        1385.28   { {5 5} {5 33.8} {53.1 33.8} {53.1 5} }
die   auto-floorplan        2254.28   { {0 0} {0 38.8} {58.1 38.8} {58.1 0} }
-------------------------------------------------------------------------------

-------------------------------------------------------------------------------
objects             total        candidates          modified         preserved                 
voltage areas           0                 0                 0                 0
ios                     0                 0                 0                 0
macros                  0                 0                 0                 0
pins                  170               170               166                 4
-------------------------------------------------------------------------------
Information: Ending   compile_fusion / logic_opto / Auto-Floorplan (2) (FLW-8001)
Information: Time: 2025-06-18 11:05:23 / Session:  00:01:25 / Command:  00:00:32 / CPU:  00:00:46 / Memory: 1419 MB (FLW-8100)
Information: CPU Load: 16%, Ram Free: 38 GB, Swap Free: 1 GB, Work Disk Free: 308 GB, Tmp Disk Free: 308 GB (MSG-3995)
Information: Starting compile_fusion / logic_opto / Secondary PG connections (FLW-8000)
Information: Time: 2025-06-18 11:05:23 / Session:  00:01:25 / Command:  00:00:32 / CPU:  00:00:46 / Memory: 1419 MB (FLW-8100)
Information: CPU Load: 16%, Ram Free: 38 GB, Swap Free: 1 GB, Work Disk Free: 308 GB, Tmp Disk Free: 308 GB (MSG-3995)
Information: Secondary PG:  Secondary PG connections skipped because it is not a UPF design (FLW-1247)
Information: Ending   compile_fusion / logic_opto / Secondary PG connections (FLW-8001)
Information: Time: 2025-06-18 11:05:23 / Session:  00:01:25 / Command:  00:00:32 / CPU:  00:00:46 / Memory: 1419 MB (FLW-8100)
Information: CPU Load: 16%, Ram Free: 38 GB, Swap Free: 1 GB, Work Disk Free: 308 GB, Tmp Disk Free: 308 GB (MSG-3995)
Compile-fusion optimization summary            SETUP-COST    R2R-COST HOLD-COST LDRC-COST          AREA     LEAKAGE     INSTCNT            ELAPSE       MEM
Compile-fusion                                          -           -         -         -        904.43           -        1177              0.02      1418
Information: Ending   compile_fusion / logic_opto (FLW-8001)
Information: Time: 2025-06-18 11:05:23 / Session:  00:01:25 / Command:  00:00:32 / CPU:  00:00:46 / Memory: 1419 MB (FLW-8100)
Information: CPU Load: 16%, Ram Free: 38 GB, Swap Free: 1 GB, Work Disk Free: 308 GB, Tmp Disk Free: 308 GB (MSG-3995)

Information: >>>>>>> 13 unique error and warning message tags while observing compile_fusion / logic_opto: (MSG-3100)
Information: #prnt #trgr #lmt    Tag  Level     Format (or last printed message)                                (MSG-3036)
Information:     4     2  0 FLW-2224  WARNING   Warning: Duplicate callback function set for step 'fc/logic_... (MSG-3032)
Information:   115   248  5 SQM-1079  WARNING   Warning: Skipping check for single_bit_degenerate attribute ... (MSG-3032)
Information:    33   403  3 SQM-1067  WARNING   Warning: Mapping to scan cell 'SAEDRVT14_FSDPQ_V2LP_2' in li... (MSG-3032)
Information:   230   496 10 SQM-1061  WARNING   Warning: Cannot infer functionality of libcell 'saed14rvt_fr... (MSG-3032)
Information:    59    31 10 SQM-1053  WARNING   Warning: Found 8 multibit sequential library cells that have... (MSG-3032)
Information:     5     2  0 ZRT-511   WARNING   Warning: Cell contains tie connections which are not connect... (MSG-3032)
Information:    35    14  0 ZRT-026   WARNING   Warning: Layer MRDL default pitch 4.000 may be too small to ... (MSG-3032)
Information:     3     2  0 DPPA-089  WARNING   Warning: 69 pins on block dut_toplevel have been placed with... (MSG-3032)
Information:     3     2  0 DPPA-417  WARNING   Warning: The individual pin constraints allowed layers on po... (MSG-3032)
Information:     3     2  0 DPPA-004  WARNING   Warning: Not enough slots available for pin placement. Ignor... (MSG-3032)
Information:     3     2  0 DPPA-113  WARNING   Warning: Block sides pin constraints conflict with pin clk. ... (MSG-3032)
Information:     5     2  0 ZRT-763   WARNING   Warning: Cell dut_fifo_INST/fifo_data_r_reg[3][9] is placed ... (MSG-3032)
Information:    25     6  0 OPT-902   WARNING   Warning: No clock routing rules were specified. Use set_cloc... (MSG-3032)
Information:   523  1212  4       13  <------   Total sum of messages (MSG-3038)
Information: >>>>>>> Summary: 1212 error&warning MSGs observed during compile_fusion / logic_opto (MSG-3103)

Scenario Normal_Fast is cellEm
Scenario PowerSave_Fast is cellEm
Information: The stitching and editing of coupling caps is turned OFF for design 'dut_toplevel.dlib:dut_toplevel/auto_floorplan.design'. (TIM-125)
Info: update em.
Information: Activity propagation will be performed for scenario Normal_Fast.
Information: Doing activity propagation for mode 'Normal' and corner 'Fast' with effort level 'medium'. (POW-024)
Information: Timer-derived activity data is cached on scenario Normal_Fast (POW-052)
Information: Running switching activity propagation with 12 threads!

 **** Information : No. of simulation cycles = 6 ****
Information: Propagated activity on scenario Normal_Slow identical to that on Normal_Fast (POW-006)
Information: Propagated activity on scenario Normal_Typical identical to that on Normal_Fast (POW-006)
Information: Activity propagation will be performed for scenario PowerSave_Fast.
Information: Doing activity propagation for mode 'PowerSave' and corner 'Fast' with effort level 'medium'. (POW-024)
Information: Timer-derived activity data is cached on scenario PowerSave_Fast (POW-052)
Information: Running switching activity propagation with 12 threads!

 **** Information : No. of simulation cycles = 6 ****
Information: Propagated activity on scenario PowerSave_Slow identical to that on PowerSave_Fast (POW-006)
Information: Propagated activity on scenario PowerSave_Typical identical to that on PowerSave_Fast (POW-006)
Information: Activity for scenario Normal_Fast was cached, no propagation required. (POW-005)
Information: Activity for scenario Normal_Slow was cached, no propagation required. (POW-005)
Information: Activity for scenario Normal_Typical was cached, no propagation required. (POW-005)
Information: Activity for scenario PowerSave_Fast was cached, no propagation required. (POW-005)
Information: Activity for scenario PowerSave_Slow was cached, no propagation required. (POW-005)
Information: Activity for scenario PowerSave_Typical was cached, no propagation required. (POW-005)
CTS Cell EM initialization finished
Scenario Normal_Fast is cellEm
Scenario PowerSave_Fast is cellEm
Info: update em.
Information: Activity for scenario Normal_Fast was cached, no propagation required. (POW-005)
Information: Activity for scenario Normal_Slow was cached, no propagation required. (POW-005)
Information: Activity for scenario Normal_Typical was cached, no propagation required. (POW-005)
Information: Activity for scenario PowerSave_Fast was cached, no propagation required. (POW-005)
CTS Cell EM initialization finished
Warning: No clock routing rules were specified. Use set_clock_routing_rules to specify routing rules for accurate clock latency estimation. (OPT-902)
Warning: No clock routing rules were specified. Use set_clock_routing_rules to specify routing rules for accurate clock latency estimation. (OPT-902)
Information: Estimating clock gate latencies for scenario 'PowerSave_Typical'. (OPT-909)
Warning: No clock routing rules were specified. Use set_clock_routing_rules to specify routing rules for accurate clock latency estimation. (OPT-902)
Information: Estimating clock gate latencies for scenario 'PowerSave_Slow'. (OPT-909)
Warning: No clock routing rules were specified. Use set_clock_routing_rules to specify routing rules for accurate clock latency estimation. (OPT-902)
Information: Estimating clock gate latencies for scenario 'PowerSave_Fast'. (OPT-909)
Warning: No clock routing rules were specified. Use set_clock_routing_rules to specify routing rules for accurate clock latency estimation. (OPT-902)
Information: Estimating clock gate latencies for scenario 'Normal_Typical'. (OPT-909)
Warning: No clock routing rules were specified. Use set_clock_routing_rules to specify routing rules for accurate clock latency estimation. (OPT-902)
Information: Estimating clock gate latencies for scenario 'Normal_Slow'. (OPT-909)
Warning: No clock routing rules were specified. Use set_clock_routing_rules to specify routing rules for accurate clock latency estimation. (OPT-902)
Information: Estimating clock gate latencies for scenario 'Normal_Fast'. (OPT-909)
Information: 2 out of 12 POW-005 messages were not printed due to limit 10 (after 'compile_fusion' at task1af.tcl:81) (MSG-3913)
Information: Summary of UPF Cells (UPF-532)
*******************************************************************************
                            Summary of UPF Cells                               
*******************************************************************************
This is NOT a UPF design.
UPF is NOT loaded.
UPF is NOT committed.
-------------------------------------------------------------------------------
*******************************************************************************
                        End of Summary of UPF Cells                            
*******************************************************************************
[Tim-Power] Info: Cleared Leakage libCell cache.
Information: Timer using 12 threads
INFO: End environment monitoring: recipes
INFO: Restored 0 timer status, 3 app options, 0 tcl gvars, 0 env vars
Information: >>>>>>> 15 unique error and warning message tags while observing fusion: (MSG-3100)
Information: #prnt #trgr #lmt    Tag  Level     Format (or last printed message)                                (MSG-3036)
Information:     4     2  0 FLW-2224  WARNING   Warning: Duplicate callback function set for step 'fc/logic_... (MSG-3032)
Information:   115   264  5 SQM-1079  WARNING   Warning: Skipping check for single_bit_degenerate attribute ... (MSG-3032)
Information:     2     1  1 SQM-1074  WARNING   Warning: Shift register Inferencing is enabled so only head ... (MSG-3032)
Information:    33   429  3 SQM-1067  WARNING   Warning: Mapping to scan cell 'SAEDRVT14_FSDPQ_V2LP_2' in li... (MSG-3032)
Information:   230   528 10 SQM-1061  WARNING   Warning: Cannot infer functionality of libcell 'saed14rvt_fr... (MSG-3032)
Information:    59    33 10 SQM-1053  WARNING   Warning: Found 8 multibit sequential library cells that have... (MSG-3032)
Information:     2     1  1 SQM-1034  WARNING   Warning: No cell bus will be mapped to multibit because mult... (MSG-3032)
Information:     5     2  0 ZRT-511   WARNING   Warning: Cell contains tie connections which are not connect... (MSG-3032)
Information:    35    14  0 ZRT-026   WARNING   Warning: Layer MRDL default pitch 4.000 may be too small to ... (MSG-3032)
Information:     3     2  0 DPPA-089  WARNING   Warning: 69 pins on block dut_toplevel have been placed with... (MSG-3032)
Information:     3     2  0 DPPA-417  WARNING   Warning: The individual pin constraints allowed layers on po... (MSG-3032)
Information:     3     2  0 DPPA-004  WARNING   Warning: Not enough slots available for pin placement. Ignor... (MSG-3032)
Information:     3     2  0 DPPA-113  WARNING   Warning: Block sides pin constraints conflict with pin clk. ... (MSG-3032)
Information:     5     2  0 ZRT-763   WARNING   Warning: Cell dut_fifo_INST/fifo_data_r_reg[3][9] is placed ... (MSG-3032)
Information:    32     8  0 OPT-902   WARNING   Warning: No clock routing rules were specified. Use set_cloc... (MSG-3032)
Information:   534  1292  6       15  <------   Total sum of messages (MSG-3038)
Information: >>>>>>> Summary: 1292 error&warning MSGs observed during fusion (MSG-3103)
Information: Ending   'compile_fusion -to logic_opto' (FLW-8001)
Information: Time: 2025-06-18 11:05:28 / Session:  00:01:30 / Command:  00:00:38 / CPU:  00:01:10 / Memory: 1419 MB (FLW-8100)
Information: CPU Load: 17%, Ram Free: 38 GB, Swap Free: 1 GB, Work Disk Free: 308 GB, Tmp Disk Free: 308 GB (MSG-3995)
1
#### Insert Boundary and TAP cells in the design
# source -echo ../scripts/insert_special_physical_cells.tcl
#### Analyze the design
redirect -file ${ReportsDir}/${DesignStage}_report_congestion.rpt {report_congestion -rerun_global_router}
generateReports ${DesignStage}
Generating reports for the design stage: tuned_auto_floorplan ...
[Tim-Power] Info: Cleared Leakage libCell cache.
Reports have been generated for the design stage: tuned_auto_floorplan.
#### Write out the created floorplan 
write_floorplan -output ${ResultsDir}/auto_floorplan_files -exclude {cells nets} 
Writing floorplan for dut_toplevel.design
Since nets are selected, cells will be added as well, to satisfy DEF dependency.
Information: Creating dummy net '_dummynet0' for unconnected port 'VDD'. (DEFW-006)
Information: Creating dummy net '_dummynet1' for unconnected port 'VSS'. (DEFW-006)
1
#### Write DEF for created floorplan
write_def -exclude {cells nets} ${ResultsDir}/auto_floorplan.def
****************************************
Report : Data Mismatches
Version: V-2023.12
Date   : Wed Jun 18 11:05:31 2025
****************************************
No mismatches exist on the design.
Information: Creating dummy net '_dummynet0' for unconnected port 'VDD'. (DEFW-006)
Information: Creating dummy net '_dummynet1' for unconnected port 'VSS'. (DEFW-006)
---------------------------------------
Number of Written DEF Constructs
---------------------------------------
VERSION                        : 1
DIVIDERCHAR                    : 1
BUSBITCHARS                    : 1
DESIGN                         : 1
UNITS                          : 1
PROPERTYDEFINITIONS            : 1
DIEAREA                        : 1
ROW                            : 48
TRACKS                         : 20
PINS                           : 170
PINPROPERTIES                  : 170
1
get_blocks -all
{dut_toplevel.dlib:dut_toplevel.design dut_toplevel.dlib:dut_toplevel/rtl_read.design dut_toplevel.dlib:dut_toplevel/auto_floorplan.design}
save_block
Information: The command 'save_block' cleared the undo history. (UNDO-016)
Information: Saving block 'dut_toplevel.dlib:dut_toplevel/auto_floorplan.design'
1
save_lib
Saving library 'dut_toplevel.dlib'
1
close_blocks
Information: Decrementing open_count of block 'dut_toplevel.dlib:dut_toplevel/auto_floorplan.design' to 1. (DES-022)
1
close_lib
Closing library 'dut_toplevel.dlib'
Information: The net parasitics of block dut_toplevel are cleared. (TIM-123)
1
exit
Maximum memory usage for this session: 1418.99 MB
Maximum memory usage for this session including child processes: 1418.99 MB
CPU usage for this session:    194 seconds (  0.05 hours)
Elapsed time for this session:     93 seconds (  0.03 hours)
Thank you for using Fusion Compiler.
