


                              Fusion Compiler (TM)

                  Version V-2023.12 for linux64 - Nov 23, 2023
  This release has significant feature enhancements. Please review the Release
                       Notes associated with this release.

                    Copyright (c) 1988 - 2023 Synopsys, Inc.
   This software and the associated documentation are proprietary to Synopsys,
 Inc. This software may only be used in accordance with the terms and conditions
 of a written license agreement with Synopsys, Inc. All other use, reproduction,
   or distribution of this software is strictly prohibited.  Licensed Products
     communicate with Synopsys servers for the purpose of providing software
    updates, detecting software piracy and verifying that customers are using
    Licensed Products in conformity with the applicable License Key for such
  Licensed Products. Synopsys will use information gathered in connection with
    this process to deliver software updates and pursue software pirates and
                                   infringers.

 Inclusivity & Diversity - Visit SolvNetPlus to read the "Synopsys Statement on
            Inclusivity and Diversity" (Refer to article 000036315 at
                        https://solvnetplus.synopsys.com)
 
Error: This script has expired. Please contact Aditya/Amir/Wei-Chih.
Loading user preference file /home/student/.synopsys_fc_gui/preferences.tcl
#####################################################################
#####                          Task 4                           #####
#####################################################################
#### Sourcing main setup script
source -echo  ../../setup/main_setup.tcl
#####################################################################
#####		Common Setup Script for Fusion Compiler		#####
#####################################################################
set LabRootDir			"[pwd]/../../.."     ; # root dir for the labs
set LabDir				"${LabRootDir}/lab" ; # directory for lab exercises
set SrcDir				"${LabRootDir}/src"  ; # directory for source files (RTL, SDC)
set TechLibDir			"/eda/synopsys/files/FC_Labs/common" ; # technology library path
set SetupDir			"${LabDir}/setup"   ; # directory with setup files
set TechLibName			"saed14rvt"			 ; # define library name
set CellPrefix			"SAEDRVT14"			 ; # define cell prefix
set TechNodeName		"saed14nm"			 ; # define technology node name
set MetalStack			"1p9m"				 ; # define metal stack
set RefNdmType			"frame_only"		 ; # define reference ndm type: "frame_only" or "frame_timing"
set RefLibDir			"${TechLibDir}/ndm" ; # reference library path
set RefLib				"${RefLibDir}/${TechLibName}_${RefNdmType}.ndm" ; # reference library
set TechFileDir    		"${TechLibDir}/tf"  ; # directory with technology file(s)
set TechFile			"${TechFileDir}/${TechNodeName}_${MetalStack}.tf" ; # technology file
#set TechNdm				""
set LibertyDir			"${TechLibDir}/liberty" ; #
set TlupDir				"${TechLibDir}/tlup" ; #
set TlupMinFile			"${TlupDir}/${TechNodeName}_${MetalStack}_Cmin.tlup" ; #
set TlupNomFile			"${TlupDir}/${TechNodeName}_${MetalStack}_Cnom.tlup" ; #
set TlupMaxFile			"${TlupDir}/${TechNodeName}_${MetalStack}_Cmax.tlup" ; #
set NxtGrdDir			"${TechLibDir}/nxtgrd" ; #
set NxtGrdMinFile		"${NxtGrdDir}/${TechNodeName}_${MetalStack}_Cmin.nxtgrd" ; #
set NxtGrdNomFile		"${NxtGrdDir}/${TechNodeName}_${MetalStack}_Cnom.nxtgrd" ; #
set NxtGrdMaxFile		"${NxtGrdDir}/${TechNodeName}_${MetalStack}_Cmax.nxtgrd" ; #
set MapDir				"${TechLibDir}/map" ; #
set GdsDir				"${TechLibDir}/gds" ; #
set RunsetDir			"${TechLibDir}/runsets" ; #
set GdsFile				"${GdsDir}/saed14rvt.gds" ; #
set GdsMapFile			"${MapDir}/saed14nm_1p9m_gdsout_mw.map" ; #
set LayerMapFile		"${MapDir}/${TechNodeName}_tf_itf_tluplus.map" ; #
set DrcRunsetFile		"${RunsetDir}/saed14nm_1p9m_drc_rules.rs" ; #
set MetalFillRunsetFile	"${RunsetDir}/saed14nm_1p9m_mfill_rules.rs" ; #
set RtlDir				"${SrcDir}/rtl" ; # directory with source files
set SystemVerilogDir	"${RtlDir}/sverilog" ; # directory containing SystemVerilog HDL source files
set VerilogDir			"${RtlDir}/verilog" ; # directory containing Verilog HDL source files
set VhdlDir				"${RtlDir}/vhdl" ; # directory containing VHDL source files
set SdcDir				"${SrcDir}/sdc" ; # directory with constraint files
set ResultsDir			"${LabDir}/results" ; # directory for outcomes of the lab
set ReportsDir			"${LabDir}/reports" ; # directory for report files
set SolutionDir         "${LabDir}/solution"
set ScreenshotsDir      "${LabDir}/screenshots"
echo					${SetupDir}
/home/student/Documents/kdz/ASIC/labs/Lab_4/asic_lab4/lab/task4/work/../../../lab/setup
source 					${SetupDir}/utilities.tcl
#### Sourcing project specyfic setup script
source -echo  ${SetupDir}/design_setup.tcl
#####################################################################
#####		Design Setup Script for Fusion Compiler		#####
#####################################################################
set DesignName				"dut_toplevel"			; # define design name # 
set DesignLibrary			"${DesignName}.dlib"	; # define design library name # 
set WorkDir					"[pwd]"					; # define current working directory # 
set TechFlowType			"tf"					; # set "tf" for TECH_FILE-based flow or set "ndm" for TECH_NDM-based flow. # 
set ParasiticModel			"tlup"					; # set "tlup" for using TLUP files or  set "nxtgrd" for using NXTGRD files. # 
set HDL						"sverilog"				; # set "sverilog", "verilog" or "vhdl" for reading SystemVerilog, Verilog or VHDL RTL, respectively.
set SdcFile					"${SdcDir}/${DesignName}.sdc" ; # specify file with design constraints # 
set NormalModeSdcFile		"${SdcDir}/${DesignName}_normal.sdc" ; # specify file with design constraints for normal mode 
set PowerSaveModeSdcFile	"${SdcDir}/${DesignName}_power_save.sdc" ; # specify file with design constraints for low power mode 
set PVT_FF					"ff0p88v125c"			; # set FF PVT
set PVT_TT					"tt0p8v25c"				; # set TT PVT
set PVT_SS					"ss0p72vm40c"			; # set SS PVT
set DB_FF					"${LibertyDir}/${TechLibName}_${PVT_FF}.db"
set DB_TT					"${LibertyDir}/${TechLibName}_${PVT_TT}.db"
set DB_SS					"${LibertyDir}/${TechLibName}_${PVT_SS}.db"
set TapCellDistance			40
#Configure host file/options
set_host_options -max_cores 12
1
open_lib ${ResultsDir}/${DesignLibrary}
Information: Loading library file '/home/student/Documents/kdz/ASIC/labs/Lab_4/asic_lab4/lab/results/dut_toplevel.dlib' (FILE-007)
Information: Loading library file '/home/student/Documents/kdz/ASIC/labs/Lab_4/asic_lab4/lab/task2/work/CLIBs/saed14rvt_c.ndm' (FILE-007)
Information: Loading library file '/home/student/Documents/kdz/ASIC/labs/Lab_4/asic_lab4/lab/task2/work/CLIBs/saed14rvt_c_physical_only.ndm' (FILE-007)
Information: Auto created reference libraries are up-to-date, no need to rebuild. (LIB-084)
{dut_toplevel.dlib}
proc make_layout_screenshot {suffix} {
    variable ScreenshotsDir

    gui_start
    set top [gui_create_window -type TopLevel]
    set layout [gui_create_window -type Layout -parent $top]
    gui_show_window -window $top -show_state {maximized}
    gui_show_window -window $layout -show_state {maximized}
    gui_write_window_image -window $layout -clip -file ${ScreenshotsDir}/floorplan_layout_${suffix}.png
    gui_stop
}
#####################################################################
#####                       Auto Floorplan                      #####
#####################################################################
copy_block -from ${DesignName}/rtl_read -to ${DesignName}/auto_floorplan
Information: User units loaded from library 'saed14rvt_ff0p88v125c' (LNK-040)
{dut_toplevel.dlib:dut_toplevel/auto_floorplan.design}
open_block ${DesignName}/auto_floorplan
Information: Incrementing open_count of block 'dut_toplevel.dlib:dut_toplevel/auto_floorplan.design' to 2. (DES-021)
{dut_toplevel.dlib:dut_toplevel/auto_floorplan.design}
source -echo ${SetupDir}/technology_setup.tcl
#####################################################################
#####					Technology Setup Script					#####
#####################################################################
set_attribute [get_site_defs unit] symmetry Y
set_attribute [get_site_defs unit] is_default true
if {[string equal tlup ${ParasiticModel}]} {
	read_parasitic_tech -layermap ${LayerMapFile} -tlup ${TlupMaxFile} -name maxTLU
	read_parasitic_tech -layermap ${LayerMapFile} -tlup ${TlupNomFile} -name nomTLU
	read_parasitic_tech -layermap ${LayerMapFile} -tlup ${TlupMinFile} -name minTLU
} elseif {[string equal nxtgrd ${ParasiticModel}]} {
	read_parasitic_tech -layermap ${LayerMapFile} -tlup ${NxtGrdMaxFile} -name maxTLU
	read_parasitic_tech -layermap ${LayerMapFile} -tlup ${NxtGrdNomFile} -name nomTLU
	read_parasitic_tech -layermap ${LayerMapFile} -tlup ${NxtGrdMinFile} -name minTLU
} 
Information: The command 'read_parasitic_tech' cleared the undo history. (UNDO-016)
WARNING: Layer mapping file warning. Tech layer 'M1_3' mapped in layer mapping file cannot be found in technology section.
WARNING: Layer mapping file warning. Tech layer 'M2_3' mapped in layer mapping file cannot be found in technology section.
WARNING: Layer mapping file warning. Tech layer 'M3_3' mapped in layer mapping file cannot be found in technology section.
WARNING: Layer mapping file warning. Tech layer 'M1_3' mapped in layer mapping file cannot be found in technology section.
WARNING: Layer mapping file warning. Tech layer 'M2_3' mapped in layer mapping file cannot be found in technology section.
WARNING: Layer mapping file warning. Tech layer 'M3_3' mapped in layer mapping file cannot be found in technology section.
WARNING: Layer mapping file warning. Tech layer 'M1_3' mapped in layer mapping file cannot be found in technology section.
WARNING: Layer mapping file warning. Tech layer 'M2_3' mapped in layer mapping file cannot be found in technology section.
WARNING: Layer mapping file warning. Tech layer 'M3_3' mapped in layer mapping file cannot be found in technology section.
suppress_message ATTR-12
set_attribute [get_layers {M1 M3 M5 M7 M9}]   routing_direction horizontal
set_attribute [get_layers {M2 M4 M6 M8 MRDL}] routing_direction vertical
unsuppress_message ATTR-12
read_sdc -echo ${SdcFile}
Information: The command 'read_sdc' cleared the undo history. (UNDO-016)
Using libraries: dut_toplevel.dlib saed14rvt_ff0p88v125c saed14rvt_c_physical_only
Visiting block dut_toplevel.dlib:dut_toplevel/auto_floorplan.design
Design 'dut_toplevel' was successfully linked.
Information: Loading SDC version 2.1 file '/home/student/Documents/kdz/ASIC/labs/Lab_4/asic_lab4/src/sdc/dut_toplevel.sdc' (FILE-007)
set PERIOD 3
set CLOCK_NAME clk
create_clock -period $PERIOD -name $CLOCK_NAME [get_ports $CLOCK_NAME]
1
source -echo ${SetupDir}/mcmm_setup.tcl
#####################################################################
#####                       MCMM Setup Script                   #####
#####################################################################
# Remove all MCMM related info
remove_corners -all
remove_modes -all
remove_scenarios -all
# Create Corner(s)
create_corner Fast
create_corner Typical
create_corner Slow
# Set parasitics parameters
set_parasitic_parameters -early_spec minTLU -late_spec minTLU -corners {Fast}
set_parasitic_parameters -early_spec nomTLU -late_spec nomTLU -corners {Typical}
set_parasitic_parameters -early_spec maxTLU -late_spec maxTLU -corners {Slow}
# Create Mode
foreach mode_name {Normal PowerSave} {
    echo "Current mode: ${mode_name}"

    # Create mode
    create_mode ${mode_name}
    current_mode ${mode_name}

    # Create scenarios for current mode
    foreach corner_name {Fast Typical Slow} {
        create_scenario -mode ${mode_name} -corner ${corner_name} -name ${mode_name}_${corner_name}
    }

    # Read constraints for each scenario
    set scenarios [get_attribute [get_scenarios -modes ${mode_name}] name]

    echo "Current mode scenarios: ${scenarios}"

    # create_clock applies to current mode and should not be redefined for each scenario - only its constraints
    # Just ignore those warnings
    foreach scenario ${scenarios} {
        echo "Current scenario: ${scenario}"
        current_scenario ${scenario}
        read_sdc [set ${mode_name}ModeSdcFile]
    }

    # Set operating conditions for each corner and scenario
    current_corner Fast
    current_scenario ${mode_name}_Fast
    set_operating_conditions ${PVT_FF}

    current_corner Typical
    current_scenario ${mode_name}_Typical
    set_operating_conditions ${PVT_TT}

    current_corner Slow
    current_scenario ${mode_name}_Slow
    set_operating_conditions ${PVT_SS}

    # Scenario configuration
    set_scenario_status ${mode_name}_Fast -setup false -hold true -leakage_power false -dynamic_power true -max_transition false -max_capacitance true -active true
    set_scenario_status ${mode_name}_Typical -all -active true
    set_scenario_status ${mode_name}_Slow -setup true -hold false -leakage_power true -dynamic_power true -max_transition true -max_capacitance false -active true
}
Current mode: Normal
Created scenario Normal_Fast for mode Normal and corner Fast
All analysis types are activated.
Created scenario Normal_Typical for mode Normal and corner Typical
All analysis types are activated.
Created scenario Normal_Slow for mode Normal and corner Slow
All analysis types are activated.
Current mode scenarios: Normal_Fast Normal_Slow Normal_Typical
Current scenario: Normal_Fast
Information: Loading SDC version 2.1 file '/home/student/Documents/kdz/ASIC/labs/Lab_4/asic_lab4/src/sdc/dut_toplevel_normal.sdc' (FILE-007)
Current scenario: Normal_Slow
Information: Loading SDC version 2.1 file '/home/student/Documents/kdz/ASIC/labs/Lab_4/asic_lab4/src/sdc/dut_toplevel_normal.sdc' (FILE-007)
Warning: Redefining clock 'clk'.  
        Previously defined at: /home/student/Documents/kdz/ASIC/labs/Lab_4/asic_lab4/src/sdc/dut_toplevel_common.sdc, line 1 (UIC-034)
Current scenario: Normal_Typical
Information: Loading SDC version 2.1 file '/home/student/Documents/kdz/ASIC/labs/Lab_4/asic_lab4/src/sdc/dut_toplevel_normal.sdc' (FILE-007)
Warning: Redefining clock 'clk'.  
        Previously defined at: /home/student/Documents/kdz/ASIC/labs/Lab_4/asic_lab4/src/sdc/dut_toplevel_common.sdc, line 1 (UIC-034)
Scenario Normal_Fast (mode Normal corner Fast) is active for hold/dynamic_power/max_capacitance/min_capacitance analysis.
Information: Cellem using advance interpolation.
Scenario Normal_Typical (mode Normal corner Typical) is active for setup/hold/leakage_power/dynamic_power/max_transition/max_capacitance/min_capacitance/cell_em/signal_em analysis.
Scenario Normal_Slow (mode Normal corner Slow) is active for setup/leakage_power/dynamic_power/max_transition/min_capacitance analysis.
Current mode: PowerSave
Created scenario PowerSave_Fast for mode PowerSave and corner Fast
All analysis types are activated.
Created scenario PowerSave_Typical for mode PowerSave and corner Typical
All analysis types are activated.
Created scenario PowerSave_Slow for mode PowerSave and corner Slow
All analysis types are activated.
Current mode scenarios: PowerSave_Fast PowerSave_Slow PowerSave_Typical
Current scenario: PowerSave_Fast
Information: Loading SDC version 2.1 file '/home/student/Documents/kdz/ASIC/labs/Lab_4/asic_lab4/src/sdc/dut_toplevel_power_save.sdc' (FILE-007)
Current scenario: PowerSave_Slow
Information: Loading SDC version 2.1 file '/home/student/Documents/kdz/ASIC/labs/Lab_4/asic_lab4/src/sdc/dut_toplevel_power_save.sdc' (FILE-007)
Warning: Redefining clock 'clk'.  
        Previously defined at: /home/student/Documents/kdz/ASIC/labs/Lab_4/asic_lab4/src/sdc/dut_toplevel_common.sdc, line 1 (UIC-034)
Current scenario: PowerSave_Typical
Information: Loading SDC version 2.1 file '/home/student/Documents/kdz/ASIC/labs/Lab_4/asic_lab4/src/sdc/dut_toplevel_power_save.sdc' (FILE-007)
Warning: Redefining clock 'clk'.  
        Previously defined at: /home/student/Documents/kdz/ASIC/labs/Lab_4/asic_lab4/src/sdc/dut_toplevel_common.sdc, line 1 (UIC-034)
Scenario PowerSave_Fast (mode PowerSave corner Fast) is active for hold/dynamic_power/max_capacitance/min_capacitance analysis.
Scenario PowerSave_Typical (mode PowerSave corner Typical) is active for setup/hold/leakage_power/dynamic_power/max_transition/max_capacitance/min_capacitance/cell_em/signal_em analysis.
Scenario PowerSave_Slow (mode PowerSave corner Slow) is active for setup/leakage_power/dynamic_power/max_transition/min_capacitance analysis.
set_app_options -name place.coarse.continue_on_missing_scandef -value true
place.coarse.continue_on_missing_scandef true
set_app_options -name compile.auto_floorplan.enable -value true
compile.auto_floorplan.enable true
report_app_options -non_default
****************************************
Report : app_option
           -non_default
Design : dut_toplevel
Version: V-2023.12
Date   : Wed Jun  4 15:43:30 2025
****************************************
Name                                     Type       Value      User-value   User-default System-default Scope      Status     Source
---------------------------------------- ---------- ---------- ------------ ------------ -------------- ---------- ---------- ------------------------------------------------------------------------------------
place.coarse.continue_on_missing_scandef bool       true       true         --           false          block      normal     /home/student/Documents/kdz/ASIC/labs/Lab_4/asic_lab4/lab/task4/scripts/task4.tcl:35
---------------------------------------- ---------- ---------- ------------ ------------ -------------- ---------- ---------- ------------------------------------------------------------------------------------

There are additional internal differences with no available TBC source.
1
compile_fusion -check_only
Warning: No site rows found in floorplan. (LGL-397)
Information: Timer using 12 threads
INFO: compile_fusion is running in balanced flow mode.
Warning: No site rows found in floorplan. (LGL-397)
Information: Starting 'compile_fusion -check_only' (FLW-8000)
Information: Time: 2025-06-04 15:43:30 / Session:  00:00:08 / Command:  00:00:00 / CPU:  00:00:00 / Memory: 475 MB (FLW-8100)
Information: CPU Load: 4%, Ram Free: 45 GB, Swap Free: 1 GB, Work Disk Free: 308 GB, Tmp Disk Free: 308 GB (MSG-3995)
CPU Load: 4%, Ram Free: 45 GB, Swap Free: 1 GB, Work Disk Free: 308 GB, Tmp Disk Free: 308 GB
Warning: No site rows found in floorplan. (LGL-397)
INFO: Start environment monitoring: recipes
INFO: compile_fusion is running in balanced flow mode.
Warning: No site rows found in floorplan. (LGL-397)
Warning: No site rows found in floorplan. (LGL-397)
Warning: No site rows found in floorplan. (LGL-397)
Warning: No site rows found in floorplan. (LGL-397)
Warning: No site rows found in floorplan. (LGL-397)
Warning: No site rows found in floorplan. (LGL-397)
Warning: No site rows found in floorplan. (LGL-397)
Warning: In design 'dut_toplevel', port 'proc_req_in0_arb_mode_id[0]' is connected to a zero width bus. (DCHK-024)
Warning: In design 'dut_toplevel', port 'proc_req_in1_arb_mode_id[0]' is connected to a zero width bus. (DCHK-024)
Warning: In design 'dut_toplevel', port 'proc_req_in2_arb_mode_id[0]' is connected to a zero width bus. (DCHK-024)
Warning: In design 'dut_processing_control_INST', port 'dut_processing_control_INST/proc_req_in0_arb_mode_id[0]' is connected to a zero width bus. (DCHK-024)
Warning: In design 'dut_processing_control_INST', port 'dut_processing_control_INST/proc_req_in1_arb_mode_id[0]' is connected to a zero width bus. (DCHK-024)
Warning: In design 'dut_processing_control_INST', port 'dut_processing_control_INST/proc_req_in2_arb_mode_id[0]' is connected to a zero width bus. (DCHK-024)
Warning: In design 'dut_processing_control_INST', port 'dut_processing_control_INST/VDD' is not connected to any nets. (DCHK-016)
Warning: In design 'dut_processing_control_INST', port 'dut_processing_control_INST/VSS' is not connected to any nets. (DCHK-016)
Warning: In design 'dut_input_channel_control_0_INST', port 'dut_input_channel_control_0_INST/VDD' is not connected to any nets. (DCHK-016)
Warning: In design 'dut_input_channel_control_0_INST', port 'dut_input_channel_control_0_INST/VSS' is not connected to any nets. (DCHK-016)
Warning: In design 'dut_input_channel_control_1_INST', port 'dut_input_channel_control_1_INST/VDD' is not connected to any nets. (DCHK-016)
Warning: In design 'dut_input_channel_control_1_INST', port 'dut_input_channel_control_1_INST/VSS' is not connected to any nets. (DCHK-016)
Warning: In design 'dut_input_channel_control_2_INST', port 'dut_input_channel_control_2_INST/VDD' is not connected to any nets. (DCHK-016)
Warning: In design 'dut_input_channel_control_2_INST', port 'dut_input_channel_control_2_INST/VSS' is not connected to any nets. (DCHK-016)
Warning: In design 'dut_arbiter_INST', port 'dut_arbiter_INST/in0_arb_mode_id_en[0]' is connected to a zero width bus. (DCHK-024)
Warning: In design 'dut_arbiter_INST', port 'dut_arbiter_INST/in1_arb_mode_id_en[0]' is connected to a zero width bus. (DCHK-024)
Warning: In design 'dut_arbiter_INST', port 'dut_arbiter_INST/in2_arb_mode_id_en[0]' is connected to a zero width bus. (DCHK-024)
Warning: In design 'dut_arbiter_INST', port 'dut_arbiter_INST/VDD' is not connected to any nets. (DCHK-016)
Warning: In design 'dut_arbiter_INST', port 'dut_arbiter_INST/VSS' is not connected to any nets. (DCHK-016)
Warning: In design 'math_wrapper_INST', input pin 'math_wrapper_INST/dut_multiplier_18x18_comb_inst/VDD' of hierarchical cell 'math_wrapper_INST/dut_multiplier_18x18_comb_inst' has no internal loads and is not being driven. (DCHK-004)
Warning: In design 'math_wrapper_INST', input pin 'math_wrapper_INST/dut_multiplier_18x18_comb_inst/VSS' of hierarchical cell 'math_wrapper_INST/dut_multiplier_18x18_comb_inst' has no internal loads and is not being driven. (DCHK-004)
Warning: In design 'math_wrapper_INST', port 'math_wrapper_INST/VDD' is not connected to any nets. (DCHK-016)
Warning: In design 'math_wrapper_INST', port 'math_wrapper_INST/VSS' is not connected to any nets. (DCHK-016)
Warning: In design 'math_wrapper_INST/dut_multiplier_18x18_comb_inst', input pin 'math_wrapper_INST/dut_multiplier_18x18_comb_inst/mult_a0b0/VDD' of hierarchical cell 'math_wrapper_INST/dut_multiplier_18x18_comb_inst/mult_a0b0' has no internal loads and is not being driven. (DCHK-004)
Warning: In design 'math_wrapper_INST/dut_multiplier_18x18_comb_inst', input pin 'math_wrapper_INST/dut_multiplier_18x18_comb_inst/mult_a0b0/VSS' of hierarchical cell 'math_wrapper_INST/dut_multiplier_18x18_comb_inst/mult_a0b0' has no internal loads and is not being driven. (DCHK-004)
Warning: In design 'math_wrapper_INST/dut_multiplier_18x18_comb_inst', input pin 'math_wrapper_INST/dut_multiplier_18x18_comb_inst/mult_a1b0/VDD' of hierarchical cell 'math_wrapper_INST/dut_multiplier_18x18_comb_inst/mult_a1b0' has no internal loads and is not being driven. (DCHK-004)
Warning: In design 'math_wrapper_INST/dut_multiplier_18x18_comb_inst', input pin 'math_wrapper_INST/dut_multiplier_18x18_comb_inst/mult_a1b0/VSS' of hierarchical cell 'math_wrapper_INST/dut_multiplier_18x18_comb_inst/mult_a1b0' has no internal loads and is not being driven. (DCHK-004)
Warning: In design 'math_wrapper_INST/dut_multiplier_18x18_comb_inst', input pin 'math_wrapper_INST/dut_multiplier_18x18_comb_inst/mult_a0b1/VDD' of hierarchical cell 'math_wrapper_INST/dut_multiplier_18x18_comb_inst/mult_a0b1' has no internal loads and is not being driven. (DCHK-004)
Warning: In design 'math_wrapper_INST/dut_multiplier_18x18_comb_inst', input pin 'math_wrapper_INST/dut_multiplier_18x18_comb_inst/mult_a0b1/VSS' of hierarchical cell 'math_wrapper_INST/dut_multiplier_18x18_comb_inst/mult_a0b1' has no internal loads and is not being driven. (DCHK-004)
Warning: In design 'math_wrapper_INST/dut_multiplier_18x18_comb_inst', input pin 'math_wrapper_INST/dut_multiplier_18x18_comb_inst/mult_a1b1/VDD' of hierarchical cell 'math_wrapper_INST/dut_multiplier_18x18_comb_inst/mult_a1b1' has no internal loads and is not being driven. (DCHK-004)
Warning: In design 'math_wrapper_INST/dut_multiplier_18x18_comb_inst', input pin 'math_wrapper_INST/dut_multiplier_18x18_comb_inst/mult_a1b1/VSS' of hierarchical cell 'math_wrapper_INST/dut_multiplier_18x18_comb_inst/mult_a1b1' has no internal loads and is not being driven. (DCHK-004)
Warning: In design 'math_wrapper_INST/dut_multiplier_18x18_comb_inst', port 'math_wrapper_INST/dut_multiplier_18x18_comb_inst/VDD' is not connected to any nets. (DCHK-016)
Warning: In design 'math_wrapper_INST/dut_multiplier_18x18_comb_inst', port 'math_wrapper_INST/dut_multiplier_18x18_comb_inst/VSS' is not connected to any nets. (DCHK-016)
Warning: In design 'math_wrapper_INST/dut_multiplier_18x18_comb_inst/mult_a0b0', port 'math_wrapper_INST/dut_multiplier_18x18_comb_inst/mult_a0b0/VDD' is not connected to any nets. (DCHK-016)
Warning: In design 'math_wrapper_INST/dut_multiplier_18x18_comb_inst/mult_a0b0', port 'math_wrapper_INST/dut_multiplier_18x18_comb_inst/mult_a0b0/VSS' is not connected to any nets. (DCHK-016)
Warning: In design 'math_wrapper_INST/dut_multiplier_18x18_comb_inst/mult_a1b0', port 'math_wrapper_INST/dut_multiplier_18x18_comb_inst/mult_a1b0/VDD' is not connected to any nets. (DCHK-016)
Warning: In design 'math_wrapper_INST/dut_multiplier_18x18_comb_inst/mult_a1b0', port 'math_wrapper_INST/dut_multiplier_18x18_comb_inst/mult_a1b0/VSS' is not connected to any nets. (DCHK-016)
Warning: In design 'math_wrapper_INST/dut_multiplier_18x18_comb_inst/mult_a0b1', port 'math_wrapper_INST/dut_multiplier_18x18_comb_inst/mult_a0b1/VDD' is not connected to any nets. (DCHK-016)
Warning: In design 'math_wrapper_INST/dut_multiplier_18x18_comb_inst/mult_a0b1', port 'math_wrapper_INST/dut_multiplier_18x18_comb_inst/mult_a0b1/VSS' is not connected to any nets. (DCHK-016)
Warning: In design 'math_wrapper_INST/dut_multiplier_18x18_comb_inst/mult_a1b1', port 'math_wrapper_INST/dut_multiplier_18x18_comb_inst/mult_a1b1/VDD' is not connected to any nets. (DCHK-016)
Warning: In design 'math_wrapper_INST/dut_multiplier_18x18_comb_inst/mult_a1b1', port 'math_wrapper_INST/dut_multiplier_18x18_comb_inst/mult_a1b1/VSS' is not connected to any nets. (DCHK-016)
Warning: In design 'dut_fifo_INST', cell 'dut_fifo_INST/B_0' does not drive any nets. (DCHK-008)
Warning: In design 'dut_fifo_INST', cell 'dut_fifo_INST/B_1' does not drive any nets. (DCHK-008)
Warning: In design 'dut_fifo_INST', port 'dut_fifo_INST/fifo_full' is connected to net 'dut_fifo_INST/N0' which does not have same name. (DCHK-026)
Warning: In design 'dut_fifo_INST', port 'dut_fifo_INST/VDD' is not connected to any nets. (DCHK-016)
Warning: In design 'dut_fifo_INST', port 'dut_fifo_INST/VSS' is not connected to any nets. (DCHK-016)
Warning: In design 'dut_output_control_INST', port 'dut_output_control_INST/fifo_out_data_packed[38]' is connected to net 'dut_output_control_INST/out_data[35]' which does not have same name. (DCHK-026)
Warning: In design 'dut_output_control_INST', port 'dut_output_control_INST/fifo_out_data_packed[37]' is connected to net 'dut_output_control_INST/out_data[34]' which does not have same name. (DCHK-026)
Warning: In design 'dut_output_control_INST', port 'dut_output_control_INST/fifo_out_data_packed[36]' is connected to net 'dut_output_control_INST/out_data[33]' which does not have same name. (DCHK-026)
Warning: In design 'dut_output_control_INST', port 'dut_output_control_INST/fifo_out_data_packed[35]' is connected to net 'dut_output_control_INST/out_data[32]' which does not have same name. (DCHK-026)
Warning: In design 'dut_output_control_INST', port 'dut_output_control_INST/fifo_out_data_packed[34]' is connected to net 'dut_output_control_INST/out_data[31]' which does not have same name. (DCHK-026)
Warning: In design 'dut_output_control_INST', port 'dut_output_control_INST/fifo_out_data_packed[33]' is connected to net 'dut_output_control_INST/out_data[30]' which does not have same name. (DCHK-026)
Warning: In design 'dut_output_control_INST', port 'dut_output_control_INST/fifo_out_data_packed[32]' is connected to net 'dut_output_control_INST/out_data[29]' which does not have same name. (DCHK-026)
Warning: In design 'dut_output_control_INST', port 'dut_output_control_INST/fifo_out_data_packed[31]' is connected to net 'dut_output_control_INST/out_data[28]' which does not have same name. (DCHK-026)
Warning: In design 'dut_output_control_INST', port 'dut_output_control_INST/fifo_out_data_packed[30]' is connected to net 'dut_output_control_INST/out_data[27]' which does not have same name. (DCHK-026)
Warning: In design 'dut_output_control_INST', port 'dut_output_control_INST/fifo_out_data_packed[29]' is connected to net 'dut_output_control_INST/out_data[26]' which does not have same name. (DCHK-026)
Warning: In design 'dut_output_control_INST', port 'dut_output_control_INST/fifo_out_data_packed[28]' is connected to net 'dut_output_control_INST/out_data[25]' which does not have same name. (DCHK-026)
Warning: In design 'dut_output_control_INST', port 'dut_output_control_INST/fifo_out_data_packed[27]' is connected to net 'dut_output_control_INST/out_data[24]' which does not have same name. (DCHK-026)
Warning: In design 'dut_output_control_INST', port 'dut_output_control_INST/fifo_out_data_packed[26]' is connected to net 'dut_output_control_INST/out_data[23]' which does not have same name. (DCHK-026)
Warning: In design 'dut_output_control_INST', port 'dut_output_control_INST/fifo_out_data_packed[25]' is connected to net 'dut_output_control_INST/out_data[22]' which does not have same name. (DCHK-026)
Warning: In design 'dut_output_control_INST', port 'dut_output_control_INST/fifo_out_data_packed[24]' is connected to net 'dut_output_control_INST/out_data[21]' which does not have same name. (DCHK-026)
Warning: In design 'dut_output_control_INST', port 'dut_output_control_INST/fifo_out_data_packed[23]' is connected to net 'dut_output_control_INST/out_data[20]' which does not have same name. (DCHK-026)
Warning: In design 'dut_output_control_INST', port 'dut_output_control_INST/fifo_out_data_packed[22]' is connected to net 'dut_output_control_INST/out_data[19]' which does not have same name. (DCHK-026)
Warning: In design 'dut_output_control_INST', port 'dut_output_control_INST/fifo_out_data_packed[21]' is connected to net 'dut_output_control_INST/out_data[18]' which does not have same name. (DCHK-026)
Warning: In design 'dut_output_control_INST', port 'dut_output_control_INST/fifo_out_data_packed[20]' is connected to net 'dut_output_control_INST/out_data[17]' which does not have same name. (DCHK-026)
Warning: In design 'dut_output_control_INST', port 'dut_output_control_INST/fifo_out_data_packed[19]' is connected to net 'dut_output_control_INST/out_data[16]' which does not have same name. (DCHK-026)
Warning: In design 'dut_output_control_INST', port 'dut_output_control_INST/fifo_out_data_packed[18]' is connected to net 'dut_output_control_INST/out_data[15]' which does not have same name. (DCHK-026)
Warning: In design 'dut_output_control_INST', port 'dut_output_control_INST/fifo_out_data_packed[17]' is connected to net 'dut_output_control_INST/out_data[14]' which does not have same name. (DCHK-026)
Warning: In design 'dut_output_control_INST', port 'dut_output_control_INST/fifo_out_data_packed[16]' is connected to net 'dut_output_control_INST/out_data[13]' which does not have same name. (DCHK-026)
Warning: In design 'dut_output_control_INST', port 'dut_output_control_INST/fifo_out_data_packed[15]' is connected to net 'dut_output_control_INST/out_data[12]' which does not have same name. (DCHK-026)
Warning: In design 'dut_output_control_INST', port 'dut_output_control_INST/fifo_out_data_packed[14]' is connected to net 'dut_output_control_INST/out_data[11]' which does not have same name. (DCHK-026)
Warning: In design 'dut_output_control_INST', port 'dut_output_control_INST/fifo_out_data_packed[13]' is connected to net 'dut_output_control_INST/out_data[10]' which does not have same name. (DCHK-026)
Warning: In design 'dut_output_control_INST', port 'dut_output_control_INST/fifo_out_data_packed[12]' is connected to net 'dut_output_control_INST/out_data[9]' which does not have same name. (DCHK-026)
Warning: In design 'dut_output_control_INST', port 'dut_output_control_INST/fifo_out_data_packed[11]' is connected to net 'dut_output_control_INST/out_data[8]' which does not have same name. (DCHK-026)
Warning: In design 'dut_output_control_INST', port 'dut_output_control_INST/fifo_out_data_packed[10]' is connected to net 'dut_output_control_INST/out_data[7]' which does not have same name. (DCHK-026)
Warning: In design 'dut_output_control_INST', port 'dut_output_control_INST/fifo_out_data_packed[9]' is connected to net 'dut_output_control_INST/out_data[6]' which does not have same name. (DCHK-026)
Warning: In design 'dut_output_control_INST', port 'dut_output_control_INST/fifo_out_data_packed[8]' is connected to net 'dut_output_control_INST/out_data[5]' which does not have same name. (DCHK-026)
Warning: In design 'dut_output_control_INST', port 'dut_output_control_INST/fifo_out_data_packed[7]' is connected to net 'dut_output_control_INST/out_data[4]' which does not have same name. (DCHK-026)
Warning: In design 'dut_output_control_INST', port 'dut_output_control_INST/fifo_out_data_packed[6]' is connected to net 'dut_output_control_INST/out_data[3]' which does not have same name. (DCHK-026)
Warning: In design 'dut_output_control_INST', port 'dut_output_control_INST/fifo_out_data_packed[5]' is connected to net 'dut_output_control_INST/out_data[2]' which does not have same name. (DCHK-026)
Warning: In design 'dut_output_control_INST', port 'dut_output_control_INST/fifo_out_data_packed[4]' is connected to net 'dut_output_control_INST/out_data[1]' which does not have same name. (DCHK-026)
Warning: In design 'dut_output_control_INST', port 'dut_output_control_INST/fifo_out_data_packed[3]' is connected to net 'dut_output_control_INST/out_data[0]' which does not have same name. (DCHK-026)
Warning: In design 'dut_output_control_INST', port 'dut_output_control_INST/fifo_out_data_packed[1]' is connected to net 'dut_output_control_INST/out_data_source_id[1]' which does not have same name. (DCHK-026)
Warning: In design 'dut_output_control_INST', port 'dut_output_control_INST/fifo_out_data_packed[0]' is connected to net 'dut_output_control_INST/out_data_source_id[0]' which does not have same name. (DCHK-026)
Warning: In design 'dut_output_control_INST', port 'dut_output_control_INST/out_data_last' is connected to net 'dut_output_control_INST/fifo_out_data_packed[2]' which does not have same name. (DCHK-026)
Warning: In design 'dut_output_control_INST', port 'dut_output_control_INST/VDD' is not connected to any nets. (DCHK-016)
Warning: In design 'dut_output_control_INST', port 'dut_output_control_INST/VSS' is not connected to any nets. (DCHK-016)
Warning: In design 'dut_fifo_INST', 'hierarchical' net 'dut_fifo_INST/N33' driven by leaf pin 'dut_fifo_INST/B_0/Z' has no loads. (DCHK-009)
Warning: In design 'dut_fifo_INST', 'hierarchical' net 'dut_fifo_INST/N36' driven by leaf pin 'dut_fifo_INST/B_1/Z' has no loads. (DCHK-009)
INFO: End environment monitoring: recipes
INFO: Restored 0 timer status, 8 app options, 0 tcl gvars, 0 env vars
Information: >>>>>>> 7 unique error and warning message tags while observing checkOnly: (MSG-3100)
Information: #prnt #trgr #lmt    Tag  Level     Format (or last printed message)                                (MSG-3036)
Information:     2     2  0 DCHK-009  WARNING   Warning: In design 'dut_fifo_INST', 'hierarchical' net 'dut_... (MSG-3032)
Information:    26    26  0 DCHK-016  WARNING   Warning: In design 'dut_output_control_INST', port 'dut_outp... (MSG-3032)
Information:    40    40  0 DCHK-026  WARNING   Warning: In design 'dut_output_control_INST', port 'dut_outp... (MSG-3032)
Information:    10    10  0 DCHK-004  WARNING   Warning: In design 'math_wrapper_INST/dut_multiplier_18x18_c... (MSG-3032)
Information:     2     2  0 DCHK-008  WARNING   Warning: In design 'dut_fifo_INST', cell 'dut_fifo_INST/B_1'... (MSG-3032)
Information:     9     9  0 DCHK-024  WARNING   Warning: In design 'dut_arbiter_INST', port 'dut_arbiter_INS... (MSG-3032)
Information:    10     9  0 LGL-397   WARNING   Warning: No site rows found in floorplan. (LGL-397)             (MSG-3032)
Information:    99    98  0        7  <------   Total sum of messages (MSG-3038)
Information: >>>>>>> Summary: 98 error&warning MSGs observed during checkOnly (MSG-3103)
Information: Ending   'compile_fusion -check_only' (FLW-8001)
Information: Time: 2025-06-04 15:43:31 / Session:  00:00:09 / Command:  00:00:01 / CPU:  00:00:00 / Memory: 652 MB (FLW-8100)
Information: CPU Load: 4%, Ram Free: 45 GB, Swap Free: 1 GB, Work Disk Free: 308 GB, Tmp Disk Free: 308 GB (MSG-3995)
1
compile_fusion -to logic_opto
Warning: No site rows found in floorplan. (LGL-397)
INFO: compile_fusion is running in balanced flow mode.
Warning: No site rows found in floorplan. (LGL-397)
Information: Starting 'compile_fusion -to logic_opto' (FLW-8000)
Information: Time: 2025-06-04 15:43:32 / Session:  00:00:09 / Command:  00:00:00 / CPU:  00:00:00 / Memory: 652 MB (FLW-8100)
Information: CPU Load: 4%, Ram Free: 45 GB, Swap Free: 1 GB, Work Disk Free: 308 GB, Tmp Disk Free: 308 GB (MSG-3995)
CPU Load: 4%, Ram Free: 45 GB, Swap Free: 1 GB, Work Disk Free: 308 GB, Tmp Disk Free: 308 GB
Warning: No site rows found in floorplan. (LGL-397)
INFO: Start environment monitoring: recipes
INFO: compile_fusion is running in balanced flow mode.
Warning: No site rows found in floorplan. (LGL-397)
Warning: No site rows found in floorplan. (LGL-397)
Warning: No site rows found in floorplan. (LGL-397)
Warning: No site rows found in floorplan. (LGL-397)
Warning: No site rows found in floorplan. (LGL-397)
Warning: No site rows found in floorplan. (LGL-397)
Warning: No site rows found in floorplan. (LGL-397)
Warning: Cannot infer functionality of libcell 'saed14rvt_ff0p88v125c/SAEDRVT14_FDNRBSBQ_V2_0P5' and will be excluded from sequential mapping. (SQM-1061)
Warning: Cannot infer functionality of libcell 'saed14rvt_ff0p88v125c/SAEDRVT14_FDNRBSBQ_V2_1' and will be excluded from sequential mapping. (SQM-1061)
Warning: Cannot infer functionality of libcell 'saed14rvt_ff0p88v125c/SAEDRVT14_FDNRBSBQ_V2_2' and will be excluded from sequential mapping. (SQM-1061)
Warning: Cannot infer functionality of libcell 'saed14rvt_ff0p88v125c/SAEDRVT14_FDNRBSBQ_V2_4' and will be excluded from sequential mapping. (SQM-1061)
Warning: Cannot infer functionality of libcell 'saed14rvt_ff0p88v125c/SAEDRVT14_FDPRBSBQ_V2_0P5' and will be excluded from sequential mapping. (SQM-1061)
Warning: Cannot infer functionality of libcell 'saed14rvt_ff0p88v125c/SAEDRVT14_FDPRBSBQ_V2_1' and will be excluded from sequential mapping. (SQM-1061)
Warning: Cannot infer functionality of libcell 'saed14rvt_ff0p88v125c/SAEDRVT14_FDPRBSBQ_V2_2' and will be excluded from sequential mapping. (SQM-1061)
Warning: Cannot infer functionality of libcell 'saed14rvt_ff0p88v125c/SAEDRVT14_FDPRBSBQ_V2_4' and will be excluded from sequential mapping. (SQM-1061)
Warning: Cannot infer functionality of libcell 'saed14rvt_ff0p88v125c/SAEDRVT14_FSDPRBSBQ_V2LP_0P5' and will be excluded from sequential mapping. (SQM-1061)
Warning: Cannot infer functionality of libcell 'saed14rvt_ff0p88v125c/SAEDRVT14_FSDPRBSBQ_V2LP_2' and will be excluded from sequential mapping. (SQM-1061)
Warning: Skipping check for single_bit_degenerate attribute on the multibit libcell 'saed14rvt_ff0p88v125c/SAEDRVT14_FSDN2_V2_0P5' since it is not a black-box. (SQM-1079)
Information: No single-bit representative was found for multibit lib cell 'saed14rvt_ff0p88v125c/SAEDRVT14_FSDN2_V2_0P5'. (SQM-2004)
Warning: Skipping check for single_bit_degenerate attribute on the multibit libcell 'saed14rvt_ff0p88v125c/SAEDRVT14_FSDN2_V2_1' since it is not a black-box. (SQM-1079)
Information: No single-bit representative was found for multibit lib cell 'saed14rvt_ff0p88v125c/SAEDRVT14_FSDN2_V2_1'. (SQM-2004)
Warning: Skipping check for single_bit_degenerate attribute on the multibit libcell 'saed14rvt_ff0p88v125c/SAEDRVT14_FSDN2_V2_2' since it is not a black-box. (SQM-1079)
Information: No single-bit representative was found for multibit lib cell 'saed14rvt_ff0p88v125c/SAEDRVT14_FSDN2_V2_2'. (SQM-2004)
Warning: Skipping check for single_bit_degenerate attribute on the multibit libcell 'saed14rvt_ff0p88v125c/SAEDRVT14_FSDN2_V2_4' since it is not a black-box. (SQM-1079)
Information: No single-bit representative was found for multibit lib cell 'saed14rvt_ff0p88v125c/SAEDRVT14_FSDN2_V2_4'. (SQM-2004)
Warning: Skipping check for single_bit_degenerate attribute on the multibit libcell 'saed14rvt_ff0p88v125c/SAEDRVT14_FSDN4_V2_0P5' since it is not a black-box. (SQM-1079)
Information: No single-bit representative was found for multibit lib cell 'saed14rvt_ff0p88v125c/SAEDRVT14_FSDN4_V2_0P5'. (SQM-2004)
Information: No single-bit representative was found for multibit lib cell 'saed14rvt_ff0p88v125c/SAEDRVT14_FSDN4_V2_1'. (SQM-2004)
Information: No single-bit representative was found for multibit lib cell 'saed14rvt_ff0p88v125c/SAEDRVT14_FSDN4_V2_2'. (SQM-2004)
Information: No single-bit representative was found for multibit lib cell 'saed14rvt_ff0p88v125c/SAEDRVT14_FSDN4_V2_4'. (SQM-2004)
Warning: Found 8 multibit sequential library cells that have missing/added attributes or have restrictions that prevent them from banking. (SQM-1053)
0 sequential multibit library cells have restrictions (dont_use or dont_touch).
8 sequential multibit library cells have missing sequential mapping relevant attributes
Information: 6 out of 16 SQM-1061 messages were not printed due to limit 10 (after 'compile_fusion' at task4.tcl:40) (MSG-3913)
Information: 3 out of 8 SQM-1079 messages were not printed due to limit 5 (after 'compile_fusion' at task4.tcl:40) (MSG-3913)
Information: The automatic clock gate timing flow is activated. Clock latencies set on clock gate cells will be automatically adjusted by an estimate for latency. (CGT-4005)
----------------------------------------------------------------------------------------------------------
Information: Starting compile_fusion / initial_map (FLW-8000)
Information: Time: 2025-06-04 15:43:33 / Session:  00:00:10 / Command:  00:00:01 / CPU:  00:00:01 / Memory: 706 MB (FLW-8100)
Information: CPU Load: 4%, Ram Free: 45 GB, Swap Free: 1 GB, Work Disk Free: 308 GB, Tmp Disk Free: 308 GB (MSG-3995)
----------------------------------------------------------------------------------------------------------
Information: Starting compile_fusion / initial_map / Load Design (FLW-8000)
Information: Time: 2025-06-04 15:43:33 / Session:  00:00:10 / Command:  00:00:01 / CPU:  00:00:01 / Memory: 706 MB (FLW-8100)
Information: CPU Load: 4%, Ram Free: 45 GB, Swap Free: 1 GB, Work Disk Free: 308 GB, Tmp Disk Free: 308 GB (MSG-3995)
Warning: Cannot infer functionality of libcell 'saed14rvt_ff0p88v125c/SAEDRVT14_FDNRBSBQ_V2_0P5' and will be excluded from sequential mapping. (SQM-1061)
Warning: Cannot infer functionality of libcell 'saed14rvt_ff0p88v125c/SAEDRVT14_FDNRBSBQ_V2_1' and will be excluded from sequential mapping. (SQM-1061)
Warning: Cannot infer functionality of libcell 'saed14rvt_ff0p88v125c/SAEDRVT14_FDNRBSBQ_V2_2' and will be excluded from sequential mapping. (SQM-1061)
Warning: Cannot infer functionality of libcell 'saed14rvt_ff0p88v125c/SAEDRVT14_FDNRBSBQ_V2_4' and will be excluded from sequential mapping. (SQM-1061)
Warning: Cannot infer functionality of libcell 'saed14rvt_ff0p88v125c/SAEDRVT14_FDPRBSBQ_V2_0P5' and will be excluded from sequential mapping. (SQM-1061)
Warning: Cannot infer functionality of libcell 'saed14rvt_ff0p88v125c/SAEDRVT14_FDPRBSBQ_V2_1' and will be excluded from sequential mapping. (SQM-1061)
Warning: Cannot infer functionality of libcell 'saed14rvt_ff0p88v125c/SAEDRVT14_FDPRBSBQ_V2_2' and will be excluded from sequential mapping. (SQM-1061)
Warning: Cannot infer functionality of libcell 'saed14rvt_ff0p88v125c/SAEDRVT14_FDPRBSBQ_V2_4' and will be excluded from sequential mapping. (SQM-1061)
Warning: Cannot infer functionality of libcell 'saed14rvt_ff0p88v125c/SAEDRVT14_FSDPRBSBQ_V2LP_0P5' and will be excluded from sequential mapping. (SQM-1061)
Warning: Cannot infer functionality of libcell 'saed14rvt_ff0p88v125c/SAEDRVT14_FSDPRBSBQ_V2LP_2' and will be excluded from sequential mapping. (SQM-1061)
Warning: Skipping check for single_bit_degenerate attribute on the multibit libcell 'saed14rvt_ff0p88v125c/SAEDRVT14_FSDN2_V2_0P5' since it is not a black-box. (SQM-1079)
Information: No single-bit representative was found for multibit lib cell 'saed14rvt_ff0p88v125c/SAEDRVT14_FSDN2_V2_0P5'. (SQM-2004)
Warning: Skipping check for single_bit_degenerate attribute on the multibit libcell 'saed14rvt_ff0p88v125c/SAEDRVT14_FSDN2_V2_1' since it is not a black-box. (SQM-1079)
Information: No single-bit representative was found for multibit lib cell 'saed14rvt_ff0p88v125c/SAEDRVT14_FSDN2_V2_1'. (SQM-2004)
Warning: Skipping check for single_bit_degenerate attribute on the multibit libcell 'saed14rvt_ff0p88v125c/SAEDRVT14_FSDN2_V2_2' since it is not a black-box. (SQM-1079)
Information: No single-bit representative was found for multibit lib cell 'saed14rvt_ff0p88v125c/SAEDRVT14_FSDN2_V2_2'. (SQM-2004)
Warning: Skipping check for single_bit_degenerate attribute on the multibit libcell 'saed14rvt_ff0p88v125c/SAEDRVT14_FSDN2_V2_4' since it is not a black-box. (SQM-1079)
Information: No single-bit representative was found for multibit lib cell 'saed14rvt_ff0p88v125c/SAEDRVT14_FSDN2_V2_4'. (SQM-2004)
Warning: Skipping check for single_bit_degenerate attribute on the multibit libcell 'saed14rvt_ff0p88v125c/SAEDRVT14_FSDN4_V2_0P5' since it is not a black-box. (SQM-1079)
Information: No single-bit representative was found for multibit lib cell 'saed14rvt_ff0p88v125c/SAEDRVT14_FSDN4_V2_0P5'. (SQM-2004)
Information: No single-bit representative was found for multibit lib cell 'saed14rvt_ff0p88v125c/SAEDRVT14_FSDN4_V2_1'. (SQM-2004)
Information: No single-bit representative was found for multibit lib cell 'saed14rvt_ff0p88v125c/SAEDRVT14_FSDN4_V2_2'. (SQM-2004)
Information: No single-bit representative was found for multibit lib cell 'saed14rvt_ff0p88v125c/SAEDRVT14_FSDN4_V2_4'. (SQM-2004)
Warning: Found 8 multibit sequential library cells that have missing/added attributes or have restrictions that prevent them from banking. (SQM-1053)
0 sequential multibit library cells have restrictions (dont_use or dont_touch).
8 sequential multibit library cells have missing sequential mapping relevant attributes
Information: 6 out of 16 SQM-1061 messages were not printed due to limit 10 (after 'compile_fusion' at task4.tcl:40) (MSG-3913)
Information: 3 out of 8 SQM-1079 messages were not printed due to limit 5 (after 'compile_fusion' at task4.tcl:40) (MSG-3913)
Warning: No site rows found in floorplan. (LGL-397)
Warning: No site rows found in floorplan. (LGL-397)
Warning: No site rows found in floorplan. (LGL-397)
Warning: No site rows found in floorplan. (LGL-397)
Warning: No site rows found in floorplan. (LGL-397)
Warning: No site rows found in floorplan. (LGL-397)
Warning: No site rows found in floorplan. (LGL-397)
Warning: No site rows found in floorplan. (LGL-397)
Warning: No site rows found in floorplan. (LGL-397)
Warning: No site rows found in floorplan. (LGL-397)
Warning: No site rows found in floorplan. (LGL-397)
Warning: No site rows found in floorplan. (LGL-397)
Information: Ending   compile_fusion / initial_map / Load Design (FLW-8001)
Information: Time: 2025-06-04 15:43:33 / Session:  00:00:11 / Command:  00:00:01 / CPU:  00:00:02 / Memory: 754 MB (FLW-8100)
Information: CPU Load: 4%, Ram Free: 45 GB, Swap Free: 1 GB, Work Disk Free: 308 GB, Tmp Disk Free: 308 GB (MSG-3995)
Information: Starting compile_fusion / initial_map / MV Cell Insertion (FLW-8000)
Information: Time: 2025-06-04 15:43:33 / Session:  00:00:11 / Command:  00:00:01 / CPU:  00:00:02 / Memory: 754 MB (FLW-8100)
Information: CPU Load: 4%, Ram Free: 45 GB, Swap Free: 1 GB, Work Disk Free: 308 GB, Tmp Disk Free: 308 GB (MSG-3995)
Information: Ending   compile_fusion / initial_map / MV Cell Insertion (FLW-8001)
Information: Time: 2025-06-04 15:43:33 / Session:  00:00:11 / Command:  00:00:01 / CPU:  00:00:02 / Memory: 754 MB (FLW-8100)
Information: CPU Load: 4%, Ram Free: 45 GB, Swap Free: 1 GB, Work Disk Free: 308 GB, Tmp Disk Free: 308 GB (MSG-3995)
Information: Starting compile_fusion / initial_map / Logic Simplification (1) (FLW-8000)
Information: Time: 2025-06-04 15:43:33 / Session:  00:00:11 / Command:  00:00:01 / CPU:  00:00:02 / Memory: 754 MB (FLW-8100)
Information: CPU Load: 4%, Ram Free: 45 GB, Swap Free: 1 GB, Work Disk Free: 308 GB, Tmp Disk Free: 308 GB (MSG-3995)
Information: The hierarchy math_wrapper_INST/dut_multiplier_18x18_comb_inst/mult_a0b0 is ungrouped due to auto_ungrouping. (UNG-1001)
Information: The hierarchy math_wrapper_INST/dut_multiplier_18x18_comb_inst/mult_a0b1 is ungrouped due to auto_ungrouping. (UNG-1001)
Information: The hierarchy math_wrapper_INST/dut_multiplier_18x18_comb_inst/mult_a1b0 is ungrouped due to auto_ungrouping. (UNG-1001)
Information: The hierarchy math_wrapper_INST/dut_multiplier_18x18_comb_inst/mult_a1b1 is ungrouped due to auto_ungrouping. (UNG-1001)
Information: The hierarchy math_wrapper_INST/dut_multiplier_18x18_comb_inst is ungrouped due to auto_ungrouping. (UNG-1001)
Information: The hierarchy dut_output_control_INST is ungrouped due to auto_ungrouping. (UNG-1001)
Information: The hierarchy dut_processing_control_INST is ungrouped due to auto_ungrouping. (UNG-1001)
Information: The hierarchy dut_input_channel_control_0_INST is ungrouped due to auto_ungrouping. (UNG-1001)
Information: The hierarchy dut_input_channel_control_1_INST is ungrouped due to auto_ungrouping. (UNG-1001)
Information: The hierarchy dut_input_channel_control_2_INST is ungrouped due to auto_ungrouping. (UNG-1001)
Information: 13 of 13 hierarchies are ungrouped. Use report_ungroup for a list. (UNG-1003)
Information: Result of compile_fusion / initial_map / Auto Ungroup (FLW-8500)
Information: Ungroup Summary Report (UNG-1007)
-------------------------------------------------------------------
Hierarchy                                                 Count
-------------------------------------------------------------------
Auto ungrouped hierarchies                                  13
-------------------------------------------------------------------
Information: 3 out of 13 UNG-1001 messages were not printed due to limit 10 (after 'compile_fusion' at task4.tcl:40) (MSG-3913)
Information: Starting compile_fusion / initial_map / Logic Simplification (1) / Constant and Equal Register Detection (FLW-8000)
Information: Time: 2025-06-04 15:43:33 / Session:  00:00:11 / Command:  00:00:01 / CPU:  00:00:02 / Memory: 754 MB (FLW-8100)
Information: CPU Load: 4%, Ram Free: 45 GB, Swap Free: 1 GB, Work Disk Free: 308 GB, Tmp Disk Free: 308 GB (MSG-3995)
Warning: Cannot infer functionality of libcell 'saed14rvt_ff0p88v125c/SAEDRVT14_FDNRBSBQ_V2_0P5' and will be excluded from sequential mapping. (SQM-1061)
Warning: Cannot infer functionality of libcell 'saed14rvt_ff0p88v125c/SAEDRVT14_FDNRBSBQ_V2_1' and will be excluded from sequential mapping. (SQM-1061)
Warning: Cannot infer functionality of libcell 'saed14rvt_ff0p88v125c/SAEDRVT14_FDNRBSBQ_V2_2' and will be excluded from sequential mapping. (SQM-1061)
Warning: Cannot infer functionality of libcell 'saed14rvt_ff0p88v125c/SAEDRVT14_FDNRBSBQ_V2_4' and will be excluded from sequential mapping. (SQM-1061)
Warning: Cannot infer functionality of libcell 'saed14rvt_ff0p88v125c/SAEDRVT14_FDPRBSBQ_V2_0P5' and will be excluded from sequential mapping. (SQM-1061)
Warning: Cannot infer functionality of libcell 'saed14rvt_ff0p88v125c/SAEDRVT14_FDPRBSBQ_V2_1' and will be excluded from sequential mapping. (SQM-1061)
Warning: Cannot infer functionality of libcell 'saed14rvt_ff0p88v125c/SAEDRVT14_FDPRBSBQ_V2_2' and will be excluded from sequential mapping. (SQM-1061)
Warning: Cannot infer functionality of libcell 'saed14rvt_ff0p88v125c/SAEDRVT14_FDPRBSBQ_V2_4' and will be excluded from sequential mapping. (SQM-1061)
Warning: Cannot infer functionality of libcell 'saed14rvt_ff0p88v125c/SAEDRVT14_FSDPRBSBQ_V2LP_0P5' and will be excluded from sequential mapping. (SQM-1061)
Warning: Cannot infer functionality of libcell 'saed14rvt_ff0p88v125c/SAEDRVT14_FSDPRBSBQ_V2LP_2' and will be excluded from sequential mapping. (SQM-1061)
Warning: Skipping check for single_bit_degenerate attribute on the multibit libcell 'saed14rvt_ff0p88v125c/SAEDRVT14_FSDN2_V2_0P5' since it is not a black-box. (SQM-1079)
Information: No single-bit representative was found for multibit lib cell 'saed14rvt_ff0p88v125c/SAEDRVT14_FSDN2_V2_0P5'. (SQM-2004)
Warning: Skipping check for single_bit_degenerate attribute on the multibit libcell 'saed14rvt_ff0p88v125c/SAEDRVT14_FSDN2_V2_1' since it is not a black-box. (SQM-1079)
Information: No single-bit representative was found for multibit lib cell 'saed14rvt_ff0p88v125c/SAEDRVT14_FSDN2_V2_1'. (SQM-2004)
Warning: Skipping check for single_bit_degenerate attribute on the multibit libcell 'saed14rvt_ff0p88v125c/SAEDRVT14_FSDN2_V2_2' since it is not a black-box. (SQM-1079)
Information: No single-bit representative was found for multibit lib cell 'saed14rvt_ff0p88v125c/SAEDRVT14_FSDN2_V2_2'. (SQM-2004)
Warning: Skipping check for single_bit_degenerate attribute on the multibit libcell 'saed14rvt_ff0p88v125c/SAEDRVT14_FSDN2_V2_4' since it is not a black-box. (SQM-1079)
Information: No single-bit representative was found for multibit lib cell 'saed14rvt_ff0p88v125c/SAEDRVT14_FSDN2_V2_4'. (SQM-2004)
Warning: Skipping check for single_bit_degenerate attribute on the multibit libcell 'saed14rvt_ff0p88v125c/SAEDRVT14_FSDN4_V2_0P5' since it is not a black-box. (SQM-1079)
Information: No single-bit representative was found for multibit lib cell 'saed14rvt_ff0p88v125c/SAEDRVT14_FSDN4_V2_0P5'. (SQM-2004)
Information: No single-bit representative was found for multibit lib cell 'saed14rvt_ff0p88v125c/SAEDRVT14_FSDN4_V2_1'. (SQM-2004)
Information: No single-bit representative was found for multibit lib cell 'saed14rvt_ff0p88v125c/SAEDRVT14_FSDN4_V2_2'. (SQM-2004)
Information: No single-bit representative was found for multibit lib cell 'saed14rvt_ff0p88v125c/SAEDRVT14_FSDN4_V2_4'. (SQM-2004)
Warning: Found 8 multibit sequential library cells that have missing/added attributes or have restrictions that prevent them from banking. (SQM-1053)
0 sequential multibit library cells have restrictions (dont_use or dont_touch).
8 sequential multibit library cells have missing sequential mapping relevant attributes
Warning: No site rows found in floorplan. (LGL-397)
Warning: No site rows found in floorplan. (LGL-397)
Warning: No site rows found in floorplan. (LGL-397)
Warning: No site rows found in floorplan. (LGL-397)
Information: Register Bits Before Sharing = 328, After Sharing = 328, Savings = 0 (SQM-2000)
Information: 6 out of 16 SQM-1061 messages were not printed due to limit 10 (after 'compile_fusion' at task4.tcl:40) (MSG-3913)
Information: 3 out of 8 SQM-1079 messages were not printed due to limit 5 (after 'compile_fusion' at task4.tcl:40) (MSG-3913)
Information: Ending   compile_fusion / initial_map / Logic Simplification (1) / Constant and Equal Register Detection (FLW-8001)
Information: Time: 2025-06-04 15:43:36 / Session:  00:00:13 / Command:  00:00:04 / CPU:  00:00:05 / Memory: 805 MB (FLW-8100)
Information: CPU Load: 4%, Ram Free: 45 GB, Swap Free: 1 GB, Work Disk Free: 308 GB, Tmp Disk Free: 308 GB (MSG-3995)
Information: Starting compile_fusion / initial_map / Logic Simplification (1) / Register Merging (FLW-8000)
Information: Time: 2025-06-04 15:43:36 / Session:  00:00:13 / Command:  00:00:04 / CPU:  00:00:05 / Memory: 805 MB (FLW-8100)
Information: CPU Load: 4%, Ram Free: 45 GB, Swap Free: 1 GB, Work Disk Free: 308 GB, Tmp Disk Free: 308 GB (MSG-3995)
Information: Ending   compile_fusion / initial_map / Logic Simplification (1) / Register Merging (FLW-8001)
Information: Time: 2025-06-04 15:43:36 / Session:  00:00:13 / Command:  00:00:04 / CPU:  00:00:05 / Memory: 805 MB (FLW-8100)
Information: CPU Load: 4%, Ram Free: 45 GB, Swap Free: 1 GB, Work Disk Free: 308 GB, Tmp Disk Free: 308 GB (MSG-3995)
Information: Starting compile_fusion / initial_map / Logic Simplification (1) / Constant Propagation and Register Optimization (FLW-8000)
Information: Time: 2025-06-04 15:43:36 / Session:  00:00:13 / Command:  00:00:04 / CPU:  00:00:05 / Memory: 805 MB (FLW-8100)
Information: CPU Load: 4%, Ram Free: 45 GB, Swap Free: 1 GB, Work Disk Free: 308 GB, Tmp Disk Free: 308 GB (MSG-3995)
Warning: No site rows found in floorplan. (LGL-397)
Warning: No site rows found in floorplan. (LGL-397)
Warning: No site rows found in floorplan. (LGL-397)
Warning: No site rows found in floorplan. (LGL-397)
Warning: No site rows found in floorplan. (LGL-397)
Warning: No site rows found in floorplan. (LGL-397)
Warning: No site rows found in floorplan. (LGL-397)
Warning: No site rows found in floorplan. (LGL-397)
Information: Ending   compile_fusion / initial_map / Logic Simplification (1) / Constant Propagation and Register Optimization (FLW-8001)
Information: Time: 2025-06-04 15:43:36 / Session:  00:00:14 / Command:  00:00:04 / CPU:  00:00:05 / Memory: 805 MB (FLW-8100)
Information: CPU Load: 4%, Ram Free: 45 GB, Swap Free: 1 GB, Work Disk Free: 308 GB, Tmp Disk Free: 308 GB (MSG-3995)
Information: Ending   compile_fusion / initial_map / Logic Simplification (1) (FLW-8001)
Information: Time: 2025-06-04 15:43:36 / Session:  00:00:14 / Command:  00:00:04 / CPU:  00:00:05 / Memory: 805 MB (FLW-8100)
Information: CPU Load: 4%, Ram Free: 45 GB, Swap Free: 1 GB, Work Disk Free: 308 GB, Tmp Disk Free: 308 GB (MSG-3995)
Warning: No site rows found in floorplan. (LGL-397)
Warning: No site rows found in floorplan. (LGL-397)
Warning: No site rows found in floorplan. (LGL-397)
Warning: No site rows found in floorplan. (LGL-397)
Information: Starting compile_fusion / initial_map / High-Level Optimization and Technology Mapping (1) (FLW-8000)
Information: Time: 2025-06-04 15:43:37 / Session:  00:00:14 / Command:  00:00:05 / CPU:  00:00:05 / Memory: 805 MB (FLW-8100)
Information: CPU Load: 4%, Ram Free: 45 GB, Swap Free: 1 GB, Work Disk Free: 308 GB, Tmp Disk Free: 308 GB (MSG-3995)
Information: Timer using 12 threads
Information: Ending   compile_fusion / initial_map / High-Level Optimization and Technology Mapping (1) (FLW-8001)
Information: Time: 2025-06-04 15:43:39 / Session:  00:00:17 / Command:  00:00:07 / CPU:  00:00:10 / Memory: 836 MB (FLW-8100)
Information: CPU Load: 4%, Ram Free: 45 GB, Swap Free: 1 GB, Work Disk Free: 308 GB, Tmp Disk Free: 308 GB (MSG-3995)
Information: Starting compile_fusion / initial_map / High-Level Optimization and Technology Mapping (2) (FLW-8000)
Information: Time: 2025-06-04 15:43:39 / Session:  00:00:17 / Command:  00:00:07 / CPU:  00:00:10 / Memory: 836 MB (FLW-8100)
Information: CPU Load: 4%, Ram Free: 45 GB, Swap Free: 1 GB, Work Disk Free: 308 GB, Tmp Disk Free: 308 GB (MSG-3995)
Information: Added key list 'DesignWare' to design 'dut_toplevel'. (DWS-0216)
Warning: No cell bus will be mapped to multibit because multibit mapping has been disabled by user. (SQM-1034)
Warning: Shift register Inferencing is enabled so only head flop will be replaced with scan cell and not all registers in shift register chains are scan replaced. (SQM-1074)
Information: Ending   compile_fusion / initial_map / High-Level Optimization and Technology Mapping (2) (FLW-8001)
Information: Time: 2025-06-04 15:43:41 / Session:  00:00:18 / Command:  00:00:09 / CPU:  00:00:12 / Memory: 836 MB (FLW-8100)
Information: CPU Load: 4%, Ram Free: 45 GB, Swap Free: 1 GB, Work Disk Free: 308 GB, Tmp Disk Free: 308 GB (MSG-3995)
Information: Starting compile_fusion / initial_map / DFT Core Wrapper Analysis (FLW-8000)
Information: Time: 2025-06-04 15:43:41 / Session:  00:00:18 / Command:  00:00:09 / CPU:  00:00:12 / Memory: 836 MB (FLW-8100)
Information: CPU Load: 4%, Ram Free: 45 GB, Swap Free: 1 GB, Work Disk Free: 308 GB, Tmp Disk Free: 308 GB (MSG-3995)
Information: Ending   compile_fusion / initial_map / DFT Core Wrapper Analysis (FLW-8001)
Information: Time: 2025-06-04 15:43:41 / Session:  00:00:18 / Command:  00:00:09 / CPU:  00:00:12 / Memory: 836 MB (FLW-8100)
Information: CPU Load: 4%, Ram Free: 45 GB, Swap Free: 1 GB, Work Disk Free: 308 GB, Tmp Disk Free: 308 GB (MSG-3995)
Information: Starting compile_fusion / initial_map / Logic Simplification (2) (FLW-8000)
Information: Time: 2025-06-04 15:43:41 / Session:  00:00:18 / Command:  00:00:09 / CPU:  00:00:12 / Memory: 836 MB (FLW-8100)
Information: CPU Load: 4%, Ram Free: 45 GB, Swap Free: 1 GB, Work Disk Free: 308 GB, Tmp Disk Free: 308 GB (MSG-3995)
Information: Register Bits Before Sharing = 328, After Sharing = 328, Savings = 0 (SQM-2000)
Information: Starting compile_fusion / initial_map / Logic Simplification (2) / Constant Propagation and Register Optimization (FLW-8000)
Information: Time: 2025-06-04 15:43:41 / Session:  00:00:18 / Command:  00:00:09 / CPU:  00:00:12 / Memory: 856 MB (FLW-8100)
Information: CPU Load: 4%, Ram Free: 45 GB, Swap Free: 1 GB, Work Disk Free: 308 GB, Tmp Disk Free: 308 GB (MSG-3995)
Information: Ending   compile_fusion / initial_map / Logic Simplification (2) / Constant Propagation and Register Optimization (FLW-8001)
Information: Time: 2025-06-04 15:43:41 / Session:  00:00:18 / Command:  00:00:09 / CPU:  00:00:12 / Memory: 856 MB (FLW-8100)
Information: CPU Load: 4%, Ram Free: 45 GB, Swap Free: 1 GB, Work Disk Free: 308 GB, Tmp Disk Free: 308 GB (MSG-3995)
Information: Ending   compile_fusion / initial_map / Logic Simplification (2) (FLW-8001)
Information: Time: 2025-06-04 15:43:41 / Session:  00:00:18 / Command:  00:00:09 / CPU:  00:00:12 / Memory: 856 MB (FLW-8100)
Information: CPU Load: 4%, Ram Free: 45 GB, Swap Free: 1 GB, Work Disk Free: 308 GB, Tmp Disk Free: 308 GB (MSG-3995)
Information: Result of compile_fusion / initial_map / Clock Gate Insertion (FLW-8500)
--------------------------------------------------------------------------------
|                             Clock Gating Options                             |
--------------------------------------------------------------------------------
|         Objects         |    Minimum Bitwidth     |      Maximum Fanout      |
--------------------------+-------------------------+---------------------------
|   top-level (design)    |          3 (d)          |      Unlimited (d)       |
--------------------------------------------------------------------------------

Number of Pre-Existing Clock Gates with dont touch attribute: 0
Number of ICG library cells with CTS purpose: 19
--------------------------------------------------------------------------------
                          Tool Gated Register Summary                           
--------------------------------------------------------------------------------
Clock Gating Type                   | Number of   | Register Count | Equivalent 
                                    | Clock Gates |                | Bitwidth   
--------------------------------------------------------------------------------
Regular Clock Gating                |          11 |            319 |        319
--------------------------------------------------------------------------------
--------------------------------------------------------------------------------
                 Regular Clock Gating Ungated Register Summary                  
--------------------------------------------------------------------------------
 Ungated Reason                                            | Count | Bitwidth   
--------------------------------------------------------------------------------
 Enable is Constant One.                                   |     2 |        2
 Partial Minimum Bitwidth Not Met.                         |     7 |        7
--------------------------------------------------------------------------------
Compile-fusion optimization summary            SETUP-COST    R2R-COST HOLD-COST LDRC-COST          AREA     LEAKAGE     INSTCNT            ELAPSE       MEM
Compile-fusion                                          -           -         -         -        906.51           -        1211              0.01       855
Information: Ending   compile_fusion / initial_map (FLW-8001)
Information: Time: 2025-06-04 15:43:41 / Session:  00:00:18 / Command:  00:00:09 / CPU:  00:00:12 / Memory: 856 MB (FLW-8100)
Information: CPU Load: 4%, Ram Free: 45 GB, Swap Free: 1 GB, Work Disk Free: 308 GB, Tmp Disk Free: 308 GB (MSG-3995)

Information: >>>>>>> 6 unique error and warning message tags while observing compile_fusion / initial_map: (MSG-3100)
Information: #prnt #trgr #lmt    Tag  Level     Format (or last printed message)                                (MSG-3036)
Information:    15    16  5 SQM-1079  WARNING   Warning: Skipping check for single_bit_degenerate attribute ... (MSG-3032)
Information:     1     1  1 SQM-1074  WARNING   Warning: Shift register Inferencing is enabled so only head ... (MSG-3032)
Information:    30    32 10 SQM-1061  WARNING   Warning: Cannot infer functionality of libcell 'saed14rvt_ff... (MSG-3032)
Information:     3     2 10 SQM-1053  WARNING   Warning: Found 8 multibit sequential library cells that have... (MSG-3032)
Information:     1     1  1 SQM-1034  WARNING   Warning: No cell bus will be mapped to multibit because mult... (MSG-3032)
Information:    48    28  0 LGL-397   WARNING   Warning: No site rows found in floorplan. (LGL-397)             (MSG-3032)
Information:    98    80  5        6  <------   Total sum of messages (MSG-3038)
Information: >>>>>>> Summary: 80 error&warning MSGs observed during compile_fusion / initial_map (MSG-3103)

----------------------------------------------------------------------------------------------------------
Information: Starting compile_fusion / logic_opto (FLW-8000)
Information: Time: 2025-06-04 15:43:41 / Session:  00:00:18 / Command:  00:00:09 / CPU:  00:00:12 / Memory: 856 MB (FLW-8100)
Information: CPU Load: 4%, Ram Free: 45 GB, Swap Free: 1 GB, Work Disk Free: 308 GB, Tmp Disk Free: 308 GB (MSG-3995)
----------------------------------------------------------------------------------------------------------
Information: Starting compile_fusion / logic_opto / Load Design (FLW-8000)
Information: Time: 2025-06-04 15:43:41 / Session:  00:00:18 / Command:  00:00:09 / CPU:  00:00:12 / Memory: 856 MB (FLW-8100)
Information: CPU Load: 4%, Ram Free: 45 GB, Swap Free: 1 GB, Work Disk Free: 308 GB, Tmp Disk Free: 308 GB (MSG-3995)
Information: Initializing core and die (AFP-1001)
Information: Initializing rows (AFP-1003)
Information: Initializing tracks (AFP-1004)
Information: Generated core area = 1273.125610 (AFP-2021)
Information: Generated core boundary = { {0 0} {0 35.4} {35.964 35.4} {35.964 0} } (AFP-2022)
Information: Change threshold for extractor is reset. (FLW-1300)
Information: The stitching and editing of coupling caps is turned OFF for design 'dut_toplevel.dlib:dut_toplevel/auto_floorplan.design'. (TIM-125)
Information: Ending   compile_fusion / logic_opto / Load Design (FLW-8001)
Information: Time: 2025-06-04 15:43:42 / Session:  00:00:19 / Command:  00:00:10 / CPU:  00:00:15 / Memory: 947 MB (FLW-8100)
Information: CPU Load: 4%, Ram Free: 45 GB, Swap Free: 1 GB, Work Disk Free: 308 GB, Tmp Disk Free: 308 GB (MSG-3995)
Information: Starting compile_fusion / logic_opto / Clock Gate Re-structuring (FLW-8000)
Information: Time: 2025-06-04 15:43:42 / Session:  00:00:19 / Command:  00:00:10 / CPU:  00:00:15 / Memory: 947 MB (FLW-8100)
Information: CPU Load: 4%, Ram Free: 45 GB, Swap Free: 1 GB, Work Disk Free: 308 GB, Tmp Disk Free: 308 GB (MSG-3995)
Information: Result of compile_fusion / logic_opto / Clock Gate Re-structuring (FLW-8500)
Number of Pre-Existing Clock Gates with dont touch attribute: 0
Number of ICG library cells with CTS purpose: 19
--------------------------------------------------------------------------------
                          Tool Gated Register Summary                           
--------------------------------------------------------------------------------
Clock Gating Type                   | Number of   | Register Count | Equivalent 
                                    | Clock Gates |                | Bitwidth   
--------------------------------------------------------------------------------
Regular Clock Gating                |          11 |            319 |        319
--------------------------------------------------------------------------------
--------------------------------------------------------------------------------
                 Regular Clock Gating Ungated Register Summary                  
--------------------------------------------------------------------------------
 Ungated Reason                                            | Count | Bitwidth   
--------------------------------------------------------------------------------
 Enable is Constant One.                                   |     2 |        2
 Partial Minimum Bitwidth Not Met.                         |     7 |        7
--------------------------------------------------------------------------------
Information: Ending   compile_fusion / logic_opto / Clock Gate Re-structuring (FLW-8001)
Information: Time: 2025-06-04 15:43:42 / Session:  00:00:19 / Command:  00:00:10 / CPU:  00:00:15 / Memory: 959 MB (FLW-8100)
Information: CPU Load: 4%, Ram Free: 45 GB, Swap Free: 1 GB, Work Disk Free: 308 GB, Tmp Disk Free: 308 GB (MSG-3995)
Warning: Duplicate callback function set for step 'fc/logic_opto/dwProcessPrecond1' (FLW-2224)
Warning: Duplicate callback function set for step 'fc/logic_opto/dwProcessPrecond1' (FLW-2224)
Information: Starting compile_fusion / logic_opto / Optimization (1) (FLW-8000)
Information: Time: 2025-06-04 15:43:42 / Session:  00:00:19 / Command:  00:00:10 / CPU:  00:00:15 / Memory: 959 MB (FLW-8100)
Information: CPU Load: 4%, Ram Free: 45 GB, Swap Free: 1 GB, Work Disk Free: 308 GB, Tmp Disk Free: 308 GB (MSG-3995)
Information: The stitching and editing of coupling caps is turned OFF for design 'dut_toplevel.dlib:dut_toplevel/auto_floorplan.design'. (TIM-125)
Information: Starting compile_fusion / logic_opto / Optimization (1) / Logic Simplification and Register Optimization (FLW-8000)
Information: Time: 2025-06-04 15:43:45 / Session:  00:00:22 / Command:  00:00:13 / CPU:  00:00:19 / Memory: 1041 MB (FLW-8100)
Information: CPU Load: 4%, Ram Free: 45 GB, Swap Free: 1 GB, Work Disk Free: 308 GB, Tmp Disk Free: 308 GB (MSG-3995)
Warning: Cannot infer functionality of libcell 'saed14rvt_ff0p88v125c/SAEDRVT14_FDNRBSBQ_V2_0P5' and will be excluded from sequential mapping. (SQM-1061)
Warning: Cannot infer functionality of libcell 'saed14rvt_ff0p88v125c/SAEDRVT14_FDNRBSBQ_V2_1' and will be excluded from sequential mapping. (SQM-1061)
Warning: Cannot infer functionality of libcell 'saed14rvt_ff0p88v125c/SAEDRVT14_FDNRBSBQ_V2_2' and will be excluded from sequential mapping. (SQM-1061)
Warning: Cannot infer functionality of libcell 'saed14rvt_ff0p88v125c/SAEDRVT14_FDNRBSBQ_V2_4' and will be excluded from sequential mapping. (SQM-1061)
Warning: Cannot infer functionality of libcell 'saed14rvt_ff0p88v125c/SAEDRVT14_FDPRBSBQ_V2_0P5' and will be excluded from sequential mapping. (SQM-1061)
Warning: Cannot infer functionality of libcell 'saed14rvt_ff0p88v125c/SAEDRVT14_FDPRBSBQ_V2_1' and will be excluded from sequential mapping. (SQM-1061)
Warning: Cannot infer functionality of libcell 'saed14rvt_ff0p88v125c/SAEDRVT14_FDPRBSBQ_V2_2' and will be excluded from sequential mapping. (SQM-1061)
Warning: Cannot infer functionality of libcell 'saed14rvt_ff0p88v125c/SAEDRVT14_FDPRBSBQ_V2_4' and will be excluded from sequential mapping. (SQM-1061)
Warning: Cannot infer functionality of libcell 'saed14rvt_ff0p88v125c/SAEDRVT14_FSDPRBSBQ_V2LP_0P5' and will be excluded from sequential mapping. (SQM-1061)
Warning: Cannot infer functionality of libcell 'saed14rvt_ff0p88v125c/SAEDRVT14_FSDPRBSBQ_V2LP_2' and will be excluded from sequential mapping. (SQM-1061)
Warning: Skipping check for single_bit_degenerate attribute on the multibit libcell 'saed14rvt_ff0p88v125c/SAEDRVT14_FSDN2_V2_0P5' since it is not a black-box. (SQM-1079)
Information: No single-bit representative was found for multibit lib cell 'saed14rvt_ff0p88v125c/SAEDRVT14_FSDN2_V2_0P5'. (SQM-2004)
Warning: Skipping check for single_bit_degenerate attribute on the multibit libcell 'saed14rvt_ff0p88v125c/SAEDRVT14_FSDN2_V2_1' since it is not a black-box. (SQM-1079)
Information: No single-bit representative was found for multibit lib cell 'saed14rvt_ff0p88v125c/SAEDRVT14_FSDN2_V2_1'. (SQM-2004)
Warning: Skipping check for single_bit_degenerate attribute on the multibit libcell 'saed14rvt_ff0p88v125c/SAEDRVT14_FSDN2_V2_2' since it is not a black-box. (SQM-1079)
Information: No single-bit representative was found for multibit lib cell 'saed14rvt_ff0p88v125c/SAEDRVT14_FSDN2_V2_2'. (SQM-2004)
Warning: Skipping check for single_bit_degenerate attribute on the multibit libcell 'saed14rvt_ff0p88v125c/SAEDRVT14_FSDN2_V2_4' since it is not a black-box. (SQM-1079)
Information: No single-bit representative was found for multibit lib cell 'saed14rvt_ff0p88v125c/SAEDRVT14_FSDN2_V2_4'. (SQM-2004)
Warning: Skipping check for single_bit_degenerate attribute on the multibit libcell 'saed14rvt_ff0p88v125c/SAEDRVT14_FSDN4_V2_0P5' since it is not a black-box. (SQM-1079)
Information: No single-bit representative was found for multibit lib cell 'saed14rvt_ff0p88v125c/SAEDRVT14_FSDN4_V2_0P5'. (SQM-2004)
Information: No single-bit representative was found for multibit lib cell 'saed14rvt_ff0p88v125c/SAEDRVT14_FSDN4_V2_1'. (SQM-2004)
Information: No single-bit representative was found for multibit lib cell 'saed14rvt_ff0p88v125c/SAEDRVT14_FSDN4_V2_2'. (SQM-2004)
Information: No single-bit representative was found for multibit lib cell 'saed14rvt_ff0p88v125c/SAEDRVT14_FSDN4_V2_4'. (SQM-2004)
Warning: Found 8 multibit sequential library cells that have missing/added attributes or have restrictions that prevent them from banking. (SQM-1053)
Information: 6 out of 16 SQM-1061 messages were not printed due to limit 10 (after 'compile_fusion' at task4.tcl:40) (MSG-3913)
Information: 3 out of 8 SQM-1079 messages were not printed due to limit 5 (after 'compile_fusion' at task4.tcl:40) (MSG-3913)
Information: Ending   compile_fusion / logic_opto / Optimization (1) / Logic Simplification and Register Optimization (FLW-8001)
Information: Time: 2025-06-04 15:43:45 / Session:  00:00:22 / Command:  00:00:13 / CPU:  00:00:19 / Memory: 1050 MB (FLW-8100)
Information: CPU Load: 4%, Ram Free: 45 GB, Swap Free: 1 GB, Work Disk Free: 308 GB, Tmp Disk Free: 308 GB (MSG-3995)
Warning: No clock routing rules were specified. Use set_clock_routing_rules to specify routing rules for accurate clock latency estimation. (OPT-902)
Warning: No clock routing rules were specified. Use set_clock_routing_rules to specify routing rules for accurate clock latency estimation. (OPT-902)
Information: Estimating clock gate latencies for scenario 'PowerSave_Slow'. (OPT-909)
Warning: No clock routing rules were specified. Use set_clock_routing_rules to specify routing rules for accurate clock latency estimation. (OPT-902)
Information: Estimating clock gate latencies for scenario 'Normal_Slow'. (OPT-909)
Warning: Cannot infer functionality of libcell 'saed14rvt_ff0p88v125c/SAEDRVT14_FDNRBSBQ_V2_0P5' and will be excluded from sequential mapping. (SQM-1061)
Warning: Cannot infer functionality of libcell 'saed14rvt_ff0p88v125c/SAEDRVT14_FDNRBSBQ_V2_1' and will be excluded from sequential mapping. (SQM-1061)
Warning: Cannot infer functionality of libcell 'saed14rvt_ff0p88v125c/SAEDRVT14_FDNRBSBQ_V2_2' and will be excluded from sequential mapping. (SQM-1061)
Warning: Cannot infer functionality of libcell 'saed14rvt_ff0p88v125c/SAEDRVT14_FDNRBSBQ_V2_4' and will be excluded from sequential mapping. (SQM-1061)
Warning: Cannot infer functionality of libcell 'saed14rvt_ff0p88v125c/SAEDRVT14_FDPRBSBQ_V2_0P5' and will be excluded from sequential mapping. (SQM-1061)
Warning: Cannot infer functionality of libcell 'saed14rvt_ff0p88v125c/SAEDRVT14_FDPRBSBQ_V2_1' and will be excluded from sequential mapping. (SQM-1061)
Warning: Cannot infer functionality of libcell 'saed14rvt_ff0p88v125c/SAEDRVT14_FDPRBSBQ_V2_2' and will be excluded from sequential mapping. (SQM-1061)
Warning: Cannot infer functionality of libcell 'saed14rvt_ff0p88v125c/SAEDRVT14_FDPRBSBQ_V2_4' and will be excluded from sequential mapping. (SQM-1061)
Warning: Cannot infer functionality of libcell 'saed14rvt_ff0p88v125c/SAEDRVT14_FSDPRBSBQ_V2LP_0P5' and will be excluded from sequential mapping. (SQM-1061)
Warning: Cannot infer functionality of libcell 'saed14rvt_ff0p88v125c/SAEDRVT14_FSDPRBSBQ_V2LP_2' and will be excluded from sequential mapping. (SQM-1061)
Warning: Skipping check for single_bit_degenerate attribute on the multibit libcell 'saed14rvt_ff0p88v125c/SAEDRVT14_FSDN2_V2_0P5' since it is not a black-box. (SQM-1079)
Information: No single-bit representative was found for multibit lib cell 'saed14rvt_ff0p88v125c/SAEDRVT14_FSDN2_V2_0P5'. (SQM-2004)
Warning: Skipping check for single_bit_degenerate attribute on the multibit libcell 'saed14rvt_ff0p88v125c/SAEDRVT14_FSDN2_V2_1' since it is not a black-box. (SQM-1079)
Information: No single-bit representative was found for multibit lib cell 'saed14rvt_ff0p88v125c/SAEDRVT14_FSDN2_V2_1'. (SQM-2004)
Warning: Skipping check for single_bit_degenerate attribute on the multibit libcell 'saed14rvt_ff0p88v125c/SAEDRVT14_FSDN2_V2_2' since it is not a black-box. (SQM-1079)
Information: No single-bit representative was found for multibit lib cell 'saed14rvt_ff0p88v125c/SAEDRVT14_FSDN2_V2_2'. (SQM-2004)
Warning: Skipping check for single_bit_degenerate attribute on the multibit libcell 'saed14rvt_ff0p88v125c/SAEDRVT14_FSDN2_V2_4' since it is not a black-box. (SQM-1079)
Information: No single-bit representative was found for multibit lib cell 'saed14rvt_ff0p88v125c/SAEDRVT14_FSDN2_V2_4'. (SQM-2004)
Warning: Skipping check for single_bit_degenerate attribute on the multibit libcell 'saed14rvt_ff0p88v125c/SAEDRVT14_FSDN4_V2_0P5' since it is not a black-box. (SQM-1079)
Information: No single-bit representative was found for multibit lib cell 'saed14rvt_ff0p88v125c/SAEDRVT14_FSDN4_V2_0P5'. (SQM-2004)
Information: No single-bit representative was found for multibit lib cell 'saed14rvt_ff0p88v125c/SAEDRVT14_FSDN4_V2_1'. (SQM-2004)
Information: No single-bit representative was found for multibit lib cell 'saed14rvt_ff0p88v125c/SAEDRVT14_FSDN4_V2_2'. (SQM-2004)
Information: No single-bit representative was found for multibit lib cell 'saed14rvt_ff0p88v125c/SAEDRVT14_FSDN4_V2_4'. (SQM-2004)
Warning: Found 8 multibit sequential library cells that have missing/added attributes or have restrictions that prevent them from banking. (SQM-1053)
Information: 6 out of 16 SQM-1061 messages were not printed due to limit 10 (after 'compile_fusion' at task4.tcl:40) (MSG-3913)
Information: 3 out of 8 SQM-1079 messages were not printed due to limit 5 (after 'compile_fusion' at task4.tcl:40) (MSG-3913)
Information: Starting compile_fusion / logic_opto / Optimization (1) / Timing Optimization and DesignWare Reselection (FLW-8000)
Information: Time: 2025-06-04 15:43:47 / Session:  00:00:24 / Command:  00:00:14 / CPU:  00:00:21 / Memory: 1082 MB (FLW-8100)
Information: CPU Load: 5%, Ram Free: 45 GB, Swap Free: 1 GB, Work Disk Free: 308 GB, Tmp Disk Free: 308 GB (MSG-3995)
Warning: Cannot infer functionality of libcell 'saed14rvt_ff0p88v125c/SAEDRVT14_FDNRBSBQ_V2_0P5' and will be excluded from sequential mapping. (SQM-1061)
Warning: Cannot infer functionality of libcell 'saed14rvt_ff0p88v125c/SAEDRVT14_FDNRBSBQ_V2_1' and will be excluded from sequential mapping. (SQM-1061)
Warning: Cannot infer functionality of libcell 'saed14rvt_ff0p88v125c/SAEDRVT14_FDNRBSBQ_V2_2' and will be excluded from sequential mapping. (SQM-1061)
Warning: Cannot infer functionality of libcell 'saed14rvt_ff0p88v125c/SAEDRVT14_FDNRBSBQ_V2_4' and will be excluded from sequential mapping. (SQM-1061)
Warning: Cannot infer functionality of libcell 'saed14rvt_ff0p88v125c/SAEDRVT14_FDPRBSBQ_V2_0P5' and will be excluded from sequential mapping. (SQM-1061)
Warning: Cannot infer functionality of libcell 'saed14rvt_ff0p88v125c/SAEDRVT14_FDPRBSBQ_V2_1' and will be excluded from sequential mapping. (SQM-1061)
Warning: Cannot infer functionality of libcell 'saed14rvt_ff0p88v125c/SAEDRVT14_FDPRBSBQ_V2_2' and will be excluded from sequential mapping. (SQM-1061)
Warning: Cannot infer functionality of libcell 'saed14rvt_ff0p88v125c/SAEDRVT14_FDPRBSBQ_V2_4' and will be excluded from sequential mapping. (SQM-1061)
Warning: Cannot infer functionality of libcell 'saed14rvt_ff0p88v125c/SAEDRVT14_FSDPRBSBQ_V2LP_0P5' and will be excluded from sequential mapping. (SQM-1061)
Warning: Cannot infer functionality of libcell 'saed14rvt_ff0p88v125c/SAEDRVT14_FSDPRBSBQ_V2LP_2' and will be excluded from sequential mapping. (SQM-1061)
Warning: Skipping check for single_bit_degenerate attribute on the multibit libcell 'saed14rvt_ff0p88v125c/SAEDRVT14_FSDN2_V2_0P5' since it is not a black-box. (SQM-1079)
Information: No single-bit representative was found for multibit lib cell 'saed14rvt_ff0p88v125c/SAEDRVT14_FSDN2_V2_0P5'. (SQM-2004)
Warning: Skipping check for single_bit_degenerate attribute on the multibit libcell 'saed14rvt_ff0p88v125c/SAEDRVT14_FSDN2_V2_1' since it is not a black-box. (SQM-1079)
Information: No single-bit representative was found for multibit lib cell 'saed14rvt_ff0p88v125c/SAEDRVT14_FSDN2_V2_1'. (SQM-2004)
Warning: Skipping check for single_bit_degenerate attribute on the multibit libcell 'saed14rvt_ff0p88v125c/SAEDRVT14_FSDN2_V2_2' since it is not a black-box. (SQM-1079)
Information: No single-bit representative was found for multibit lib cell 'saed14rvt_ff0p88v125c/SAEDRVT14_FSDN2_V2_2'. (SQM-2004)
Warning: Skipping check for single_bit_degenerate attribute on the multibit libcell 'saed14rvt_ff0p88v125c/SAEDRVT14_FSDN2_V2_4' since it is not a black-box. (SQM-1079)
Information: No single-bit representative was found for multibit lib cell 'saed14rvt_ff0p88v125c/SAEDRVT14_FSDN2_V2_4'. (SQM-2004)
Warning: Skipping check for single_bit_degenerate attribute on the multibit libcell 'saed14rvt_ff0p88v125c/SAEDRVT14_FSDN4_V2_0P5' since it is not a black-box. (SQM-1079)
Information: No single-bit representative was found for multibit lib cell 'saed14rvt_ff0p88v125c/SAEDRVT14_FSDN4_V2_0P5'. (SQM-2004)
Information: No single-bit representative was found for multibit lib cell 'saed14rvt_ff0p88v125c/SAEDRVT14_FSDN4_V2_1'. (SQM-2004)
Information: No single-bit representative was found for multibit lib cell 'saed14rvt_ff0p88v125c/SAEDRVT14_FSDN4_V2_2'. (SQM-2004)
Information: No single-bit representative was found for multibit lib cell 'saed14rvt_ff0p88v125c/SAEDRVT14_FSDN4_V2_4'. (SQM-2004)
Warning: Found 8 multibit sequential library cells that have missing/added attributes or have restrictions that prevent them from banking. (SQM-1053)
Information: No single-bit representative was found for multibit lib cell 'saed14rvt_ff0p88v125c/SAEDRVT14_FSDN2_V2_0P5'. (SQM-2004)
Information: No single-bit representative was found for multibit lib cell 'saed14rvt_ff0p88v125c/SAEDRVT14_FSDN2_V2_1'. (SQM-2004)
Warning: Found 8 multibit sequential library cells that have missing/added attributes or have restrictions that prevent them from banking. (SQM-1053)
Warning: Found 8 multibit sequential library cells that have missing/added attributes or have restrictions that prevent them from banking. (SQM-1053)
Warning: Found 8 multibit sequential library cells that have missing/added attributes or have restrictions that prevent them from banking. (SQM-1053)
Warning: Found 8 multibit sequential library cells that have missing/added attributes or have restrictions that prevent them from banking. (SQM-1053)
Warning: Found 8 multibit sequential library cells that have missing/added attributes or have restrictions that prevent them from banking. (SQM-1053)
Warning: Found 8 multibit sequential library cells that have missing/added attributes or have restrictions that prevent them from banking. (SQM-1053)
Warning: Found 8 multibit sequential library cells that have missing/added attributes or have restrictions that prevent them from banking. (SQM-1053)
Warning: Found 8 multibit sequential library cells that have missing/added attributes or have restrictions that prevent them from banking. (SQM-1053)
Warning: Found 8 multibit sequential library cells that have missing/added attributes or have restrictions that prevent them from banking. (SQM-1053)
Information: 2 out of 12 SQM-1053 messages were not printed due to limit 10 (after 'compile_fusion' at task4.tcl:40) (MSG-3913)
Information: 182 out of 192 SQM-1061 messages were not printed due to limit 10 (after 'compile_fusion' at task4.tcl:40) (MSG-3913)
Information: 91 out of 96 SQM-1079 messages were not printed due to limit 5 (after 'compile_fusion' at task4.tcl:40) (MSG-3913)
Information: 86 out of 96 SQM-2004 messages were not printed due to limit 10 (after 'compile_fusion' at task4.tcl:40) (MSG-3913)
Information: Ending   compile_fusion / logic_opto / Optimization (1) / Timing Optimization and DesignWare Reselection (FLW-8001)
Information: Time: 2025-06-04 15:43:48 / Session:  00:00:26 / Command:  00:00:16 / CPU:  00:00:24 / Memory: 1435 MB (FLW-8100)
Information: CPU Load: 5%, Ram Free: 44 GB, Swap Free: 1 GB, Work Disk Free: 308 GB, Tmp Disk Free: 308 GB (MSG-3995)
Information: Ending   compile_fusion / logic_opto / Optimization (1) (FLW-8001)
Information: Time: 2025-06-04 15:43:48 / Session:  00:00:26 / Command:  00:00:16 / CPU:  00:00:24 / Memory: 1435 MB (FLW-8100)
Information: CPU Load: 5%, Ram Free: 44 GB, Swap Free: 1 GB, Work Disk Free: 308 GB, Tmp Disk Free: 308 GB (MSG-3995)
Information: Starting compile_fusion / logic_opto / Register Retiming (FLW-8000)
Information: Time: 2025-06-04 15:43:48 / Session:  00:00:26 / Command:  00:00:16 / CPU:  00:00:24 / Memory: 1435 MB (FLW-8100)
Information: CPU Load: 5%, Ram Free: 44 GB, Swap Free: 1 GB, Work Disk Free: 308 GB, Tmp Disk Free: 308 GB (MSG-3995)
Warning: Cannot infer functionality of libcell 'saed14rvt_ff0p88v125c/SAEDRVT14_FDNRBSBQ_V2_0P5' and will be excluded from sequential mapping. (SQM-1061)
Warning: Cannot infer functionality of libcell 'saed14rvt_ff0p88v125c/SAEDRVT14_FDNRBSBQ_V2_1' and will be excluded from sequential mapping. (SQM-1061)
Warning: Cannot infer functionality of libcell 'saed14rvt_ff0p88v125c/SAEDRVT14_FDNRBSBQ_V2_2' and will be excluded from sequential mapping. (SQM-1061)
Warning: Cannot infer functionality of libcell 'saed14rvt_ff0p88v125c/SAEDRVT14_FDNRBSBQ_V2_4' and will be excluded from sequential mapping. (SQM-1061)
Warning: Cannot infer functionality of libcell 'saed14rvt_ff0p88v125c/SAEDRVT14_FDPRBSBQ_V2_0P5' and will be excluded from sequential mapping. (SQM-1061)
Warning: Cannot infer functionality of libcell 'saed14rvt_ff0p88v125c/SAEDRVT14_FDPRBSBQ_V2_1' and will be excluded from sequential mapping. (SQM-1061)
Warning: Cannot infer functionality of libcell 'saed14rvt_ff0p88v125c/SAEDRVT14_FDPRBSBQ_V2_2' and will be excluded from sequential mapping. (SQM-1061)
Warning: Cannot infer functionality of libcell 'saed14rvt_ff0p88v125c/SAEDRVT14_FDPRBSBQ_V2_4' and will be excluded from sequential mapping. (SQM-1061)
Warning: Cannot infer functionality of libcell 'saed14rvt_ff0p88v125c/SAEDRVT14_FSDPRBSBQ_V2LP_0P5' and will be excluded from sequential mapping. (SQM-1061)
Warning: Cannot infer functionality of libcell 'saed14rvt_ff0p88v125c/SAEDRVT14_FSDPRBSBQ_V2LP_2' and will be excluded from sequential mapping. (SQM-1061)
Warning: Skipping check for single_bit_degenerate attribute on the multibit libcell 'saed14rvt_ff0p88v125c/SAEDRVT14_FSDN2_V2_0P5' since it is not a black-box. (SQM-1079)
Information: No single-bit representative was found for multibit lib cell 'saed14rvt_ff0p88v125c/SAEDRVT14_FSDN2_V2_0P5'. (SQM-2004)
Warning: Skipping check for single_bit_degenerate attribute on the multibit libcell 'saed14rvt_ff0p88v125c/SAEDRVT14_FSDN2_V2_1' since it is not a black-box. (SQM-1079)
Information: No single-bit representative was found for multibit lib cell 'saed14rvt_ff0p88v125c/SAEDRVT14_FSDN2_V2_1'. (SQM-2004)
Warning: Skipping check for single_bit_degenerate attribute on the multibit libcell 'saed14rvt_ff0p88v125c/SAEDRVT14_FSDN2_V2_2' since it is not a black-box. (SQM-1079)
Information: No single-bit representative was found for multibit lib cell 'saed14rvt_ff0p88v125c/SAEDRVT14_FSDN2_V2_2'. (SQM-2004)
Warning: Skipping check for single_bit_degenerate attribute on the multibit libcell 'saed14rvt_ff0p88v125c/SAEDRVT14_FSDN2_V2_4' since it is not a black-box. (SQM-1079)
Information: No single-bit representative was found for multibit lib cell 'saed14rvt_ff0p88v125c/SAEDRVT14_FSDN2_V2_4'. (SQM-2004)
Warning: Skipping check for single_bit_degenerate attribute on the multibit libcell 'saed14rvt_ff0p88v125c/SAEDRVT14_FSDN4_V2_0P5' since it is not a black-box. (SQM-1079)
Information: No single-bit representative was found for multibit lib cell 'saed14rvt_ff0p88v125c/SAEDRVT14_FSDN4_V2_0P5'. (SQM-2004)
Information: No single-bit representative was found for multibit lib cell 'saed14rvt_ff0p88v125c/SAEDRVT14_FSDN4_V2_1'. (SQM-2004)
Information: No single-bit representative was found for multibit lib cell 'saed14rvt_ff0p88v125c/SAEDRVT14_FSDN4_V2_2'. (SQM-2004)
Information: No single-bit representative was found for multibit lib cell 'saed14rvt_ff0p88v125c/SAEDRVT14_FSDN4_V2_4'. (SQM-2004)
Warning: Found 8 multibit sequential library cells that have missing/added attributes or have restrictions that prevent them from banking. (SQM-1053)
Information: 6 out of 16 SQM-1061 messages were not printed due to limit 10 (after 'compile_fusion' at task4.tcl:40) (MSG-3913)
Information: 3 out of 8 SQM-1079 messages were not printed due to limit 5 (after 'compile_fusion' at task4.tcl:40) (MSG-3913)
Warning: Cannot infer functionality of libcell 'saed14rvt_ff0p88v125c/SAEDRVT14_FDNRBSBQ_V2_0P5' and will be excluded from sequential mapping. (SQM-1061)
Warning: Cannot infer functionality of libcell 'saed14rvt_ff0p88v125c/SAEDRVT14_FDNRBSBQ_V2_1' and will be excluded from sequential mapping. (SQM-1061)
Warning: Cannot infer functionality of libcell 'saed14rvt_ff0p88v125c/SAEDRVT14_FDNRBSBQ_V2_2' and will be excluded from sequential mapping. (SQM-1061)
Warning: Cannot infer functionality of libcell 'saed14rvt_ff0p88v125c/SAEDRVT14_FDNRBSBQ_V2_4' and will be excluded from sequential mapping. (SQM-1061)
Warning: Cannot infer functionality of libcell 'saed14rvt_ff0p88v125c/SAEDRVT14_FDPRBSBQ_V2_0P5' and will be excluded from sequential mapping. (SQM-1061)
Warning: Cannot infer functionality of libcell 'saed14rvt_ff0p88v125c/SAEDRVT14_FDPRBSBQ_V2_1' and will be excluded from sequential mapping. (SQM-1061)
Warning: Cannot infer functionality of libcell 'saed14rvt_ff0p88v125c/SAEDRVT14_FDPRBSBQ_V2_2' and will be excluded from sequential mapping. (SQM-1061)
Warning: Cannot infer functionality of libcell 'saed14rvt_ff0p88v125c/SAEDRVT14_FDPRBSBQ_V2_4' and will be excluded from sequential mapping. (SQM-1061)
Warning: Cannot infer functionality of libcell 'saed14rvt_ff0p88v125c/SAEDRVT14_FSDPRBSBQ_V2LP_0P5' and will be excluded from sequential mapping. (SQM-1061)
Warning: Cannot infer functionality of libcell 'saed14rvt_ff0p88v125c/SAEDRVT14_FSDPRBSBQ_V2LP_2' and will be excluded from sequential mapping. (SQM-1061)
Warning: Skipping check for single_bit_degenerate attribute on the multibit libcell 'saed14rvt_ff0p88v125c/SAEDRVT14_FSDN2_V2_0P5' since it is not a black-box. (SQM-1079)
Information: No single-bit representative was found for multibit lib cell 'saed14rvt_ff0p88v125c/SAEDRVT14_FSDN2_V2_0P5'. (SQM-2004)
Warning: Skipping check for single_bit_degenerate attribute on the multibit libcell 'saed14rvt_ff0p88v125c/SAEDRVT14_FSDN2_V2_1' since it is not a black-box. (SQM-1079)
Information: No single-bit representative was found for multibit lib cell 'saed14rvt_ff0p88v125c/SAEDRVT14_FSDN2_V2_1'. (SQM-2004)
Warning: Skipping check for single_bit_degenerate attribute on the multibit libcell 'saed14rvt_ff0p88v125c/SAEDRVT14_FSDN2_V2_2' since it is not a black-box. (SQM-1079)
Information: No single-bit representative was found for multibit lib cell 'saed14rvt_ff0p88v125c/SAEDRVT14_FSDN2_V2_2'. (SQM-2004)
Warning: Skipping check for single_bit_degenerate attribute on the multibit libcell 'saed14rvt_ff0p88v125c/SAEDRVT14_FSDN2_V2_4' since it is not a black-box. (SQM-1079)
Information: No single-bit representative was found for multibit lib cell 'saed14rvt_ff0p88v125c/SAEDRVT14_FSDN2_V2_4'. (SQM-2004)
Warning: Skipping check for single_bit_degenerate attribute on the multibit libcell 'saed14rvt_ff0p88v125c/SAEDRVT14_FSDN4_V2_0P5' since it is not a black-box. (SQM-1079)
Information: No single-bit representative was found for multibit lib cell 'saed14rvt_ff0p88v125c/SAEDRVT14_FSDN4_V2_0P5'. (SQM-2004)
Information: No single-bit representative was found for multibit lib cell 'saed14rvt_ff0p88v125c/SAEDRVT14_FSDN4_V2_1'. (SQM-2004)
Information: No single-bit representative was found for multibit lib cell 'saed14rvt_ff0p88v125c/SAEDRVT14_FSDN4_V2_2'. (SQM-2004)
Information: No single-bit representative was found for multibit lib cell 'saed14rvt_ff0p88v125c/SAEDRVT14_FSDN4_V2_4'. (SQM-2004)
Warning: Found 8 multibit sequential library cells that have missing/added attributes or have restrictions that prevent them from banking. (SQM-1053)
Information: 6 out of 16 SQM-1061 messages were not printed due to limit 10 (after 'compile_fusion' at task4.tcl:40) (MSG-3913)
Information: 3 out of 8 SQM-1079 messages were not printed due to limit 5 (after 'compile_fusion' at task4.tcl:40) (MSG-3913)
Warning: Cannot infer functionality of libcell 'saed14rvt_ff0p88v125c/SAEDRVT14_FDNRBSBQ_V2_0P5' and will be excluded from sequential mapping. (SQM-1061)
Warning: Cannot infer functionality of libcell 'saed14rvt_ff0p88v125c/SAEDRVT14_FDNRBSBQ_V2_1' and will be excluded from sequential mapping. (SQM-1061)
Warning: Cannot infer functionality of libcell 'saed14rvt_ff0p88v125c/SAEDRVT14_FDNRBSBQ_V2_2' and will be excluded from sequential mapping. (SQM-1061)
Warning: Cannot infer functionality of libcell 'saed14rvt_ff0p88v125c/SAEDRVT14_FDNRBSBQ_V2_4' and will be excluded from sequential mapping. (SQM-1061)
Warning: Cannot infer functionality of libcell 'saed14rvt_ff0p88v125c/SAEDRVT14_FDPRBSBQ_V2_0P5' and will be excluded from sequential mapping. (SQM-1061)
Warning: Cannot infer functionality of libcell 'saed14rvt_ff0p88v125c/SAEDRVT14_FDPRBSBQ_V2_1' and will be excluded from sequential mapping. (SQM-1061)
Warning: Cannot infer functionality of libcell 'saed14rvt_ff0p88v125c/SAEDRVT14_FDPRBSBQ_V2_2' and will be excluded from sequential mapping. (SQM-1061)
Warning: Cannot infer functionality of libcell 'saed14rvt_ff0p88v125c/SAEDRVT14_FDPRBSBQ_V2_4' and will be excluded from sequential mapping. (SQM-1061)
Warning: Cannot infer functionality of libcell 'saed14rvt_ff0p88v125c/SAEDRVT14_FSDPRBSBQ_V2LP_0P5' and will be excluded from sequential mapping. (SQM-1061)
Warning: Cannot infer functionality of libcell 'saed14rvt_ff0p88v125c/SAEDRVT14_FSDPRBSBQ_V2LP_2' and will be excluded from sequential mapping. (SQM-1061)
Warning: Skipping check for single_bit_degenerate attribute on the multibit libcell 'saed14rvt_ff0p88v125c/SAEDRVT14_FSDN2_V2_0P5' since it is not a black-box. (SQM-1079)
Information: No single-bit representative was found for multibit lib cell 'saed14rvt_ff0p88v125c/SAEDRVT14_FSDN2_V2_0P5'. (SQM-2004)
Warning: Skipping check for single_bit_degenerate attribute on the multibit libcell 'saed14rvt_ff0p88v125c/SAEDRVT14_FSDN2_V2_1' since it is not a black-box. (SQM-1079)
Information: No single-bit representative was found for multibit lib cell 'saed14rvt_ff0p88v125c/SAEDRVT14_FSDN2_V2_1'. (SQM-2004)
Warning: Skipping check for single_bit_degenerate attribute on the multibit libcell 'saed14rvt_ff0p88v125c/SAEDRVT14_FSDN2_V2_2' since it is not a black-box. (SQM-1079)
Information: No single-bit representative was found for multibit lib cell 'saed14rvt_ff0p88v125c/SAEDRVT14_FSDN2_V2_2'. (SQM-2004)
Warning: Skipping check for single_bit_degenerate attribute on the multibit libcell 'saed14rvt_ff0p88v125c/SAEDRVT14_FSDN2_V2_4' since it is not a black-box. (SQM-1079)
Information: No single-bit representative was found for multibit lib cell 'saed14rvt_ff0p88v125c/SAEDRVT14_FSDN2_V2_4'. (SQM-2004)
Warning: Skipping check for single_bit_degenerate attribute on the multibit libcell 'saed14rvt_ff0p88v125c/SAEDRVT14_FSDN4_V2_0P5' since it is not a black-box. (SQM-1079)
Information: No single-bit representative was found for multibit lib cell 'saed14rvt_ff0p88v125c/SAEDRVT14_FSDN4_V2_0P5'. (SQM-2004)
Information: No single-bit representative was found for multibit lib cell 'saed14rvt_ff0p88v125c/SAEDRVT14_FSDN4_V2_1'. (SQM-2004)
Information: No single-bit representative was found for multibit lib cell 'saed14rvt_ff0p88v125c/SAEDRVT14_FSDN4_V2_2'. (SQM-2004)
Information: No single-bit representative was found for multibit lib cell 'saed14rvt_ff0p88v125c/SAEDRVT14_FSDN4_V2_4'. (SQM-2004)
Warning: Found 8 multibit sequential library cells that have missing/added attributes or have restrictions that prevent them from banking. (SQM-1053)
Information: Result of compile_fusion / logic_opto / Register Retiming (FLW-8500)
Information: No instance marked for retiming. (RTM-1031)
Information: 6 out of 16 SQM-1061 messages were not printed due to limit 10 (after 'compile_fusion' at task4.tcl:40) (MSG-3913)
Information: 3 out of 8 SQM-1079 messages were not printed due to limit 5 (after 'compile_fusion' at task4.tcl:40) (MSG-3913)
Warning: Cannot infer functionality of libcell 'saed14rvt_ff0p88v125c/SAEDRVT14_FDNRBSBQ_V2_0P5' and will be excluded from sequential mapping. (SQM-1061)
Warning: Cannot infer functionality of libcell 'saed14rvt_ff0p88v125c/SAEDRVT14_FDNRBSBQ_V2_1' and will be excluded from sequential mapping. (SQM-1061)
Warning: Cannot infer functionality of libcell 'saed14rvt_ff0p88v125c/SAEDRVT14_FDNRBSBQ_V2_2' and will be excluded from sequential mapping. (SQM-1061)
Warning: Cannot infer functionality of libcell 'saed14rvt_ff0p88v125c/SAEDRVT14_FDNRBSBQ_V2_4' and will be excluded from sequential mapping. (SQM-1061)
Warning: Cannot infer functionality of libcell 'saed14rvt_ff0p88v125c/SAEDRVT14_FDPRBSBQ_V2_0P5' and will be excluded from sequential mapping. (SQM-1061)
Warning: Cannot infer functionality of libcell 'saed14rvt_ff0p88v125c/SAEDRVT14_FDPRBSBQ_V2_1' and will be excluded from sequential mapping. (SQM-1061)
Warning: Cannot infer functionality of libcell 'saed14rvt_ff0p88v125c/SAEDRVT14_FDPRBSBQ_V2_2' and will be excluded from sequential mapping. (SQM-1061)
Warning: Cannot infer functionality of libcell 'saed14rvt_ff0p88v125c/SAEDRVT14_FDPRBSBQ_V2_4' and will be excluded from sequential mapping. (SQM-1061)
Warning: Cannot infer functionality of libcell 'saed14rvt_ff0p88v125c/SAEDRVT14_FSDPRBSBQ_V2LP_0P5' and will be excluded from sequential mapping. (SQM-1061)
Warning: Cannot infer functionality of libcell 'saed14rvt_ff0p88v125c/SAEDRVT14_FSDPRBSBQ_V2LP_2' and will be excluded from sequential mapping. (SQM-1061)
Warning: Skipping check for single_bit_degenerate attribute on the multibit libcell 'saed14rvt_ff0p88v125c/SAEDRVT14_FSDN2_V2_0P5' since it is not a black-box. (SQM-1079)
Information: No single-bit representative was found for multibit lib cell 'saed14rvt_ff0p88v125c/SAEDRVT14_FSDN2_V2_0P5'. (SQM-2004)
Warning: Skipping check for single_bit_degenerate attribute on the multibit libcell 'saed14rvt_ff0p88v125c/SAEDRVT14_FSDN2_V2_1' since it is not a black-box. (SQM-1079)
Information: No single-bit representative was found for multibit lib cell 'saed14rvt_ff0p88v125c/SAEDRVT14_FSDN2_V2_1'. (SQM-2004)
Warning: Skipping check for single_bit_degenerate attribute on the multibit libcell 'saed14rvt_ff0p88v125c/SAEDRVT14_FSDN2_V2_2' since it is not a black-box. (SQM-1079)
Information: No single-bit representative was found for multibit lib cell 'saed14rvt_ff0p88v125c/SAEDRVT14_FSDN2_V2_2'. (SQM-2004)
Warning: Skipping check for single_bit_degenerate attribute on the multibit libcell 'saed14rvt_ff0p88v125c/SAEDRVT14_FSDN2_V2_4' since it is not a black-box. (SQM-1079)
Information: No single-bit representative was found for multibit lib cell 'saed14rvt_ff0p88v125c/SAEDRVT14_FSDN2_V2_4'. (SQM-2004)
Warning: Skipping check for single_bit_degenerate attribute on the multibit libcell 'saed14rvt_ff0p88v125c/SAEDRVT14_FSDN4_V2_0P5' since it is not a black-box. (SQM-1079)
Information: No single-bit representative was found for multibit lib cell 'saed14rvt_ff0p88v125c/SAEDRVT14_FSDN4_V2_0P5'. (SQM-2004)
Information: No single-bit representative was found for multibit lib cell 'saed14rvt_ff0p88v125c/SAEDRVT14_FSDN4_V2_1'. (SQM-2004)
Information: No single-bit representative was found for multibit lib cell 'saed14rvt_ff0p88v125c/SAEDRVT14_FSDN4_V2_2'. (SQM-2004)
Information: No single-bit representative was found for multibit lib cell 'saed14rvt_ff0p88v125c/SAEDRVT14_FSDN4_V2_4'. (SQM-2004)
Warning: Found 8 multibit sequential library cells that have missing/added attributes or have restrictions that prevent them from banking. (SQM-1053)
Information: 6 out of 16 SQM-1061 messages were not printed due to limit 10 (after 'compile_fusion' at task4.tcl:40) (MSG-3913)
Information: 3 out of 8 SQM-1079 messages were not printed due to limit 5 (after 'compile_fusion' at task4.tcl:40) (MSG-3913)
Information: Ending   compile_fusion / logic_opto / Register Retiming (FLW-8001)
Information: Time: 2025-06-04 15:43:57 / Session:  00:00:34 / Command:  00:00:25 / CPU:  00:00:33 / Memory: 1435 MB (FLW-8100)
Information: CPU Load: 6%, Ram Free: 44 GB, Swap Free: 1 GB, Work Disk Free: 308 GB, Tmp Disk Free: 308 GB (MSG-3995)
Warning: Cannot infer functionality of libcell 'saed14rvt_ff0p88v125c/SAEDRVT14_FDNRBSBQ_V2_0P5' and will be excluded from sequential mapping. (SQM-1061)
Warning: Cannot infer functionality of libcell 'saed14rvt_ff0p88v125c/SAEDRVT14_FDNRBSBQ_V2_1' and will be excluded from sequential mapping. (SQM-1061)
Warning: Cannot infer functionality of libcell 'saed14rvt_ff0p88v125c/SAEDRVT14_FDNRBSBQ_V2_2' and will be excluded from sequential mapping. (SQM-1061)
Warning: Cannot infer functionality of libcell 'saed14rvt_ff0p88v125c/SAEDRVT14_FDNRBSBQ_V2_4' and will be excluded from sequential mapping. (SQM-1061)
Warning: Cannot infer functionality of libcell 'saed14rvt_ff0p88v125c/SAEDRVT14_FDPRBSBQ_V2_0P5' and will be excluded from sequential mapping. (SQM-1061)
Warning: Cannot infer functionality of libcell 'saed14rvt_ff0p88v125c/SAEDRVT14_FDPRBSBQ_V2_1' and will be excluded from sequential mapping. (SQM-1061)
Warning: Cannot infer functionality of libcell 'saed14rvt_ff0p88v125c/SAEDRVT14_FDPRBSBQ_V2_2' and will be excluded from sequential mapping. (SQM-1061)
Warning: Cannot infer functionality of libcell 'saed14rvt_ff0p88v125c/SAEDRVT14_FDPRBSBQ_V2_4' and will be excluded from sequential mapping. (SQM-1061)
Warning: Cannot infer functionality of libcell 'saed14rvt_ff0p88v125c/SAEDRVT14_FSDPRBSBQ_V2LP_0P5' and will be excluded from sequential mapping. (SQM-1061)
Warning: Cannot infer functionality of libcell 'saed14rvt_ff0p88v125c/SAEDRVT14_FSDPRBSBQ_V2LP_2' and will be excluded from sequential mapping. (SQM-1061)
Warning: Skipping check for single_bit_degenerate attribute on the multibit libcell 'saed14rvt_ff0p88v125c/SAEDRVT14_FSDN2_V2_0P5' since it is not a black-box. (SQM-1079)
Information: No single-bit representative was found for multibit lib cell 'saed14rvt_ff0p88v125c/SAEDRVT14_FSDN2_V2_0P5'. (SQM-2004)
Warning: Skipping check for single_bit_degenerate attribute on the multibit libcell 'saed14rvt_ff0p88v125c/SAEDRVT14_FSDN2_V2_1' since it is not a black-box. (SQM-1079)
Information: No single-bit representative was found for multibit lib cell 'saed14rvt_ff0p88v125c/SAEDRVT14_FSDN2_V2_1'. (SQM-2004)
Warning: Skipping check for single_bit_degenerate attribute on the multibit libcell 'saed14rvt_ff0p88v125c/SAEDRVT14_FSDN2_V2_2' since it is not a black-box. (SQM-1079)
Information: No single-bit representative was found for multibit lib cell 'saed14rvt_ff0p88v125c/SAEDRVT14_FSDN2_V2_2'. (SQM-2004)
Warning: Skipping check for single_bit_degenerate attribute on the multibit libcell 'saed14rvt_ff0p88v125c/SAEDRVT14_FSDN2_V2_4' since it is not a black-box. (SQM-1079)
Information: No single-bit representative was found for multibit lib cell 'saed14rvt_ff0p88v125c/SAEDRVT14_FSDN2_V2_4'. (SQM-2004)
Warning: Skipping check for single_bit_degenerate attribute on the multibit libcell 'saed14rvt_ff0p88v125c/SAEDRVT14_FSDN4_V2_0P5' since it is not a black-box. (SQM-1079)
Information: No single-bit representative was found for multibit lib cell 'saed14rvt_ff0p88v125c/SAEDRVT14_FSDN4_V2_0P5'. (SQM-2004)
Information: No single-bit representative was found for multibit lib cell 'saed14rvt_ff0p88v125c/SAEDRVT14_FSDN4_V2_1'. (SQM-2004)
Information: No single-bit representative was found for multibit lib cell 'saed14rvt_ff0p88v125c/SAEDRVT14_FSDN4_V2_2'. (SQM-2004)
Information: No single-bit representative was found for multibit lib cell 'saed14rvt_ff0p88v125c/SAEDRVT14_FSDN4_V2_4'. (SQM-2004)
Warning: Found 8 multibit sequential library cells that have missing/added attributes or have restrictions that prevent them from banking. (SQM-1053)
Information: Register Bits Before Sharing = 0, After Sharing = 0, Savings = 0 (SQM-2000)
Information: 6 out of 16 SQM-1061 messages were not printed due to limit 10 (after 'compile_fusion' at task4.tcl:40) (MSG-3913)
Information: 3 out of 8 SQM-1079 messages were not printed due to limit 5 (after 'compile_fusion' at task4.tcl:40) (MSG-3913)
Information: Starting compile_fusion / logic_opto / Optimization (2) (FLW-8000)
Information: Time: 2025-06-04 15:43:59 / Session:  00:00:37 / Command:  00:00:27 / CPU:  00:00:35 / Memory: 1435 MB (FLW-8100)
Information: CPU Load: 6%, Ram Free: 44 GB, Swap Free: 1 GB, Work Disk Free: 308 GB, Tmp Disk Free: 308 GB (MSG-3995)
Warning: No clock routing rules were specified. Use set_clock_routing_rules to specify routing rules for accurate clock latency estimation. (OPT-902)
Warning: No clock routing rules were specified. Use set_clock_routing_rules to specify routing rules for accurate clock latency estimation. (OPT-902)
Information: Estimating clock gate latencies for scenario 'PowerSave_Slow'. (OPT-909)
Warning: No clock routing rules were specified. Use set_clock_routing_rules to specify routing rules for accurate clock latency estimation. (OPT-902)
Information: Estimating clock gate latencies for scenario 'Normal_Slow'. (OPT-909)
Information: Ending   compile_fusion / logic_opto / Optimization (2) (FLW-8001)
Information: Time: 2025-06-04 15:44:01 / Session:  00:00:38 / Command:  00:00:29 / CPU:  00:00:37 / Memory: 1435 MB (FLW-8100)
Information: CPU Load: 6%, Ram Free: 44 GB, Swap Free: 1 GB, Work Disk Free: 308 GB, Tmp Disk Free: 308 GB (MSG-3995)
Information: Starting compile_fusion / logic_opto / Auto-Floorplan (1) (FLW-8000)
Information: Time: 2025-06-04 15:44:01 / Session:  00:00:38 / Command:  00:00:29 / CPU:  00:00:37 / Memory: 1435 MB (FLW-8100)
Information: CPU Load: 6%, Ram Free: 44 GB, Swap Free: 1 GB, Work Disk Free: 308 GB, Tmp Disk Free: 308 GB (MSG-3995)
Information: Initializing core and die (AFP-1001)
Information: Initializing rows (AFP-1003)
Information: Initializing tracks (AFP-1004)
Information: Generated core area = 1267.886353 (AFP-2021)
Information: Generated core boundary = { {0 0} {0 35.4} {35.816 35.4} {35.816 0} } (AFP-2022)
Information: Shaping unshaped voltage areas (AFP-1011)
Information: Placing unplaced pins (AFP-1007)
Warning: found large number of corner keepout wiretracks on side 2 of block dut_toplevel on layer MRDL and there is no enough wire tracks available on this side (DPPA-096)
Warning: found large number of corner keepout wiretracks on side 4 of block dut_toplevel on layer MRDL and there is no enough wire tracks available on this side (DPPA-096)
Information: Result of compile_fusion / logic_opto / Auto-Floorplan (1) (FLW-8500)
Information: Auto-Floorplan Summary (AFP-2023)
-------------------------------------------------------------------------------
              origin           area     boundary
core  auto-floorplan        1267.89   { {0 0} {0 35.4} {35.816 35.4} {35.816 0} }
die   auto-floorplan        1267.89   { {0 0} {0 35.4} {35.816 35.4} {35.816 0} }
-------------------------------------------------------------------------------

-------------------------------------------------------------------------------
objects             total        candidates          modified         preserved                 
voltage areas           0                 0                 0                 0
ios                     0                 0                 0                 0
macros                  0                 0                 0                 0
pins                  170               170               170                 0
-------------------------------------------------------------------------------
Information: Ending   compile_fusion / logic_opto / Auto-Floorplan (1) (FLW-8001)
Information: Time: 2025-06-04 15:44:01 / Session:  00:00:38 / Command:  00:00:29 / CPU:  00:00:37 / Memory: 1435 MB (FLW-8100)
Information: CPU Load: 6%, Ram Free: 44 GB, Swap Free: 1 GB, Work Disk Free: 308 GB, Tmp Disk Free: 308 GB (MSG-3995)
Information: Starting compile_fusion / logic_opto / Early Placement (FLW-8000)
Information: Time: 2025-06-04 15:44:01 / Session:  00:00:38 / Command:  00:00:29 / CPU:  00:00:37 / Memory: 1435 MB (FLW-8100)
Information: CPU Load: 6%, Ram Free: 44 GB, Swap Free: 1 GB, Work Disk Free: 308 GB, Tmp Disk Free: 308 GB (MSG-3995)
----------------------------------------------------------------
running create_placement
Corner Scaling is off, multiplier is 1.000000
ORB: timingScenario Normal_Slow timingCorner Slow
INFO: Using corner Typical for worst leakage corner
Using default layer M4
new cutoff lpd: 3.06118e-07
corner scaling: maxCornerId = 3
corner=Fast, tran factor=0.837270 (0.028178 / 0.033655)
corner=Typical, tran factor=0.944434 (0.031785 / 0.033655)
corner=Slow, tran factor=1.000000 (0.033655 / 0.033655)
ORB: Nominal = 0.0053925  Design MT = inf  Target = 0.0336550 (6.241 nominal)  MaxRC = 0.022191
ORB: Fast Target = 0.011701 ( 2.170 nominal )
ORB: stageDelay=0.025981, stageLength=1609839
nplLib: default vr hor dist = 322
nplLib: default vr ver dist = 322
nplLib: default vr buf size = 2
nplLib: default vr buf size = 1

Placement Options:
Effort:                        medium_effort       
Timing Driven:                 false               
Buffering Aware Timing Driven: false               
Seed locs:                     false               
Incremental:                   false               
Congestion:                    false               
Fix Macros:                    true                
Place Macros:                  false               
Channel Size Macros:           false               

Printing options for 'place.coarse.*' (non-default only)
place.coarse.continue_on_missing_scandef                :	 true                

Start transferring placement data.
****** Net weight manager: report ******
Weights included: Timing  
Number of nets with non-default weights: 1604
Timing factor = 1
Non-default weight range: (0.892833, 2.6785)
Information: Automatic repeater spreading is enabled.
Completed transferring placement data.
Running placement using 12 thread(s)
Information: Enhanced Auto Density Control is used. (PLACE-098)
Information: Enhanced auto density configuration is 13179.
Information: Automatic density control has selected the following settings: max_density 0.55, congestion_driven_max_util 0.87. (PLACE-027)
Information: HFW control 'off' invoked.
Creating placement from scratch.
coarse place 0% done.
coarse place 33% done.
coarse place 67% done.
coarse place 100% done.
Information: Coarse placer weighted wire length estimate = 1.08661e+08
Information: Extraction observers are detached as design net change threshold is reached.
Warning: No clock routing rules were specified. Use set_clock_routing_rules to specify routing rules for accurate clock latency estimation. (OPT-902)
Warning: No clock routing rules were specified. Use set_clock_routing_rules to specify routing rules for accurate clock latency estimation. (OPT-902)
Information: Estimating clock gate latencies for scenario 'PowerSave_Slow'. (OPT-909)
Warning: No clock routing rules were specified. Use set_clock_routing_rules to specify routing rules for accurate clock latency estimation. (OPT-902)
Information: Estimating clock gate latencies for scenario 'Normal_Slow'. (OPT-909)
----------------------------------------------------------------
Information: Ending   compile_fusion / logic_opto / Early Placement (FLW-8001)
Information: Time: 2025-06-04 15:44:02 / Session:  00:00:40 / Command:  00:00:30 / CPU:  00:00:40 / Memory: 1435 MB (FLW-8100)
Information: CPU Load: 6%, Ram Free: 44 GB, Swap Free: 1 GB, Work Disk Free: 308 GB, Tmp Disk Free: 308 GB (MSG-3995)
Information: The stitching and editing of coupling caps is turned OFF for design 'dut_toplevel.dlib:dut_toplevel/auto_floorplan.design'. (TIM-125)
Information: Starting compile_fusion / logic_opto / Optimization (3) (FLW-8000)
Information: Time: 2025-06-04 15:44:04 / Session:  00:00:41 / Command:  00:00:32 / CPU:  00:00:44 / Memory: 1435 MB (FLW-8100)
Information: CPU Load: 6%, Ram Free: 44 GB, Swap Free: 1 GB, Work Disk Free: 308 GB, Tmp Disk Free: 308 GB (MSG-3995)
Information: Starting compile_fusion / logic_opto / Optimization (3) / Timing Optimization (FLW-8000)
Information: Time: 2025-06-04 15:44:04 / Session:  00:00:41 / Command:  00:00:32 / CPU:  00:00:44 / Memory: 1435 MB (FLW-8100)
Information: CPU Load: 6%, Ram Free: 44 GB, Swap Free: 1 GB, Work Disk Free: 308 GB, Tmp Disk Free: 308 GB (MSG-3995)
Warning: Cannot infer functionality of libcell 'saed14rvt_ff0p88v125c/SAEDRVT14_FDNRBSBQ_V2_0P5' and will be excluded from sequential mapping. (SQM-1061)
Warning: Cannot infer functionality of libcell 'saed14rvt_ff0p88v125c/SAEDRVT14_FDNRBSBQ_V2_1' and will be excluded from sequential mapping. (SQM-1061)
Warning: Cannot infer functionality of libcell 'saed14rvt_ff0p88v125c/SAEDRVT14_FDNRBSBQ_V2_2' and will be excluded from sequential mapping. (SQM-1061)
Warning: Cannot infer functionality of libcell 'saed14rvt_ff0p88v125c/SAEDRVT14_FDNRBSBQ_V2_4' and will be excluded from sequential mapping. (SQM-1061)
Warning: Cannot infer functionality of libcell 'saed14rvt_ff0p88v125c/SAEDRVT14_FDPRBSBQ_V2_0P5' and will be excluded from sequential mapping. (SQM-1061)
Warning: Cannot infer functionality of libcell 'saed14rvt_ff0p88v125c/SAEDRVT14_FDPRBSBQ_V2_1' and will be excluded from sequential mapping. (SQM-1061)
Warning: Cannot infer functionality of libcell 'saed14rvt_ff0p88v125c/SAEDRVT14_FDPRBSBQ_V2_2' and will be excluded from sequential mapping. (SQM-1061)
Warning: Cannot infer functionality of libcell 'saed14rvt_ff0p88v125c/SAEDRVT14_FDPRBSBQ_V2_4' and will be excluded from sequential mapping. (SQM-1061)
Warning: Cannot infer functionality of libcell 'saed14rvt_ff0p88v125c/SAEDRVT14_FSDPRBSBQ_V2LP_0P5' and will be excluded from sequential mapping. (SQM-1061)
Warning: Cannot infer functionality of libcell 'saed14rvt_ff0p88v125c/SAEDRVT14_FSDPRBSBQ_V2LP_2' and will be excluded from sequential mapping. (SQM-1061)
Warning: Skipping check for single_bit_degenerate attribute on the multibit libcell 'saed14rvt_ff0p88v125c/SAEDRVT14_FSDN2_V2_0P5' since it is not a black-box. (SQM-1079)
Information: No single-bit representative was found for multibit lib cell 'saed14rvt_ff0p88v125c/SAEDRVT14_FSDN2_V2_0P5'. (SQM-2004)
Warning: Skipping check for single_bit_degenerate attribute on the multibit libcell 'saed14rvt_ff0p88v125c/SAEDRVT14_FSDN2_V2_1' since it is not a black-box. (SQM-1079)
Information: No single-bit representative was found for multibit lib cell 'saed14rvt_ff0p88v125c/SAEDRVT14_FSDN2_V2_1'. (SQM-2004)
Warning: Skipping check for single_bit_degenerate attribute on the multibit libcell 'saed14rvt_ff0p88v125c/SAEDRVT14_FSDN2_V2_2' since it is not a black-box. (SQM-1079)
Information: No single-bit representative was found for multibit lib cell 'saed14rvt_ff0p88v125c/SAEDRVT14_FSDN2_V2_2'. (SQM-2004)
Warning: Skipping check for single_bit_degenerate attribute on the multibit libcell 'saed14rvt_ff0p88v125c/SAEDRVT14_FSDN2_V2_4' since it is not a black-box. (SQM-1079)
Information: No single-bit representative was found for multibit lib cell 'saed14rvt_ff0p88v125c/SAEDRVT14_FSDN2_V2_4'. (SQM-2004)
Warning: Skipping check for single_bit_degenerate attribute on the multibit libcell 'saed14rvt_ff0p88v125c/SAEDRVT14_FSDN4_V2_0P5' since it is not a black-box. (SQM-1079)
Information: No single-bit representative was found for multibit lib cell 'saed14rvt_ff0p88v125c/SAEDRVT14_FSDN4_V2_0P5'. (SQM-2004)
Information: No single-bit representative was found for multibit lib cell 'saed14rvt_ff0p88v125c/SAEDRVT14_FSDN4_V2_1'. (SQM-2004)
Information: No single-bit representative was found for multibit lib cell 'saed14rvt_ff0p88v125c/SAEDRVT14_FSDN4_V2_2'. (SQM-2004)
Information: No single-bit representative was found for multibit lib cell 'saed14rvt_ff0p88v125c/SAEDRVT14_FSDN4_V2_4'. (SQM-2004)
Warning: Found 8 multibit sequential library cells that have missing/added attributes or have restrictions that prevent them from banking. (SQM-1053)
Information: No single-bit representative was found for multibit lib cell 'saed14rvt_ff0p88v125c/SAEDRVT14_FSDN2_V2_0P5'. (SQM-2004)
Information: No single-bit representative was found for multibit lib cell 'saed14rvt_ff0p88v125c/SAEDRVT14_FSDN2_V2_1'. (SQM-2004)
Warning: Found 8 multibit sequential library cells that have missing/added attributes or have restrictions that prevent them from banking. (SQM-1053)
Warning: Found 8 multibit sequential library cells that have missing/added attributes or have restrictions that prevent them from banking. (SQM-1053)
Warning: Found 8 multibit sequential library cells that have missing/added attributes or have restrictions that prevent them from banking. (SQM-1053)
Warning: Found 8 multibit sequential library cells that have missing/added attributes or have restrictions that prevent them from banking. (SQM-1053)
Warning: Found 8 multibit sequential library cells that have missing/added attributes or have restrictions that prevent them from banking. (SQM-1053)
Warning: Found 8 multibit sequential library cells that have missing/added attributes or have restrictions that prevent them from banking. (SQM-1053)
Warning: Found 8 multibit sequential library cells that have missing/added attributes or have restrictions that prevent them from banking. (SQM-1053)
Warning: Found 8 multibit sequential library cells that have missing/added attributes or have restrictions that prevent them from banking. (SQM-1053)
Warning: Found 8 multibit sequential library cells that have missing/added attributes or have restrictions that prevent them from banking. (SQM-1053)
Information: 2 out of 12 SQM-1053 messages were not printed due to limit 10 (after 'compile_fusion' at task4.tcl:40) (MSG-3913)
Information: 182 out of 192 SQM-1061 messages were not printed due to limit 10 (after 'compile_fusion' at task4.tcl:40) (MSG-3913)
Information: 91 out of 96 SQM-1079 messages were not printed due to limit 5 (after 'compile_fusion' at task4.tcl:40) (MSG-3913)
Information: 86 out of 96 SQM-2004 messages were not printed due to limit 10 (after 'compile_fusion' at task4.tcl:40) (MSG-3913)
Information: Ending   compile_fusion / logic_opto / Optimization (3) / Timing Optimization (FLW-8001)
Information: Time: 2025-06-04 15:44:06 / Session:  00:00:43 / Command:  00:00:33 / CPU:  00:00:45 / Memory: 1454 MB (FLW-8100)
Information: CPU Load: 8%, Ram Free: 44 GB, Swap Free: 1 GB, Work Disk Free: 308 GB, Tmp Disk Free: 308 GB (MSG-3995)
Information: Ending   compile_fusion / logic_opto / Optimization (3) (FLW-8001)
Information: Time: 2025-06-04 15:44:06 / Session:  00:00:43 / Command:  00:00:34 / CPU:  00:00:46 / Memory: 1454 MB (FLW-8100)
Information: CPU Load: 8%, Ram Free: 44 GB, Swap Free: 1 GB, Work Disk Free: 308 GB, Tmp Disk Free: 308 GB (MSG-3995)
Information: Starting compile_fusion / logic_opto / Optimization (4) (FLW-8000)
Information: Time: 2025-06-04 15:44:06 / Session:  00:00:43 / Command:  00:00:34 / CPU:  00:00:46 / Memory: 1454 MB (FLW-8100)
Information: CPU Load: 8%, Ram Free: 44 GB, Swap Free: 1 GB, Work Disk Free: 308 GB, Tmp Disk Free: 308 GB (MSG-3995)
Information: Starting compile_fusion / logic_opto / Optimization (4) / Logic Simplification and Register Optimization (FLW-8000)
Information: Time: 2025-06-04 15:44:06 / Session:  00:00:43 / Command:  00:00:34 / CPU:  00:00:46 / Memory: 1454 MB (FLW-8100)
Information: CPU Load: 8%, Ram Free: 44 GB, Swap Free: 1 GB, Work Disk Free: 308 GB, Tmp Disk Free: 308 GB (MSG-3995)
Information: Ending   compile_fusion / logic_opto / Optimization (4) / Logic Simplification and Register Optimization (FLW-8001)
Information: Time: 2025-06-04 15:44:06 / Session:  00:00:43 / Command:  00:00:34 / CPU:  00:00:46 / Memory: 1454 MB (FLW-8100)
Information: CPU Load: 8%, Ram Free: 44 GB, Swap Free: 1 GB, Work Disk Free: 308 GB, Tmp Disk Free: 308 GB (MSG-3995)
Information: Ending   compile_fusion / logic_opto / Optimization (4) (FLW-8001)
Information: Time: 2025-06-04 15:44:10 / Session:  00:00:47 / Command:  00:00:38 / CPU:  00:00:53 / Memory: 1454 MB (FLW-8100)
Information: CPU Load: 8%, Ram Free: 44 GB, Swap Free: 1 GB, Work Disk Free: 308 GB, Tmp Disk Free: 308 GB (MSG-3995)
Information: Starting compile_fusion / logic_opto / Optimization (5) (FLW-8000)
Information: Time: 2025-06-04 15:44:10 / Session:  00:00:47 / Command:  00:00:38 / CPU:  00:00:53 / Memory: 1454 MB (FLW-8100)
Information: CPU Load: 8%, Ram Free: 44 GB, Swap Free: 1 GB, Work Disk Free: 308 GB, Tmp Disk Free: 308 GB (MSG-3995)
Information: Starting compile_fusion / logic_opto / Optimization (5) / Logic Simplification and Register Optimization (FLW-8000)
Information: Time: 2025-06-04 15:44:10 / Session:  00:00:47 / Command:  00:00:38 / CPU:  00:00:53 / Memory: 1454 MB (FLW-8100)
Information: CPU Load: 8%, Ram Free: 44 GB, Swap Free: 1 GB, Work Disk Free: 308 GB, Tmp Disk Free: 308 GB (MSG-3995)
Information: Ending   compile_fusion / logic_opto / Optimization (5) / Logic Simplification and Register Optimization (FLW-8001)
Information: Time: 2025-06-04 15:44:10 / Session:  00:00:47 / Command:  00:00:38 / CPU:  00:00:53 / Memory: 1454 MB (FLW-8100)
Information: CPU Load: 8%, Ram Free: 44 GB, Swap Free: 1 GB, Work Disk Free: 308 GB, Tmp Disk Free: 308 GB (MSG-3995)
Information: Ending   compile_fusion / logic_opto / Optimization (5) (FLW-8001)
Information: Time: 2025-06-04 15:44:10 / Session:  00:00:47 / Command:  00:00:38 / CPU:  00:00:53 / Memory: 1454 MB (FLW-8100)
Information: CPU Load: 8%, Ram Free: 44 GB, Swap Free: 1 GB, Work Disk Free: 308 GB, Tmp Disk Free: 308 GB (MSG-3995)
Information: Starting compile_fusion / logic_opto / Auto-Floorplan (2) (FLW-8000)
Information: Time: 2025-06-04 15:44:10 / Session:  00:00:47 / Command:  00:00:38 / CPU:  00:00:53 / Memory: 1454 MB (FLW-8100)
Information: CPU Load: 8%, Ram Free: 44 GB, Swap Free: 1 GB, Work Disk Free: 308 GB, Tmp Disk Free: 308 GB (MSG-3995)
Information: Initializing core and die (AFP-1001)
Information: Initializing rows (AFP-1003)
Information: Initializing tracks (AFP-1004)
Removing existing floorplan objects
Creating core...
Core utilization ratio = 71.17%
Unplacing all cells...
Creating site array...
Creating routing tracks...
Initializing floorplan completed.
Information: Generated core area = 1270.505981 (AFP-2021)
Information: Generated core boundary = { {0 0} {0 35.4} {35.89 35.4} {35.89 0} } (AFP-2022)
Information: Shaping unshaped voltage areas (AFP-1011)
Information: Placing unplaced pins (AFP-1007)
Load DB...
CPU Time for load db: 00:00:00.00u 00:00:00.00s 00:00:00.00e: 

Min routing layer: M1
Max routing layer: MRDL


CPU Time for Top Level Pre-Route Processing: 00:00:00.00u 00:00:00.00s 00:00:00.00e: 
Warning: found large number of corner keepout wiretracks on side 2 of block dut_toplevel on layer MRDL and there is no enough wire tracks available on this side (DPPA-096)
Warning: found large number of corner keepout wiretracks on side 4 of block dut_toplevel on layer MRDL and there is no enough wire tracks available on this side (DPPA-096)
Warning: Cell contains tie connections which are not connected to real PG. (ZRT-511)
Cell Min-Routing-Layer = M1
Cell Max-Routing-Layer = MRDL
Turn off antenna since no rule is specified
Information: Option route.detail.force_end_on_preferred_grid will be ignored since none of the layers have preferred grid. (ZRT-703)

Block Pin Constraint   Min Pin Max Pin Reserve
                       Layer   Layer   Layer    Feedthroughs
--------------------   ------  ------  ------   ------------
dut_toplevel           M2      MRDL    MRDL     Not allowed

Via on layer (VIA4) needs more than one tracks
Warning: Layer M4 default pitch 0.100 may be too small to handle up/down via. Note, that minimum requirements are "wire/via-down 0.100" & "wire/via-up 0.122". (ZRT-026)
Via on layer (VIA7) needs more than one tracks
Warning: Layer M7 default pitch 0.100 may be too small to handle up/down via. Note, that minimum requirements are "wire/via-down 0.100" & "wire/via-up 0.105". (ZRT-026)
Wire on layer (M8) needs more than one tracks
Via on layer (VIA7) needs more than one tracks
Via on layer (VIA8) needs more than one tracks
Warning: Layer M8 default pitch 0.100 may be too small to handle up/down via. Note, that minimum requirements are "wire/via-down 0.105" & "wire/via-up 0.135". (ZRT-026)
Wire on layer (M9) needs more than one tracks
Via on layer (VIA8) needs more than one tracks
Via on layer (VIARDL) needs more than one tracks
Warning: Layer M9 default pitch 0.100 may be too small to handle up/down via. Note, that minimum requirements are "wire/via-down 0.135" & "wire/via-up 1.570". (ZRT-026)
Via on layer (VIARDL) needs more than one tracks
Warning: Layer MRDL default pitch 4.000 may be too small to handle up/down via. Note, that minimum requirements are "wire/via-down 4.500" & "wire/via-up 4.000". (ZRT-026)
Transition layer name: M7(6)
Transition layer name: M8(7)
Information: When applicable Min-max layer allow_pin_connection mode will allow paths of length 0.90 outside the layer range. (ZRT-707)
Information: When applicable Min-max layer allow_pin_connection mode will allow paths of length 0.90 outside the layer range on clock nets. (ZRT-718)
Information: When applicable layer based tapering will taper up to 0.00 in distance from the pin. (ZRT-706)
Warning: Master cell dut_toplevel has duplicated redundant library pin shapes at {0.000 0.000} {0.034 0.148} on layer M2. (ZRT-625)
Warning: Master cell dut_toplevel has duplicated redundant library pin shapes at {0.001 -0.500} {35.889 -0.400} on layer M2. (ZRT-625)
Warning: Master cell dut_toplevel has duplicated redundant library pin shapes at {0.001 -0.500} {35.889 -0.400} on layer M2. (ZRT-625)
Warning: Master cell dut_toplevel has duplicated redundant library pin shapes at {0.001 -0.500} {35.889 -0.400} on layer M2. (ZRT-625)
Warning: Master cell dut_toplevel has duplicated redundant library pin shapes at {0.001 -0.500} {35.889 -0.400} on layer M2. (ZRT-625)
Warning: Master cell dut_toplevel has duplicated redundant library pin shapes at {0.001 -0.500} {35.889 -0.400} on layer M2. (ZRT-625)
Warning: Master cell dut_toplevel has duplicated redundant library pin shapes at {0.001 -0.500} {35.889 -0.400} on layer M2. (ZRT-625)
Warning: Master cell dut_toplevel has duplicated redundant library pin shapes at {0.001 -0.500} {35.889 -0.400} on layer M2. (ZRT-625)
Warning: Master cell dut_toplevel has duplicated redundant library pin shapes at {0.001 -0.500} {35.889 -0.400} on layer M2. (ZRT-625)
Warning: Master cell dut_toplevel has duplicated redundant library pin shapes at {0.001 -0.500} {35.889 -0.400} on layer M2. (ZRT-625)
Note - message 'ZRT-625' limit (10) exceeded. Remainder will be suppressed.
Warning: Standard cell pin SAEDRVT14_ADDH_0P5/CO has no valid via regions. (ZRT-044)
Warning: Standard cell pin SAEDRVT14_OA21B_1/X has no valid via regions. (ZRT-044)
Warning: Cell dut_input_channel_control_0_INST/in_data_arb_r_reg[23] is placed overlapping with other cells at {{21.055 0.945} {23.201 1.545}}. (ZRT-763)
Start Global Route ... 
[Init] Elapsed real time: 0:00:00 
[Init] Elapsed cpu  time: sys=0:00:00 usr=0:00:00 total=0:00:00
[Init] Stage (MB): Used    0  Alloctr    0  Proc    0 
[Init] Total (MB): Used   52  Alloctr   53  Proc 5982 
Printing options for 'route.common.*'
common.clock_topology                                   :	 normal              
common.single_connection_to_pins                        :	 off                 

Printing options for 'route.global.*'
global.crosstalk_driven                                 :	 false               
global.deterministic                                    :	 on                  

Begin global routing.
Constructing data structure ...
Design statistics:
Design Bounding Box (-0.60um,-0.60um,36.49um,36.00um)
Number of routing layers = 10
layer M1, dir Hor, min width = 0.034um, min space = 0.026um pitch = 0.074um
layer M2, dir Ver, min width = 0.034um, min space = 0.026um pitch = 0.06um
layer M3, dir Hor, min width = 0.034um, min space = 0.026um pitch = 0.074um
layer M4, dir Ver, min width = 0.06um, min space = 0.04um pitch = 0.1um
layer M5, dir Hor, min width = 0.06um, min space = 0.04um pitch = 0.1um
layer M6, dir Ver, min width = 0.06um, min space = 0.04um pitch = 0.1um
layer M7, dir Hor, min width = 0.06um, min space = 0.04um pitch = 0.1um
layer M8, dir Ver, min width = 0.06um, min space = 0.04um pitch = 0.1um
layer M9, dir Hor, min width = 0.06um, min space = 0.04um pitch = 0.1um
layer MRDL, dir Ver, min width = 2um, min space = 2um pitch = 4um
Current Stage stats:
[End of Build Tech Data] Elapsed real time: 0:00:00 
[End of Build Tech Data] Elapsed cpu  time: sys=0:00:00 usr=0:00:00 total=0:00:00
[End of Build Tech Data] Stage (MB): Used    1  Alloctr    1  Proc    0 
[End of Build Tech Data] Total (MB): Used   57  Alloctr   57  Proc 5982 
Net statistics:
Total number of nets to route for block pin placement     = 168
Number of interface nets to route for block pin placement = 168
Net length statistics: 
Net Count(Ignore Fully Rted) 336, Total Half Perimeter Wire Length (HPWL) 6221 microns
HPWL   0 ~   50 microns: Net Count      335	Total HPWL         6152 microns
HPWL  50 ~  100 microns: Net Count        1	Total HPWL           69 microns
HPWL 100 ~  200 microns: Net Count        0	Total HPWL            0 microns
HPWL 200 ~  300 microns: Net Count        0	Total HPWL            0 microns
HPWL 300 ~  400 microns: Net Count        0	Total HPWL            0 microns
HPWL 400 ~  500 microns: Net Count        0	Total HPWL            0 microns
HPWL 500 ~  600 microns: Net Count        0	Total HPWL            0 microns
HPWL 600 ~  700 microns: Net Count        0	Total HPWL            0 microns
HPWL 700 ~  800 microns: Net Count        0	Total HPWL            0 microns
HPWL 800 ~  900 microns: Net Count        0	Total HPWL            0 microns
HPWL 900 ~ 1000 microns: Net Count        0	Total HPWL            0 microns
HPWL     > 1000 microns: Net Count        0	Total HPWL            0 microns
Current Stage stats:
[End of Build All Nets] Elapsed real time: 0:00:00 
[End of Build All Nets] Elapsed cpu  time: sys=0:00:00 usr=0:00:00 total=0:00:00
[End of Build All Nets] Stage (MB): Used    0  Alloctr    0  Proc  -32 
[End of Build All Nets] Total (MB): Used   57  Alloctr   58  Proc 5950 
Number of partitions: 1 (1 x 1)
Size of partitions: 33 gCells x 32 gCells
Average gCell capacity  15.41	 on layer (1)	 M1
Average gCell capacity  18.66	 on layer (2)	 M2
Average gCell capacity  15.41	 on layer (3)	 M3
Average gCell capacity  11.18	 on layer (4)	 M4
Average gCell capacity  11.38	 on layer (5)	 M5
Average gCell capacity  11.18	 on layer (6)	 M6
Average gCell capacity  11.38	 on layer (7)	 M7
Average gCell capacity  11.18	 on layer (8)	 M8
Average gCell capacity  11.38	 on layer (9)	 M9
Average gCell capacity  0.21	 on layer (10)	 MRDL
Average number of tracks per gCell 15.47	 on layer (1)	 M1
Average number of tracks per gCell 18.73	 on layer (2)	 M2
Average number of tracks per gCell 15.47	 on layer (3)	 M3
Average number of tracks per gCell 11.24	 on layer (4)	 M4
Average number of tracks per gCell 11.44	 on layer (5)	 M5
Average number of tracks per gCell 11.24	 on layer (6)	 M6
Average number of tracks per gCell 11.44	 on layer (7)	 M7
Average number of tracks per gCell 11.24	 on layer (8)	 M8
Average number of tracks per gCell 11.44	 on layer (9)	 M9
Average number of tracks per gCell 0.27	 on layer (10)	 MRDL
Number of gCells = 10560
Current Stage stats:
[End of Build Congestion Map] Elapsed real time: 0:00:00 
[End of Build Congestion Map] Elapsed cpu  time: sys=0:00:00 usr=0:00:00 total=0:00:00
[End of Build Congestion Map] Stage (MB): Used    1  Alloctr    1  Proc    0 
[End of Build Congestion Map] Total (MB): Used   58  Alloctr   59  Proc 5950 
Number of partitions: 1 (1 x 1)
Size of partitions: 33 gCells x 32 gCells
Current Stage stats:
[End of Add Nets Demand] Elapsed real time: 0:00:00 
[End of Add Nets Demand] Elapsed cpu  time: sys=0:00:00 usr=0:00:00 total=0:00:00
[End of Add Nets Demand] Stage (MB): Used    0  Alloctr    0  Proc    0 
[End of Add Nets Demand] Total (MB): Used   58  Alloctr   59  Proc 5950 
Number of user frozen nets = 0
Total stats:
[End of Build Data] Elapsed real time: 0:00:00 
[End of Build Data] Elapsed cpu  time: sys=0:00:00 usr=0:00:00 total=0:00:00
[End of Build Data] Stage (MB): Used    2  Alloctr    2  Proc  -32 
[End of Build Data] Total (MB): Used   58  Alloctr   59  Proc 5950 
Number of partitions: 1 (1 x 1)
Size of partitions: 33 gCells x 32 gCells
Current Stage stats:
[End of Blocked Pin Detection] Elapsed real time: 0:00:00 
[End of Blocked Pin Detection] Elapsed cpu  time: sys=0:00:00 usr=0:00:00 total=0:00:00
[End of Blocked Pin Detection] Stage (MB): Used   12  Alloctr   12  Proc    0 
[End of Blocked Pin Detection] Total (MB): Used   70  Alloctr   71  Proc 5950 
Information: Using 12 threads for routing. (ZRT-444)
Information: Buffer distance is estimated to be ~271.0000um (225 gCells)

Start GR phase 0
Number of partitions: 1 (1 x 1)
Size of partitions: 33 gCells x 32 gCells
[rtTop] Elapsed real time: 0:00:00 
[rtTop] Elapsed cpu  time: sys=0:00:00 usr=0:00:00 total=0:00:00
Current Stage stats:
[End of Initial Routing] Elapsed real time: 0:00:00 
[End of Initial Routing] Elapsed cpu  time: sys=0:00:00 usr=0:00:00 total=0:00:00
[End of Initial Routing] Stage (MB): Used    0  Alloctr    0  Proc    0 
[End of Initial Routing] Total (MB): Used   70  Alloctr   71  Proc 5950 
Initial. Routing result:
Initial. Both Dirs: Dmd-Cap  =     0 Max = 0 GRCs =     0 (0.00%)
Initial. H routing: Dmd-Cap  =     0 Max = 0 (GRCs =  0) GRCs =     0 (0.00%)
Initial. V routing: Dmd-Cap  =     0 Max = 0 (GRCs =  0) GRCs =     0 (0.00%)
Initial. Both Dirs: Overflow =     0 Max = 0 GRCs =     0 (0.00%)
Initial. H routing: Overflow =     0 Max = 0 (GRCs =  0) GRCs =     0 (0.00%)
Initial. V routing: Overflow =     0 Max = 0 (GRCs =  0) GRCs =     0 (0.00%)
Initial. M1         Overflow =     0 Max = 0 (GRCs =  0) GRCs =     0 (0.00%)
Initial. M2         Overflow =     0 Max = 0 (GRCs =  0) GRCs =     0 (0.00%)
Initial. M3         Overflow =     0 Max = 0 (GRCs =  0) GRCs =     0 (0.00%)
Initial. M4         Overflow =     0 Max = 0 (GRCs =  0) GRCs =     0 (0.00%)
Initial. M5         Overflow =     0 Max = 0 (GRCs =  0) GRCs =     0 (0.00%)
Initial. M6         Overflow =     0 Max = 0 (GRCs =  0) GRCs =     0 (0.00%)
Initial. M7         Overflow =     0 Max = 0 (GRCs =  0) GRCs =     0 (0.00%)
Initial. M8         Overflow =     0 Max = 0 (GRCs =  0) GRCs =     0 (0.00%)
Initial. M9         Overflow =     0 Max = 0 (GRCs =  0) GRCs =     0 (0.00%)
Initial. MRDL       Overflow =     0 Max = 0 (GRCs =  0) GRCs =     0 (0.00%)

Initial. Total Wire Length = 502.97
Initial. Layer M1 wire length = 0.00
Initial. Layer M2 wire length = 118.87
Initial. Layer M3 wire length = 262.64
Initial. Layer M4 wire length = 121.46
Initial. Layer M5 wire length = 0.00
Initial. Layer M6 wire length = 0.00
Initial. Layer M7 wire length = 0.00
Initial. Layer M8 wire length = 0.00
Initial. Layer M9 wire length = 0.00
Initial. Layer MRDL wire length = 0.00
Initial. Total Number of Contacts = 250
Initial. Via VIA1_Base count = 48
Initial. Via VIA2_Base count = 139
Initial. Via VIA34SQ_C count = 63
Initial. Via VIA4SQ count = 0
Initial. Via VIA5SQ_C count = 0
Initial. Via VIA67SQ_C count = 0
Initial. Via VIA78SQ_C count = 0
Initial. Via VIA89_C count = 0
Initial. Via VIA9RDL count = 0
Initial. completed.
[End of Whole Chip Routing] Elapsed real time: 0:00:00 
[End of Whole Chip Routing] Elapsed cpu  time: sys=0:00:00 usr=0:00:00 total=0:00:00
[End of Whole Chip Routing] Stage (MB): Used   14  Alloctr   15  Proc  -32 
[End of Whole Chip Routing] Total (MB): Used   70  Alloctr   71  Proc 5950 
[End of Global Routing] Elapsed real time: 0:00:00 
[End of Global Routing] Elapsed cpu  time: sys=0:00:00 usr=0:00:00 total=0:00:00
[End of Global Routing] Stage (MB): Used   14  Alloctr   14  Proc  -32 
[End of Global Routing] Total (MB): Used   70  Alloctr   71  Proc 5950 
[End of dbOut] Elapsed real time: 0:00:00 
[End of dbOut] Elapsed cpu  time: sys=0:00:00 usr=0:00:00 total=0:00:00
[End of dbOut] Stage (MB): Used    0  Alloctr    0  Proc    0 
[End of dbOut] Total (MB): Used   60  Alloctr   61  Proc 5950 
CPU Time for Global Route: 00:00:00.33u 00:00:00.01s 00:00:00.29e: 
Number of block ports: 170
Number of block pin locations assigned from router: 168
CPU Time for Pin Preparation: 00:00:00.00u 00:00:00.00s 00:00:00.00e: 
Number of PG ports on blocks: 0
Number of pins created: 170
CPU Time for Pin Creation: 00:00:00.01u 00:00:00.00s 00:00:00.01e: 
Total Pin Placement CPU Time: 00:00:00.35u 00:00:00.01s 00:00:00.30e: 
Information: Result of compile_fusion / logic_opto / Auto-Floorplan (2) (FLW-8500)
Information: Auto-Floorplan Summary (AFP-2023)
-------------------------------------------------------------------------------
              origin           area     boundary
core  auto-floorplan        1270.51   { {0 0} {0 35.4} {35.89 35.4} {35.89 0} }
die   auto-floorplan        1270.51   { {0 0} {0 35.4} {35.89 35.4} {35.89 0} }
-------------------------------------------------------------------------------

-------------------------------------------------------------------------------
objects             total        candidates          modified         preserved                 
voltage areas           0                 0                 0                 0
ios                     0                 0                 0                 0
macros                  0                 0                 0                 0
pins                  170               170               170                 0
-------------------------------------------------------------------------------
Information: Ending   compile_fusion / logic_opto / Auto-Floorplan (2) (FLW-8001)
Information: Time: 2025-06-04 15:44:10 / Session:  00:00:48 / Command:  00:00:38 / CPU:  00:00:53 / Memory: 1454 MB (FLW-8100)
Information: CPU Load: 8%, Ram Free: 44 GB, Swap Free: 1 GB, Work Disk Free: 308 GB, Tmp Disk Free: 308 GB (MSG-3995)
Information: Starting compile_fusion / logic_opto / Secondary PG connections (FLW-8000)
Information: Time: 2025-06-04 15:44:10 / Session:  00:00:48 / Command:  00:00:38 / CPU:  00:00:53 / Memory: 1454 MB (FLW-8100)
Information: CPU Load: 8%, Ram Free: 44 GB, Swap Free: 1 GB, Work Disk Free: 308 GB, Tmp Disk Free: 308 GB (MSG-3995)
Information: Secondary PG:  Secondary PG connections skipped because it is not a UPF design (FLW-1247)
Information: Ending   compile_fusion / logic_opto / Secondary PG connections (FLW-8001)
Information: Time: 2025-06-04 15:44:10 / Session:  00:00:48 / Command:  00:00:38 / CPU:  00:00:53 / Memory: 1454 MB (FLW-8100)
Information: CPU Load: 8%, Ram Free: 44 GB, Swap Free: 1 GB, Work Disk Free: 308 GB, Tmp Disk Free: 308 GB (MSG-3995)
Compile-fusion optimization summary            SETUP-COST    R2R-COST HOLD-COST LDRC-COST          AREA     LEAKAGE     INSTCNT            ELAPSE       MEM
Compile-fusion                                          -           -         -         -        904.25           -        1174              0.01      1453
Information: Ending   compile_fusion / logic_opto (FLW-8001)
Information: Time: 2025-06-04 15:44:10 / Session:  00:00:48 / Command:  00:00:38 / CPU:  00:00:53 / Memory: 1454 MB (FLW-8100)
Information: CPU Load: 8%, Ram Free: 44 GB, Swap Free: 1 GB, Work Disk Free: 308 GB, Tmp Disk Free: 308 GB (MSG-3995)

Information: >>>>>>> 10 unique error and warning message tags while observing compile_fusion / logic_opto: (MSG-3100)
Information: #prnt #trgr #lmt    Tag  Level     Format (or last printed message)                                (MSG-3036)
Information:     2     2  0 FLW-2224  WARNING   Warning: Duplicate callback function set for step 'fc/logic_... (MSG-3032)
Information:    60   248  5 SQM-1079  WARNING   Warning: Skipping check for single_bit_degenerate attribute ... (MSG-3032)
Information:   120   496 10 SQM-1061  WARNING   Warning: Cannot infer functionality of libcell 'saed14rvt_ff... (MSG-3032)
Information:    30    31 10 SQM-1053  WARNING   Warning: Found 8 multibit sequential library cells that have... (MSG-3032)
Information:     1     1  0 ZRT-511   WARNING   Warning: Cell contains tie connections which are not connect... (MSG-3032)
Information:     5     5  0 ZRT-026   WARNING   Warning: Layer MRDL default pitch 4.000 may be too small to ... (MSG-3032)
Information:     1     1  0 ZRT-763   WARNING   Warning: Cell dut_input_channel_control_0_INST/in_data_arb_r... (MSG-3032)
Information:     4     4  0 DPPA-096  WARNING   Warning: found large number of corner keepout wiretracks on ... (MSG-3032)
Information:    10    10  0 ZRT-625   WARNING   Warning: Master cell dut_toplevel has duplicated redundant l... (MSG-3032)
Information:     9     6  0 OPT-902   WARNING   Warning: No clock routing rules were specified. Use set_cloc... (MSG-3032)
Information:   242   804  3       10  <------   Total sum of messages (MSG-3038)
Information: >>>>>>> Summary: 804 error&warning MSGs observed during compile_fusion / logic_opto (MSG-3103)

Scenario Normal_Typical is cellEm
Scenario PowerSave_Typical is cellEm
Information: The stitching and editing of coupling caps is turned OFF for design 'dut_toplevel.dlib:dut_toplevel/auto_floorplan.design'. (TIM-125)
Info: update em.
Information: Activity propagation will be performed for scenario Normal_Fast.
Information: Doing activity propagation for mode 'Normal' and corner 'Fast' with effort level 'medium'. (POW-024)
Information: Timer-derived activity data is cached on scenario Normal_Fast (POW-052)
Information: Running switching activity propagation with 12 threads!

 **** Information : No. of simulation cycles = 6 ****
Information: Propagated activity on scenario Normal_Slow identical to that on Normal_Fast (POW-006)
Information: Propagated activity on scenario Normal_Typical identical to that on Normal_Fast (POW-006)
Information: Activity propagation will be performed for scenario PowerSave_Fast.
Information: Doing activity propagation for mode 'PowerSave' and corner 'Fast' with effort level 'medium'. (POW-024)
Information: Timer-derived activity data is cached on scenario PowerSave_Fast (POW-052)
Information: Running switching activity propagation with 12 threads!

 **** Information : No. of simulation cycles = 6 ****
Information: Propagated activity on scenario PowerSave_Slow identical to that on PowerSave_Fast (POW-006)
Information: Propagated activity on scenario PowerSave_Typical identical to that on PowerSave_Fast (POW-006)
Information: Activity for scenario Normal_Fast was cached, no propagation required. (POW-005)
Information: Activity for scenario Normal_Slow was cached, no propagation required. (POW-005)
Information: Activity for scenario Normal_Typical was cached, no propagation required. (POW-005)
Information: Activity for scenario PowerSave_Fast was cached, no propagation required. (POW-005)
Information: Activity for scenario PowerSave_Slow was cached, no propagation required. (POW-005)
Information: Activity for scenario PowerSave_Typical was cached, no propagation required. (POW-005)
CTS Cell EM initialization finished
Scenario Normal_Typical is cellEm
Scenario PowerSave_Typical is cellEm
Info: update em.
Information: Activity for scenario Normal_Fast was cached, no propagation required. (POW-005)
Information: Activity for scenario Normal_Slow was cached, no propagation required. (POW-005)
Information: Activity for scenario Normal_Typical was cached, no propagation required. (POW-005)
Information: Activity for scenario PowerSave_Fast was cached, no propagation required. (POW-005)
CTS Cell EM initialization finished
Warning: No clock routing rules were specified. Use set_clock_routing_rules to specify routing rules for accurate clock latency estimation. (OPT-902)
Warning: No clock routing rules were specified. Use set_clock_routing_rules to specify routing rules for accurate clock latency estimation. (OPT-902)
Information: Estimating clock gate latencies for scenario 'PowerSave_Typical'. (OPT-909)
Warning: No clock routing rules were specified. Use set_clock_routing_rules to specify routing rules for accurate clock latency estimation. (OPT-902)
Information: Estimating clock gate latencies for scenario 'PowerSave_Slow'. (OPT-909)
Warning: No clock routing rules were specified. Use set_clock_routing_rules to specify routing rules for accurate clock latency estimation. (OPT-902)
Information: Estimating clock gate latencies for scenario 'PowerSave_Fast'. (OPT-909)
Warning: No clock routing rules were specified. Use set_clock_routing_rules to specify routing rules for accurate clock latency estimation. (OPT-902)
Information: Estimating clock gate latencies for scenario 'Normal_Typical'. (OPT-909)
Warning: No clock routing rules were specified. Use set_clock_routing_rules to specify routing rules for accurate clock latency estimation. (OPT-902)
Information: Estimating clock gate latencies for scenario 'Normal_Slow'. (OPT-909)
Warning: No clock routing rules were specified. Use set_clock_routing_rules to specify routing rules for accurate clock latency estimation. (OPT-902)
Information: Estimating clock gate latencies for scenario 'Normal_Fast'. (OPT-909)
Information: 2 out of 12 POW-005 messages were not printed due to limit 10 (after 'compile_fusion' at task4.tcl:40) (MSG-3913)
Information: Summary of UPF Cells (UPF-532)
*******************************************************************************
                            Summary of UPF Cells                               
*******************************************************************************
This is NOT a UPF design.
UPF is NOT loaded.
UPF is NOT committed.
-------------------------------------------------------------------------------
*******************************************************************************
                        End of Summary of UPF Cells                            
*******************************************************************************
[Tim-Power] Info: Cleared Leakage libCell cache.
Information: Timer using 12 threads
INFO: End environment monitoring: recipes
INFO: Restored 0 timer status, 3 app options, 0 tcl gvars, 0 env vars
Information: >>>>>>> 13 unique error and warning message tags while observing fusion: (MSG-3100)
Information: #prnt #trgr #lmt    Tag  Level     Format (or last printed message)                                (MSG-3036)
Information:     2     2  0 FLW-2224  WARNING   Warning: Duplicate callback function set for step 'fc/logic_... (MSG-3032)
Information:    60   272  5 SQM-1079  WARNING   Warning: Skipping check for single_bit_degenerate attribute ... (MSG-3032)
Information:     1     1  1 SQM-1074  WARNING   Warning: Shift register Inferencing is enabled so only head ... (MSG-3032)
Information:   120   544 10 SQM-1061  WARNING   Warning: Cannot infer functionality of libcell 'saed14rvt_ff... (MSG-3032)
Information:    30    34 10 SQM-1053  WARNING   Warning: Found 8 multibit sequential library cells that have... (MSG-3032)
Information:     1     1  1 SQM-1034  WARNING   Warning: No cell bus will be mapped to multibit because mult... (MSG-3032)
Information:     1     1  0 ZRT-511   WARNING   Warning: Cell contains tie connections which are not connect... (MSG-3032)
Information:     5     5  0 ZRT-026   WARNING   Warning: Layer MRDL default pitch 4.000 may be too small to ... (MSG-3032)
Information:     1     1  0 ZRT-763   WARNING   Warning: Cell dut_input_channel_control_0_INST/in_data_arb_r... (MSG-3032)
Information:     4     4  0 DPPA-096  WARNING   Warning: found large number of corner keepout wiretracks on ... (MSG-3032)
Information:    48    37  0 LGL-397   WARNING   Warning: No site rows found in floorplan. (LGL-397)             (MSG-3032)
Information:    10    10  0 ZRT-625   WARNING   Warning: Master cell dut_toplevel has duplicated redundant l... (MSG-3032)
Information:    16     8  0 OPT-902   WARNING   Warning: No clock routing rules were specified. Use set_cloc... (MSG-3032)
Information:   299   920  5       13  <------   Total sum of messages (MSG-3038)
Information: >>>>>>> Summary: 920 error&warning MSGs observed during fusion (MSG-3103)
Information: Ending   'compile_fusion -to logic_opto' (FLW-8001)
Information: Time: 2025-06-04 15:44:15 / Session:  00:00:53 / Command:  00:00:43 / CPU:  00:01:16 / Memory: 1454 MB (FLW-8100)
Information: CPU Load: 13%, Ram Free: 44 GB, Swap Free: 1 GB, Work Disk Free: 308 GB, Tmp Disk Free: 308 GB (MSG-3995)
1
make_layout_screenshot automatic_default
Load ICV ICCII menu file: /eda/synopsys/2023-24/RHELx86/ICV_2023.12/etc/tcl-u/Icc2Menu.tcl
 + VUE INFO: Please click View->IC Validator VUE in LayoutWindow menu
            to launch VUE.

 + VUE INFO: Found a usable port: 2446

To restart the GUI, type 'gui_start'.
# Floorplan constraints
set_auto_floorplan_constraints \
    -control_type core \
    -core_utilization 0.5 \
    -core_offset 10 \
    -shape R \
    -side_ratio {1 3} \
    -flip_first_row true
1
report_auto_floorplan_constraints
Option Names                   Option Values
side_ratio:                    1.0000 3.0000 
side_length:                   
core_utilization:              0.5000
control_type:                  core
boundary:                      
shape:                         R
orientation:                   N
coincident_boundary:           true
flip_first_row:                true
core_offset:                   10.0000 
row_core_ratio:                1.0
honor_pad_limit:               false
use_site_row:                  false
site_def:                      
origin_offset:                 0.0000 0.0000
row_pattern:                   
track_script:                  
1
make_layout_screenshot automatic_constraints
Load ICV ICCII menu file: /eda/synopsys/2023-24/RHELx86/ICV_2023.12/etc/tcl-u/Icc2Menu.tcl
 + VUE INFO: Found a usable port: 2446

To restart the GUI, type 'gui_start'.
compile_fusion -to logic_opto
INFO: compile_fusion is running in balanced flow mode.
Information: Starting 'compile_fusion -to logic_opto' (FLW-8000)
Information: Time: 2025-06-04 15:44:21 / Session:  00:00:58 / Command:  00:00:00 / CPU:  00:00:00 / Memory: 1568 MB (FLW-8100)
Information: CPU Load: 14%, Ram Free: 44 GB, Swap Free: 1 GB, Work Disk Free: 308 GB, Tmp Disk Free: 308 GB (MSG-3995)
CPU Load: 14%, Ram Free: 44 GB, Swap Free: 1 GB, Work Disk Free: 308 GB, Tmp Disk Free: 308 GB
INFO: Start environment monitoring: recipes
INFO: compile_fusion is running in balanced flow mode.
Warning: Cannot infer functionality of libcell 'saed14rvt_ff0p88v125c/SAEDRVT14_FDNRBSBQ_V2_0P5' and will be excluded from sequential mapping. (SQM-1061)
Warning: Cannot infer functionality of libcell 'saed14rvt_ff0p88v125c/SAEDRVT14_FDNRBSBQ_V2_1' and will be excluded from sequential mapping. (SQM-1061)
Warning: Cannot infer functionality of libcell 'saed14rvt_ff0p88v125c/SAEDRVT14_FDNRBSBQ_V2_2' and will be excluded from sequential mapping. (SQM-1061)
Warning: Cannot infer functionality of libcell 'saed14rvt_ff0p88v125c/SAEDRVT14_FDNRBSBQ_V2_4' and will be excluded from sequential mapping. (SQM-1061)
Warning: Cannot infer functionality of libcell 'saed14rvt_ff0p88v125c/SAEDRVT14_FDPRBSBQ_V2_0P5' and will be excluded from sequential mapping. (SQM-1061)
Warning: Cannot infer functionality of libcell 'saed14rvt_ff0p88v125c/SAEDRVT14_FDPRBSBQ_V2_1' and will be excluded from sequential mapping. (SQM-1061)
Warning: Cannot infer functionality of libcell 'saed14rvt_ff0p88v125c/SAEDRVT14_FDPRBSBQ_V2_2' and will be excluded from sequential mapping. (SQM-1061)
Warning: Cannot infer functionality of libcell 'saed14rvt_ff0p88v125c/SAEDRVT14_FDPRBSBQ_V2_4' and will be excluded from sequential mapping. (SQM-1061)
Warning: Cannot infer functionality of libcell 'saed14rvt_ff0p88v125c/SAEDRVT14_FSDPRBSBQ_V2LP_0P5' and will be excluded from sequential mapping. (SQM-1061)
Warning: Cannot infer functionality of libcell 'saed14rvt_ff0p88v125c/SAEDRVT14_FSDPRBSBQ_V2LP_2' and will be excluded from sequential mapping. (SQM-1061)
Warning: Skipping check for single_bit_degenerate attribute on the multibit libcell 'saed14rvt_ff0p88v125c/SAEDRVT14_FSDN2_V2_0P5' since it is not a black-box. (SQM-1079)
Information: No single-bit representative was found for multibit lib cell 'saed14rvt_ff0p88v125c/SAEDRVT14_FSDN2_V2_0P5'. (SQM-2004)
Warning: Skipping check for single_bit_degenerate attribute on the multibit libcell 'saed14rvt_ff0p88v125c/SAEDRVT14_FSDN2_V2_1' since it is not a black-box. (SQM-1079)
Information: No single-bit representative was found for multibit lib cell 'saed14rvt_ff0p88v125c/SAEDRVT14_FSDN2_V2_1'. (SQM-2004)
Warning: Skipping check for single_bit_degenerate attribute on the multibit libcell 'saed14rvt_ff0p88v125c/SAEDRVT14_FSDN2_V2_2' since it is not a black-box. (SQM-1079)
Information: No single-bit representative was found for multibit lib cell 'saed14rvt_ff0p88v125c/SAEDRVT14_FSDN2_V2_2'. (SQM-2004)
Warning: Skipping check for single_bit_degenerate attribute on the multibit libcell 'saed14rvt_ff0p88v125c/SAEDRVT14_FSDN2_V2_4' since it is not a black-box. (SQM-1079)
Information: No single-bit representative was found for multibit lib cell 'saed14rvt_ff0p88v125c/SAEDRVT14_FSDN2_V2_4'. (SQM-2004)
Warning: Skipping check for single_bit_degenerate attribute on the multibit libcell 'saed14rvt_ff0p88v125c/SAEDRVT14_FSDN4_V2_0P5' since it is not a black-box. (SQM-1079)
Information: No single-bit representative was found for multibit lib cell 'saed14rvt_ff0p88v125c/SAEDRVT14_FSDN4_V2_0P5'. (SQM-2004)
Information: No single-bit representative was found for multibit lib cell 'saed14rvt_ff0p88v125c/SAEDRVT14_FSDN4_V2_1'. (SQM-2004)
Information: No single-bit representative was found for multibit lib cell 'saed14rvt_ff0p88v125c/SAEDRVT14_FSDN4_V2_2'. (SQM-2004)
Information: No single-bit representative was found for multibit lib cell 'saed14rvt_ff0p88v125c/SAEDRVT14_FSDN4_V2_4'. (SQM-2004)
Warning: Found 8 multibit sequential library cells that have missing/added attributes or have restrictions that prevent them from banking. (SQM-1053)
0 sequential multibit library cells have restrictions (dont_use or dont_touch).
8 sequential multibit library cells have missing sequential mapping relevant attributes
Information: 6 out of 16 SQM-1061 messages were not printed due to limit 10 (after 'compile_fusion' at task4.tcl:55) (MSG-3913)
Information: 3 out of 8 SQM-1079 messages were not printed due to limit 5 (after 'compile_fusion' at task4.tcl:55) (MSG-3913)
Information: The automatic clock gate timing flow is activated. Clock latencies set on clock gate cells will be automatically adjusted by an estimate for latency. (CGT-4005)
----------------------------------------------------------------------------------------------------------
Information: Starting compile_fusion / initial_map (FLW-8000)
Information: Time: 2025-06-04 15:44:21 / Session:  00:00:59 / Command:  00:00:00 / CPU:  00:00:01 / Memory: 1568 MB (FLW-8100)
Information: CPU Load: 14%, Ram Free: 44 GB, Swap Free: 1 GB, Work Disk Free: 308 GB, Tmp Disk Free: 308 GB (MSG-3995)
----------------------------------------------------------------------------------------------------------
Information: Starting compile_fusion / initial_map / Load Design (FLW-8000)
Information: Time: 2025-06-04 15:44:21 / Session:  00:00:59 / Command:  00:00:00 / CPU:  00:00:01 / Memory: 1568 MB (FLW-8100)
Information: CPU Load: 14%, Ram Free: 44 GB, Swap Free: 1 GB, Work Disk Free: 308 GB, Tmp Disk Free: 308 GB (MSG-3995)
Warning: Cannot infer functionality of libcell 'saed14rvt_ff0p88v125c/SAEDRVT14_FDNRBSBQ_V2_0P5' and will be excluded from sequential mapping. (SQM-1061)
Warning: Cannot infer functionality of libcell 'saed14rvt_ff0p88v125c/SAEDRVT14_FDNRBSBQ_V2_1' and will be excluded from sequential mapping. (SQM-1061)
Warning: Cannot infer functionality of libcell 'saed14rvt_ff0p88v125c/SAEDRVT14_FDNRBSBQ_V2_2' and will be excluded from sequential mapping. (SQM-1061)
Warning: Cannot infer functionality of libcell 'saed14rvt_ff0p88v125c/SAEDRVT14_FDNRBSBQ_V2_4' and will be excluded from sequential mapping. (SQM-1061)
Warning: Cannot infer functionality of libcell 'saed14rvt_ff0p88v125c/SAEDRVT14_FDPRBSBQ_V2_0P5' and will be excluded from sequential mapping. (SQM-1061)
Warning: Cannot infer functionality of libcell 'saed14rvt_ff0p88v125c/SAEDRVT14_FDPRBSBQ_V2_1' and will be excluded from sequential mapping. (SQM-1061)
Warning: Cannot infer functionality of libcell 'saed14rvt_ff0p88v125c/SAEDRVT14_FDPRBSBQ_V2_2' and will be excluded from sequential mapping. (SQM-1061)
Warning: Cannot infer functionality of libcell 'saed14rvt_ff0p88v125c/SAEDRVT14_FDPRBSBQ_V2_4' and will be excluded from sequential mapping. (SQM-1061)
Warning: Cannot infer functionality of libcell 'saed14rvt_ff0p88v125c/SAEDRVT14_FSDPRBSBQ_V2LP_0P5' and will be excluded from sequential mapping. (SQM-1061)
Warning: Cannot infer functionality of libcell 'saed14rvt_ff0p88v125c/SAEDRVT14_FSDPRBSBQ_V2LP_2' and will be excluded from sequential mapping. (SQM-1061)
Warning: Skipping check for single_bit_degenerate attribute on the multibit libcell 'saed14rvt_ff0p88v125c/SAEDRVT14_FSDN2_V2_0P5' since it is not a black-box. (SQM-1079)
Information: No single-bit representative was found for multibit lib cell 'saed14rvt_ff0p88v125c/SAEDRVT14_FSDN2_V2_0P5'. (SQM-2004)
Warning: Skipping check for single_bit_degenerate attribute on the multibit libcell 'saed14rvt_ff0p88v125c/SAEDRVT14_FSDN2_V2_1' since it is not a black-box. (SQM-1079)
Information: No single-bit representative was found for multibit lib cell 'saed14rvt_ff0p88v125c/SAEDRVT14_FSDN2_V2_1'. (SQM-2004)
Warning: Skipping check for single_bit_degenerate attribute on the multibit libcell 'saed14rvt_ff0p88v125c/SAEDRVT14_FSDN2_V2_2' since it is not a black-box. (SQM-1079)
Information: No single-bit representative was found for multibit lib cell 'saed14rvt_ff0p88v125c/SAEDRVT14_FSDN2_V2_2'. (SQM-2004)
Warning: Skipping check for single_bit_degenerate attribute on the multibit libcell 'saed14rvt_ff0p88v125c/SAEDRVT14_FSDN2_V2_4' since it is not a black-box. (SQM-1079)
Information: No single-bit representative was found for multibit lib cell 'saed14rvt_ff0p88v125c/SAEDRVT14_FSDN2_V2_4'. (SQM-2004)
Warning: Skipping check for single_bit_degenerate attribute on the multibit libcell 'saed14rvt_ff0p88v125c/SAEDRVT14_FSDN4_V2_0P5' since it is not a black-box. (SQM-1079)
Information: No single-bit representative was found for multibit lib cell 'saed14rvt_ff0p88v125c/SAEDRVT14_FSDN4_V2_0P5'. (SQM-2004)
Information: No single-bit representative was found for multibit lib cell 'saed14rvt_ff0p88v125c/SAEDRVT14_FSDN4_V2_1'. (SQM-2004)
Information: No single-bit representative was found for multibit lib cell 'saed14rvt_ff0p88v125c/SAEDRVT14_FSDN4_V2_2'. (SQM-2004)
Information: No single-bit representative was found for multibit lib cell 'saed14rvt_ff0p88v125c/SAEDRVT14_FSDN4_V2_4'. (SQM-2004)
Warning: Found 8 multibit sequential library cells that have missing/added attributes or have restrictions that prevent them from banking. (SQM-1053)
0 sequential multibit library cells have restrictions (dont_use or dont_touch).
8 sequential multibit library cells have missing sequential mapping relevant attributes
Information: 6 out of 16 SQM-1061 messages were not printed due to limit 10 (after 'compile_fusion' at task4.tcl:55) (MSG-3913)
Information: 3 out of 8 SQM-1079 messages were not printed due to limit 5 (after 'compile_fusion' at task4.tcl:55) (MSG-3913)
Information: Ending   compile_fusion / initial_map / Load Design (FLW-8001)
Information: Time: 2025-06-04 15:44:22 / Session:  00:00:59 / Command:  00:00:01 / CPU:  00:00:02 / Memory: 1568 MB (FLW-8100)
Information: CPU Load: 14%, Ram Free: 44 GB, Swap Free: 1 GB, Work Disk Free: 308 GB, Tmp Disk Free: 308 GB (MSG-3995)
Information: Starting compile_fusion / initial_map / MV Cell Insertion (FLW-8000)
Information: Time: 2025-06-04 15:44:22 / Session:  00:00:59 / Command:  00:00:01 / CPU:  00:00:02 / Memory: 1568 MB (FLW-8100)
Information: CPU Load: 14%, Ram Free: 44 GB, Swap Free: 1 GB, Work Disk Free: 308 GB, Tmp Disk Free: 308 GB (MSG-3995)
Information: Ending   compile_fusion / initial_map / MV Cell Insertion (FLW-8001)
Information: Time: 2025-06-04 15:44:22 / Session:  00:00:59 / Command:  00:00:01 / CPU:  00:00:02 / Memory: 1568 MB (FLW-8100)
Information: CPU Load: 14%, Ram Free: 44 GB, Swap Free: 1 GB, Work Disk Free: 308 GB, Tmp Disk Free: 308 GB (MSG-3995)
Information: Starting compile_fusion / initial_map / Logic Simplification (1) (FLW-8000)
Information: Time: 2025-06-04 15:44:22 / Session:  00:00:59 / Command:  00:00:01 / CPU:  00:00:02 / Memory: 1568 MB (FLW-8100)
Information: CPU Load: 14%, Ram Free: 44 GB, Swap Free: 1 GB, Work Disk Free: 308 GB, Tmp Disk Free: 308 GB (MSG-3995)
Information: Starting compile_fusion / initial_map / Logic Simplification (1) / Constant and Equal Register Detection (FLW-8000)
Information: Time: 2025-06-04 15:44:22 / Session:  00:00:59 / Command:  00:00:01 / CPU:  00:00:02 / Memory: 1568 MB (FLW-8100)
Information: CPU Load: 14%, Ram Free: 44 GB, Swap Free: 1 GB, Work Disk Free: 308 GB, Tmp Disk Free: 308 GB (MSG-3995)
Information: Register Bits Before Sharing = 328, After Sharing = 328, Savings = 0 (SQM-2000)
Information: Ending   compile_fusion / initial_map / Logic Simplification (1) / Constant and Equal Register Detection (FLW-8001)
Information: Time: 2025-06-04 15:44:25 / Session:  00:01:02 / Command:  00:00:04 / CPU:  00:00:04 / Memory: 1568 MB (FLW-8100)
Information: CPU Load: 14%, Ram Free: 44 GB, Swap Free: 1 GB, Work Disk Free: 308 GB, Tmp Disk Free: 308 GB (MSG-3995)
Information: Starting compile_fusion / initial_map / Logic Simplification (1) / Register Merging (FLW-8000)
Information: Time: 2025-06-04 15:44:25 / Session:  00:01:02 / Command:  00:00:04 / CPU:  00:00:04 / Memory: 1568 MB (FLW-8100)
Information: CPU Load: 14%, Ram Free: 44 GB, Swap Free: 1 GB, Work Disk Free: 308 GB, Tmp Disk Free: 308 GB (MSG-3995)
Information: Ending   compile_fusion / initial_map / Logic Simplification (1) / Register Merging (FLW-8001)
Information: Time: 2025-06-04 15:44:25 / Session:  00:01:02 / Command:  00:00:04 / CPU:  00:00:04 / Memory: 1568 MB (FLW-8100)
Information: CPU Load: 14%, Ram Free: 44 GB, Swap Free: 1 GB, Work Disk Free: 308 GB, Tmp Disk Free: 308 GB (MSG-3995)
Information: Starting compile_fusion / initial_map / Logic Simplification (1) / Constant Propagation and Register Optimization (FLW-8000)
Information: Time: 2025-06-04 15:44:25 / Session:  00:01:02 / Command:  00:00:04 / CPU:  00:00:04 / Memory: 1568 MB (FLW-8100)
Information: CPU Load: 14%, Ram Free: 44 GB, Swap Free: 1 GB, Work Disk Free: 308 GB, Tmp Disk Free: 308 GB (MSG-3995)
Information: Ending   compile_fusion / initial_map / Logic Simplification (1) / Constant Propagation and Register Optimization (FLW-8001)
Information: Time: 2025-06-04 15:44:25 / Session:  00:01:02 / Command:  00:00:04 / CPU:  00:00:05 / Memory: 1568 MB (FLW-8100)
Information: CPU Load: 14%, Ram Free: 44 GB, Swap Free: 1 GB, Work Disk Free: 308 GB, Tmp Disk Free: 308 GB (MSG-3995)
Information: Ending   compile_fusion / initial_map / Logic Simplification (1) (FLW-8001)
Information: Time: 2025-06-04 15:44:25 / Session:  00:01:02 / Command:  00:00:04 / CPU:  00:00:05 / Memory: 1568 MB (FLW-8100)
Information: CPU Load: 14%, Ram Free: 44 GB, Swap Free: 1 GB, Work Disk Free: 308 GB, Tmp Disk Free: 308 GB (MSG-3995)
Information: Starting compile_fusion / initial_map / High-Level Optimization and Technology Mapping (1) (FLW-8000)
Information: Time: 2025-06-04 15:44:25 / Session:  00:01:02 / Command:  00:00:04 / CPU:  00:00:05 / Memory: 1568 MB (FLW-8100)
Information: CPU Load: 14%, Ram Free: 44 GB, Swap Free: 1 GB, Work Disk Free: 308 GB, Tmp Disk Free: 308 GB (MSG-3995)
Information: Extraction observers are detached as design net change threshold is reached.
Information: Timer using 12 threads
Information: Ending   compile_fusion / initial_map / High-Level Optimization and Technology Mapping (1) (FLW-8001)
Information: Time: 2025-06-04 15:44:26 / Session:  00:01:03 / Command:  00:00:04 / CPU:  00:00:07 / Memory: 1568 MB (FLW-8100)
Information: CPU Load: 19%, Ram Free: 44 GB, Swap Free: 1 GB, Work Disk Free: 308 GB, Tmp Disk Free: 308 GB (MSG-3995)
Information: Starting compile_fusion / initial_map / High-Level Optimization and Technology Mapping (2) (FLW-8000)
Information: Time: 2025-06-04 15:44:26 / Session:  00:01:03 / Command:  00:00:04 / CPU:  00:00:07 / Memory: 1568 MB (FLW-8100)
Information: CPU Load: 19%, Ram Free: 44 GB, Swap Free: 1 GB, Work Disk Free: 308 GB, Tmp Disk Free: 308 GB (MSG-3995)
Warning: No cell bus will be mapped to multibit because multibit mapping has been disabled by user. (SQM-1034)
Warning: Shift register Inferencing is enabled so only head flop will be replaced with scan cell and not all registers in shift register chains are scan replaced. (SQM-1074)
Information: Ending   compile_fusion / initial_map / High-Level Optimization and Technology Mapping (2) (FLW-8001)
Information: Time: 2025-06-04 15:44:26 / Session:  00:01:03 / Command:  00:00:05 / CPU:  00:00:08 / Memory: 1568 MB (FLW-8100)
Information: CPU Load: 19%, Ram Free: 44 GB, Swap Free: 1 GB, Work Disk Free: 308 GB, Tmp Disk Free: 308 GB (MSG-3995)
Information: Starting compile_fusion / initial_map / DFT Core Wrapper Analysis (FLW-8000)
Information: Time: 2025-06-04 15:44:26 / Session:  00:01:03 / Command:  00:00:05 / CPU:  00:00:08 / Memory: 1568 MB (FLW-8100)
Information: CPU Load: 19%, Ram Free: 44 GB, Swap Free: 1 GB, Work Disk Free: 308 GB, Tmp Disk Free: 308 GB (MSG-3995)
Information: Ending   compile_fusion / initial_map / DFT Core Wrapper Analysis (FLW-8001)
Information: Time: 2025-06-04 15:44:26 / Session:  00:01:03 / Command:  00:00:05 / CPU:  00:00:08 / Memory: 1568 MB (FLW-8100)
Information: CPU Load: 19%, Ram Free: 44 GB, Swap Free: 1 GB, Work Disk Free: 308 GB, Tmp Disk Free: 308 GB (MSG-3995)
Information: Starting compile_fusion / initial_map / Logic Simplification (2) (FLW-8000)
Information: Time: 2025-06-04 15:44:26 / Session:  00:01:03 / Command:  00:00:05 / CPU:  00:00:08 / Memory: 1568 MB (FLW-8100)
Information: CPU Load: 19%, Ram Free: 44 GB, Swap Free: 1 GB, Work Disk Free: 308 GB, Tmp Disk Free: 308 GB (MSG-3995)
Information: Register Bits Before Sharing = 328, After Sharing = 328, Savings = 0 (SQM-2000)
Information: Starting compile_fusion / initial_map / Logic Simplification (2) / Constant Propagation and Register Optimization (FLW-8000)
Information: Time: 2025-06-04 15:44:26 / Session:  00:01:03 / Command:  00:00:05 / CPU:  00:00:08 / Memory: 1568 MB (FLW-8100)
Information: CPU Load: 19%, Ram Free: 44 GB, Swap Free: 1 GB, Work Disk Free: 308 GB, Tmp Disk Free: 308 GB (MSG-3995)
Information: Ending   compile_fusion / initial_map / Logic Simplification (2) / Constant Propagation and Register Optimization (FLW-8001)
Information: Time: 2025-06-04 15:44:26 / Session:  00:01:03 / Command:  00:00:05 / CPU:  00:00:08 / Memory: 1568 MB (FLW-8100)
Information: CPU Load: 19%, Ram Free: 44 GB, Swap Free: 1 GB, Work Disk Free: 308 GB, Tmp Disk Free: 308 GB (MSG-3995)
Information: Ending   compile_fusion / initial_map / Logic Simplification (2) (FLW-8001)
Information: Time: 2025-06-04 15:44:26 / Session:  00:01:03 / Command:  00:00:05 / CPU:  00:00:08 / Memory: 1568 MB (FLW-8100)
Information: CPU Load: 19%, Ram Free: 44 GB, Swap Free: 1 GB, Work Disk Free: 308 GB, Tmp Disk Free: 308 GB (MSG-3995)
Information: Result of compile_fusion / initial_map / Clock Gate Insertion (FLW-8500)
--------------------------------------------------------------------------------
|                             Clock Gating Options                             |
--------------------------------------------------------------------------------
|         Objects         |    Minimum Bitwidth     |      Maximum Fanout      |
--------------------------+-------------------------+---------------------------
|   top-level (design)    |          3 (d)          |      Unlimited (d)       |
--------------------------------------------------------------------------------

Number of Pre-Existing Clock Gates with dont touch attribute: 0
Number of ICG library cells with CTS purpose: 19
--------------------------------------------------------------------------------
                          Tool Gated Register Summary                           
--------------------------------------------------------------------------------
Clock Gating Type                   | Number of   | Register Count | Equivalent 
                                    | Clock Gates |                | Bitwidth   
--------------------------------------------------------------------------------
Regular Clock Gating                |          11 |            319 |        319
--------------------------------------------------------------------------------
--------------------------------------------------------------------------------
                 Regular Clock Gating Ungated Register Summary                  
--------------------------------------------------------------------------------
 Ungated Reason                                            | Count | Bitwidth   
--------------------------------------------------------------------------------
 Enable is Constant One.                                   |     2 |        2
 Partial Minimum Bitwidth Not Met.                         |     7 |        7
--------------------------------------------------------------------------------
Compile-fusion optimization summary            SETUP-COST    R2R-COST HOLD-COST LDRC-COST          AREA     LEAKAGE     INSTCNT            ELAPSE       MEM
Compile-fusion                                          -           -         -         -        904.25           -        1174              0.02      1568
Information: Ending   compile_fusion / initial_map (FLW-8001)
Information: Time: 2025-06-04 15:44:26 / Session:  00:01:03 / Command:  00:00:05 / CPU:  00:00:08 / Memory: 1568 MB (FLW-8100)
Information: CPU Load: 19%, Ram Free: 44 GB, Swap Free: 1 GB, Work Disk Free: 308 GB, Tmp Disk Free: 308 GB (MSG-3995)

Information: >>>>>>> 5 unique error and warning message tags while observing compile_fusion / initial_map: (MSG-3100)
Information: #prnt #trgr #lmt    Tag  Level     Format (or last printed message)                                (MSG-3036)
Information:    70     8  5 SQM-1079  WARNING   Warning: Skipping check for single_bit_degenerate attribute ... (MSG-3032)
Information:     2     1  1 SQM-1074  WARNING   Warning: Shift register Inferencing is enabled so only head ... (MSG-3032)
Information:   140    16 10 SQM-1061  WARNING   Warning: Cannot infer functionality of libcell 'saed14rvt_ff... (MSG-3032)
Information:    32     1 10 SQM-1053  WARNING   Warning: Found 8 multibit sequential library cells that have... (MSG-3032)
Information:     2     1  1 SQM-1034  WARNING   Warning: No cell bus will be mapped to multibit because mult... (MSG-3032)
Information:   246    27  5        5  <------   Total sum of messages (MSG-3038)
Information: >>>>>>> Summary: 27 error&warning MSGs observed during compile_fusion / initial_map (MSG-3103)

----------------------------------------------------------------------------------------------------------
Information: Starting compile_fusion / logic_opto (FLW-8000)
Information: Time: 2025-06-04 15:44:26 / Session:  00:01:03 / Command:  00:00:05 / CPU:  00:00:08 / Memory: 1568 MB (FLW-8100)
Information: CPU Load: 19%, Ram Free: 44 GB, Swap Free: 1 GB, Work Disk Free: 308 GB, Tmp Disk Free: 308 GB (MSG-3995)
----------------------------------------------------------------------------------------------------------
Information: Starting compile_fusion / logic_opto / Load Design (FLW-8000)
Information: Time: 2025-06-04 15:44:26 / Session:  00:01:03 / Command:  00:00:05 / CPU:  00:00:08 / Memory: 1568 MB (FLW-8100)
Information: CPU Load: 19%, Ram Free: 44 GB, Swap Free: 1 GB, Work Disk Free: 308 GB, Tmp Disk Free: 308 GB (MSG-3995)
Information: Initializing core and die (AFP-1001)
Information: Initializing rows (AFP-1003)
Information: Initializing tracks (AFP-1004)
Information: Generated core area = 1792.960815 (AFP-2021)
Information: Generated core boundary = { {10 10} {10 83.2} {34.494 83.2} {34.494 10} } (AFP-2022)
Information: Change threshold for extractor is reset. (FLW-1300)
Information: The stitching and editing of coupling caps is turned OFF for design 'dut_toplevel.dlib:dut_toplevel/auto_floorplan.design'. (TIM-125)
Information: Ending   compile_fusion / logic_opto / Load Design (FLW-8001)
Information: Time: 2025-06-04 15:44:27 / Session:  00:01:04 / Command:  00:00:06 / CPU:  00:00:10 / Memory: 1568 MB (FLW-8100)
Information: CPU Load: 19%, Ram Free: 44 GB, Swap Free: 1 GB, Work Disk Free: 308 GB, Tmp Disk Free: 308 GB (MSG-3995)
Information: Starting compile_fusion / logic_opto / Clock Gate Re-structuring (FLW-8000)
Information: Time: 2025-06-04 15:44:27 / Session:  00:01:04 / Command:  00:00:06 / CPU:  00:00:10 / Memory: 1568 MB (FLW-8100)
Information: CPU Load: 19%, Ram Free: 44 GB, Swap Free: 1 GB, Work Disk Free: 308 GB, Tmp Disk Free: 308 GB (MSG-3995)
Information: Result of compile_fusion / logic_opto / Clock Gate Re-structuring (FLW-8500)
Number of Pre-Existing Clock Gates with dont touch attribute: 0
Number of ICG library cells with CTS purpose: 19
--------------------------------------------------------------------------------
                          Tool Gated Register Summary                           
--------------------------------------------------------------------------------
Clock Gating Type                   | Number of   | Register Count | Equivalent 
                                    | Clock Gates |                | Bitwidth   
--------------------------------------------------------------------------------
Regular Clock Gating                |          11 |            319 |        319
--------------------------------------------------------------------------------
--------------------------------------------------------------------------------
                 Regular Clock Gating Ungated Register Summary                  
--------------------------------------------------------------------------------
 Ungated Reason                                            | Count | Bitwidth   
--------------------------------------------------------------------------------
 Enable is Constant One.                                   |     2 |        2
 Partial Minimum Bitwidth Not Met.                         |     7 |        7
--------------------------------------------------------------------------------
Information: Ending   compile_fusion / logic_opto / Clock Gate Re-structuring (FLW-8001)
Information: Time: 2025-06-04 15:44:27 / Session:  00:01:04 / Command:  00:00:06 / CPU:  00:00:10 / Memory: 1568 MB (FLW-8100)
Information: CPU Load: 19%, Ram Free: 44 GB, Swap Free: 1 GB, Work Disk Free: 308 GB, Tmp Disk Free: 308 GB (MSG-3995)
Warning: Duplicate callback function set for step 'fc/logic_opto/dwProcessPrecond1' (FLW-2224)
Warning: Duplicate callback function set for step 'fc/logic_opto/dwProcessPrecond1' (FLW-2224)
Information: Starting compile_fusion / logic_opto / Optimization (1) (FLW-8000)
Information: Time: 2025-06-04 15:44:27 / Session:  00:01:04 / Command:  00:00:06 / CPU:  00:00:10 / Memory: 1568 MB (FLW-8100)
Information: CPU Load: 19%, Ram Free: 44 GB, Swap Free: 1 GB, Work Disk Free: 308 GB, Tmp Disk Free: 308 GB (MSG-3995)
Information: The stitching and editing of coupling caps is turned OFF for design 'dut_toplevel.dlib:dut_toplevel/auto_floorplan.design'. (TIM-125)
Information: Starting compile_fusion / logic_opto / Optimization (1) / Logic Simplification and Register Optimization (FLW-8000)
Information: Time: 2025-06-04 15:44:28 / Session:  00:01:06 / Command:  00:00:07 / CPU:  00:00:13 / Memory: 1568 MB (FLW-8100)
Information: CPU Load: 19%, Ram Free: 44 GB, Swap Free: 1 GB, Work Disk Free: 308 GB, Tmp Disk Free: 308 GB (MSG-3995)
Warning: Cannot infer functionality of libcell 'saed14rvt_ff0p88v125c/SAEDRVT14_FDNRBSBQ_V2_0P5' and will be excluded from sequential mapping. (SQM-1061)
Warning: Cannot infer functionality of libcell 'saed14rvt_ff0p88v125c/SAEDRVT14_FDNRBSBQ_V2_1' and will be excluded from sequential mapping. (SQM-1061)
Warning: Cannot infer functionality of libcell 'saed14rvt_ff0p88v125c/SAEDRVT14_FDNRBSBQ_V2_2' and will be excluded from sequential mapping. (SQM-1061)
Warning: Cannot infer functionality of libcell 'saed14rvt_ff0p88v125c/SAEDRVT14_FDNRBSBQ_V2_4' and will be excluded from sequential mapping. (SQM-1061)
Warning: Cannot infer functionality of libcell 'saed14rvt_ff0p88v125c/SAEDRVT14_FDPRBSBQ_V2_0P5' and will be excluded from sequential mapping. (SQM-1061)
Warning: Cannot infer functionality of libcell 'saed14rvt_ff0p88v125c/SAEDRVT14_FDPRBSBQ_V2_1' and will be excluded from sequential mapping. (SQM-1061)
Warning: Cannot infer functionality of libcell 'saed14rvt_ff0p88v125c/SAEDRVT14_FDPRBSBQ_V2_2' and will be excluded from sequential mapping. (SQM-1061)
Warning: Cannot infer functionality of libcell 'saed14rvt_ff0p88v125c/SAEDRVT14_FDPRBSBQ_V2_4' and will be excluded from sequential mapping. (SQM-1061)
Warning: Cannot infer functionality of libcell 'saed14rvt_ff0p88v125c/SAEDRVT14_FSDPRBSBQ_V2LP_0P5' and will be excluded from sequential mapping. (SQM-1061)
Warning: Cannot infer functionality of libcell 'saed14rvt_ff0p88v125c/SAEDRVT14_FSDPRBSBQ_V2LP_2' and will be excluded from sequential mapping. (SQM-1061)
Warning: Skipping check for single_bit_degenerate attribute on the multibit libcell 'saed14rvt_ff0p88v125c/SAEDRVT14_FSDN2_V2_0P5' since it is not a black-box. (SQM-1079)
Information: No single-bit representative was found for multibit lib cell 'saed14rvt_ff0p88v125c/SAEDRVT14_FSDN2_V2_0P5'. (SQM-2004)
Warning: Skipping check for single_bit_degenerate attribute on the multibit libcell 'saed14rvt_ff0p88v125c/SAEDRVT14_FSDN2_V2_1' since it is not a black-box. (SQM-1079)
Information: No single-bit representative was found for multibit lib cell 'saed14rvt_ff0p88v125c/SAEDRVT14_FSDN2_V2_1'. (SQM-2004)
Warning: Skipping check for single_bit_degenerate attribute on the multibit libcell 'saed14rvt_ff0p88v125c/SAEDRVT14_FSDN2_V2_2' since it is not a black-box. (SQM-1079)
Information: No single-bit representative was found for multibit lib cell 'saed14rvt_ff0p88v125c/SAEDRVT14_FSDN2_V2_2'. (SQM-2004)
Warning: Skipping check for single_bit_degenerate attribute on the multibit libcell 'saed14rvt_ff0p88v125c/SAEDRVT14_FSDN2_V2_4' since it is not a black-box. (SQM-1079)
Information: No single-bit representative was found for multibit lib cell 'saed14rvt_ff0p88v125c/SAEDRVT14_FSDN2_V2_4'. (SQM-2004)
Warning: Skipping check for single_bit_degenerate attribute on the multibit libcell 'saed14rvt_ff0p88v125c/SAEDRVT14_FSDN4_V2_0P5' since it is not a black-box. (SQM-1079)
Information: No single-bit representative was found for multibit lib cell 'saed14rvt_ff0p88v125c/SAEDRVT14_FSDN4_V2_0P5'. (SQM-2004)
Information: No single-bit representative was found for multibit lib cell 'saed14rvt_ff0p88v125c/SAEDRVT14_FSDN4_V2_1'. (SQM-2004)
Information: No single-bit representative was found for multibit lib cell 'saed14rvt_ff0p88v125c/SAEDRVT14_FSDN4_V2_2'. (SQM-2004)
Information: No single-bit representative was found for multibit lib cell 'saed14rvt_ff0p88v125c/SAEDRVT14_FSDN4_V2_4'. (SQM-2004)
Warning: Found 8 multibit sequential library cells that have missing/added attributes or have restrictions that prevent them from banking. (SQM-1053)
Information: 6 out of 16 SQM-1061 messages were not printed due to limit 10 (after 'compile_fusion' at task4.tcl:55) (MSG-3913)
Information: 3 out of 8 SQM-1079 messages were not printed due to limit 5 (after 'compile_fusion' at task4.tcl:55) (MSG-3913)
Information: Ending   compile_fusion / logic_opto / Optimization (1) / Logic Simplification and Register Optimization (FLW-8001)
Information: Time: 2025-06-04 15:44:28 / Session:  00:01:06 / Command:  00:00:07 / CPU:  00:00:13 / Memory: 1568 MB (FLW-8100)
Information: CPU Load: 19%, Ram Free: 44 GB, Swap Free: 1 GB, Work Disk Free: 308 GB, Tmp Disk Free: 308 GB (MSG-3995)
Warning: No clock routing rules were specified. Use set_clock_routing_rules to specify routing rules for accurate clock latency estimation. (OPT-902)
Warning: No clock routing rules were specified. Use set_clock_routing_rules to specify routing rules for accurate clock latency estimation. (OPT-902)
Information: Estimating clock gate latencies for scenario 'PowerSave_Slow'. (OPT-909)
Warning: No clock routing rules were specified. Use set_clock_routing_rules to specify routing rules for accurate clock latency estimation. (OPT-902)
Information: Estimating clock gate latencies for scenario 'Normal_Slow'. (OPT-909)
Warning: Cannot infer functionality of libcell 'saed14rvt_ff0p88v125c/SAEDRVT14_FDNRBSBQ_V2_0P5' and will be excluded from sequential mapping. (SQM-1061)
Warning: Cannot infer functionality of libcell 'saed14rvt_ff0p88v125c/SAEDRVT14_FDNRBSBQ_V2_1' and will be excluded from sequential mapping. (SQM-1061)
Warning: Cannot infer functionality of libcell 'saed14rvt_ff0p88v125c/SAEDRVT14_FDNRBSBQ_V2_2' and will be excluded from sequential mapping. (SQM-1061)
Warning: Cannot infer functionality of libcell 'saed14rvt_ff0p88v125c/SAEDRVT14_FDNRBSBQ_V2_4' and will be excluded from sequential mapping. (SQM-1061)
Warning: Cannot infer functionality of libcell 'saed14rvt_ff0p88v125c/SAEDRVT14_FDPRBSBQ_V2_0P5' and will be excluded from sequential mapping. (SQM-1061)
Warning: Cannot infer functionality of libcell 'saed14rvt_ff0p88v125c/SAEDRVT14_FDPRBSBQ_V2_1' and will be excluded from sequential mapping. (SQM-1061)
Warning: Cannot infer functionality of libcell 'saed14rvt_ff0p88v125c/SAEDRVT14_FDPRBSBQ_V2_2' and will be excluded from sequential mapping. (SQM-1061)
Warning: Cannot infer functionality of libcell 'saed14rvt_ff0p88v125c/SAEDRVT14_FDPRBSBQ_V2_4' and will be excluded from sequential mapping. (SQM-1061)
Warning: Cannot infer functionality of libcell 'saed14rvt_ff0p88v125c/SAEDRVT14_FSDPRBSBQ_V2LP_0P5' and will be excluded from sequential mapping. (SQM-1061)
Warning: Cannot infer functionality of libcell 'saed14rvt_ff0p88v125c/SAEDRVT14_FSDPRBSBQ_V2LP_2' and will be excluded from sequential mapping. (SQM-1061)
Warning: Skipping check for single_bit_degenerate attribute on the multibit libcell 'saed14rvt_ff0p88v125c/SAEDRVT14_FSDN2_V2_0P5' since it is not a black-box. (SQM-1079)
Information: No single-bit representative was found for multibit lib cell 'saed14rvt_ff0p88v125c/SAEDRVT14_FSDN2_V2_0P5'. (SQM-2004)
Warning: Skipping check for single_bit_degenerate attribute on the multibit libcell 'saed14rvt_ff0p88v125c/SAEDRVT14_FSDN2_V2_1' since it is not a black-box. (SQM-1079)
Information: No single-bit representative was found for multibit lib cell 'saed14rvt_ff0p88v125c/SAEDRVT14_FSDN2_V2_1'. (SQM-2004)
Warning: Skipping check for single_bit_degenerate attribute on the multibit libcell 'saed14rvt_ff0p88v125c/SAEDRVT14_FSDN2_V2_2' since it is not a black-box. (SQM-1079)
Information: No single-bit representative was found for multibit lib cell 'saed14rvt_ff0p88v125c/SAEDRVT14_FSDN2_V2_2'. (SQM-2004)
Warning: Skipping check for single_bit_degenerate attribute on the multibit libcell 'saed14rvt_ff0p88v125c/SAEDRVT14_FSDN2_V2_4' since it is not a black-box. (SQM-1079)
Information: No single-bit representative was found for multibit lib cell 'saed14rvt_ff0p88v125c/SAEDRVT14_FSDN2_V2_4'. (SQM-2004)
Warning: Skipping check for single_bit_degenerate attribute on the multibit libcell 'saed14rvt_ff0p88v125c/SAEDRVT14_FSDN4_V2_0P5' since it is not a black-box. (SQM-1079)
Information: No single-bit representative was found for multibit lib cell 'saed14rvt_ff0p88v125c/SAEDRVT14_FSDN4_V2_0P5'. (SQM-2004)
Information: No single-bit representative was found for multibit lib cell 'saed14rvt_ff0p88v125c/SAEDRVT14_FSDN4_V2_1'. (SQM-2004)
Information: No single-bit representative was found for multibit lib cell 'saed14rvt_ff0p88v125c/SAEDRVT14_FSDN4_V2_2'. (SQM-2004)
Information: No single-bit representative was found for multibit lib cell 'saed14rvt_ff0p88v125c/SAEDRVT14_FSDN4_V2_4'. (SQM-2004)
Warning: Found 8 multibit sequential library cells that have missing/added attributes or have restrictions that prevent them from banking. (SQM-1053)
Information: 6 out of 16 SQM-1061 messages were not printed due to limit 10 (after 'compile_fusion' at task4.tcl:55) (MSG-3913)
Information: 3 out of 8 SQM-1079 messages were not printed due to limit 5 (after 'compile_fusion' at task4.tcl:55) (MSG-3913)
Information: Starting compile_fusion / logic_opto / Optimization (1) / Timing Optimization and DesignWare Reselection (FLW-8000)
Information: Time: 2025-06-04 15:44:30 / Session:  00:01:07 / Command:  00:00:09 / CPU:  00:00:16 / Memory: 1568 MB (FLW-8100)
Information: CPU Load: 19%, Ram Free: 44 GB, Swap Free: 1 GB, Work Disk Free: 308 GB, Tmp Disk Free: 308 GB (MSG-3995)
Warning: Cannot infer functionality of libcell 'saed14rvt_ff0p88v125c/SAEDRVT14_FDNRBSBQ_V2_0P5' and will be excluded from sequential mapping. (SQM-1061)
Warning: Cannot infer functionality of libcell 'saed14rvt_ff0p88v125c/SAEDRVT14_FDNRBSBQ_V2_1' and will be excluded from sequential mapping. (SQM-1061)
Warning: Cannot infer functionality of libcell 'saed14rvt_ff0p88v125c/SAEDRVT14_FDNRBSBQ_V2_2' and will be excluded from sequential mapping. (SQM-1061)
Warning: Cannot infer functionality of libcell 'saed14rvt_ff0p88v125c/SAEDRVT14_FDNRBSBQ_V2_4' and will be excluded from sequential mapping. (SQM-1061)
Warning: Cannot infer functionality of libcell 'saed14rvt_ff0p88v125c/SAEDRVT14_FDPRBSBQ_V2_0P5' and will be excluded from sequential mapping. (SQM-1061)
Warning: Cannot infer functionality of libcell 'saed14rvt_ff0p88v125c/SAEDRVT14_FDPRBSBQ_V2_1' and will be excluded from sequential mapping. (SQM-1061)
Warning: Cannot infer functionality of libcell 'saed14rvt_ff0p88v125c/SAEDRVT14_FDPRBSBQ_V2_2' and will be excluded from sequential mapping. (SQM-1061)
Warning: Cannot infer functionality of libcell 'saed14rvt_ff0p88v125c/SAEDRVT14_FDPRBSBQ_V2_4' and will be excluded from sequential mapping. (SQM-1061)
Warning: Cannot infer functionality of libcell 'saed14rvt_ff0p88v125c/SAEDRVT14_FSDPRBSBQ_V2LP_0P5' and will be excluded from sequential mapping. (SQM-1061)
Warning: Cannot infer functionality of libcell 'saed14rvt_ff0p88v125c/SAEDRVT14_FSDPRBSBQ_V2LP_2' and will be excluded from sequential mapping. (SQM-1061)
Warning: Skipping check for single_bit_degenerate attribute on the multibit libcell 'saed14rvt_ff0p88v125c/SAEDRVT14_FSDN2_V2_0P5' since it is not a black-box. (SQM-1079)
Information: No single-bit representative was found for multibit lib cell 'saed14rvt_ff0p88v125c/SAEDRVT14_FSDN2_V2_0P5'. (SQM-2004)
Warning: Skipping check for single_bit_degenerate attribute on the multibit libcell 'saed14rvt_ff0p88v125c/SAEDRVT14_FSDN2_V2_1' since it is not a black-box. (SQM-1079)
Information: No single-bit representative was found for multibit lib cell 'saed14rvt_ff0p88v125c/SAEDRVT14_FSDN2_V2_1'. (SQM-2004)
Warning: Skipping check for single_bit_degenerate attribute on the multibit libcell 'saed14rvt_ff0p88v125c/SAEDRVT14_FSDN2_V2_2' since it is not a black-box. (SQM-1079)
Information: No single-bit representative was found for multibit lib cell 'saed14rvt_ff0p88v125c/SAEDRVT14_FSDN2_V2_2'. (SQM-2004)
Warning: Skipping check for single_bit_degenerate attribute on the multibit libcell 'saed14rvt_ff0p88v125c/SAEDRVT14_FSDN2_V2_4' since it is not a black-box. (SQM-1079)
Information: No single-bit representative was found for multibit lib cell 'saed14rvt_ff0p88v125c/SAEDRVT14_FSDN2_V2_4'. (SQM-2004)
Warning: Skipping check for single_bit_degenerate attribute on the multibit libcell 'saed14rvt_ff0p88v125c/SAEDRVT14_FSDN4_V2_0P5' since it is not a black-box. (SQM-1079)
Information: No single-bit representative was found for multibit lib cell 'saed14rvt_ff0p88v125c/SAEDRVT14_FSDN4_V2_0P5'. (SQM-2004)
Information: No single-bit representative was found for multibit lib cell 'saed14rvt_ff0p88v125c/SAEDRVT14_FSDN4_V2_1'. (SQM-2004)
Information: No single-bit representative was found for multibit lib cell 'saed14rvt_ff0p88v125c/SAEDRVT14_FSDN4_V2_2'. (SQM-2004)
Information: No single-bit representative was found for multibit lib cell 'saed14rvt_ff0p88v125c/SAEDRVT14_FSDN4_V2_4'. (SQM-2004)
Warning: Found 8 multibit sequential library cells that have missing/added attributes or have restrictions that prevent them from banking. (SQM-1053)
Information: No single-bit representative was found for multibit lib cell 'saed14rvt_ff0p88v125c/SAEDRVT14_FSDN2_V2_0P5'. (SQM-2004)
Information: No single-bit representative was found for multibit lib cell 'saed14rvt_ff0p88v125c/SAEDRVT14_FSDN2_V2_1'. (SQM-2004)
Warning: Found 8 multibit sequential library cells that have missing/added attributes or have restrictions that prevent them from banking. (SQM-1053)
Warning: Found 8 multibit sequential library cells that have missing/added attributes or have restrictions that prevent them from banking. (SQM-1053)
Warning: Found 8 multibit sequential library cells that have missing/added attributes or have restrictions that prevent them from banking. (SQM-1053)
Warning: Found 8 multibit sequential library cells that have missing/added attributes or have restrictions that prevent them from banking. (SQM-1053)
Warning: Found 8 multibit sequential library cells that have missing/added attributes or have restrictions that prevent them from banking. (SQM-1053)
Warning: Found 8 multibit sequential library cells that have missing/added attributes or have restrictions that prevent them from banking. (SQM-1053)
Warning: Found 8 multibit sequential library cells that have missing/added attributes or have restrictions that prevent them from banking. (SQM-1053)
Warning: Found 8 multibit sequential library cells that have missing/added attributes or have restrictions that prevent them from banking. (SQM-1053)
Warning: Found 8 multibit sequential library cells that have missing/added attributes or have restrictions that prevent them from banking. (SQM-1053)
Information: 2 out of 12 SQM-1053 messages were not printed due to limit 10 (after 'compile_fusion' at task4.tcl:55) (MSG-3913)
Information: 182 out of 192 SQM-1061 messages were not printed due to limit 10 (after 'compile_fusion' at task4.tcl:55) (MSG-3913)
Information: 91 out of 96 SQM-1079 messages were not printed due to limit 5 (after 'compile_fusion' at task4.tcl:55) (MSG-3913)
Information: 86 out of 96 SQM-2004 messages were not printed due to limit 10 (after 'compile_fusion' at task4.tcl:55) (MSG-3913)
Warning: Net 'dut_fifo_INST/fifo_wptr_nxt_c[1]' is already connected to pin 'ctmi_343/X'. It may cause loss of switching activity. (POW-030)
Information: Ending   compile_fusion / logic_opto / Optimization (1) / Timing Optimization and DesignWare Reselection (FLW-8001)
Information: Time: 2025-06-04 15:44:32 / Session:  00:01:09 / Command:  00:00:11 / CPU:  00:00:19 / Memory: 1568 MB (FLW-8100)
Information: CPU Load: 20%, Ram Free: 44 GB, Swap Free: 1 GB, Work Disk Free: 308 GB, Tmp Disk Free: 308 GB (MSG-3995)
Information: Ending   compile_fusion / logic_opto / Optimization (1) (FLW-8001)
Information: Time: 2025-06-04 15:44:32 / Session:  00:01:09 / Command:  00:00:11 / CPU:  00:00:19 / Memory: 1568 MB (FLW-8100)
Information: CPU Load: 20%, Ram Free: 44 GB, Swap Free: 1 GB, Work Disk Free: 308 GB, Tmp Disk Free: 308 GB (MSG-3995)
Information: Starting compile_fusion / logic_opto / Register Retiming (FLW-8000)
Information: Time: 2025-06-04 15:44:32 / Session:  00:01:09 / Command:  00:00:11 / CPU:  00:00:19 / Memory: 1568 MB (FLW-8100)
Information: CPU Load: 20%, Ram Free: 44 GB, Swap Free: 1 GB, Work Disk Free: 308 GB, Tmp Disk Free: 308 GB (MSG-3995)
Warning: Cannot infer functionality of libcell 'saed14rvt_ff0p88v125c/SAEDRVT14_FDNRBSBQ_V2_0P5' and will be excluded from sequential mapping. (SQM-1061)
Warning: Cannot infer functionality of libcell 'saed14rvt_ff0p88v125c/SAEDRVT14_FDNRBSBQ_V2_1' and will be excluded from sequential mapping. (SQM-1061)
Warning: Cannot infer functionality of libcell 'saed14rvt_ff0p88v125c/SAEDRVT14_FDNRBSBQ_V2_2' and will be excluded from sequential mapping. (SQM-1061)
Warning: Cannot infer functionality of libcell 'saed14rvt_ff0p88v125c/SAEDRVT14_FDNRBSBQ_V2_4' and will be excluded from sequential mapping. (SQM-1061)
Warning: Cannot infer functionality of libcell 'saed14rvt_ff0p88v125c/SAEDRVT14_FDPRBSBQ_V2_0P5' and will be excluded from sequential mapping. (SQM-1061)
Warning: Cannot infer functionality of libcell 'saed14rvt_ff0p88v125c/SAEDRVT14_FDPRBSBQ_V2_1' and will be excluded from sequential mapping. (SQM-1061)
Warning: Cannot infer functionality of libcell 'saed14rvt_ff0p88v125c/SAEDRVT14_FDPRBSBQ_V2_2' and will be excluded from sequential mapping. (SQM-1061)
Warning: Cannot infer functionality of libcell 'saed14rvt_ff0p88v125c/SAEDRVT14_FDPRBSBQ_V2_4' and will be excluded from sequential mapping. (SQM-1061)
Warning: Cannot infer functionality of libcell 'saed14rvt_ff0p88v125c/SAEDRVT14_FSDPRBSBQ_V2LP_0P5' and will be excluded from sequential mapping. (SQM-1061)
Warning: Cannot infer functionality of libcell 'saed14rvt_ff0p88v125c/SAEDRVT14_FSDPRBSBQ_V2LP_2' and will be excluded from sequential mapping. (SQM-1061)
Warning: Skipping check for single_bit_degenerate attribute on the multibit libcell 'saed14rvt_ff0p88v125c/SAEDRVT14_FSDN2_V2_0P5' since it is not a black-box. (SQM-1079)
Information: No single-bit representative was found for multibit lib cell 'saed14rvt_ff0p88v125c/SAEDRVT14_FSDN2_V2_0P5'. (SQM-2004)
Warning: Skipping check for single_bit_degenerate attribute on the multibit libcell 'saed14rvt_ff0p88v125c/SAEDRVT14_FSDN2_V2_1' since it is not a black-box. (SQM-1079)
Information: No single-bit representative was found for multibit lib cell 'saed14rvt_ff0p88v125c/SAEDRVT14_FSDN2_V2_1'. (SQM-2004)
Warning: Skipping check for single_bit_degenerate attribute on the multibit libcell 'saed14rvt_ff0p88v125c/SAEDRVT14_FSDN2_V2_2' since it is not a black-box. (SQM-1079)
Information: No single-bit representative was found for multibit lib cell 'saed14rvt_ff0p88v125c/SAEDRVT14_FSDN2_V2_2'. (SQM-2004)
Warning: Skipping check for single_bit_degenerate attribute on the multibit libcell 'saed14rvt_ff0p88v125c/SAEDRVT14_FSDN2_V2_4' since it is not a black-box. (SQM-1079)
Information: No single-bit representative was found for multibit lib cell 'saed14rvt_ff0p88v125c/SAEDRVT14_FSDN2_V2_4'. (SQM-2004)
Warning: Skipping check for single_bit_degenerate attribute on the multibit libcell 'saed14rvt_ff0p88v125c/SAEDRVT14_FSDN4_V2_0P5' since it is not a black-box. (SQM-1079)
Information: No single-bit representative was found for multibit lib cell 'saed14rvt_ff0p88v125c/SAEDRVT14_FSDN4_V2_0P5'. (SQM-2004)
Information: No single-bit representative was found for multibit lib cell 'saed14rvt_ff0p88v125c/SAEDRVT14_FSDN4_V2_1'. (SQM-2004)
Information: No single-bit representative was found for multibit lib cell 'saed14rvt_ff0p88v125c/SAEDRVT14_FSDN4_V2_2'. (SQM-2004)
Information: No single-bit representative was found for multibit lib cell 'saed14rvt_ff0p88v125c/SAEDRVT14_FSDN4_V2_4'. (SQM-2004)
Warning: Found 8 multibit sequential library cells that have missing/added attributes or have restrictions that prevent them from banking. (SQM-1053)
Information: 6 out of 16 SQM-1061 messages were not printed due to limit 10 (after 'compile_fusion' at task4.tcl:55) (MSG-3913)
Information: 3 out of 8 SQM-1079 messages were not printed due to limit 5 (after 'compile_fusion' at task4.tcl:55) (MSG-3913)
Warning: Cannot infer functionality of libcell 'saed14rvt_ff0p88v125c/SAEDRVT14_FDNRBSBQ_V2_0P5' and will be excluded from sequential mapping. (SQM-1061)
Warning: Cannot infer functionality of libcell 'saed14rvt_ff0p88v125c/SAEDRVT14_FDNRBSBQ_V2_1' and will be excluded from sequential mapping. (SQM-1061)
Warning: Cannot infer functionality of libcell 'saed14rvt_ff0p88v125c/SAEDRVT14_FDNRBSBQ_V2_2' and will be excluded from sequential mapping. (SQM-1061)
Warning: Cannot infer functionality of libcell 'saed14rvt_ff0p88v125c/SAEDRVT14_FDNRBSBQ_V2_4' and will be excluded from sequential mapping. (SQM-1061)
Warning: Cannot infer functionality of libcell 'saed14rvt_ff0p88v125c/SAEDRVT14_FDPRBSBQ_V2_0P5' and will be excluded from sequential mapping. (SQM-1061)
Warning: Cannot infer functionality of libcell 'saed14rvt_ff0p88v125c/SAEDRVT14_FDPRBSBQ_V2_1' and will be excluded from sequential mapping. (SQM-1061)
Warning: Cannot infer functionality of libcell 'saed14rvt_ff0p88v125c/SAEDRVT14_FDPRBSBQ_V2_2' and will be excluded from sequential mapping. (SQM-1061)
Warning: Cannot infer functionality of libcell 'saed14rvt_ff0p88v125c/SAEDRVT14_FDPRBSBQ_V2_4' and will be excluded from sequential mapping. (SQM-1061)
Warning: Cannot infer functionality of libcell 'saed14rvt_ff0p88v125c/SAEDRVT14_FSDPRBSBQ_V2LP_0P5' and will be excluded from sequential mapping. (SQM-1061)
Warning: Cannot infer functionality of libcell 'saed14rvt_ff0p88v125c/SAEDRVT14_FSDPRBSBQ_V2LP_2' and will be excluded from sequential mapping. (SQM-1061)
Warning: Skipping check for single_bit_degenerate attribute on the multibit libcell 'saed14rvt_ff0p88v125c/SAEDRVT14_FSDN2_V2_0P5' since it is not a black-box. (SQM-1079)
Information: No single-bit representative was found for multibit lib cell 'saed14rvt_ff0p88v125c/SAEDRVT14_FSDN2_V2_0P5'. (SQM-2004)
Warning: Skipping check for single_bit_degenerate attribute on the multibit libcell 'saed14rvt_ff0p88v125c/SAEDRVT14_FSDN2_V2_1' since it is not a black-box. (SQM-1079)
Information: No single-bit representative was found for multibit lib cell 'saed14rvt_ff0p88v125c/SAEDRVT14_FSDN2_V2_1'. (SQM-2004)
Warning: Skipping check for single_bit_degenerate attribute on the multibit libcell 'saed14rvt_ff0p88v125c/SAEDRVT14_FSDN2_V2_2' since it is not a black-box. (SQM-1079)
Information: No single-bit representative was found for multibit lib cell 'saed14rvt_ff0p88v125c/SAEDRVT14_FSDN2_V2_2'. (SQM-2004)
Warning: Skipping check for single_bit_degenerate attribute on the multibit libcell 'saed14rvt_ff0p88v125c/SAEDRVT14_FSDN2_V2_4' since it is not a black-box. (SQM-1079)
Information: No single-bit representative was found for multibit lib cell 'saed14rvt_ff0p88v125c/SAEDRVT14_FSDN2_V2_4'. (SQM-2004)
Warning: Skipping check for single_bit_degenerate attribute on the multibit libcell 'saed14rvt_ff0p88v125c/SAEDRVT14_FSDN4_V2_0P5' since it is not a black-box. (SQM-1079)
Information: No single-bit representative was found for multibit lib cell 'saed14rvt_ff0p88v125c/SAEDRVT14_FSDN4_V2_0P5'. (SQM-2004)
Information: No single-bit representative was found for multibit lib cell 'saed14rvt_ff0p88v125c/SAEDRVT14_FSDN4_V2_1'. (SQM-2004)
Information: No single-bit representative was found for multibit lib cell 'saed14rvt_ff0p88v125c/SAEDRVT14_FSDN4_V2_2'. (SQM-2004)
Information: No single-bit representative was found for multibit lib cell 'saed14rvt_ff0p88v125c/SAEDRVT14_FSDN4_V2_4'. (SQM-2004)
Warning: Found 8 multibit sequential library cells that have missing/added attributes or have restrictions that prevent them from banking. (SQM-1053)
Information: 6 out of 16 SQM-1061 messages were not printed due to limit 10 (after 'compile_fusion' at task4.tcl:55) (MSG-3913)
Information: 3 out of 8 SQM-1079 messages were not printed due to limit 5 (after 'compile_fusion' at task4.tcl:55) (MSG-3913)
Warning: Cannot infer functionality of libcell 'saed14rvt_ff0p88v125c/SAEDRVT14_FDNRBSBQ_V2_0P5' and will be excluded from sequential mapping. (SQM-1061)
Warning: Cannot infer functionality of libcell 'saed14rvt_ff0p88v125c/SAEDRVT14_FDNRBSBQ_V2_1' and will be excluded from sequential mapping. (SQM-1061)
Warning: Cannot infer functionality of libcell 'saed14rvt_ff0p88v125c/SAEDRVT14_FDNRBSBQ_V2_2' and will be excluded from sequential mapping. (SQM-1061)
Warning: Cannot infer functionality of libcell 'saed14rvt_ff0p88v125c/SAEDRVT14_FDNRBSBQ_V2_4' and will be excluded from sequential mapping. (SQM-1061)
Warning: Cannot infer functionality of libcell 'saed14rvt_ff0p88v125c/SAEDRVT14_FDPRBSBQ_V2_0P5' and will be excluded from sequential mapping. (SQM-1061)
Warning: Cannot infer functionality of libcell 'saed14rvt_ff0p88v125c/SAEDRVT14_FDPRBSBQ_V2_1' and will be excluded from sequential mapping. (SQM-1061)
Warning: Cannot infer functionality of libcell 'saed14rvt_ff0p88v125c/SAEDRVT14_FDPRBSBQ_V2_2' and will be excluded from sequential mapping. (SQM-1061)
Warning: Cannot infer functionality of libcell 'saed14rvt_ff0p88v125c/SAEDRVT14_FDPRBSBQ_V2_4' and will be excluded from sequential mapping. (SQM-1061)
Warning: Cannot infer functionality of libcell 'saed14rvt_ff0p88v125c/SAEDRVT14_FSDPRBSBQ_V2LP_0P5' and will be excluded from sequential mapping. (SQM-1061)
Warning: Cannot infer functionality of libcell 'saed14rvt_ff0p88v125c/SAEDRVT14_FSDPRBSBQ_V2LP_2' and will be excluded from sequential mapping. (SQM-1061)
Warning: Skipping check for single_bit_degenerate attribute on the multibit libcell 'saed14rvt_ff0p88v125c/SAEDRVT14_FSDN2_V2_0P5' since it is not a black-box. (SQM-1079)
Information: No single-bit representative was found for multibit lib cell 'saed14rvt_ff0p88v125c/SAEDRVT14_FSDN2_V2_0P5'. (SQM-2004)
Warning: Skipping check for single_bit_degenerate attribute on the multibit libcell 'saed14rvt_ff0p88v125c/SAEDRVT14_FSDN2_V2_1' since it is not a black-box. (SQM-1079)
Information: No single-bit representative was found for multibit lib cell 'saed14rvt_ff0p88v125c/SAEDRVT14_FSDN2_V2_1'. (SQM-2004)
Warning: Skipping check for single_bit_degenerate attribute on the multibit libcell 'saed14rvt_ff0p88v125c/SAEDRVT14_FSDN2_V2_2' since it is not a black-box. (SQM-1079)
Information: No single-bit representative was found for multibit lib cell 'saed14rvt_ff0p88v125c/SAEDRVT14_FSDN2_V2_2'. (SQM-2004)
Warning: Skipping check for single_bit_degenerate attribute on the multibit libcell 'saed14rvt_ff0p88v125c/SAEDRVT14_FSDN2_V2_4' since it is not a black-box. (SQM-1079)
Information: No single-bit representative was found for multibit lib cell 'saed14rvt_ff0p88v125c/SAEDRVT14_FSDN2_V2_4'. (SQM-2004)
Warning: Skipping check for single_bit_degenerate attribute on the multibit libcell 'saed14rvt_ff0p88v125c/SAEDRVT14_FSDN4_V2_0P5' since it is not a black-box. (SQM-1079)
Information: No single-bit representative was found for multibit lib cell 'saed14rvt_ff0p88v125c/SAEDRVT14_FSDN4_V2_0P5'. (SQM-2004)
Information: No single-bit representative was found for multibit lib cell 'saed14rvt_ff0p88v125c/SAEDRVT14_FSDN4_V2_1'. (SQM-2004)
Information: No single-bit representative was found for multibit lib cell 'saed14rvt_ff0p88v125c/SAEDRVT14_FSDN4_V2_2'. (SQM-2004)
Information: No single-bit representative was found for multibit lib cell 'saed14rvt_ff0p88v125c/SAEDRVT14_FSDN4_V2_4'. (SQM-2004)
Warning: Found 8 multibit sequential library cells that have missing/added attributes or have restrictions that prevent them from banking. (SQM-1053)
Information: Result of compile_fusion / logic_opto / Register Retiming (FLW-8500)
Information: No instance marked for retiming. (RTM-1031)
Information: 6 out of 16 SQM-1061 messages were not printed due to limit 10 (after 'compile_fusion' at task4.tcl:55) (MSG-3913)
Information: 3 out of 8 SQM-1079 messages were not printed due to limit 5 (after 'compile_fusion' at task4.tcl:55) (MSG-3913)
Warning: Cannot infer functionality of libcell 'saed14rvt_ff0p88v125c/SAEDRVT14_FDNRBSBQ_V2_0P5' and will be excluded from sequential mapping. (SQM-1061)
Warning: Cannot infer functionality of libcell 'saed14rvt_ff0p88v125c/SAEDRVT14_FDNRBSBQ_V2_1' and will be excluded from sequential mapping. (SQM-1061)
Warning: Cannot infer functionality of libcell 'saed14rvt_ff0p88v125c/SAEDRVT14_FDNRBSBQ_V2_2' and will be excluded from sequential mapping. (SQM-1061)
Warning: Cannot infer functionality of libcell 'saed14rvt_ff0p88v125c/SAEDRVT14_FDNRBSBQ_V2_4' and will be excluded from sequential mapping. (SQM-1061)
Warning: Cannot infer functionality of libcell 'saed14rvt_ff0p88v125c/SAEDRVT14_FDPRBSBQ_V2_0P5' and will be excluded from sequential mapping. (SQM-1061)
Warning: Cannot infer functionality of libcell 'saed14rvt_ff0p88v125c/SAEDRVT14_FDPRBSBQ_V2_1' and will be excluded from sequential mapping. (SQM-1061)
Warning: Cannot infer functionality of libcell 'saed14rvt_ff0p88v125c/SAEDRVT14_FDPRBSBQ_V2_2' and will be excluded from sequential mapping. (SQM-1061)
Warning: Cannot infer functionality of libcell 'saed14rvt_ff0p88v125c/SAEDRVT14_FDPRBSBQ_V2_4' and will be excluded from sequential mapping. (SQM-1061)
Warning: Cannot infer functionality of libcell 'saed14rvt_ff0p88v125c/SAEDRVT14_FSDPRBSBQ_V2LP_0P5' and will be excluded from sequential mapping. (SQM-1061)
Warning: Cannot infer functionality of libcell 'saed14rvt_ff0p88v125c/SAEDRVT14_FSDPRBSBQ_V2LP_2' and will be excluded from sequential mapping. (SQM-1061)
Warning: Skipping check for single_bit_degenerate attribute on the multibit libcell 'saed14rvt_ff0p88v125c/SAEDRVT14_FSDN2_V2_0P5' since it is not a black-box. (SQM-1079)
Information: No single-bit representative was found for multibit lib cell 'saed14rvt_ff0p88v125c/SAEDRVT14_FSDN2_V2_0P5'. (SQM-2004)
Warning: Skipping check for single_bit_degenerate attribute on the multibit libcell 'saed14rvt_ff0p88v125c/SAEDRVT14_FSDN2_V2_1' since it is not a black-box. (SQM-1079)
Information: No single-bit representative was found for multibit lib cell 'saed14rvt_ff0p88v125c/SAEDRVT14_FSDN2_V2_1'. (SQM-2004)
Warning: Skipping check for single_bit_degenerate attribute on the multibit libcell 'saed14rvt_ff0p88v125c/SAEDRVT14_FSDN2_V2_2' since it is not a black-box. (SQM-1079)
Information: No single-bit representative was found for multibit lib cell 'saed14rvt_ff0p88v125c/SAEDRVT14_FSDN2_V2_2'. (SQM-2004)
Warning: Skipping check for single_bit_degenerate attribute on the multibit libcell 'saed14rvt_ff0p88v125c/SAEDRVT14_FSDN2_V2_4' since it is not a black-box. (SQM-1079)
Information: No single-bit representative was found for multibit lib cell 'saed14rvt_ff0p88v125c/SAEDRVT14_FSDN2_V2_4'. (SQM-2004)
Warning: Skipping check for single_bit_degenerate attribute on the multibit libcell 'saed14rvt_ff0p88v125c/SAEDRVT14_FSDN4_V2_0P5' since it is not a black-box. (SQM-1079)
Information: No single-bit representative was found for multibit lib cell 'saed14rvt_ff0p88v125c/SAEDRVT14_FSDN4_V2_0P5'. (SQM-2004)
Information: No single-bit representative was found for multibit lib cell 'saed14rvt_ff0p88v125c/SAEDRVT14_FSDN4_V2_1'. (SQM-2004)
Information: No single-bit representative was found for multibit lib cell 'saed14rvt_ff0p88v125c/SAEDRVT14_FSDN4_V2_2'. (SQM-2004)
Information: No single-bit representative was found for multibit lib cell 'saed14rvt_ff0p88v125c/SAEDRVT14_FSDN4_V2_4'. (SQM-2004)
Warning: Found 8 multibit sequential library cells that have missing/added attributes or have restrictions that prevent them from banking. (SQM-1053)
Information: 6 out of 16 SQM-1061 messages were not printed due to limit 10 (after 'compile_fusion' at task4.tcl:55) (MSG-3913)
Information: 3 out of 8 SQM-1079 messages were not printed due to limit 5 (after 'compile_fusion' at task4.tcl:55) (MSG-3913)
Information: Ending   compile_fusion / logic_opto / Register Retiming (FLW-8001)
Information: Time: 2025-06-04 15:44:40 / Session:  00:01:17 / Command:  00:00:19 / CPU:  00:00:27 / Memory: 1568 MB (FLW-8100)
Information: CPU Load: 19%, Ram Free: 44 GB, Swap Free: 1 GB, Work Disk Free: 308 GB, Tmp Disk Free: 308 GB (MSG-3995)
Warning: Cannot infer functionality of libcell 'saed14rvt_ff0p88v125c/SAEDRVT14_FDNRBSBQ_V2_0P5' and will be excluded from sequential mapping. (SQM-1061)
Warning: Cannot infer functionality of libcell 'saed14rvt_ff0p88v125c/SAEDRVT14_FDNRBSBQ_V2_1' and will be excluded from sequential mapping. (SQM-1061)
Warning: Cannot infer functionality of libcell 'saed14rvt_ff0p88v125c/SAEDRVT14_FDNRBSBQ_V2_2' and will be excluded from sequential mapping. (SQM-1061)
Warning: Cannot infer functionality of libcell 'saed14rvt_ff0p88v125c/SAEDRVT14_FDNRBSBQ_V2_4' and will be excluded from sequential mapping. (SQM-1061)
Warning: Cannot infer functionality of libcell 'saed14rvt_ff0p88v125c/SAEDRVT14_FDPRBSBQ_V2_0P5' and will be excluded from sequential mapping. (SQM-1061)
Warning: Cannot infer functionality of libcell 'saed14rvt_ff0p88v125c/SAEDRVT14_FDPRBSBQ_V2_1' and will be excluded from sequential mapping. (SQM-1061)
Warning: Cannot infer functionality of libcell 'saed14rvt_ff0p88v125c/SAEDRVT14_FDPRBSBQ_V2_2' and will be excluded from sequential mapping. (SQM-1061)
Warning: Cannot infer functionality of libcell 'saed14rvt_ff0p88v125c/SAEDRVT14_FDPRBSBQ_V2_4' and will be excluded from sequential mapping. (SQM-1061)
Warning: Cannot infer functionality of libcell 'saed14rvt_ff0p88v125c/SAEDRVT14_FSDPRBSBQ_V2LP_0P5' and will be excluded from sequential mapping. (SQM-1061)
Warning: Cannot infer functionality of libcell 'saed14rvt_ff0p88v125c/SAEDRVT14_FSDPRBSBQ_V2LP_2' and will be excluded from sequential mapping. (SQM-1061)
Warning: Skipping check for single_bit_degenerate attribute on the multibit libcell 'saed14rvt_ff0p88v125c/SAEDRVT14_FSDN2_V2_0P5' since it is not a black-box. (SQM-1079)
Information: No single-bit representative was found for multibit lib cell 'saed14rvt_ff0p88v125c/SAEDRVT14_FSDN2_V2_0P5'. (SQM-2004)
Warning: Skipping check for single_bit_degenerate attribute on the multibit libcell 'saed14rvt_ff0p88v125c/SAEDRVT14_FSDN2_V2_1' since it is not a black-box. (SQM-1079)
Information: No single-bit representative was found for multibit lib cell 'saed14rvt_ff0p88v125c/SAEDRVT14_FSDN2_V2_1'. (SQM-2004)
Warning: Skipping check for single_bit_degenerate attribute on the multibit libcell 'saed14rvt_ff0p88v125c/SAEDRVT14_FSDN2_V2_2' since it is not a black-box. (SQM-1079)
Information: No single-bit representative was found for multibit lib cell 'saed14rvt_ff0p88v125c/SAEDRVT14_FSDN2_V2_2'. (SQM-2004)
Warning: Skipping check for single_bit_degenerate attribute on the multibit libcell 'saed14rvt_ff0p88v125c/SAEDRVT14_FSDN2_V2_4' since it is not a black-box. (SQM-1079)
Information: No single-bit representative was found for multibit lib cell 'saed14rvt_ff0p88v125c/SAEDRVT14_FSDN2_V2_4'. (SQM-2004)
Warning: Skipping check for single_bit_degenerate attribute on the multibit libcell 'saed14rvt_ff0p88v125c/SAEDRVT14_FSDN4_V2_0P5' since it is not a black-box. (SQM-1079)
Information: No single-bit representative was found for multibit lib cell 'saed14rvt_ff0p88v125c/SAEDRVT14_FSDN4_V2_0P5'. (SQM-2004)
Information: No single-bit representative was found for multibit lib cell 'saed14rvt_ff0p88v125c/SAEDRVT14_FSDN4_V2_1'. (SQM-2004)
Information: No single-bit representative was found for multibit lib cell 'saed14rvt_ff0p88v125c/SAEDRVT14_FSDN4_V2_2'. (SQM-2004)
Information: No single-bit representative was found for multibit lib cell 'saed14rvt_ff0p88v125c/SAEDRVT14_FSDN4_V2_4'. (SQM-2004)
Warning: Found 8 multibit sequential library cells that have missing/added attributes or have restrictions that prevent them from banking. (SQM-1053)
Information: Register Bits Before Sharing = 0, After Sharing = 0, Savings = 0 (SQM-2000)
Information: 6 out of 16 SQM-1061 messages were not printed due to limit 10 (after 'compile_fusion' at task4.tcl:55) (MSG-3913)
Information: 3 out of 8 SQM-1079 messages were not printed due to limit 5 (after 'compile_fusion' at task4.tcl:55) (MSG-3913)
Information: Starting compile_fusion / logic_opto / Optimization (2) (FLW-8000)
Information: Time: 2025-06-04 15:44:43 / Session:  00:01:20 / Command:  00:00:22 / CPU:  00:00:30 / Memory: 1568 MB (FLW-8100)
Information: CPU Load: 18%, Ram Free: 44 GB, Swap Free: 1 GB, Work Disk Free: 308 GB, Tmp Disk Free: 308 GB (MSG-3995)
Warning: No clock routing rules were specified. Use set_clock_routing_rules to specify routing rules for accurate clock latency estimation. (OPT-902)
Warning: No clock routing rules were specified. Use set_clock_routing_rules to specify routing rules for accurate clock latency estimation. (OPT-902)
Information: Estimating clock gate latencies for scenario 'PowerSave_Slow'. (OPT-909)
Warning: No clock routing rules were specified. Use set_clock_routing_rules to specify routing rules for accurate clock latency estimation. (OPT-902)
Information: Estimating clock gate latencies for scenario 'Normal_Slow'. (OPT-909)
Information: Ending   compile_fusion / logic_opto / Optimization (2) (FLW-8001)
Information: Time: 2025-06-04 15:44:44 / Session:  00:01:21 / Command:  00:00:23 / CPU:  00:00:32 / Memory: 1568 MB (FLW-8100)
Information: CPU Load: 18%, Ram Free: 44 GB, Swap Free: 1 GB, Work Disk Free: 308 GB, Tmp Disk Free: 308 GB (MSG-3995)
Information: Starting compile_fusion / logic_opto / Auto-Floorplan (1) (FLW-8000)
Information: Time: 2025-06-04 15:44:44 / Session:  00:01:21 / Command:  00:00:23 / CPU:  00:00:32 / Memory: 1568 MB (FLW-8100)
Information: CPU Load: 18%, Ram Free: 44 GB, Swap Free: 1 GB, Work Disk Free: 308 GB, Tmp Disk Free: 308 GB (MSG-3995)
Information: Initializing core and die (AFP-1001)
Information: Initializing rows (AFP-1003)
Information: Initializing tracks (AFP-1004)
Information: Generated core area = 1792.960815 (AFP-2021)
Information: Generated core boundary = { {10 10} {10 83.2} {34.494 83.2} {34.494 10} } (AFP-2022)
Information: Shaping unshaped voltage areas (AFP-1011)
Information: Placing unplaced pins (AFP-1007)
Warning: Cell contains tie connections which are not connected to real PG. (ZRT-511)
Information: Option route.detail.force_end_on_preferred_grid will be ignored since none of the layers have preferred grid. (ZRT-703)
Warning: Layer M4 default pitch 0.100 may be too small to handle up/down via. Note, that minimum requirements are "wire/via-down 0.100" & "wire/via-up 0.122". (ZRT-026)
Warning: Layer M7 default pitch 0.100 may be too small to handle up/down via. Note, that minimum requirements are "wire/via-down 0.100" & "wire/via-up 0.105". (ZRT-026)
Warning: Layer M8 default pitch 0.100 may be too small to handle up/down via. Note, that minimum requirements are "wire/via-down 0.105" & "wire/via-up 0.135". (ZRT-026)
Warning: Layer M9 default pitch 0.100 may be too small to handle up/down via. Note, that minimum requirements are "wire/via-down 0.135" & "wire/via-up 1.570". (ZRT-026)
Warning: Layer MRDL default pitch 4.000 may be too small to handle up/down via. Note, that minimum requirements are "wire/via-down 4.500" & "wire/via-up 4.000". (ZRT-026)
Information: When applicable Min-max layer allow_pin_connection mode will allow paths of length 0.90 outside the layer range. (ZRT-707)
Information: When applicable Min-max layer allow_pin_connection mode will allow paths of length 0.90 outside the layer range on clock nets. (ZRT-718)
Information: When applicable layer based tapering will taper up to 0.00 in distance from the pin. (ZRT-706)
Warning: Standard cell pin SAEDRVT14_ADDH_0P5/CO has no valid via regions. (ZRT-044)
Warning: Standard cell pin SAEDRVT14_OA21B_1/X has no valid via regions. (ZRT-044)
Warning: Cell dut_input_channel_control_0_INST/in_data_arb_r_reg[23] is placed overlapping with other cells at {{21.055 0.945} {23.201 1.545}}. (ZRT-763)
Information: The net parasitics of block dut_toplevel are cleared. (TIM-123)
Information: Using 12 threads for routing. (ZRT-444)
Information: Result of compile_fusion / logic_opto / Auto-Floorplan (1) (FLW-8500)
Information: Auto-Floorplan Summary (AFP-2023)
-------------------------------------------------------------------------------
              origin           area     boundary
core  auto-floorplan        1792.96   { {10 10} {10 83.2} {34.494 83.2} {34.494 10} }
die   auto-floorplan        4146.84   { {0 0} {0 93.2} {44.494 93.2} {44.494 0} }
-------------------------------------------------------------------------------

-------------------------------------------------------------------------------
objects             total        candidates          modified         preserved                 
voltage areas           0                 0                 0                 0
ios                     0                 0                 0                 0
macros                  0                 0                 0                 0
pins                  170               170               170                 0
-------------------------------------------------------------------------------
Information: Ending   compile_fusion / logic_opto / Auto-Floorplan (1) (FLW-8001)
Information: Time: 2025-06-04 15:44:44 / Session:  00:01:22 / Command:  00:00:23 / CPU:  00:00:32 / Memory: 1568 MB (FLW-8100)
Information: CPU Load: 18%, Ram Free: 44 GB, Swap Free: 1 GB, Work Disk Free: 308 GB, Tmp Disk Free: 308 GB (MSG-3995)
Information: Starting compile_fusion / logic_opto / Early Placement (FLW-8000)
Information: Time: 2025-06-04 15:44:44 / Session:  00:01:22 / Command:  00:00:23 / CPU:  00:00:32 / Memory: 1568 MB (FLW-8100)
Information: CPU Load: 18%, Ram Free: 44 GB, Swap Free: 1 GB, Work Disk Free: 308 GB, Tmp Disk Free: 308 GB (MSG-3995)
----------------------------------------------------------------
running create_placement
Information: The stitching and editing of coupling caps is turned OFF for design 'dut_toplevel.dlib:dut_toplevel/auto_floorplan.design'. (TIM-125)
Corner Scaling is off, multiplier is 1.000000
ORB: timingScenario Normal_Slow timingCorner Slow
INFO: Using corner Typical for worst leakage corner
Using default layer M4
new cutoff lpd: 3.06118e-07
corner scaling: maxCornerId = 3
corner=Fast, tran factor=0.837270 (0.028178 / 0.033655)
corner=Typical, tran factor=0.944434 (0.031785 / 0.033655)
corner=Slow, tran factor=1.000000 (0.033655 / 0.033655)
ORB: Nominal = 0.0053925  Design MT = inf  Target = 0.0336550 (6.241 nominal)  MaxRC = 0.022191
ORB: Fast Target = 0.011701 ( 2.170 nominal )
ORB: stageDelay=0.025981, stageLength=1609839
nplLib: default vr hor dist = 322
nplLib: default vr ver dist = 322
nplLib: default vr buf size = 2
nplLib: default vr buf size = 1

Placement Options:
Effort:                        medium_effort       
Timing Driven:                 false               
Buffering Aware Timing Driven: false               
Seed locs:                     false               
Incremental:                   false               
Congestion:                    false               
Fix Macros:                    true                
Place Macros:                  false               
Channel Size Macros:           false               

Printing options for 'place.coarse.*' (non-default only)
place.coarse.continue_on_missing_scandef                :	 true                

Start transferring placement data.
****** Net weight manager: report ******
Weights included: Timing  
Number of nets with non-default weights: 1601
Timing factor = 1
Non-default weight range: (0.889067, 2.6672)
Information: Automatic repeater spreading is enabled.
Completed transferring placement data.
Running placement using 12 thread(s)
Information: Enhanced Auto Density Control is used. (PLACE-098)
Information: Enhanced auto density configuration is 13179.
Information: Automatic density control has selected the following settings: max_density 0.55, congestion_driven_max_util 0.87. (PLACE-027)
Information: HFW control 'off' invoked.
Creating placement from scratch.
coarse place 0% done.
coarse place 25% done.
coarse place 50% done.
coarse place 75% done.
coarse place 100% done.
Information: Coarse placer weighted wire length estimate = 1.18766e+08
Information: Extraction observers are detached as design net change threshold is reached.
Warning: No clock routing rules were specified. Use set_clock_routing_rules to specify routing rules for accurate clock latency estimation. (OPT-902)
Warning: No clock routing rules were specified. Use set_clock_routing_rules to specify routing rules for accurate clock latency estimation. (OPT-902)
Information: Estimating clock gate latencies for scenario 'PowerSave_Slow'. (OPT-909)
Warning: No clock routing rules were specified. Use set_clock_routing_rules to specify routing rules for accurate clock latency estimation. (OPT-902)
Information: Estimating clock gate latencies for scenario 'Normal_Slow'. (OPT-909)
----------------------------------------------------------------
Information: Ending   compile_fusion / logic_opto / Early Placement (FLW-8001)
Information: Time: 2025-06-04 15:44:47 / Session:  00:01:25 / Command:  00:00:26 / CPU:  00:00:37 / Memory: 1568 MB (FLW-8100)
Information: CPU Load: 18%, Ram Free: 44 GB, Swap Free: 1 GB, Work Disk Free: 308 GB, Tmp Disk Free: 308 GB (MSG-3995)
Information: The stitching and editing of coupling caps is turned OFF for design 'dut_toplevel.dlib:dut_toplevel/auto_floorplan.design'. (TIM-125)
Information: Starting compile_fusion / logic_opto / Optimization (3) (FLW-8000)
Information: Time: 2025-06-04 15:44:49 / Session:  00:01:26 / Command:  00:00:28 / CPU:  00:00:40 / Memory: 1568 MB (FLW-8100)
Information: CPU Load: 18%, Ram Free: 44 GB, Swap Free: 1 GB, Work Disk Free: 308 GB, Tmp Disk Free: 308 GB (MSG-3995)
Information: Starting compile_fusion / logic_opto / Optimization (3) / Timing Optimization (FLW-8000)
Information: Time: 2025-06-04 15:44:49 / Session:  00:01:26 / Command:  00:00:28 / CPU:  00:00:40 / Memory: 1568 MB (FLW-8100)
Information: CPU Load: 18%, Ram Free: 44 GB, Swap Free: 1 GB, Work Disk Free: 308 GB, Tmp Disk Free: 308 GB (MSG-3995)
Warning: Cannot infer functionality of libcell 'saed14rvt_ff0p88v125c/SAEDRVT14_FDNRBSBQ_V2_0P5' and will be excluded from sequential mapping. (SQM-1061)
Warning: Cannot infer functionality of libcell 'saed14rvt_ff0p88v125c/SAEDRVT14_FDNRBSBQ_V2_1' and will be excluded from sequential mapping. (SQM-1061)
Warning: Cannot infer functionality of libcell 'saed14rvt_ff0p88v125c/SAEDRVT14_FDNRBSBQ_V2_2' and will be excluded from sequential mapping. (SQM-1061)
Warning: Cannot infer functionality of libcell 'saed14rvt_ff0p88v125c/SAEDRVT14_FDNRBSBQ_V2_4' and will be excluded from sequential mapping. (SQM-1061)
Warning: Cannot infer functionality of libcell 'saed14rvt_ff0p88v125c/SAEDRVT14_FDPRBSBQ_V2_0P5' and will be excluded from sequential mapping. (SQM-1061)
Warning: Cannot infer functionality of libcell 'saed14rvt_ff0p88v125c/SAEDRVT14_FDPRBSBQ_V2_1' and will be excluded from sequential mapping. (SQM-1061)
Warning: Cannot infer functionality of libcell 'saed14rvt_ff0p88v125c/SAEDRVT14_FDPRBSBQ_V2_2' and will be excluded from sequential mapping. (SQM-1061)
Warning: Cannot infer functionality of libcell 'saed14rvt_ff0p88v125c/SAEDRVT14_FDPRBSBQ_V2_4' and will be excluded from sequential mapping. (SQM-1061)
Warning: Cannot infer functionality of libcell 'saed14rvt_ff0p88v125c/SAEDRVT14_FSDPRBSBQ_V2LP_0P5' and will be excluded from sequential mapping. (SQM-1061)
Warning: Cannot infer functionality of libcell 'saed14rvt_ff0p88v125c/SAEDRVT14_FSDPRBSBQ_V2LP_2' and will be excluded from sequential mapping. (SQM-1061)
Warning: Skipping check for single_bit_degenerate attribute on the multibit libcell 'saed14rvt_ff0p88v125c/SAEDRVT14_FSDN2_V2_0P5' since it is not a black-box. (SQM-1079)
Information: No single-bit representative was found for multibit lib cell 'saed14rvt_ff0p88v125c/SAEDRVT14_FSDN2_V2_0P5'. (SQM-2004)
Warning: Skipping check for single_bit_degenerate attribute on the multibit libcell 'saed14rvt_ff0p88v125c/SAEDRVT14_FSDN2_V2_1' since it is not a black-box. (SQM-1079)
Information: No single-bit representative was found for multibit lib cell 'saed14rvt_ff0p88v125c/SAEDRVT14_FSDN2_V2_1'. (SQM-2004)
Warning: Skipping check for single_bit_degenerate attribute on the multibit libcell 'saed14rvt_ff0p88v125c/SAEDRVT14_FSDN2_V2_2' since it is not a black-box. (SQM-1079)
Information: No single-bit representative was found for multibit lib cell 'saed14rvt_ff0p88v125c/SAEDRVT14_FSDN2_V2_2'. (SQM-2004)
Warning: Skipping check for single_bit_degenerate attribute on the multibit libcell 'saed14rvt_ff0p88v125c/SAEDRVT14_FSDN2_V2_4' since it is not a black-box. (SQM-1079)
Information: No single-bit representative was found for multibit lib cell 'saed14rvt_ff0p88v125c/SAEDRVT14_FSDN2_V2_4'. (SQM-2004)
Warning: Skipping check for single_bit_degenerate attribute on the multibit libcell 'saed14rvt_ff0p88v125c/SAEDRVT14_FSDN4_V2_0P5' since it is not a black-box. (SQM-1079)
Information: No single-bit representative was found for multibit lib cell 'saed14rvt_ff0p88v125c/SAEDRVT14_FSDN4_V2_0P5'. (SQM-2004)
Information: No single-bit representative was found for multibit lib cell 'saed14rvt_ff0p88v125c/SAEDRVT14_FSDN4_V2_1'. (SQM-2004)
Information: No single-bit representative was found for multibit lib cell 'saed14rvt_ff0p88v125c/SAEDRVT14_FSDN4_V2_2'. (SQM-2004)
Information: No single-bit representative was found for multibit lib cell 'saed14rvt_ff0p88v125c/SAEDRVT14_FSDN4_V2_4'. (SQM-2004)
Warning: Found 8 multibit sequential library cells that have missing/added attributes or have restrictions that prevent them from banking. (SQM-1053)
Information: No single-bit representative was found for multibit lib cell 'saed14rvt_ff0p88v125c/SAEDRVT14_FSDN2_V2_0P5'. (SQM-2004)
Information: No single-bit representative was found for multibit lib cell 'saed14rvt_ff0p88v125c/SAEDRVT14_FSDN2_V2_1'. (SQM-2004)
Warning: Found 8 multibit sequential library cells that have missing/added attributes or have restrictions that prevent them from banking. (SQM-1053)
Warning: Found 8 multibit sequential library cells that have missing/added attributes or have restrictions that prevent them from banking. (SQM-1053)
Warning: Found 8 multibit sequential library cells that have missing/added attributes or have restrictions that prevent them from banking. (SQM-1053)
Warning: Found 8 multibit sequential library cells that have missing/added attributes or have restrictions that prevent them from banking. (SQM-1053)
Warning: Found 8 multibit sequential library cells that have missing/added attributes or have restrictions that prevent them from banking. (SQM-1053)
Warning: Found 8 multibit sequential library cells that have missing/added attributes or have restrictions that prevent them from banking. (SQM-1053)
Warning: Found 8 multibit sequential library cells that have missing/added attributes or have restrictions that prevent them from banking. (SQM-1053)
Warning: Found 8 multibit sequential library cells that have missing/added attributes or have restrictions that prevent them from banking. (SQM-1053)
Warning: Found 8 multibit sequential library cells that have missing/added attributes or have restrictions that prevent them from banking. (SQM-1053)
Information: 2 out of 12 SQM-1053 messages were not printed due to limit 10 (after 'compile_fusion' at task4.tcl:55) (MSG-3913)
Information: 182 out of 192 SQM-1061 messages were not printed due to limit 10 (after 'compile_fusion' at task4.tcl:55) (MSG-3913)
Information: 91 out of 96 SQM-1079 messages were not printed due to limit 5 (after 'compile_fusion' at task4.tcl:55) (MSG-3913)
Information: 86 out of 96 SQM-2004 messages were not printed due to limit 10 (after 'compile_fusion' at task4.tcl:55) (MSG-3913)
Information: Ending   compile_fusion / logic_opto / Optimization (3) / Timing Optimization (FLW-8001)
Information: Time: 2025-06-04 15:44:51 / Session:  00:01:28 / Command:  00:00:29 / CPU:  00:00:42 / Memory: 1568 MB (FLW-8100)
Information: CPU Load: 17%, Ram Free: 44 GB, Swap Free: 1 GB, Work Disk Free: 308 GB, Tmp Disk Free: 308 GB (MSG-3995)
Information: Ending   compile_fusion / logic_opto / Optimization (3) (FLW-8001)
Information: Time: 2025-06-04 15:44:51 / Session:  00:01:28 / Command:  00:00:30 / CPU:  00:00:43 / Memory: 1568 MB (FLW-8100)
Information: CPU Load: 17%, Ram Free: 44 GB, Swap Free: 1 GB, Work Disk Free: 308 GB, Tmp Disk Free: 308 GB (MSG-3995)
Information: Starting compile_fusion / logic_opto / Optimization (4) (FLW-8000)
Information: Time: 2025-06-04 15:44:51 / Session:  00:01:28 / Command:  00:00:30 / CPU:  00:00:43 / Memory: 1568 MB (FLW-8100)
Information: CPU Load: 17%, Ram Free: 44 GB, Swap Free: 1 GB, Work Disk Free: 308 GB, Tmp Disk Free: 308 GB (MSG-3995)
Information: Starting compile_fusion / logic_opto / Optimization (4) / Logic Simplification and Register Optimization (FLW-8000)
Information: Time: 2025-06-04 15:44:51 / Session:  00:01:28 / Command:  00:00:30 / CPU:  00:00:43 / Memory: 1568 MB (FLW-8100)
Information: CPU Load: 17%, Ram Free: 44 GB, Swap Free: 1 GB, Work Disk Free: 308 GB, Tmp Disk Free: 308 GB (MSG-3995)
Information: Ending   compile_fusion / logic_opto / Optimization (4) / Logic Simplification and Register Optimization (FLW-8001)
Information: Time: 2025-06-04 15:44:51 / Session:  00:01:28 / Command:  00:00:30 / CPU:  00:00:43 / Memory: 1568 MB (FLW-8100)
Information: CPU Load: 17%, Ram Free: 44 GB, Swap Free: 1 GB, Work Disk Free: 308 GB, Tmp Disk Free: 308 GB (MSG-3995)
Information: Ending   compile_fusion / logic_opto / Optimization (4) (FLW-8001)
Information: Time: 2025-06-04 15:44:55 / Session:  00:01:32 / Command:  00:00:34 / CPU:  00:00:49 / Memory: 1568 MB (FLW-8100)
Information: CPU Load: 17%, Ram Free: 44 GB, Swap Free: 1 GB, Work Disk Free: 308 GB, Tmp Disk Free: 308 GB (MSG-3995)
Information: Starting compile_fusion / logic_opto / Optimization (5) (FLW-8000)
Information: Time: 2025-06-04 15:44:55 / Session:  00:01:32 / Command:  00:00:34 / CPU:  00:00:49 / Memory: 1568 MB (FLW-8100)
Information: CPU Load: 17%, Ram Free: 44 GB, Swap Free: 1 GB, Work Disk Free: 308 GB, Tmp Disk Free: 308 GB (MSG-3995)
Information: Starting compile_fusion / logic_opto / Optimization (5) / Logic Simplification and Register Optimization (FLW-8000)
Information: Time: 2025-06-04 15:44:55 / Session:  00:01:32 / Command:  00:00:34 / CPU:  00:00:49 / Memory: 1568 MB (FLW-8100)
Information: CPU Load: 17%, Ram Free: 44 GB, Swap Free: 1 GB, Work Disk Free: 308 GB, Tmp Disk Free: 308 GB (MSG-3995)
Information: Ending   compile_fusion / logic_opto / Optimization (5) / Logic Simplification and Register Optimization (FLW-8001)
Information: Time: 2025-06-04 15:44:55 / Session:  00:01:32 / Command:  00:00:34 / CPU:  00:00:49 / Memory: 1568 MB (FLW-8100)
Information: CPU Load: 17%, Ram Free: 44 GB, Swap Free: 1 GB, Work Disk Free: 308 GB, Tmp Disk Free: 308 GB (MSG-3995)
Information: Ending   compile_fusion / logic_opto / Optimization (5) (FLW-8001)
Information: Time: 2025-06-04 15:44:55 / Session:  00:01:32 / Command:  00:00:34 / CPU:  00:00:49 / Memory: 1568 MB (FLW-8100)
Information: CPU Load: 17%, Ram Free: 44 GB, Swap Free: 1 GB, Work Disk Free: 308 GB, Tmp Disk Free: 308 GB (MSG-3995)
Information: Starting compile_fusion / logic_opto / Auto-Floorplan (2) (FLW-8000)
Information: Time: 2025-06-04 15:44:55 / Session:  00:01:32 / Command:  00:00:34 / CPU:  00:00:49 / Memory: 1568 MB (FLW-8100)
Information: CPU Load: 17%, Ram Free: 44 GB, Swap Free: 1 GB, Work Disk Free: 308 GB, Tmp Disk Free: 308 GB (MSG-3995)
Information: Initializing core and die (AFP-1001)
Information: Initializing rows (AFP-1003)
Information: Initializing tracks (AFP-1004)
Removing existing floorplan objects
Creating core...
Core utilization ratio = 50.10%
Unplacing all cells...
Creating site array...
Creating routing tracks...
Initializing floorplan completed.
Information: Generated core area = 1813.118408 (AFP-2021)
Information: Generated core boundary = { {10 10} {10 83.8} {34.568 83.8} {34.568 10} } (AFP-2022)
Information: Shaping unshaped voltage areas (AFP-1011)
Information: Placing unplaced pins (AFP-1007)
Load DB...
CPU Time for load db: 00:00:00.00u 00:00:00.00s 00:00:00.00e: 

Min routing layer: M1
Max routing layer: MRDL


CPU Time for Top Level Pre-Route Processing: 00:00:00.00u 00:00:00.00s 00:00:00.00e: 
Warning: Cell contains tie connections which are not connected to real PG. (ZRT-511)
Cell Min-Routing-Layer = M1
Cell Max-Routing-Layer = MRDL
Turn off antenna since no rule is specified
Information: Option route.detail.force_end_on_preferred_grid will be ignored since none of the layers have preferred grid. (ZRT-703)

Block Pin Constraint   Min Pin Max Pin Reserve
                       Layer   Layer   Layer    Feedthroughs
--------------------   ------  ------  ------   ------------
dut_toplevel           M2      MRDL    MRDL     Not allowed

Via on layer (VIA4) needs more than one tracks
Warning: Layer M4 default pitch 0.100 may be too small to handle up/down via. Note, that minimum requirements are "wire/via-down 0.100" & "wire/via-up 0.122". (ZRT-026)
Via on layer (VIA7) needs more than one tracks
Warning: Layer M7 default pitch 0.100 may be too small to handle up/down via. Note, that minimum requirements are "wire/via-down 0.100" & "wire/via-up 0.105". (ZRT-026)
Wire on layer (M8) needs more than one tracks
Via on layer (VIA7) needs more than one tracks
Via on layer (VIA8) needs more than one tracks
Warning: Layer M8 default pitch 0.100 may be too small to handle up/down via. Note, that minimum requirements are "wire/via-down 0.105" & "wire/via-up 0.135". (ZRT-026)
Wire on layer (M9) needs more than one tracks
Via on layer (VIA8) needs more than one tracks
Via on layer (VIARDL) needs more than one tracks
Warning: Layer M9 default pitch 0.100 may be too small to handle up/down via. Note, that minimum requirements are "wire/via-down 0.135" & "wire/via-up 1.570". (ZRT-026)
Via on layer (VIARDL) needs more than one tracks
Warning: Layer MRDL default pitch 4.000 may be too small to handle up/down via. Note, that minimum requirements are "wire/via-down 4.500" & "wire/via-up 4.000". (ZRT-026)
Transition layer name: M7(6)
Transition layer name: M8(7)
Information: When applicable Min-max layer allow_pin_connection mode will allow paths of length 0.90 outside the layer range. (ZRT-707)
Information: When applicable Min-max layer allow_pin_connection mode will allow paths of length 0.90 outside the layer range on clock nets. (ZRT-718)
Information: When applicable layer based tapering will taper up to 0.00 in distance from the pin. (ZRT-706)
Warning: Standard cell pin SAEDRVT14_ADDH_0P5/CO has no valid via regions. (ZRT-044)
Warning: Standard cell pin SAEDRVT14_OA21B_1/X has no valid via regions. (ZRT-044)
Warning: Cell dut_processing_control_INST/in0_en_r_reg is placed overlapping with other cells at {{30.331 10.210} {32.477 10.810}}. (ZRT-763)
Start Global Route ... 
[Init] Elapsed real time: 0:00:00 
[Init] Elapsed cpu  time: sys=0:00:00 usr=0:00:00 total=0:00:00
[Init] Stage (MB): Used    0  Alloctr    0  Proc    0 
[Init] Total (MB): Used   52  Alloctr   53  Proc 6174 
Printing options for 'route.common.*'
common.clock_topology                                   :	 normal              
common.single_connection_to_pins                        :	 off                 

Printing options for 'route.global.*'
global.crosstalk_driven                                 :	 false               
global.deterministic                                    :	 on                  

Begin global routing.
Constructing data structure ...
Design statistics:
Design Bounding Box (-0.60um,-0.60um,45.17um,94.40um)
Number of routing layers = 10
layer M1, dir Hor, min width = 0.034um, min space = 0.026um pitch = 0.074um
layer M2, dir Ver, min width = 0.034um, min space = 0.026um pitch = 0.06um
layer M3, dir Hor, min width = 0.034um, min space = 0.026um pitch = 0.074um
layer M4, dir Ver, min width = 0.06um, min space = 0.04um pitch = 0.1um
layer M5, dir Hor, min width = 0.06um, min space = 0.04um pitch = 0.1um
layer M6, dir Ver, min width = 0.06um, min space = 0.04um pitch = 0.1um
layer M7, dir Hor, min width = 0.06um, min space = 0.04um pitch = 0.1um
layer M8, dir Ver, min width = 0.06um, min space = 0.04um pitch = 0.1um
layer M9, dir Hor, min width = 0.06um, min space = 0.04um pitch = 0.1um
layer MRDL, dir Ver, min width = 2um, min space = 2um pitch = 4um
Current Stage stats:
[End of Build Tech Data] Elapsed real time: 0:00:00 
[End of Build Tech Data] Elapsed cpu  time: sys=0:00:00 usr=0:00:00 total=0:00:00
[End of Build Tech Data] Stage (MB): Used    1  Alloctr    1  Proc    0 
[End of Build Tech Data] Total (MB): Used   58  Alloctr   58  Proc 6174 
Net statistics:
Total number of nets to route for block pin placement     = 168
Number of interface nets to route for block pin placement = 168
Net length statistics: 
Net Count(Ignore Fully Rted) 336, Total Half Perimeter Wire Length (HPWL) 14347 microns
HPWL   0 ~   50 microns: Net Count      200	Total HPWL         1585 microns
HPWL  50 ~  100 microns: Net Count      136	Total HPWL        12762 microns
HPWL 100 ~  200 microns: Net Count        0	Total HPWL            0 microns
HPWL 200 ~  300 microns: Net Count        0	Total HPWL            0 microns
HPWL 300 ~  400 microns: Net Count        0	Total HPWL            0 microns
HPWL 400 ~  500 microns: Net Count        0	Total HPWL            0 microns
HPWL 500 ~  600 microns: Net Count        0	Total HPWL            0 microns
HPWL 600 ~  700 microns: Net Count        0	Total HPWL            0 microns
HPWL 700 ~  800 microns: Net Count        0	Total HPWL            0 microns
HPWL 800 ~  900 microns: Net Count        0	Total HPWL            0 microns
HPWL 900 ~ 1000 microns: Net Count        0	Total HPWL            0 microns
HPWL     > 1000 microns: Net Count        0	Total HPWL            0 microns
Current Stage stats:
[End of Build All Nets] Elapsed real time: 0:00:00 
[End of Build All Nets] Elapsed cpu  time: sys=0:00:00 usr=0:00:00 total=0:00:00
[End of Build All Nets] Stage (MB): Used    0  Alloctr    0  Proc  -32 
[End of Build All Nets] Total (MB): Used   59  Alloctr   59  Proc 6142 
Number of partitions: 1 (1 x 1)
Size of partitions: 40 gCells x 81 gCells
Average gCell capacity  15.83	 on layer (1)	 M1
Average gCell capacity  19.02	 on layer (2)	 M2
Average gCell capacity  15.83	 on layer (3)	 M3
Average gCell capacity  11.40	 on layer (4)	 M4
Average gCell capacity  11.70	 on layer (5)	 M5
Average gCell capacity  11.40	 on layer (6)	 M6
Average gCell capacity  11.70	 on layer (7)	 M7
Average gCell capacity  11.40	 on layer (8)	 M8
Average gCell capacity  11.70	 on layer (9)	 M9
Average gCell capacity  0.25	 on layer (10)	 MRDL
Average number of tracks per gCell 15.86	 on layer (1)	 M1
Average number of tracks per gCell 19.08	 on layer (2)	 M2
Average number of tracks per gCell 15.86	 on layer (3)	 M3
Average number of tracks per gCell 11.45	 on layer (4)	 M4
Average number of tracks per gCell 11.73	 on layer (5)	 M5
Average number of tracks per gCell 11.45	 on layer (6)	 M6
Average number of tracks per gCell 11.73	 on layer (7)	 M7
Average number of tracks per gCell 11.45	 on layer (8)	 M8
Average number of tracks per gCell 11.73	 on layer (9)	 M9
Average number of tracks per gCell 0.30	 on layer (10)	 MRDL
Number of gCells = 32400
Current Stage stats:
[End of Build Congestion Map] Elapsed real time: 0:00:00 
[End of Build Congestion Map] Elapsed cpu  time: sys=0:00:00 usr=0:00:00 total=0:00:00
[End of Build Congestion Map] Stage (MB): Used    1  Alloctr    1  Proc    0 
[End of Build Congestion Map] Total (MB): Used   60  Alloctr   61  Proc 6142 
Number of partitions: 1 (1 x 1)
Size of partitions: 40 gCells x 81 gCells
Current Stage stats:
[End of Add Nets Demand] Elapsed real time: 0:00:00 
[End of Add Nets Demand] Elapsed cpu  time: sys=0:00:00 usr=0:00:00 total=0:00:00
[End of Add Nets Demand] Stage (MB): Used    0  Alloctr    0  Proc    0 
[End of Add Nets Demand] Total (MB): Used   60  Alloctr   61  Proc 6142 
Number of user frozen nets = 0
Total stats:
[End of Build Data] Elapsed real time: 0:00:00 
[End of Build Data] Elapsed cpu  time: sys=0:00:00 usr=0:00:00 total=0:00:00
[End of Build Data] Stage (MB): Used    3  Alloctr    3  Proc  -32 
[End of Build Data] Total (MB): Used   60  Alloctr   61  Proc 6142 
Number of partitions: 1 (1 x 1)
Size of partitions: 40 gCells x 81 gCells
Current Stage stats:
[End of Blocked Pin Detection] Elapsed real time: 0:00:00 
[End of Blocked Pin Detection] Elapsed cpu  time: sys=0:00:00 usr=0:00:00 total=0:00:00
[End of Blocked Pin Detection] Stage (MB): Used   12  Alloctr   12  Proc    0 
[End of Blocked Pin Detection] Total (MB): Used   72  Alloctr   73  Proc 6142 
Information: Using 12 threads for routing. (ZRT-444)
Information: Buffer distance is estimated to be ~271.0000um (225 gCells)

Start GR phase 0
Number of partitions: 1 (1 x 1)
Size of partitions: 40 gCells x 81 gCells
[rtTop] Elapsed real time: 0:00:00 
[rtTop] Elapsed cpu  time: sys=0:00:00 usr=0:00:00 total=0:00:00
Current Stage stats:
[End of Initial Routing] Elapsed real time: 0:00:00 
[End of Initial Routing] Elapsed cpu  time: sys=0:00:00 usr=0:00:00 total=0:00:00
[End of Initial Routing] Stage (MB): Used    0  Alloctr    0  Proc    0 
[End of Initial Routing] Total (MB): Used   72  Alloctr   73  Proc 6142 
Initial. Routing result:
Initial. Both Dirs: Dmd-Cap  =     0 Max = 0 GRCs =     0 (0.00%)
Initial. H routing: Dmd-Cap  =     0 Max = 0 (GRCs =  0) GRCs =     0 (0.00%)
Initial. V routing: Dmd-Cap  =     0 Max = 0 (GRCs =  0) GRCs =     0 (0.00%)
Initial. Both Dirs: Overflow =     0 Max = 0 GRCs =     0 (0.00%)
Initial. H routing: Overflow =     0 Max = 0 (GRCs =  0) GRCs =     0 (0.00%)
Initial. V routing: Overflow =     0 Max = 0 (GRCs =  0) GRCs =     0 (0.00%)
Initial. M1         Overflow =     0 Max = 0 (GRCs =  0) GRCs =     0 (0.00%)
Initial. M2         Overflow =     0 Max = 0 (GRCs =  0) GRCs =     0 (0.00%)
Initial. M3         Overflow =     0 Max = 0 (GRCs =  0) GRCs =     0 (0.00%)
Initial. M4         Overflow =     0 Max = 0 (GRCs =  0) GRCs =     0 (0.00%)
Initial. M5         Overflow =     0 Max = 0 (GRCs =  0) GRCs =     0 (0.00%)
Initial. M6         Overflow =     0 Max = 0 (GRCs =  0) GRCs =     0 (0.00%)
Initial. M7         Overflow =     0 Max = 0 (GRCs =  0) GRCs =     0 (0.00%)
Initial. M8         Overflow =     0 Max = 0 (GRCs =  0) GRCs =     0 (0.00%)
Initial. M9         Overflow =     0 Max = 0 (GRCs =  0) GRCs =     0 (0.00%)
Initial. MRDL       Overflow =     0 Max = 0 (GRCs =  0) GRCs =     0 (0.00%)

Initial. Total Wire Length = 2571.80
Initial. Layer M1 wire length = 0.00
Initial. Layer M2 wire length = 451.53
Initial. Layer M3 wire length = 2120.27
Initial. Layer M4 wire length = 0.00
Initial. Layer M5 wire length = 0.00
Initial. Layer M6 wire length = 0.00
Initial. Layer M7 wire length = 0.00
Initial. Layer M8 wire length = 0.00
Initial. Layer M9 wire length = 0.00
Initial. Layer MRDL wire length = 0.00
Initial. Total Number of Contacts = 186
Initial. Via VIA1_Base count = 51
Initial. Via VIA2_Base count = 135
Initial. Via VIA34SQ_C count = 0
Initial. Via VIA4SQ count = 0
Initial. Via VIA5SQ_C count = 0
Initial. Via VIA67SQ_C count = 0
Initial. Via VIA78SQ_C count = 0
Initial. Via VIA89_C count = 0
Initial. Via VIA9RDL count = 0
Initial. completed.
[End of Whole Chip Routing] Elapsed real time: 0:00:00 
[End of Whole Chip Routing] Elapsed cpu  time: sys=0:00:00 usr=0:00:00 total=0:00:00
[End of Whole Chip Routing] Stage (MB): Used   15  Alloctr   15  Proc  -32 
[End of Whole Chip Routing] Total (MB): Used   72  Alloctr   73  Proc 6142 
[End of Global Routing] Elapsed real time: 0:00:00 
[End of Global Routing] Elapsed cpu  time: sys=0:00:00 usr=0:00:00 total=0:00:00
[End of Global Routing] Stage (MB): Used   14  Alloctr   14  Proc  -32 
[End of Global Routing] Total (MB): Used   71  Alloctr   72  Proc 6142 
[End of dbOut] Elapsed real time: 0:00:00 
[End of dbOut] Elapsed cpu  time: sys=0:00:00 usr=0:00:00 total=0:00:00
[End of dbOut] Stage (MB): Used    0  Alloctr    0  Proc    0 
[End of dbOut] Total (MB): Used   61  Alloctr   62  Proc 6142 
CPU Time for Global Route: 00:00:00.49u 00:00:00.03s 00:00:00.47e: 
Number of block ports: 170
Number of block pin locations assigned from router: 168
CPU Time for Pin Preparation: 00:00:00.00u 00:00:00.00s 00:00:00.00e: 
Number of PG ports on blocks: 0
Number of pins created: 170
CPU Time for Pin Creation: 00:00:00.01u 00:00:00.00s 00:00:00.01e: 
Total Pin Placement CPU Time: 00:00:00.50u 00:00:00.03s 00:00:00.48e: 
Information: Result of compile_fusion / logic_opto / Auto-Floorplan (2) (FLW-8500)
Information: Auto-Floorplan Summary (AFP-2023)
-------------------------------------------------------------------------------
              origin           area     boundary
core  auto-floorplan        1813.12   { {10 10} {10 83.8} {34.568 83.8} {34.568 10} }
die   auto-floorplan        4180.48   { {0 0} {0 93.8} {44.568 93.8} {44.568 0} }
-------------------------------------------------------------------------------

-------------------------------------------------------------------------------
objects             total        candidates          modified         preserved                 
voltage areas           0                 0                 0                 0
ios                     0                 0                 0                 0
macros                  0                 0                 0                 0
pins                  170               170               167                 3
-------------------------------------------------------------------------------
Information: Ending   compile_fusion / logic_opto / Auto-Floorplan (2) (FLW-8001)
Information: Time: 2025-06-04 15:44:55 / Session:  00:01:32 / Command:  00:00:34 / CPU:  00:00:49 / Memory: 1568 MB (FLW-8100)
Information: CPU Load: 17%, Ram Free: 44 GB, Swap Free: 1 GB, Work Disk Free: 308 GB, Tmp Disk Free: 308 GB (MSG-3995)
Information: Starting compile_fusion / logic_opto / Secondary PG connections (FLW-8000)
Information: Time: 2025-06-04 15:44:55 / Session:  00:01:32 / Command:  00:00:34 / CPU:  00:00:49 / Memory: 1568 MB (FLW-8100)
Information: CPU Load: 17%, Ram Free: 44 GB, Swap Free: 1 GB, Work Disk Free: 308 GB, Tmp Disk Free: 308 GB (MSG-3995)
Information: Secondary PG:  Secondary PG connections skipped because it is not a UPF design (FLW-1247)
Information: Ending   compile_fusion / logic_opto / Secondary PG connections (FLW-8001)
Information: Time: 2025-06-04 15:44:55 / Session:  00:01:32 / Command:  00:00:34 / CPU:  00:00:49 / Memory: 1568 MB (FLW-8100)
Information: CPU Load: 17%, Ram Free: 44 GB, Swap Free: 1 GB, Work Disk Free: 308 GB, Tmp Disk Free: 308 GB (MSG-3995)
Compile-fusion optimization summary            SETUP-COST    R2R-COST HOLD-COST LDRC-COST          AREA     LEAKAGE     INSTCNT            ELAPSE       MEM
Compile-fusion                                          -           -         -         -        908.29           -        1171              0.03      1568
Information: Ending   compile_fusion / logic_opto (FLW-8001)
Information: Time: 2025-06-04 15:44:55 / Session:  00:01:32 / Command:  00:00:34 / CPU:  00:00:49 / Memory: 1568 MB (FLW-8100)
Information: CPU Load: 17%, Ram Free: 44 GB, Swap Free: 1 GB, Work Disk Free: 308 GB, Tmp Disk Free: 308 GB (MSG-3995)

Information: >>>>>>> 9 unique error and warning message tags while observing compile_fusion / logic_opto: (MSG-3100)
Information: #prnt #trgr #lmt    Tag  Level     Format (or last printed message)                                (MSG-3036)
Information:     4     2  0 FLW-2224  WARNING   Warning: Duplicate callback function set for step 'fc/logic_... (MSG-3032)
Information:   115   248  5 SQM-1079  WARNING   Warning: Skipping check for single_bit_degenerate attribute ... (MSG-3032)
Information:   230   496 10 SQM-1061  WARNING   Warning: Cannot infer functionality of libcell 'saed14rvt_ff... (MSG-3032)
Information:    59    31 10 SQM-1053  WARNING   Warning: Found 8 multibit sequential library cells that have... (MSG-3032)
Information:     3     2  0 ZRT-511   WARNING   Warning: Cell contains tie connections which are not connect... (MSG-3032)
Information:    15    10  0 ZRT-026   WARNING   Warning: Layer MRDL default pitch 4.000 may be too small to ... (MSG-3032)
Information:     3     2  0 ZRT-763   WARNING   Warning: Cell dut_processing_control_INST/in0_en_r_reg is pl... (MSG-3032)
Information:     1     1 10 POW-030   WARNING   Warning: Net 'dut_fifo_INST/fifo_wptr_nxt_c[1]' is already c... (MSG-3032)
Information:    25     6  0 OPT-902   WARNING   Warning: No clock routing rules were specified. Use set_cloc... (MSG-3032)
Information:   455   798  4        9  <------   Total sum of messages (MSG-3038)
Information: >>>>>>> Summary: 798 error&warning MSGs observed during compile_fusion / logic_opto (MSG-3103)

Scenario Normal_Typical is cellEm
Scenario PowerSave_Typical is cellEm
Information: The stitching and editing of coupling caps is turned OFF for design 'dut_toplevel.dlib:dut_toplevel/auto_floorplan.design'. (TIM-125)
Info: update em.
Information: Activity propagation will be performed for scenario Normal_Fast.
Information: Doing activity propagation for mode 'Normal' and corner 'Fast' with effort level 'medium'. (POW-024)
Information: Timer-derived activity data is cached on scenario Normal_Fast (POW-052)
Information: Running switching activity propagation with 12 threads!

 **** Information : No. of simulation cycles = 6 ****
Information: Propagated activity on scenario Normal_Slow identical to that on Normal_Fast (POW-006)
Information: Propagated activity on scenario Normal_Typical identical to that on Normal_Fast (POW-006)
Information: Activity propagation will be performed for scenario PowerSave_Fast.
Information: Doing activity propagation for mode 'PowerSave' and corner 'Fast' with effort level 'medium'. (POW-024)
Information: Timer-derived activity data is cached on scenario PowerSave_Fast (POW-052)
Information: Running switching activity propagation with 12 threads!

 **** Information : No. of simulation cycles = 6 ****
Information: Propagated activity on scenario PowerSave_Slow identical to that on PowerSave_Fast (POW-006)
Information: Propagated activity on scenario PowerSave_Typical identical to that on PowerSave_Fast (POW-006)
Information: Activity for scenario Normal_Fast was cached, no propagation required. (POW-005)
Information: Activity for scenario Normal_Slow was cached, no propagation required. (POW-005)
Information: Activity for scenario Normal_Typical was cached, no propagation required. (POW-005)
Information: Activity for scenario PowerSave_Fast was cached, no propagation required. (POW-005)
Information: Activity for scenario PowerSave_Slow was cached, no propagation required. (POW-005)
Information: Activity for scenario PowerSave_Typical was cached, no propagation required. (POW-005)
CTS Cell EM initialization finished
Scenario Normal_Typical is cellEm
Scenario PowerSave_Typical is cellEm
Info: update em.
Information: Activity for scenario Normal_Fast was cached, no propagation required. (POW-005)
Information: Activity for scenario Normal_Slow was cached, no propagation required. (POW-005)
Information: Activity for scenario Normal_Typical was cached, no propagation required. (POW-005)
Information: Activity for scenario PowerSave_Fast was cached, no propagation required. (POW-005)
CTS Cell EM initialization finished
Warning: No clock routing rules were specified. Use set_clock_routing_rules to specify routing rules for accurate clock latency estimation. (OPT-902)
Warning: No clock routing rules were specified. Use set_clock_routing_rules to specify routing rules for accurate clock latency estimation. (OPT-902)
Information: Estimating clock gate latencies for scenario 'PowerSave_Typical'. (OPT-909)
Warning: No clock routing rules were specified. Use set_clock_routing_rules to specify routing rules for accurate clock latency estimation. (OPT-902)
Information: Estimating clock gate latencies for scenario 'PowerSave_Slow'. (OPT-909)
Warning: No clock routing rules were specified. Use set_clock_routing_rules to specify routing rules for accurate clock latency estimation. (OPT-902)
Information: Estimating clock gate latencies for scenario 'PowerSave_Fast'. (OPT-909)
Warning: No clock routing rules were specified. Use set_clock_routing_rules to specify routing rules for accurate clock latency estimation. (OPT-902)
Information: Estimating clock gate latencies for scenario 'Normal_Typical'. (OPT-909)
Warning: No clock routing rules were specified. Use set_clock_routing_rules to specify routing rules for accurate clock latency estimation. (OPT-902)
Information: Estimating clock gate latencies for scenario 'Normal_Slow'. (OPT-909)
Warning: No clock routing rules were specified. Use set_clock_routing_rules to specify routing rules for accurate clock latency estimation. (OPT-902)
Information: Estimating clock gate latencies for scenario 'Normal_Fast'. (OPT-909)
Information: 2 out of 12 POW-005 messages were not printed due to limit 10 (after 'compile_fusion' at task4.tcl:55) (MSG-3913)
Information: Summary of UPF Cells (UPF-532)
*******************************************************************************
                            Summary of UPF Cells                               
*******************************************************************************
This is NOT a UPF design.
UPF is NOT loaded.
UPF is NOT committed.
-------------------------------------------------------------------------------
*******************************************************************************
                        End of Summary of UPF Cells                            
*******************************************************************************
[Tim-Power] Info: Cleared Leakage libCell cache.
Information: Timer using 12 threads
INFO: End environment monitoring: recipes
INFO: Restored 0 timer status, 3 app options, 0 tcl gvars, 0 env vars
Information: >>>>>>> 11 unique error and warning message tags while observing fusion: (MSG-3100)
Information: #prnt #trgr #lmt    Tag  Level     Format (or last printed message)                                (MSG-3036)
Information:     4     2  0 FLW-2224  WARNING   Warning: Duplicate callback function set for step 'fc/logic_... (MSG-3032)
Information:   115   264  5 SQM-1079  WARNING   Warning: Skipping check for single_bit_degenerate attribute ... (MSG-3032)
Information:     2     1  1 SQM-1074  WARNING   Warning: Shift register Inferencing is enabled so only head ... (MSG-3032)
Information:   230   528 10 SQM-1061  WARNING   Warning: Cannot infer functionality of libcell 'saed14rvt_ff... (MSG-3032)
Information:    59    33 10 SQM-1053  WARNING   Warning: Found 8 multibit sequential library cells that have... (MSG-3032)
Information:     2     1  1 SQM-1034  WARNING   Warning: No cell bus will be mapped to multibit because mult... (MSG-3032)
Information:     3     2  0 ZRT-511   WARNING   Warning: Cell contains tie connections which are not connect... (MSG-3032)
Information:    15    10  0 ZRT-026   WARNING   Warning: Layer MRDL default pitch 4.000 may be too small to ... (MSG-3032)
Information:     3     2  0 ZRT-763   WARNING   Warning: Cell dut_processing_control_INST/in0_en_r_reg is pl... (MSG-3032)
Information:     1     1 10 POW-030   WARNING   Warning: Net 'dut_fifo_INST/fifo_wptr_nxt_c[1]' is already c... (MSG-3032)
Information:    32     8  0 OPT-902   WARNING   Warning: No clock routing rules were specified. Use set_cloc... (MSG-3032)
Information:   466   852  6       11  <------   Total sum of messages (MSG-3038)
Information: >>>>>>> Summary: 852 error&warning MSGs observed during fusion (MSG-3103)
Information: Ending   'compile_fusion -to logic_opto' (FLW-8001)
Information: Time: 2025-06-04 15:45:01 / Session:  00:01:38 / Command:  00:00:40 / CPU:  00:01:13 / Memory: 1568 MB (FLW-8100)
Information: CPU Load: 19%, Ram Free: 44 GB, Swap Free: 1 GB, Work Disk Free: 308 GB, Tmp Disk Free: 308 GB (MSG-3995)
1
make_layout_screenshot automatic_constraints_compiled
Load ICV ICCII menu file: /eda/synopsys/2023-24/RHELx86/ICV_2023.12/etc/tcl-u/Icc2Menu.tcl
 + VUE INFO: Found a usable port: 2446

To restart the GUI, type 'gui_start'.
# Block pin constraints
set_block_pin_constraints -self \
    -allowed_layers {M2 M3} \
    -sides {1 2 3} \
    -pin_spacing_distance 1 \
    -width 0.19 \
    -length 0.19
Information: Block pin constraints pin_spacing_distance, allowed_layers, sides are set for top block dut_toplevel/auto_floorplan. (DPPA-403)
1
report_block_pin_constraints -self
****************************************
Report : report_block_pin_constraints
Design : dut_toplevel
Version: V-2023.12
Date   : Wed Jun  4 15:45:02 2025
****************************************

  Pin constraints report on blocks 
  ========================================

    block dut_toplevel :
      feedthroughs allowed: false
      corner_keepout_num_tracks: 5
      pin_spacing_distance: 1.0000 
      allowed_layers: M2 M3
      sides: 1 2 3
      hard_constraints: off
      stacking_allowed: any
      length: 0.19
      width: 0.19

1
make_layout_screenshot automatic_block_pin_constraints
Load ICV ICCII menu file: /eda/synopsys/2023-24/RHELx86/ICV_2023.12/etc/tcl-u/Icc2Menu.tcl
 + VUE INFO: Found a usable port: 2446

To restart the GUI, type 'gui_start'.
compile_fusion -to logic_opto
INFO: compile_fusion is running in balanced flow mode.
Information: Starting 'compile_fusion -to logic_opto' (FLW-8000)
Information: Time: 2025-06-04 15:45:04 / Session:  00:01:41 / Command:  00:00:00 / CPU:  00:00:00 / Memory: 1654 MB (FLW-8100)
Information: CPU Load: 19%, Ram Free: 44 GB, Swap Free: 1 GB, Work Disk Free: 308 GB, Tmp Disk Free: 308 GB (MSG-3995)
CPU Load: 19%, Ram Free: 44 GB, Swap Free: 1 GB, Work Disk Free: 308 GB, Tmp Disk Free: 308 GB
INFO: Start environment monitoring: recipes
INFO: compile_fusion is running in balanced flow mode.
Warning: Cannot infer functionality of libcell 'saed14rvt_ff0p88v125c/SAEDRVT14_FDNRBSBQ_V2_0P5' and will be excluded from sequential mapping. (SQM-1061)
Warning: Cannot infer functionality of libcell 'saed14rvt_ff0p88v125c/SAEDRVT14_FDNRBSBQ_V2_1' and will be excluded from sequential mapping. (SQM-1061)
Warning: Cannot infer functionality of libcell 'saed14rvt_ff0p88v125c/SAEDRVT14_FDNRBSBQ_V2_2' and will be excluded from sequential mapping. (SQM-1061)
Warning: Cannot infer functionality of libcell 'saed14rvt_ff0p88v125c/SAEDRVT14_FDNRBSBQ_V2_4' and will be excluded from sequential mapping. (SQM-1061)
Warning: Cannot infer functionality of libcell 'saed14rvt_ff0p88v125c/SAEDRVT14_FDPRBSBQ_V2_0P5' and will be excluded from sequential mapping. (SQM-1061)
Warning: Cannot infer functionality of libcell 'saed14rvt_ff0p88v125c/SAEDRVT14_FDPRBSBQ_V2_1' and will be excluded from sequential mapping. (SQM-1061)
Warning: Cannot infer functionality of libcell 'saed14rvt_ff0p88v125c/SAEDRVT14_FDPRBSBQ_V2_2' and will be excluded from sequential mapping. (SQM-1061)
Warning: Cannot infer functionality of libcell 'saed14rvt_ff0p88v125c/SAEDRVT14_FDPRBSBQ_V2_4' and will be excluded from sequential mapping. (SQM-1061)
Warning: Cannot infer functionality of libcell 'saed14rvt_ff0p88v125c/SAEDRVT14_FSDPRBSBQ_V2LP_0P5' and will be excluded from sequential mapping. (SQM-1061)
Warning: Cannot infer functionality of libcell 'saed14rvt_ff0p88v125c/SAEDRVT14_FSDPRBSBQ_V2LP_2' and will be excluded from sequential mapping. (SQM-1061)
Warning: Skipping check for single_bit_degenerate attribute on the multibit libcell 'saed14rvt_ff0p88v125c/SAEDRVT14_FSDN2_V2_0P5' since it is not a black-box. (SQM-1079)
Information: No single-bit representative was found for multibit lib cell 'saed14rvt_ff0p88v125c/SAEDRVT14_FSDN2_V2_0P5'. (SQM-2004)
Warning: Skipping check for single_bit_degenerate attribute on the multibit libcell 'saed14rvt_ff0p88v125c/SAEDRVT14_FSDN2_V2_1' since it is not a black-box. (SQM-1079)
Information: No single-bit representative was found for multibit lib cell 'saed14rvt_ff0p88v125c/SAEDRVT14_FSDN2_V2_1'. (SQM-2004)
Warning: Skipping check for single_bit_degenerate attribute on the multibit libcell 'saed14rvt_ff0p88v125c/SAEDRVT14_FSDN2_V2_2' since it is not a black-box. (SQM-1079)
Information: No single-bit representative was found for multibit lib cell 'saed14rvt_ff0p88v125c/SAEDRVT14_FSDN2_V2_2'. (SQM-2004)
Warning: Skipping check for single_bit_degenerate attribute on the multibit libcell 'saed14rvt_ff0p88v125c/SAEDRVT14_FSDN2_V2_4' since it is not a black-box. (SQM-1079)
Information: No single-bit representative was found for multibit lib cell 'saed14rvt_ff0p88v125c/SAEDRVT14_FSDN2_V2_4'. (SQM-2004)
Warning: Skipping check for single_bit_degenerate attribute on the multibit libcell 'saed14rvt_ff0p88v125c/SAEDRVT14_FSDN4_V2_0P5' since it is not a black-box. (SQM-1079)
Information: No single-bit representative was found for multibit lib cell 'saed14rvt_ff0p88v125c/SAEDRVT14_FSDN4_V2_0P5'. (SQM-2004)
Information: No single-bit representative was found for multibit lib cell 'saed14rvt_ff0p88v125c/SAEDRVT14_FSDN4_V2_1'. (SQM-2004)
Information: No single-bit representative was found for multibit lib cell 'saed14rvt_ff0p88v125c/SAEDRVT14_FSDN4_V2_2'. (SQM-2004)
Information: No single-bit representative was found for multibit lib cell 'saed14rvt_ff0p88v125c/SAEDRVT14_FSDN4_V2_4'. (SQM-2004)
Warning: Found 8 multibit sequential library cells that have missing/added attributes or have restrictions that prevent them from banking. (SQM-1053)
0 sequential multibit library cells have restrictions (dont_use or dont_touch).
8 sequential multibit library cells have missing sequential mapping relevant attributes
Information: 6 out of 16 SQM-1061 messages were not printed due to limit 10 (after 'compile_fusion' at task4.tcl:68) (MSG-3913)
Information: 3 out of 8 SQM-1079 messages were not printed due to limit 5 (after 'compile_fusion' at task4.tcl:68) (MSG-3913)
Information: The automatic clock gate timing flow is activated. Clock latencies set on clock gate cells will be automatically adjusted by an estimate for latency. (CGT-4005)
----------------------------------------------------------------------------------------------------------
Information: Starting compile_fusion / initial_map (FLW-8000)
Information: Time: 2025-06-04 15:45:05 / Session:  00:01:42 / Command:  00:00:00 / CPU:  00:00:01 / Memory: 1654 MB (FLW-8100)
Information: CPU Load: 19%, Ram Free: 44 GB, Swap Free: 1 GB, Work Disk Free: 308 GB, Tmp Disk Free: 308 GB (MSG-3995)
----------------------------------------------------------------------------------------------------------
Information: Starting compile_fusion / initial_map / Load Design (FLW-8000)
Information: Time: 2025-06-04 15:45:05 / Session:  00:01:42 / Command:  00:00:00 / CPU:  00:00:01 / Memory: 1654 MB (FLW-8100)
Information: CPU Load: 19%, Ram Free: 44 GB, Swap Free: 1 GB, Work Disk Free: 308 GB, Tmp Disk Free: 308 GB (MSG-3995)
Warning: Cannot infer functionality of libcell 'saed14rvt_ff0p88v125c/SAEDRVT14_FDNRBSBQ_V2_0P5' and will be excluded from sequential mapping. (SQM-1061)
Warning: Cannot infer functionality of libcell 'saed14rvt_ff0p88v125c/SAEDRVT14_FDNRBSBQ_V2_1' and will be excluded from sequential mapping. (SQM-1061)
Warning: Cannot infer functionality of libcell 'saed14rvt_ff0p88v125c/SAEDRVT14_FDNRBSBQ_V2_2' and will be excluded from sequential mapping. (SQM-1061)
Warning: Cannot infer functionality of libcell 'saed14rvt_ff0p88v125c/SAEDRVT14_FDNRBSBQ_V2_4' and will be excluded from sequential mapping. (SQM-1061)
Warning: Cannot infer functionality of libcell 'saed14rvt_ff0p88v125c/SAEDRVT14_FDPRBSBQ_V2_0P5' and will be excluded from sequential mapping. (SQM-1061)
Warning: Cannot infer functionality of libcell 'saed14rvt_ff0p88v125c/SAEDRVT14_FDPRBSBQ_V2_1' and will be excluded from sequential mapping. (SQM-1061)
Warning: Cannot infer functionality of libcell 'saed14rvt_ff0p88v125c/SAEDRVT14_FDPRBSBQ_V2_2' and will be excluded from sequential mapping. (SQM-1061)
Warning: Cannot infer functionality of libcell 'saed14rvt_ff0p88v125c/SAEDRVT14_FDPRBSBQ_V2_4' and will be excluded from sequential mapping. (SQM-1061)
Warning: Cannot infer functionality of libcell 'saed14rvt_ff0p88v125c/SAEDRVT14_FSDPRBSBQ_V2LP_0P5' and will be excluded from sequential mapping. (SQM-1061)
Warning: Cannot infer functionality of libcell 'saed14rvt_ff0p88v125c/SAEDRVT14_FSDPRBSBQ_V2LP_2' and will be excluded from sequential mapping. (SQM-1061)
Warning: Skipping check for single_bit_degenerate attribute on the multibit libcell 'saed14rvt_ff0p88v125c/SAEDRVT14_FSDN2_V2_0P5' since it is not a black-box. (SQM-1079)
Information: No single-bit representative was found for multibit lib cell 'saed14rvt_ff0p88v125c/SAEDRVT14_FSDN2_V2_0P5'. (SQM-2004)
Warning: Skipping check for single_bit_degenerate attribute on the multibit libcell 'saed14rvt_ff0p88v125c/SAEDRVT14_FSDN2_V2_1' since it is not a black-box. (SQM-1079)
Information: No single-bit representative was found for multibit lib cell 'saed14rvt_ff0p88v125c/SAEDRVT14_FSDN2_V2_1'. (SQM-2004)
Warning: Skipping check for single_bit_degenerate attribute on the multibit libcell 'saed14rvt_ff0p88v125c/SAEDRVT14_FSDN2_V2_2' since it is not a black-box. (SQM-1079)
Information: No single-bit representative was found for multibit lib cell 'saed14rvt_ff0p88v125c/SAEDRVT14_FSDN2_V2_2'. (SQM-2004)
Warning: Skipping check for single_bit_degenerate attribute on the multibit libcell 'saed14rvt_ff0p88v125c/SAEDRVT14_FSDN2_V2_4' since it is not a black-box. (SQM-1079)
Information: No single-bit representative was found for multibit lib cell 'saed14rvt_ff0p88v125c/SAEDRVT14_FSDN2_V2_4'. (SQM-2004)
Warning: Skipping check for single_bit_degenerate attribute on the multibit libcell 'saed14rvt_ff0p88v125c/SAEDRVT14_FSDN4_V2_0P5' since it is not a black-box. (SQM-1079)
Information: No single-bit representative was found for multibit lib cell 'saed14rvt_ff0p88v125c/SAEDRVT14_FSDN4_V2_0P5'. (SQM-2004)
Information: No single-bit representative was found for multibit lib cell 'saed14rvt_ff0p88v125c/SAEDRVT14_FSDN4_V2_1'. (SQM-2004)
Information: No single-bit representative was found for multibit lib cell 'saed14rvt_ff0p88v125c/SAEDRVT14_FSDN4_V2_2'. (SQM-2004)
Information: No single-bit representative was found for multibit lib cell 'saed14rvt_ff0p88v125c/SAEDRVT14_FSDN4_V2_4'. (SQM-2004)
Warning: Found 8 multibit sequential library cells that have missing/added attributes or have restrictions that prevent them from banking. (SQM-1053)
0 sequential multibit library cells have restrictions (dont_use or dont_touch).
8 sequential multibit library cells have missing sequential mapping relevant attributes
Information: 6 out of 16 SQM-1061 messages were not printed due to limit 10 (after 'compile_fusion' at task4.tcl:68) (MSG-3913)
Information: 3 out of 8 SQM-1079 messages were not printed due to limit 5 (after 'compile_fusion' at task4.tcl:68) (MSG-3913)
Information: Ending   compile_fusion / initial_map / Load Design (FLW-8001)
Information: Time: 2025-06-04 15:45:05 / Session:  00:01:43 / Command:  00:00:01 / CPU:  00:00:01 / Memory: 1654 MB (FLW-8100)
Information: CPU Load: 19%, Ram Free: 44 GB, Swap Free: 1 GB, Work Disk Free: 308 GB, Tmp Disk Free: 308 GB (MSG-3995)
Information: Starting compile_fusion / initial_map / MV Cell Insertion (FLW-8000)
Information: Time: 2025-06-04 15:45:05 / Session:  00:01:43 / Command:  00:00:01 / CPU:  00:00:01 / Memory: 1654 MB (FLW-8100)
Information: CPU Load: 19%, Ram Free: 44 GB, Swap Free: 1 GB, Work Disk Free: 308 GB, Tmp Disk Free: 308 GB (MSG-3995)
Information: Ending   compile_fusion / initial_map / MV Cell Insertion (FLW-8001)
Information: Time: 2025-06-04 15:45:05 / Session:  00:01:43 / Command:  00:00:01 / CPU:  00:00:01 / Memory: 1654 MB (FLW-8100)
Information: CPU Load: 19%, Ram Free: 44 GB, Swap Free: 1 GB, Work Disk Free: 308 GB, Tmp Disk Free: 308 GB (MSG-3995)
Information: Starting compile_fusion / initial_map / Logic Simplification (1) (FLW-8000)
Information: Time: 2025-06-04 15:45:05 / Session:  00:01:43 / Command:  00:00:01 / CPU:  00:00:01 / Memory: 1654 MB (FLW-8100)
Information: CPU Load: 19%, Ram Free: 44 GB, Swap Free: 1 GB, Work Disk Free: 308 GB, Tmp Disk Free: 308 GB (MSG-3995)
Information: Starting compile_fusion / initial_map / Logic Simplification (1) / Constant and Equal Register Detection (FLW-8000)
Information: Time: 2025-06-04 15:45:05 / Session:  00:01:43 / Command:  00:00:01 / CPU:  00:00:01 / Memory: 1654 MB (FLW-8100)
Information: CPU Load: 19%, Ram Free: 44 GB, Swap Free: 1 GB, Work Disk Free: 308 GB, Tmp Disk Free: 308 GB (MSG-3995)
Information: Register Bits Before Sharing = 328, After Sharing = 328, Savings = 0 (SQM-2000)
Information: Ending   compile_fusion / initial_map / Logic Simplification (1) / Constant and Equal Register Detection (FLW-8001)
Information: Time: 2025-06-04 15:45:08 / Session:  00:01:45 / Command:  00:00:04 / CPU:  00:00:04 / Memory: 1654 MB (FLW-8100)
Information: CPU Load: 18%, Ram Free: 44 GB, Swap Free: 1 GB, Work Disk Free: 308 GB, Tmp Disk Free: 308 GB (MSG-3995)
Information: Starting compile_fusion / initial_map / Logic Simplification (1) / Register Merging (FLW-8000)
Information: Time: 2025-06-04 15:45:08 / Session:  00:01:45 / Command:  00:00:04 / CPU:  00:00:04 / Memory: 1654 MB (FLW-8100)
Information: CPU Load: 18%, Ram Free: 44 GB, Swap Free: 1 GB, Work Disk Free: 308 GB, Tmp Disk Free: 308 GB (MSG-3995)
Information: Ending   compile_fusion / initial_map / Logic Simplification (1) / Register Merging (FLW-8001)
Information: Time: 2025-06-04 15:45:08 / Session:  00:01:45 / Command:  00:00:04 / CPU:  00:00:04 / Memory: 1654 MB (FLW-8100)
Information: CPU Load: 18%, Ram Free: 44 GB, Swap Free: 1 GB, Work Disk Free: 308 GB, Tmp Disk Free: 308 GB (MSG-3995)
Information: Starting compile_fusion / initial_map / Logic Simplification (1) / Constant Propagation and Register Optimization (FLW-8000)
Information: Time: 2025-06-04 15:45:08 / Session:  00:01:45 / Command:  00:00:04 / CPU:  00:00:04 / Memory: 1654 MB (FLW-8100)
Information: CPU Load: 18%, Ram Free: 44 GB, Swap Free: 1 GB, Work Disk Free: 308 GB, Tmp Disk Free: 308 GB (MSG-3995)
Information: Ending   compile_fusion / initial_map / Logic Simplification (1) / Constant Propagation and Register Optimization (FLW-8001)
Information: Time: 2025-06-04 15:45:08 / Session:  00:01:46 / Command:  00:00:04 / CPU:  00:00:05 / Memory: 1654 MB (FLW-8100)
Information: CPU Load: 18%, Ram Free: 44 GB, Swap Free: 1 GB, Work Disk Free: 308 GB, Tmp Disk Free: 308 GB (MSG-3995)
Information: Ending   compile_fusion / initial_map / Logic Simplification (1) (FLW-8001)
Information: Time: 2025-06-04 15:45:08 / Session:  00:01:46 / Command:  00:00:04 / CPU:  00:00:05 / Memory: 1654 MB (FLW-8100)
Information: CPU Load: 18%, Ram Free: 44 GB, Swap Free: 1 GB, Work Disk Free: 308 GB, Tmp Disk Free: 308 GB (MSG-3995)
Information: Starting compile_fusion / initial_map / High-Level Optimization and Technology Mapping (1) (FLW-8000)
Information: Time: 2025-06-04 15:45:09 / Session:  00:01:46 / Command:  00:00:04 / CPU:  00:00:05 / Memory: 1654 MB (FLW-8100)
Information: CPU Load: 18%, Ram Free: 44 GB, Swap Free: 1 GB, Work Disk Free: 308 GB, Tmp Disk Free: 308 GB (MSG-3995)
Information: Extraction observers are detached as design net change threshold is reached.
Information: Timer using 12 threads
Information: Ending   compile_fusion / initial_map / High-Level Optimization and Technology Mapping (1) (FLW-8001)
Information: Time: 2025-06-04 15:45:09 / Session:  00:01:46 / Command:  00:00:04 / CPU:  00:00:06 / Memory: 1654 MB (FLW-8100)
Information: CPU Load: 18%, Ram Free: 44 GB, Swap Free: 1 GB, Work Disk Free: 308 GB, Tmp Disk Free: 308 GB (MSG-3995)
Information: Starting compile_fusion / initial_map / High-Level Optimization and Technology Mapping (2) (FLW-8000)
Information: Time: 2025-06-04 15:45:09 / Session:  00:01:46 / Command:  00:00:04 / CPU:  00:00:06 / Memory: 1654 MB (FLW-8100)
Information: CPU Load: 18%, Ram Free: 44 GB, Swap Free: 1 GB, Work Disk Free: 308 GB, Tmp Disk Free: 308 GB (MSG-3995)
Warning: No cell bus will be mapped to multibit because multibit mapping has been disabled by user. (SQM-1034)
Warning: Shift register Inferencing is enabled so only head flop will be replaced with scan cell and not all registers in shift register chains are scan replaced. (SQM-1074)
Information: Ending   compile_fusion / initial_map / High-Level Optimization and Technology Mapping (2) (FLW-8001)
Information: Time: 2025-06-04 15:45:09 / Session:  00:01:46 / Command:  00:00:05 / CPU:  00:00:07 / Memory: 1654 MB (FLW-8100)
Information: CPU Load: 18%, Ram Free: 44 GB, Swap Free: 1 GB, Work Disk Free: 308 GB, Tmp Disk Free: 308 GB (MSG-3995)
Information: Starting compile_fusion / initial_map / DFT Core Wrapper Analysis (FLW-8000)
Information: Time: 2025-06-04 15:45:09 / Session:  00:01:46 / Command:  00:00:05 / CPU:  00:00:07 / Memory: 1654 MB (FLW-8100)
Information: CPU Load: 18%, Ram Free: 44 GB, Swap Free: 1 GB, Work Disk Free: 308 GB, Tmp Disk Free: 308 GB (MSG-3995)
Information: Ending   compile_fusion / initial_map / DFT Core Wrapper Analysis (FLW-8001)
Information: Time: 2025-06-04 15:45:09 / Session:  00:01:46 / Command:  00:00:05 / CPU:  00:00:07 / Memory: 1654 MB (FLW-8100)
Information: CPU Load: 18%, Ram Free: 44 GB, Swap Free: 1 GB, Work Disk Free: 308 GB, Tmp Disk Free: 308 GB (MSG-3995)
Information: Starting compile_fusion / initial_map / Logic Simplification (2) (FLW-8000)
Information: Time: 2025-06-04 15:45:09 / Session:  00:01:46 / Command:  00:00:05 / CPU:  00:00:07 / Memory: 1654 MB (FLW-8100)
Information: CPU Load: 18%, Ram Free: 44 GB, Swap Free: 1 GB, Work Disk Free: 308 GB, Tmp Disk Free: 308 GB (MSG-3995)
Information: Register Bits Before Sharing = 328, After Sharing = 328, Savings = 0 (SQM-2000)
Information: Starting compile_fusion / initial_map / Logic Simplification (2) / Constant Propagation and Register Optimization (FLW-8000)
Information: Time: 2025-06-04 15:45:09 / Session:  00:01:47 / Command:  00:00:05 / CPU:  00:00:08 / Memory: 1654 MB (FLW-8100)
Information: CPU Load: 18%, Ram Free: 44 GB, Swap Free: 1 GB, Work Disk Free: 308 GB, Tmp Disk Free: 308 GB (MSG-3995)
Information: Ending   compile_fusion / initial_map / Logic Simplification (2) / Constant Propagation and Register Optimization (FLW-8001)
Information: Time: 2025-06-04 15:45:09 / Session:  00:01:47 / Command:  00:00:05 / CPU:  00:00:08 / Memory: 1654 MB (FLW-8100)
Information: CPU Load: 18%, Ram Free: 44 GB, Swap Free: 1 GB, Work Disk Free: 308 GB, Tmp Disk Free: 308 GB (MSG-3995)
Information: Ending   compile_fusion / initial_map / Logic Simplification (2) (FLW-8001)
Information: Time: 2025-06-04 15:45:09 / Session:  00:01:47 / Command:  00:00:05 / CPU:  00:00:08 / Memory: 1654 MB (FLW-8100)
Information: CPU Load: 18%, Ram Free: 44 GB, Swap Free: 1 GB, Work Disk Free: 308 GB, Tmp Disk Free: 308 GB (MSG-3995)
Information: Result of compile_fusion / initial_map / Clock Gate Insertion (FLW-8500)
--------------------------------------------------------------------------------
|                             Clock Gating Options                             |
--------------------------------------------------------------------------------
|         Objects         |    Minimum Bitwidth     |      Maximum Fanout      |
--------------------------+-------------------------+---------------------------
|   top-level (design)    |          3 (d)          |      Unlimited (d)       |
--------------------------------------------------------------------------------

Number of Pre-Existing Clock Gates with dont touch attribute: 0
Number of ICG library cells with CTS purpose: 19
--------------------------------------------------------------------------------
                          Tool Gated Register Summary                           
--------------------------------------------------------------------------------
Clock Gating Type                   | Number of   | Register Count | Equivalent 
                                    | Clock Gates |                | Bitwidth   
--------------------------------------------------------------------------------
Regular Clock Gating                |          11 |            319 |        319
--------------------------------------------------------------------------------
--------------------------------------------------------------------------------
                 Regular Clock Gating Ungated Register Summary                  
--------------------------------------------------------------------------------
 Ungated Reason                                            | Count | Bitwidth   
--------------------------------------------------------------------------------
 Enable is Constant One.                                   |     2 |        2
 Partial Minimum Bitwidth Not Met.                         |     7 |        7
--------------------------------------------------------------------------------
Compile-fusion optimization summary            SETUP-COST    R2R-COST HOLD-COST LDRC-COST          AREA     LEAKAGE     INSTCNT            ELAPSE       MEM
Compile-fusion                                          -           -         -         -        908.29           -        1171              0.03      1653
Information: Ending   compile_fusion / initial_map (FLW-8001)
Information: Time: 2025-06-04 15:45:10 / Session:  00:01:47 / Command:  00:00:05 / CPU:  00:00:08 / Memory: 1654 MB (FLW-8100)
Information: CPU Load: 18%, Ram Free: 44 GB, Swap Free: 1 GB, Work Disk Free: 308 GB, Tmp Disk Free: 308 GB (MSG-3995)

Information: >>>>>>> 5 unique error and warning message tags while observing compile_fusion / initial_map: (MSG-3100)
Information: #prnt #trgr #lmt    Tag  Level     Format (or last printed message)                                (MSG-3036)
Information:   125     8  5 SQM-1079  WARNING   Warning: Skipping check for single_bit_degenerate attribute ... (MSG-3032)
Information:     3     1  1 SQM-1074  WARNING   Warning: Shift register Inferencing is enabled so only head ... (MSG-3032)
Information:   250    16 10 SQM-1061  WARNING   Warning: Cannot infer functionality of libcell 'saed14rvt_ff... (MSG-3032)
Information:    61     1 10 SQM-1053  WARNING   Warning: Found 8 multibit sequential library cells that have... (MSG-3032)
Information:     3     1  1 SQM-1034  WARNING   Warning: No cell bus will be mapped to multibit because mult... (MSG-3032)
Information:   442    27  5        5  <------   Total sum of messages (MSG-3038)
Information: >>>>>>> Summary: 27 error&warning MSGs observed during compile_fusion / initial_map (MSG-3103)

----------------------------------------------------------------------------------------------------------
Information: Starting compile_fusion / logic_opto (FLW-8000)
Information: Time: 2025-06-04 15:45:10 / Session:  00:01:47 / Command:  00:00:05 / CPU:  00:00:08 / Memory: 1654 MB (FLW-8100)
Information: CPU Load: 18%, Ram Free: 44 GB, Swap Free: 1 GB, Work Disk Free: 308 GB, Tmp Disk Free: 308 GB (MSG-3995)
----------------------------------------------------------------------------------------------------------
Information: Starting compile_fusion / logic_opto / Load Design (FLW-8000)
Information: Time: 2025-06-04 15:45:10 / Session:  00:01:47 / Command:  00:00:05 / CPU:  00:00:08 / Memory: 1654 MB (FLW-8100)
Information: CPU Load: 18%, Ram Free: 44 GB, Swap Free: 1 GB, Work Disk Free: 308 GB, Tmp Disk Free: 308 GB (MSG-3995)
Information: Initializing core and die (AFP-1001)
Information: Initializing rows (AFP-1003)
Information: Initializing tracks (AFP-1004)
Information: Generated core area = 1813.118408 (AFP-2021)
Information: Generated core boundary = { {10 10} {10 83.8} {34.568 83.8} {34.568 10} } (AFP-2022)
Information: Change threshold for extractor is reset. (FLW-1300)
Information: The stitching and editing of coupling caps is turned OFF for design 'dut_toplevel.dlib:dut_toplevel/auto_floorplan.design'. (TIM-125)
Information: Ending   compile_fusion / logic_opto / Load Design (FLW-8001)
Information: Time: 2025-06-04 15:45:10 / Session:  00:01:47 / Command:  00:00:06 / CPU:  00:00:10 / Memory: 1654 MB (FLW-8100)
Information: CPU Load: 18%, Ram Free: 44 GB, Swap Free: 1 GB, Work Disk Free: 308 GB, Tmp Disk Free: 308 GB (MSG-3995)
Information: Starting compile_fusion / logic_opto / Clock Gate Re-structuring (FLW-8000)
Information: Time: 2025-06-04 15:45:10 / Session:  00:01:47 / Command:  00:00:06 / CPU:  00:00:10 / Memory: 1654 MB (FLW-8100)
Information: CPU Load: 18%, Ram Free: 44 GB, Swap Free: 1 GB, Work Disk Free: 308 GB, Tmp Disk Free: 308 GB (MSG-3995)
Information: Result of compile_fusion / logic_opto / Clock Gate Re-structuring (FLW-8500)
Number of Pre-Existing Clock Gates with dont touch attribute: 0
Number of ICG library cells with CTS purpose: 19
--------------------------------------------------------------------------------
                          Tool Gated Register Summary                           
--------------------------------------------------------------------------------
Clock Gating Type                   | Number of   | Register Count | Equivalent 
                                    | Clock Gates |                | Bitwidth   
--------------------------------------------------------------------------------
Regular Clock Gating                |          11 |            319 |        319
--------------------------------------------------------------------------------
--------------------------------------------------------------------------------
                 Regular Clock Gating Ungated Register Summary                  
--------------------------------------------------------------------------------
 Ungated Reason                                            | Count | Bitwidth   
--------------------------------------------------------------------------------
 Enable is Constant One.                                   |     2 |        2
 Partial Minimum Bitwidth Not Met.                         |     7 |        7
--------------------------------------------------------------------------------
Information: Ending   compile_fusion / logic_opto / Clock Gate Re-structuring (FLW-8001)
Information: Time: 2025-06-04 15:45:10 / Session:  00:01:47 / Command:  00:00:06 / CPU:  00:00:10 / Memory: 1654 MB (FLW-8100)
Information: CPU Load: 18%, Ram Free: 44 GB, Swap Free: 1 GB, Work Disk Free: 308 GB, Tmp Disk Free: 308 GB (MSG-3995)
Warning: Duplicate callback function set for step 'fc/logic_opto/dwProcessPrecond1' (FLW-2224)
Warning: Duplicate callback function set for step 'fc/logic_opto/dwProcessPrecond1' (FLW-2224)
Information: Starting compile_fusion / logic_opto / Optimization (1) (FLW-8000)
Information: Time: 2025-06-04 15:45:10 / Session:  00:01:47 / Command:  00:00:06 / CPU:  00:00:10 / Memory: 1654 MB (FLW-8100)
Information: CPU Load: 18%, Ram Free: 44 GB, Swap Free: 1 GB, Work Disk Free: 308 GB, Tmp Disk Free: 308 GB (MSG-3995)
Information: The stitching and editing of coupling caps is turned OFF for design 'dut_toplevel.dlib:dut_toplevel/auto_floorplan.design'. (TIM-125)
Information: Starting compile_fusion / logic_opto / Optimization (1) / Logic Simplification and Register Optimization (FLW-8000)
Information: Time: 2025-06-04 15:45:12 / Session:  00:01:49 / Command:  00:00:07 / CPU:  00:00:12 / Memory: 1654 MB (FLW-8100)
Information: CPU Load: 18%, Ram Free: 44 GB, Swap Free: 1 GB, Work Disk Free: 308 GB, Tmp Disk Free: 308 GB (MSG-3995)
Warning: Cannot infer functionality of libcell 'saed14rvt_ff0p88v125c/SAEDRVT14_FDNRBSBQ_V2_0P5' and will be excluded from sequential mapping. (SQM-1061)
Warning: Cannot infer functionality of libcell 'saed14rvt_ff0p88v125c/SAEDRVT14_FDNRBSBQ_V2_1' and will be excluded from sequential mapping. (SQM-1061)
Warning: Cannot infer functionality of libcell 'saed14rvt_ff0p88v125c/SAEDRVT14_FDNRBSBQ_V2_2' and will be excluded from sequential mapping. (SQM-1061)
Warning: Cannot infer functionality of libcell 'saed14rvt_ff0p88v125c/SAEDRVT14_FDNRBSBQ_V2_4' and will be excluded from sequential mapping. (SQM-1061)
Warning: Cannot infer functionality of libcell 'saed14rvt_ff0p88v125c/SAEDRVT14_FDPRBSBQ_V2_0P5' and will be excluded from sequential mapping. (SQM-1061)
Warning: Cannot infer functionality of libcell 'saed14rvt_ff0p88v125c/SAEDRVT14_FDPRBSBQ_V2_1' and will be excluded from sequential mapping. (SQM-1061)
Warning: Cannot infer functionality of libcell 'saed14rvt_ff0p88v125c/SAEDRVT14_FDPRBSBQ_V2_2' and will be excluded from sequential mapping. (SQM-1061)
Warning: Cannot infer functionality of libcell 'saed14rvt_ff0p88v125c/SAEDRVT14_FDPRBSBQ_V2_4' and will be excluded from sequential mapping. (SQM-1061)
Warning: Cannot infer functionality of libcell 'saed14rvt_ff0p88v125c/SAEDRVT14_FSDPRBSBQ_V2LP_0P5' and will be excluded from sequential mapping. (SQM-1061)
Warning: Cannot infer functionality of libcell 'saed14rvt_ff0p88v125c/SAEDRVT14_FSDPRBSBQ_V2LP_2' and will be excluded from sequential mapping. (SQM-1061)
Warning: Skipping check for single_bit_degenerate attribute on the multibit libcell 'saed14rvt_ff0p88v125c/SAEDRVT14_FSDN2_V2_0P5' since it is not a black-box. (SQM-1079)
Information: No single-bit representative was found for multibit lib cell 'saed14rvt_ff0p88v125c/SAEDRVT14_FSDN2_V2_0P5'. (SQM-2004)
Warning: Skipping check for single_bit_degenerate attribute on the multibit libcell 'saed14rvt_ff0p88v125c/SAEDRVT14_FSDN2_V2_1' since it is not a black-box. (SQM-1079)
Information: No single-bit representative was found for multibit lib cell 'saed14rvt_ff0p88v125c/SAEDRVT14_FSDN2_V2_1'. (SQM-2004)
Warning: Skipping check for single_bit_degenerate attribute on the multibit libcell 'saed14rvt_ff0p88v125c/SAEDRVT14_FSDN2_V2_2' since it is not a black-box. (SQM-1079)
Information: No single-bit representative was found for multibit lib cell 'saed14rvt_ff0p88v125c/SAEDRVT14_FSDN2_V2_2'. (SQM-2004)
Warning: Skipping check for single_bit_degenerate attribute on the multibit libcell 'saed14rvt_ff0p88v125c/SAEDRVT14_FSDN2_V2_4' since it is not a black-box. (SQM-1079)
Information: No single-bit representative was found for multibit lib cell 'saed14rvt_ff0p88v125c/SAEDRVT14_FSDN2_V2_4'. (SQM-2004)
Warning: Skipping check for single_bit_degenerate attribute on the multibit libcell 'saed14rvt_ff0p88v125c/SAEDRVT14_FSDN4_V2_0P5' since it is not a black-box. (SQM-1079)
Information: No single-bit representative was found for multibit lib cell 'saed14rvt_ff0p88v125c/SAEDRVT14_FSDN4_V2_0P5'. (SQM-2004)
Information: No single-bit representative was found for multibit lib cell 'saed14rvt_ff0p88v125c/SAEDRVT14_FSDN4_V2_1'. (SQM-2004)
Information: No single-bit representative was found for multibit lib cell 'saed14rvt_ff0p88v125c/SAEDRVT14_FSDN4_V2_2'. (SQM-2004)
Information: No single-bit representative was found for multibit lib cell 'saed14rvt_ff0p88v125c/SAEDRVT14_FSDN4_V2_4'. (SQM-2004)
Warning: Found 8 multibit sequential library cells that have missing/added attributes or have restrictions that prevent them from banking. (SQM-1053)
Information: 6 out of 16 SQM-1061 messages were not printed due to limit 10 (after 'compile_fusion' at task4.tcl:68) (MSG-3913)
Information: 3 out of 8 SQM-1079 messages were not printed due to limit 5 (after 'compile_fusion' at task4.tcl:68) (MSG-3913)
Information: Ending   compile_fusion / logic_opto / Optimization (1) / Logic Simplification and Register Optimization (FLW-8001)
Information: Time: 2025-06-04 15:45:12 / Session:  00:01:49 / Command:  00:00:07 / CPU:  00:00:13 / Memory: 1654 MB (FLW-8100)
Information: CPU Load: 18%, Ram Free: 44 GB, Swap Free: 1 GB, Work Disk Free: 308 GB, Tmp Disk Free: 308 GB (MSG-3995)
Warning: No clock routing rules were specified. Use set_clock_routing_rules to specify routing rules for accurate clock latency estimation. (OPT-902)
Warning: No clock routing rules were specified. Use set_clock_routing_rules to specify routing rules for accurate clock latency estimation. (OPT-902)
Information: Estimating clock gate latencies for scenario 'PowerSave_Slow'. (OPT-909)
Warning: No clock routing rules were specified. Use set_clock_routing_rules to specify routing rules for accurate clock latency estimation. (OPT-902)
Information: Estimating clock gate latencies for scenario 'Normal_Slow'. (OPT-909)
Warning: Cannot infer functionality of libcell 'saed14rvt_ff0p88v125c/SAEDRVT14_FDNRBSBQ_V2_0P5' and will be excluded from sequential mapping. (SQM-1061)
Warning: Cannot infer functionality of libcell 'saed14rvt_ff0p88v125c/SAEDRVT14_FDNRBSBQ_V2_1' and will be excluded from sequential mapping. (SQM-1061)
Warning: Cannot infer functionality of libcell 'saed14rvt_ff0p88v125c/SAEDRVT14_FDNRBSBQ_V2_2' and will be excluded from sequential mapping. (SQM-1061)
Warning: Cannot infer functionality of libcell 'saed14rvt_ff0p88v125c/SAEDRVT14_FDNRBSBQ_V2_4' and will be excluded from sequential mapping. (SQM-1061)
Warning: Cannot infer functionality of libcell 'saed14rvt_ff0p88v125c/SAEDRVT14_FDPRBSBQ_V2_0P5' and will be excluded from sequential mapping. (SQM-1061)
Warning: Cannot infer functionality of libcell 'saed14rvt_ff0p88v125c/SAEDRVT14_FDPRBSBQ_V2_1' and will be excluded from sequential mapping. (SQM-1061)
Warning: Cannot infer functionality of libcell 'saed14rvt_ff0p88v125c/SAEDRVT14_FDPRBSBQ_V2_2' and will be excluded from sequential mapping. (SQM-1061)
Warning: Cannot infer functionality of libcell 'saed14rvt_ff0p88v125c/SAEDRVT14_FDPRBSBQ_V2_4' and will be excluded from sequential mapping. (SQM-1061)
Warning: Cannot infer functionality of libcell 'saed14rvt_ff0p88v125c/SAEDRVT14_FSDPRBSBQ_V2LP_0P5' and will be excluded from sequential mapping. (SQM-1061)
Warning: Cannot infer functionality of libcell 'saed14rvt_ff0p88v125c/SAEDRVT14_FSDPRBSBQ_V2LP_2' and will be excluded from sequential mapping. (SQM-1061)
Warning: Skipping check for single_bit_degenerate attribute on the multibit libcell 'saed14rvt_ff0p88v125c/SAEDRVT14_FSDN2_V2_0P5' since it is not a black-box. (SQM-1079)
Information: No single-bit representative was found for multibit lib cell 'saed14rvt_ff0p88v125c/SAEDRVT14_FSDN2_V2_0P5'. (SQM-2004)
Warning: Skipping check for single_bit_degenerate attribute on the multibit libcell 'saed14rvt_ff0p88v125c/SAEDRVT14_FSDN2_V2_1' since it is not a black-box. (SQM-1079)
Information: No single-bit representative was found for multibit lib cell 'saed14rvt_ff0p88v125c/SAEDRVT14_FSDN2_V2_1'. (SQM-2004)
Warning: Skipping check for single_bit_degenerate attribute on the multibit libcell 'saed14rvt_ff0p88v125c/SAEDRVT14_FSDN2_V2_2' since it is not a black-box. (SQM-1079)
Information: No single-bit representative was found for multibit lib cell 'saed14rvt_ff0p88v125c/SAEDRVT14_FSDN2_V2_2'. (SQM-2004)
Warning: Skipping check for single_bit_degenerate attribute on the multibit libcell 'saed14rvt_ff0p88v125c/SAEDRVT14_FSDN2_V2_4' since it is not a black-box. (SQM-1079)
Information: No single-bit representative was found for multibit lib cell 'saed14rvt_ff0p88v125c/SAEDRVT14_FSDN2_V2_4'. (SQM-2004)
Warning: Skipping check for single_bit_degenerate attribute on the multibit libcell 'saed14rvt_ff0p88v125c/SAEDRVT14_FSDN4_V2_0P5' since it is not a black-box. (SQM-1079)
Information: No single-bit representative was found for multibit lib cell 'saed14rvt_ff0p88v125c/SAEDRVT14_FSDN4_V2_0P5'. (SQM-2004)
Information: No single-bit representative was found for multibit lib cell 'saed14rvt_ff0p88v125c/SAEDRVT14_FSDN4_V2_1'. (SQM-2004)
Information: No single-bit representative was found for multibit lib cell 'saed14rvt_ff0p88v125c/SAEDRVT14_FSDN4_V2_2'. (SQM-2004)
Information: No single-bit representative was found for multibit lib cell 'saed14rvt_ff0p88v125c/SAEDRVT14_FSDN4_V2_4'. (SQM-2004)
Warning: Found 8 multibit sequential library cells that have missing/added attributes or have restrictions that prevent them from banking. (SQM-1053)
Information: 6 out of 16 SQM-1061 messages were not printed due to limit 10 (after 'compile_fusion' at task4.tcl:68) (MSG-3913)
Information: 3 out of 8 SQM-1079 messages were not printed due to limit 5 (after 'compile_fusion' at task4.tcl:68) (MSG-3913)
Information: Starting compile_fusion / logic_opto / Optimization (1) / Timing Optimization and DesignWare Reselection (FLW-8000)
Information: Time: 2025-06-04 15:45:13 / Session:  00:01:50 / Command:  00:00:09 / CPU:  00:00:15 / Memory: 1654 MB (FLW-8100)
Information: CPU Load: 18%, Ram Free: 44 GB, Swap Free: 1 GB, Work Disk Free: 308 GB, Tmp Disk Free: 308 GB (MSG-3995)
Warning: Cannot infer functionality of libcell 'saed14rvt_ff0p88v125c/SAEDRVT14_FDNRBSBQ_V2_0P5' and will be excluded from sequential mapping. (SQM-1061)
Warning: Cannot infer functionality of libcell 'saed14rvt_ff0p88v125c/SAEDRVT14_FDNRBSBQ_V2_1' and will be excluded from sequential mapping. (SQM-1061)
Warning: Cannot infer functionality of libcell 'saed14rvt_ff0p88v125c/SAEDRVT14_FDNRBSBQ_V2_2' and will be excluded from sequential mapping. (SQM-1061)
Warning: Cannot infer functionality of libcell 'saed14rvt_ff0p88v125c/SAEDRVT14_FDNRBSBQ_V2_4' and will be excluded from sequential mapping. (SQM-1061)
Warning: Cannot infer functionality of libcell 'saed14rvt_ff0p88v125c/SAEDRVT14_FDPRBSBQ_V2_0P5' and will be excluded from sequential mapping. (SQM-1061)
Warning: Cannot infer functionality of libcell 'saed14rvt_ff0p88v125c/SAEDRVT14_FDPRBSBQ_V2_1' and will be excluded from sequential mapping. (SQM-1061)
Warning: Cannot infer functionality of libcell 'saed14rvt_ff0p88v125c/SAEDRVT14_FDPRBSBQ_V2_2' and will be excluded from sequential mapping. (SQM-1061)
Warning: Cannot infer functionality of libcell 'saed14rvt_ff0p88v125c/SAEDRVT14_FDPRBSBQ_V2_4' and will be excluded from sequential mapping. (SQM-1061)
Warning: Cannot infer functionality of libcell 'saed14rvt_ff0p88v125c/SAEDRVT14_FSDPRBSBQ_V2LP_0P5' and will be excluded from sequential mapping. (SQM-1061)
Warning: Cannot infer functionality of libcell 'saed14rvt_ff0p88v125c/SAEDRVT14_FSDPRBSBQ_V2LP_2' and will be excluded from sequential mapping. (SQM-1061)
Warning: Skipping check for single_bit_degenerate attribute on the multibit libcell 'saed14rvt_ff0p88v125c/SAEDRVT14_FSDN2_V2_0P5' since it is not a black-box. (SQM-1079)
Information: No single-bit representative was found for multibit lib cell 'saed14rvt_ff0p88v125c/SAEDRVT14_FSDN2_V2_0P5'. (SQM-2004)
Warning: Skipping check for single_bit_degenerate attribute on the multibit libcell 'saed14rvt_ff0p88v125c/SAEDRVT14_FSDN2_V2_1' since it is not a black-box. (SQM-1079)
Information: No single-bit representative was found for multibit lib cell 'saed14rvt_ff0p88v125c/SAEDRVT14_FSDN2_V2_1'. (SQM-2004)
Warning: Skipping check for single_bit_degenerate attribute on the multibit libcell 'saed14rvt_ff0p88v125c/SAEDRVT14_FSDN2_V2_2' since it is not a black-box. (SQM-1079)
Information: No single-bit representative was found for multibit lib cell 'saed14rvt_ff0p88v125c/SAEDRVT14_FSDN2_V2_2'. (SQM-2004)
Warning: Skipping check for single_bit_degenerate attribute on the multibit libcell 'saed14rvt_ff0p88v125c/SAEDRVT14_FSDN2_V2_4' since it is not a black-box. (SQM-1079)
Information: No single-bit representative was found for multibit lib cell 'saed14rvt_ff0p88v125c/SAEDRVT14_FSDN2_V2_4'. (SQM-2004)
Warning: Skipping check for single_bit_degenerate attribute on the multibit libcell 'saed14rvt_ff0p88v125c/SAEDRVT14_FSDN4_V2_0P5' since it is not a black-box. (SQM-1079)
Information: No single-bit representative was found for multibit lib cell 'saed14rvt_ff0p88v125c/SAEDRVT14_FSDN4_V2_0P5'. (SQM-2004)
Information: No single-bit representative was found for multibit lib cell 'saed14rvt_ff0p88v125c/SAEDRVT14_FSDN4_V2_1'. (SQM-2004)
Information: No single-bit representative was found for multibit lib cell 'saed14rvt_ff0p88v125c/SAEDRVT14_FSDN4_V2_2'. (SQM-2004)
Information: No single-bit representative was found for multibit lib cell 'saed14rvt_ff0p88v125c/SAEDRVT14_FSDN4_V2_4'. (SQM-2004)
Warning: Found 8 multibit sequential library cells that have missing/added attributes or have restrictions that prevent them from banking. (SQM-1053)
Information: No single-bit representative was found for multibit lib cell 'saed14rvt_ff0p88v125c/SAEDRVT14_FSDN2_V2_0P5'. (SQM-2004)
Information: No single-bit representative was found for multibit lib cell 'saed14rvt_ff0p88v125c/SAEDRVT14_FSDN2_V2_1'. (SQM-2004)
Warning: Found 8 multibit sequential library cells that have missing/added attributes or have restrictions that prevent them from banking. (SQM-1053)
Warning: Found 8 multibit sequential library cells that have missing/added attributes or have restrictions that prevent them from banking. (SQM-1053)
Warning: Found 8 multibit sequential library cells that have missing/added attributes or have restrictions that prevent them from banking. (SQM-1053)
Warning: Found 8 multibit sequential library cells that have missing/added attributes or have restrictions that prevent them from banking. (SQM-1053)
Warning: Found 8 multibit sequential library cells that have missing/added attributes or have restrictions that prevent them from banking. (SQM-1053)
Warning: Found 8 multibit sequential library cells that have missing/added attributes or have restrictions that prevent them from banking. (SQM-1053)
Warning: Found 8 multibit sequential library cells that have missing/added attributes or have restrictions that prevent them from banking. (SQM-1053)
Warning: Found 8 multibit sequential library cells that have missing/added attributes or have restrictions that prevent them from banking. (SQM-1053)
Warning: Found 8 multibit sequential library cells that have missing/added attributes or have restrictions that prevent them from banking. (SQM-1053)
Information: 2 out of 12 SQM-1053 messages were not printed due to limit 10 (after 'compile_fusion' at task4.tcl:68) (MSG-3913)
Information: 182 out of 192 SQM-1061 messages were not printed due to limit 10 (after 'compile_fusion' at task4.tcl:68) (MSG-3913)
Information: 91 out of 96 SQM-1079 messages were not printed due to limit 5 (after 'compile_fusion' at task4.tcl:68) (MSG-3913)
Information: 86 out of 96 SQM-2004 messages were not printed due to limit 10 (after 'compile_fusion' at task4.tcl:68) (MSG-3913)
Information: Ending   compile_fusion / logic_opto / Optimization (1) / Timing Optimization and DesignWare Reselection (FLW-8001)
Information: Time: 2025-06-04 15:45:15 / Session:  00:01:52 / Command:  00:00:10 / CPU:  00:00:17 / Memory: 1654 MB (FLW-8100)
Information: CPU Load: 18%, Ram Free: 44 GB, Swap Free: 1 GB, Work Disk Free: 308 GB, Tmp Disk Free: 308 GB (MSG-3995)
Information: Ending   compile_fusion / logic_opto / Optimization (1) (FLW-8001)
Information: Time: 2025-06-04 15:45:15 / Session:  00:01:52 / Command:  00:00:10 / CPU:  00:00:17 / Memory: 1654 MB (FLW-8100)
Information: CPU Load: 18%, Ram Free: 44 GB, Swap Free: 1 GB, Work Disk Free: 308 GB, Tmp Disk Free: 308 GB (MSG-3995)
Information: Starting compile_fusion / logic_opto / Register Retiming (FLW-8000)
Information: Time: 2025-06-04 15:45:15 / Session:  00:01:52 / Command:  00:00:10 / CPU:  00:00:17 / Memory: 1654 MB (FLW-8100)
Information: CPU Load: 18%, Ram Free: 44 GB, Swap Free: 1 GB, Work Disk Free: 308 GB, Tmp Disk Free: 308 GB (MSG-3995)
Warning: Cannot infer functionality of libcell 'saed14rvt_ff0p88v125c/SAEDRVT14_FDNRBSBQ_V2_0P5' and will be excluded from sequential mapping. (SQM-1061)
Warning: Cannot infer functionality of libcell 'saed14rvt_ff0p88v125c/SAEDRVT14_FDNRBSBQ_V2_1' and will be excluded from sequential mapping. (SQM-1061)
Warning: Cannot infer functionality of libcell 'saed14rvt_ff0p88v125c/SAEDRVT14_FDNRBSBQ_V2_2' and will be excluded from sequential mapping. (SQM-1061)
Warning: Cannot infer functionality of libcell 'saed14rvt_ff0p88v125c/SAEDRVT14_FDNRBSBQ_V2_4' and will be excluded from sequential mapping. (SQM-1061)
Warning: Cannot infer functionality of libcell 'saed14rvt_ff0p88v125c/SAEDRVT14_FDPRBSBQ_V2_0P5' and will be excluded from sequential mapping. (SQM-1061)
Warning: Cannot infer functionality of libcell 'saed14rvt_ff0p88v125c/SAEDRVT14_FDPRBSBQ_V2_1' and will be excluded from sequential mapping. (SQM-1061)
Warning: Cannot infer functionality of libcell 'saed14rvt_ff0p88v125c/SAEDRVT14_FDPRBSBQ_V2_2' and will be excluded from sequential mapping. (SQM-1061)
Warning: Cannot infer functionality of libcell 'saed14rvt_ff0p88v125c/SAEDRVT14_FDPRBSBQ_V2_4' and will be excluded from sequential mapping. (SQM-1061)
Warning: Cannot infer functionality of libcell 'saed14rvt_ff0p88v125c/SAEDRVT14_FSDPRBSBQ_V2LP_0P5' and will be excluded from sequential mapping. (SQM-1061)
Warning: Cannot infer functionality of libcell 'saed14rvt_ff0p88v125c/SAEDRVT14_FSDPRBSBQ_V2LP_2' and will be excluded from sequential mapping. (SQM-1061)
Warning: Skipping check for single_bit_degenerate attribute on the multibit libcell 'saed14rvt_ff0p88v125c/SAEDRVT14_FSDN2_V2_0P5' since it is not a black-box. (SQM-1079)
Information: No single-bit representative was found for multibit lib cell 'saed14rvt_ff0p88v125c/SAEDRVT14_FSDN2_V2_0P5'. (SQM-2004)
Warning: Skipping check for single_bit_degenerate attribute on the multibit libcell 'saed14rvt_ff0p88v125c/SAEDRVT14_FSDN2_V2_1' since it is not a black-box. (SQM-1079)
Information: No single-bit representative was found for multibit lib cell 'saed14rvt_ff0p88v125c/SAEDRVT14_FSDN2_V2_1'. (SQM-2004)
Warning: Skipping check for single_bit_degenerate attribute on the multibit libcell 'saed14rvt_ff0p88v125c/SAEDRVT14_FSDN2_V2_2' since it is not a black-box. (SQM-1079)
Information: No single-bit representative was found for multibit lib cell 'saed14rvt_ff0p88v125c/SAEDRVT14_FSDN2_V2_2'. (SQM-2004)
Warning: Skipping check for single_bit_degenerate attribute on the multibit libcell 'saed14rvt_ff0p88v125c/SAEDRVT14_FSDN2_V2_4' since it is not a black-box. (SQM-1079)
Information: No single-bit representative was found for multibit lib cell 'saed14rvt_ff0p88v125c/SAEDRVT14_FSDN2_V2_4'. (SQM-2004)
Warning: Skipping check for single_bit_degenerate attribute on the multibit libcell 'saed14rvt_ff0p88v125c/SAEDRVT14_FSDN4_V2_0P5' since it is not a black-box. (SQM-1079)
Information: No single-bit representative was found for multibit lib cell 'saed14rvt_ff0p88v125c/SAEDRVT14_FSDN4_V2_0P5'. (SQM-2004)
Information: No single-bit representative was found for multibit lib cell 'saed14rvt_ff0p88v125c/SAEDRVT14_FSDN4_V2_1'. (SQM-2004)
Information: No single-bit representative was found for multibit lib cell 'saed14rvt_ff0p88v125c/SAEDRVT14_FSDN4_V2_2'. (SQM-2004)
Information: No single-bit representative was found for multibit lib cell 'saed14rvt_ff0p88v125c/SAEDRVT14_FSDN4_V2_4'. (SQM-2004)
Warning: Found 8 multibit sequential library cells that have missing/added attributes or have restrictions that prevent them from banking. (SQM-1053)
Information: 6 out of 16 SQM-1061 messages were not printed due to limit 10 (after 'compile_fusion' at task4.tcl:68) (MSG-3913)
Information: 3 out of 8 SQM-1079 messages were not printed due to limit 5 (after 'compile_fusion' at task4.tcl:68) (MSG-3913)
Warning: Cannot infer functionality of libcell 'saed14rvt_ff0p88v125c/SAEDRVT14_FDNRBSBQ_V2_0P5' and will be excluded from sequential mapping. (SQM-1061)
Warning: Cannot infer functionality of libcell 'saed14rvt_ff0p88v125c/SAEDRVT14_FDNRBSBQ_V2_1' and will be excluded from sequential mapping. (SQM-1061)
Warning: Cannot infer functionality of libcell 'saed14rvt_ff0p88v125c/SAEDRVT14_FDNRBSBQ_V2_2' and will be excluded from sequential mapping. (SQM-1061)
Warning: Cannot infer functionality of libcell 'saed14rvt_ff0p88v125c/SAEDRVT14_FDNRBSBQ_V2_4' and will be excluded from sequential mapping. (SQM-1061)
Warning: Cannot infer functionality of libcell 'saed14rvt_ff0p88v125c/SAEDRVT14_FDPRBSBQ_V2_0P5' and will be excluded from sequential mapping. (SQM-1061)
Warning: Cannot infer functionality of libcell 'saed14rvt_ff0p88v125c/SAEDRVT14_FDPRBSBQ_V2_1' and will be excluded from sequential mapping. (SQM-1061)
Warning: Cannot infer functionality of libcell 'saed14rvt_ff0p88v125c/SAEDRVT14_FDPRBSBQ_V2_2' and will be excluded from sequential mapping. (SQM-1061)
Warning: Cannot infer functionality of libcell 'saed14rvt_ff0p88v125c/SAEDRVT14_FDPRBSBQ_V2_4' and will be excluded from sequential mapping. (SQM-1061)
Warning: Cannot infer functionality of libcell 'saed14rvt_ff0p88v125c/SAEDRVT14_FSDPRBSBQ_V2LP_0P5' and will be excluded from sequential mapping. (SQM-1061)
Warning: Cannot infer functionality of libcell 'saed14rvt_ff0p88v125c/SAEDRVT14_FSDPRBSBQ_V2LP_2' and will be excluded from sequential mapping. (SQM-1061)
Warning: Skipping check for single_bit_degenerate attribute on the multibit libcell 'saed14rvt_ff0p88v125c/SAEDRVT14_FSDN2_V2_0P5' since it is not a black-box. (SQM-1079)
Information: No single-bit representative was found for multibit lib cell 'saed14rvt_ff0p88v125c/SAEDRVT14_FSDN2_V2_0P5'. (SQM-2004)
Warning: Skipping check for single_bit_degenerate attribute on the multibit libcell 'saed14rvt_ff0p88v125c/SAEDRVT14_FSDN2_V2_1' since it is not a black-box. (SQM-1079)
Information: No single-bit representative was found for multibit lib cell 'saed14rvt_ff0p88v125c/SAEDRVT14_FSDN2_V2_1'. (SQM-2004)
Warning: Skipping check for single_bit_degenerate attribute on the multibit libcell 'saed14rvt_ff0p88v125c/SAEDRVT14_FSDN2_V2_2' since it is not a black-box. (SQM-1079)
Information: No single-bit representative was found for multibit lib cell 'saed14rvt_ff0p88v125c/SAEDRVT14_FSDN2_V2_2'. (SQM-2004)
Warning: Skipping check for single_bit_degenerate attribute on the multibit libcell 'saed14rvt_ff0p88v125c/SAEDRVT14_FSDN2_V2_4' since it is not a black-box. (SQM-1079)
Information: No single-bit representative was found for multibit lib cell 'saed14rvt_ff0p88v125c/SAEDRVT14_FSDN2_V2_4'. (SQM-2004)
Warning: Skipping check for single_bit_degenerate attribute on the multibit libcell 'saed14rvt_ff0p88v125c/SAEDRVT14_FSDN4_V2_0P5' since it is not a black-box. (SQM-1079)
Information: No single-bit representative was found for multibit lib cell 'saed14rvt_ff0p88v125c/SAEDRVT14_FSDN4_V2_0P5'. (SQM-2004)
Information: No single-bit representative was found for multibit lib cell 'saed14rvt_ff0p88v125c/SAEDRVT14_FSDN4_V2_1'. (SQM-2004)
Information: No single-bit representative was found for multibit lib cell 'saed14rvt_ff0p88v125c/SAEDRVT14_FSDN4_V2_2'. (SQM-2004)
Information: No single-bit representative was found for multibit lib cell 'saed14rvt_ff0p88v125c/SAEDRVT14_FSDN4_V2_4'. (SQM-2004)
Warning: Found 8 multibit sequential library cells that have missing/added attributes or have restrictions that prevent them from banking. (SQM-1053)
Information: 6 out of 16 SQM-1061 messages were not printed due to limit 10 (after 'compile_fusion' at task4.tcl:68) (MSG-3913)
Information: 3 out of 8 SQM-1079 messages were not printed due to limit 5 (after 'compile_fusion' at task4.tcl:68) (MSG-3913)
Warning: Cannot infer functionality of libcell 'saed14rvt_ff0p88v125c/SAEDRVT14_FDNRBSBQ_V2_0P5' and will be excluded from sequential mapping. (SQM-1061)
Warning: Cannot infer functionality of libcell 'saed14rvt_ff0p88v125c/SAEDRVT14_FDNRBSBQ_V2_1' and will be excluded from sequential mapping. (SQM-1061)
Warning: Cannot infer functionality of libcell 'saed14rvt_ff0p88v125c/SAEDRVT14_FDNRBSBQ_V2_2' and will be excluded from sequential mapping. (SQM-1061)
Warning: Cannot infer functionality of libcell 'saed14rvt_ff0p88v125c/SAEDRVT14_FDNRBSBQ_V2_4' and will be excluded from sequential mapping. (SQM-1061)
Warning: Cannot infer functionality of libcell 'saed14rvt_ff0p88v125c/SAEDRVT14_FDPRBSBQ_V2_0P5' and will be excluded from sequential mapping. (SQM-1061)
Warning: Cannot infer functionality of libcell 'saed14rvt_ff0p88v125c/SAEDRVT14_FDPRBSBQ_V2_1' and will be excluded from sequential mapping. (SQM-1061)
Warning: Cannot infer functionality of libcell 'saed14rvt_ff0p88v125c/SAEDRVT14_FDPRBSBQ_V2_2' and will be excluded from sequential mapping. (SQM-1061)
Warning: Cannot infer functionality of libcell 'saed14rvt_ff0p88v125c/SAEDRVT14_FDPRBSBQ_V2_4' and will be excluded from sequential mapping. (SQM-1061)
Warning: Cannot infer functionality of libcell 'saed14rvt_ff0p88v125c/SAEDRVT14_FSDPRBSBQ_V2LP_0P5' and will be excluded from sequential mapping. (SQM-1061)
Warning: Cannot infer functionality of libcell 'saed14rvt_ff0p88v125c/SAEDRVT14_FSDPRBSBQ_V2LP_2' and will be excluded from sequential mapping. (SQM-1061)
Warning: Skipping check for single_bit_degenerate attribute on the multibit libcell 'saed14rvt_ff0p88v125c/SAEDRVT14_FSDN2_V2_0P5' since it is not a black-box. (SQM-1079)
Information: No single-bit representative was found for multibit lib cell 'saed14rvt_ff0p88v125c/SAEDRVT14_FSDN2_V2_0P5'. (SQM-2004)
Warning: Skipping check for single_bit_degenerate attribute on the multibit libcell 'saed14rvt_ff0p88v125c/SAEDRVT14_FSDN2_V2_1' since it is not a black-box. (SQM-1079)
Information: No single-bit representative was found for multibit lib cell 'saed14rvt_ff0p88v125c/SAEDRVT14_FSDN2_V2_1'. (SQM-2004)
Warning: Skipping check for single_bit_degenerate attribute on the multibit libcell 'saed14rvt_ff0p88v125c/SAEDRVT14_FSDN2_V2_2' since it is not a black-box. (SQM-1079)
Information: No single-bit representative was found for multibit lib cell 'saed14rvt_ff0p88v125c/SAEDRVT14_FSDN2_V2_2'. (SQM-2004)
Warning: Skipping check for single_bit_degenerate attribute on the multibit libcell 'saed14rvt_ff0p88v125c/SAEDRVT14_FSDN2_V2_4' since it is not a black-box. (SQM-1079)
Information: No single-bit representative was found for multibit lib cell 'saed14rvt_ff0p88v125c/SAEDRVT14_FSDN2_V2_4'. (SQM-2004)
Warning: Skipping check for single_bit_degenerate attribute on the multibit libcell 'saed14rvt_ff0p88v125c/SAEDRVT14_FSDN4_V2_0P5' since it is not a black-box. (SQM-1079)
Information: No single-bit representative was found for multibit lib cell 'saed14rvt_ff0p88v125c/SAEDRVT14_FSDN4_V2_0P5'. (SQM-2004)
Information: No single-bit representative was found for multibit lib cell 'saed14rvt_ff0p88v125c/SAEDRVT14_FSDN4_V2_1'. (SQM-2004)
Information: No single-bit representative was found for multibit lib cell 'saed14rvt_ff0p88v125c/SAEDRVT14_FSDN4_V2_2'. (SQM-2004)
Information: No single-bit representative was found for multibit lib cell 'saed14rvt_ff0p88v125c/SAEDRVT14_FSDN4_V2_4'. (SQM-2004)
Warning: Found 8 multibit sequential library cells that have missing/added attributes or have restrictions that prevent them from banking. (SQM-1053)
Information: Result of compile_fusion / logic_opto / Register Retiming (FLW-8500)
Information: No instance marked for retiming. (RTM-1031)
Information: 6 out of 16 SQM-1061 messages were not printed due to limit 10 (after 'compile_fusion' at task4.tcl:68) (MSG-3913)
Information: 3 out of 8 SQM-1079 messages were not printed due to limit 5 (after 'compile_fusion' at task4.tcl:68) (MSG-3913)
Warning: Cannot infer functionality of libcell 'saed14rvt_ff0p88v125c/SAEDRVT14_FDNRBSBQ_V2_0P5' and will be excluded from sequential mapping. (SQM-1061)
Warning: Cannot infer functionality of libcell 'saed14rvt_ff0p88v125c/SAEDRVT14_FDNRBSBQ_V2_1' and will be excluded from sequential mapping. (SQM-1061)
Warning: Cannot infer functionality of libcell 'saed14rvt_ff0p88v125c/SAEDRVT14_FDNRBSBQ_V2_2' and will be excluded from sequential mapping. (SQM-1061)
Warning: Cannot infer functionality of libcell 'saed14rvt_ff0p88v125c/SAEDRVT14_FDNRBSBQ_V2_4' and will be excluded from sequential mapping. (SQM-1061)
Warning: Cannot infer functionality of libcell 'saed14rvt_ff0p88v125c/SAEDRVT14_FDPRBSBQ_V2_0P5' and will be excluded from sequential mapping. (SQM-1061)
Warning: Cannot infer functionality of libcell 'saed14rvt_ff0p88v125c/SAEDRVT14_FDPRBSBQ_V2_1' and will be excluded from sequential mapping. (SQM-1061)
Warning: Cannot infer functionality of libcell 'saed14rvt_ff0p88v125c/SAEDRVT14_FDPRBSBQ_V2_2' and will be excluded from sequential mapping. (SQM-1061)
Warning: Cannot infer functionality of libcell 'saed14rvt_ff0p88v125c/SAEDRVT14_FDPRBSBQ_V2_4' and will be excluded from sequential mapping. (SQM-1061)
Warning: Cannot infer functionality of libcell 'saed14rvt_ff0p88v125c/SAEDRVT14_FSDPRBSBQ_V2LP_0P5' and will be excluded from sequential mapping. (SQM-1061)
Warning: Cannot infer functionality of libcell 'saed14rvt_ff0p88v125c/SAEDRVT14_FSDPRBSBQ_V2LP_2' and will be excluded from sequential mapping. (SQM-1061)
Warning: Skipping check for single_bit_degenerate attribute on the multibit libcell 'saed14rvt_ff0p88v125c/SAEDRVT14_FSDN2_V2_0P5' since it is not a black-box. (SQM-1079)
Information: No single-bit representative was found for multibit lib cell 'saed14rvt_ff0p88v125c/SAEDRVT14_FSDN2_V2_0P5'. (SQM-2004)
Warning: Skipping check for single_bit_degenerate attribute on the multibit libcell 'saed14rvt_ff0p88v125c/SAEDRVT14_FSDN2_V2_1' since it is not a black-box. (SQM-1079)
Information: No single-bit representative was found for multibit lib cell 'saed14rvt_ff0p88v125c/SAEDRVT14_FSDN2_V2_1'. (SQM-2004)
Warning: Skipping check for single_bit_degenerate attribute on the multibit libcell 'saed14rvt_ff0p88v125c/SAEDRVT14_FSDN2_V2_2' since it is not a black-box. (SQM-1079)
Information: No single-bit representative was found for multibit lib cell 'saed14rvt_ff0p88v125c/SAEDRVT14_FSDN2_V2_2'. (SQM-2004)
Warning: Skipping check for single_bit_degenerate attribute on the multibit libcell 'saed14rvt_ff0p88v125c/SAEDRVT14_FSDN2_V2_4' since it is not a black-box. (SQM-1079)
Information: No single-bit representative was found for multibit lib cell 'saed14rvt_ff0p88v125c/SAEDRVT14_FSDN2_V2_4'. (SQM-2004)
Warning: Skipping check for single_bit_degenerate attribute on the multibit libcell 'saed14rvt_ff0p88v125c/SAEDRVT14_FSDN4_V2_0P5' since it is not a black-box. (SQM-1079)
Information: No single-bit representative was found for multibit lib cell 'saed14rvt_ff0p88v125c/SAEDRVT14_FSDN4_V2_0P5'. (SQM-2004)
Information: No single-bit representative was found for multibit lib cell 'saed14rvt_ff0p88v125c/SAEDRVT14_FSDN4_V2_1'. (SQM-2004)
Information: No single-bit representative was found for multibit lib cell 'saed14rvt_ff0p88v125c/SAEDRVT14_FSDN4_V2_2'. (SQM-2004)
Information: No single-bit representative was found for multibit lib cell 'saed14rvt_ff0p88v125c/SAEDRVT14_FSDN4_V2_4'. (SQM-2004)
Warning: Found 8 multibit sequential library cells that have missing/added attributes or have restrictions that prevent them from banking. (SQM-1053)
Information: 6 out of 16 SQM-1061 messages were not printed due to limit 10 (after 'compile_fusion' at task4.tcl:68) (MSG-3913)
Information: 3 out of 8 SQM-1079 messages were not printed due to limit 5 (after 'compile_fusion' at task4.tcl:68) (MSG-3913)
Information: Ending   compile_fusion / logic_opto / Register Retiming (FLW-8001)
Information: Time: 2025-06-04 15:45:23 / Session:  00:02:01 / Command:  00:00:19 / CPU:  00:00:26 / Memory: 1654 MB (FLW-8100)
Information: CPU Load: 17%, Ram Free: 44 GB, Swap Free: 1 GB, Work Disk Free: 308 GB, Tmp Disk Free: 308 GB (MSG-3995)
Warning: Cannot infer functionality of libcell 'saed14rvt_ff0p88v125c/SAEDRVT14_FDNRBSBQ_V2_0P5' and will be excluded from sequential mapping. (SQM-1061)
Warning: Cannot infer functionality of libcell 'saed14rvt_ff0p88v125c/SAEDRVT14_FDNRBSBQ_V2_1' and will be excluded from sequential mapping. (SQM-1061)
Warning: Cannot infer functionality of libcell 'saed14rvt_ff0p88v125c/SAEDRVT14_FDNRBSBQ_V2_2' and will be excluded from sequential mapping. (SQM-1061)
Warning: Cannot infer functionality of libcell 'saed14rvt_ff0p88v125c/SAEDRVT14_FDNRBSBQ_V2_4' and will be excluded from sequential mapping. (SQM-1061)
Warning: Cannot infer functionality of libcell 'saed14rvt_ff0p88v125c/SAEDRVT14_FDPRBSBQ_V2_0P5' and will be excluded from sequential mapping. (SQM-1061)
Warning: Cannot infer functionality of libcell 'saed14rvt_ff0p88v125c/SAEDRVT14_FDPRBSBQ_V2_1' and will be excluded from sequential mapping. (SQM-1061)
Warning: Cannot infer functionality of libcell 'saed14rvt_ff0p88v125c/SAEDRVT14_FDPRBSBQ_V2_2' and will be excluded from sequential mapping. (SQM-1061)
Warning: Cannot infer functionality of libcell 'saed14rvt_ff0p88v125c/SAEDRVT14_FDPRBSBQ_V2_4' and will be excluded from sequential mapping. (SQM-1061)
Warning: Cannot infer functionality of libcell 'saed14rvt_ff0p88v125c/SAEDRVT14_FSDPRBSBQ_V2LP_0P5' and will be excluded from sequential mapping. (SQM-1061)
Warning: Cannot infer functionality of libcell 'saed14rvt_ff0p88v125c/SAEDRVT14_FSDPRBSBQ_V2LP_2' and will be excluded from sequential mapping. (SQM-1061)
Warning: Skipping check for single_bit_degenerate attribute on the multibit libcell 'saed14rvt_ff0p88v125c/SAEDRVT14_FSDN2_V2_0P5' since it is not a black-box. (SQM-1079)
Information: No single-bit representative was found for multibit lib cell 'saed14rvt_ff0p88v125c/SAEDRVT14_FSDN2_V2_0P5'. (SQM-2004)
Warning: Skipping check for single_bit_degenerate attribute on the multibit libcell 'saed14rvt_ff0p88v125c/SAEDRVT14_FSDN2_V2_1' since it is not a black-box. (SQM-1079)
Information: No single-bit representative was found for multibit lib cell 'saed14rvt_ff0p88v125c/SAEDRVT14_FSDN2_V2_1'. (SQM-2004)
Warning: Skipping check for single_bit_degenerate attribute on the multibit libcell 'saed14rvt_ff0p88v125c/SAEDRVT14_FSDN2_V2_2' since it is not a black-box. (SQM-1079)
Information: No single-bit representative was found for multibit lib cell 'saed14rvt_ff0p88v125c/SAEDRVT14_FSDN2_V2_2'. (SQM-2004)
Warning: Skipping check for single_bit_degenerate attribute on the multibit libcell 'saed14rvt_ff0p88v125c/SAEDRVT14_FSDN2_V2_4' since it is not a black-box. (SQM-1079)
Information: No single-bit representative was found for multibit lib cell 'saed14rvt_ff0p88v125c/SAEDRVT14_FSDN2_V2_4'. (SQM-2004)
Warning: Skipping check for single_bit_degenerate attribute on the multibit libcell 'saed14rvt_ff0p88v125c/SAEDRVT14_FSDN4_V2_0P5' since it is not a black-box. (SQM-1079)
Information: No single-bit representative was found for multibit lib cell 'saed14rvt_ff0p88v125c/SAEDRVT14_FSDN4_V2_0P5'. (SQM-2004)
Information: No single-bit representative was found for multibit lib cell 'saed14rvt_ff0p88v125c/SAEDRVT14_FSDN4_V2_1'. (SQM-2004)
Information: No single-bit representative was found for multibit lib cell 'saed14rvt_ff0p88v125c/SAEDRVT14_FSDN4_V2_2'. (SQM-2004)
Information: No single-bit representative was found for multibit lib cell 'saed14rvt_ff0p88v125c/SAEDRVT14_FSDN4_V2_4'. (SQM-2004)
Warning: Found 8 multibit sequential library cells that have missing/added attributes or have restrictions that prevent them from banking. (SQM-1053)
Information: Register Bits Before Sharing = 0, After Sharing = 0, Savings = 0 (SQM-2000)
Information: 6 out of 16 SQM-1061 messages were not printed due to limit 10 (after 'compile_fusion' at task4.tcl:68) (MSG-3913)
Information: 3 out of 8 SQM-1079 messages were not printed due to limit 5 (after 'compile_fusion' at task4.tcl:68) (MSG-3913)
Information: Starting compile_fusion / logic_opto / Optimization (2) (FLW-8000)
Information: Time: 2025-06-04 15:45:26 / Session:  00:02:03 / Command:  00:00:21 / CPU:  00:00:28 / Memory: 1654 MB (FLW-8100)
Information: CPU Load: 16%, Ram Free: 44 GB, Swap Free: 1 GB, Work Disk Free: 308 GB, Tmp Disk Free: 308 GB (MSG-3995)
Warning: No clock routing rules were specified. Use set_clock_routing_rules to specify routing rules for accurate clock latency estimation. (OPT-902)
Warning: No clock routing rules were specified. Use set_clock_routing_rules to specify routing rules for accurate clock latency estimation. (OPT-902)
Information: Estimating clock gate latencies for scenario 'PowerSave_Slow'. (OPT-909)
Warning: No clock routing rules were specified. Use set_clock_routing_rules to specify routing rules for accurate clock latency estimation. (OPT-902)
Information: Estimating clock gate latencies for scenario 'Normal_Slow'. (OPT-909)
Information: Ending   compile_fusion / logic_opto / Optimization (2) (FLW-8001)
Information: Time: 2025-06-04 15:45:27 / Session:  00:02:04 / Command:  00:00:23 / CPU:  00:00:30 / Memory: 1654 MB (FLW-8100)
Information: CPU Load: 16%, Ram Free: 44 GB, Swap Free: 1 GB, Work Disk Free: 308 GB, Tmp Disk Free: 308 GB (MSG-3995)
Information: Starting compile_fusion / logic_opto / Auto-Floorplan (1) (FLW-8000)
Information: Time: 2025-06-04 15:45:27 / Session:  00:02:04 / Command:  00:00:23 / CPU:  00:00:30 / Memory: 1654 MB (FLW-8100)
Information: CPU Load: 16%, Ram Free: 44 GB, Swap Free: 1 GB, Work Disk Free: 308 GB, Tmp Disk Free: 308 GB (MSG-3995)
Information: Initializing core and die (AFP-1001)
Information: Initializing rows (AFP-1003)
Information: Initializing tracks (AFP-1004)
Information: Generated core area = 1813.118408 (AFP-2021)
Information: Generated core boundary = { {10 10} {10 83.8} {34.568 83.8} {34.568 10} } (AFP-2022)
Information: Shaping unshaped voltage areas (AFP-1011)
Information: Placing unplaced pins (AFP-1007)
Warning: Cell contains tie connections which are not connected to real PG. (ZRT-511)
Information: Option route.detail.force_end_on_preferred_grid will be ignored since none of the layers have preferred grid. (ZRT-703)
Warning: Layer M4 default pitch 0.100 may be too small to handle up/down via. Note, that minimum requirements are "wire/via-down 0.100" & "wire/via-up 0.122". (ZRT-026)
Warning: Layer M7 default pitch 0.100 may be too small to handle up/down via. Note, that minimum requirements are "wire/via-down 0.100" & "wire/via-up 0.105". (ZRT-026)
Warning: Layer M8 default pitch 0.100 may be too small to handle up/down via. Note, that minimum requirements are "wire/via-down 0.105" & "wire/via-up 0.135". (ZRT-026)
Warning: Layer M9 default pitch 0.100 may be too small to handle up/down via. Note, that minimum requirements are "wire/via-down 0.135" & "wire/via-up 1.570". (ZRT-026)
Warning: Layer MRDL default pitch 4.000 may be too small to handle up/down via. Note, that minimum requirements are "wire/via-down 4.500" & "wire/via-up 4.000". (ZRT-026)
Information: When applicable Min-max layer allow_pin_connection mode will allow paths of length 0.90 outside the layer range. (ZRT-707)
Information: When applicable Min-max layer allow_pin_connection mode will allow paths of length 0.90 outside the layer range on clock nets. (ZRT-718)
Information: When applicable layer based tapering will taper up to 0.00 in distance from the pin. (ZRT-706)
Warning: Standard cell pin SAEDRVT14_ADDH_0P5/CO has no valid via regions. (ZRT-044)
Warning: Standard cell pin SAEDRVT14_OA21B_1/X has no valid via regions. (ZRT-044)
Warning: Cell dut_processing_control_INST/in0_en_r_reg is placed overlapping with other cells at {{30.331 10.210} {32.477 10.810}}. (ZRT-763)
Information: The net parasitics of block dut_toplevel are cleared. (TIM-123)
Information: Using 12 threads for routing. (ZRT-444)
Information: Result of compile_fusion / logic_opto / Auto-Floorplan (1) (FLW-8500)
Information: Auto-Floorplan Summary (AFP-2023)
-------------------------------------------------------------------------------
              origin           area     boundary
core  auto-floorplan        1813.12   { {10 10} {10 83.8} {34.568 83.8} {34.568 10} }
die   auto-floorplan        4180.48   { {0 0} {0 93.8} {44.568 93.8} {44.568 0} }
-------------------------------------------------------------------------------

-------------------------------------------------------------------------------
objects             total        candidates          modified         preserved                 
voltage areas           0                 0                 0                 0
ios                     0                 0                 0                 0
macros                  0                 0                 0                 0
pins                  170               170               170                 0
-------------------------------------------------------------------------------
Information: Ending   compile_fusion / logic_opto / Auto-Floorplan (1) (FLW-8001)
Information: Time: 2025-06-04 15:45:27 / Session:  00:02:05 / Command:  00:00:23 / CPU:  00:00:31 / Memory: 1654 MB (FLW-8100)
Information: CPU Load: 16%, Ram Free: 44 GB, Swap Free: 1 GB, Work Disk Free: 308 GB, Tmp Disk Free: 308 GB (MSG-3995)
Information: Starting compile_fusion / logic_opto / Early Placement (FLW-8000)
Information: Time: 2025-06-04 15:45:27 / Session:  00:02:05 / Command:  00:00:23 / CPU:  00:00:31 / Memory: 1654 MB (FLW-8100)
Information: CPU Load: 16%, Ram Free: 44 GB, Swap Free: 1 GB, Work Disk Free: 308 GB, Tmp Disk Free: 308 GB (MSG-3995)
----------------------------------------------------------------
running create_placement
Information: The stitching and editing of coupling caps is turned OFF for design 'dut_toplevel.dlib:dut_toplevel/auto_floorplan.design'. (TIM-125)
Corner Scaling is off, multiplier is 1.000000
ORB: timingScenario Normal_Slow timingCorner Slow
INFO: Using corner Typical for worst leakage corner
Using default layer M4
new cutoff lpd: 3.06118e-07
corner scaling: maxCornerId = 3
corner=Fast, tran factor=0.837270 (0.028178 / 0.033655)
corner=Typical, tran factor=0.944434 (0.031785 / 0.033655)
corner=Slow, tran factor=1.000000 (0.033655 / 0.033655)
ORB: Nominal = 0.0053925  Design MT = inf  Target = 0.0336550 (6.241 nominal)  MaxRC = 0.022191
ORB: Fast Target = 0.011701 ( 2.170 nominal )
ORB: stageDelay=0.025981, stageLength=1609839
nplLib: default vr hor dist = 322
nplLib: default vr ver dist = 322
nplLib: default vr buf size = 2
nplLib: default vr buf size = 1

Placement Options:
Effort:                        medium_effort       
Timing Driven:                 false               
Buffering Aware Timing Driven: false               
Seed locs:                     false               
Incremental:                   false               
Congestion:                    false               
Fix Macros:                    true                
Place Macros:                  false               
Channel Size Macros:           false               

Printing options for 'place.coarse.*' (non-default only)
place.coarse.continue_on_missing_scandef                :	 true                

Start transferring placement data.
****** Net weight manager: report ******
Weights included: Timing  
Number of nets with non-default weights: 1601
Timing factor = 1
Non-default weight range: (0.889067, 2.6672)
Information: Automatic repeater spreading is enabled.
Completed transferring placement data.
Running placement using 12 thread(s)
Information: Enhanced Auto Density Control is used. (PLACE-098)
Information: Enhanced auto density configuration is 13179.
Information: Automatic density control has selected the following settings: max_density 0.55, congestion_driven_max_util 0.87. (PLACE-027)
Information: HFW control 'off' invoked.
Creating placement from scratch.
coarse place 0% done.
coarse place 25% done.
coarse place 50% done.
coarse place 75% done.
coarse place 100% done.
Information: Coarse placer weighted wire length estimate = 1.32702e+08
Information: Extraction observers are detached as design net change threshold is reached.
Warning: No clock routing rules were specified. Use set_clock_routing_rules to specify routing rules for accurate clock latency estimation. (OPT-902)
Warning: No clock routing rules were specified. Use set_clock_routing_rules to specify routing rules for accurate clock latency estimation. (OPT-902)
Information: Estimating clock gate latencies for scenario 'PowerSave_Slow'. (OPT-909)
Warning: No clock routing rules were specified. Use set_clock_routing_rules to specify routing rules for accurate clock latency estimation. (OPT-902)
Information: Estimating clock gate latencies for scenario 'Normal_Slow'. (OPT-909)
----------------------------------------------------------------
Information: Ending   compile_fusion / logic_opto / Early Placement (FLW-8001)
Information: Time: 2025-06-04 15:45:31 / Session:  00:02:08 / Command:  00:00:26 / CPU:  00:00:36 / Memory: 1654 MB (FLW-8100)
Information: CPU Load: 17%, Ram Free: 44 GB, Swap Free: 1 GB, Work Disk Free: 308 GB, Tmp Disk Free: 308 GB (MSG-3995)
Information: The stitching and editing of coupling caps is turned OFF for design 'dut_toplevel.dlib:dut_toplevel/auto_floorplan.design'. (TIM-125)
Information: Starting compile_fusion / logic_opto / Optimization (3) (FLW-8000)
Information: Time: 2025-06-04 15:45:32 / Session:  00:02:09 / Command:  00:00:28 / CPU:  00:00:40 / Memory: 1654 MB (FLW-8100)
Information: CPU Load: 17%, Ram Free: 44 GB, Swap Free: 1 GB, Work Disk Free: 308 GB, Tmp Disk Free: 308 GB (MSG-3995)
Information: Starting compile_fusion / logic_opto / Optimization (3) / Timing Optimization (FLW-8000)
Information: Time: 2025-06-04 15:45:32 / Session:  00:02:09 / Command:  00:00:28 / CPU:  00:00:40 / Memory: 1654 MB (FLW-8100)
Information: CPU Load: 17%, Ram Free: 44 GB, Swap Free: 1 GB, Work Disk Free: 308 GB, Tmp Disk Free: 308 GB (MSG-3995)
Warning: Cannot infer functionality of libcell 'saed14rvt_ff0p88v125c/SAEDRVT14_FDNRBSBQ_V2_0P5' and will be excluded from sequential mapping. (SQM-1061)
Warning: Cannot infer functionality of libcell 'saed14rvt_ff0p88v125c/SAEDRVT14_FDNRBSBQ_V2_1' and will be excluded from sequential mapping. (SQM-1061)
Warning: Cannot infer functionality of libcell 'saed14rvt_ff0p88v125c/SAEDRVT14_FDNRBSBQ_V2_2' and will be excluded from sequential mapping. (SQM-1061)
Warning: Cannot infer functionality of libcell 'saed14rvt_ff0p88v125c/SAEDRVT14_FDNRBSBQ_V2_4' and will be excluded from sequential mapping. (SQM-1061)
Warning: Cannot infer functionality of libcell 'saed14rvt_ff0p88v125c/SAEDRVT14_FDPRBSBQ_V2_0P5' and will be excluded from sequential mapping. (SQM-1061)
Warning: Cannot infer functionality of libcell 'saed14rvt_ff0p88v125c/SAEDRVT14_FDPRBSBQ_V2_1' and will be excluded from sequential mapping. (SQM-1061)
Warning: Cannot infer functionality of libcell 'saed14rvt_ff0p88v125c/SAEDRVT14_FDPRBSBQ_V2_2' and will be excluded from sequential mapping. (SQM-1061)
Warning: Cannot infer functionality of libcell 'saed14rvt_ff0p88v125c/SAEDRVT14_FDPRBSBQ_V2_4' and will be excluded from sequential mapping. (SQM-1061)
Warning: Cannot infer functionality of libcell 'saed14rvt_ff0p88v125c/SAEDRVT14_FSDPRBSBQ_V2LP_0P5' and will be excluded from sequential mapping. (SQM-1061)
Warning: Cannot infer functionality of libcell 'saed14rvt_ff0p88v125c/SAEDRVT14_FSDPRBSBQ_V2LP_2' and will be excluded from sequential mapping. (SQM-1061)
Warning: Skipping check for single_bit_degenerate attribute on the multibit libcell 'saed14rvt_ff0p88v125c/SAEDRVT14_FSDN2_V2_0P5' since it is not a black-box. (SQM-1079)
Information: No single-bit representative was found for multibit lib cell 'saed14rvt_ff0p88v125c/SAEDRVT14_FSDN2_V2_0P5'. (SQM-2004)
Warning: Skipping check for single_bit_degenerate attribute on the multibit libcell 'saed14rvt_ff0p88v125c/SAEDRVT14_FSDN2_V2_1' since it is not a black-box. (SQM-1079)
Information: No single-bit representative was found for multibit lib cell 'saed14rvt_ff0p88v125c/SAEDRVT14_FSDN2_V2_1'. (SQM-2004)
Warning: Skipping check for single_bit_degenerate attribute on the multibit libcell 'saed14rvt_ff0p88v125c/SAEDRVT14_FSDN2_V2_2' since it is not a black-box. (SQM-1079)
Information: No single-bit representative was found for multibit lib cell 'saed14rvt_ff0p88v125c/SAEDRVT14_FSDN2_V2_2'. (SQM-2004)
Warning: Skipping check for single_bit_degenerate attribute on the multibit libcell 'saed14rvt_ff0p88v125c/SAEDRVT14_FSDN2_V2_4' since it is not a black-box. (SQM-1079)
Information: No single-bit representative was found for multibit lib cell 'saed14rvt_ff0p88v125c/SAEDRVT14_FSDN2_V2_4'. (SQM-2004)
Warning: Skipping check for single_bit_degenerate attribute on the multibit libcell 'saed14rvt_ff0p88v125c/SAEDRVT14_FSDN4_V2_0P5' since it is not a black-box. (SQM-1079)
Information: No single-bit representative was found for multibit lib cell 'saed14rvt_ff0p88v125c/SAEDRVT14_FSDN4_V2_0P5'. (SQM-2004)
Information: No single-bit representative was found for multibit lib cell 'saed14rvt_ff0p88v125c/SAEDRVT14_FSDN4_V2_1'. (SQM-2004)
Information: No single-bit representative was found for multibit lib cell 'saed14rvt_ff0p88v125c/SAEDRVT14_FSDN4_V2_2'. (SQM-2004)
Information: No single-bit representative was found for multibit lib cell 'saed14rvt_ff0p88v125c/SAEDRVT14_FSDN4_V2_4'. (SQM-2004)
Warning: Found 8 multibit sequential library cells that have missing/added attributes or have restrictions that prevent them from banking. (SQM-1053)
Information: No single-bit representative was found for multibit lib cell 'saed14rvt_ff0p88v125c/SAEDRVT14_FSDN2_V2_0P5'. (SQM-2004)
Information: No single-bit representative was found for multibit lib cell 'saed14rvt_ff0p88v125c/SAEDRVT14_FSDN2_V2_1'. (SQM-2004)
Warning: Found 8 multibit sequential library cells that have missing/added attributes or have restrictions that prevent them from banking. (SQM-1053)
Warning: Found 8 multibit sequential library cells that have missing/added attributes or have restrictions that prevent them from banking. (SQM-1053)
Warning: Found 8 multibit sequential library cells that have missing/added attributes or have restrictions that prevent them from banking. (SQM-1053)
Warning: Found 8 multibit sequential library cells that have missing/added attributes or have restrictions that prevent them from banking. (SQM-1053)
Warning: Found 8 multibit sequential library cells that have missing/added attributes or have restrictions that prevent them from banking. (SQM-1053)
Warning: Found 8 multibit sequential library cells that have missing/added attributes or have restrictions that prevent them from banking. (SQM-1053)
Warning: Found 8 multibit sequential library cells that have missing/added attributes or have restrictions that prevent them from banking. (SQM-1053)
Warning: Found 8 multibit sequential library cells that have missing/added attributes or have restrictions that prevent them from banking. (SQM-1053)
Warning: Found 8 multibit sequential library cells that have missing/added attributes or have restrictions that prevent them from banking. (SQM-1053)
Information: 2 out of 12 SQM-1053 messages were not printed due to limit 10 (after 'compile_fusion' at task4.tcl:68) (MSG-3913)
Information: 182 out of 192 SQM-1061 messages were not printed due to limit 10 (after 'compile_fusion' at task4.tcl:68) (MSG-3913)
Information: 91 out of 96 SQM-1079 messages were not printed due to limit 5 (after 'compile_fusion' at task4.tcl:68) (MSG-3913)
Information: 86 out of 96 SQM-2004 messages were not printed due to limit 10 (after 'compile_fusion' at task4.tcl:68) (MSG-3913)
Information: Ending   compile_fusion / logic_opto / Optimization (3) / Timing Optimization (FLW-8001)
Information: Time: 2025-06-04 15:45:34 / Session:  00:02:11 / Command:  00:00:29 / CPU:  00:00:41 / Memory: 1654 MB (FLW-8100)
Information: CPU Load: 17%, Ram Free: 44 GB, Swap Free: 1 GB, Work Disk Free: 308 GB, Tmp Disk Free: 308 GB (MSG-3995)
Information: Ending   compile_fusion / logic_opto / Optimization (3) (FLW-8001)
Information: Time: 2025-06-04 15:45:34 / Session:  00:02:11 / Command:  00:00:30 / CPU:  00:00:42 / Memory: 1654 MB (FLW-8100)
Information: CPU Load: 17%, Ram Free: 44 GB, Swap Free: 1 GB, Work Disk Free: 308 GB, Tmp Disk Free: 308 GB (MSG-3995)
Information: Starting compile_fusion / logic_opto / Optimization (4) (FLW-8000)
Information: Time: 2025-06-04 15:45:34 / Session:  00:02:11 / Command:  00:00:30 / CPU:  00:00:42 / Memory: 1654 MB (FLW-8100)
Information: CPU Load: 17%, Ram Free: 44 GB, Swap Free: 1 GB, Work Disk Free: 308 GB, Tmp Disk Free: 308 GB (MSG-3995)
Information: Starting compile_fusion / logic_opto / Optimization (4) / Logic Simplification and Register Optimization (FLW-8000)
Information: Time: 2025-06-04 15:45:34 / Session:  00:02:11 / Command:  00:00:30 / CPU:  00:00:42 / Memory: 1654 MB (FLW-8100)
Information: CPU Load: 17%, Ram Free: 44 GB, Swap Free: 1 GB, Work Disk Free: 308 GB, Tmp Disk Free: 308 GB (MSG-3995)
Information: Ending   compile_fusion / logic_opto / Optimization (4) / Logic Simplification and Register Optimization (FLW-8001)
Information: Time: 2025-06-04 15:45:34 / Session:  00:02:11 / Command:  00:00:30 / CPU:  00:00:42 / Memory: 1654 MB (FLW-8100)
Information: CPU Load: 17%, Ram Free: 44 GB, Swap Free: 1 GB, Work Disk Free: 308 GB, Tmp Disk Free: 308 GB (MSG-3995)
Information: Ending   compile_fusion / logic_opto / Optimization (4) (FLW-8001)
Information: Time: 2025-06-04 15:45:38 / Session:  00:02:15 / Command:  00:00:34 / CPU:  00:00:48 / Memory: 1654 MB (FLW-8100)
Information: CPU Load: 17%, Ram Free: 44 GB, Swap Free: 1 GB, Work Disk Free: 308 GB, Tmp Disk Free: 308 GB (MSG-3995)
Information: Starting compile_fusion / logic_opto / Optimization (5) (FLW-8000)
Information: Time: 2025-06-04 15:45:38 / Session:  00:02:15 / Command:  00:00:34 / CPU:  00:00:48 / Memory: 1654 MB (FLW-8100)
Information: CPU Load: 17%, Ram Free: 44 GB, Swap Free: 1 GB, Work Disk Free: 308 GB, Tmp Disk Free: 308 GB (MSG-3995)
Information: Starting compile_fusion / logic_opto / Optimization (5) / Logic Simplification and Register Optimization (FLW-8000)
Information: Time: 2025-06-04 15:45:38 / Session:  00:02:15 / Command:  00:00:34 / CPU:  00:00:48 / Memory: 1654 MB (FLW-8100)
Information: CPU Load: 17%, Ram Free: 44 GB, Swap Free: 1 GB, Work Disk Free: 308 GB, Tmp Disk Free: 308 GB (MSG-3995)
Information: Ending   compile_fusion / logic_opto / Optimization (5) / Logic Simplification and Register Optimization (FLW-8001)
Information: Time: 2025-06-04 15:45:38 / Session:  00:02:15 / Command:  00:00:34 / CPU:  00:00:48 / Memory: 1654 MB (FLW-8100)
Information: CPU Load: 17%, Ram Free: 44 GB, Swap Free: 1 GB, Work Disk Free: 308 GB, Tmp Disk Free: 308 GB (MSG-3995)
Information: Ending   compile_fusion / logic_opto / Optimization (5) (FLW-8001)
Information: Time: 2025-06-04 15:45:38 / Session:  00:02:15 / Command:  00:00:34 / CPU:  00:00:48 / Memory: 1654 MB (FLW-8100)
Information: CPU Load: 17%, Ram Free: 44 GB, Swap Free: 1 GB, Work Disk Free: 308 GB, Tmp Disk Free: 308 GB (MSG-3995)
Information: Starting compile_fusion / logic_opto / Auto-Floorplan (2) (FLW-8000)
Information: Time: 2025-06-04 15:45:38 / Session:  00:02:15 / Command:  00:00:34 / CPU:  00:00:48 / Memory: 1654 MB (FLW-8100)
Information: CPU Load: 17%, Ram Free: 44 GB, Swap Free: 1 GB, Work Disk Free: 308 GB, Tmp Disk Free: 308 GB (MSG-3995)
Information: Initializing core and die (AFP-1001)
Information: Initializing rows (AFP-1003)
Information: Initializing tracks (AFP-1004)
Removing existing floorplan objects
Creating core...
Core utilization ratio = 50.47%
Unplacing all cells...
Creating site array...
Creating routing tracks...
Initializing floorplan completed.
Information: Generated core area = 1792.960815 (AFP-2021)
Information: Generated core boundary = { {10 10} {10 83.2} {34.494 83.2} {34.494 10} } (AFP-2022)
Information: Shaping unshaped voltage areas (AFP-1011)
Information: Placing unplaced pins (AFP-1007)
Load DB...
CPU Time for load db: 00:00:00.00u 00:00:00.00s 00:00:00.00e: 

Min routing layer: M1
Max routing layer: MRDL

Non default block pin constraint setting(s) of top block: dut_toplevel
pin_spacing_distance: 1.0000
allowed_layers:       M2 M3 
sides:                1 2 3

CPU Time for Top Level Pre-Route Processing: 00:00:00.00u 00:00:00.00s 00:00:00.00e: 
Warning: Cell contains tie connections which are not connected to real PG. (ZRT-511)
Cell Min-Routing-Layer = M1
Cell Max-Routing-Layer = MRDL
Turn off antenna since no rule is specified
Information: Option route.detail.force_end_on_preferred_grid will be ignored since none of the layers have preferred grid. (ZRT-703)

Block Pin Constraint   Min Pin Max Pin Reserve
                       Layer   Layer   Layer    Feedthroughs
--------------------   ------  ------  ------   ------------
dut_toplevel           M2      M3      MRDL     Not allowed

Via on layer (VIA4) needs more than one tracks
Warning: Layer M4 default pitch 0.100 may be too small to handle up/down via. Note, that minimum requirements are "wire/via-down 0.100" & "wire/via-up 0.122". (ZRT-026)
Via on layer (VIA7) needs more than one tracks
Warning: Layer M7 default pitch 0.100 may be too small to handle up/down via. Note, that minimum requirements are "wire/via-down 0.100" & "wire/via-up 0.105". (ZRT-026)
Wire on layer (M8) needs more than one tracks
Via on layer (VIA7) needs more than one tracks
Via on layer (VIA8) needs more than one tracks
Warning: Layer M8 default pitch 0.100 may be too small to handle up/down via. Note, that minimum requirements are "wire/via-down 0.105" & "wire/via-up 0.135". (ZRT-026)
Wire on layer (M9) needs more than one tracks
Via on layer (VIA8) needs more than one tracks
Via on layer (VIARDL) needs more than one tracks
Warning: Layer M9 default pitch 0.100 may be too small to handle up/down via. Note, that minimum requirements are "wire/via-down 0.135" & "wire/via-up 1.570". (ZRT-026)
Via on layer (VIARDL) needs more than one tracks
Warning: Layer MRDL default pitch 4.000 may be too small to handle up/down via. Note, that minimum requirements are "wire/via-down 4.500" & "wire/via-up 4.000". (ZRT-026)
Transition layer name: M7(6)
Transition layer name: M8(7)
Information: When applicable Min-max layer allow_pin_connection mode will allow paths of length 0.90 outside the layer range. (ZRT-707)
Information: When applicable Min-max layer allow_pin_connection mode will allow paths of length 0.90 outside the layer range on clock nets. (ZRT-718)
Information: When applicable layer based tapering will taper up to 0.00 in distance from the pin. (ZRT-706)
Warning: Standard cell pin SAEDRVT14_ADDH_0P5/CO has no valid via regions. (ZRT-044)
Warning: Standard cell pin SAEDRVT14_OA21B_1/X has no valid via regions. (ZRT-044)
Warning: Cell dut_input_channel_control_0_INST/in_data_arb_r_reg[13] is placed overlapping with other cells at {{17.107 68.501} {19.253 69.101}}. (ZRT-763)
Start Global Route ... 
[Init] Elapsed real time: 0:00:00 
[Init] Elapsed cpu  time: sys=0:00:00 usr=0:00:00 total=0:00:00
[Init] Stage (MB): Used    0  Alloctr    0  Proc    0 
[Init] Total (MB): Used   52  Alloctr   53  Proc 6268 
Printing options for 'route.common.*'
common.clock_topology                                   :	 normal              
common.single_connection_to_pins                        :	 off                 

Printing options for 'route.global.*'
global.crosstalk_driven                                 :	 false               
global.deterministic                                    :	 on                  

Begin global routing.
Constructing data structure ...
Design statistics:
Design Bounding Box (-0.60um,-0.60um,45.09um,93.80um)
Number of routing layers = 10
layer M1, dir Hor, min width = 0.034um, min space = 0.026um pitch = 0.074um
layer M2, dir Ver, min width = 0.034um, min space = 0.026um pitch = 0.06um
layer M3, dir Hor, min width = 0.034um, min space = 0.026um pitch = 0.074um
layer M4, dir Ver, min width = 0.06um, min space = 0.04um pitch = 0.1um
layer M5, dir Hor, min width = 0.06um, min space = 0.04um pitch = 0.1um
layer M6, dir Ver, min width = 0.06um, min space = 0.04um pitch = 0.1um
layer M7, dir Hor, min width = 0.06um, min space = 0.04um pitch = 0.1um
layer M8, dir Ver, min width = 0.06um, min space = 0.04um pitch = 0.1um
layer M9, dir Hor, min width = 0.06um, min space = 0.04um pitch = 0.1um
layer MRDL, dir Ver, min width = 2um, min space = 2um pitch = 4um
Current Stage stats:
[End of Build Tech Data] Elapsed real time: 0:00:00 
[End of Build Tech Data] Elapsed cpu  time: sys=0:00:00 usr=0:00:00 total=0:00:00
[End of Build Tech Data] Stage (MB): Used    1  Alloctr    1  Proc    0 
[End of Build Tech Data] Total (MB): Used   58  Alloctr   59  Proc 6268 
Net statistics:
Total number of nets to route for block pin placement     = 168
Number of interface nets to route for block pin placement = 168
Net length statistics: 
Net Count(Ignore Fully Rted) 336, Total Half Perimeter Wire Length (HPWL) 14756 microns
HPWL   0 ~   50 microns: Net Count      190	Total HPWL         1135 microns
HPWL  50 ~  100 microns: Net Count      146	Total HPWL        13620 microns
HPWL 100 ~  200 microns: Net Count        0	Total HPWL            0 microns
HPWL 200 ~  300 microns: Net Count        0	Total HPWL            0 microns
HPWL 300 ~  400 microns: Net Count        0	Total HPWL            0 microns
HPWL 400 ~  500 microns: Net Count        0	Total HPWL            0 microns
HPWL 500 ~  600 microns: Net Count        0	Total HPWL            0 microns
HPWL 600 ~  700 microns: Net Count        0	Total HPWL            0 microns
HPWL 700 ~  800 microns: Net Count        0	Total HPWL            0 microns
HPWL 800 ~  900 microns: Net Count        0	Total HPWL            0 microns
HPWL 900 ~ 1000 microns: Net Count        0	Total HPWL            0 microns
HPWL     > 1000 microns: Net Count        0	Total HPWL            0 microns
Current Stage stats:
[End of Build All Nets] Elapsed real time: 0:00:00 
[End of Build All Nets] Elapsed cpu  time: sys=0:00:00 usr=0:00:00 total=0:00:00
[End of Build All Nets] Stage (MB): Used    0  Alloctr    0  Proc  -32 
[End of Build All Nets] Total (MB): Used   58  Alloctr   59  Proc 6236 
Number of partitions: 1 (1 x 1)
Size of partitions: 40 gCells x 80 gCells
Average gCell capacity  15.93	 on layer (1)	 M1
Average gCell capacity  19.00	 on layer (2)	 M2
Average gCell capacity  15.93	 on layer (3)	 M3
Average gCell capacity  11.38	 on layer (4)	 M4
Average gCell capacity  11.77	 on layer (5)	 M5
Average gCell capacity  11.38	 on layer (6)	 M6
Average gCell capacity  11.77	 on layer (7)	 M7
Average gCell capacity  11.38	 on layer (8)	 M8
Average gCell capacity  11.77	 on layer (9)	 M9
Average gCell capacity  0.25	 on layer (10)	 MRDL
Average number of tracks per gCell 15.96	 on layer (1)	 M1
Average number of tracks per gCell 19.05	 on layer (2)	 M2
Average number of tracks per gCell 15.96	 on layer (3)	 M3
Average number of tracks per gCell 11.43	 on layer (4)	 M4
Average number of tracks per gCell 11.80	 on layer (5)	 M5
Average number of tracks per gCell 11.43	 on layer (6)	 M6
Average number of tracks per gCell 11.80	 on layer (7)	 M7
Average number of tracks per gCell 11.43	 on layer (8)	 M8
Average number of tracks per gCell 11.80	 on layer (9)	 M9
Average number of tracks per gCell 0.30	 on layer (10)	 MRDL
Number of gCells = 32000
Current Stage stats:
[End of Build Congestion Map] Elapsed real time: 0:00:00 
[End of Build Congestion Map] Elapsed cpu  time: sys=0:00:00 usr=0:00:00 total=0:00:00
[End of Build Congestion Map] Stage (MB): Used    1  Alloctr    1  Proc    0 
[End of Build Congestion Map] Total (MB): Used   59  Alloctr   60  Proc 6236 
Number of partitions: 1 (1 x 1)
Size of partitions: 40 gCells x 80 gCells
Current Stage stats:
[End of Add Nets Demand] Elapsed real time: 0:00:00 
[End of Add Nets Demand] Elapsed cpu  time: sys=0:00:00 usr=0:00:00 total=0:00:00
[End of Add Nets Demand] Stage (MB): Used    0  Alloctr    0  Proc    0 
[End of Add Nets Demand] Total (MB): Used   60  Alloctr   60  Proc 6236 
Number of user frozen nets = 0
Total stats:
[End of Build Data] Elapsed real time: 0:00:00 
[End of Build Data] Elapsed cpu  time: sys=0:00:00 usr=0:00:00 total=0:00:00
[End of Build Data] Stage (MB): Used    3  Alloctr    3  Proc  -32 
[End of Build Data] Total (MB): Used   60  Alloctr   60  Proc 6236 
Number of partitions: 1 (1 x 1)
Size of partitions: 40 gCells x 80 gCells
Current Stage stats:
[End of Blocked Pin Detection] Elapsed real time: 0:00:00 
[End of Blocked Pin Detection] Elapsed cpu  time: sys=0:00:00 usr=0:00:00 total=0:00:00
[End of Blocked Pin Detection] Stage (MB): Used   12  Alloctr   12  Proc    0 
[End of Blocked Pin Detection] Total (MB): Used   72  Alloctr   72  Proc 6236 
Information: Using 12 threads for routing. (ZRT-444)
Information: Buffer distance is estimated to be ~271.0000um (225 gCells)

Start GR phase 0
Number of partitions: 1 (1 x 1)
Size of partitions: 40 gCells x 80 gCells
[rtTop] Elapsed real time: 0:00:00 
[rtTop] Elapsed cpu  time: sys=0:00:00 usr=0:00:00 total=0:00:00
Current Stage stats:
[End of Initial Routing] Elapsed real time: 0:00:00 
[End of Initial Routing] Elapsed cpu  time: sys=0:00:00 usr=0:00:00 total=0:00:00
[End of Initial Routing] Stage (MB): Used    0  Alloctr    0  Proc    0 
[End of Initial Routing] Total (MB): Used   72  Alloctr   72  Proc 6236 
Initial. Routing result:
Initial. Both Dirs: Dmd-Cap  =     0 Max = 0 GRCs =     0 (0.00%)
Initial. H routing: Dmd-Cap  =     0 Max = 0 (GRCs =  0) GRCs =     0 (0.00%)
Initial. V routing: Dmd-Cap  =     0 Max = 0 (GRCs =  0) GRCs =     0 (0.00%)
Initial. Both Dirs: Overflow =     0 Max = 0 GRCs =     0 (0.00%)
Initial. H routing: Overflow =     0 Max = 0 (GRCs =  0) GRCs =     0 (0.00%)
Initial. V routing: Overflow =     0 Max = 0 (GRCs =  0) GRCs =     0 (0.00%)
Initial. M1         Overflow =     0 Max = 0 (GRCs =  0) GRCs =     0 (0.00%)
Initial. M2         Overflow =     0 Max = 0 (GRCs =  0) GRCs =     0 (0.00%)
Initial. M3         Overflow =     0 Max = 0 (GRCs =  0) GRCs =     0 (0.00%)
Initial. M4         Overflow =     0 Max = 0 (GRCs =  0) GRCs =     0 (0.00%)
Initial. M5         Overflow =     0 Max = 0 (GRCs =  0) GRCs =     0 (0.00%)
Initial. M6         Overflow =     0 Max = 0 (GRCs =  0) GRCs =     0 (0.00%)
Initial. M7         Overflow =     0 Max = 0 (GRCs =  0) GRCs =     0 (0.00%)
Initial. M8         Overflow =     0 Max = 0 (GRCs =  0) GRCs =     0 (0.00%)
Initial. M9         Overflow =     0 Max = 0 (GRCs =  0) GRCs =     0 (0.00%)
Initial. MRDL       Overflow =     0 Max = 0 (GRCs =  0) GRCs =     0 (0.00%)

Initial. Total Wire Length = 2467.79
Initial. Layer M1 wire length = 4.33
Initial. Layer M2 wire length = 294.54
Initial. Layer M3 wire length = 1884.30
Initial. Layer M4 wire length = 63.40
Initial. Layer M5 wire length = 221.21
Initial. Layer M6 wire length = 0.00
Initial. Layer M7 wire length = 0.00
Initial. Layer M8 wire length = 0.00
Initial. Layer M9 wire length = 0.00
Initial. Layer MRDL wire length = 0.00
Initial. Total Number of Contacts = 319
Initial. Via VIA1_Base count = 54
Initial. Via VIA2_Base count = 169
Initial. Via VIA34SQ_C count = 60
Initial. Via VIA4SQ count = 36
Initial. Via VIA5SQ_C count = 0
Initial. Via VIA67SQ_C count = 0
Initial. Via VIA78SQ_C count = 0
Initial. Via VIA89_C count = 0
Initial. Via VIA9RDL count = 0
Initial. completed.
[End of Whole Chip Routing] Elapsed real time: 0:00:00 
[End of Whole Chip Routing] Elapsed cpu  time: sys=0:00:00 usr=0:00:00 total=0:00:00
[End of Whole Chip Routing] Stage (MB): Used   15  Alloctr   15  Proc  -32 
[End of Whole Chip Routing] Total (MB): Used   72  Alloctr   72  Proc 6236 
[End of Global Routing] Elapsed real time: 0:00:00 
[End of Global Routing] Elapsed cpu  time: sys=0:00:00 usr=0:00:00 total=0:00:00
[End of Global Routing] Stage (MB): Used   14  Alloctr   14  Proc  -32 
[End of Global Routing] Total (MB): Used   71  Alloctr   71  Proc 6236 
[End of dbOut] Elapsed real time: 0:00:00 
[End of dbOut] Elapsed cpu  time: sys=0:00:00 usr=0:00:00 total=0:00:00
[End of dbOut] Stage (MB): Used    0  Alloctr    0  Proc    0 
[End of dbOut] Total (MB): Used   61  Alloctr   62  Proc 6236 
CPU Time for Global Route: 00:00:00.40u 00:00:00.01s 00:00:00.36e: 
Number of block ports: 170
Number of block pin locations assigned from router: 168
CPU Time for Pin Preparation: 00:00:00.00u 00:00:00.00s 00:00:00.00e: 
Warning: Not enough slots available for pin placement. Ignore pin spacing constraints. (DPPA-004)
Warning: Pin nreset is placed with relaxed spacing constraint. (DPPA-379)
Warning: Pin VSS is placed with relaxed spacing constraint. (DPPA-379)
Warning: Pin VDD is placed with relaxed spacing constraint. (DPPA-379)
Number of PG ports on blocks: 0
Number of pins created: 170
Warning: 3 pins on block dut_toplevel have been placed with relaxed pin spacing constraint(s). (DPPA-089)
CPU Time for Pin Creation: 00:00:00.01u 00:00:00.00s 00:00:00.01e: 
Total Pin Placement CPU Time: 00:00:00.42u 00:00:00.01s 00:00:00.38e: 
Information: Result of compile_fusion / logic_opto / Auto-Floorplan (2) (FLW-8500)
Information: Auto-Floorplan Summary (AFP-2023)
-------------------------------------------------------------------------------
              origin           area     boundary
core  auto-floorplan        1792.96   { {10 10} {10 83.2} {34.494 83.2} {34.494 10} }
die   auto-floorplan        4146.84   { {0 0} {0 93.2} {44.494 93.2} {44.494 0} }
-------------------------------------------------------------------------------

-------------------------------------------------------------------------------
objects             total        candidates          modified         preserved                 
voltage areas           0                 0                 0                 0
ios                     0                 0                 0                 0
macros                  0                 0                 0                 0
pins                  170               170               168                 2
-------------------------------------------------------------------------------
Information: Ending   compile_fusion / logic_opto / Auto-Floorplan (2) (FLW-8001)
Information: Time: 2025-06-04 15:45:38 / Session:  00:02:16 / Command:  00:00:34 / CPU:  00:00:48 / Memory: 1654 MB (FLW-8100)
Information: CPU Load: 17%, Ram Free: 44 GB, Swap Free: 1 GB, Work Disk Free: 308 GB, Tmp Disk Free: 308 GB (MSG-3995)
Information: Starting compile_fusion / logic_opto / Secondary PG connections (FLW-8000)
Information: Time: 2025-06-04 15:45:38 / Session:  00:02:16 / Command:  00:00:34 / CPU:  00:00:48 / Memory: 1654 MB (FLW-8100)
Information: CPU Load: 17%, Ram Free: 44 GB, Swap Free: 1 GB, Work Disk Free: 308 GB, Tmp Disk Free: 308 GB (MSG-3995)
Information: Secondary PG:  Secondary PG connections skipped because it is not a UPF design (FLW-1247)
Information: Ending   compile_fusion / logic_opto / Secondary PG connections (FLW-8001)
Information: Time: 2025-06-04 15:45:38 / Session:  00:02:16 / Command:  00:00:34 / CPU:  00:00:48 / Memory: 1654 MB (FLW-8100)
Information: CPU Load: 17%, Ram Free: 44 GB, Swap Free: 1 GB, Work Disk Free: 308 GB, Tmp Disk Free: 308 GB (MSG-3995)
Compile-fusion optimization summary            SETUP-COST    R2R-COST HOLD-COST LDRC-COST          AREA     LEAKAGE     INSTCNT            ELAPSE       MEM
Compile-fusion                                          -           -         -         -        904.92           -        1171              0.04      1653
Information: Ending   compile_fusion / logic_opto (FLW-8001)
Information: Time: 2025-06-04 15:45:38 / Session:  00:02:16 / Command:  00:00:34 / CPU:  00:00:48 / Memory: 1654 MB (FLW-8100)
Information: CPU Load: 17%, Ram Free: 44 GB, Swap Free: 1 GB, Work Disk Free: 308 GB, Tmp Disk Free: 308 GB (MSG-3995)

Information: >>>>>>> 11 unique error and warning message tags while observing compile_fusion / logic_opto: (MSG-3100)
Information: #prnt #trgr #lmt    Tag  Level     Format (or last printed message)                                (MSG-3036)
Information:     6     2  0 FLW-2224  WARNING   Warning: Duplicate callback function set for step 'fc/logic_... (MSG-3032)
Information:   170   248  5 SQM-1079  WARNING   Warning: Skipping check for single_bit_degenerate attribute ... (MSG-3032)
Information:   340   496 10 SQM-1061  WARNING   Warning: Cannot infer functionality of libcell 'saed14rvt_ff... (MSG-3032)
Information:    88    31 10 SQM-1053  WARNING   Warning: Found 8 multibit sequential library cells that have... (MSG-3032)
Information:     5     2  0 ZRT-511   WARNING   Warning: Cell contains tie connections which are not connect... (MSG-3032)
Information:    25    10  0 ZRT-026   WARNING   Warning: Layer MRDL default pitch 4.000 may be too small to ... (MSG-3032)
Information:     1     1  0 DPPA-089  WARNING   Warning: 3 pins on block dut_toplevel have been placed with ... (MSG-3032)
Information:     1     1  0 DPPA-004  WARNING   Warning: Not enough slots available for pin placement. Ignor... (MSG-3032)
Information:     3     3  0 DPPA-379  WARNING   Warning: Pin VDD is placed with relaxed spacing constraint. ... (MSG-3032)
Information:     5     2  0 ZRT-763   WARNING   Warning: Cell dut_input_channel_control_0_INST/in_data_arb_r... (MSG-3032)
Information:    41     6  0 OPT-902   WARNING   Warning: No clock routing rules were specified. Use set_cloc... (MSG-3032)
Information:   685   802  3       11  <------   Total sum of messages (MSG-3038)
Information: >>>>>>> Summary: 802 error&warning MSGs observed during compile_fusion / logic_opto (MSG-3103)

Scenario Normal_Typical is cellEm
Scenario PowerSave_Typical is cellEm
Information: The stitching and editing of coupling caps is turned OFF for design 'dut_toplevel.dlib:dut_toplevel/auto_floorplan.design'. (TIM-125)
Info: update em.
Information: Activity propagation will be performed for scenario Normal_Fast.
Information: Doing activity propagation for mode 'Normal' and corner 'Fast' with effort level 'medium'. (POW-024)
Information: Timer-derived activity data is cached on scenario Normal_Fast (POW-052)
Information: Running switching activity propagation with 12 threads!

 **** Information : No. of simulation cycles = 6 ****
Information: Propagated activity on scenario Normal_Slow identical to that on Normal_Fast (POW-006)
Information: Propagated activity on scenario Normal_Typical identical to that on Normal_Fast (POW-006)
Information: Activity propagation will be performed for scenario PowerSave_Fast.
Information: Doing activity propagation for mode 'PowerSave' and corner 'Fast' with effort level 'medium'. (POW-024)
Information: Timer-derived activity data is cached on scenario PowerSave_Fast (POW-052)
Information: Running switching activity propagation with 12 threads!

 **** Information : No. of simulation cycles = 6 ****
Information: Propagated activity on scenario PowerSave_Slow identical to that on PowerSave_Fast (POW-006)
Information: Propagated activity on scenario PowerSave_Typical identical to that on PowerSave_Fast (POW-006)
Information: Activity for scenario Normal_Fast was cached, no propagation required. (POW-005)
Information: Activity for scenario Normal_Slow was cached, no propagation required. (POW-005)
Information: Activity for scenario Normal_Typical was cached, no propagation required. (POW-005)
Information: Activity for scenario PowerSave_Fast was cached, no propagation required. (POW-005)
Information: Activity for scenario PowerSave_Slow was cached, no propagation required. (POW-005)
Information: Activity for scenario PowerSave_Typical was cached, no propagation required. (POW-005)
CTS Cell EM initialization finished
Scenario Normal_Typical is cellEm
Scenario PowerSave_Typical is cellEm
Info: update em.
Information: Activity for scenario Normal_Fast was cached, no propagation required. (POW-005)
Information: Activity for scenario Normal_Slow was cached, no propagation required. (POW-005)
Information: Activity for scenario Normal_Typical was cached, no propagation required. (POW-005)
Information: Activity for scenario PowerSave_Fast was cached, no propagation required. (POW-005)
CTS Cell EM initialization finished
Warning: No clock routing rules were specified. Use set_clock_routing_rules to specify routing rules for accurate clock latency estimation. (OPT-902)
Warning: No clock routing rules were specified. Use set_clock_routing_rules to specify routing rules for accurate clock latency estimation. (OPT-902)
Information: Estimating clock gate latencies for scenario 'PowerSave_Typical'. (OPT-909)
Warning: No clock routing rules were specified. Use set_clock_routing_rules to specify routing rules for accurate clock latency estimation. (OPT-902)
Information: Estimating clock gate latencies for scenario 'PowerSave_Slow'. (OPT-909)
Warning: No clock routing rules were specified. Use set_clock_routing_rules to specify routing rules for accurate clock latency estimation. (OPT-902)
Information: Estimating clock gate latencies for scenario 'PowerSave_Fast'. (OPT-909)
Warning: No clock routing rules were specified. Use set_clock_routing_rules to specify routing rules for accurate clock latency estimation. (OPT-902)
Information: Estimating clock gate latencies for scenario 'Normal_Typical'. (OPT-909)
Warning: No clock routing rules were specified. Use set_clock_routing_rules to specify routing rules for accurate clock latency estimation. (OPT-902)
Information: Estimating clock gate latencies for scenario 'Normal_Slow'. (OPT-909)
Warning: No clock routing rules were specified. Use set_clock_routing_rules to specify routing rules for accurate clock latency estimation. (OPT-902)
Information: Estimating clock gate latencies for scenario 'Normal_Fast'. (OPT-909)
Information: 2 out of 12 POW-005 messages were not printed due to limit 10 (after 'compile_fusion' at task4.tcl:68) (MSG-3913)
Information: Summary of UPF Cells (UPF-532)
*******************************************************************************
                            Summary of UPF Cells                               
*******************************************************************************
This is NOT a UPF design.
UPF is NOT loaded.
UPF is NOT committed.
-------------------------------------------------------------------------------
*******************************************************************************
                        End of Summary of UPF Cells                            
*******************************************************************************
[Tim-Power] Info: Cleared Leakage libCell cache.
Information: Timer using 12 threads
INFO: End environment monitoring: recipes
INFO: Restored 0 timer status, 3 app options, 0 tcl gvars, 0 env vars
Information: >>>>>>> 13 unique error and warning message tags while observing fusion: (MSG-3100)
Information: #prnt #trgr #lmt    Tag  Level     Format (or last printed message)                                (MSG-3036)
Information:     6     2  0 FLW-2224  WARNING   Warning: Duplicate callback function set for step 'fc/logic_... (MSG-3032)
Information:   170   264  5 SQM-1079  WARNING   Warning: Skipping check for single_bit_degenerate attribute ... (MSG-3032)
Information:     3     1  1 SQM-1074  WARNING   Warning: Shift register Inferencing is enabled so only head ... (MSG-3032)
Information:   340   528 10 SQM-1061  WARNING   Warning: Cannot infer functionality of libcell 'saed14rvt_ff... (MSG-3032)
Information:    88    33 10 SQM-1053  WARNING   Warning: Found 8 multibit sequential library cells that have... (MSG-3032)
Information:     3     1  1 SQM-1034  WARNING   Warning: No cell bus will be mapped to multibit because mult... (MSG-3032)
Information:     5     2  0 ZRT-511   WARNING   Warning: Cell contains tie connections which are not connect... (MSG-3032)
Information:    25    10  0 ZRT-026   WARNING   Warning: Layer MRDL default pitch 4.000 may be too small to ... (MSG-3032)
Information:     1     1  0 DPPA-089  WARNING   Warning: 3 pins on block dut_toplevel have been placed with ... (MSG-3032)
Information:     1     1  0 DPPA-004  WARNING   Warning: Not enough slots available for pin placement. Ignor... (MSG-3032)
Information:     3     3  0 DPPA-379  WARNING   Warning: Pin VDD is placed with relaxed spacing constraint. ... (MSG-3032)
Information:     5     2  0 ZRT-763   WARNING   Warning: Cell dut_input_channel_control_0_INST/in_data_arb_r... (MSG-3032)
Information:    48     8  0 OPT-902   WARNING   Warning: No clock routing rules were specified. Use set_cloc... (MSG-3032)
Information:   698   856  5       13  <------   Total sum of messages (MSG-3038)
Information: >>>>>>> Summary: 856 error&warning MSGs observed during fusion (MSG-3103)
Information: Ending   'compile_fusion -to logic_opto' (FLW-8001)
Information: Time: 2025-06-04 15:45:44 / Session:  00:02:21 / Command:  00:00:39 / CPU:  00:01:11 / Memory: 1654 MB (FLW-8100)
Information: CPU Load: 23%, Ram Free: 44 GB, Swap Free: 1 GB, Work Disk Free: 308 GB, Tmp Disk Free: 308 GB (MSG-3995)
1
make_layout_screenshot automatic_block_pin_constraints_compiled
Load ICV ICCII menu file: /eda/synopsys/2023-24/RHELx86/ICV_2023.12/etc/tcl-u/Icc2Menu.tcl
 + VUE INFO: Found a usable port: 2446

To restart the GUI, type 'gui_start'.
# Individual pin constraints
set_individual_pin_constraints -ports [get_port clk] -sides 4 -allowed_layers M4
1
report_individual_pin_constraints
****************************************
Report : report_individual_pin_constraints
Design : dut_toplevel
Version: V-2023.12
Date   : Wed Jun  4 15:45:45 2025
****************************************

  Pin constraints report on ports 
  ======================================

  clk:
    {allowed_layers {M4}} {sides {4}}

1
make_layout_screenshot automatic_individual_pin_constraints
Load ICV ICCII menu file: /eda/synopsys/2023-24/RHELx86/ICV_2023.12/etc/tcl-u/Icc2Menu.tcl
 + VUE INFO: Found a usable port: 2446

To restart the GUI, type 'gui_start'.
compile_fusion -to logic_opto
INFO: compile_fusion is running in balanced flow mode.
Information: Starting 'compile_fusion -to logic_opto' (FLW-8000)
Information: Time: 2025-06-04 15:45:47 / Session:  00:02:24 / Command:  00:00:00 / CPU:  00:00:00 / Memory: 1654 MB (FLW-8100)
Information: CPU Load: 23%, Ram Free: 44 GB, Swap Free: 1 GB, Work Disk Free: 308 GB, Tmp Disk Free: 308 GB (MSG-3995)
CPU Load: 23%, Ram Free: 44 GB, Swap Free: 1 GB, Work Disk Free: 308 GB, Tmp Disk Free: 308 GB
INFO: Start environment monitoring: recipes
INFO: compile_fusion is running in balanced flow mode.
Warning: Cannot infer functionality of libcell 'saed14rvt_ff0p88v125c/SAEDRVT14_FDNRBSBQ_V2_0P5' and will be excluded from sequential mapping. (SQM-1061)
Warning: Cannot infer functionality of libcell 'saed14rvt_ff0p88v125c/SAEDRVT14_FDNRBSBQ_V2_1' and will be excluded from sequential mapping. (SQM-1061)
Warning: Cannot infer functionality of libcell 'saed14rvt_ff0p88v125c/SAEDRVT14_FDNRBSBQ_V2_2' and will be excluded from sequential mapping. (SQM-1061)
Warning: Cannot infer functionality of libcell 'saed14rvt_ff0p88v125c/SAEDRVT14_FDNRBSBQ_V2_4' and will be excluded from sequential mapping. (SQM-1061)
Warning: Cannot infer functionality of libcell 'saed14rvt_ff0p88v125c/SAEDRVT14_FDPRBSBQ_V2_0P5' and will be excluded from sequential mapping. (SQM-1061)
Warning: Cannot infer functionality of libcell 'saed14rvt_ff0p88v125c/SAEDRVT14_FDPRBSBQ_V2_1' and will be excluded from sequential mapping. (SQM-1061)
Warning: Cannot infer functionality of libcell 'saed14rvt_ff0p88v125c/SAEDRVT14_FDPRBSBQ_V2_2' and will be excluded from sequential mapping. (SQM-1061)
Warning: Cannot infer functionality of libcell 'saed14rvt_ff0p88v125c/SAEDRVT14_FDPRBSBQ_V2_4' and will be excluded from sequential mapping. (SQM-1061)
Warning: Cannot infer functionality of libcell 'saed14rvt_ff0p88v125c/SAEDRVT14_FSDPRBSBQ_V2LP_0P5' and will be excluded from sequential mapping. (SQM-1061)
Warning: Cannot infer functionality of libcell 'saed14rvt_ff0p88v125c/SAEDRVT14_FSDPRBSBQ_V2LP_2' and will be excluded from sequential mapping. (SQM-1061)
Warning: Skipping check for single_bit_degenerate attribute on the multibit libcell 'saed14rvt_ff0p88v125c/SAEDRVT14_FSDN2_V2_0P5' since it is not a black-box. (SQM-1079)
Information: No single-bit representative was found for multibit lib cell 'saed14rvt_ff0p88v125c/SAEDRVT14_FSDN2_V2_0P5'. (SQM-2004)
Warning: Skipping check for single_bit_degenerate attribute on the multibit libcell 'saed14rvt_ff0p88v125c/SAEDRVT14_FSDN2_V2_1' since it is not a black-box. (SQM-1079)
Information: No single-bit representative was found for multibit lib cell 'saed14rvt_ff0p88v125c/SAEDRVT14_FSDN2_V2_1'. (SQM-2004)
Warning: Skipping check for single_bit_degenerate attribute on the multibit libcell 'saed14rvt_ff0p88v125c/SAEDRVT14_FSDN2_V2_2' since it is not a black-box. (SQM-1079)
Information: No single-bit representative was found for multibit lib cell 'saed14rvt_ff0p88v125c/SAEDRVT14_FSDN2_V2_2'. (SQM-2004)
Warning: Skipping check for single_bit_degenerate attribute on the multibit libcell 'saed14rvt_ff0p88v125c/SAEDRVT14_FSDN2_V2_4' since it is not a black-box. (SQM-1079)
Information: No single-bit representative was found for multibit lib cell 'saed14rvt_ff0p88v125c/SAEDRVT14_FSDN2_V2_4'. (SQM-2004)
Warning: Skipping check for single_bit_degenerate attribute on the multibit libcell 'saed14rvt_ff0p88v125c/SAEDRVT14_FSDN4_V2_0P5' since it is not a black-box. (SQM-1079)
Information: No single-bit representative was found for multibit lib cell 'saed14rvt_ff0p88v125c/SAEDRVT14_FSDN4_V2_0P5'. (SQM-2004)
Information: No single-bit representative was found for multibit lib cell 'saed14rvt_ff0p88v125c/SAEDRVT14_FSDN4_V2_1'. (SQM-2004)
Information: No single-bit representative was found for multibit lib cell 'saed14rvt_ff0p88v125c/SAEDRVT14_FSDN4_V2_2'. (SQM-2004)
Information: No single-bit representative was found for multibit lib cell 'saed14rvt_ff0p88v125c/SAEDRVT14_FSDN4_V2_4'. (SQM-2004)
Warning: Found 8 multibit sequential library cells that have missing/added attributes or have restrictions that prevent them from banking. (SQM-1053)
0 sequential multibit library cells have restrictions (dont_use or dont_touch).
8 sequential multibit library cells have missing sequential mapping relevant attributes
Information: 6 out of 16 SQM-1061 messages were not printed due to limit 10 (after 'compile_fusion' at task4.tcl:76) (MSG-3913)
Information: 3 out of 8 SQM-1079 messages were not printed due to limit 5 (after 'compile_fusion' at task4.tcl:76) (MSG-3913)
Information: The automatic clock gate timing flow is activated. Clock latencies set on clock gate cells will be automatically adjusted by an estimate for latency. (CGT-4005)
----------------------------------------------------------------------------------------------------------
Information: Starting compile_fusion / initial_map (FLW-8000)
Information: Time: 2025-06-04 15:45:47 / Session:  00:02:25 / Command:  00:00:00 / CPU:  00:00:01 / Memory: 1654 MB (FLW-8100)
Information: CPU Load: 23%, Ram Free: 44 GB, Swap Free: 1 GB, Work Disk Free: 308 GB, Tmp Disk Free: 308 GB (MSG-3995)
----------------------------------------------------------------------------------------------------------
Information: Starting compile_fusion / initial_map / Load Design (FLW-8000)
Information: Time: 2025-06-04 15:45:47 / Session:  00:02:25 / Command:  00:00:00 / CPU:  00:00:01 / Memory: 1654 MB (FLW-8100)
Information: CPU Load: 23%, Ram Free: 44 GB, Swap Free: 1 GB, Work Disk Free: 308 GB, Tmp Disk Free: 308 GB (MSG-3995)
Warning: Cannot infer functionality of libcell 'saed14rvt_ff0p88v125c/SAEDRVT14_FDNRBSBQ_V2_0P5' and will be excluded from sequential mapping. (SQM-1061)
Warning: Cannot infer functionality of libcell 'saed14rvt_ff0p88v125c/SAEDRVT14_FDNRBSBQ_V2_1' and will be excluded from sequential mapping. (SQM-1061)
Warning: Cannot infer functionality of libcell 'saed14rvt_ff0p88v125c/SAEDRVT14_FDNRBSBQ_V2_2' and will be excluded from sequential mapping. (SQM-1061)
Warning: Cannot infer functionality of libcell 'saed14rvt_ff0p88v125c/SAEDRVT14_FDNRBSBQ_V2_4' and will be excluded from sequential mapping. (SQM-1061)
Warning: Cannot infer functionality of libcell 'saed14rvt_ff0p88v125c/SAEDRVT14_FDPRBSBQ_V2_0P5' and will be excluded from sequential mapping. (SQM-1061)
Warning: Cannot infer functionality of libcell 'saed14rvt_ff0p88v125c/SAEDRVT14_FDPRBSBQ_V2_1' and will be excluded from sequential mapping. (SQM-1061)
Warning: Cannot infer functionality of libcell 'saed14rvt_ff0p88v125c/SAEDRVT14_FDPRBSBQ_V2_2' and will be excluded from sequential mapping. (SQM-1061)
Warning: Cannot infer functionality of libcell 'saed14rvt_ff0p88v125c/SAEDRVT14_FDPRBSBQ_V2_4' and will be excluded from sequential mapping. (SQM-1061)
Warning: Cannot infer functionality of libcell 'saed14rvt_ff0p88v125c/SAEDRVT14_FSDPRBSBQ_V2LP_0P5' and will be excluded from sequential mapping. (SQM-1061)
Warning: Cannot infer functionality of libcell 'saed14rvt_ff0p88v125c/SAEDRVT14_FSDPRBSBQ_V2LP_2' and will be excluded from sequential mapping. (SQM-1061)
Warning: Skipping check for single_bit_degenerate attribute on the multibit libcell 'saed14rvt_ff0p88v125c/SAEDRVT14_FSDN2_V2_0P5' since it is not a black-box. (SQM-1079)
Information: No single-bit representative was found for multibit lib cell 'saed14rvt_ff0p88v125c/SAEDRVT14_FSDN2_V2_0P5'. (SQM-2004)
Warning: Skipping check for single_bit_degenerate attribute on the multibit libcell 'saed14rvt_ff0p88v125c/SAEDRVT14_FSDN2_V2_1' since it is not a black-box. (SQM-1079)
Information: No single-bit representative was found for multibit lib cell 'saed14rvt_ff0p88v125c/SAEDRVT14_FSDN2_V2_1'. (SQM-2004)
Warning: Skipping check for single_bit_degenerate attribute on the multibit libcell 'saed14rvt_ff0p88v125c/SAEDRVT14_FSDN2_V2_2' since it is not a black-box. (SQM-1079)
Information: No single-bit representative was found for multibit lib cell 'saed14rvt_ff0p88v125c/SAEDRVT14_FSDN2_V2_2'. (SQM-2004)
Warning: Skipping check for single_bit_degenerate attribute on the multibit libcell 'saed14rvt_ff0p88v125c/SAEDRVT14_FSDN2_V2_4' since it is not a black-box. (SQM-1079)
Information: No single-bit representative was found for multibit lib cell 'saed14rvt_ff0p88v125c/SAEDRVT14_FSDN2_V2_4'. (SQM-2004)
Warning: Skipping check for single_bit_degenerate attribute on the multibit libcell 'saed14rvt_ff0p88v125c/SAEDRVT14_FSDN4_V2_0P5' since it is not a black-box. (SQM-1079)
Information: No single-bit representative was found for multibit lib cell 'saed14rvt_ff0p88v125c/SAEDRVT14_FSDN4_V2_0P5'. (SQM-2004)
Information: No single-bit representative was found for multibit lib cell 'saed14rvt_ff0p88v125c/SAEDRVT14_FSDN4_V2_1'. (SQM-2004)
Information: No single-bit representative was found for multibit lib cell 'saed14rvt_ff0p88v125c/SAEDRVT14_FSDN4_V2_2'. (SQM-2004)
Information: No single-bit representative was found for multibit lib cell 'saed14rvt_ff0p88v125c/SAEDRVT14_FSDN4_V2_4'. (SQM-2004)
Warning: Found 8 multibit sequential library cells that have missing/added attributes or have restrictions that prevent them from banking. (SQM-1053)
0 sequential multibit library cells have restrictions (dont_use or dont_touch).
8 sequential multibit library cells have missing sequential mapping relevant attributes
Information: 6 out of 16 SQM-1061 messages were not printed due to limit 10 (after 'compile_fusion' at task4.tcl:76) (MSG-3913)
Information: 3 out of 8 SQM-1079 messages were not printed due to limit 5 (after 'compile_fusion' at task4.tcl:76) (MSG-3913)
Information: Ending   compile_fusion / initial_map / Load Design (FLW-8001)
Information: Time: 2025-06-04 15:45:48 / Session:  00:02:25 / Command:  00:00:01 / CPU:  00:00:02 / Memory: 1654 MB (FLW-8100)
Information: CPU Load: 23%, Ram Free: 44 GB, Swap Free: 1 GB, Work Disk Free: 308 GB, Tmp Disk Free: 308 GB (MSG-3995)
Information: Starting compile_fusion / initial_map / MV Cell Insertion (FLW-8000)
Information: Time: 2025-06-04 15:45:48 / Session:  00:02:25 / Command:  00:00:01 / CPU:  00:00:02 / Memory: 1654 MB (FLW-8100)
Information: CPU Load: 23%, Ram Free: 44 GB, Swap Free: 1 GB, Work Disk Free: 308 GB, Tmp Disk Free: 308 GB (MSG-3995)
Information: Ending   compile_fusion / initial_map / MV Cell Insertion (FLW-8001)
Information: Time: 2025-06-04 15:45:48 / Session:  00:02:25 / Command:  00:00:01 / CPU:  00:00:02 / Memory: 1654 MB (FLW-8100)
Information: CPU Load: 23%, Ram Free: 44 GB, Swap Free: 1 GB, Work Disk Free: 308 GB, Tmp Disk Free: 308 GB (MSG-3995)
Information: Starting compile_fusion / initial_map / Logic Simplification (1) (FLW-8000)
Information: Time: 2025-06-04 15:45:48 / Session:  00:02:25 / Command:  00:00:01 / CPU:  00:00:02 / Memory: 1654 MB (FLW-8100)
Information: CPU Load: 23%, Ram Free: 44 GB, Swap Free: 1 GB, Work Disk Free: 308 GB, Tmp Disk Free: 308 GB (MSG-3995)
Information: Starting compile_fusion / initial_map / Logic Simplification (1) / Constant and Equal Register Detection (FLW-8000)
Information: Time: 2025-06-04 15:45:48 / Session:  00:02:25 / Command:  00:00:01 / CPU:  00:00:02 / Memory: 1654 MB (FLW-8100)
Information: CPU Load: 23%, Ram Free: 44 GB, Swap Free: 1 GB, Work Disk Free: 308 GB, Tmp Disk Free: 308 GB (MSG-3995)
Information: Register Bits Before Sharing = 328, After Sharing = 328, Savings = 0 (SQM-2000)
Information: Ending   compile_fusion / initial_map / Logic Simplification (1) / Constant and Equal Register Detection (FLW-8001)
Information: Time: 2025-06-04 15:45:51 / Session:  00:02:28 / Command:  00:00:04 / CPU:  00:00:04 / Memory: 1654 MB (FLW-8100)
Information: CPU Load: 22%, Ram Free: 44 GB, Swap Free: 1 GB, Work Disk Free: 308 GB, Tmp Disk Free: 308 GB (MSG-3995)
Information: Starting compile_fusion / initial_map / Logic Simplification (1) / Register Merging (FLW-8000)
Information: Time: 2025-06-04 15:45:51 / Session:  00:02:28 / Command:  00:00:04 / CPU:  00:00:04 / Memory: 1654 MB (FLW-8100)
Information: CPU Load: 22%, Ram Free: 44 GB, Swap Free: 1 GB, Work Disk Free: 308 GB, Tmp Disk Free: 308 GB (MSG-3995)
Information: Ending   compile_fusion / initial_map / Logic Simplification (1) / Register Merging (FLW-8001)
Information: Time: 2025-06-04 15:45:51 / Session:  00:02:28 / Command:  00:00:04 / CPU:  00:00:04 / Memory: 1654 MB (FLW-8100)
Information: CPU Load: 22%, Ram Free: 44 GB, Swap Free: 1 GB, Work Disk Free: 308 GB, Tmp Disk Free: 308 GB (MSG-3995)
Information: Starting compile_fusion / initial_map / Logic Simplification (1) / Constant Propagation and Register Optimization (FLW-8000)
Information: Time: 2025-06-04 15:45:51 / Session:  00:02:28 / Command:  00:00:04 / CPU:  00:00:04 / Memory: 1654 MB (FLW-8100)
Information: CPU Load: 22%, Ram Free: 44 GB, Swap Free: 1 GB, Work Disk Free: 308 GB, Tmp Disk Free: 308 GB (MSG-3995)
Information: Ending   compile_fusion / initial_map / Logic Simplification (1) / Constant Propagation and Register Optimization (FLW-8001)
Information: Time: 2025-06-04 15:45:51 / Session:  00:02:28 / Command:  00:00:04 / CPU:  00:00:05 / Memory: 1654 MB (FLW-8100)
Information: CPU Load: 22%, Ram Free: 44 GB, Swap Free: 1 GB, Work Disk Free: 308 GB, Tmp Disk Free: 308 GB (MSG-3995)
Information: Ending   compile_fusion / initial_map / Logic Simplification (1) (FLW-8001)
Information: Time: 2025-06-04 15:45:51 / Session:  00:02:28 / Command:  00:00:04 / CPU:  00:00:05 / Memory: 1654 MB (FLW-8100)
Information: CPU Load: 22%, Ram Free: 44 GB, Swap Free: 1 GB, Work Disk Free: 308 GB, Tmp Disk Free: 308 GB (MSG-3995)
Information: Starting compile_fusion / initial_map / High-Level Optimization and Technology Mapping (1) (FLW-8000)
Information: Time: 2025-06-04 15:45:51 / Session:  00:02:29 / Command:  00:00:04 / CPU:  00:00:05 / Memory: 1654 MB (FLW-8100)
Information: CPU Load: 22%, Ram Free: 44 GB, Swap Free: 1 GB, Work Disk Free: 308 GB, Tmp Disk Free: 308 GB (MSG-3995)
Information: Extraction observers are detached as design net change threshold is reached.
Information: Timer using 12 threads
Information: Ending   compile_fusion / initial_map / High-Level Optimization and Technology Mapping (1) (FLW-8001)
Information: Time: 2025-06-04 15:45:52 / Session:  00:02:29 / Command:  00:00:04 / CPU:  00:00:07 / Memory: 1654 MB (FLW-8100)
Information: CPU Load: 22%, Ram Free: 44 GB, Swap Free: 1 GB, Work Disk Free: 308 GB, Tmp Disk Free: 308 GB (MSG-3995)
Information: Starting compile_fusion / initial_map / High-Level Optimization and Technology Mapping (2) (FLW-8000)
Information: Time: 2025-06-04 15:45:52 / Session:  00:02:29 / Command:  00:00:04 / CPU:  00:00:07 / Memory: 1654 MB (FLW-8100)
Information: CPU Load: 22%, Ram Free: 44 GB, Swap Free: 1 GB, Work Disk Free: 308 GB, Tmp Disk Free: 308 GB (MSG-3995)
Warning: No cell bus will be mapped to multibit because multibit mapping has been disabled by user. (SQM-1034)
Warning: Shift register Inferencing is enabled so only head flop will be replaced with scan cell and not all registers in shift register chains are scan replaced. (SQM-1074)
Information: Ending   compile_fusion / initial_map / High-Level Optimization and Technology Mapping (2) (FLW-8001)
Information: Time: 2025-06-04 15:45:52 / Session:  00:02:29 / Command:  00:00:05 / CPU:  00:00:08 / Memory: 1654 MB (FLW-8100)
Information: CPU Load: 22%, Ram Free: 44 GB, Swap Free: 1 GB, Work Disk Free: 308 GB, Tmp Disk Free: 308 GB (MSG-3995)
Information: Starting compile_fusion / initial_map / DFT Core Wrapper Analysis (FLW-8000)
Information: Time: 2025-06-04 15:45:52 / Session:  00:02:29 / Command:  00:00:05 / CPU:  00:00:08 / Memory: 1654 MB (FLW-8100)
Information: CPU Load: 22%, Ram Free: 44 GB, Swap Free: 1 GB, Work Disk Free: 308 GB, Tmp Disk Free: 308 GB (MSG-3995)
Information: Ending   compile_fusion / initial_map / DFT Core Wrapper Analysis (FLW-8001)
Information: Time: 2025-06-04 15:45:52 / Session:  00:02:29 / Command:  00:00:05 / CPU:  00:00:08 / Memory: 1654 MB (FLW-8100)
Information: CPU Load: 22%, Ram Free: 44 GB, Swap Free: 1 GB, Work Disk Free: 308 GB, Tmp Disk Free: 308 GB (MSG-3995)
Information: Starting compile_fusion / initial_map / Logic Simplification (2) (FLW-8000)
Information: Time: 2025-06-04 15:45:52 / Session:  00:02:29 / Command:  00:00:05 / CPU:  00:00:08 / Memory: 1654 MB (FLW-8100)
Information: CPU Load: 22%, Ram Free: 44 GB, Swap Free: 1 GB, Work Disk Free: 308 GB, Tmp Disk Free: 308 GB (MSG-3995)
Information: Register Bits Before Sharing = 328, After Sharing = 328, Savings = 0 (SQM-2000)
Information: Starting compile_fusion / initial_map / Logic Simplification (2) / Constant Propagation and Register Optimization (FLW-8000)
Information: Time: 2025-06-04 15:45:52 / Session:  00:02:30 / Command:  00:00:05 / CPU:  00:00:08 / Memory: 1654 MB (FLW-8100)
Information: CPU Load: 22%, Ram Free: 44 GB, Swap Free: 1 GB, Work Disk Free: 308 GB, Tmp Disk Free: 308 GB (MSG-3995)
Information: Ending   compile_fusion / initial_map / Logic Simplification (2) / Constant Propagation and Register Optimization (FLW-8001)
Information: Time: 2025-06-04 15:45:52 / Session:  00:02:30 / Command:  00:00:05 / CPU:  00:00:08 / Memory: 1654 MB (FLW-8100)
Information: CPU Load: 22%, Ram Free: 44 GB, Swap Free: 1 GB, Work Disk Free: 308 GB, Tmp Disk Free: 308 GB (MSG-3995)
Information: Ending   compile_fusion / initial_map / Logic Simplification (2) (FLW-8001)
Information: Time: 2025-06-04 15:45:52 / Session:  00:02:30 / Command:  00:00:05 / CPU:  00:00:08 / Memory: 1654 MB (FLW-8100)
Information: CPU Load: 22%, Ram Free: 44 GB, Swap Free: 1 GB, Work Disk Free: 308 GB, Tmp Disk Free: 308 GB (MSG-3995)
Information: Result of compile_fusion / initial_map / Clock Gate Insertion (FLW-8500)
--------------------------------------------------------------------------------
|                             Clock Gating Options                             |
--------------------------------------------------------------------------------
|         Objects         |    Minimum Bitwidth     |      Maximum Fanout      |
--------------------------+-------------------------+---------------------------
|   top-level (design)    |          3 (d)          |      Unlimited (d)       |
--------------------------------------------------------------------------------

Number of Pre-Existing Clock Gates with dont touch attribute: 0
Number of ICG library cells with CTS purpose: 19
--------------------------------------------------------------------------------
                          Tool Gated Register Summary                           
--------------------------------------------------------------------------------
Clock Gating Type                   | Number of   | Register Count | Equivalent 
                                    | Clock Gates |                | Bitwidth   
--------------------------------------------------------------------------------
Regular Clock Gating                |          11 |            319 |        319
--------------------------------------------------------------------------------
--------------------------------------------------------------------------------
                 Regular Clock Gating Ungated Register Summary                  
--------------------------------------------------------------------------------
 Ungated Reason                                            | Count | Bitwidth   
--------------------------------------------------------------------------------
 Enable is Constant One.                                   |     2 |        2
 Partial Minimum Bitwidth Not Met.                         |     7 |        7
--------------------------------------------------------------------------------
Compile-fusion optimization summary            SETUP-COST    R2R-COST HOLD-COST LDRC-COST          AREA     LEAKAGE     INSTCNT            ELAPSE       MEM
Compile-fusion                                          -           -         -         -        904.87           -        1171              0.04      1653
Information: Ending   compile_fusion / initial_map (FLW-8001)
Information: Time: 2025-06-04 15:45:52 / Session:  00:02:30 / Command:  00:00:05 / CPU:  00:00:08 / Memory: 1654 MB (FLW-8100)
Information: CPU Load: 22%, Ram Free: 44 GB, Swap Free: 1 GB, Work Disk Free: 308 GB, Tmp Disk Free: 308 GB (MSG-3995)

Information: >>>>>>> 5 unique error and warning message tags while observing compile_fusion / initial_map: (MSG-3100)
Information: #prnt #trgr #lmt    Tag  Level     Format (or last printed message)                                (MSG-3036)
Information:   180     8  5 SQM-1079  WARNING   Warning: Skipping check for single_bit_degenerate attribute ... (MSG-3032)
Information:     4     1  1 SQM-1074  WARNING   Warning: Shift register Inferencing is enabled so only head ... (MSG-3032)
Information:   360    16 10 SQM-1061  WARNING   Warning: Cannot infer functionality of libcell 'saed14rvt_ff... (MSG-3032)
Information:    90     1 10 SQM-1053  WARNING   Warning: Found 8 multibit sequential library cells that have... (MSG-3032)
Information:     4     1  1 SQM-1034  WARNING   Warning: No cell bus will be mapped to multibit because mult... (MSG-3032)
Information:   638    27  5        5  <------   Total sum of messages (MSG-3038)
Information: >>>>>>> Summary: 27 error&warning MSGs observed during compile_fusion / initial_map (MSG-3103)

----------------------------------------------------------------------------------------------------------
Information: Starting compile_fusion / logic_opto (FLW-8000)
Information: Time: 2025-06-04 15:45:52 / Session:  00:02:30 / Command:  00:00:05 / CPU:  00:00:08 / Memory: 1654 MB (FLW-8100)
Information: CPU Load: 22%, Ram Free: 44 GB, Swap Free: 1 GB, Work Disk Free: 308 GB, Tmp Disk Free: 308 GB (MSG-3995)
----------------------------------------------------------------------------------------------------------
Information: Starting compile_fusion / logic_opto / Load Design (FLW-8000)
Information: Time: 2025-06-04 15:45:52 / Session:  00:02:30 / Command:  00:00:05 / CPU:  00:00:08 / Memory: 1654 MB (FLW-8100)
Information: CPU Load: 22%, Ram Free: 44 GB, Swap Free: 1 GB, Work Disk Free: 308 GB, Tmp Disk Free: 308 GB (MSG-3995)
Information: Initializing core and die (AFP-1001)
Information: Initializing rows (AFP-1003)
Information: Initializing tracks (AFP-1004)
Information: Generated core area = 1792.960815 (AFP-2021)
Information: Generated core boundary = { {10 10} {10 83.2} {34.494 83.2} {34.494 10} } (AFP-2022)
Information: Change threshold for extractor is reset. (FLW-1300)
Information: The stitching and editing of coupling caps is turned OFF for design 'dut_toplevel.dlib:dut_toplevel/auto_floorplan.design'. (TIM-125)
Information: Ending   compile_fusion / logic_opto / Load Design (FLW-8001)
Information: Time: 2025-06-04 15:45:53 / Session:  00:02:30 / Command:  00:00:06 / CPU:  00:00:10 / Memory: 1654 MB (FLW-8100)
Information: CPU Load: 22%, Ram Free: 44 GB, Swap Free: 1 GB, Work Disk Free: 308 GB, Tmp Disk Free: 308 GB (MSG-3995)
Information: Starting compile_fusion / logic_opto / Clock Gate Re-structuring (FLW-8000)
Information: Time: 2025-06-04 15:45:53 / Session:  00:02:30 / Command:  00:00:06 / CPU:  00:00:10 / Memory: 1654 MB (FLW-8100)
Information: CPU Load: 22%, Ram Free: 44 GB, Swap Free: 1 GB, Work Disk Free: 308 GB, Tmp Disk Free: 308 GB (MSG-3995)
Information: Result of compile_fusion / logic_opto / Clock Gate Re-structuring (FLW-8500)
Number of Pre-Existing Clock Gates with dont touch attribute: 0
Number of ICG library cells with CTS purpose: 19
--------------------------------------------------------------------------------
                          Tool Gated Register Summary                           
--------------------------------------------------------------------------------
Clock Gating Type                   | Number of   | Register Count | Equivalent 
                                    | Clock Gates |                | Bitwidth   
--------------------------------------------------------------------------------
Regular Clock Gating                |          11 |            319 |        319
--------------------------------------------------------------------------------
--------------------------------------------------------------------------------
                 Regular Clock Gating Ungated Register Summary                  
--------------------------------------------------------------------------------
 Ungated Reason                                            | Count | Bitwidth   
--------------------------------------------------------------------------------
 Enable is Constant One.                                   |     2 |        2
 Partial Minimum Bitwidth Not Met.                         |     7 |        7
--------------------------------------------------------------------------------
Information: Ending   compile_fusion / logic_opto / Clock Gate Re-structuring (FLW-8001)
Information: Time: 2025-06-04 15:45:53 / Session:  00:02:30 / Command:  00:00:06 / CPU:  00:00:10 / Memory: 1654 MB (FLW-8100)
Information: CPU Load: 22%, Ram Free: 44 GB, Swap Free: 1 GB, Work Disk Free: 308 GB, Tmp Disk Free: 308 GB (MSG-3995)
Warning: Duplicate callback function set for step 'fc/logic_opto/dwProcessPrecond1' (FLW-2224)
Warning: Duplicate callback function set for step 'fc/logic_opto/dwProcessPrecond1' (FLW-2224)
Information: Starting compile_fusion / logic_opto / Optimization (1) (FLW-8000)
Information: Time: 2025-06-04 15:45:53 / Session:  00:02:30 / Command:  00:00:06 / CPU:  00:00:10 / Memory: 1654 MB (FLW-8100)
Information: CPU Load: 22%, Ram Free: 44 GB, Swap Free: 1 GB, Work Disk Free: 308 GB, Tmp Disk Free: 308 GB (MSG-3995)
Information: The stitching and editing of coupling caps is turned OFF for design 'dut_toplevel.dlib:dut_toplevel/auto_floorplan.design'. (TIM-125)
Information: Starting compile_fusion / logic_opto / Optimization (1) / Logic Simplification and Register Optimization (FLW-8000)
Information: Time: 2025-06-04 15:45:54 / Session:  00:02:32 / Command:  00:00:07 / CPU:  00:00:13 / Memory: 1654 MB (FLW-8100)
Information: CPU Load: 22%, Ram Free: 44 GB, Swap Free: 1 GB, Work Disk Free: 308 GB, Tmp Disk Free: 308 GB (MSG-3995)
Warning: Cannot infer functionality of libcell 'saed14rvt_ff0p88v125c/SAEDRVT14_FDNRBSBQ_V2_0P5' and will be excluded from sequential mapping. (SQM-1061)
Warning: Cannot infer functionality of libcell 'saed14rvt_ff0p88v125c/SAEDRVT14_FDNRBSBQ_V2_1' and will be excluded from sequential mapping. (SQM-1061)
Warning: Cannot infer functionality of libcell 'saed14rvt_ff0p88v125c/SAEDRVT14_FDNRBSBQ_V2_2' and will be excluded from sequential mapping. (SQM-1061)
Warning: Cannot infer functionality of libcell 'saed14rvt_ff0p88v125c/SAEDRVT14_FDNRBSBQ_V2_4' and will be excluded from sequential mapping. (SQM-1061)
Warning: Cannot infer functionality of libcell 'saed14rvt_ff0p88v125c/SAEDRVT14_FDPRBSBQ_V2_0P5' and will be excluded from sequential mapping. (SQM-1061)
Warning: Cannot infer functionality of libcell 'saed14rvt_ff0p88v125c/SAEDRVT14_FDPRBSBQ_V2_1' and will be excluded from sequential mapping. (SQM-1061)
Warning: Cannot infer functionality of libcell 'saed14rvt_ff0p88v125c/SAEDRVT14_FDPRBSBQ_V2_2' and will be excluded from sequential mapping. (SQM-1061)
Warning: Cannot infer functionality of libcell 'saed14rvt_ff0p88v125c/SAEDRVT14_FDPRBSBQ_V2_4' and will be excluded from sequential mapping. (SQM-1061)
Warning: Cannot infer functionality of libcell 'saed14rvt_ff0p88v125c/SAEDRVT14_FSDPRBSBQ_V2LP_0P5' and will be excluded from sequential mapping. (SQM-1061)
Warning: Cannot infer functionality of libcell 'saed14rvt_ff0p88v125c/SAEDRVT14_FSDPRBSBQ_V2LP_2' and will be excluded from sequential mapping. (SQM-1061)
Warning: Skipping check for single_bit_degenerate attribute on the multibit libcell 'saed14rvt_ff0p88v125c/SAEDRVT14_FSDN2_V2_0P5' since it is not a black-box. (SQM-1079)
Information: No single-bit representative was found for multibit lib cell 'saed14rvt_ff0p88v125c/SAEDRVT14_FSDN2_V2_0P5'. (SQM-2004)
Warning: Skipping check for single_bit_degenerate attribute on the multibit libcell 'saed14rvt_ff0p88v125c/SAEDRVT14_FSDN2_V2_1' since it is not a black-box. (SQM-1079)
Information: No single-bit representative was found for multibit lib cell 'saed14rvt_ff0p88v125c/SAEDRVT14_FSDN2_V2_1'. (SQM-2004)
Warning: Skipping check for single_bit_degenerate attribute on the multibit libcell 'saed14rvt_ff0p88v125c/SAEDRVT14_FSDN2_V2_2' since it is not a black-box. (SQM-1079)
Information: No single-bit representative was found for multibit lib cell 'saed14rvt_ff0p88v125c/SAEDRVT14_FSDN2_V2_2'. (SQM-2004)
Warning: Skipping check for single_bit_degenerate attribute on the multibit libcell 'saed14rvt_ff0p88v125c/SAEDRVT14_FSDN2_V2_4' since it is not a black-box. (SQM-1079)
Information: No single-bit representative was found for multibit lib cell 'saed14rvt_ff0p88v125c/SAEDRVT14_FSDN2_V2_4'. (SQM-2004)
Warning: Skipping check for single_bit_degenerate attribute on the multibit libcell 'saed14rvt_ff0p88v125c/SAEDRVT14_FSDN4_V2_0P5' since it is not a black-box. (SQM-1079)
Information: No single-bit representative was found for multibit lib cell 'saed14rvt_ff0p88v125c/SAEDRVT14_FSDN4_V2_0P5'. (SQM-2004)
Information: No single-bit representative was found for multibit lib cell 'saed14rvt_ff0p88v125c/SAEDRVT14_FSDN4_V2_1'. (SQM-2004)
Information: No single-bit representative was found for multibit lib cell 'saed14rvt_ff0p88v125c/SAEDRVT14_FSDN4_V2_2'. (SQM-2004)
Information: No single-bit representative was found for multibit lib cell 'saed14rvt_ff0p88v125c/SAEDRVT14_FSDN4_V2_4'. (SQM-2004)
Warning: Found 8 multibit sequential library cells that have missing/added attributes or have restrictions that prevent them from banking. (SQM-1053)
Information: 6 out of 16 SQM-1061 messages were not printed due to limit 10 (after 'compile_fusion' at task4.tcl:76) (MSG-3913)
Information: 3 out of 8 SQM-1079 messages were not printed due to limit 5 (after 'compile_fusion' at task4.tcl:76) (MSG-3913)
Information: Ending   compile_fusion / logic_opto / Optimization (1) / Logic Simplification and Register Optimization (FLW-8001)
Information: Time: 2025-06-04 15:45:55 / Session:  00:02:32 / Command:  00:00:07 / CPU:  00:00:13 / Memory: 1654 MB (FLW-8100)
Information: CPU Load: 22%, Ram Free: 44 GB, Swap Free: 1 GB, Work Disk Free: 308 GB, Tmp Disk Free: 308 GB (MSG-3995)
Warning: No clock routing rules were specified. Use set_clock_routing_rules to specify routing rules for accurate clock latency estimation. (OPT-902)
Warning: No clock routing rules were specified. Use set_clock_routing_rules to specify routing rules for accurate clock latency estimation. (OPT-902)
Information: Estimating clock gate latencies for scenario 'PowerSave_Slow'. (OPT-909)
Warning: No clock routing rules were specified. Use set_clock_routing_rules to specify routing rules for accurate clock latency estimation. (OPT-902)
Information: Estimating clock gate latencies for scenario 'Normal_Slow'. (OPT-909)
Warning: Cannot infer functionality of libcell 'saed14rvt_ff0p88v125c/SAEDRVT14_FDNRBSBQ_V2_0P5' and will be excluded from sequential mapping. (SQM-1061)
Warning: Cannot infer functionality of libcell 'saed14rvt_ff0p88v125c/SAEDRVT14_FDNRBSBQ_V2_1' and will be excluded from sequential mapping. (SQM-1061)
Warning: Cannot infer functionality of libcell 'saed14rvt_ff0p88v125c/SAEDRVT14_FDNRBSBQ_V2_2' and will be excluded from sequential mapping. (SQM-1061)
Warning: Cannot infer functionality of libcell 'saed14rvt_ff0p88v125c/SAEDRVT14_FDNRBSBQ_V2_4' and will be excluded from sequential mapping. (SQM-1061)
Warning: Cannot infer functionality of libcell 'saed14rvt_ff0p88v125c/SAEDRVT14_FDPRBSBQ_V2_0P5' and will be excluded from sequential mapping. (SQM-1061)
Warning: Cannot infer functionality of libcell 'saed14rvt_ff0p88v125c/SAEDRVT14_FDPRBSBQ_V2_1' and will be excluded from sequential mapping. (SQM-1061)
Warning: Cannot infer functionality of libcell 'saed14rvt_ff0p88v125c/SAEDRVT14_FDPRBSBQ_V2_2' and will be excluded from sequential mapping. (SQM-1061)
Warning: Cannot infer functionality of libcell 'saed14rvt_ff0p88v125c/SAEDRVT14_FDPRBSBQ_V2_4' and will be excluded from sequential mapping. (SQM-1061)
Warning: Cannot infer functionality of libcell 'saed14rvt_ff0p88v125c/SAEDRVT14_FSDPRBSBQ_V2LP_0P5' and will be excluded from sequential mapping. (SQM-1061)
Warning: Cannot infer functionality of libcell 'saed14rvt_ff0p88v125c/SAEDRVT14_FSDPRBSBQ_V2LP_2' and will be excluded from sequential mapping. (SQM-1061)
Warning: Skipping check for single_bit_degenerate attribute on the multibit libcell 'saed14rvt_ff0p88v125c/SAEDRVT14_FSDN2_V2_0P5' since it is not a black-box. (SQM-1079)
Information: No single-bit representative was found for multibit lib cell 'saed14rvt_ff0p88v125c/SAEDRVT14_FSDN2_V2_0P5'. (SQM-2004)
Warning: Skipping check for single_bit_degenerate attribute on the multibit libcell 'saed14rvt_ff0p88v125c/SAEDRVT14_FSDN2_V2_1' since it is not a black-box. (SQM-1079)
Information: No single-bit representative was found for multibit lib cell 'saed14rvt_ff0p88v125c/SAEDRVT14_FSDN2_V2_1'. (SQM-2004)
Warning: Skipping check for single_bit_degenerate attribute on the multibit libcell 'saed14rvt_ff0p88v125c/SAEDRVT14_FSDN2_V2_2' since it is not a black-box. (SQM-1079)
Information: No single-bit representative was found for multibit lib cell 'saed14rvt_ff0p88v125c/SAEDRVT14_FSDN2_V2_2'. (SQM-2004)
Warning: Skipping check for single_bit_degenerate attribute on the multibit libcell 'saed14rvt_ff0p88v125c/SAEDRVT14_FSDN2_V2_4' since it is not a black-box. (SQM-1079)
Information: No single-bit representative was found for multibit lib cell 'saed14rvt_ff0p88v125c/SAEDRVT14_FSDN2_V2_4'. (SQM-2004)
Warning: Skipping check for single_bit_degenerate attribute on the multibit libcell 'saed14rvt_ff0p88v125c/SAEDRVT14_FSDN4_V2_0P5' since it is not a black-box. (SQM-1079)
Information: No single-bit representative was found for multibit lib cell 'saed14rvt_ff0p88v125c/SAEDRVT14_FSDN4_V2_0P5'. (SQM-2004)
Information: No single-bit representative was found for multibit lib cell 'saed14rvt_ff0p88v125c/SAEDRVT14_FSDN4_V2_1'. (SQM-2004)
Information: No single-bit representative was found for multibit lib cell 'saed14rvt_ff0p88v125c/SAEDRVT14_FSDN4_V2_2'. (SQM-2004)
Information: No single-bit representative was found for multibit lib cell 'saed14rvt_ff0p88v125c/SAEDRVT14_FSDN4_V2_4'. (SQM-2004)
Warning: Found 8 multibit sequential library cells that have missing/added attributes or have restrictions that prevent them from banking. (SQM-1053)
Information: 6 out of 16 SQM-1061 messages were not printed due to limit 10 (after 'compile_fusion' at task4.tcl:76) (MSG-3913)
Information: 3 out of 8 SQM-1079 messages were not printed due to limit 5 (after 'compile_fusion' at task4.tcl:76) (MSG-3913)
Information: Starting compile_fusion / logic_opto / Optimization (1) / Timing Optimization and DesignWare Reselection (FLW-8000)
Information: Time: 2025-06-04 15:45:56 / Session:  00:02:33 / Command:  00:00:09 / CPU:  00:00:15 / Memory: 1654 MB (FLW-8100)
Information: CPU Load: 20%, Ram Free: 44 GB, Swap Free: 1 GB, Work Disk Free: 308 GB, Tmp Disk Free: 308 GB (MSG-3995)
Warning: Cannot infer functionality of libcell 'saed14rvt_ff0p88v125c/SAEDRVT14_FDNRBSBQ_V2_0P5' and will be excluded from sequential mapping. (SQM-1061)
Warning: Cannot infer functionality of libcell 'saed14rvt_ff0p88v125c/SAEDRVT14_FDNRBSBQ_V2_1' and will be excluded from sequential mapping. (SQM-1061)
Warning: Cannot infer functionality of libcell 'saed14rvt_ff0p88v125c/SAEDRVT14_FDNRBSBQ_V2_2' and will be excluded from sequential mapping. (SQM-1061)
Warning: Cannot infer functionality of libcell 'saed14rvt_ff0p88v125c/SAEDRVT14_FDNRBSBQ_V2_4' and will be excluded from sequential mapping. (SQM-1061)
Warning: Cannot infer functionality of libcell 'saed14rvt_ff0p88v125c/SAEDRVT14_FDPRBSBQ_V2_0P5' and will be excluded from sequential mapping. (SQM-1061)
Warning: Cannot infer functionality of libcell 'saed14rvt_ff0p88v125c/SAEDRVT14_FDPRBSBQ_V2_1' and will be excluded from sequential mapping. (SQM-1061)
Warning: Cannot infer functionality of libcell 'saed14rvt_ff0p88v125c/SAEDRVT14_FDPRBSBQ_V2_2' and will be excluded from sequential mapping. (SQM-1061)
Warning: Cannot infer functionality of libcell 'saed14rvt_ff0p88v125c/SAEDRVT14_FDPRBSBQ_V2_4' and will be excluded from sequential mapping. (SQM-1061)
Warning: Cannot infer functionality of libcell 'saed14rvt_ff0p88v125c/SAEDRVT14_FSDPRBSBQ_V2LP_0P5' and will be excluded from sequential mapping. (SQM-1061)
Warning: Cannot infer functionality of libcell 'saed14rvt_ff0p88v125c/SAEDRVT14_FSDPRBSBQ_V2LP_2' and will be excluded from sequential mapping. (SQM-1061)
Warning: Skipping check for single_bit_degenerate attribute on the multibit libcell 'saed14rvt_ff0p88v125c/SAEDRVT14_FSDN2_V2_0P5' since it is not a black-box. (SQM-1079)
Information: No single-bit representative was found for multibit lib cell 'saed14rvt_ff0p88v125c/SAEDRVT14_FSDN2_V2_0P5'. (SQM-2004)
Warning: Skipping check for single_bit_degenerate attribute on the multibit libcell 'saed14rvt_ff0p88v125c/SAEDRVT14_FSDN2_V2_1' since it is not a black-box. (SQM-1079)
Information: No single-bit representative was found for multibit lib cell 'saed14rvt_ff0p88v125c/SAEDRVT14_FSDN2_V2_1'. (SQM-2004)
Warning: Skipping check for single_bit_degenerate attribute on the multibit libcell 'saed14rvt_ff0p88v125c/SAEDRVT14_FSDN2_V2_2' since it is not a black-box. (SQM-1079)
Information: No single-bit representative was found for multibit lib cell 'saed14rvt_ff0p88v125c/SAEDRVT14_FSDN2_V2_2'. (SQM-2004)
Warning: Skipping check for single_bit_degenerate attribute on the multibit libcell 'saed14rvt_ff0p88v125c/SAEDRVT14_FSDN2_V2_4' since it is not a black-box. (SQM-1079)
Information: No single-bit representative was found for multibit lib cell 'saed14rvt_ff0p88v125c/SAEDRVT14_FSDN2_V2_4'. (SQM-2004)
Warning: Skipping check for single_bit_degenerate attribute on the multibit libcell 'saed14rvt_ff0p88v125c/SAEDRVT14_FSDN4_V2_0P5' since it is not a black-box. (SQM-1079)
Information: No single-bit representative was found for multibit lib cell 'saed14rvt_ff0p88v125c/SAEDRVT14_FSDN4_V2_0P5'. (SQM-2004)
Information: No single-bit representative was found for multibit lib cell 'saed14rvt_ff0p88v125c/SAEDRVT14_FSDN4_V2_1'. (SQM-2004)
Information: No single-bit representative was found for multibit lib cell 'saed14rvt_ff0p88v125c/SAEDRVT14_FSDN4_V2_2'. (SQM-2004)
Information: No single-bit representative was found for multibit lib cell 'saed14rvt_ff0p88v125c/SAEDRVT14_FSDN4_V2_4'. (SQM-2004)
Warning: Found 8 multibit sequential library cells that have missing/added attributes or have restrictions that prevent them from banking. (SQM-1053)
Information: No single-bit representative was found for multibit lib cell 'saed14rvt_ff0p88v125c/SAEDRVT14_FSDN2_V2_0P5'. (SQM-2004)
Information: No single-bit representative was found for multibit lib cell 'saed14rvt_ff0p88v125c/SAEDRVT14_FSDN2_V2_1'. (SQM-2004)
Warning: Found 8 multibit sequential library cells that have missing/added attributes or have restrictions that prevent them from banking. (SQM-1053)
Warning: Found 8 multibit sequential library cells that have missing/added attributes or have restrictions that prevent them from banking. (SQM-1053)
Warning: Found 8 multibit sequential library cells that have missing/added attributes or have restrictions that prevent them from banking. (SQM-1053)
Warning: Found 8 multibit sequential library cells that have missing/added attributes or have restrictions that prevent them from banking. (SQM-1053)
Warning: Found 8 multibit sequential library cells that have missing/added attributes or have restrictions that prevent them from banking. (SQM-1053)
Warning: Found 8 multibit sequential library cells that have missing/added attributes or have restrictions that prevent them from banking. (SQM-1053)
Warning: Found 8 multibit sequential library cells that have missing/added attributes or have restrictions that prevent them from banking. (SQM-1053)
Warning: Found 8 multibit sequential library cells that have missing/added attributes or have restrictions that prevent them from banking. (SQM-1053)
Warning: Found 8 multibit sequential library cells that have missing/added attributes or have restrictions that prevent them from banking. (SQM-1053)
Information: 2 out of 12 SQM-1053 messages were not printed due to limit 10 (after 'compile_fusion' at task4.tcl:76) (MSG-3913)
Information: 182 out of 192 SQM-1061 messages were not printed due to limit 10 (after 'compile_fusion' at task4.tcl:76) (MSG-3913)
Information: 91 out of 96 SQM-1079 messages were not printed due to limit 5 (after 'compile_fusion' at task4.tcl:76) (MSG-3913)
Information: 86 out of 96 SQM-2004 messages were not printed due to limit 10 (after 'compile_fusion' at task4.tcl:76) (MSG-3913)
Information: Ending   compile_fusion / logic_opto / Optimization (1) / Timing Optimization and DesignWare Reselection (FLW-8001)
Information: Time: 2025-06-04 15:45:58 / Session:  00:02:35 / Command:  00:00:10 / CPU:  00:00:18 / Memory: 1654 MB (FLW-8100)
Information: CPU Load: 20%, Ram Free: 44 GB, Swap Free: 1 GB, Work Disk Free: 308 GB, Tmp Disk Free: 308 GB (MSG-3995)
Information: Ending   compile_fusion / logic_opto / Optimization (1) (FLW-8001)
Information: Time: 2025-06-04 15:45:58 / Session:  00:02:35 / Command:  00:00:10 / CPU:  00:00:18 / Memory: 1654 MB (FLW-8100)
Information: CPU Load: 20%, Ram Free: 44 GB, Swap Free: 1 GB, Work Disk Free: 308 GB, Tmp Disk Free: 308 GB (MSG-3995)
Information: Starting compile_fusion / logic_opto / Register Retiming (FLW-8000)
Information: Time: 2025-06-04 15:45:58 / Session:  00:02:35 / Command:  00:00:10 / CPU:  00:00:18 / Memory: 1654 MB (FLW-8100)
Information: CPU Load: 20%, Ram Free: 44 GB, Swap Free: 1 GB, Work Disk Free: 308 GB, Tmp Disk Free: 308 GB (MSG-3995)
Warning: Cannot infer functionality of libcell 'saed14rvt_ff0p88v125c/SAEDRVT14_FDNRBSBQ_V2_0P5' and will be excluded from sequential mapping. (SQM-1061)
Warning: Cannot infer functionality of libcell 'saed14rvt_ff0p88v125c/SAEDRVT14_FDNRBSBQ_V2_1' and will be excluded from sequential mapping. (SQM-1061)
Warning: Cannot infer functionality of libcell 'saed14rvt_ff0p88v125c/SAEDRVT14_FDNRBSBQ_V2_2' and will be excluded from sequential mapping. (SQM-1061)
Warning: Cannot infer functionality of libcell 'saed14rvt_ff0p88v125c/SAEDRVT14_FDNRBSBQ_V2_4' and will be excluded from sequential mapping. (SQM-1061)
Warning: Cannot infer functionality of libcell 'saed14rvt_ff0p88v125c/SAEDRVT14_FDPRBSBQ_V2_0P5' and will be excluded from sequential mapping. (SQM-1061)
Warning: Cannot infer functionality of libcell 'saed14rvt_ff0p88v125c/SAEDRVT14_FDPRBSBQ_V2_1' and will be excluded from sequential mapping. (SQM-1061)
Warning: Cannot infer functionality of libcell 'saed14rvt_ff0p88v125c/SAEDRVT14_FDPRBSBQ_V2_2' and will be excluded from sequential mapping. (SQM-1061)
Warning: Cannot infer functionality of libcell 'saed14rvt_ff0p88v125c/SAEDRVT14_FDPRBSBQ_V2_4' and will be excluded from sequential mapping. (SQM-1061)
Warning: Cannot infer functionality of libcell 'saed14rvt_ff0p88v125c/SAEDRVT14_FSDPRBSBQ_V2LP_0P5' and will be excluded from sequential mapping. (SQM-1061)
Warning: Cannot infer functionality of libcell 'saed14rvt_ff0p88v125c/SAEDRVT14_FSDPRBSBQ_V2LP_2' and will be excluded from sequential mapping. (SQM-1061)
Warning: Skipping check for single_bit_degenerate attribute on the multibit libcell 'saed14rvt_ff0p88v125c/SAEDRVT14_FSDN2_V2_0P5' since it is not a black-box. (SQM-1079)
Information: No single-bit representative was found for multibit lib cell 'saed14rvt_ff0p88v125c/SAEDRVT14_FSDN2_V2_0P5'. (SQM-2004)
Warning: Skipping check for single_bit_degenerate attribute on the multibit libcell 'saed14rvt_ff0p88v125c/SAEDRVT14_FSDN2_V2_1' since it is not a black-box. (SQM-1079)
Information: No single-bit representative was found for multibit lib cell 'saed14rvt_ff0p88v125c/SAEDRVT14_FSDN2_V2_1'. (SQM-2004)
Warning: Skipping check for single_bit_degenerate attribute on the multibit libcell 'saed14rvt_ff0p88v125c/SAEDRVT14_FSDN2_V2_2' since it is not a black-box. (SQM-1079)
Information: No single-bit representative was found for multibit lib cell 'saed14rvt_ff0p88v125c/SAEDRVT14_FSDN2_V2_2'. (SQM-2004)
Warning: Skipping check for single_bit_degenerate attribute on the multibit libcell 'saed14rvt_ff0p88v125c/SAEDRVT14_FSDN2_V2_4' since it is not a black-box. (SQM-1079)
Information: No single-bit representative was found for multibit lib cell 'saed14rvt_ff0p88v125c/SAEDRVT14_FSDN2_V2_4'. (SQM-2004)
Warning: Skipping check for single_bit_degenerate attribute on the multibit libcell 'saed14rvt_ff0p88v125c/SAEDRVT14_FSDN4_V2_0P5' since it is not a black-box. (SQM-1079)
Information: No single-bit representative was found for multibit lib cell 'saed14rvt_ff0p88v125c/SAEDRVT14_FSDN4_V2_0P5'. (SQM-2004)
Information: No single-bit representative was found for multibit lib cell 'saed14rvt_ff0p88v125c/SAEDRVT14_FSDN4_V2_1'. (SQM-2004)
Information: No single-bit representative was found for multibit lib cell 'saed14rvt_ff0p88v125c/SAEDRVT14_FSDN4_V2_2'. (SQM-2004)
Information: No single-bit representative was found for multibit lib cell 'saed14rvt_ff0p88v125c/SAEDRVT14_FSDN4_V2_4'. (SQM-2004)
Warning: Found 8 multibit sequential library cells that have missing/added attributes or have restrictions that prevent them from banking. (SQM-1053)
Information: 6 out of 16 SQM-1061 messages were not printed due to limit 10 (after 'compile_fusion' at task4.tcl:76) (MSG-3913)
Information: 3 out of 8 SQM-1079 messages were not printed due to limit 5 (after 'compile_fusion' at task4.tcl:76) (MSG-3913)
Warning: Cannot infer functionality of libcell 'saed14rvt_ff0p88v125c/SAEDRVT14_FDNRBSBQ_V2_0P5' and will be excluded from sequential mapping. (SQM-1061)
Warning: Cannot infer functionality of libcell 'saed14rvt_ff0p88v125c/SAEDRVT14_FDNRBSBQ_V2_1' and will be excluded from sequential mapping. (SQM-1061)
Warning: Cannot infer functionality of libcell 'saed14rvt_ff0p88v125c/SAEDRVT14_FDNRBSBQ_V2_2' and will be excluded from sequential mapping. (SQM-1061)
Warning: Cannot infer functionality of libcell 'saed14rvt_ff0p88v125c/SAEDRVT14_FDNRBSBQ_V2_4' and will be excluded from sequential mapping. (SQM-1061)
Warning: Cannot infer functionality of libcell 'saed14rvt_ff0p88v125c/SAEDRVT14_FDPRBSBQ_V2_0P5' and will be excluded from sequential mapping. (SQM-1061)
Warning: Cannot infer functionality of libcell 'saed14rvt_ff0p88v125c/SAEDRVT14_FDPRBSBQ_V2_1' and will be excluded from sequential mapping. (SQM-1061)
Warning: Cannot infer functionality of libcell 'saed14rvt_ff0p88v125c/SAEDRVT14_FDPRBSBQ_V2_2' and will be excluded from sequential mapping. (SQM-1061)
Warning: Cannot infer functionality of libcell 'saed14rvt_ff0p88v125c/SAEDRVT14_FDPRBSBQ_V2_4' and will be excluded from sequential mapping. (SQM-1061)
Warning: Cannot infer functionality of libcell 'saed14rvt_ff0p88v125c/SAEDRVT14_FSDPRBSBQ_V2LP_0P5' and will be excluded from sequential mapping. (SQM-1061)
Warning: Cannot infer functionality of libcell 'saed14rvt_ff0p88v125c/SAEDRVT14_FSDPRBSBQ_V2LP_2' and will be excluded from sequential mapping. (SQM-1061)
Warning: Skipping check for single_bit_degenerate attribute on the multibit libcell 'saed14rvt_ff0p88v125c/SAEDRVT14_FSDN2_V2_0P5' since it is not a black-box. (SQM-1079)
Information: No single-bit representative was found for multibit lib cell 'saed14rvt_ff0p88v125c/SAEDRVT14_FSDN2_V2_0P5'. (SQM-2004)
Warning: Skipping check for single_bit_degenerate attribute on the multibit libcell 'saed14rvt_ff0p88v125c/SAEDRVT14_FSDN2_V2_1' since it is not a black-box. (SQM-1079)
Information: No single-bit representative was found for multibit lib cell 'saed14rvt_ff0p88v125c/SAEDRVT14_FSDN2_V2_1'. (SQM-2004)
Warning: Skipping check for single_bit_degenerate attribute on the multibit libcell 'saed14rvt_ff0p88v125c/SAEDRVT14_FSDN2_V2_2' since it is not a black-box. (SQM-1079)
Information: No single-bit representative was found for multibit lib cell 'saed14rvt_ff0p88v125c/SAEDRVT14_FSDN2_V2_2'. (SQM-2004)
Warning: Skipping check for single_bit_degenerate attribute on the multibit libcell 'saed14rvt_ff0p88v125c/SAEDRVT14_FSDN2_V2_4' since it is not a black-box. (SQM-1079)
Information: No single-bit representative was found for multibit lib cell 'saed14rvt_ff0p88v125c/SAEDRVT14_FSDN2_V2_4'. (SQM-2004)
Warning: Skipping check for single_bit_degenerate attribute on the multibit libcell 'saed14rvt_ff0p88v125c/SAEDRVT14_FSDN4_V2_0P5' since it is not a black-box. (SQM-1079)
Information: No single-bit representative was found for multibit lib cell 'saed14rvt_ff0p88v125c/SAEDRVT14_FSDN4_V2_0P5'. (SQM-2004)
Information: No single-bit representative was found for multibit lib cell 'saed14rvt_ff0p88v125c/SAEDRVT14_FSDN4_V2_1'. (SQM-2004)
Information: No single-bit representative was found for multibit lib cell 'saed14rvt_ff0p88v125c/SAEDRVT14_FSDN4_V2_2'. (SQM-2004)
Information: No single-bit representative was found for multibit lib cell 'saed14rvt_ff0p88v125c/SAEDRVT14_FSDN4_V2_4'. (SQM-2004)
Warning: Found 8 multibit sequential library cells that have missing/added attributes or have restrictions that prevent them from banking. (SQM-1053)
Information: 6 out of 16 SQM-1061 messages were not printed due to limit 10 (after 'compile_fusion' at task4.tcl:76) (MSG-3913)
Information: 3 out of 8 SQM-1079 messages were not printed due to limit 5 (after 'compile_fusion' at task4.tcl:76) (MSG-3913)
Warning: Cannot infer functionality of libcell 'saed14rvt_ff0p88v125c/SAEDRVT14_FDNRBSBQ_V2_0P5' and will be excluded from sequential mapping. (SQM-1061)
Warning: Cannot infer functionality of libcell 'saed14rvt_ff0p88v125c/SAEDRVT14_FDNRBSBQ_V2_1' and will be excluded from sequential mapping. (SQM-1061)
Warning: Cannot infer functionality of libcell 'saed14rvt_ff0p88v125c/SAEDRVT14_FDNRBSBQ_V2_2' and will be excluded from sequential mapping. (SQM-1061)
Warning: Cannot infer functionality of libcell 'saed14rvt_ff0p88v125c/SAEDRVT14_FDNRBSBQ_V2_4' and will be excluded from sequential mapping. (SQM-1061)
Warning: Cannot infer functionality of libcell 'saed14rvt_ff0p88v125c/SAEDRVT14_FDPRBSBQ_V2_0P5' and will be excluded from sequential mapping. (SQM-1061)
Warning: Cannot infer functionality of libcell 'saed14rvt_ff0p88v125c/SAEDRVT14_FDPRBSBQ_V2_1' and will be excluded from sequential mapping. (SQM-1061)
Warning: Cannot infer functionality of libcell 'saed14rvt_ff0p88v125c/SAEDRVT14_FDPRBSBQ_V2_2' and will be excluded from sequential mapping. (SQM-1061)
Warning: Cannot infer functionality of libcell 'saed14rvt_ff0p88v125c/SAEDRVT14_FDPRBSBQ_V2_4' and will be excluded from sequential mapping. (SQM-1061)
Warning: Cannot infer functionality of libcell 'saed14rvt_ff0p88v125c/SAEDRVT14_FSDPRBSBQ_V2LP_0P5' and will be excluded from sequential mapping. (SQM-1061)
Warning: Cannot infer functionality of libcell 'saed14rvt_ff0p88v125c/SAEDRVT14_FSDPRBSBQ_V2LP_2' and will be excluded from sequential mapping. (SQM-1061)
Warning: Skipping check for single_bit_degenerate attribute on the multibit libcell 'saed14rvt_ff0p88v125c/SAEDRVT14_FSDN2_V2_0P5' since it is not a black-box. (SQM-1079)
Information: No single-bit representative was found for multibit lib cell 'saed14rvt_ff0p88v125c/SAEDRVT14_FSDN2_V2_0P5'. (SQM-2004)
Warning: Skipping check for single_bit_degenerate attribute on the multibit libcell 'saed14rvt_ff0p88v125c/SAEDRVT14_FSDN2_V2_1' since it is not a black-box. (SQM-1079)
Information: No single-bit representative was found for multibit lib cell 'saed14rvt_ff0p88v125c/SAEDRVT14_FSDN2_V2_1'. (SQM-2004)
Warning: Skipping check for single_bit_degenerate attribute on the multibit libcell 'saed14rvt_ff0p88v125c/SAEDRVT14_FSDN2_V2_2' since it is not a black-box. (SQM-1079)
Information: No single-bit representative was found for multibit lib cell 'saed14rvt_ff0p88v125c/SAEDRVT14_FSDN2_V2_2'. (SQM-2004)
Warning: Skipping check for single_bit_degenerate attribute on the multibit libcell 'saed14rvt_ff0p88v125c/SAEDRVT14_FSDN2_V2_4' since it is not a black-box. (SQM-1079)
Information: No single-bit representative was found for multibit lib cell 'saed14rvt_ff0p88v125c/SAEDRVT14_FSDN2_V2_4'. (SQM-2004)
Warning: Skipping check for single_bit_degenerate attribute on the multibit libcell 'saed14rvt_ff0p88v125c/SAEDRVT14_FSDN4_V2_0P5' since it is not a black-box. (SQM-1079)
Information: No single-bit representative was found for multibit lib cell 'saed14rvt_ff0p88v125c/SAEDRVT14_FSDN4_V2_0P5'. (SQM-2004)
Information: No single-bit representative was found for multibit lib cell 'saed14rvt_ff0p88v125c/SAEDRVT14_FSDN4_V2_1'. (SQM-2004)
Information: No single-bit representative was found for multibit lib cell 'saed14rvt_ff0p88v125c/SAEDRVT14_FSDN4_V2_2'. (SQM-2004)
Information: No single-bit representative was found for multibit lib cell 'saed14rvt_ff0p88v125c/SAEDRVT14_FSDN4_V2_4'. (SQM-2004)
Warning: Found 8 multibit sequential library cells that have missing/added attributes or have restrictions that prevent them from banking. (SQM-1053)
Information: Result of compile_fusion / logic_opto / Register Retiming (FLW-8500)
Information: No instance marked for retiming. (RTM-1031)
Information: 6 out of 16 SQM-1061 messages were not printed due to limit 10 (after 'compile_fusion' at task4.tcl:76) (MSG-3913)
Information: 3 out of 8 SQM-1079 messages were not printed due to limit 5 (after 'compile_fusion' at task4.tcl:76) (MSG-3913)
Warning: Cannot infer functionality of libcell 'saed14rvt_ff0p88v125c/SAEDRVT14_FDNRBSBQ_V2_0P5' and will be excluded from sequential mapping. (SQM-1061)
Warning: Cannot infer functionality of libcell 'saed14rvt_ff0p88v125c/SAEDRVT14_FDNRBSBQ_V2_1' and will be excluded from sequential mapping. (SQM-1061)
Warning: Cannot infer functionality of libcell 'saed14rvt_ff0p88v125c/SAEDRVT14_FDNRBSBQ_V2_2' and will be excluded from sequential mapping. (SQM-1061)
Warning: Cannot infer functionality of libcell 'saed14rvt_ff0p88v125c/SAEDRVT14_FDNRBSBQ_V2_4' and will be excluded from sequential mapping. (SQM-1061)
Warning: Cannot infer functionality of libcell 'saed14rvt_ff0p88v125c/SAEDRVT14_FDPRBSBQ_V2_0P5' and will be excluded from sequential mapping. (SQM-1061)
Warning: Cannot infer functionality of libcell 'saed14rvt_ff0p88v125c/SAEDRVT14_FDPRBSBQ_V2_1' and will be excluded from sequential mapping. (SQM-1061)
Warning: Cannot infer functionality of libcell 'saed14rvt_ff0p88v125c/SAEDRVT14_FDPRBSBQ_V2_2' and will be excluded from sequential mapping. (SQM-1061)
Warning: Cannot infer functionality of libcell 'saed14rvt_ff0p88v125c/SAEDRVT14_FDPRBSBQ_V2_4' and will be excluded from sequential mapping. (SQM-1061)
Warning: Cannot infer functionality of libcell 'saed14rvt_ff0p88v125c/SAEDRVT14_FSDPRBSBQ_V2LP_0P5' and will be excluded from sequential mapping. (SQM-1061)
Warning: Cannot infer functionality of libcell 'saed14rvt_ff0p88v125c/SAEDRVT14_FSDPRBSBQ_V2LP_2' and will be excluded from sequential mapping. (SQM-1061)
Warning: Skipping check for single_bit_degenerate attribute on the multibit libcell 'saed14rvt_ff0p88v125c/SAEDRVT14_FSDN2_V2_0P5' since it is not a black-box. (SQM-1079)
Information: No single-bit representative was found for multibit lib cell 'saed14rvt_ff0p88v125c/SAEDRVT14_FSDN2_V2_0P5'. (SQM-2004)
Warning: Skipping check for single_bit_degenerate attribute on the multibit libcell 'saed14rvt_ff0p88v125c/SAEDRVT14_FSDN2_V2_1' since it is not a black-box. (SQM-1079)
Information: No single-bit representative was found for multibit lib cell 'saed14rvt_ff0p88v125c/SAEDRVT14_FSDN2_V2_1'. (SQM-2004)
Warning: Skipping check for single_bit_degenerate attribute on the multibit libcell 'saed14rvt_ff0p88v125c/SAEDRVT14_FSDN2_V2_2' since it is not a black-box. (SQM-1079)
Information: No single-bit representative was found for multibit lib cell 'saed14rvt_ff0p88v125c/SAEDRVT14_FSDN2_V2_2'. (SQM-2004)
Warning: Skipping check for single_bit_degenerate attribute on the multibit libcell 'saed14rvt_ff0p88v125c/SAEDRVT14_FSDN2_V2_4' since it is not a black-box. (SQM-1079)
Information: No single-bit representative was found for multibit lib cell 'saed14rvt_ff0p88v125c/SAEDRVT14_FSDN2_V2_4'. (SQM-2004)
Warning: Skipping check for single_bit_degenerate attribute on the multibit libcell 'saed14rvt_ff0p88v125c/SAEDRVT14_FSDN4_V2_0P5' since it is not a black-box. (SQM-1079)
Information: No single-bit representative was found for multibit lib cell 'saed14rvt_ff0p88v125c/SAEDRVT14_FSDN4_V2_0P5'. (SQM-2004)
Information: No single-bit representative was found for multibit lib cell 'saed14rvt_ff0p88v125c/SAEDRVT14_FSDN4_V2_1'. (SQM-2004)
Information: No single-bit representative was found for multibit lib cell 'saed14rvt_ff0p88v125c/SAEDRVT14_FSDN4_V2_2'. (SQM-2004)
Information: No single-bit representative was found for multibit lib cell 'saed14rvt_ff0p88v125c/SAEDRVT14_FSDN4_V2_4'. (SQM-2004)
Warning: Found 8 multibit sequential library cells that have missing/added attributes or have restrictions that prevent them from banking. (SQM-1053)
Information: 6 out of 16 SQM-1061 messages were not printed due to limit 10 (after 'compile_fusion' at task4.tcl:76) (MSG-3913)
Information: 3 out of 8 SQM-1079 messages were not printed due to limit 5 (after 'compile_fusion' at task4.tcl:76) (MSG-3913)
Information: Ending   compile_fusion / logic_opto / Register Retiming (FLW-8001)
Information: Time: 2025-06-04 15:46:06 / Session:  00:02:44 / Command:  00:00:19 / CPU:  00:00:27 / Memory: 1654 MB (FLW-8100)
Information: CPU Load: 18%, Ram Free: 44 GB, Swap Free: 1 GB, Work Disk Free: 308 GB, Tmp Disk Free: 308 GB (MSG-3995)
Warning: Cannot infer functionality of libcell 'saed14rvt_ff0p88v125c/SAEDRVT14_FDNRBSBQ_V2_0P5' and will be excluded from sequential mapping. (SQM-1061)
Warning: Cannot infer functionality of libcell 'saed14rvt_ff0p88v125c/SAEDRVT14_FDNRBSBQ_V2_1' and will be excluded from sequential mapping. (SQM-1061)
Warning: Cannot infer functionality of libcell 'saed14rvt_ff0p88v125c/SAEDRVT14_FDNRBSBQ_V2_2' and will be excluded from sequential mapping. (SQM-1061)
Warning: Cannot infer functionality of libcell 'saed14rvt_ff0p88v125c/SAEDRVT14_FDNRBSBQ_V2_4' and will be excluded from sequential mapping. (SQM-1061)
Warning: Cannot infer functionality of libcell 'saed14rvt_ff0p88v125c/SAEDRVT14_FDPRBSBQ_V2_0P5' and will be excluded from sequential mapping. (SQM-1061)
Warning: Cannot infer functionality of libcell 'saed14rvt_ff0p88v125c/SAEDRVT14_FDPRBSBQ_V2_1' and will be excluded from sequential mapping. (SQM-1061)
Warning: Cannot infer functionality of libcell 'saed14rvt_ff0p88v125c/SAEDRVT14_FDPRBSBQ_V2_2' and will be excluded from sequential mapping. (SQM-1061)
Warning: Cannot infer functionality of libcell 'saed14rvt_ff0p88v125c/SAEDRVT14_FDPRBSBQ_V2_4' and will be excluded from sequential mapping. (SQM-1061)
Warning: Cannot infer functionality of libcell 'saed14rvt_ff0p88v125c/SAEDRVT14_FSDPRBSBQ_V2LP_0P5' and will be excluded from sequential mapping. (SQM-1061)
Warning: Cannot infer functionality of libcell 'saed14rvt_ff0p88v125c/SAEDRVT14_FSDPRBSBQ_V2LP_2' and will be excluded from sequential mapping. (SQM-1061)
Warning: Skipping check for single_bit_degenerate attribute on the multibit libcell 'saed14rvt_ff0p88v125c/SAEDRVT14_FSDN2_V2_0P5' since it is not a black-box. (SQM-1079)
Information: No single-bit representative was found for multibit lib cell 'saed14rvt_ff0p88v125c/SAEDRVT14_FSDN2_V2_0P5'. (SQM-2004)
Warning: Skipping check for single_bit_degenerate attribute on the multibit libcell 'saed14rvt_ff0p88v125c/SAEDRVT14_FSDN2_V2_1' since it is not a black-box. (SQM-1079)
Information: No single-bit representative was found for multibit lib cell 'saed14rvt_ff0p88v125c/SAEDRVT14_FSDN2_V2_1'. (SQM-2004)
Warning: Skipping check for single_bit_degenerate attribute on the multibit libcell 'saed14rvt_ff0p88v125c/SAEDRVT14_FSDN2_V2_2' since it is not a black-box. (SQM-1079)
Information: No single-bit representative was found for multibit lib cell 'saed14rvt_ff0p88v125c/SAEDRVT14_FSDN2_V2_2'. (SQM-2004)
Warning: Skipping check for single_bit_degenerate attribute on the multibit libcell 'saed14rvt_ff0p88v125c/SAEDRVT14_FSDN2_V2_4' since it is not a black-box. (SQM-1079)
Information: No single-bit representative was found for multibit lib cell 'saed14rvt_ff0p88v125c/SAEDRVT14_FSDN2_V2_4'. (SQM-2004)
Warning: Skipping check for single_bit_degenerate attribute on the multibit libcell 'saed14rvt_ff0p88v125c/SAEDRVT14_FSDN4_V2_0P5' since it is not a black-box. (SQM-1079)
Information: No single-bit representative was found for multibit lib cell 'saed14rvt_ff0p88v125c/SAEDRVT14_FSDN4_V2_0P5'. (SQM-2004)
Information: No single-bit representative was found for multibit lib cell 'saed14rvt_ff0p88v125c/SAEDRVT14_FSDN4_V2_1'. (SQM-2004)
Information: No single-bit representative was found for multibit lib cell 'saed14rvt_ff0p88v125c/SAEDRVT14_FSDN4_V2_2'. (SQM-2004)
Information: No single-bit representative was found for multibit lib cell 'saed14rvt_ff0p88v125c/SAEDRVT14_FSDN4_V2_4'. (SQM-2004)
Warning: Found 8 multibit sequential library cells that have missing/added attributes or have restrictions that prevent them from banking. (SQM-1053)
Information: Register Bits Before Sharing = 0, After Sharing = 0, Savings = 0 (SQM-2000)
Information: 6 out of 16 SQM-1061 messages were not printed due to limit 10 (after 'compile_fusion' at task4.tcl:76) (MSG-3913)
Information: 3 out of 8 SQM-1079 messages were not printed due to limit 5 (after 'compile_fusion' at task4.tcl:76) (MSG-3913)
Information: Starting compile_fusion / logic_opto / Optimization (2) (FLW-8000)
Information: Time: 2025-06-04 15:46:09 / Session:  00:02:46 / Command:  00:00:21 / CPU:  00:00:29 / Memory: 1654 MB (FLW-8100)
Information: CPU Load: 18%, Ram Free: 44 GB, Swap Free: 1 GB, Work Disk Free: 308 GB, Tmp Disk Free: 308 GB (MSG-3995)
Warning: No clock routing rules were specified. Use set_clock_routing_rules to specify routing rules for accurate clock latency estimation. (OPT-902)
Warning: No clock routing rules were specified. Use set_clock_routing_rules to specify routing rules for accurate clock latency estimation. (OPT-902)
Information: Estimating clock gate latencies for scenario 'PowerSave_Slow'. (OPT-909)
Warning: No clock routing rules were specified. Use set_clock_routing_rules to specify routing rules for accurate clock latency estimation. (OPT-902)
Information: Estimating clock gate latencies for scenario 'Normal_Slow'. (OPT-909)
Information: Ending   compile_fusion / logic_opto / Optimization (2) (FLW-8001)
Information: Time: 2025-06-04 15:46:10 / Session:  00:02:47 / Command:  00:00:23 / CPU:  00:00:31 / Memory: 1654 MB (FLW-8100)
Information: CPU Load: 18%, Ram Free: 44 GB, Swap Free: 1 GB, Work Disk Free: 308 GB, Tmp Disk Free: 308 GB (MSG-3995)
Information: Starting compile_fusion / logic_opto / Auto-Floorplan (1) (FLW-8000)
Information: Time: 2025-06-04 15:46:10 / Session:  00:02:47 / Command:  00:00:23 / CPU:  00:00:31 / Memory: 1654 MB (FLW-8100)
Information: CPU Load: 18%, Ram Free: 44 GB, Swap Free: 1 GB, Work Disk Free: 308 GB, Tmp Disk Free: 308 GB (MSG-3995)
Information: Initializing core and die (AFP-1001)
Information: Initializing rows (AFP-1003)
Information: Initializing tracks (AFP-1004)
Information: Generated core area = 1792.960815 (AFP-2021)
Information: Generated core boundary = { {10 10} {10 83.2} {34.494 83.2} {34.494 10} } (AFP-2022)
Information: Shaping unshaped voltage areas (AFP-1011)
Information: Placing unplaced pins (AFP-1007)
Warning: Block sides pin constraints conflict with pin clk. (DPPA-113)
Warning: The individual pin constraints allowed layers on port clk are in conflict with block pin constraints allowed layers or min/max routing layers. (DPPA-417)
Warning: Cell contains tie connections which are not connected to real PG. (ZRT-511)
Information: Option route.detail.force_end_on_preferred_grid will be ignored since none of the layers have preferred grid. (ZRT-703)
Warning: Layer M4 default pitch 0.100 may be too small to handle up/down via. Note, that minimum requirements are "wire/via-down 0.100" & "wire/via-up 0.122". (ZRT-026)
Warning: Layer M7 default pitch 0.100 may be too small to handle up/down via. Note, that minimum requirements are "wire/via-down 0.100" & "wire/via-up 0.105". (ZRT-026)
Warning: Layer M8 default pitch 0.100 may be too small to handle up/down via. Note, that minimum requirements are "wire/via-down 0.105" & "wire/via-up 0.135". (ZRT-026)
Warning: Layer M9 default pitch 0.100 may be too small to handle up/down via. Note, that minimum requirements are "wire/via-down 0.135" & "wire/via-up 1.570". (ZRT-026)
Warning: Layer MRDL default pitch 4.000 may be too small to handle up/down via. Note, that minimum requirements are "wire/via-down 4.500" & "wire/via-up 4.000". (ZRT-026)
Information: When applicable Min-max layer allow_pin_connection mode will allow paths of length 0.90 outside the layer range. (ZRT-707)
Information: When applicable Min-max layer allow_pin_connection mode will allow paths of length 0.90 outside the layer range on clock nets. (ZRT-718)
Information: When applicable layer based tapering will taper up to 0.00 in distance from the pin. (ZRT-706)
Warning: Standard cell pin SAEDRVT14_ADDH_0P5/CO has no valid via regions. (ZRT-044)
Warning: Standard cell pin SAEDRVT14_OA21B_1/X has no valid via regions. (ZRT-044)
Warning: Cell dut_input_channel_control_0_INST/in_data_arb_r_reg[13] is placed overlapping with other cells at {{17.107 68.501} {19.253 69.101}}. (ZRT-763)
Information: The net parasitics of block dut_toplevel are cleared. (TIM-123)
Information: Using 12 threads for routing. (ZRT-444)
Warning: Not enough slots available for pin placement. Ignore pin spacing constraints. (DPPA-004)
Warning: Pin VDD is placed with relaxed spacing constraint. (DPPA-379)
Warning: 1 pins on block dut_toplevel have been placed with relaxed pin spacing constraint(s). (DPPA-089)
Information: Result of compile_fusion / logic_opto / Auto-Floorplan (1) (FLW-8500)
Information: Auto-Floorplan Summary (AFP-2023)
-------------------------------------------------------------------------------
              origin           area     boundary
core  auto-floorplan        1792.96   { {10 10} {10 83.2} {34.494 83.2} {34.494 10} }
die   auto-floorplan        4146.84   { {0 0} {0 93.2} {44.494 93.2} {44.494 0} }
-------------------------------------------------------------------------------

-------------------------------------------------------------------------------
objects             total        candidates          modified         preserved                 
voltage areas           0                 0                 0                 0
ios                     0                 0                 0                 0
macros                  0                 0                 0                 0
pins                  170               170                30               140
-------------------------------------------------------------------------------
Information: Ending   compile_fusion / logic_opto / Auto-Floorplan (1) (FLW-8001)
Information: Time: 2025-06-04 15:46:10 / Session:  00:02:48 / Command:  00:00:23 / CPU:  00:00:32 / Memory: 1654 MB (FLW-8100)
Information: CPU Load: 18%, Ram Free: 44 GB, Swap Free: 1 GB, Work Disk Free: 308 GB, Tmp Disk Free: 308 GB (MSG-3995)
Information: Starting compile_fusion / logic_opto / Early Placement (FLW-8000)
Information: Time: 2025-06-04 15:46:10 / Session:  00:02:48 / Command:  00:00:23 / CPU:  00:00:32 / Memory: 1654 MB (FLW-8100)
Information: CPU Load: 18%, Ram Free: 44 GB, Swap Free: 1 GB, Work Disk Free: 308 GB, Tmp Disk Free: 308 GB (MSG-3995)
----------------------------------------------------------------
running create_placement
Information: The stitching and editing of coupling caps is turned OFF for design 'dut_toplevel.dlib:dut_toplevel/auto_floorplan.design'. (TIM-125)
Corner Scaling is off, multiplier is 1.000000
ORB: timingScenario Normal_Slow timingCorner Slow
INFO: Using corner Typical for worst leakage corner
Using default layer M4
new cutoff lpd: 3.06118e-07
corner scaling: maxCornerId = 3
corner=Fast, tran factor=0.837270 (0.028178 / 0.033655)
corner=Typical, tran factor=0.944434 (0.031785 / 0.033655)
corner=Slow, tran factor=1.000000 (0.033655 / 0.033655)
ORB: Nominal = 0.0053925  Design MT = inf  Target = 0.0336550 (6.241 nominal)  MaxRC = 0.022191
ORB: Fast Target = 0.011701 ( 2.170 nominal )
ORB: stageDelay=0.025981, stageLength=1609839
nplLib: default vr hor dist = 322
nplLib: default vr ver dist = 322
nplLib: default vr buf size = 2
nplLib: default vr buf size = 1

Placement Options:
Effort:                        medium_effort       
Timing Driven:                 false               
Buffering Aware Timing Driven: false               
Seed locs:                     false               
Incremental:                   false               
Congestion:                    false               
Fix Macros:                    true                
Place Macros:                  false               
Channel Size Macros:           false               

Printing options for 'place.coarse.*' (non-default only)
place.coarse.continue_on_missing_scandef                :	 true                

Start transferring placement data.
****** Net weight manager: report ******
Weights included: Timing  
Number of nets with non-default weights: 1601
Timing factor = 1
Non-default weight range: (0.889067, 2.6672)
Information: Automatic repeater spreading is enabled.
Completed transferring placement data.
Running placement using 12 thread(s)
Information: Enhanced Auto Density Control is used. (PLACE-098)
Information: Enhanced auto density configuration is 13179.
Information: Automatic density control has selected the following settings: max_density 0.55, congestion_driven_max_util 0.87. (PLACE-027)
Information: HFW control 'off' invoked.
Creating placement from scratch.
coarse place 0% done.
coarse place 25% done.
coarse place 50% done.
coarse place 75% done.
coarse place 100% done.
Information: Coarse placer weighted wire length estimate = 1.29207e+08
Information: Extraction observers are detached as design net change threshold is reached.
Warning: No clock routing rules were specified. Use set_clock_routing_rules to specify routing rules for accurate clock latency estimation. (OPT-902)
Warning: No clock routing rules were specified. Use set_clock_routing_rules to specify routing rules for accurate clock latency estimation. (OPT-902)
Information: Estimating clock gate latencies for scenario 'PowerSave_Slow'. (OPT-909)
Warning: No clock routing rules were specified. Use set_clock_routing_rules to specify routing rules for accurate clock latency estimation. (OPT-902)
Information: Estimating clock gate latencies for scenario 'Normal_Slow'. (OPT-909)
----------------------------------------------------------------
Information: Ending   compile_fusion / logic_opto / Early Placement (FLW-8001)
Information: Time: 2025-06-04 15:46:13 / Session:  00:02:51 / Command:  00:00:26 / CPU:  00:00:36 / Memory: 1654 MB (FLW-8100)
Information: CPU Load: 19%, Ram Free: 44 GB, Swap Free: 1 GB, Work Disk Free: 308 GB, Tmp Disk Free: 308 GB (MSG-3995)
Information: The stitching and editing of coupling caps is turned OFF for design 'dut_toplevel.dlib:dut_toplevel/auto_floorplan.design'. (TIM-125)
Information: Starting compile_fusion / logic_opto / Optimization (3) (FLW-8000)
Information: Time: 2025-06-04 15:46:15 / Session:  00:02:52 / Command:  00:00:28 / CPU:  00:00:40 / Memory: 1654 MB (FLW-8100)
Information: CPU Load: 19%, Ram Free: 44 GB, Swap Free: 1 GB, Work Disk Free: 308 GB, Tmp Disk Free: 308 GB (MSG-3995)
Information: Starting compile_fusion / logic_opto / Optimization (3) / Timing Optimization (FLW-8000)
Information: Time: 2025-06-04 15:46:15 / Session:  00:02:52 / Command:  00:00:28 / CPU:  00:00:40 / Memory: 1654 MB (FLW-8100)
Information: CPU Load: 19%, Ram Free: 44 GB, Swap Free: 1 GB, Work Disk Free: 308 GB, Tmp Disk Free: 308 GB (MSG-3995)
Warning: Cannot infer functionality of libcell 'saed14rvt_ff0p88v125c/SAEDRVT14_FDNRBSBQ_V2_0P5' and will be excluded from sequential mapping. (SQM-1061)
Warning: Cannot infer functionality of libcell 'saed14rvt_ff0p88v125c/SAEDRVT14_FDNRBSBQ_V2_1' and will be excluded from sequential mapping. (SQM-1061)
Warning: Cannot infer functionality of libcell 'saed14rvt_ff0p88v125c/SAEDRVT14_FDNRBSBQ_V2_2' and will be excluded from sequential mapping. (SQM-1061)
Warning: Cannot infer functionality of libcell 'saed14rvt_ff0p88v125c/SAEDRVT14_FDNRBSBQ_V2_4' and will be excluded from sequential mapping. (SQM-1061)
Warning: Cannot infer functionality of libcell 'saed14rvt_ff0p88v125c/SAEDRVT14_FDPRBSBQ_V2_0P5' and will be excluded from sequential mapping. (SQM-1061)
Warning: Cannot infer functionality of libcell 'saed14rvt_ff0p88v125c/SAEDRVT14_FDPRBSBQ_V2_1' and will be excluded from sequential mapping. (SQM-1061)
Warning: Cannot infer functionality of libcell 'saed14rvt_ff0p88v125c/SAEDRVT14_FDPRBSBQ_V2_2' and will be excluded from sequential mapping. (SQM-1061)
Warning: Cannot infer functionality of libcell 'saed14rvt_ff0p88v125c/SAEDRVT14_FDPRBSBQ_V2_4' and will be excluded from sequential mapping. (SQM-1061)
Warning: Cannot infer functionality of libcell 'saed14rvt_ff0p88v125c/SAEDRVT14_FSDPRBSBQ_V2LP_0P5' and will be excluded from sequential mapping. (SQM-1061)
Warning: Cannot infer functionality of libcell 'saed14rvt_ff0p88v125c/SAEDRVT14_FSDPRBSBQ_V2LP_2' and will be excluded from sequential mapping. (SQM-1061)
Warning: Skipping check for single_bit_degenerate attribute on the multibit libcell 'saed14rvt_ff0p88v125c/SAEDRVT14_FSDN2_V2_0P5' since it is not a black-box. (SQM-1079)
Information: No single-bit representative was found for multibit lib cell 'saed14rvt_ff0p88v125c/SAEDRVT14_FSDN2_V2_0P5'. (SQM-2004)
Warning: Skipping check for single_bit_degenerate attribute on the multibit libcell 'saed14rvt_ff0p88v125c/SAEDRVT14_FSDN2_V2_1' since it is not a black-box. (SQM-1079)
Information: No single-bit representative was found for multibit lib cell 'saed14rvt_ff0p88v125c/SAEDRVT14_FSDN2_V2_1'. (SQM-2004)
Warning: Skipping check for single_bit_degenerate attribute on the multibit libcell 'saed14rvt_ff0p88v125c/SAEDRVT14_FSDN2_V2_2' since it is not a black-box. (SQM-1079)
Information: No single-bit representative was found for multibit lib cell 'saed14rvt_ff0p88v125c/SAEDRVT14_FSDN2_V2_2'. (SQM-2004)
Warning: Skipping check for single_bit_degenerate attribute on the multibit libcell 'saed14rvt_ff0p88v125c/SAEDRVT14_FSDN2_V2_4' since it is not a black-box. (SQM-1079)
Information: No single-bit representative was found for multibit lib cell 'saed14rvt_ff0p88v125c/SAEDRVT14_FSDN2_V2_4'. (SQM-2004)
Warning: Skipping check for single_bit_degenerate attribute on the multibit libcell 'saed14rvt_ff0p88v125c/SAEDRVT14_FSDN4_V2_0P5' since it is not a black-box. (SQM-1079)
Information: No single-bit representative was found for multibit lib cell 'saed14rvt_ff0p88v125c/SAEDRVT14_FSDN4_V2_0P5'. (SQM-2004)
Information: No single-bit representative was found for multibit lib cell 'saed14rvt_ff0p88v125c/SAEDRVT14_FSDN4_V2_1'. (SQM-2004)
Information: No single-bit representative was found for multibit lib cell 'saed14rvt_ff0p88v125c/SAEDRVT14_FSDN4_V2_2'. (SQM-2004)
Information: No single-bit representative was found for multibit lib cell 'saed14rvt_ff0p88v125c/SAEDRVT14_FSDN4_V2_4'. (SQM-2004)
Warning: Found 8 multibit sequential library cells that have missing/added attributes or have restrictions that prevent them from banking. (SQM-1053)
Information: No single-bit representative was found for multibit lib cell 'saed14rvt_ff0p88v125c/SAEDRVT14_FSDN2_V2_0P5'. (SQM-2004)
Information: No single-bit representative was found for multibit lib cell 'saed14rvt_ff0p88v125c/SAEDRVT14_FSDN2_V2_1'. (SQM-2004)
Warning: Found 8 multibit sequential library cells that have missing/added attributes or have restrictions that prevent them from banking. (SQM-1053)
Warning: Found 8 multibit sequential library cells that have missing/added attributes or have restrictions that prevent them from banking. (SQM-1053)
Warning: Found 8 multibit sequential library cells that have missing/added attributes or have restrictions that prevent them from banking. (SQM-1053)
Warning: Found 8 multibit sequential library cells that have missing/added attributes or have restrictions that prevent them from banking. (SQM-1053)
Warning: Found 8 multibit sequential library cells that have missing/added attributes or have restrictions that prevent them from banking. (SQM-1053)
Warning: Found 8 multibit sequential library cells that have missing/added attributes or have restrictions that prevent them from banking. (SQM-1053)
Warning: Found 8 multibit sequential library cells that have missing/added attributes or have restrictions that prevent them from banking. (SQM-1053)
Warning: Found 8 multibit sequential library cells that have missing/added attributes or have restrictions that prevent them from banking. (SQM-1053)
Warning: Found 8 multibit sequential library cells that have missing/added attributes or have restrictions that prevent them from banking. (SQM-1053)
Information: 2 out of 12 SQM-1053 messages were not printed due to limit 10 (after 'compile_fusion' at task4.tcl:76) (MSG-3913)
Information: 182 out of 192 SQM-1061 messages were not printed due to limit 10 (after 'compile_fusion' at task4.tcl:76) (MSG-3913)
Information: 91 out of 96 SQM-1079 messages were not printed due to limit 5 (after 'compile_fusion' at task4.tcl:76) (MSG-3913)
Information: 86 out of 96 SQM-2004 messages were not printed due to limit 10 (after 'compile_fusion' at task4.tcl:76) (MSG-3913)
Information: Ending   compile_fusion / logic_opto / Optimization (3) / Timing Optimization (FLW-8001)
Information: Time: 2025-06-04 15:46:17 / Session:  00:02:54 / Command:  00:00:29 / CPU:  00:00:41 / Memory: 1654 MB (FLW-8100)
Information: CPU Load: 19%, Ram Free: 44 GB, Swap Free: 1 GB, Work Disk Free: 308 GB, Tmp Disk Free: 308 GB (MSG-3995)
Information: Ending   compile_fusion / logic_opto / Optimization (3) (FLW-8001)
Information: Time: 2025-06-04 15:46:17 / Session:  00:02:54 / Command:  00:00:30 / CPU:  00:00:43 / Memory: 1654 MB (FLW-8100)
Information: CPU Load: 19%, Ram Free: 44 GB, Swap Free: 1 GB, Work Disk Free: 308 GB, Tmp Disk Free: 308 GB (MSG-3995)
Information: Starting compile_fusion / logic_opto / Optimization (4) (FLW-8000)
Information: Time: 2025-06-04 15:46:17 / Session:  00:02:54 / Command:  00:00:30 / CPU:  00:00:43 / Memory: 1654 MB (FLW-8100)
Information: CPU Load: 19%, Ram Free: 44 GB, Swap Free: 1 GB, Work Disk Free: 308 GB, Tmp Disk Free: 308 GB (MSG-3995)
Information: Starting compile_fusion / logic_opto / Optimization (4) / Logic Simplification and Register Optimization (FLW-8000)
Information: Time: 2025-06-04 15:46:17 / Session:  00:02:54 / Command:  00:00:30 / CPU:  00:00:43 / Memory: 1654 MB (FLW-8100)
Information: CPU Load: 19%, Ram Free: 44 GB, Swap Free: 1 GB, Work Disk Free: 308 GB, Tmp Disk Free: 308 GB (MSG-3995)
Information: Ending   compile_fusion / logic_opto / Optimization (4) / Logic Simplification and Register Optimization (FLW-8001)
Information: Time: 2025-06-04 15:46:17 / Session:  00:02:54 / Command:  00:00:30 / CPU:  00:00:43 / Memory: 1654 MB (FLW-8100)
Information: CPU Load: 19%, Ram Free: 44 GB, Swap Free: 1 GB, Work Disk Free: 308 GB, Tmp Disk Free: 308 GB (MSG-3995)
Information: Ending   compile_fusion / logic_opto / Optimization (4) (FLW-8001)
Information: Time: 2025-06-04 15:46:21 / Session:  00:02:58 / Command:  00:00:33 / CPU:  00:00:48 / Memory: 1654 MB (FLW-8100)
Information: CPU Load: 18%, Ram Free: 44 GB, Swap Free: 1 GB, Work Disk Free: 308 GB, Tmp Disk Free: 308 GB (MSG-3995)
Information: Starting compile_fusion / logic_opto / Optimization (5) (FLW-8000)
Information: Time: 2025-06-04 15:46:21 / Session:  00:02:58 / Command:  00:00:33 / CPU:  00:00:48 / Memory: 1654 MB (FLW-8100)
Information: CPU Load: 18%, Ram Free: 44 GB, Swap Free: 1 GB, Work Disk Free: 308 GB, Tmp Disk Free: 308 GB (MSG-3995)
Information: Starting compile_fusion / logic_opto / Optimization (5) / Logic Simplification and Register Optimization (FLW-8000)
Information: Time: 2025-06-04 15:46:21 / Session:  00:02:58 / Command:  00:00:33 / CPU:  00:00:48 / Memory: 1654 MB (FLW-8100)
Information: CPU Load: 18%, Ram Free: 44 GB, Swap Free: 1 GB, Work Disk Free: 308 GB, Tmp Disk Free: 308 GB (MSG-3995)
Information: Ending   compile_fusion / logic_opto / Optimization (5) / Logic Simplification and Register Optimization (FLW-8001)
Information: Time: 2025-06-04 15:46:21 / Session:  00:02:58 / Command:  00:00:33 / CPU:  00:00:48 / Memory: 1654 MB (FLW-8100)
Information: CPU Load: 18%, Ram Free: 44 GB, Swap Free: 1 GB, Work Disk Free: 308 GB, Tmp Disk Free: 308 GB (MSG-3995)
Information: Ending   compile_fusion / logic_opto / Optimization (5) (FLW-8001)
Information: Time: 2025-06-04 15:46:21 / Session:  00:02:58 / Command:  00:00:33 / CPU:  00:00:48 / Memory: 1654 MB (FLW-8100)
Information: CPU Load: 18%, Ram Free: 44 GB, Swap Free: 1 GB, Work Disk Free: 308 GB, Tmp Disk Free: 308 GB (MSG-3995)
Information: Starting compile_fusion / logic_opto / Auto-Floorplan (2) (FLW-8000)
Information: Time: 2025-06-04 15:46:21 / Session:  00:02:58 / Command:  00:00:33 / CPU:  00:00:48 / Memory: 1654 MB (FLW-8100)
Information: CPU Load: 18%, Ram Free: 44 GB, Swap Free: 1 GB, Work Disk Free: 308 GB, Tmp Disk Free: 308 GB (MSG-3995)
Information: Initializing core and die (AFP-1001)
Information: Initializing rows (AFP-1003)
Information: Initializing tracks (AFP-1004)
Removing existing floorplan objects
Creating core...
Core utilization ratio = 50.35%
Unplacing all cells...
Creating site array...
Creating routing tracks...
Initializing floorplan completed.
Information: Generated core area = 1798.377563 (AFP-2021)
Information: Generated core boundary = { {10 10} {10 83.2} {34.568 83.2} {34.568 10} } (AFP-2022)
Information: Shaping unshaped voltage areas (AFP-1011)
Information: Placing unplaced pins (AFP-1007)
Load DB...
CPU Time for load db: 00:00:00.00u 00:00:00.00s 00:00:00.00e: 

Min routing layer: M1
Max routing layer: MRDL

Non default block pin constraint setting(s) of top block: dut_toplevel
pin_spacing_distance: 1.0000
allowed_layers:       M2 M3 
sides:                1 2 3

CPU Time for Top Level Pre-Route Processing: 00:00:00.00u 00:00:00.00s 00:00:00.00e: 
Warning: Block sides pin constraints conflict with pin clk. (DPPA-113)
Warning: The individual pin constraints allowed layers on port clk are in conflict with block pin constraints allowed layers or min/max routing layers. (DPPA-417)
Warning: Cell contains tie connections which are not connected to real PG. (ZRT-511)
Cell Min-Routing-Layer = M1
Cell Max-Routing-Layer = MRDL
Turn off antenna since no rule is specified
Information: Option route.detail.force_end_on_preferred_grid will be ignored since none of the layers have preferred grid. (ZRT-703)

Block Pin Constraint   Min Pin Max Pin Reserve
                       Layer   Layer   Layer    Feedthroughs
--------------------   ------  ------  ------   ------------
dut_toplevel           M2      M3      MRDL     Not allowed

Via on layer (VIA4) needs more than one tracks
Warning: Layer M4 default pitch 0.100 may be too small to handle up/down via. Note, that minimum requirements are "wire/via-down 0.100" & "wire/via-up 0.122". (ZRT-026)
Via on layer (VIA7) needs more than one tracks
Warning: Layer M7 default pitch 0.100 may be too small to handle up/down via. Note, that minimum requirements are "wire/via-down 0.100" & "wire/via-up 0.105". (ZRT-026)
Wire on layer (M8) needs more than one tracks
Via on layer (VIA7) needs more than one tracks
Via on layer (VIA8) needs more than one tracks
Warning: Layer M8 default pitch 0.100 may be too small to handle up/down via. Note, that minimum requirements are "wire/via-down 0.105" & "wire/via-up 0.135". (ZRT-026)
Wire on layer (M9) needs more than one tracks
Via on layer (VIA8) needs more than one tracks
Via on layer (VIARDL) needs more than one tracks
Warning: Layer M9 default pitch 0.100 may be too small to handle up/down via. Note, that minimum requirements are "wire/via-down 0.135" & "wire/via-up 1.570". (ZRT-026)
Via on layer (VIARDL) needs more than one tracks
Warning: Layer MRDL default pitch 4.000 may be too small to handle up/down via. Note, that minimum requirements are "wire/via-down 4.500" & "wire/via-up 4.000". (ZRT-026)
Transition layer name: M7(6)
Transition layer name: M8(7)
Information: When applicable Min-max layer allow_pin_connection mode will allow paths of length 0.90 outside the layer range. (ZRT-707)
Information: When applicable Min-max layer allow_pin_connection mode will allow paths of length 0.90 outside the layer range on clock nets. (ZRT-718)
Information: When applicable layer based tapering will taper up to 0.00 in distance from the pin. (ZRT-706)
Warning: Standard cell pin SAEDRVT14_ADDH_0P5/CO has no valid via regions. (ZRT-044)
Warning: Standard cell pin SAEDRVT14_OA21B_1/X has no valid via regions. (ZRT-044)
Warning: Cell dut_input_channel_control_2_INST/in_data_arb_r_reg[35] is placed overlapping with other cells at {{30.207 22.016} {32.353 22.616}}. (ZRT-763)
Warning: Cell dut_processing_control_INST/in1_en_r_reg is placed overlapping with other cells at {{25.893 81.383} {28.039 81.983}}. (ZRT-763)
Start Global Route ... 
[Init] Elapsed real time: 0:00:00 
[Init] Elapsed cpu  time: sys=0:00:00 usr=0:00:00 total=0:00:00
[Init] Stage (MB): Used    0  Alloctr    0  Proc    0 
[Init] Total (MB): Used   53  Alloctr   54  Proc 6276 
Printing options for 'route.common.*'
common.clock_topology                                   :	 normal              
common.single_connection_to_pins                        :	 off                 

Printing options for 'route.global.*'
global.crosstalk_driven                                 :	 false               
global.deterministic                                    :	 on                  

Begin global routing.
Constructing data structure ...
Design statistics:
Design Bounding Box (-0.60um,-0.60um,45.17um,93.80um)
Number of routing layers = 10
layer M1, dir Hor, min width = 0.034um, min space = 0.026um pitch = 0.074um
layer M2, dir Ver, min width = 0.034um, min space = 0.026um pitch = 0.06um
layer M3, dir Hor, min width = 0.034um, min space = 0.026um pitch = 0.074um
layer M4, dir Ver, min width = 0.06um, min space = 0.04um pitch = 0.1um
layer M5, dir Hor, min width = 0.06um, min space = 0.04um pitch = 0.1um
layer M6, dir Ver, min width = 0.06um, min space = 0.04um pitch = 0.1um
layer M7, dir Hor, min width = 0.06um, min space = 0.04um pitch = 0.1um
layer M8, dir Ver, min width = 0.06um, min space = 0.04um pitch = 0.1um
layer M9, dir Hor, min width = 0.06um, min space = 0.04um pitch = 0.1um
layer MRDL, dir Ver, min width = 2um, min space = 2um pitch = 4um
Current Stage stats:
[End of Build Tech Data] Elapsed real time: 0:00:00 
[End of Build Tech Data] Elapsed cpu  time: sys=0:00:00 usr=0:00:00 total=0:00:00
[End of Build Tech Data] Stage (MB): Used    1  Alloctr    1  Proc    0 
[End of Build Tech Data] Total (MB): Used   58  Alloctr   59  Proc 6276 
Net statistics:
Total number of nets to route for block pin placement     = 168
Number of interface nets to route for block pin placement = 168
Net length statistics: 
Net Count(Ignore Fully Rted) 336, Total Half Perimeter Wire Length (HPWL) 14751 microns
HPWL   0 ~   50 microns: Net Count      190	Total HPWL         1132 microns
HPWL  50 ~  100 microns: Net Count      146	Total HPWL        13619 microns
HPWL 100 ~  200 microns: Net Count        0	Total HPWL            0 microns
HPWL 200 ~  300 microns: Net Count        0	Total HPWL            0 microns
HPWL 300 ~  400 microns: Net Count        0	Total HPWL            0 microns
HPWL 400 ~  500 microns: Net Count        0	Total HPWL            0 microns
HPWL 500 ~  600 microns: Net Count        0	Total HPWL            0 microns
HPWL 600 ~  700 microns: Net Count        0	Total HPWL            0 microns
HPWL 700 ~  800 microns: Net Count        0	Total HPWL            0 microns
HPWL 800 ~  900 microns: Net Count        0	Total HPWL            0 microns
HPWL 900 ~ 1000 microns: Net Count        0	Total HPWL            0 microns
HPWL     > 1000 microns: Net Count        0	Total HPWL            0 microns
Current Stage stats:
[End of Build All Nets] Elapsed real time: 0:00:00 
[End of Build All Nets] Elapsed cpu  time: sys=0:00:00 usr=0:00:00 total=0:00:00
[End of Build All Nets] Stage (MB): Used    0  Alloctr    0  Proc  -32 
[End of Build All Nets] Total (MB): Used   59  Alloctr   60  Proc 6244 
Number of partitions: 1 (1 x 1)
Size of partitions: 40 gCells x 80 gCells
Average gCell capacity  15.93	 on layer (1)	 M1
Average gCell capacity  19.02	 on layer (2)	 M2
Average gCell capacity  15.92	 on layer (3)	 M3
Average gCell capacity  11.40	 on layer (4)	 M4
Average gCell capacity  11.77	 on layer (5)	 M5
Average gCell capacity  11.40	 on layer (6)	 M6
Average gCell capacity  11.77	 on layer (7)	 M7
Average gCell capacity  11.40	 on layer (8)	 M8
Average gCell capacity  11.77	 on layer (9)	 M9
Average gCell capacity  0.25	 on layer (10)	 MRDL
Average number of tracks per gCell 15.96	 on layer (1)	 M1
Average number of tracks per gCell 19.08	 on layer (2)	 M2
Average number of tracks per gCell 15.96	 on layer (3)	 M3
Average number of tracks per gCell 11.45	 on layer (4)	 M4
Average number of tracks per gCell 11.80	 on layer (5)	 M5
Average number of tracks per gCell 11.45	 on layer (6)	 M6
Average number of tracks per gCell 11.80	 on layer (7)	 M7
Average number of tracks per gCell 11.45	 on layer (8)	 M8
Average number of tracks per gCell 11.80	 on layer (9)	 M9
Average number of tracks per gCell 0.30	 on layer (10)	 MRDL
Number of gCells = 32000
Current Stage stats:
[End of Build Congestion Map] Elapsed real time: 0:00:00 
[End of Build Congestion Map] Elapsed cpu  time: sys=0:00:00 usr=0:00:00 total=0:00:00
[End of Build Congestion Map] Stage (MB): Used    1  Alloctr    1  Proc    0 
[End of Build Congestion Map] Total (MB): Used   60  Alloctr   61  Proc 6244 
Number of partitions: 1 (1 x 1)
Size of partitions: 40 gCells x 80 gCells
Current Stage stats:
[End of Add Nets Demand] Elapsed real time: 0:00:00 
[End of Add Nets Demand] Elapsed cpu  time: sys=0:00:00 usr=0:00:00 total=0:00:00
[End of Add Nets Demand] Stage (MB): Used    0  Alloctr    0  Proc    0 
[End of Add Nets Demand] Total (MB): Used   60  Alloctr   61  Proc 6244 
Number of user frozen nets = 0
Total stats:
[End of Build Data] Elapsed real time: 0:00:00 
[End of Build Data] Elapsed cpu  time: sys=0:00:00 usr=0:00:00 total=0:00:00
[End of Build Data] Stage (MB): Used    3  Alloctr    3  Proc  -32 
[End of Build Data] Total (MB): Used   60  Alloctr   61  Proc 6244 
Number of partitions: 1 (1 x 1)
Size of partitions: 40 gCells x 80 gCells
Current Stage stats:
[End of Blocked Pin Detection] Elapsed real time: 0:00:00 
[End of Blocked Pin Detection] Elapsed cpu  time: sys=0:00:00 usr=0:00:00 total=0:00:00
[End of Blocked Pin Detection] Stage (MB): Used   12  Alloctr   12  Proc    0 
[End of Blocked Pin Detection] Total (MB): Used   72  Alloctr   73  Proc 6244 
Information: Using 12 threads for routing. (ZRT-444)
Information: Buffer distance is estimated to be ~271.0000um (225 gCells)

Start GR phase 0
Number of partitions: 1 (1 x 1)
Size of partitions: 40 gCells x 80 gCells
[rtTop] Elapsed real time: 0:00:00 
[rtTop] Elapsed cpu  time: sys=0:00:00 usr=0:00:00 total=0:00:00
Current Stage stats:
[End of Initial Routing] Elapsed real time: 0:00:00 
[End of Initial Routing] Elapsed cpu  time: sys=0:00:00 usr=0:00:00 total=0:00:00
[End of Initial Routing] Stage (MB): Used    0  Alloctr    0  Proc    0 
[End of Initial Routing] Total (MB): Used   72  Alloctr   73  Proc 6244 
Initial. Routing result:
Initial. Both Dirs: Dmd-Cap  =     0 Max = 0 GRCs =     0 (0.00%)
Initial. H routing: Dmd-Cap  =     0 Max = 0 (GRCs =  0) GRCs =     0 (0.00%)
Initial. V routing: Dmd-Cap  =     0 Max = 0 (GRCs =  0) GRCs =     0 (0.00%)
Initial. Both Dirs: Overflow =     0 Max = 0 GRCs =     0 (0.00%)
Initial. H routing: Overflow =     0 Max = 0 (GRCs =  0) GRCs =     0 (0.00%)
Initial. V routing: Overflow =     0 Max = 0 (GRCs =  0) GRCs =     0 (0.00%)
Initial. M1         Overflow =     0 Max = 0 (GRCs =  0) GRCs =     0 (0.00%)
Initial. M2         Overflow =     0 Max = 0 (GRCs =  0) GRCs =     0 (0.00%)
Initial. M3         Overflow =     0 Max = 0 (GRCs =  0) GRCs =     0 (0.00%)
Initial. M4         Overflow =     0 Max = 0 (GRCs =  0) GRCs =     0 (0.00%)
Initial. M5         Overflow =     0 Max = 0 (GRCs =  0) GRCs =     0 (0.00%)
Initial. M6         Overflow =     0 Max = 0 (GRCs =  0) GRCs =     0 (0.00%)
Initial. M7         Overflow =     0 Max = 0 (GRCs =  0) GRCs =     0 (0.00%)
Initial. M8         Overflow =     0 Max = 0 (GRCs =  0) GRCs =     0 (0.00%)
Initial. M9         Overflow =     0 Max = 0 (GRCs =  0) GRCs =     0 (0.00%)
Initial. MRDL       Overflow =     0 Max = 0 (GRCs =  0) GRCs =     0 (0.00%)

Initial. Total Wire Length = 2638.41
Initial. Layer M1 wire length = 15.24
Initial. Layer M2 wire length = 388.68
Initial. Layer M3 wire length = 1893.49
Initial. Layer M4 wire length = 162.69
Initial. Layer M5 wire length = 178.32
Initial. Layer M6 wire length = 0.00
Initial. Layer M7 wire length = 0.00
Initial. Layer M8 wire length = 0.00
Initial. Layer M9 wire length = 0.00
Initial. Layer MRDL wire length = 0.00
Initial. Total Number of Contacts = 308
Initial. Via VIA1_Base count = 51
Initial. Via VIA2_Base count = 177
Initial. Via VIA34SQ_C count = 52
Initial. Via VIA4SQ count = 28
Initial. Via VIA5SQ_C count = 0
Initial. Via VIA67SQ_C count = 0
Initial. Via VIA78SQ_C count = 0
Initial. Via VIA89_C count = 0
Initial. Via VIA9RDL count = 0
Initial. completed.
[End of Whole Chip Routing] Elapsed real time: 0:00:00 
[End of Whole Chip Routing] Elapsed cpu  time: sys=0:00:00 usr=0:00:00 total=0:00:00
[End of Whole Chip Routing] Stage (MB): Used   15  Alloctr   15  Proc  -32 
[End of Whole Chip Routing] Total (MB): Used   72  Alloctr   73  Proc 6244 
[End of Global Routing] Elapsed real time: 0:00:00 
[End of Global Routing] Elapsed cpu  time: sys=0:00:00 usr=0:00:00 total=0:00:00
[End of Global Routing] Stage (MB): Used   14  Alloctr   14  Proc  -32 
[End of Global Routing] Total (MB): Used   71  Alloctr   72  Proc 6244 
[End of dbOut] Elapsed real time: 0:00:00 
[End of dbOut] Elapsed cpu  time: sys=0:00:00 usr=0:00:00 total=0:00:00
[End of dbOut] Stage (MB): Used    0  Alloctr    0  Proc    0 
[End of dbOut] Total (MB): Used   61  Alloctr   62  Proc 6244 
CPU Time for Global Route: 00:00:00.39u 00:00:00.02s 00:00:00.36e: 
Number of block ports: 170
Number of block pin locations assigned from router: 168
CPU Time for Pin Preparation: 00:00:00.00u 00:00:00.00s 00:00:00.00e: 
Warning: Not enough slots available for pin placement. Ignore pin spacing constraints. (DPPA-004)
Warning: Pin in0_ready is placed with relaxed spacing constraint. (DPPA-379)
Warning: Pin out_data_last is placed with relaxed spacing constraint. (DPPA-379)
Warning: Pin in2_ready is placed with relaxed spacing constraint. (DPPA-379)
Warning: Pin in1_ready is placed with relaxed spacing constraint. (DPPA-379)
Warning: Pin nreset is placed with relaxed spacing constraint. (DPPA-379)
Warning: Pin VSS is placed with relaxed spacing constraint. (DPPA-379)
Note - message 'DPPA-379' limit (10) exceeded. Remainder will be suppressed.
Number of PG ports on blocks: 0
Number of pins created: 170
Warning: 7 pins on block dut_toplevel have been placed with relaxed pin spacing constraint(s). (DPPA-089)
CPU Time for Pin Creation: 00:00:00.02u 00:00:00.00s 00:00:00.02e: 
Total Pin Placement CPU Time: 00:00:00.41u 00:00:00.02s 00:00:00.38e: 
Information: Result of compile_fusion / logic_opto / Auto-Floorplan (2) (FLW-8500)
Information: Auto-Floorplan Summary (AFP-2023)
-------------------------------------------------------------------------------
              origin           area     boundary
core  auto-floorplan        1798.38   { {10 10} {10 83.2} {34.568 83.2} {34.568 10} }
die   auto-floorplan        4153.74   { {0 0} {0 93.2} {44.568 93.2} {44.568 0} }
-------------------------------------------------------------------------------

-------------------------------------------------------------------------------
objects             total        candidates          modified         preserved                 
voltage areas           0                 0                 0                 0
ios                     0                 0                 0                 0
macros                  0                 0                 0                 0
pins                  170               170               170                 0
-------------------------------------------------------------------------------
Information: Ending   compile_fusion / logic_opto / Auto-Floorplan (2) (FLW-8001)
Information: Time: 2025-06-04 15:46:21 / Session:  00:02:58 / Command:  00:00:34 / CPU:  00:00:48 / Memory: 1654 MB (FLW-8100)
Information: CPU Load: 18%, Ram Free: 44 GB, Swap Free: 1 GB, Work Disk Free: 308 GB, Tmp Disk Free: 308 GB (MSG-3995)
Information: Starting compile_fusion / logic_opto / Secondary PG connections (FLW-8000)
Information: Time: 2025-06-04 15:46:21 / Session:  00:02:58 / Command:  00:00:34 / CPU:  00:00:48 / Memory: 1654 MB (FLW-8100)
Information: CPU Load: 18%, Ram Free: 44 GB, Swap Free: 1 GB, Work Disk Free: 308 GB, Tmp Disk Free: 308 GB (MSG-3995)
Information: Secondary PG:  Secondary PG connections skipped because it is not a UPF design (FLW-1247)
Information: Ending   compile_fusion / logic_opto / Secondary PG connections (FLW-8001)
Information: Time: 2025-06-04 15:46:21 / Session:  00:02:58 / Command:  00:00:34 / CPU:  00:00:48 / Memory: 1654 MB (FLW-8100)
Information: CPU Load: 18%, Ram Free: 44 GB, Swap Free: 1 GB, Work Disk Free: 308 GB, Tmp Disk Free: 308 GB (MSG-3995)
Compile-fusion optimization summary            SETUP-COST    R2R-COST HOLD-COST LDRC-COST          AREA     LEAKAGE     INSTCNT            ELAPSE       MEM
Compile-fusion                                          -           -         -         -        905.45           -        1171              0.05      1653
Information: Ending   compile_fusion / logic_opto (FLW-8001)
Information: Time: 2025-06-04 15:46:21 / Session:  00:02:58 / Command:  00:00:34 / CPU:  00:00:48 / Memory: 1654 MB (FLW-8100)
Information: CPU Load: 18%, Ram Free: 44 GB, Swap Free: 1 GB, Work Disk Free: 308 GB, Tmp Disk Free: 308 GB (MSG-3995)

Information: >>>>>>> 13 unique error and warning message tags while observing compile_fusion / logic_opto: (MSG-3100)
Information: #prnt #trgr #lmt    Tag  Level     Format (or last printed message)                                (MSG-3036)
Information:     8     2  0 FLW-2224  WARNING   Warning: Duplicate callback function set for step 'fc/logic_... (MSG-3032)
Information:   225   248  5 SQM-1079  WARNING   Warning: Skipping check for single_bit_degenerate attribute ... (MSG-3032)
Information:   450   496 10 SQM-1061  WARNING   Warning: Cannot infer functionality of libcell 'saed14rvt_ff... (MSG-3032)
Information:   117    31 10 SQM-1053  WARNING   Warning: Found 8 multibit sequential library cells that have... (MSG-3032)
Information:     7     2  0 ZRT-511   WARNING   Warning: Cell contains tie connections which are not connect... (MSG-3032)
Information:    35    10  0 ZRT-026   WARNING   Warning: Layer MRDL default pitch 4.000 may be too small to ... (MSG-3032)
Information:     3     2  0 DPPA-089  WARNING   Warning: 7 pins on block dut_toplevel have been placed with ... (MSG-3032)
Information:     2     2  0 DPPA-417  WARNING   Warning: The individual pin constraints allowed layers on po... (MSG-3032)
Information:     3     2  0 DPPA-004  WARNING   Warning: Not enough slots available for pin placement. Ignor... (MSG-3032)
Information:     2     2  0 DPPA-113  WARNING   Warning: Block sides pin constraints conflict with pin clk. ... (MSG-3032)
Information:    10     7  0 DPPA-379  WARNING   Warning: Pin VSS is placed with relaxed spacing constraint. ... (MSG-3032)
Information:     8     3  0 ZRT-763   WARNING   Warning: Cell dut_processing_control_INST/in1_en_r_reg is pl... (MSG-3032)
Information:    57     6  0 OPT-902   WARNING   Warning: No clock routing rules were specified. Use set_cloc... (MSG-3032)
Information:   927   813  3       13  <------   Total sum of messages (MSG-3038)
Information: >>>>>>> Summary: 813 error&warning MSGs observed during compile_fusion / logic_opto (MSG-3103)

Scenario Normal_Typical is cellEm
Scenario PowerSave_Typical is cellEm
Information: The stitching and editing of coupling caps is turned OFF for design 'dut_toplevel.dlib:dut_toplevel/auto_floorplan.design'. (TIM-125)
Info: update em.
Information: Activity propagation will be performed for scenario Normal_Fast.
Information: Doing activity propagation for mode 'Normal' and corner 'Fast' with effort level 'medium'. (POW-024)
Information: Timer-derived activity data is cached on scenario Normal_Fast (POW-052)
Information: Running switching activity propagation with 12 threads!

 **** Information : No. of simulation cycles = 6 ****
Information: Propagated activity on scenario Normal_Slow identical to that on Normal_Fast (POW-006)
Information: Propagated activity on scenario Normal_Typical identical to that on Normal_Fast (POW-006)
Information: Activity propagation will be performed for scenario PowerSave_Fast.
Information: Doing activity propagation for mode 'PowerSave' and corner 'Fast' with effort level 'medium'. (POW-024)
Information: Timer-derived activity data is cached on scenario PowerSave_Fast (POW-052)
Information: Running switching activity propagation with 12 threads!

 **** Information : No. of simulation cycles = 6 ****
Information: Propagated activity on scenario PowerSave_Slow identical to that on PowerSave_Fast (POW-006)
Information: Propagated activity on scenario PowerSave_Typical identical to that on PowerSave_Fast (POW-006)
Information: Activity for scenario Normal_Fast was cached, no propagation required. (POW-005)
Information: Activity for scenario Normal_Slow was cached, no propagation required. (POW-005)
Information: Activity for scenario Normal_Typical was cached, no propagation required. (POW-005)
Information: Activity for scenario PowerSave_Fast was cached, no propagation required. (POW-005)
Information: Activity for scenario PowerSave_Slow was cached, no propagation required. (POW-005)
Information: Activity for scenario PowerSave_Typical was cached, no propagation required. (POW-005)
CTS Cell EM initialization finished
Scenario Normal_Typical is cellEm
Scenario PowerSave_Typical is cellEm
Info: update em.
Information: Activity for scenario Normal_Fast was cached, no propagation required. (POW-005)
Information: Activity for scenario Normal_Slow was cached, no propagation required. (POW-005)
Information: Activity for scenario Normal_Typical was cached, no propagation required. (POW-005)
Information: Activity for scenario PowerSave_Fast was cached, no propagation required. (POW-005)
CTS Cell EM initialization finished
Warning: No clock routing rules were specified. Use set_clock_routing_rules to specify routing rules for accurate clock latency estimation. (OPT-902)
Warning: No clock routing rules were specified. Use set_clock_routing_rules to specify routing rules for accurate clock latency estimation. (OPT-902)
Information: Estimating clock gate latencies for scenario 'PowerSave_Typical'. (OPT-909)
Warning: No clock routing rules were specified. Use set_clock_routing_rules to specify routing rules for accurate clock latency estimation. (OPT-902)
Information: Estimating clock gate latencies for scenario 'PowerSave_Slow'. (OPT-909)
Warning: No clock routing rules were specified. Use set_clock_routing_rules to specify routing rules for accurate clock latency estimation. (OPT-902)
Information: Estimating clock gate latencies for scenario 'PowerSave_Fast'. (OPT-909)
Warning: No clock routing rules were specified. Use set_clock_routing_rules to specify routing rules for accurate clock latency estimation. (OPT-902)
Information: Estimating clock gate latencies for scenario 'Normal_Typical'. (OPT-909)
Warning: No clock routing rules were specified. Use set_clock_routing_rules to specify routing rules for accurate clock latency estimation. (OPT-902)
Information: Estimating clock gate latencies for scenario 'Normal_Slow'. (OPT-909)
Warning: No clock routing rules were specified. Use set_clock_routing_rules to specify routing rules for accurate clock latency estimation. (OPT-902)
Information: Estimating clock gate latencies for scenario 'Normal_Fast'. (OPT-909)
Information: 2 out of 12 POW-005 messages were not printed due to limit 10 (after 'compile_fusion' at task4.tcl:76) (MSG-3913)
Information: Summary of UPF Cells (UPF-532)
*******************************************************************************
                            Summary of UPF Cells                               
*******************************************************************************
This is NOT a UPF design.
UPF is NOT loaded.
UPF is NOT committed.
-------------------------------------------------------------------------------
*******************************************************************************
                        End of Summary of UPF Cells                            
*******************************************************************************
[Tim-Power] Info: Cleared Leakage libCell cache.
Information: Timer using 12 threads
INFO: End environment monitoring: recipes
INFO: Restored 0 timer status, 3 app options, 0 tcl gvars, 0 env vars
Information: >>>>>>> 15 unique error and warning message tags while observing fusion: (MSG-3100)
Information: #prnt #trgr #lmt    Tag  Level     Format (or last printed message)                                (MSG-3036)
Information:     8     2  0 FLW-2224  WARNING   Warning: Duplicate callback function set for step 'fc/logic_... (MSG-3032)
Information:   225   264  5 SQM-1079  WARNING   Warning: Skipping check for single_bit_degenerate attribute ... (MSG-3032)
Information:     4     1  1 SQM-1074  WARNING   Warning: Shift register Inferencing is enabled so only head ... (MSG-3032)
Information:   450   528 10 SQM-1061  WARNING   Warning: Cannot infer functionality of libcell 'saed14rvt_ff... (MSG-3032)
Information:   117    33 10 SQM-1053  WARNING   Warning: Found 8 multibit sequential library cells that have... (MSG-3032)
Information:     4     1  1 SQM-1034  WARNING   Warning: No cell bus will be mapped to multibit because mult... (MSG-3032)
Information:     7     2  0 ZRT-511   WARNING   Warning: Cell contains tie connections which are not connect... (MSG-3032)
Information:    35    10  0 ZRT-026   WARNING   Warning: Layer MRDL default pitch 4.000 may be too small to ... (MSG-3032)
Information:     3     2  0 DPPA-089  WARNING   Warning: 7 pins on block dut_toplevel have been placed with ... (MSG-3032)
Information:     2     2  0 DPPA-417  WARNING   Warning: The individual pin constraints allowed layers on po... (MSG-3032)
Information:     3     2  0 DPPA-004  WARNING   Warning: Not enough slots available for pin placement. Ignor... (MSG-3032)
Information:     2     2  0 DPPA-113  WARNING   Warning: Block sides pin constraints conflict with pin clk. ... (MSG-3032)
Information:    10     7  0 DPPA-379  WARNING   Warning: Pin VSS is placed with relaxed spacing constraint. ... (MSG-3032)
Information:     8     3  0 ZRT-763   WARNING   Warning: Cell dut_processing_control_INST/in1_en_r_reg is pl... (MSG-3032)
Information:    64     8  0 OPT-902   WARNING   Warning: No clock routing rules were specified. Use set_cloc... (MSG-3032)
Information:   942   867  5       15  <------   Total sum of messages (MSG-3038)
Information: >>>>>>> Summary: 867 error&warning MSGs observed during fusion (MSG-3103)
Information: Ending   'compile_fusion -to logic_opto' (FLW-8001)
Information: Time: 2025-06-04 15:46:26 / Session:  00:03:04 / Command:  00:00:39 / CPU:  00:01:12 / Memory: 1654 MB (FLW-8100)
Information: CPU Load: 20%, Ram Free: 44 GB, Swap Free: 1 GB, Work Disk Free: 308 GB, Tmp Disk Free: 308 GB (MSG-3995)
1
make_layout_screenshot automatic_individual_pin_constraints_compiled
Load ICV ICCII menu file: /eda/synopsys/2023-24/RHELx86/ICV_2023.12/etc/tcl-u/Icc2Menu.tcl
 + VUE INFO: Found a usable port: 2446

To restart the GUI, type 'gui_start'.
# Final reports
report_congestion -rerun_global_router

Running global router for congestion map ...
Info: Set app option 'route.global.deterministic' to on

Start Global Route ... 
[Init] Elapsed real time: 0:00:00 
[Init] Elapsed cpu  time: sys=0:00:00 usr=0:00:00 total=0:00:00
[Init] Stage (MB): Used    0  Alloctr    0  Proc    0 
[Init] Total (MB): Used    8  Alloctr    9  Proc 6304 
Printing options for 'route.common.*'

Printing options for 'route.global.*'
global.deterministic                                    :	 on                  

Begin global routing.
Warning: Cell contains tie connections which are not connected to real PG. (ZRT-511)
Cell Min-Routing-Layer = M1
Cell Max-Routing-Layer = MRDL
Turn off antenna since no rule is specified
Information: Option route.detail.force_end_on_preferred_grid will be ignored since none of the layers have preferred grid. (ZRT-703)
Skipping 1 internal pins that are not physical. Set route.common.verbose_level to > 0 and run routing command to get skipped pin names.
Info: number of net_type_blockage: 0 
Information: Via ladder engine would be activated for pattern must join connection in certain commands. Please refer to man-page for the command list. (ZRT-619)
Via on layer (VIA4) needs more than one tracks
Warning: Layer M4 default pitch 0.100 may be too small to handle up/down via. Note, that minimum requirements are "wire/via-down 0.100" & "wire/via-up 0.122". (ZRT-026)
Via on layer (VIA7) needs more than one tracks
Warning: Layer M7 default pitch 0.100 may be too small to handle up/down via. Note, that minimum requirements are "wire/via-down 0.100" & "wire/via-up 0.105". (ZRT-026)
Wire on layer (M8) needs more than one tracks
Via on layer (VIA7) needs more than one tracks
Via on layer (VIA8) needs more than one tracks
Warning: Layer M8 default pitch 0.100 may be too small to handle up/down via. Note, that minimum requirements are "wire/via-down 0.105" & "wire/via-up 0.135". (ZRT-026)
Wire on layer (M9) needs more than one tracks
Via on layer (VIA8) needs more than one tracks
Via on layer (VIARDL) needs more than one tracks
Warning: Layer M9 default pitch 0.100 may be too small to handle up/down via. Note, that minimum requirements are "wire/via-down 0.135" & "wire/via-up 1.570". (ZRT-026)
Via on layer (VIARDL) needs more than one tracks
Warning: Layer MRDL default pitch 4.000 may be too small to handle up/down via. Note, that minimum requirements are "wire/via-down 4.500" & "wire/via-up 4.000". (ZRT-026)
Transition layer name: M7(6)
Transition layer name: M8(7)
Information: When applicable Min-max layer allow_pin_connection mode will allow paths of length 0.90 outside the layer range. (ZRT-707)
Information: When applicable Min-max layer allow_pin_connection mode will allow paths of length 0.90 outside the layer range on clock nets. (ZRT-718)
Information: When applicable layer based tapering will taper up to 0.00 in distance from the pin. (ZRT-706)
Warning: Standard cell pin SAEDRVT14_OA21B_1/X has no valid via regions. (ZRT-044)
Warning: Standard cell pin SAEDRVT14_ADDH_0P5/CO has no valid via regions. (ZRT-044)
Warning: Cell dut_fifo_INST/fifo_data_r_reg[3][17] is placed overlapping with other cells at {{15.233 19.447} {17.379 20.047}}. (ZRT-763)
Warning: Cell dut_fifo_INST/fifo_data_r_reg[2][32] is placed overlapping with other cells at {{14.237 79.546} {16.383 80.146}}. (ZRT-763)
Current Stage stats:
[End of Read DB] Elapsed real time: 0:00:00 
[End of Read DB] Elapsed cpu  time: sys=0:00:00 usr=0:00:00 total=0:00:00
[End of Read DB] Stage (MB): Used   30  Alloctr   30  Proc  -32 
[End of Read DB] Total (MB): Used   38  Alloctr   40  Proc 6272 
Constructing data structure ...
Design statistics:
Design Bounding Box (0.00um,0.00um,44.57um,93.20um)
Number of routing layers = 10
layer M1, dir Hor, min width = 0.034um, min space = 0.026um pitch = 0.074um
layer M2, dir Ver, min width = 0.034um, min space = 0.026um pitch = 0.06um
layer M3, dir Hor, min width = 0.034um, min space = 0.026um pitch = 0.074um
layer M4, dir Ver, min width = 0.06um, min space = 0.04um pitch = 0.1um
layer M5, dir Hor, min width = 0.06um, min space = 0.04um pitch = 0.1um
layer M6, dir Ver, min width = 0.06um, min space = 0.04um pitch = 0.1um
layer M7, dir Hor, min width = 0.06um, min space = 0.04um pitch = 0.1um
layer M8, dir Ver, min width = 0.06um, min space = 0.04um pitch = 0.1um
layer M9, dir Hor, min width = 0.06um, min space = 0.04um pitch = 0.1um
layer MRDL, dir Ver, min width = 2um, min space = 2um pitch = 4um
Current Stage stats:
[End of Build Tech Data] Elapsed real time: 0:00:00 
[End of Build Tech Data] Elapsed cpu  time: sys=0:00:00 usr=0:00:00 total=0:00:00
[End of Build Tech Data] Stage (MB): Used    1  Alloctr    1  Proc    0 
[End of Build Tech Data] Total (MB): Used   39  Alloctr   41  Proc 6272 
Net statistics:
Total number of nets     = 1602
Number of nets to route  = 1600
2 nets are fully connected,
 of which 2 are detail routed and 0 are global routed.
Net length statistics: 
Net Count(Ignore Fully Rted) 1600, Total Half Perimeter Wire Length (HPWL) 13944 microns
HPWL   0 ~   50 microns: Net Count     1576	Total HPWL        11965 microns
HPWL  50 ~  100 microns: Net Count       22	Total HPWL         1774 microns
HPWL 100 ~  200 microns: Net Count        2	Total HPWL          205 microns
HPWL 200 ~  300 microns: Net Count        0	Total HPWL            0 microns
HPWL 300 ~  400 microns: Net Count        0	Total HPWL            0 microns
HPWL 400 ~  500 microns: Net Count        0	Total HPWL            0 microns
HPWL 500 ~  600 microns: Net Count        0	Total HPWL            0 microns
HPWL 600 ~  700 microns: Net Count        0	Total HPWL            0 microns
HPWL 700 ~  800 microns: Net Count        0	Total HPWL            0 microns
HPWL 800 ~  900 microns: Net Count        0	Total HPWL            0 microns
HPWL 900 ~ 1000 microns: Net Count        0	Total HPWL            0 microns
HPWL     > 1000 microns: Net Count        0	Total HPWL            0 microns
Current Stage stats:
[End of Build All Nets] Elapsed real time: 0:00:00 
[End of Build All Nets] Elapsed cpu  time: sys=0:00:00 usr=0:00:00 total=0:00:00
[End of Build All Nets] Stage (MB): Used    1  Alloctr    1  Proc    0 
[End of Build All Nets] Total (MB): Used   41  Alloctr   42  Proc 6272 
Number of partitions: 1 (1 x 1)
Size of partitions: 75 gCells x 156 gCells
Average gCell capacity  5.65	 on layer (1)	 M1
Average gCell capacity  8.07	 on layer (2)	 M2
Average gCell capacity  8.03	 on layer (3)	 M3
Average gCell capacity  5.92	 on layer (4)	 M4
Average gCell capacity  5.97	 on layer (5)	 M5
Average gCell capacity  5.92	 on layer (6)	 M6
Average gCell capacity  5.97	 on layer (7)	 M7
Average gCell capacity  5.92	 on layer (8)	 M8
Average gCell capacity  5.97	 on layer (9)	 M9
Average gCell capacity  0.13	 on layer (10)	 MRDL
Average number of tracks per gCell 8.08	 on layer (1)	 M1
Average number of tracks per gCell 9.92	 on layer (2)	 M2
Average number of tracks per gCell 8.08	 on layer (3)	 M3
Average number of tracks per gCell 5.95	 on layer (4)	 M4
Average number of tracks per gCell 5.98	 on layer (5)	 M5
Average number of tracks per gCell 5.95	 on layer (6)	 M6
Average number of tracks per gCell 5.98	 on layer (7)	 M7
Average number of tracks per gCell 5.95	 on layer (8)	 M8
Average number of tracks per gCell 5.98	 on layer (9)	 M9
Average number of tracks per gCell 0.16	 on layer (10)	 MRDL
Number of gCells = 117000
Current Stage stats:
[End of Build Congestion Map] Elapsed real time: 0:00:00 
[End of Build Congestion Map] Elapsed cpu  time: sys=0:00:00 usr=0:00:00 total=0:00:00
[End of Build Congestion Map] Stage (MB): Used    3  Alloctr    3  Proc    0 
[End of Build Congestion Map] Total (MB): Used   44  Alloctr   46  Proc 6272 
Number of partitions: 1 (1 x 1)
Size of partitions: 75 gCells x 156 gCells
Current Stage stats:
[End of Add Nets Demand] Elapsed real time: 0:00:00 
[End of Add Nets Demand] Elapsed cpu  time: sys=0:00:00 usr=0:00:00 total=0:00:00
[End of Add Nets Demand] Stage (MB): Used    0  Alloctr    0  Proc    0 
[End of Add Nets Demand] Total (MB): Used   44  Alloctr   46  Proc 6272 
Number of user frozen nets = 0
Total stats:
[End of Build Data] Elapsed real time: 0:00:00 
[End of Build Data] Elapsed cpu  time: sys=0:00:00 usr=0:00:00 total=0:00:00
[End of Build Data] Stage (MB): Used    5  Alloctr    6  Proc    0 
[End of Build Data] Total (MB): Used   44  Alloctr   46  Proc 6272 
Number of partitions: 1 (1 x 1)
Size of partitions: 75 gCells x 156 gCells
Current Stage stats:
[End of Blocked Pin Detection] Elapsed real time: 0:00:00 
[End of Blocked Pin Detection] Elapsed cpu  time: sys=0:00:00 usr=0:00:00 total=0:00:00
[End of Blocked Pin Detection] Stage (MB): Used  176  Alloctr  176  Proc    0 
[End of Blocked Pin Detection] Total (MB): Used  220  Alloctr  222  Proc 6272 
Information: Using 12 threads for routing. (ZRT-444)
Information: Multiple gcell levels ON
Information: Buffer distance is estimated to be ~271.0000um (451 gCells)

Start GR phase 0
Number of partitions: 1 (1 x 1)
Size of partitions: 75 gCells x 156 gCells
[rtAllBotParts] Elapsed real time: 0:00:00 
[rtAllBotParts] Elapsed cpu  time: sys=0:00:00 usr=0:00:00 total=0:00:00
[rtTop] Elapsed real time: 0:00:00 
[rtTop] Elapsed cpu  time: sys=0:00:00 usr=0:00:00 total=0:00:00
Current Stage stats:
[End of Initial Routing] Elapsed real time: 0:00:00 
[End of Initial Routing] Elapsed cpu  time: sys=0:00:00 usr=0:00:00 total=0:00:00
[End of Initial Routing] Stage (MB): Used    1  Alloctr    1  Proc    0 
[End of Initial Routing] Total (MB): Used  221  Alloctr  223  Proc 6272 
Initial. Routing result:
Initial. Both Dirs: Dmd-Cap  =     0 Max = 0 GRCs =     0 (0.00%)
Initial. H routing: Dmd-Cap  =     0 Max = 0 (GRCs =  0) GRCs =     0 (0.00%)
Initial. V routing: Dmd-Cap  =     0 Max = 0 (GRCs =  0) GRCs =     0 (0.00%)
Initial. Both Dirs: Overflow =    75 Max = 2 GRCs =   115 (0.49%)
Initial. H routing: Overflow =    27 Max = 2 (GRCs =  6) GRCs =    34 (0.29%)
Initial. V routing: Overflow =    47 Max = 2 (GRCs =  5) GRCs =    81 (0.69%)
Initial. M1         Overflow =    15 Max = 1 (GRCs = 19) GRCs =    19 (0.16%)
Initial. M2         Overflow =    47 Max = 2 (GRCs =  5) GRCs =    81 (0.69%)
Initial. M3         Overflow =    12 Max = 2 (GRCs =  6) GRCs =    15 (0.13%)
Initial. M4         Overflow =     0 Max = 0 (GRCs =  0) GRCs =     0 (0.00%)
Initial. M5         Overflow =     0 Max = 0 (GRCs =  0) GRCs =     0 (0.00%)
Initial. M6         Overflow =     0 Max = 0 (GRCs =  0) GRCs =     0 (0.00%)
Initial. M7         Overflow =     0 Max = 0 (GRCs =  0) GRCs =     0 (0.00%)
Initial. M8         Overflow =     0 Max = 0 (GRCs =  0) GRCs =     0 (0.00%)
Initial. M9         Overflow =     0 Max = 0 (GRCs =  0) GRCs =     0 (0.00%)
Initial. MRDL       Overflow =     0 Max = 0 (GRCs =  0) GRCs =     0 (0.00%)

Initial. Total Wire Length = 14367.70
Initial. Layer M1 wire length = 246.82
Initial. Layer M2 wire length = 3746.30
Initial. Layer M3 wire length = 5689.58
Initial. Layer M4 wire length = 4489.32
Initial. Layer M5 wire length = 44.77
Initial. Layer M6 wire length = 150.91
Initial. Layer M7 wire length = 0.00
Initial. Layer M8 wire length = 0.00
Initial. Layer M9 wire length = 0.00
Initial. Layer MRDL wire length = 0.00
Initial. Total Number of Contacts = 9339
Initial. Via VIA1_Base count = 2972
Initial. Via VIA2_Base count = 4391
Initial. Via VIA34SQ_C count = 1952
Initial. Via VIA4SQ count = 16
Initial. Via VIA5SQ_C count = 8
Initial. Via VIA67SQ_C count = 0
Initial. Via VIA78SQ_C count = 0
Initial. Via VIA89_C count = 0
Initial. Via VIA9RDL count = 0
Initial. completed.

Start GR phase 1
Wed Jun  4 15:46:29 2025
Number of partitions: 1 (1 x 1)
Size of partitions: 75 gCells x 156 gCells
[rtAllParts] Elapsed real time: 0:00:00 
[rtAllParts] Elapsed cpu  time: sys=0:00:00 usr=0:00:00 total=0:00:00
Current Stage stats:
[End of Phase1 Routing] Elapsed real time: 0:00:00 
[End of Phase1 Routing] Elapsed cpu  time: sys=0:00:00 usr=0:00:00 total=0:00:00
[End of Phase1 Routing] Stage (MB): Used    0  Alloctr    0  Proc    0 
[End of Phase1 Routing] Total (MB): Used  221  Alloctr  223  Proc 6272 
phase1. Routing result:
phase1. Both Dirs: Dmd-Cap  =     0 Max = 0 GRCs =     0 (0.00%)
phase1. H routing: Dmd-Cap  =     0 Max = 0 (GRCs =  0) GRCs =     0 (0.00%)
phase1. V routing: Dmd-Cap  =     0 Max = 0 (GRCs =  0) GRCs =     0 (0.00%)
phase1. Both Dirs: Overflow =    41 Max = 2 GRCs =    68 (0.29%)
phase1. H routing: Overflow =     7 Max = 1 (GRCs = 11) GRCs =    11 (0.09%)
phase1. V routing: Overflow =    34 Max = 2 (GRCs =  2) GRCs =    57 (0.49%)
phase1. M1         Overflow =     7 Max = 1 (GRCs = 11) GRCs =    11 (0.09%)
phase1. M2         Overflow =    34 Max = 2 (GRCs =  2) GRCs =    57 (0.49%)
phase1. M3         Overflow =     0 Max = 0 (GRCs =  0) GRCs =     0 (0.00%)
phase1. M4         Overflow =     0 Max = 0 (GRCs =  0) GRCs =     0 (0.00%)
phase1. M5         Overflow =     0 Max = 0 (GRCs =  0) GRCs =     0 (0.00%)
phase1. M6         Overflow =     0 Max = 0 (GRCs =  0) GRCs =     0 (0.00%)
phase1. M7         Overflow =     0 Max = 0 (GRCs =  0) GRCs =     0 (0.00%)
phase1. M8         Overflow =     0 Max = 0 (GRCs =  0) GRCs =     0 (0.00%)
phase1. M9         Overflow =     0 Max = 0 (GRCs =  0) GRCs =     0 (0.00%)
phase1. MRDL       Overflow =     0 Max = 0 (GRCs =  0) GRCs =     0 (0.00%)

phase1. Total Wire Length = 14382.75
phase1. Layer M1 wire length = 245.56
phase1. Layer M2 wire length = 3710.00
phase1. Layer M3 wire length = 5690.12
phase1. Layer M4 wire length = 4530.58
phase1. Layer M5 wire length = 55.57
phase1. Layer M6 wire length = 150.91
phase1. Layer M7 wire length = 0.00
phase1. Layer M8 wire length = 0.00
phase1. Layer M9 wire length = 0.00
phase1. Layer MRDL wire length = 0.00
phase1. Total Number of Contacts = 9389
phase1. Via VIA1_Base count = 2967
phase1. Via VIA2_Base count = 4406
phase1. Via VIA34SQ_C count = 1990
phase1. Via VIA4SQ count = 18
phase1. Via VIA5SQ_C count = 8
phase1. Via VIA67SQ_C count = 0
phase1. Via VIA78SQ_C count = 0
phase1. Via VIA89_C count = 0
phase1. Via VIA9RDL count = 0
phase1. completed.

Start GR phase 2
Wed Jun  4 15:46:29 2025
Number of partitions: 1 (1 x 1)
Size of partitions: 75 gCells x 156 gCells
[rtAllParts] Elapsed real time: 0:00:00 
[rtAllParts] Elapsed cpu  time: sys=0:00:00 usr=0:00:00 total=0:00:00
Number of partitions: 1 (1 x 1)
Size of partitions: 75 gCells x 156 gCells
[updNetsDmd] Elapsed real time: 0:00:00 
[updNetsDmd] Elapsed cpu  time: sys=0:00:00 usr=0:00:00 total=0:00:00
Current Stage stats:
[End of Phase2 Routing] Elapsed real time: 0:00:00 
[End of Phase2 Routing] Elapsed cpu  time: sys=0:00:00 usr=0:00:00 total=0:00:00
[End of Phase2 Routing] Stage (MB): Used    0  Alloctr    0  Proc    0 
[End of Phase2 Routing] Total (MB): Used  221  Alloctr  223  Proc 6272 
phase2. Routing result:
phase2. Both Dirs: Dmd-Cap  =     0 Max = 0 GRCs =     0 (0.00%)
phase2. H routing: Dmd-Cap  =     0 Max = 0 (GRCs =  0) GRCs =     0 (0.00%)
phase2. V routing: Dmd-Cap  =     0 Max = 0 (GRCs =  0) GRCs =     0 (0.00%)
phase2. Both Dirs: Overflow =    33 Max = 1 GRCs =    53 (0.23%)
phase2. H routing: Overflow =     4 Max = 1 (GRCs =  7) GRCs =     7 (0.06%)
phase2. V routing: Overflow =    29 Max = 1 (GRCs = 46) GRCs =    46 (0.39%)
phase2. M1         Overflow =     4 Max = 1 (GRCs =  7) GRCs =     7 (0.06%)
phase2. M2         Overflow =    29 Max = 1 (GRCs = 46) GRCs =    46 (0.39%)
phase2. M3         Overflow =     0 Max = 0 (GRCs =  0) GRCs =     0 (0.00%)
phase2. M4         Overflow =     0 Max = 0 (GRCs =  0) GRCs =     0 (0.00%)
phase2. M5         Overflow =     0 Max = 0 (GRCs =  0) GRCs =     0 (0.00%)
phase2. M6         Overflow =     0 Max = 0 (GRCs =  0) GRCs =     0 (0.00%)
phase2. M7         Overflow =     0 Max = 0 (GRCs =  0) GRCs =     0 (0.00%)
phase2. M8         Overflow =     0 Max = 0 (GRCs =  0) GRCs =     0 (0.00%)
phase2. M9         Overflow =     0 Max = 0 (GRCs =  0) GRCs =     0 (0.00%)
phase2. MRDL       Overflow =     0 Max = 0 (GRCs =  0) GRCs =     0 (0.00%)

phase2. Total Wire Length = 14383.09
phase2. Layer M1 wire length = 243.72
phase2. Layer M2 wire length = 3710.31
phase2. Layer M3 wire length = 5692.00
phase2. Layer M4 wire length = 4530.58
phase2. Layer M5 wire length = 55.57
phase2. Layer M6 wire length = 150.91
phase2. Layer M7 wire length = 0.00
phase2. Layer M8 wire length = 0.00
phase2. Layer M9 wire length = 0.00
phase2. Layer MRDL wire length = 0.00
phase2. Total Number of Contacts = 9394
phase2. Via VIA1_Base count = 2967
phase2. Via VIA2_Base count = 4411
phase2. Via VIA34SQ_C count = 1990
phase2. Via VIA4SQ count = 18
phase2. Via VIA5SQ_C count = 8
phase2. Via VIA67SQ_C count = 0
phase2. Via VIA78SQ_C count = 0
phase2. Via VIA89_C count = 0
phase2. Via VIA9RDL count = 0
phase2. completed.

Start GR phase 3
Wed Jun  4 15:46:29 2025
Number of partitions: 1 (1 x 1)
Size of partitions: 75 gCells x 156 gCells
[rtAllParts] Elapsed real time: 0:00:00 
[rtAllParts] Elapsed cpu  time: sys=0:00:00 usr=0:00:00 total=0:00:00
Number of partitions: 1 (1 x 1)
Size of partitions: 75 gCells x 156 gCells
[updNetsDmd] Elapsed real time: 0:00:00 
[updNetsDmd] Elapsed cpu  time: sys=0:00:00 usr=0:00:00 total=0:00:00
Current Stage stats:
[End of Phase3 Routing] Elapsed real time: 0:00:00 
[End of Phase3 Routing] Elapsed cpu  time: sys=0:00:00 usr=0:00:00 total=0:00:00
[End of Phase3 Routing] Stage (MB): Used    0  Alloctr    0  Proc    0 
[End of Phase3 Routing] Total (MB): Used  221  Alloctr  223  Proc 6272 
phase3. Routing result:
phase3. Both Dirs: Dmd-Cap  =     0 Max = 0 GRCs =     0 (0.00%)
phase3. H routing: Dmd-Cap  =     0 Max = 0 (GRCs =  0) GRCs =     0 (0.00%)
phase3. V routing: Dmd-Cap  =     0 Max = 0 (GRCs =  0) GRCs =     0 (0.00%)
phase3. Both Dirs: Overflow =    32 Max = 1 GRCs =    52 (0.22%)
phase3. H routing: Overflow =     4 Max = 1 (GRCs =  7) GRCs =     7 (0.06%)
phase3. V routing: Overflow =    28 Max = 1 (GRCs = 45) GRCs =    45 (0.38%)
phase3. M1         Overflow =     4 Max = 1 (GRCs =  7) GRCs =     7 (0.06%)
phase3. M2         Overflow =    28 Max = 1 (GRCs = 45) GRCs =    45 (0.38%)
phase3. M3         Overflow =     0 Max = 0 (GRCs =  0) GRCs =     0 (0.00%)
phase3. M4         Overflow =     0 Max = 0 (GRCs =  0) GRCs =     0 (0.00%)
phase3. M5         Overflow =     0 Max = 0 (GRCs =  0) GRCs =     0 (0.00%)
phase3. M6         Overflow =     0 Max = 0 (GRCs =  0) GRCs =     0 (0.00%)
phase3. M7         Overflow =     0 Max = 0 (GRCs =  0) GRCs =     0 (0.00%)
phase3. M8         Overflow =     0 Max = 0 (GRCs =  0) GRCs =     0 (0.00%)
phase3. M9         Overflow =     0 Max = 0 (GRCs =  0) GRCs =     0 (0.00%)
phase3. MRDL       Overflow =     0 Max = 0 (GRCs =  0) GRCs =     0 (0.00%)

phase3. Total Wire Length = 14383.09
phase3. Layer M1 wire length = 243.72
phase3. Layer M2 wire length = 3706.10
phase3. Layer M3 wire length = 5692.00
phase3. Layer M4 wire length = 4534.80
phase3. Layer M5 wire length = 55.57
phase3. Layer M6 wire length = 150.91
phase3. Layer M7 wire length = 0.00
phase3. Layer M8 wire length = 0.00
phase3. Layer M9 wire length = 0.00
phase3. Layer MRDL wire length = 0.00
phase3. Total Number of Contacts = 9398
phase3. Via VIA1_Base count = 2967
phase3. Via VIA2_Base count = 4413
phase3. Via VIA34SQ_C count = 1992
phase3. Via VIA4SQ count = 18
phase3. Via VIA5SQ_C count = 8
phase3. Via VIA67SQ_C count = 0
phase3. Via VIA78SQ_C count = 0
phase3. Via VIA89_C count = 0
phase3. Via VIA9RDL count = 0
phase3. completed.
[End of Whole Chip Routing] Elapsed real time: 0:00:01 
[End of Whole Chip Routing] Elapsed cpu  time: sys=0:00:00 usr=0:00:01 total=0:00:01
[End of Whole Chip Routing] Stage (MB): Used  182  Alloctr  183  Proc    0 
[End of Whole Chip Routing] Total (MB): Used  221  Alloctr  223  Proc 6272 

Congestion utilization per direction:
Average vertical track utilization   =  5.42 %
Peak    vertical track utilization   = 44.00 %
Average horizontal track utilization =  3.50 %
Peak    horizontal track utilization = 29.63 %

[End of Global Routing] Elapsed real time: 0:00:01 
[End of Global Routing] Elapsed cpu  time: sys=0:00:00 usr=0:00:01 total=0:00:01
[End of Global Routing] Stage (MB): Used  180  Alloctr  180  Proc    0 
[End of Global Routing] Total (MB): Used  219  Alloctr  220  Proc 6272 
Writing out congestion map...
Updating congestion ...
Updating congestion ...
[DBOUT] Elapsed real time: 0:00:00 
[DBOUT] Elapsed cpu  time: sys=0:00:00 usr=0:00:00 total=0:00:00
[DBOUT] Stage (MB): Used  -30  Alloctr  -31  Proc    0 
[DBOUT] Total (MB): Used   37  Alloctr   38  Proc 6272 
[End of dbOut] Elapsed real time: 0:00:00 
[End of dbOut] Elapsed cpu  time: sys=0:00:00 usr=0:00:00 total=0:00:00
[End of dbOut] Stage (MB): Used  -30  Alloctr  -31  Proc    0 
[End of dbOut] Total (MB): Used   37  Alloctr   38  Proc 6272 

****************************************
Report : congestion
Design : dut_toplevel
Version: V-2023.12
Date   : Wed Jun  4 15:46:29 2025
****************************************

Layer     |    overflow     |              # GRCs has
Name      |  total  |  max  | overflow (%)      | max overflow
---------------------------------------------------------------
Both Dirs |      52 |     1 |      52  ( 0.22%) |      52
H routing |       7 |     1 |       7  ( 0.06%) |       7
V routing |      45 |     1 |      45  ( 0.38%) |      45

1
generateReports tuned_auto_floorplan
Generating reports for the target: tuned_auto_floorplan ...
[Tim-Power] Info: Cleared Leakage libCell cache.
Reports have been generated for the target: tuned_auto_floorplan.
# Save results
write_floorplan -output ${ResultsDir}/auto_floorplan_files -exclude {cells nets}
Writing floorplan for dut_toplevel.design
Since nets are selected, cells will be added as well, to satisfy DEF dependency.
Information: Creating dummy net '_dummynet0' for unconnected port 'VDD'. (DEFW-006)
Information: Creating dummy net '_dummynet1' for unconnected port 'VSS'. (DEFW-006)
1
write_def -exclude {cells nets} ${ResultsDir}/auto_floorplan.def
****************************************
Report : Data Mismatches
Version: V-2023.12
Date   : Wed Jun  4 15:46:31 2025
****************************************
No mismatches exist on the design.

==============================
Library : saed14rvt_ff0p88v125c
==============================
Mismatch Type                        Total Count   Repaired  Unrepaired
--------------------------------------------------------------------------------
lib_missing_logical_port             29            29        0
lib_missing_physical_port            6             6         0
Information: Creating dummy net '_dummynet0' for unconnected port 'VDD'. (DEFW-006)
Information: Creating dummy net '_dummynet1' for unconnected port 'VSS'. (DEFW-006)
---------------------------------------
Number of Written DEF Constructs
---------------------------------------
VERSION                        : 1
DIVIDERCHAR                    : 1
BUSBITCHARS                    : 1
DESIGN                         : 1
UNITS                          : 1
PROPERTYDEFINITIONS            : 1
DIEAREA                        : 1
ROW                            : 122
TRACKS                         : 20
PINS                           : 170
PINPROPERTIES                  : 170
1
save_block
Information: The command 'save_block' cleared the undo history. (UNDO-016)
Information: Saving block 'dut_toplevel.dlib:dut_toplevel/auto_floorplan.design'
1
close_blocks
Information: Decrementing open_count of block 'dut_toplevel.dlib:dut_toplevel/auto_floorplan.design' to 1. (DES-022)
1
reset_app_options {compile.auto_floorplan.enable}
1
save_lib
Saving library 'dut_toplevel.dlib'
1
# Close library - otherwise it'll use previous floorplan
close_lib
Closing library 'dut_toplevel.dlib'
Information: The net parasitics of block dut_toplevel are cleared. (TIM-123)
1
#####################################################################
#####                       Manual Floorplan                    #####
#####################################################################
open_lib ${ResultsDir}/${DesignLibrary}
Information: Loading library file '/home/student/Documents/kdz/ASIC/labs/Lab_4/asic_lab4/lab/results/dut_toplevel.dlib' (FILE-007)
Information: Loading library file '/home/student/Documents/kdz/ASIC/labs/Lab_4/asic_lab4/lab/task2/work/CLIBs/saed14rvt_c.ndm' (FILE-007)
Information: Loading library file '/home/student/Documents/kdz/ASIC/labs/Lab_4/asic_lab4/lab/task2/work/CLIBs/saed14rvt_c_physical_only.ndm' (FILE-007)
Information: Auto created reference libraries are up-to-date, no need to rebuild. (LIB-084)
{dut_toplevel.dlib}
copy_block -from ${DesignName}/auto_floorplan -to ${DesignName}/manual_floorplan
{dut_toplevel.dlib:dut_toplevel/manual_floorplan.design}
open_block ${DesignName}/manual_floorplan
Information: Incrementing open_count of block 'dut_toplevel.dlib:dut_toplevel/manual_floorplan.design' to 2. (DES-021)
{dut_toplevel.dlib:dut_toplevel/manual_floorplan.design}
report_app_options -non_default
****************************************
Report : app_option
           -non_default
Design : dut_toplevel
Version: V-2023.12
Date   : Wed Jun  4 15:46:33 2025
****************************************
Name                                     Type       Value      User-value   User-default System-default Scope      Status     Source
---------------------------------------- ---------- ---------- ------------ ------------ -------------- ---------- ---------- ----------
gui.graphics_system                      enum       native     native       native       auto           global     normal     --
place.coarse.continue_on_missing_scandef bool       true       true         --           false          block      normal     --
---------------------------------------- ---------- ---------- ------------ ------------ -------------- ---------- ---------- ----------

There are additional internal differences with no available TBC source.
1
# Initialize the floorplan
initialize_floorplan \
    -control_type core \
    -core_utilization 0.55 \
    -core_offset 5 \
    -shape R \
    -side_ratio {2.5 1.5} \
    -flip_first_row true
Using libraries: dut_toplevel.dlib saed14rvt_ff0p88v125c saed14rvt_c_physical_only
Visiting block dut_toplevel.dlib:dut_toplevel/manual_floorplan.design
Information: Cellem using advance interpolation.
Design 'dut_toplevel' was successfully linked.
Removing existing floorplan objects
Creating core...
Core utilization ratio = 55.47%
Unplacing all cells...
Creating site array...
Creating routing tracks...
Initializing floorplan completed.
# Set pin placement constraints
set ports [remove_from_collection [get_ports] {VDD VSS}]
{clk nreset proc_req proc_req_in0_en {proc_req_in0_arb_mode_id[0]} proc_req_in1_en {proc_req_in1_arb_mode_id[0]} proc_req_in2_en {proc_req_in2_arb_mode_id[0]} proc_ack in0_valid in0_ready {in0_data[35]} {in0_data[34]} {in0_data[33]} {in0_data[32]} {in0_data[31]} {in0_data[30]} {in0_data[29]} {in0_data[28]} {in0_data[27]} {in0_data[26]} {in0_data[25]} {in0_data[24]} {in0_data[23]} {in0_data[22]} {in0_data[21]} {in0_data[20]} {in0_data[19]} {in0_data[18]} {in0_data[17]} {in0_data[16]} {in0_data[15]} {in0_data[14]} {in0_data[13]} {in0_data[12]} {in0_data[11]} {in0_data[10]} {in0_data[9]} {in0_data[8]} {in0_data[7]} {in0_data[6]} {in0_data[5]} {in0_data[4]} {in0_data[3]} {in0_data[2]} {in0_data[1]} {in0_data[0]} in0_data_last in1_valid in1_ready {in1_data[35]} {in1_data[34]} {in1_data[33]} {in1_data[32]} {in1_data[31]} {in1_data[30]} {in1_data[29]} {in1_data[28]} {in1_data[27]} {in1_data[26]} {in1_data[25]} {in1_data[24]} {in1_data[23]} {in1_data[22]} {in1_data[21]} {in1_data[20]} {in1_data[19]} {in1_data[18]} {in1_data[17]} {in1_data[16]} {in1_data[15]} {in1_data[14]} {in1_data[13]} {in1_data[12]} {in1_data[11]} {in1_data[10]} {in1_data[9]} {in1_data[8]} {in1_data[7]} {in1_data[6]} {in1_data[5]} {in1_data[4]} {in1_data[3]} {in1_data[2]} {in1_data[1]} {in1_data[0]} in1_data_last in2_valid in2_ready {in2_data[35]} {in2_data[34]} {in2_data[33]} {in2_data[32]} {in2_data[31]} {in2_data[30]} {in2_data[29]} {in2_data[28]} {in2_data[27]} {in2_data[26]} ...}
set_block_pin_constraints -self \
    -allowed_layers {M3 M4} \
    -sides {1 2 3} \
    -pin_spacing_distance 1 \
    -width 0.11 \
    -length 0.11
Information: The command 'set_block_pin_constraints' cleared the undo history. (UNDO-016)
Information: Block pin constraints pin_spacing_distance, allowed_layers, sides are set for top block dut_toplevel/manual_floorplan. (DPPA-403)
1
set_individual_pin_constraints -ports [get_port clk] -sides 4 -allowed_layers M5
1
place_pins -self -ports ${ports}
Information: Starting 'place_pins' (FLW-8000)
Information: Time: 2025-06-04 15:46:33 / Session:  00:03:10 / Command:  00:00:00 / CPU:  00:00:00 / Memory: 1682 MB (FLW-8100)
Load DB...
CPU Time for load db: 00:00:00.00u 00:00:00.00s 00:00:00.00e: 

Min routing layer: M1
Max routing layer: MRDL

Non default block pin constraint setting(s) of top block: dut_toplevel
pin_spacing_distance: 1.0000
allowed_layers:       M3 M4 
sides:                1 2 3

CPU Time for Top Level Pre-Route Processing: 00:00:00.00u 00:00:00.00s 00:00:00.00e: 
Warning: Layer and sides pin constraints are conflict for pin clk. (DPPA-094)
Warning: Block sides pin constraints conflict with pin clk. (DPPA-113)
Number of block ports: 170
Number of block pin locations assigned from router: 0
CPU Time for Pin Preparation: 00:00:00.00u 00:00:00.00s 00:00:00.00e: 
Warning: Not enough slots available for pin placement. Ignore pin spacing constraints. (DPPA-004)
Number of PG ports on blocks: 0
Number of pins created: 168
Warning: 37 pins on block dut_toplevel have been placed with relaxed pin spacing constraint(s). (DPPA-089)
CPU Time for Pin Creation: 00:00:00.01u 00:00:00.01s 00:00:00.01e: 
Total Pin Placement CPU Time: 00:00:00.02u 00:00:00.02s 00:00:00.02e: 
Information: Ending   'place_pins' (FLW-8001)
Information: Time: 2025-06-04 15:46:33 / Session:  00:03:10 / Command:  00:00:00 / CPU:  00:00:00 / Memory: 1682 MB (FLW-8100)
1
# Insert boundary and TAP cells in the design
source -echo ../scripts/insert_special_physical_cells.tcl
#####################################################################
#####                 Boundary/TAP cell insertion               #####
#####################################################################
#### Inserting boundary cells
set_boundary_cell_rules  \
        -top_boundary_cells                */${CellPrefix}_CAPT2 \
        -bottom_boundary_cells             */${CellPrefix}_CAPB2 \
        -left_boundary_cell                */${CellPrefix}_CAPT2 \
        -right_boundary_cell               */${CellPrefix}_CAPB2 \
        -top_left_outside_corner_cell      */${CellPrefix}_CAPTIN13 \
        -top_right_outside_corner_cell     */${CellPrefix}_CAPTIN13 \
        -bottom_left_outside_corner_cell   */${CellPrefix}_CAPBIN13 \
        -bottom_right_outside_corner_cell  */${CellPrefix}_CAPBIN13 \
        -mirror_left_outside_corner_cell \
        -mirror_right_outside_corner_cell 
compile_boundary_cells
Warning: Detected use of obsolete/unsupported feature.  The following
        	will not be available in a future release of the application:
        	compile_boundary_cells. Use compile_targeted_boundary_cells instead (CMD-100)
Using AL to insert boundary cells
Warning: Routing direction of metal layer PO is neither "horizontal" nor "vertical".  PDC checks will not be performed on this layer. (PDC-003)
PDC app_options settings =========
	place.legalize.enable_prerouted_net_check: 1
	place.legalize.num_tracks_for_access_check: 1
	place.legalize.use_eol_spacing_for_access_check: 0
	place.legalize.allow_touch_track_for_access_check: 1
	place.legalize.reduce_conservatism_in_eol_check: 0
	place.legalize.preroute_shape_merge_distance: 0.0
	place.legalize.enable_non_preferred_direction_span_check: 0

Layer M1: cached 0 shapes out of 0 total shapes.
Layer M2: cached 0 shapes out of 0 total shapes.
Cached 0 vias out of 0 total vias.
Warning: No 1x or 2x + 3x wide cells provided for top or bottom option. (CHF-125)
Information: Starting boundary cell insertion into dut_toplevel/manual_floorplan using site master "unit". (CHF-200)
	20% complete ...
	50% complete ...
	60% complete ...
	70% complete ...
	80% complete ...
Information: Total 50 left cells inserted successfully into dut_toplevel/manual_floorplan. (CHF-100)
Information: Total 0 bottom cells inserted successfully into dut_toplevel/manual_floorplan. (CHF-100)
Information: Total 50 right cells inserted successfully into dut_toplevel/manual_floorplan. (CHF-100)
Information: Total 338 top cells inserted successfully into dut_toplevel/manual_floorplan. (CHF-100)
Information: Total 0 bottom left outside cells inserted successfully into dut_toplevel/manual_floorplan. (CHF-100)
Information: Total 0 bottom right outside cells inserted successfully into dut_toplevel/manual_floorplan. (CHF-100)
Information: Total 2 top left outside cells inserted successfully into dut_toplevel/manual_floorplan. (CHF-100)
Information: Total 2 top right outside cells inserted successfully into dut_toplevel/manual_floorplan. (CHF-100)
Information: Total 442 boundary cells inserted successfully into dut_toplevel/manual_floorplan. (CHF-100)
#### Inserting TAP cells
create_tap_cells   \
         -lib_cell  */${CellPrefix}_TAPDS \
         -distance ${TapCellDistance} \
         -pattern stagger \
         -skip_fixed_cells         
* Disjointed site row process : FALSE
Using AL to insert tap cells
Information: tap_to_tap_distance is not a hard rule at tap insertion stage. Please set place.legalize.ignore_tap_to_tap_distance_rule to true to bypass the check.
Warning: Routing direction of metal layer PO is neither "horizontal" nor "vertical".  PDC checks will not be performed on this layer. (PDC-003)
PDC app_options settings =========
	place.legalize.enable_prerouted_net_check: 1
	place.legalize.num_tracks_for_access_check: 1
	place.legalize.use_eol_spacing_for_access_check: 0
	place.legalize.allow_touch_track_for_access_check: 1
	place.legalize.reduce_conservatism_in_eol_check: 0
	place.legalize.preroute_shape_merge_distance: 0.0
	place.legalize.enable_non_preferred_direction_span_check: 0

Layer M1: cached 0 shapes out of 0 total shapes.
Layer M2: cached 0 shapes out of 0 total shapes.
Cached 0 vias out of 0 total vias.
Information: Starting tap cell insertion into dut_toplevel/manual_floorplan using site master "unit". (CHF-200)
	20% complete ...
	50% complete ...
	60% complete ...
	70% complete ...
	80% complete ...
Information: Total 78 tap cells inserted successfully into dut_toplevel/manual_floorplan. (CHF-100)
make_layout_screenshot manual
Load ICV ICCII menu file: /eda/synopsys/2023-24/RHELx86/ICV_2023.12/etc/tcl-u/Icc2Menu.tcl
 + VUE INFO: Found a usable port: 2446

To restart the GUI, type 'gui_start'.
compile_fusion -to logic_opto
Information: 1068 out of 1078 POW-046 messages were not printed due to limit 10 (after 'compile_fusion' at task4.tcl:128) (MSG-3913)
Information: Timer using 12 threads
INFO: compile_fusion is running in balanced flow mode.
Information: Starting 'compile_fusion -to logic_opto' (FLW-8000)
Information: Time: 2025-06-04 15:46:37 / Session:  00:03:14 / Command:  00:00:00 / CPU:  00:00:00 / Memory: 1711 MB (FLW-8100)
Information: CPU Load: 27%, Ram Free: 44 GB, Swap Free: 1 GB, Work Disk Free: 308 GB, Tmp Disk Free: 308 GB (MSG-3995)
CPU Load: 27%, Ram Free: 44 GB, Swap Free: 1 GB, Work Disk Free: 308 GB, Tmp Disk Free: 308 GB
INFO: Start environment monitoring: recipes
INFO: compile_fusion is running in balanced flow mode.
Warning: Cannot infer functionality of libcell 'saed14rvt_ff0p88v125c/SAEDRVT14_FDNRBSBQ_V2_0P5' and will be excluded from sequential mapping. (SQM-1061)
Warning: Cannot infer functionality of libcell 'saed14rvt_ff0p88v125c/SAEDRVT14_FDNRBSBQ_V2_1' and will be excluded from sequential mapping. (SQM-1061)
Warning: Cannot infer functionality of libcell 'saed14rvt_ff0p88v125c/SAEDRVT14_FDNRBSBQ_V2_2' and will be excluded from sequential mapping. (SQM-1061)
Warning: Cannot infer functionality of libcell 'saed14rvt_ff0p88v125c/SAEDRVT14_FDNRBSBQ_V2_4' and will be excluded from sequential mapping. (SQM-1061)
Warning: Cannot infer functionality of libcell 'saed14rvt_ff0p88v125c/SAEDRVT14_FDPRBSBQ_V2_0P5' and will be excluded from sequential mapping. (SQM-1061)
Warning: Cannot infer functionality of libcell 'saed14rvt_ff0p88v125c/SAEDRVT14_FDPRBSBQ_V2_1' and will be excluded from sequential mapping. (SQM-1061)
Warning: Cannot infer functionality of libcell 'saed14rvt_ff0p88v125c/SAEDRVT14_FDPRBSBQ_V2_2' and will be excluded from sequential mapping. (SQM-1061)
Warning: Cannot infer functionality of libcell 'saed14rvt_ff0p88v125c/SAEDRVT14_FDPRBSBQ_V2_4' and will be excluded from sequential mapping. (SQM-1061)
Warning: Cannot infer functionality of libcell 'saed14rvt_ff0p88v125c/SAEDRVT14_FSDPRBSBQ_V2LP_0P5' and will be excluded from sequential mapping. (SQM-1061)
Warning: Cannot infer functionality of libcell 'saed14rvt_ff0p88v125c/SAEDRVT14_FSDPRBSBQ_V2LP_2' and will be excluded from sequential mapping. (SQM-1061)
Warning: Skipping check for single_bit_degenerate attribute on the multibit libcell 'saed14rvt_ff0p88v125c/SAEDRVT14_FSDN2_V2_0P5' since it is not a black-box. (SQM-1079)
Information: No single-bit representative was found for multibit lib cell 'saed14rvt_ff0p88v125c/SAEDRVT14_FSDN2_V2_0P5'. (SQM-2004)
Warning: Skipping check for single_bit_degenerate attribute on the multibit libcell 'saed14rvt_ff0p88v125c/SAEDRVT14_FSDN2_V2_1' since it is not a black-box. (SQM-1079)
Information: No single-bit representative was found for multibit lib cell 'saed14rvt_ff0p88v125c/SAEDRVT14_FSDN2_V2_1'. (SQM-2004)
Warning: Skipping check for single_bit_degenerate attribute on the multibit libcell 'saed14rvt_ff0p88v125c/SAEDRVT14_FSDN2_V2_2' since it is not a black-box. (SQM-1079)
Information: No single-bit representative was found for multibit lib cell 'saed14rvt_ff0p88v125c/SAEDRVT14_FSDN2_V2_2'. (SQM-2004)
Warning: Skipping check for single_bit_degenerate attribute on the multibit libcell 'saed14rvt_ff0p88v125c/SAEDRVT14_FSDN2_V2_4' since it is not a black-box. (SQM-1079)
Information: No single-bit representative was found for multibit lib cell 'saed14rvt_ff0p88v125c/SAEDRVT14_FSDN2_V2_4'. (SQM-2004)
Warning: Skipping check for single_bit_degenerate attribute on the multibit libcell 'saed14rvt_ff0p88v125c/SAEDRVT14_FSDN4_V2_0P5' since it is not a black-box. (SQM-1079)
Information: No single-bit representative was found for multibit lib cell 'saed14rvt_ff0p88v125c/SAEDRVT14_FSDN4_V2_0P5'. (SQM-2004)
Information: No single-bit representative was found for multibit lib cell 'saed14rvt_ff0p88v125c/SAEDRVT14_FSDN4_V2_1'. (SQM-2004)
Information: No single-bit representative was found for multibit lib cell 'saed14rvt_ff0p88v125c/SAEDRVT14_FSDN4_V2_2'. (SQM-2004)
Information: No single-bit representative was found for multibit lib cell 'saed14rvt_ff0p88v125c/SAEDRVT14_FSDN4_V2_4'. (SQM-2004)
Warning: Found 8 multibit sequential library cells that have missing/added attributes or have restrictions that prevent them from banking. (SQM-1053)
0 sequential multibit library cells have restrictions (dont_use or dont_touch).
8 sequential multibit library cells have missing sequential mapping relevant attributes
Information: 6 out of 16 SQM-1061 messages were not printed due to limit 10 (after 'compile_fusion' at task4.tcl:128) (MSG-3913)
Information: 3 out of 8 SQM-1079 messages were not printed due to limit 5 (after 'compile_fusion' at task4.tcl:128) (MSG-3913)
Information: The automatic clock gate timing flow is activated. Clock latencies set on clock gate cells will be automatically adjusted by an estimate for latency. (CGT-4005)
----------------------------------------------------------------------------------------------------------
Information: Starting compile_fusion / initial_map (FLW-8000)
Information: Time: 2025-06-04 15:46:38 / Session:  00:03:15 / Command:  00:00:01 / CPU:  00:00:01 / Memory: 1711 MB (FLW-8100)
Information: CPU Load: 27%, Ram Free: 44 GB, Swap Free: 1 GB, Work Disk Free: 308 GB, Tmp Disk Free: 308 GB (MSG-3995)
----------------------------------------------------------------------------------------------------------
Information: Starting compile_fusion / initial_map / Load Design (FLW-8000)
Information: Time: 2025-06-04 15:46:38 / Session:  00:03:15 / Command:  00:00:01 / CPU:  00:00:01 / Memory: 1711 MB (FLW-8100)
Information: CPU Load: 27%, Ram Free: 44 GB, Swap Free: 1 GB, Work Disk Free: 308 GB, Tmp Disk Free: 308 GB (MSG-3995)
Warning: Cannot infer functionality of libcell 'saed14rvt_ff0p88v125c/SAEDRVT14_FDNRBSBQ_V2_0P5' and will be excluded from sequential mapping. (SQM-1061)
Warning: Cannot infer functionality of libcell 'saed14rvt_ff0p88v125c/SAEDRVT14_FDNRBSBQ_V2_1' and will be excluded from sequential mapping. (SQM-1061)
Warning: Cannot infer functionality of libcell 'saed14rvt_ff0p88v125c/SAEDRVT14_FDNRBSBQ_V2_2' and will be excluded from sequential mapping. (SQM-1061)
Warning: Cannot infer functionality of libcell 'saed14rvt_ff0p88v125c/SAEDRVT14_FDNRBSBQ_V2_4' and will be excluded from sequential mapping. (SQM-1061)
Warning: Cannot infer functionality of libcell 'saed14rvt_ff0p88v125c/SAEDRVT14_FDPRBSBQ_V2_0P5' and will be excluded from sequential mapping. (SQM-1061)
Warning: Cannot infer functionality of libcell 'saed14rvt_ff0p88v125c/SAEDRVT14_FDPRBSBQ_V2_1' and will be excluded from sequential mapping. (SQM-1061)
Warning: Cannot infer functionality of libcell 'saed14rvt_ff0p88v125c/SAEDRVT14_FDPRBSBQ_V2_2' and will be excluded from sequential mapping. (SQM-1061)
Warning: Cannot infer functionality of libcell 'saed14rvt_ff0p88v125c/SAEDRVT14_FDPRBSBQ_V2_4' and will be excluded from sequential mapping. (SQM-1061)
Warning: Cannot infer functionality of libcell 'saed14rvt_ff0p88v125c/SAEDRVT14_FSDPRBSBQ_V2LP_0P5' and will be excluded from sequential mapping. (SQM-1061)
Warning: Cannot infer functionality of libcell 'saed14rvt_ff0p88v125c/SAEDRVT14_FSDPRBSBQ_V2LP_2' and will be excluded from sequential mapping. (SQM-1061)
Warning: Skipping check for single_bit_degenerate attribute on the multibit libcell 'saed14rvt_ff0p88v125c/SAEDRVT14_FSDN2_V2_0P5' since it is not a black-box. (SQM-1079)
Information: No single-bit representative was found for multibit lib cell 'saed14rvt_ff0p88v125c/SAEDRVT14_FSDN2_V2_0P5'. (SQM-2004)
Warning: Skipping check for single_bit_degenerate attribute on the multibit libcell 'saed14rvt_ff0p88v125c/SAEDRVT14_FSDN2_V2_1' since it is not a black-box. (SQM-1079)
Information: No single-bit representative was found for multibit lib cell 'saed14rvt_ff0p88v125c/SAEDRVT14_FSDN2_V2_1'. (SQM-2004)
Warning: Skipping check for single_bit_degenerate attribute on the multibit libcell 'saed14rvt_ff0p88v125c/SAEDRVT14_FSDN2_V2_2' since it is not a black-box. (SQM-1079)
Information: No single-bit representative was found for multibit lib cell 'saed14rvt_ff0p88v125c/SAEDRVT14_FSDN2_V2_2'. (SQM-2004)
Warning: Skipping check for single_bit_degenerate attribute on the multibit libcell 'saed14rvt_ff0p88v125c/SAEDRVT14_FSDN2_V2_4' since it is not a black-box. (SQM-1079)
Information: No single-bit representative was found for multibit lib cell 'saed14rvt_ff0p88v125c/SAEDRVT14_FSDN2_V2_4'. (SQM-2004)
Warning: Skipping check for single_bit_degenerate attribute on the multibit libcell 'saed14rvt_ff0p88v125c/SAEDRVT14_FSDN4_V2_0P5' since it is not a black-box. (SQM-1079)
Information: No single-bit representative was found for multibit lib cell 'saed14rvt_ff0p88v125c/SAEDRVT14_FSDN4_V2_0P5'. (SQM-2004)
Information: No single-bit representative was found for multibit lib cell 'saed14rvt_ff0p88v125c/SAEDRVT14_FSDN4_V2_1'. (SQM-2004)
Information: No single-bit representative was found for multibit lib cell 'saed14rvt_ff0p88v125c/SAEDRVT14_FSDN4_V2_2'. (SQM-2004)
Information: No single-bit representative was found for multibit lib cell 'saed14rvt_ff0p88v125c/SAEDRVT14_FSDN4_V2_4'. (SQM-2004)
Warning: Found 8 multibit sequential library cells that have missing/added attributes or have restrictions that prevent them from banking. (SQM-1053)
0 sequential multibit library cells have restrictions (dont_use or dont_touch).
8 sequential multibit library cells have missing sequential mapping relevant attributes
Information: 6 out of 16 SQM-1061 messages were not printed due to limit 10 (after 'compile_fusion' at task4.tcl:128) (MSG-3913)
Information: 3 out of 8 SQM-1079 messages were not printed due to limit 5 (after 'compile_fusion' at task4.tcl:128) (MSG-3913)
Information: Ending   compile_fusion / initial_map / Load Design (FLW-8001)
Information: Time: 2025-06-04 15:46:39 / Session:  00:03:16 / Command:  00:00:01 / CPU:  00:00:02 / Memory: 1711 MB (FLW-8100)
Information: CPU Load: 27%, Ram Free: 44 GB, Swap Free: 1 GB, Work Disk Free: 308 GB, Tmp Disk Free: 308 GB (MSG-3995)
Information: Starting compile_fusion / initial_map / MV Cell Insertion (FLW-8000)
Information: Time: 2025-06-04 15:46:39 / Session:  00:03:16 / Command:  00:00:01 / CPU:  00:00:02 / Memory: 1711 MB (FLW-8100)
Information: CPU Load: 27%, Ram Free: 44 GB, Swap Free: 1 GB, Work Disk Free: 308 GB, Tmp Disk Free: 308 GB (MSG-3995)
Information: Ending   compile_fusion / initial_map / MV Cell Insertion (FLW-8001)
Information: Time: 2025-06-04 15:46:39 / Session:  00:03:16 / Command:  00:00:01 / CPU:  00:00:02 / Memory: 1711 MB (FLW-8100)
Information: CPU Load: 27%, Ram Free: 44 GB, Swap Free: 1 GB, Work Disk Free: 308 GB, Tmp Disk Free: 308 GB (MSG-3995)
Information: Starting compile_fusion / initial_map / Logic Simplification (1) (FLW-8000)
Information: Time: 2025-06-04 15:46:39 / Session:  00:03:16 / Command:  00:00:01 / CPU:  00:00:02 / Memory: 1711 MB (FLW-8100)
Information: CPU Load: 27%, Ram Free: 44 GB, Swap Free: 1 GB, Work Disk Free: 308 GB, Tmp Disk Free: 308 GB (MSG-3995)
Information: Starting compile_fusion / initial_map / Logic Simplification (1) / Constant and Equal Register Detection (FLW-8000)
Information: Time: 2025-06-04 15:46:39 / Session:  00:03:16 / Command:  00:00:01 / CPU:  00:00:02 / Memory: 1711 MB (FLW-8100)
Information: CPU Load: 27%, Ram Free: 44 GB, Swap Free: 1 GB, Work Disk Free: 308 GB, Tmp Disk Free: 308 GB (MSG-3995)
Warning: Cannot infer functionality of libcell 'saed14rvt_ff0p88v125c/SAEDRVT14_FDNRBSBQ_V2_0P5' and will be excluded from sequential mapping. (SQM-1061)
Warning: Cannot infer functionality of libcell 'saed14rvt_ff0p88v125c/SAEDRVT14_FDNRBSBQ_V2_1' and will be excluded from sequential mapping. (SQM-1061)
Warning: Cannot infer functionality of libcell 'saed14rvt_ff0p88v125c/SAEDRVT14_FDNRBSBQ_V2_2' and will be excluded from sequential mapping. (SQM-1061)
Warning: Cannot infer functionality of libcell 'saed14rvt_ff0p88v125c/SAEDRVT14_FDNRBSBQ_V2_4' and will be excluded from sequential mapping. (SQM-1061)
Warning: Cannot infer functionality of libcell 'saed14rvt_ff0p88v125c/SAEDRVT14_FDPRBSBQ_V2_0P5' and will be excluded from sequential mapping. (SQM-1061)
Warning: Cannot infer functionality of libcell 'saed14rvt_ff0p88v125c/SAEDRVT14_FDPRBSBQ_V2_1' and will be excluded from sequential mapping. (SQM-1061)
Warning: Cannot infer functionality of libcell 'saed14rvt_ff0p88v125c/SAEDRVT14_FDPRBSBQ_V2_2' and will be excluded from sequential mapping. (SQM-1061)
Warning: Cannot infer functionality of libcell 'saed14rvt_ff0p88v125c/SAEDRVT14_FDPRBSBQ_V2_4' and will be excluded from sequential mapping. (SQM-1061)
Warning: Cannot infer functionality of libcell 'saed14rvt_ff0p88v125c/SAEDRVT14_FSDPRBSBQ_V2LP_0P5' and will be excluded from sequential mapping. (SQM-1061)
Warning: Cannot infer functionality of libcell 'saed14rvt_ff0p88v125c/SAEDRVT14_FSDPRBSBQ_V2LP_2' and will be excluded from sequential mapping. (SQM-1061)
Warning: Skipping check for single_bit_degenerate attribute on the multibit libcell 'saed14rvt_ff0p88v125c/SAEDRVT14_FSDN2_V2_0P5' since it is not a black-box. (SQM-1079)
Information: No single-bit representative was found for multibit lib cell 'saed14rvt_ff0p88v125c/SAEDRVT14_FSDN2_V2_0P5'. (SQM-2004)
Warning: Skipping check for single_bit_degenerate attribute on the multibit libcell 'saed14rvt_ff0p88v125c/SAEDRVT14_FSDN2_V2_1' since it is not a black-box. (SQM-1079)
Information: No single-bit representative was found for multibit lib cell 'saed14rvt_ff0p88v125c/SAEDRVT14_FSDN2_V2_1'. (SQM-2004)
Warning: Skipping check for single_bit_degenerate attribute on the multibit libcell 'saed14rvt_ff0p88v125c/SAEDRVT14_FSDN2_V2_2' since it is not a black-box. (SQM-1079)
Information: No single-bit representative was found for multibit lib cell 'saed14rvt_ff0p88v125c/SAEDRVT14_FSDN2_V2_2'. (SQM-2004)
Warning: Skipping check for single_bit_degenerate attribute on the multibit libcell 'saed14rvt_ff0p88v125c/SAEDRVT14_FSDN2_V2_4' since it is not a black-box. (SQM-1079)
Information: No single-bit representative was found for multibit lib cell 'saed14rvt_ff0p88v125c/SAEDRVT14_FSDN2_V2_4'. (SQM-2004)
Warning: Skipping check for single_bit_degenerate attribute on the multibit libcell 'saed14rvt_ff0p88v125c/SAEDRVT14_FSDN4_V2_0P5' since it is not a black-box. (SQM-1079)
Information: No single-bit representative was found for multibit lib cell 'saed14rvt_ff0p88v125c/SAEDRVT14_FSDN4_V2_0P5'. (SQM-2004)
Information: No single-bit representative was found for multibit lib cell 'saed14rvt_ff0p88v125c/SAEDRVT14_FSDN4_V2_1'. (SQM-2004)
Information: No single-bit representative was found for multibit lib cell 'saed14rvt_ff0p88v125c/SAEDRVT14_FSDN4_V2_2'. (SQM-2004)
Information: No single-bit representative was found for multibit lib cell 'saed14rvt_ff0p88v125c/SAEDRVT14_FSDN4_V2_4'. (SQM-2004)
Warning: Found 8 multibit sequential library cells that have missing/added attributes or have restrictions that prevent them from banking. (SQM-1053)
0 sequential multibit library cells have restrictions (dont_use or dont_touch).
8 sequential multibit library cells have missing sequential mapping relevant attributes
Information: Register Bits Before Sharing = 328, After Sharing = 328, Savings = 0 (SQM-2000)
Information: 6 out of 16 SQM-1061 messages were not printed due to limit 10 (after 'compile_fusion' at task4.tcl:128) (MSG-3913)
Information: 3 out of 8 SQM-1079 messages were not printed due to limit 5 (after 'compile_fusion' at task4.tcl:128) (MSG-3913)
Information: Ending   compile_fusion / initial_map / Logic Simplification (1) / Constant and Equal Register Detection (FLW-8001)
Information: Time: 2025-06-04 15:46:43 / Session:  00:03:21 / Command:  00:00:06 / CPU:  00:00:07 / Memory: 1711 MB (FLW-8100)
Information: CPU Load: 25%, Ram Free: 44 GB, Swap Free: 1 GB, Work Disk Free: 308 GB, Tmp Disk Free: 308 GB (MSG-3995)
Information: Starting compile_fusion / initial_map / Logic Simplification (1) / Register Merging (FLW-8000)
Information: Time: 2025-06-04 15:46:43 / Session:  00:03:21 / Command:  00:00:06 / CPU:  00:00:07 / Memory: 1711 MB (FLW-8100)
Information: CPU Load: 25%, Ram Free: 44 GB, Swap Free: 1 GB, Work Disk Free: 308 GB, Tmp Disk Free: 308 GB (MSG-3995)
Information: Ending   compile_fusion / initial_map / Logic Simplification (1) / Register Merging (FLW-8001)
Information: Time: 2025-06-04 15:46:43 / Session:  00:03:21 / Command:  00:00:06 / CPU:  00:00:07 / Memory: 1711 MB (FLW-8100)
Information: CPU Load: 25%, Ram Free: 44 GB, Swap Free: 1 GB, Work Disk Free: 308 GB, Tmp Disk Free: 308 GB (MSG-3995)
Information: Starting compile_fusion / initial_map / Logic Simplification (1) / Constant Propagation and Register Optimization (FLW-8000)
Information: Time: 2025-06-04 15:46:43 / Session:  00:03:21 / Command:  00:00:06 / CPU:  00:00:07 / Memory: 1711 MB (FLW-8100)
Information: CPU Load: 25%, Ram Free: 44 GB, Swap Free: 1 GB, Work Disk Free: 308 GB, Tmp Disk Free: 308 GB (MSG-3995)
Information: Ending   compile_fusion / initial_map / Logic Simplification (1) / Constant Propagation and Register Optimization (FLW-8001)
Information: Time: 2025-06-04 15:46:44 / Session:  00:03:21 / Command:  00:00:07 / CPU:  00:00:07 / Memory: 1711 MB (FLW-8100)
Information: CPU Load: 25%, Ram Free: 44 GB, Swap Free: 1 GB, Work Disk Free: 308 GB, Tmp Disk Free: 308 GB (MSG-3995)
Information: Ending   compile_fusion / initial_map / Logic Simplification (1) (FLW-8001)
Information: Time: 2025-06-04 15:46:44 / Session:  00:03:21 / Command:  00:00:07 / CPU:  00:00:07 / Memory: 1711 MB (FLW-8100)
Information: CPU Load: 25%, Ram Free: 44 GB, Swap Free: 1 GB, Work Disk Free: 308 GB, Tmp Disk Free: 308 GB (MSG-3995)
Information: Starting compile_fusion / initial_map / High-Level Optimization and Technology Mapping (1) (FLW-8000)
Information: Time: 2025-06-04 15:46:44 / Session:  00:03:22 / Command:  00:00:07 / CPU:  00:00:08 / Memory: 1711 MB (FLW-8100)
Information: CPU Load: 25%, Ram Free: 44 GB, Swap Free: 1 GB, Work Disk Free: 308 GB, Tmp Disk Free: 308 GB (MSG-3995)
Information: Timer using 12 threads
Information: Ending   compile_fusion / initial_map / High-Level Optimization and Technology Mapping (1) (FLW-8001)
Information: Time: 2025-06-04 15:46:45 / Session:  00:03:22 / Command:  00:00:07 / CPU:  00:00:09 / Memory: 1711 MB (FLW-8100)
Information: CPU Load: 25%, Ram Free: 44 GB, Swap Free: 1 GB, Work Disk Free: 308 GB, Tmp Disk Free: 308 GB (MSG-3995)
Information: Starting compile_fusion / initial_map / High-Level Optimization and Technology Mapping (2) (FLW-8000)
Information: Time: 2025-06-04 15:46:45 / Session:  00:03:22 / Command:  00:00:07 / CPU:  00:00:09 / Memory: 1711 MB (FLW-8100)
Information: CPU Load: 25%, Ram Free: 44 GB, Swap Free: 1 GB, Work Disk Free: 308 GB, Tmp Disk Free: 308 GB (MSG-3995)
Warning: No cell bus will be mapped to multibit because multibit mapping has been disabled by user. (SQM-1034)
Warning: Shift register Inferencing is enabled so only head flop will be replaced with scan cell and not all registers in shift register chains are scan replaced. (SQM-1074)
Information: Ending   compile_fusion / initial_map / High-Level Optimization and Technology Mapping (2) (FLW-8001)
Information: Time: 2025-06-04 15:46:45 / Session:  00:03:22 / Command:  00:00:08 / CPU:  00:00:10 / Memory: 1711 MB (FLW-8100)
Information: CPU Load: 25%, Ram Free: 44 GB, Swap Free: 1 GB, Work Disk Free: 308 GB, Tmp Disk Free: 308 GB (MSG-3995)
Information: Starting compile_fusion / initial_map / DFT Core Wrapper Analysis (FLW-8000)
Information: Time: 2025-06-04 15:46:45 / Session:  00:03:22 / Command:  00:00:08 / CPU:  00:00:10 / Memory: 1711 MB (FLW-8100)
Information: CPU Load: 25%, Ram Free: 44 GB, Swap Free: 1 GB, Work Disk Free: 308 GB, Tmp Disk Free: 308 GB (MSG-3995)
Information: Ending   compile_fusion / initial_map / DFT Core Wrapper Analysis (FLW-8001)
Information: Time: 2025-06-04 15:46:45 / Session:  00:03:22 / Command:  00:00:08 / CPU:  00:00:10 / Memory: 1711 MB (FLW-8100)
Information: CPU Load: 25%, Ram Free: 44 GB, Swap Free: 1 GB, Work Disk Free: 308 GB, Tmp Disk Free: 308 GB (MSG-3995)
Information: Starting compile_fusion / initial_map / Logic Simplification (2) (FLW-8000)
Information: Time: 2025-06-04 15:46:45 / Session:  00:03:22 / Command:  00:00:08 / CPU:  00:00:10 / Memory: 1711 MB (FLW-8100)
Information: CPU Load: 25%, Ram Free: 44 GB, Swap Free: 1 GB, Work Disk Free: 308 GB, Tmp Disk Free: 308 GB (MSG-3995)
Information: Register Bits Before Sharing = 328, After Sharing = 328, Savings = 0 (SQM-2000)
Information: Starting compile_fusion / initial_map / Logic Simplification (2) / Constant Propagation and Register Optimization (FLW-8000)
Information: Time: 2025-06-04 15:46:45 / Session:  00:03:22 / Command:  00:00:08 / CPU:  00:00:10 / Memory: 1711 MB (FLW-8100)
Information: CPU Load: 25%, Ram Free: 44 GB, Swap Free: 1 GB, Work Disk Free: 308 GB, Tmp Disk Free: 308 GB (MSG-3995)
Information: Ending   compile_fusion / initial_map / Logic Simplification (2) / Constant Propagation and Register Optimization (FLW-8001)
Information: Time: 2025-06-04 15:46:45 / Session:  00:03:23 / Command:  00:00:08 / CPU:  00:00:10 / Memory: 1711 MB (FLW-8100)
Information: CPU Load: 25%, Ram Free: 44 GB, Swap Free: 1 GB, Work Disk Free: 308 GB, Tmp Disk Free: 308 GB (MSG-3995)
Information: Ending   compile_fusion / initial_map / Logic Simplification (2) (FLW-8001)
Information: Time: 2025-06-04 15:46:45 / Session:  00:03:23 / Command:  00:00:08 / CPU:  00:00:10 / Memory: 1711 MB (FLW-8100)
Information: CPU Load: 25%, Ram Free: 44 GB, Swap Free: 1 GB, Work Disk Free: 308 GB, Tmp Disk Free: 308 GB (MSG-3995)
Information: Result of compile_fusion / initial_map / Clock Gate Insertion (FLW-8500)
--------------------------------------------------------------------------------
|                             Clock Gating Options                             |
--------------------------------------------------------------------------------
|         Objects         |    Minimum Bitwidth     |      Maximum Fanout      |
--------------------------+-------------------------+---------------------------
|   top-level (design)    |          3 (d)          |      Unlimited (d)       |
--------------------------------------------------------------------------------

Number of Pre-Existing Clock Gates with dont touch attribute: 0
Number of ICG library cells with CTS purpose: 19
--------------------------------------------------------------------------------
                          Tool Gated Register Summary                           
--------------------------------------------------------------------------------
Clock Gating Type                   | Number of   | Register Count | Equivalent 
                                    | Clock Gates |                | Bitwidth   
--------------------------------------------------------------------------------
Regular Clock Gating                |          11 |            319 |        319
--------------------------------------------------------------------------------
--------------------------------------------------------------------------------
                 Regular Clock Gating Ungated Register Summary                  
--------------------------------------------------------------------------------
 Ungated Reason                                            | Count | Bitwidth   
--------------------------------------------------------------------------------
 Enable is Constant One.                                   |     2 |        2
 Partial Minimum Bitwidth Not Met.                         |     7 |        7
--------------------------------------------------------------------------------
Compile-fusion optimization summary            SETUP-COST    R2R-COST HOLD-COST LDRC-COST          AREA     LEAKAGE     INSTCNT            ELAPSE       MEM
Compile-fusion                                          -           -         -         -        905.45           -        1171              0.06      1710
Information: Ending   compile_fusion / initial_map (FLW-8001)
Information: Time: 2025-06-04 15:46:45 / Session:  00:03:23 / Command:  00:00:08 / CPU:  00:00:11 / Memory: 1711 MB (FLW-8100)
Information: CPU Load: 25%, Ram Free: 44 GB, Swap Free: 1 GB, Work Disk Free: 308 GB, Tmp Disk Free: 308 GB (MSG-3995)

Information: >>>>>>> 5 unique error and warning message tags while observing compile_fusion / initial_map: (MSG-3100)
Information: #prnt #trgr #lmt    Tag  Level     Format (or last printed message)                                (MSG-3036)
Information:   240    16  5 SQM-1079  WARNING   Warning: Skipping check for single_bit_degenerate attribute ... (MSG-3032)
Information:     5     1  1 SQM-1074  WARNING   Warning: Shift register Inferencing is enabled so only head ... (MSG-3032)
Information:   480    32 10 SQM-1061  WARNING   Warning: Cannot infer functionality of libcell 'saed14rvt_ff... (MSG-3032)
Information:   120     2 10 SQM-1053  WARNING   Warning: Found 8 multibit sequential library cells that have... (MSG-3032)
Information:     5     1  1 SQM-1034  WARNING   Warning: No cell bus will be mapped to multibit because mult... (MSG-3032)
Information:   850    52  5        5  <------   Total sum of messages (MSG-3038)
Information: >>>>>>> Summary: 52 error&warning MSGs observed during compile_fusion / initial_map (MSG-3103)

----------------------------------------------------------------------------------------------------------
Information: Starting compile_fusion / logic_opto (FLW-8000)
Information: Time: 2025-06-04 15:46:45 / Session:  00:03:23 / Command:  00:00:08 / CPU:  00:00:11 / Memory: 1711 MB (FLW-8100)
Information: CPU Load: 25%, Ram Free: 44 GB, Swap Free: 1 GB, Work Disk Free: 308 GB, Tmp Disk Free: 308 GB (MSG-3995)
----------------------------------------------------------------------------------------------------------
Information: Starting compile_fusion / logic_opto / Load Design (FLW-8000)
Information: Time: 2025-06-04 15:46:45 / Session:  00:03:23 / Command:  00:00:08 / CPU:  00:00:11 / Memory: 1711 MB (FLW-8100)
Information: CPU Load: 25%, Ram Free: 44 GB, Swap Free: 1 GB, Work Disk Free: 308 GB, Tmp Disk Free: 308 GB (MSG-3995)
Information: Change threshold for extractor is reset. (FLW-1300)
Information: The stitching and editing of coupling caps is turned OFF for design 'dut_toplevel.dlib:dut_toplevel/manual_floorplan.design'. (TIM-125)
Information: Ending   compile_fusion / logic_opto / Load Design (FLW-8001)
Information: Time: 2025-06-04 15:46:46 / Session:  00:03:23 / Command:  00:00:09 / CPU:  00:00:13 / Memory: 1711 MB (FLW-8100)
Information: CPU Load: 32%, Ram Free: 44 GB, Swap Free: 1 GB, Work Disk Free: 308 GB, Tmp Disk Free: 308 GB (MSG-3995)
Information: Starting compile_fusion / logic_opto / Clock Gate Re-structuring (FLW-8000)
Information: Time: 2025-06-04 15:46:46 / Session:  00:03:23 / Command:  00:00:09 / CPU:  00:00:13 / Memory: 1711 MB (FLW-8100)
Information: CPU Load: 32%, Ram Free: 44 GB, Swap Free: 1 GB, Work Disk Free: 308 GB, Tmp Disk Free: 308 GB (MSG-3995)
Information: Result of compile_fusion / logic_opto / Clock Gate Re-structuring (FLW-8500)
Number of Pre-Existing Clock Gates with dont touch attribute: 0
Number of ICG library cells with CTS purpose: 19
--------------------------------------------------------------------------------
                          Tool Gated Register Summary                           
--------------------------------------------------------------------------------
Clock Gating Type                   | Number of   | Register Count | Equivalent 
                                    | Clock Gates |                | Bitwidth   
--------------------------------------------------------------------------------
Regular Clock Gating                |          11 |            319 |        319
--------------------------------------------------------------------------------
--------------------------------------------------------------------------------
                 Regular Clock Gating Ungated Register Summary                  
--------------------------------------------------------------------------------
 Ungated Reason                                            | Count | Bitwidth   
--------------------------------------------------------------------------------
 Enable is Constant One.                                   |     2 |        2
 Partial Minimum Bitwidth Not Met.                         |     7 |        7
--------------------------------------------------------------------------------
Information: Ending   compile_fusion / logic_opto / Clock Gate Re-structuring (FLW-8001)
Information: Time: 2025-06-04 15:46:46 / Session:  00:03:23 / Command:  00:00:09 / CPU:  00:00:13 / Memory: 1711 MB (FLW-8100)
Information: CPU Load: 32%, Ram Free: 44 GB, Swap Free: 1 GB, Work Disk Free: 308 GB, Tmp Disk Free: 308 GB (MSG-3995)
Warning: Duplicate callback function set for step 'fc/logic_opto/dwProcessPrecond1' (FLW-2224)
Warning: Duplicate callback function set for step 'fc/logic_opto/dwProcessPrecond1' (FLW-2224)
Information: Starting compile_fusion / logic_opto / Optimization (1) (FLW-8000)
Information: Time: 2025-06-04 15:46:46 / Session:  00:03:23 / Command:  00:00:09 / CPU:  00:00:13 / Memory: 1711 MB (FLW-8100)
Information: CPU Load: 32%, Ram Free: 44 GB, Swap Free: 1 GB, Work Disk Free: 308 GB, Tmp Disk Free: 308 GB (MSG-3995)
Information: The stitching and editing of coupling caps is turned OFF for design 'dut_toplevel.dlib:dut_toplevel/manual_floorplan.design'. (TIM-125)
Information: Starting compile_fusion / logic_opto / Optimization (1) / Logic Simplification and Register Optimization (FLW-8000)
Information: Time: 2025-06-04 15:46:48 / Session:  00:03:25 / Command:  00:00:11 / CPU:  00:00:16 / Memory: 1711 MB (FLW-8100)
Information: CPU Load: 32%, Ram Free: 44 GB, Swap Free: 1 GB, Work Disk Free: 308 GB, Tmp Disk Free: 308 GB (MSG-3995)
Warning: Cannot infer functionality of libcell 'saed14rvt_ff0p88v125c/SAEDRVT14_FDNRBSBQ_V2_0P5' and will be excluded from sequential mapping. (SQM-1061)
Warning: Cannot infer functionality of libcell 'saed14rvt_ff0p88v125c/SAEDRVT14_FDNRBSBQ_V2_1' and will be excluded from sequential mapping. (SQM-1061)
Warning: Cannot infer functionality of libcell 'saed14rvt_ff0p88v125c/SAEDRVT14_FDNRBSBQ_V2_2' and will be excluded from sequential mapping. (SQM-1061)
Warning: Cannot infer functionality of libcell 'saed14rvt_ff0p88v125c/SAEDRVT14_FDNRBSBQ_V2_4' and will be excluded from sequential mapping. (SQM-1061)
Warning: Cannot infer functionality of libcell 'saed14rvt_ff0p88v125c/SAEDRVT14_FDPRBSBQ_V2_0P5' and will be excluded from sequential mapping. (SQM-1061)
Warning: Cannot infer functionality of libcell 'saed14rvt_ff0p88v125c/SAEDRVT14_FDPRBSBQ_V2_1' and will be excluded from sequential mapping. (SQM-1061)
Warning: Cannot infer functionality of libcell 'saed14rvt_ff0p88v125c/SAEDRVT14_FDPRBSBQ_V2_2' and will be excluded from sequential mapping. (SQM-1061)
Warning: Cannot infer functionality of libcell 'saed14rvt_ff0p88v125c/SAEDRVT14_FDPRBSBQ_V2_4' and will be excluded from sequential mapping. (SQM-1061)
Warning: Cannot infer functionality of libcell 'saed14rvt_ff0p88v125c/SAEDRVT14_FSDPRBSBQ_V2LP_0P5' and will be excluded from sequential mapping. (SQM-1061)
Warning: Cannot infer functionality of libcell 'saed14rvt_ff0p88v125c/SAEDRVT14_FSDPRBSBQ_V2LP_2' and will be excluded from sequential mapping. (SQM-1061)
Warning: Skipping check for single_bit_degenerate attribute on the multibit libcell 'saed14rvt_ff0p88v125c/SAEDRVT14_FSDN2_V2_0P5' since it is not a black-box. (SQM-1079)
Information: No single-bit representative was found for multibit lib cell 'saed14rvt_ff0p88v125c/SAEDRVT14_FSDN2_V2_0P5'. (SQM-2004)
Warning: Skipping check for single_bit_degenerate attribute on the multibit libcell 'saed14rvt_ff0p88v125c/SAEDRVT14_FSDN2_V2_1' since it is not a black-box. (SQM-1079)
Information: No single-bit representative was found for multibit lib cell 'saed14rvt_ff0p88v125c/SAEDRVT14_FSDN2_V2_1'. (SQM-2004)
Warning: Skipping check for single_bit_degenerate attribute on the multibit libcell 'saed14rvt_ff0p88v125c/SAEDRVT14_FSDN2_V2_2' since it is not a black-box. (SQM-1079)
Information: No single-bit representative was found for multibit lib cell 'saed14rvt_ff0p88v125c/SAEDRVT14_FSDN2_V2_2'. (SQM-2004)
Warning: Skipping check for single_bit_degenerate attribute on the multibit libcell 'saed14rvt_ff0p88v125c/SAEDRVT14_FSDN2_V2_4' since it is not a black-box. (SQM-1079)
Information: No single-bit representative was found for multibit lib cell 'saed14rvt_ff0p88v125c/SAEDRVT14_FSDN2_V2_4'. (SQM-2004)
Warning: Skipping check for single_bit_degenerate attribute on the multibit libcell 'saed14rvt_ff0p88v125c/SAEDRVT14_FSDN4_V2_0P5' since it is not a black-box. (SQM-1079)
Information: No single-bit representative was found for multibit lib cell 'saed14rvt_ff0p88v125c/SAEDRVT14_FSDN4_V2_0P5'. (SQM-2004)
Information: No single-bit representative was found for multibit lib cell 'saed14rvt_ff0p88v125c/SAEDRVT14_FSDN4_V2_1'. (SQM-2004)
Information: No single-bit representative was found for multibit lib cell 'saed14rvt_ff0p88v125c/SAEDRVT14_FSDN4_V2_2'. (SQM-2004)
Information: No single-bit representative was found for multibit lib cell 'saed14rvt_ff0p88v125c/SAEDRVT14_FSDN4_V2_4'. (SQM-2004)
Warning: Found 8 multibit sequential library cells that have missing/added attributes or have restrictions that prevent them from banking. (SQM-1053)
Information: 6 out of 16 SQM-1061 messages were not printed due to limit 10 (after 'compile_fusion' at task4.tcl:128) (MSG-3913)
Information: 3 out of 8 SQM-1079 messages were not printed due to limit 5 (after 'compile_fusion' at task4.tcl:128) (MSG-3913)
Information: Ending   compile_fusion / logic_opto / Optimization (1) / Logic Simplification and Register Optimization (FLW-8001)
Information: Time: 2025-06-04 15:46:48 / Session:  00:03:25 / Command:  00:00:11 / CPU:  00:00:16 / Memory: 1711 MB (FLW-8100)
Information: CPU Load: 32%, Ram Free: 44 GB, Swap Free: 1 GB, Work Disk Free: 308 GB, Tmp Disk Free: 308 GB (MSG-3995)
Warning: No clock routing rules were specified. Use set_clock_routing_rules to specify routing rules for accurate clock latency estimation. (OPT-902)
Warning: No clock routing rules were specified. Use set_clock_routing_rules to specify routing rules for accurate clock latency estimation. (OPT-902)
Information: Estimating clock gate latencies for scenario 'PowerSave_Slow'. (OPT-909)
Warning: No clock routing rules were specified. Use set_clock_routing_rules to specify routing rules for accurate clock latency estimation. (OPT-902)
Information: Estimating clock gate latencies for scenario 'Normal_Slow'. (OPT-909)
Warning: Cannot infer functionality of libcell 'saed14rvt_ff0p88v125c/SAEDRVT14_FDNRBSBQ_V2_0P5' and will be excluded from sequential mapping. (SQM-1061)
Warning: Cannot infer functionality of libcell 'saed14rvt_ff0p88v125c/SAEDRVT14_FDNRBSBQ_V2_1' and will be excluded from sequential mapping. (SQM-1061)
Warning: Cannot infer functionality of libcell 'saed14rvt_ff0p88v125c/SAEDRVT14_FDNRBSBQ_V2_2' and will be excluded from sequential mapping. (SQM-1061)
Warning: Cannot infer functionality of libcell 'saed14rvt_ff0p88v125c/SAEDRVT14_FDNRBSBQ_V2_4' and will be excluded from sequential mapping. (SQM-1061)
Warning: Cannot infer functionality of libcell 'saed14rvt_ff0p88v125c/SAEDRVT14_FDPRBSBQ_V2_0P5' and will be excluded from sequential mapping. (SQM-1061)
Warning: Cannot infer functionality of libcell 'saed14rvt_ff0p88v125c/SAEDRVT14_FDPRBSBQ_V2_1' and will be excluded from sequential mapping. (SQM-1061)
Warning: Cannot infer functionality of libcell 'saed14rvt_ff0p88v125c/SAEDRVT14_FDPRBSBQ_V2_2' and will be excluded from sequential mapping. (SQM-1061)
Warning: Cannot infer functionality of libcell 'saed14rvt_ff0p88v125c/SAEDRVT14_FDPRBSBQ_V2_4' and will be excluded from sequential mapping. (SQM-1061)
Warning: Cannot infer functionality of libcell 'saed14rvt_ff0p88v125c/SAEDRVT14_FSDPRBSBQ_V2LP_0P5' and will be excluded from sequential mapping. (SQM-1061)
Warning: Cannot infer functionality of libcell 'saed14rvt_ff0p88v125c/SAEDRVT14_FSDPRBSBQ_V2LP_2' and will be excluded from sequential mapping. (SQM-1061)
Warning: Skipping check for single_bit_degenerate attribute on the multibit libcell 'saed14rvt_ff0p88v125c/SAEDRVT14_FSDN2_V2_0P5' since it is not a black-box. (SQM-1079)
Information: No single-bit representative was found for multibit lib cell 'saed14rvt_ff0p88v125c/SAEDRVT14_FSDN2_V2_0P5'. (SQM-2004)
Warning: Skipping check for single_bit_degenerate attribute on the multibit libcell 'saed14rvt_ff0p88v125c/SAEDRVT14_FSDN2_V2_1' since it is not a black-box. (SQM-1079)
Information: No single-bit representative was found for multibit lib cell 'saed14rvt_ff0p88v125c/SAEDRVT14_FSDN2_V2_1'. (SQM-2004)
Warning: Skipping check for single_bit_degenerate attribute on the multibit libcell 'saed14rvt_ff0p88v125c/SAEDRVT14_FSDN2_V2_2' since it is not a black-box. (SQM-1079)
Information: No single-bit representative was found for multibit lib cell 'saed14rvt_ff0p88v125c/SAEDRVT14_FSDN2_V2_2'. (SQM-2004)
Warning: Skipping check for single_bit_degenerate attribute on the multibit libcell 'saed14rvt_ff0p88v125c/SAEDRVT14_FSDN2_V2_4' since it is not a black-box. (SQM-1079)
Information: No single-bit representative was found for multibit lib cell 'saed14rvt_ff0p88v125c/SAEDRVT14_FSDN2_V2_4'. (SQM-2004)
Warning: Skipping check for single_bit_degenerate attribute on the multibit libcell 'saed14rvt_ff0p88v125c/SAEDRVT14_FSDN4_V2_0P5' since it is not a black-box. (SQM-1079)
Information: No single-bit representative was found for multibit lib cell 'saed14rvt_ff0p88v125c/SAEDRVT14_FSDN4_V2_0P5'. (SQM-2004)
Information: No single-bit representative was found for multibit lib cell 'saed14rvt_ff0p88v125c/SAEDRVT14_FSDN4_V2_1'. (SQM-2004)
Information: No single-bit representative was found for multibit lib cell 'saed14rvt_ff0p88v125c/SAEDRVT14_FSDN4_V2_2'. (SQM-2004)
Information: No single-bit representative was found for multibit lib cell 'saed14rvt_ff0p88v125c/SAEDRVT14_FSDN4_V2_4'. (SQM-2004)
Warning: Found 8 multibit sequential library cells that have missing/added attributes or have restrictions that prevent them from banking. (SQM-1053)
Information: 6 out of 16 SQM-1061 messages were not printed due to limit 10 (after 'compile_fusion' at task4.tcl:128) (MSG-3913)
Information: 3 out of 8 SQM-1079 messages were not printed due to limit 5 (after 'compile_fusion' at task4.tcl:128) (MSG-3913)
Information: Starting compile_fusion / logic_opto / Optimization (1) / Timing Optimization and DesignWare Reselection (FLW-8000)
Information: Time: 2025-06-04 15:46:49 / Session:  00:03:27 / Command:  00:00:12 / CPU:  00:00:18 / Memory: 1711 MB (FLW-8100)
Information: CPU Load: 32%, Ram Free: 44 GB, Swap Free: 1 GB, Work Disk Free: 308 GB, Tmp Disk Free: 308 GB (MSG-3995)
Warning: Cannot infer functionality of libcell 'saed14rvt_ff0p88v125c/SAEDRVT14_FDNRBSBQ_V2_0P5' and will be excluded from sequential mapping. (SQM-1061)
Warning: Cannot infer functionality of libcell 'saed14rvt_ff0p88v125c/SAEDRVT14_FDNRBSBQ_V2_1' and will be excluded from sequential mapping. (SQM-1061)
Warning: Cannot infer functionality of libcell 'saed14rvt_ff0p88v125c/SAEDRVT14_FDNRBSBQ_V2_2' and will be excluded from sequential mapping. (SQM-1061)
Warning: Cannot infer functionality of libcell 'saed14rvt_ff0p88v125c/SAEDRVT14_FDNRBSBQ_V2_4' and will be excluded from sequential mapping. (SQM-1061)
Warning: Cannot infer functionality of libcell 'saed14rvt_ff0p88v125c/SAEDRVT14_FDPRBSBQ_V2_0P5' and will be excluded from sequential mapping. (SQM-1061)
Warning: Cannot infer functionality of libcell 'saed14rvt_ff0p88v125c/SAEDRVT14_FDPRBSBQ_V2_1' and will be excluded from sequential mapping. (SQM-1061)
Warning: Cannot infer functionality of libcell 'saed14rvt_ff0p88v125c/SAEDRVT14_FDPRBSBQ_V2_2' and will be excluded from sequential mapping. (SQM-1061)
Warning: Cannot infer functionality of libcell 'saed14rvt_ff0p88v125c/SAEDRVT14_FDPRBSBQ_V2_4' and will be excluded from sequential mapping. (SQM-1061)
Warning: Cannot infer functionality of libcell 'saed14rvt_ff0p88v125c/SAEDRVT14_FSDPRBSBQ_V2LP_0P5' and will be excluded from sequential mapping. (SQM-1061)
Warning: Cannot infer functionality of libcell 'saed14rvt_ff0p88v125c/SAEDRVT14_FSDPRBSBQ_V2LP_2' and will be excluded from sequential mapping. (SQM-1061)
Warning: Skipping check for single_bit_degenerate attribute on the multibit libcell 'saed14rvt_ff0p88v125c/SAEDRVT14_FSDN2_V2_0P5' since it is not a black-box. (SQM-1079)
Information: No single-bit representative was found for multibit lib cell 'saed14rvt_ff0p88v125c/SAEDRVT14_FSDN2_V2_0P5'. (SQM-2004)
Warning: Skipping check for single_bit_degenerate attribute on the multibit libcell 'saed14rvt_ff0p88v125c/SAEDRVT14_FSDN2_V2_1' since it is not a black-box. (SQM-1079)
Information: No single-bit representative was found for multibit lib cell 'saed14rvt_ff0p88v125c/SAEDRVT14_FSDN2_V2_1'. (SQM-2004)
Warning: Skipping check for single_bit_degenerate attribute on the multibit libcell 'saed14rvt_ff0p88v125c/SAEDRVT14_FSDN2_V2_2' since it is not a black-box. (SQM-1079)
Information: No single-bit representative was found for multibit lib cell 'saed14rvt_ff0p88v125c/SAEDRVT14_FSDN2_V2_2'. (SQM-2004)
Warning: Skipping check for single_bit_degenerate attribute on the multibit libcell 'saed14rvt_ff0p88v125c/SAEDRVT14_FSDN2_V2_4' since it is not a black-box. (SQM-1079)
Information: No single-bit representative was found for multibit lib cell 'saed14rvt_ff0p88v125c/SAEDRVT14_FSDN2_V2_4'. (SQM-2004)
Warning: Skipping check for single_bit_degenerate attribute on the multibit libcell 'saed14rvt_ff0p88v125c/SAEDRVT14_FSDN4_V2_0P5' since it is not a black-box. (SQM-1079)
Information: No single-bit representative was found for multibit lib cell 'saed14rvt_ff0p88v125c/SAEDRVT14_FSDN4_V2_0P5'. (SQM-2004)
Information: No single-bit representative was found for multibit lib cell 'saed14rvt_ff0p88v125c/SAEDRVT14_FSDN4_V2_1'. (SQM-2004)
Information: No single-bit representative was found for multibit lib cell 'saed14rvt_ff0p88v125c/SAEDRVT14_FSDN4_V2_2'. (SQM-2004)
Information: No single-bit representative was found for multibit lib cell 'saed14rvt_ff0p88v125c/SAEDRVT14_FSDN4_V2_4'. (SQM-2004)
Warning: Found 8 multibit sequential library cells that have missing/added attributes or have restrictions that prevent them from banking. (SQM-1053)
Information: No single-bit representative was found for multibit lib cell 'saed14rvt_ff0p88v125c/SAEDRVT14_FSDN2_V2_0P5'. (SQM-2004)
Information: No single-bit representative was found for multibit lib cell 'saed14rvt_ff0p88v125c/SAEDRVT14_FSDN2_V2_1'. (SQM-2004)
Warning: Found 8 multibit sequential library cells that have missing/added attributes or have restrictions that prevent them from banking. (SQM-1053)
Warning: Found 8 multibit sequential library cells that have missing/added attributes or have restrictions that prevent them from banking. (SQM-1053)
Warning: Found 8 multibit sequential library cells that have missing/added attributes or have restrictions that prevent them from banking. (SQM-1053)
Warning: Found 8 multibit sequential library cells that have missing/added attributes or have restrictions that prevent them from banking. (SQM-1053)
Warning: Found 8 multibit sequential library cells that have missing/added attributes or have restrictions that prevent them from banking. (SQM-1053)
Warning: Found 8 multibit sequential library cells that have missing/added attributes or have restrictions that prevent them from banking. (SQM-1053)
Warning: Found 8 multibit sequential library cells that have missing/added attributes or have restrictions that prevent them from banking. (SQM-1053)
Warning: Found 8 multibit sequential library cells that have missing/added attributes or have restrictions that prevent them from banking. (SQM-1053)
Warning: Found 8 multibit sequential library cells that have missing/added attributes or have restrictions that prevent them from banking. (SQM-1053)
Information: 2 out of 12 SQM-1053 messages were not printed due to limit 10 (after 'compile_fusion' at task4.tcl:128) (MSG-3913)
Information: 182 out of 192 SQM-1061 messages were not printed due to limit 10 (after 'compile_fusion' at task4.tcl:128) (MSG-3913)
Information: 91 out of 96 SQM-1079 messages were not printed due to limit 5 (after 'compile_fusion' at task4.tcl:128) (MSG-3913)
Information: 86 out of 96 SQM-2004 messages were not printed due to limit 10 (after 'compile_fusion' at task4.tcl:128) (MSG-3913)
Information: Ending   compile_fusion / logic_opto / Optimization (1) / Timing Optimization and DesignWare Reselection (FLW-8001)
Information: Time: 2025-06-04 15:46:51 / Session:  00:03:28 / Command:  00:00:14 / CPU:  00:00:21 / Memory: 1711 MB (FLW-8100)
Information: CPU Load: 30%, Ram Free: 44 GB, Swap Free: 1 GB, Work Disk Free: 308 GB, Tmp Disk Free: 308 GB (MSG-3995)
Information: Ending   compile_fusion / logic_opto / Optimization (1) (FLW-8001)
Information: Time: 2025-06-04 15:46:51 / Session:  00:03:28 / Command:  00:00:14 / CPU:  00:00:21 / Memory: 1711 MB (FLW-8100)
Information: CPU Load: 30%, Ram Free: 44 GB, Swap Free: 1 GB, Work Disk Free: 308 GB, Tmp Disk Free: 308 GB (MSG-3995)
Information: Starting compile_fusion / logic_opto / Register Retiming (FLW-8000)
Information: Time: 2025-06-04 15:46:51 / Session:  00:03:28 / Command:  00:00:14 / CPU:  00:00:21 / Memory: 1711 MB (FLW-8100)
Information: CPU Load: 30%, Ram Free: 44 GB, Swap Free: 1 GB, Work Disk Free: 308 GB, Tmp Disk Free: 308 GB (MSG-3995)
Warning: Cannot infer functionality of libcell 'saed14rvt_ff0p88v125c/SAEDRVT14_FDNRBSBQ_V2_0P5' and will be excluded from sequential mapping. (SQM-1061)
Warning: Cannot infer functionality of libcell 'saed14rvt_ff0p88v125c/SAEDRVT14_FDNRBSBQ_V2_1' and will be excluded from sequential mapping. (SQM-1061)
Warning: Cannot infer functionality of libcell 'saed14rvt_ff0p88v125c/SAEDRVT14_FDNRBSBQ_V2_2' and will be excluded from sequential mapping. (SQM-1061)
Warning: Cannot infer functionality of libcell 'saed14rvt_ff0p88v125c/SAEDRVT14_FDNRBSBQ_V2_4' and will be excluded from sequential mapping. (SQM-1061)
Warning: Cannot infer functionality of libcell 'saed14rvt_ff0p88v125c/SAEDRVT14_FDPRBSBQ_V2_0P5' and will be excluded from sequential mapping. (SQM-1061)
Warning: Cannot infer functionality of libcell 'saed14rvt_ff0p88v125c/SAEDRVT14_FDPRBSBQ_V2_1' and will be excluded from sequential mapping. (SQM-1061)
Warning: Cannot infer functionality of libcell 'saed14rvt_ff0p88v125c/SAEDRVT14_FDPRBSBQ_V2_2' and will be excluded from sequential mapping. (SQM-1061)
Warning: Cannot infer functionality of libcell 'saed14rvt_ff0p88v125c/SAEDRVT14_FDPRBSBQ_V2_4' and will be excluded from sequential mapping. (SQM-1061)
Warning: Cannot infer functionality of libcell 'saed14rvt_ff0p88v125c/SAEDRVT14_FSDPRBSBQ_V2LP_0P5' and will be excluded from sequential mapping. (SQM-1061)
Warning: Cannot infer functionality of libcell 'saed14rvt_ff0p88v125c/SAEDRVT14_FSDPRBSBQ_V2LP_2' and will be excluded from sequential mapping. (SQM-1061)
Warning: Skipping check for single_bit_degenerate attribute on the multibit libcell 'saed14rvt_ff0p88v125c/SAEDRVT14_FSDN2_V2_0P5' since it is not a black-box. (SQM-1079)
Information: No single-bit representative was found for multibit lib cell 'saed14rvt_ff0p88v125c/SAEDRVT14_FSDN2_V2_0P5'. (SQM-2004)
Warning: Skipping check for single_bit_degenerate attribute on the multibit libcell 'saed14rvt_ff0p88v125c/SAEDRVT14_FSDN2_V2_1' since it is not a black-box. (SQM-1079)
Information: No single-bit representative was found for multibit lib cell 'saed14rvt_ff0p88v125c/SAEDRVT14_FSDN2_V2_1'. (SQM-2004)
Warning: Skipping check for single_bit_degenerate attribute on the multibit libcell 'saed14rvt_ff0p88v125c/SAEDRVT14_FSDN2_V2_2' since it is not a black-box. (SQM-1079)
Information: No single-bit representative was found for multibit lib cell 'saed14rvt_ff0p88v125c/SAEDRVT14_FSDN2_V2_2'. (SQM-2004)
Warning: Skipping check for single_bit_degenerate attribute on the multibit libcell 'saed14rvt_ff0p88v125c/SAEDRVT14_FSDN2_V2_4' since it is not a black-box. (SQM-1079)
Information: No single-bit representative was found for multibit lib cell 'saed14rvt_ff0p88v125c/SAEDRVT14_FSDN2_V2_4'. (SQM-2004)
Warning: Skipping check for single_bit_degenerate attribute on the multibit libcell 'saed14rvt_ff0p88v125c/SAEDRVT14_FSDN4_V2_0P5' since it is not a black-box. (SQM-1079)
Information: No single-bit representative was found for multibit lib cell 'saed14rvt_ff0p88v125c/SAEDRVT14_FSDN4_V2_0P5'. (SQM-2004)
Information: No single-bit representative was found for multibit lib cell 'saed14rvt_ff0p88v125c/SAEDRVT14_FSDN4_V2_1'. (SQM-2004)
Information: No single-bit representative was found for multibit lib cell 'saed14rvt_ff0p88v125c/SAEDRVT14_FSDN4_V2_2'. (SQM-2004)
Information: No single-bit representative was found for multibit lib cell 'saed14rvt_ff0p88v125c/SAEDRVT14_FSDN4_V2_4'. (SQM-2004)
Warning: Found 8 multibit sequential library cells that have missing/added attributes or have restrictions that prevent them from banking. (SQM-1053)
Information: 6 out of 16 SQM-1061 messages were not printed due to limit 10 (after 'compile_fusion' at task4.tcl:128) (MSG-3913)
Information: 3 out of 8 SQM-1079 messages were not printed due to limit 5 (after 'compile_fusion' at task4.tcl:128) (MSG-3913)
Warning: Cannot infer functionality of libcell 'saed14rvt_ff0p88v125c/SAEDRVT14_FDNRBSBQ_V2_0P5' and will be excluded from sequential mapping. (SQM-1061)
Warning: Cannot infer functionality of libcell 'saed14rvt_ff0p88v125c/SAEDRVT14_FDNRBSBQ_V2_1' and will be excluded from sequential mapping. (SQM-1061)
Warning: Cannot infer functionality of libcell 'saed14rvt_ff0p88v125c/SAEDRVT14_FDNRBSBQ_V2_2' and will be excluded from sequential mapping. (SQM-1061)
Warning: Cannot infer functionality of libcell 'saed14rvt_ff0p88v125c/SAEDRVT14_FDNRBSBQ_V2_4' and will be excluded from sequential mapping. (SQM-1061)
Warning: Cannot infer functionality of libcell 'saed14rvt_ff0p88v125c/SAEDRVT14_FDPRBSBQ_V2_0P5' and will be excluded from sequential mapping. (SQM-1061)
Warning: Cannot infer functionality of libcell 'saed14rvt_ff0p88v125c/SAEDRVT14_FDPRBSBQ_V2_1' and will be excluded from sequential mapping. (SQM-1061)
Warning: Cannot infer functionality of libcell 'saed14rvt_ff0p88v125c/SAEDRVT14_FDPRBSBQ_V2_2' and will be excluded from sequential mapping. (SQM-1061)
Warning: Cannot infer functionality of libcell 'saed14rvt_ff0p88v125c/SAEDRVT14_FDPRBSBQ_V2_4' and will be excluded from sequential mapping. (SQM-1061)
Warning: Cannot infer functionality of libcell 'saed14rvt_ff0p88v125c/SAEDRVT14_FSDPRBSBQ_V2LP_0P5' and will be excluded from sequential mapping. (SQM-1061)
Warning: Cannot infer functionality of libcell 'saed14rvt_ff0p88v125c/SAEDRVT14_FSDPRBSBQ_V2LP_2' and will be excluded from sequential mapping. (SQM-1061)
Warning: Skipping check for single_bit_degenerate attribute on the multibit libcell 'saed14rvt_ff0p88v125c/SAEDRVT14_FSDN2_V2_0P5' since it is not a black-box. (SQM-1079)
Information: No single-bit representative was found for multibit lib cell 'saed14rvt_ff0p88v125c/SAEDRVT14_FSDN2_V2_0P5'. (SQM-2004)
Warning: Skipping check for single_bit_degenerate attribute on the multibit libcell 'saed14rvt_ff0p88v125c/SAEDRVT14_FSDN2_V2_1' since it is not a black-box. (SQM-1079)
Information: No single-bit representative was found for multibit lib cell 'saed14rvt_ff0p88v125c/SAEDRVT14_FSDN2_V2_1'. (SQM-2004)
Warning: Skipping check for single_bit_degenerate attribute on the multibit libcell 'saed14rvt_ff0p88v125c/SAEDRVT14_FSDN2_V2_2' since it is not a black-box. (SQM-1079)
Information: No single-bit representative was found for multibit lib cell 'saed14rvt_ff0p88v125c/SAEDRVT14_FSDN2_V2_2'. (SQM-2004)
Warning: Skipping check for single_bit_degenerate attribute on the multibit libcell 'saed14rvt_ff0p88v125c/SAEDRVT14_FSDN2_V2_4' since it is not a black-box. (SQM-1079)
Information: No single-bit representative was found for multibit lib cell 'saed14rvt_ff0p88v125c/SAEDRVT14_FSDN2_V2_4'. (SQM-2004)
Warning: Skipping check for single_bit_degenerate attribute on the multibit libcell 'saed14rvt_ff0p88v125c/SAEDRVT14_FSDN4_V2_0P5' since it is not a black-box. (SQM-1079)
Information: No single-bit representative was found for multibit lib cell 'saed14rvt_ff0p88v125c/SAEDRVT14_FSDN4_V2_0P5'. (SQM-2004)
Information: No single-bit representative was found for multibit lib cell 'saed14rvt_ff0p88v125c/SAEDRVT14_FSDN4_V2_1'. (SQM-2004)
Information: No single-bit representative was found for multibit lib cell 'saed14rvt_ff0p88v125c/SAEDRVT14_FSDN4_V2_2'. (SQM-2004)
Information: No single-bit representative was found for multibit lib cell 'saed14rvt_ff0p88v125c/SAEDRVT14_FSDN4_V2_4'. (SQM-2004)
Warning: Found 8 multibit sequential library cells that have missing/added attributes or have restrictions that prevent them from banking. (SQM-1053)
Information: 6 out of 16 SQM-1061 messages were not printed due to limit 10 (after 'compile_fusion' at task4.tcl:128) (MSG-3913)
Information: 3 out of 8 SQM-1079 messages were not printed due to limit 5 (after 'compile_fusion' at task4.tcl:128) (MSG-3913)
Warning: Cannot infer functionality of libcell 'saed14rvt_ff0p88v125c/SAEDRVT14_FDNRBSBQ_V2_0P5' and will be excluded from sequential mapping. (SQM-1061)
Warning: Cannot infer functionality of libcell 'saed14rvt_ff0p88v125c/SAEDRVT14_FDNRBSBQ_V2_1' and will be excluded from sequential mapping. (SQM-1061)
Warning: Cannot infer functionality of libcell 'saed14rvt_ff0p88v125c/SAEDRVT14_FDNRBSBQ_V2_2' and will be excluded from sequential mapping. (SQM-1061)
Warning: Cannot infer functionality of libcell 'saed14rvt_ff0p88v125c/SAEDRVT14_FDNRBSBQ_V2_4' and will be excluded from sequential mapping. (SQM-1061)
Warning: Cannot infer functionality of libcell 'saed14rvt_ff0p88v125c/SAEDRVT14_FDPRBSBQ_V2_0P5' and will be excluded from sequential mapping. (SQM-1061)
Warning: Cannot infer functionality of libcell 'saed14rvt_ff0p88v125c/SAEDRVT14_FDPRBSBQ_V2_1' and will be excluded from sequential mapping. (SQM-1061)
Warning: Cannot infer functionality of libcell 'saed14rvt_ff0p88v125c/SAEDRVT14_FDPRBSBQ_V2_2' and will be excluded from sequential mapping. (SQM-1061)
Warning: Cannot infer functionality of libcell 'saed14rvt_ff0p88v125c/SAEDRVT14_FDPRBSBQ_V2_4' and will be excluded from sequential mapping. (SQM-1061)
Warning: Cannot infer functionality of libcell 'saed14rvt_ff0p88v125c/SAEDRVT14_FSDPRBSBQ_V2LP_0P5' and will be excluded from sequential mapping. (SQM-1061)
Warning: Cannot infer functionality of libcell 'saed14rvt_ff0p88v125c/SAEDRVT14_FSDPRBSBQ_V2LP_2' and will be excluded from sequential mapping. (SQM-1061)
Warning: Skipping check for single_bit_degenerate attribute on the multibit libcell 'saed14rvt_ff0p88v125c/SAEDRVT14_FSDN2_V2_0P5' since it is not a black-box. (SQM-1079)
Information: No single-bit representative was found for multibit lib cell 'saed14rvt_ff0p88v125c/SAEDRVT14_FSDN2_V2_0P5'. (SQM-2004)
Warning: Skipping check for single_bit_degenerate attribute on the multibit libcell 'saed14rvt_ff0p88v125c/SAEDRVT14_FSDN2_V2_1' since it is not a black-box. (SQM-1079)
Information: No single-bit representative was found for multibit lib cell 'saed14rvt_ff0p88v125c/SAEDRVT14_FSDN2_V2_1'. (SQM-2004)
Warning: Skipping check for single_bit_degenerate attribute on the multibit libcell 'saed14rvt_ff0p88v125c/SAEDRVT14_FSDN2_V2_2' since it is not a black-box. (SQM-1079)
Information: No single-bit representative was found for multibit lib cell 'saed14rvt_ff0p88v125c/SAEDRVT14_FSDN2_V2_2'. (SQM-2004)
Warning: Skipping check for single_bit_degenerate attribute on the multibit libcell 'saed14rvt_ff0p88v125c/SAEDRVT14_FSDN2_V2_4' since it is not a black-box. (SQM-1079)
Information: No single-bit representative was found for multibit lib cell 'saed14rvt_ff0p88v125c/SAEDRVT14_FSDN2_V2_4'. (SQM-2004)
Warning: Skipping check for single_bit_degenerate attribute on the multibit libcell 'saed14rvt_ff0p88v125c/SAEDRVT14_FSDN4_V2_0P5' since it is not a black-box. (SQM-1079)
Information: No single-bit representative was found for multibit lib cell 'saed14rvt_ff0p88v125c/SAEDRVT14_FSDN4_V2_0P5'. (SQM-2004)
Information: No single-bit representative was found for multibit lib cell 'saed14rvt_ff0p88v125c/SAEDRVT14_FSDN4_V2_1'. (SQM-2004)
Information: No single-bit representative was found for multibit lib cell 'saed14rvt_ff0p88v125c/SAEDRVT14_FSDN4_V2_2'. (SQM-2004)
Information: No single-bit representative was found for multibit lib cell 'saed14rvt_ff0p88v125c/SAEDRVT14_FSDN4_V2_4'. (SQM-2004)
Warning: Found 8 multibit sequential library cells that have missing/added attributes or have restrictions that prevent them from banking. (SQM-1053)
Information: Result of compile_fusion / logic_opto / Register Retiming (FLW-8500)
Information: No instance marked for retiming. (RTM-1031)
Information: 6 out of 16 SQM-1061 messages were not printed due to limit 10 (after 'compile_fusion' at task4.tcl:128) (MSG-3913)
Information: 3 out of 8 SQM-1079 messages were not printed due to limit 5 (after 'compile_fusion' at task4.tcl:128) (MSG-3913)
Warning: Cannot infer functionality of libcell 'saed14rvt_ff0p88v125c/SAEDRVT14_FDNRBSBQ_V2_0P5' and will be excluded from sequential mapping. (SQM-1061)
Warning: Cannot infer functionality of libcell 'saed14rvt_ff0p88v125c/SAEDRVT14_FDNRBSBQ_V2_1' and will be excluded from sequential mapping. (SQM-1061)
Warning: Cannot infer functionality of libcell 'saed14rvt_ff0p88v125c/SAEDRVT14_FDNRBSBQ_V2_2' and will be excluded from sequential mapping. (SQM-1061)
Warning: Cannot infer functionality of libcell 'saed14rvt_ff0p88v125c/SAEDRVT14_FDNRBSBQ_V2_4' and will be excluded from sequential mapping. (SQM-1061)
Warning: Cannot infer functionality of libcell 'saed14rvt_ff0p88v125c/SAEDRVT14_FDPRBSBQ_V2_0P5' and will be excluded from sequential mapping. (SQM-1061)
Warning: Cannot infer functionality of libcell 'saed14rvt_ff0p88v125c/SAEDRVT14_FDPRBSBQ_V2_1' and will be excluded from sequential mapping. (SQM-1061)
Warning: Cannot infer functionality of libcell 'saed14rvt_ff0p88v125c/SAEDRVT14_FDPRBSBQ_V2_2' and will be excluded from sequential mapping. (SQM-1061)
Warning: Cannot infer functionality of libcell 'saed14rvt_ff0p88v125c/SAEDRVT14_FDPRBSBQ_V2_4' and will be excluded from sequential mapping. (SQM-1061)
Warning: Cannot infer functionality of libcell 'saed14rvt_ff0p88v125c/SAEDRVT14_FSDPRBSBQ_V2LP_0P5' and will be excluded from sequential mapping. (SQM-1061)
Warning: Cannot infer functionality of libcell 'saed14rvt_ff0p88v125c/SAEDRVT14_FSDPRBSBQ_V2LP_2' and will be excluded from sequential mapping. (SQM-1061)
Warning: Skipping check for single_bit_degenerate attribute on the multibit libcell 'saed14rvt_ff0p88v125c/SAEDRVT14_FSDN2_V2_0P5' since it is not a black-box. (SQM-1079)
Information: No single-bit representative was found for multibit lib cell 'saed14rvt_ff0p88v125c/SAEDRVT14_FSDN2_V2_0P5'. (SQM-2004)
Warning: Skipping check for single_bit_degenerate attribute on the multibit libcell 'saed14rvt_ff0p88v125c/SAEDRVT14_FSDN2_V2_1' since it is not a black-box. (SQM-1079)
Information: No single-bit representative was found for multibit lib cell 'saed14rvt_ff0p88v125c/SAEDRVT14_FSDN2_V2_1'. (SQM-2004)
Warning: Skipping check for single_bit_degenerate attribute on the multibit libcell 'saed14rvt_ff0p88v125c/SAEDRVT14_FSDN2_V2_2' since it is not a black-box. (SQM-1079)
Information: No single-bit representative was found for multibit lib cell 'saed14rvt_ff0p88v125c/SAEDRVT14_FSDN2_V2_2'. (SQM-2004)
Warning: Skipping check for single_bit_degenerate attribute on the multibit libcell 'saed14rvt_ff0p88v125c/SAEDRVT14_FSDN2_V2_4' since it is not a black-box. (SQM-1079)
Information: No single-bit representative was found for multibit lib cell 'saed14rvt_ff0p88v125c/SAEDRVT14_FSDN2_V2_4'. (SQM-2004)
Warning: Skipping check for single_bit_degenerate attribute on the multibit libcell 'saed14rvt_ff0p88v125c/SAEDRVT14_FSDN4_V2_0P5' since it is not a black-box. (SQM-1079)
Information: No single-bit representative was found for multibit lib cell 'saed14rvt_ff0p88v125c/SAEDRVT14_FSDN4_V2_0P5'. (SQM-2004)
Information: No single-bit representative was found for multibit lib cell 'saed14rvt_ff0p88v125c/SAEDRVT14_FSDN4_V2_1'. (SQM-2004)
Information: No single-bit representative was found for multibit lib cell 'saed14rvt_ff0p88v125c/SAEDRVT14_FSDN4_V2_2'. (SQM-2004)
Information: No single-bit representative was found for multibit lib cell 'saed14rvt_ff0p88v125c/SAEDRVT14_FSDN4_V2_4'. (SQM-2004)
Warning: Found 8 multibit sequential library cells that have missing/added attributes or have restrictions that prevent them from banking. (SQM-1053)
Information: 6 out of 16 SQM-1061 messages were not printed due to limit 10 (after 'compile_fusion' at task4.tcl:128) (MSG-3913)
Information: 3 out of 8 SQM-1079 messages were not printed due to limit 5 (after 'compile_fusion' at task4.tcl:128) (MSG-3913)
Information: Ending   compile_fusion / logic_opto / Register Retiming (FLW-8001)
Information: Time: 2025-06-04 15:47:00 / Session:  00:03:37 / Command:  00:00:23 / CPU:  00:00:29 / Memory: 1711 MB (FLW-8100)
Information: CPU Load: 28%, Ram Free: 44 GB, Swap Free: 1 GB, Work Disk Free: 308 GB, Tmp Disk Free: 308 GB (MSG-3995)
Warning: Cannot infer functionality of libcell 'saed14rvt_ff0p88v125c/SAEDRVT14_FDNRBSBQ_V2_0P5' and will be excluded from sequential mapping. (SQM-1061)
Warning: Cannot infer functionality of libcell 'saed14rvt_ff0p88v125c/SAEDRVT14_FDNRBSBQ_V2_1' and will be excluded from sequential mapping. (SQM-1061)
Warning: Cannot infer functionality of libcell 'saed14rvt_ff0p88v125c/SAEDRVT14_FDNRBSBQ_V2_2' and will be excluded from sequential mapping. (SQM-1061)
Warning: Cannot infer functionality of libcell 'saed14rvt_ff0p88v125c/SAEDRVT14_FDNRBSBQ_V2_4' and will be excluded from sequential mapping. (SQM-1061)
Warning: Cannot infer functionality of libcell 'saed14rvt_ff0p88v125c/SAEDRVT14_FDPRBSBQ_V2_0P5' and will be excluded from sequential mapping. (SQM-1061)
Warning: Cannot infer functionality of libcell 'saed14rvt_ff0p88v125c/SAEDRVT14_FDPRBSBQ_V2_1' and will be excluded from sequential mapping. (SQM-1061)
Warning: Cannot infer functionality of libcell 'saed14rvt_ff0p88v125c/SAEDRVT14_FDPRBSBQ_V2_2' and will be excluded from sequential mapping. (SQM-1061)
Warning: Cannot infer functionality of libcell 'saed14rvt_ff0p88v125c/SAEDRVT14_FDPRBSBQ_V2_4' and will be excluded from sequential mapping. (SQM-1061)
Warning: Cannot infer functionality of libcell 'saed14rvt_ff0p88v125c/SAEDRVT14_FSDPRBSBQ_V2LP_0P5' and will be excluded from sequential mapping. (SQM-1061)
Warning: Cannot infer functionality of libcell 'saed14rvt_ff0p88v125c/SAEDRVT14_FSDPRBSBQ_V2LP_2' and will be excluded from sequential mapping. (SQM-1061)
Warning: Skipping check for single_bit_degenerate attribute on the multibit libcell 'saed14rvt_ff0p88v125c/SAEDRVT14_FSDN2_V2_0P5' since it is not a black-box. (SQM-1079)
Information: No single-bit representative was found for multibit lib cell 'saed14rvt_ff0p88v125c/SAEDRVT14_FSDN2_V2_0P5'. (SQM-2004)
Warning: Skipping check for single_bit_degenerate attribute on the multibit libcell 'saed14rvt_ff0p88v125c/SAEDRVT14_FSDN2_V2_1' since it is not a black-box. (SQM-1079)
Information: No single-bit representative was found for multibit lib cell 'saed14rvt_ff0p88v125c/SAEDRVT14_FSDN2_V2_1'. (SQM-2004)
Warning: Skipping check for single_bit_degenerate attribute on the multibit libcell 'saed14rvt_ff0p88v125c/SAEDRVT14_FSDN2_V2_2' since it is not a black-box. (SQM-1079)
Information: No single-bit representative was found for multibit lib cell 'saed14rvt_ff0p88v125c/SAEDRVT14_FSDN2_V2_2'. (SQM-2004)
Warning: Skipping check for single_bit_degenerate attribute on the multibit libcell 'saed14rvt_ff0p88v125c/SAEDRVT14_FSDN2_V2_4' since it is not a black-box. (SQM-1079)
Information: No single-bit representative was found for multibit lib cell 'saed14rvt_ff0p88v125c/SAEDRVT14_FSDN2_V2_4'. (SQM-2004)
Warning: Skipping check for single_bit_degenerate attribute on the multibit libcell 'saed14rvt_ff0p88v125c/SAEDRVT14_FSDN4_V2_0P5' since it is not a black-box. (SQM-1079)
Information: No single-bit representative was found for multibit lib cell 'saed14rvt_ff0p88v125c/SAEDRVT14_FSDN4_V2_0P5'. (SQM-2004)
Information: No single-bit representative was found for multibit lib cell 'saed14rvt_ff0p88v125c/SAEDRVT14_FSDN4_V2_1'. (SQM-2004)
Information: No single-bit representative was found for multibit lib cell 'saed14rvt_ff0p88v125c/SAEDRVT14_FSDN4_V2_2'. (SQM-2004)
Information: No single-bit representative was found for multibit lib cell 'saed14rvt_ff0p88v125c/SAEDRVT14_FSDN4_V2_4'. (SQM-2004)
Warning: Found 8 multibit sequential library cells that have missing/added attributes or have restrictions that prevent them from banking. (SQM-1053)
Information: Register Bits Before Sharing = 0, After Sharing = 0, Savings = 0 (SQM-2000)
Information: 6 out of 16 SQM-1061 messages were not printed due to limit 10 (after 'compile_fusion' at task4.tcl:128) (MSG-3913)
Information: 3 out of 8 SQM-1079 messages were not printed due to limit 5 (after 'compile_fusion' at task4.tcl:128) (MSG-3913)
Information: Starting compile_fusion / logic_opto / Optimization (2) (FLW-8000)
Information: Time: 2025-06-04 15:47:02 / Session:  00:03:39 / Command:  00:00:25 / CPU:  00:00:32 / Memory: 1711 MB (FLW-8100)
Information: CPU Load: 26%, Ram Free: 44 GB, Swap Free: 1 GB, Work Disk Free: 308 GB, Tmp Disk Free: 308 GB (MSG-3995)
Warning: No clock routing rules were specified. Use set_clock_routing_rules to specify routing rules for accurate clock latency estimation. (OPT-902)
Warning: No clock routing rules were specified. Use set_clock_routing_rules to specify routing rules for accurate clock latency estimation. (OPT-902)
Information: Estimating clock gate latencies for scenario 'PowerSave_Slow'. (OPT-909)
Warning: No clock routing rules were specified. Use set_clock_routing_rules to specify routing rules for accurate clock latency estimation. (OPT-902)
Information: Estimating clock gate latencies for scenario 'Normal_Slow'. (OPT-909)
Information: Ending   compile_fusion / logic_opto / Optimization (2) (FLW-8001)
Information: Time: 2025-06-04 15:47:03 / Session:  00:03:41 / Command:  00:00:26 / CPU:  00:00:34 / Memory: 1711 MB (FLW-8100)
Information: CPU Load: 26%, Ram Free: 44 GB, Swap Free: 1 GB, Work Disk Free: 308 GB, Tmp Disk Free: 308 GB (MSG-3995)
Information: Starting compile_fusion / logic_opto / Auto-Floorplan (1) (FLW-8000)
Information: Time: 2025-06-04 15:47:03 / Session:  00:03:41 / Command:  00:00:26 / CPU:  00:00:34 / Memory: 1711 MB (FLW-8100)
Information: CPU Load: 26%, Ram Free: 44 GB, Swap Free: 1 GB, Work Disk Free: 308 GB, Tmp Disk Free: 308 GB (MSG-3995)
Information: Shaping unshaped voltage areas (AFP-1011)
Information: Placing unplaced pins (AFP-1007)
Warning: Layer and sides pin constraints are conflict for pin clk. (DPPA-094)
Warning: Block sides pin constraints conflict with pin clk. (DPPA-113)
Warning: Not enough slots available for pin placement. Ignore pin spacing constraints. (DPPA-004)
Warning: 2 pins on block dut_toplevel have been placed with relaxed pin spacing constraint(s). (DPPA-089)
Information: Result of compile_fusion / logic_opto / Auto-Floorplan (1) (FLW-8500)
Information: Auto-Floorplan Summary (AFP-2023)
-------------------------------------------------------------------------------
              origin           area     boundary
core            user        1632.32   { {5 5} {5 36.2} {57.318 36.2} {57.318 5} }
die             user         2567.5   { {0 0} {0 41.2} {62.318 41.2} {62.318 0} }
-------------------------------------------------------------------------------

-------------------------------------------------------------------------------
objects             total        candidates          modified         preserved                 
voltage areas           0                 0                 0                 0
ios                     0                 0                 0                 0
macros                  0                 0                 0                 0
pins                  170                 2                 2                 0
-------------------------------------------------------------------------------
Information: Ending   compile_fusion / logic_opto / Auto-Floorplan (1) (FLW-8001)
Information: Time: 2025-06-04 15:47:03 / Session:  00:03:41 / Command:  00:00:26 / CPU:  00:00:34 / Memory: 1711 MB (FLW-8100)
Information: CPU Load: 26%, Ram Free: 44 GB, Swap Free: 1 GB, Work Disk Free: 308 GB, Tmp Disk Free: 308 GB (MSG-3995)
Information: Starting compile_fusion / logic_opto / Early Placement (FLW-8000)
Information: Time: 2025-06-04 15:47:03 / Session:  00:03:41 / Command:  00:00:26 / CPU:  00:00:34 / Memory: 1711 MB (FLW-8100)
Information: CPU Load: 26%, Ram Free: 44 GB, Swap Free: 1 GB, Work Disk Free: 308 GB, Tmp Disk Free: 308 GB (MSG-3995)
----------------------------------------------------------------
running create_placement
Corner Scaling is off, multiplier is 1.000000
ORB: timingScenario Normal_Slow timingCorner Slow
INFO: Using corner Typical for worst leakage corner
Using default layer M4
new cutoff lpd: 3.06118e-07
corner scaling: maxCornerId = 3
corner=Fast, tran factor=0.837270 (0.028178 / 0.033655)
corner=Typical, tran factor=0.944434 (0.031785 / 0.033655)
corner=Slow, tran factor=1.000000 (0.033655 / 0.033655)
ORB: Nominal = 0.0053925  Design MT = inf  Target = 0.0336550 (6.241 nominal)  MaxRC = 0.022191
ORB: Fast Target = 0.011701 ( 2.170 nominal )
ORB: stageDelay=0.025981, stageLength=1609839
nplLib: default vr hor dist = 322
nplLib: default vr ver dist = 322
nplLib: default vr buf size = 2
nplLib: default vr buf size = 1

Placement Options:
Effort:                        medium_effort       
Timing Driven:                 false               
Buffering Aware Timing Driven: false               
Seed locs:                     false               
Incremental:                   false               
Congestion:                    false               
Fix Macros:                    true                
Place Macros:                  false               
Channel Size Macros:           false               

Printing options for 'place.coarse.*' (non-default only)
place.coarse.continue_on_missing_scandef                :	 true                

Start transferring placement data.
****** Net weight manager: report ******
Weights included: Timing  
Number of nets with non-default weights: 1601
Timing factor = 1
Non-default weight range: (0.889067, 2.6672)
Information: Automatic repeater spreading is enabled.
Completed transferring placement data.
Running placement using 12 thread(s)
Information: Enhanced Auto Density Control is used. (PLACE-098)
Information: Enhanced auto density configuration is 13179.
Information: Automatic density control has selected the following settings: max_density 0.55, congestion_driven_max_util 0.87. (PLACE-027)
Information: HFW control 'off' invoked.
Creating placement from scratch.
coarse place 0% done.
coarse place 25% done.
coarse place 50% done.
coarse place 75% done.
coarse place 100% done.
Information: Coarse placer weighted wire length estimate = 1.21653e+08
Information: Extraction observers are detached as design net change threshold is reached.
Warning: No clock routing rules were specified. Use set_clock_routing_rules to specify routing rules for accurate clock latency estimation. (OPT-902)
Warning: No clock routing rules were specified. Use set_clock_routing_rules to specify routing rules for accurate clock latency estimation. (OPT-902)
Information: Estimating clock gate latencies for scenario 'PowerSave_Slow'. (OPT-909)
Warning: No clock routing rules were specified. Use set_clock_routing_rules to specify routing rules for accurate clock latency estimation. (OPT-902)
Information: Estimating clock gate latencies for scenario 'Normal_Slow'. (OPT-909)
----------------------------------------------------------------
Information: Ending   compile_fusion / logic_opto / Early Placement (FLW-8001)
Information: Time: 2025-06-04 15:47:05 / Session:  00:03:42 / Command:  00:00:28 / CPU:  00:00:37 / Memory: 1711 MB (FLW-8100)
Information: CPU Load: 26%, Ram Free: 44 GB, Swap Free: 1 GB, Work Disk Free: 308 GB, Tmp Disk Free: 308 GB (MSG-3995)
Information: The stitching and editing of coupling caps is turned OFF for design 'dut_toplevel.dlib:dut_toplevel/manual_floorplan.design'. (TIM-125)
Information: Starting compile_fusion / logic_opto / Optimization (3) (FLW-8000)
Information: Time: 2025-06-04 15:47:07 / Session:  00:03:44 / Command:  00:00:30 / CPU:  00:00:41 / Memory: 1711 MB (FLW-8100)
Information: CPU Load: 25%, Ram Free: 44 GB, Swap Free: 1 GB, Work Disk Free: 308 GB, Tmp Disk Free: 308 GB (MSG-3995)
Information: Starting compile_fusion / logic_opto / Optimization (3) / Timing Optimization (FLW-8000)
Information: Time: 2025-06-04 15:47:07 / Session:  00:03:44 / Command:  00:00:30 / CPU:  00:00:41 / Memory: 1711 MB (FLW-8100)
Information: CPU Load: 25%, Ram Free: 44 GB, Swap Free: 1 GB, Work Disk Free: 308 GB, Tmp Disk Free: 308 GB (MSG-3995)
Warning: Cannot infer functionality of libcell 'saed14rvt_ff0p88v125c/SAEDRVT14_FDNRBSBQ_V2_0P5' and will be excluded from sequential mapping. (SQM-1061)
Warning: Cannot infer functionality of libcell 'saed14rvt_ff0p88v125c/SAEDRVT14_FDNRBSBQ_V2_1' and will be excluded from sequential mapping. (SQM-1061)
Warning: Cannot infer functionality of libcell 'saed14rvt_ff0p88v125c/SAEDRVT14_FDNRBSBQ_V2_2' and will be excluded from sequential mapping. (SQM-1061)
Warning: Cannot infer functionality of libcell 'saed14rvt_ff0p88v125c/SAEDRVT14_FDNRBSBQ_V2_4' and will be excluded from sequential mapping. (SQM-1061)
Warning: Cannot infer functionality of libcell 'saed14rvt_ff0p88v125c/SAEDRVT14_FDPRBSBQ_V2_0P5' and will be excluded from sequential mapping. (SQM-1061)
Warning: Cannot infer functionality of libcell 'saed14rvt_ff0p88v125c/SAEDRVT14_FDPRBSBQ_V2_1' and will be excluded from sequential mapping. (SQM-1061)
Warning: Cannot infer functionality of libcell 'saed14rvt_ff0p88v125c/SAEDRVT14_FDPRBSBQ_V2_2' and will be excluded from sequential mapping. (SQM-1061)
Warning: Cannot infer functionality of libcell 'saed14rvt_ff0p88v125c/SAEDRVT14_FDPRBSBQ_V2_4' and will be excluded from sequential mapping. (SQM-1061)
Warning: Cannot infer functionality of libcell 'saed14rvt_ff0p88v125c/SAEDRVT14_FSDPRBSBQ_V2LP_0P5' and will be excluded from sequential mapping. (SQM-1061)
Warning: Cannot infer functionality of libcell 'saed14rvt_ff0p88v125c/SAEDRVT14_FSDPRBSBQ_V2LP_2' and will be excluded from sequential mapping. (SQM-1061)
Warning: Skipping check for single_bit_degenerate attribute on the multibit libcell 'saed14rvt_ff0p88v125c/SAEDRVT14_FSDN2_V2_0P5' since it is not a black-box. (SQM-1079)
Information: No single-bit representative was found for multibit lib cell 'saed14rvt_ff0p88v125c/SAEDRVT14_FSDN2_V2_0P5'. (SQM-2004)
Warning: Skipping check for single_bit_degenerate attribute on the multibit libcell 'saed14rvt_ff0p88v125c/SAEDRVT14_FSDN2_V2_1' since it is not a black-box. (SQM-1079)
Information: No single-bit representative was found for multibit lib cell 'saed14rvt_ff0p88v125c/SAEDRVT14_FSDN2_V2_1'. (SQM-2004)
Warning: Skipping check for single_bit_degenerate attribute on the multibit libcell 'saed14rvt_ff0p88v125c/SAEDRVT14_FSDN2_V2_2' since it is not a black-box. (SQM-1079)
Information: No single-bit representative was found for multibit lib cell 'saed14rvt_ff0p88v125c/SAEDRVT14_FSDN2_V2_2'. (SQM-2004)
Warning: Skipping check for single_bit_degenerate attribute on the multibit libcell 'saed14rvt_ff0p88v125c/SAEDRVT14_FSDN2_V2_4' since it is not a black-box. (SQM-1079)
Information: No single-bit representative was found for multibit lib cell 'saed14rvt_ff0p88v125c/SAEDRVT14_FSDN2_V2_4'. (SQM-2004)
Warning: Skipping check for single_bit_degenerate attribute on the multibit libcell 'saed14rvt_ff0p88v125c/SAEDRVT14_FSDN4_V2_0P5' since it is not a black-box. (SQM-1079)
Information: No single-bit representative was found for multibit lib cell 'saed14rvt_ff0p88v125c/SAEDRVT14_FSDN4_V2_0P5'. (SQM-2004)
Information: No single-bit representative was found for multibit lib cell 'saed14rvt_ff0p88v125c/SAEDRVT14_FSDN4_V2_1'. (SQM-2004)
Information: No single-bit representative was found for multibit lib cell 'saed14rvt_ff0p88v125c/SAEDRVT14_FSDN4_V2_2'. (SQM-2004)
Information: No single-bit representative was found for multibit lib cell 'saed14rvt_ff0p88v125c/SAEDRVT14_FSDN4_V2_4'. (SQM-2004)
Warning: Found 8 multibit sequential library cells that have missing/added attributes or have restrictions that prevent them from banking. (SQM-1053)
Information: No single-bit representative was found for multibit lib cell 'saed14rvt_ff0p88v125c/SAEDRVT14_FSDN2_V2_0P5'. (SQM-2004)
Information: No single-bit representative was found for multibit lib cell 'saed14rvt_ff0p88v125c/SAEDRVT14_FSDN2_V2_1'. (SQM-2004)
Warning: Found 8 multibit sequential library cells that have missing/added attributes or have restrictions that prevent them from banking. (SQM-1053)
Warning: Found 8 multibit sequential library cells that have missing/added attributes or have restrictions that prevent them from banking. (SQM-1053)
Warning: Found 8 multibit sequential library cells that have missing/added attributes or have restrictions that prevent them from banking. (SQM-1053)
Warning: Found 8 multibit sequential library cells that have missing/added attributes or have restrictions that prevent them from banking. (SQM-1053)
Warning: Found 8 multibit sequential library cells that have missing/added attributes or have restrictions that prevent them from banking. (SQM-1053)
Warning: Found 8 multibit sequential library cells that have missing/added attributes or have restrictions that prevent them from banking. (SQM-1053)
Warning: Found 8 multibit sequential library cells that have missing/added attributes or have restrictions that prevent them from banking. (SQM-1053)
Warning: Found 8 multibit sequential library cells that have missing/added attributes or have restrictions that prevent them from banking. (SQM-1053)
Warning: Found 8 multibit sequential library cells that have missing/added attributes or have restrictions that prevent them from banking. (SQM-1053)
Information: 2 out of 12 SQM-1053 messages were not printed due to limit 10 (after 'compile_fusion' at task4.tcl:128) (MSG-3913)
Information: 182 out of 192 SQM-1061 messages were not printed due to limit 10 (after 'compile_fusion' at task4.tcl:128) (MSG-3913)
Information: 91 out of 96 SQM-1079 messages were not printed due to limit 5 (after 'compile_fusion' at task4.tcl:128) (MSG-3913)
Information: 86 out of 96 SQM-2004 messages were not printed due to limit 10 (after 'compile_fusion' at task4.tcl:128) (MSG-3913)
Information: Ending   compile_fusion / logic_opto / Optimization (3) / Timing Optimization (FLW-8001)
Information: Time: 2025-06-04 15:47:08 / Session:  00:03:46 / Command:  00:00:31 / CPU:  00:00:42 / Memory: 1711 MB (FLW-8100)
Information: CPU Load: 25%, Ram Free: 44 GB, Swap Free: 1 GB, Work Disk Free: 308 GB, Tmp Disk Free: 308 GB (MSG-3995)
Information: Ending   compile_fusion / logic_opto / Optimization (3) (FLW-8001)
Information: Time: 2025-06-04 15:47:09 / Session:  00:03:46 / Command:  00:00:31 / CPU:  00:00:43 / Memory: 1711 MB (FLW-8100)
Information: CPU Load: 25%, Ram Free: 44 GB, Swap Free: 1 GB, Work Disk Free: 308 GB, Tmp Disk Free: 308 GB (MSG-3995)
Information: Starting compile_fusion / logic_opto / Optimization (4) (FLW-8000)
Information: Time: 2025-06-04 15:47:09 / Session:  00:03:46 / Command:  00:00:31 / CPU:  00:00:43 / Memory: 1711 MB (FLW-8100)
Information: CPU Load: 25%, Ram Free: 44 GB, Swap Free: 1 GB, Work Disk Free: 308 GB, Tmp Disk Free: 308 GB (MSG-3995)
Information: Starting compile_fusion / logic_opto / Optimization (4) / Logic Simplification and Register Optimization (FLW-8000)
Information: Time: 2025-06-04 15:47:09 / Session:  00:03:46 / Command:  00:00:31 / CPU:  00:00:43 / Memory: 1711 MB (FLW-8100)
Information: CPU Load: 25%, Ram Free: 44 GB, Swap Free: 1 GB, Work Disk Free: 308 GB, Tmp Disk Free: 308 GB (MSG-3995)
Information: Ending   compile_fusion / logic_opto / Optimization (4) / Logic Simplification and Register Optimization (FLW-8001)
Information: Time: 2025-06-04 15:47:09 / Session:  00:03:46 / Command:  00:00:32 / CPU:  00:00:43 / Memory: 1711 MB (FLW-8100)
Information: CPU Load: 25%, Ram Free: 44 GB, Swap Free: 1 GB, Work Disk Free: 308 GB, Tmp Disk Free: 308 GB (MSG-3995)
Information: Ending   compile_fusion / logic_opto / Optimization (4) (FLW-8001)
Information: Time: 2025-06-04 15:47:13 / Session:  00:03:50 / Command:  00:00:35 / CPU:  00:00:48 / Memory: 1711 MB (FLW-8100)
Information: CPU Load: 24%, Ram Free: 44 GB, Swap Free: 1 GB, Work Disk Free: 308 GB, Tmp Disk Free: 308 GB (MSG-3995)
Information: Starting compile_fusion / logic_opto / Optimization (5) (FLW-8000)
Information: Time: 2025-06-04 15:47:13 / Session:  00:03:50 / Command:  00:00:35 / CPU:  00:00:48 / Memory: 1711 MB (FLW-8100)
Information: CPU Load: 24%, Ram Free: 44 GB, Swap Free: 1 GB, Work Disk Free: 308 GB, Tmp Disk Free: 308 GB (MSG-3995)
Information: Starting compile_fusion / logic_opto / Optimization (5) / Logic Simplification and Register Optimization (FLW-8000)
Information: Time: 2025-06-04 15:47:13 / Session:  00:03:50 / Command:  00:00:35 / CPU:  00:00:48 / Memory: 1711 MB (FLW-8100)
Information: CPU Load: 24%, Ram Free: 44 GB, Swap Free: 1 GB, Work Disk Free: 308 GB, Tmp Disk Free: 308 GB (MSG-3995)
Information: Ending   compile_fusion / logic_opto / Optimization (5) / Logic Simplification and Register Optimization (FLW-8001)
Information: Time: 2025-06-04 15:47:13 / Session:  00:03:50 / Command:  00:00:35 / CPU:  00:00:48 / Memory: 1711 MB (FLW-8100)
Information: CPU Load: 24%, Ram Free: 44 GB, Swap Free: 1 GB, Work Disk Free: 308 GB, Tmp Disk Free: 308 GB (MSG-3995)
Information: Ending   compile_fusion / logic_opto / Optimization (5) (FLW-8001)
Information: Time: 2025-06-04 15:47:13 / Session:  00:03:50 / Command:  00:00:35 / CPU:  00:00:48 / Memory: 1711 MB (FLW-8100)
Information: CPU Load: 24%, Ram Free: 44 GB, Swap Free: 1 GB, Work Disk Free: 308 GB, Tmp Disk Free: 308 GB (MSG-3995)
Information: Starting compile_fusion / logic_opto / Auto-Floorplan (2) (FLW-8000)
Information: Time: 2025-06-04 15:47:13 / Session:  00:03:50 / Command:  00:00:36 / CPU:  00:00:48 / Memory: 1711 MB (FLW-8100)
Information: CPU Load: 24%, Ram Free: 44 GB, Swap Free: 1 GB, Work Disk Free: 308 GB, Tmp Disk Free: 308 GB (MSG-3995)
Information: Shaping unshaped voltage areas (AFP-1011)
Information: Placing unplaced pins (AFP-1007)
Information: Result of compile_fusion / logic_opto / Auto-Floorplan (2) (FLW-8500)
Information: Auto-Floorplan Summary (AFP-2023)
-------------------------------------------------------------------------------
              origin           area     boundary
core            user        1632.32   { {5 5} {5 36.2} {57.318 36.2} {57.318 5} }
die             user         2567.5   { {0 0} {0 41.2} {62.318 41.2} {62.318 0} }
-------------------------------------------------------------------------------

-------------------------------------------------------------------------------
objects             total        candidates          modified         preserved                 
voltage areas           0                 0                 0                 0
ios                     0                 0                 0                 0
macros                  0                 0                 0                 0
pins                  170                 0                 0                 0
-------------------------------------------------------------------------------
Information: Ending   compile_fusion / logic_opto / Auto-Floorplan (2) (FLW-8001)
Information: Time: 2025-06-04 15:47:13 / Session:  00:03:50 / Command:  00:00:36 / CPU:  00:00:48 / Memory: 1711 MB (FLW-8100)
Information: CPU Load: 24%, Ram Free: 44 GB, Swap Free: 1 GB, Work Disk Free: 308 GB, Tmp Disk Free: 308 GB (MSG-3995)
Information: Starting compile_fusion / logic_opto / Secondary PG connections (FLW-8000)
Information: Time: 2025-06-04 15:47:13 / Session:  00:03:50 / Command:  00:00:36 / CPU:  00:00:48 / Memory: 1711 MB (FLW-8100)
Information: CPU Load: 24%, Ram Free: 44 GB, Swap Free: 1 GB, Work Disk Free: 308 GB, Tmp Disk Free: 308 GB (MSG-3995)
Information: Secondary PG:  Secondary PG connections skipped because it is not a UPF design (FLW-1247)
Information: Ending   compile_fusion / logic_opto / Secondary PG connections (FLW-8001)
Information: Time: 2025-06-04 15:47:13 / Session:  00:03:50 / Command:  00:00:36 / CPU:  00:00:48 / Memory: 1711 MB (FLW-8100)
Information: CPU Load: 24%, Ram Free: 44 GB, Swap Free: 1 GB, Work Disk Free: 308 GB, Tmp Disk Free: 308 GB (MSG-3995)
Compile-fusion optimization summary            SETUP-COST    R2R-COST HOLD-COST LDRC-COST          AREA     LEAKAGE     INSTCNT            ELAPSE       MEM
Compile-fusion                                          -           -         -         -        904.92           -        1171              0.06      1710
Information: Ending   compile_fusion / logic_opto (FLW-8001)
Information: Time: 2025-06-04 15:47:13 / Session:  00:03:50 / Command:  00:00:36 / CPU:  00:00:48 / Memory: 1711 MB (FLW-8100)
Information: CPU Load: 24%, Ram Free: 44 GB, Swap Free: 1 GB, Work Disk Free: 308 GB, Tmp Disk Free: 308 GB (MSG-3995)

Information: >>>>>>> 9 unique error and warning message tags while observing compile_fusion / logic_opto: (MSG-3100)
Information: #prnt #trgr #lmt    Tag  Level     Format (or last printed message)                                (MSG-3036)
Information:    10     2  0 FLW-2224  WARNING   Warning: Duplicate callback function set for step 'fc/logic_... (MSG-3032)
Information:   285   248  5 SQM-1079  WARNING   Warning: Skipping check for single_bit_degenerate attribute ... (MSG-3032)
Information:   570   496 10 SQM-1061  WARNING   Warning: Cannot infer functionality of libcell 'saed14rvt_ff... (MSG-3032)
Information:   147    31 10 SQM-1053  WARNING   Warning: Found 8 multibit sequential library cells that have... (MSG-3032)
Information:     5     1  0 DPPA-089  WARNING   Warning: 2 pins on block dut_toplevel have been placed with ... (MSG-3032)
Information:     5     1  0 DPPA-004  WARNING   Warning: Not enough slots available for pin placement. Ignor... (MSG-3032)
Information:     4     1  0 DPPA-113  WARNING   Warning: Block sides pin constraints conflict with pin clk. ... (MSG-3032)
Information:     2     1  0 DPPA-094  WARNING   Warning: Layer and sides pin constraints are conflict for pi... (MSG-3032)
Information:    73     6  0 OPT-902   WARNING   Warning: No clock routing rules were specified. Use set_cloc... (MSG-3032)
Information:  1101   787  3        9  <------   Total sum of messages (MSG-3038)
Information: >>>>>>> Summary: 787 error&warning MSGs observed during compile_fusion / logic_opto (MSG-3103)

Scenario Normal_Typical is cellEm
Scenario PowerSave_Typical is cellEm
Info: update em.
Information: Activity propagation will be performed for scenario Normal_Fast.
Information: Doing activity propagation for mode 'Normal' and corner 'Fast' with effort level 'medium'. (POW-024)
Information: Timer-derived activity data is cached on scenario Normal_Fast (POW-052)
Information: Running switching activity propagation with 12 threads!

 **** Information : No. of simulation cycles = 6 ****
Information: Propagated activity on scenario Normal_Slow identical to that on Normal_Fast (POW-006)
Information: Propagated activity on scenario Normal_Typical identical to that on Normal_Fast (POW-006)
Information: Activity propagation will be performed for scenario PowerSave_Fast.
Information: Doing activity propagation for mode 'PowerSave' and corner 'Fast' with effort level 'medium'. (POW-024)
Information: Timer-derived activity data is cached on scenario PowerSave_Fast (POW-052)
Information: Running switching activity propagation with 12 threads!

 **** Information : No. of simulation cycles = 6 ****
Information: Propagated activity on scenario PowerSave_Slow identical to that on PowerSave_Fast (POW-006)
Information: Propagated activity on scenario PowerSave_Typical identical to that on PowerSave_Fast (POW-006)
Information: Activity for scenario Normal_Fast was cached, no propagation required. (POW-005)
Information: Activity for scenario Normal_Slow was cached, no propagation required. (POW-005)
Information: Activity for scenario Normal_Typical was cached, no propagation required. (POW-005)
Information: Activity for scenario PowerSave_Fast was cached, no propagation required. (POW-005)
Information: Activity for scenario PowerSave_Slow was cached, no propagation required. (POW-005)
Information: Activity for scenario PowerSave_Typical was cached, no propagation required. (POW-005)
CTS Cell EM initialization finished
Scenario Normal_Typical is cellEm
Scenario PowerSave_Typical is cellEm
Info: update em.
Information: Activity for scenario Normal_Fast was cached, no propagation required. (POW-005)
Information: Activity for scenario Normal_Slow was cached, no propagation required. (POW-005)
Information: Activity for scenario Normal_Typical was cached, no propagation required. (POW-005)
Information: Activity for scenario PowerSave_Fast was cached, no propagation required. (POW-005)
CTS Cell EM initialization finished
Warning: No clock routing rules were specified. Use set_clock_routing_rules to specify routing rules for accurate clock latency estimation. (OPT-902)
Warning: No clock routing rules were specified. Use set_clock_routing_rules to specify routing rules for accurate clock latency estimation. (OPT-902)
Information: Estimating clock gate latencies for scenario 'PowerSave_Typical'. (OPT-909)
Warning: No clock routing rules were specified. Use set_clock_routing_rules to specify routing rules for accurate clock latency estimation. (OPT-902)
Information: Estimating clock gate latencies for scenario 'PowerSave_Slow'. (OPT-909)
Warning: No clock routing rules were specified. Use set_clock_routing_rules to specify routing rules for accurate clock latency estimation. (OPT-902)
Information: Estimating clock gate latencies for scenario 'PowerSave_Fast'. (OPT-909)
Warning: No clock routing rules were specified. Use set_clock_routing_rules to specify routing rules for accurate clock latency estimation. (OPT-902)
Information: Estimating clock gate latencies for scenario 'Normal_Typical'. (OPT-909)
Warning: No clock routing rules were specified. Use set_clock_routing_rules to specify routing rules for accurate clock latency estimation. (OPT-902)
Information: Estimating clock gate latencies for scenario 'Normal_Slow'. (OPT-909)
Warning: No clock routing rules were specified. Use set_clock_routing_rules to specify routing rules for accurate clock latency estimation. (OPT-902)
Information: Estimating clock gate latencies for scenario 'Normal_Fast'. (OPT-909)
Information: 2 out of 12 POW-005 messages were not printed due to limit 10 (after 'compile_fusion' at task4.tcl:128) (MSG-3913)
Information: Summary of UPF Cells (UPF-532)
*******************************************************************************
                            Summary of UPF Cells                               
*******************************************************************************
This is NOT a UPF design.
UPF is NOT loaded.
UPF is NOT committed.
-------------------------------------------------------------------------------
*******************************************************************************
                        End of Summary of UPF Cells                            
*******************************************************************************
[Tim-Power] Info: Cleared Leakage libCell cache.
Information: Timer using 12 threads
INFO: End environment monitoring: recipes
INFO: Restored 0 timer status, 3 app options, 0 tcl gvars, 0 env vars
Information: >>>>>>> 11 unique error and warning message tags while observing fusion: (MSG-3100)
Information: #prnt #trgr #lmt    Tag  Level     Format (or last printed message)                                (MSG-3036)
Information:    10     2  0 FLW-2224  WARNING   Warning: Duplicate callback function set for step 'fc/logic_... (MSG-3032)
Information:   285   272  5 SQM-1079  WARNING   Warning: Skipping check for single_bit_degenerate attribute ... (MSG-3032)
Information:     5     1  1 SQM-1074  WARNING   Warning: Shift register Inferencing is enabled so only head ... (MSG-3032)
Information:   570   544 10 SQM-1061  WARNING   Warning: Cannot infer functionality of libcell 'saed14rvt_ff... (MSG-3032)
Information:   147    34 10 SQM-1053  WARNING   Warning: Found 8 multibit sequential library cells that have... (MSG-3032)
Information:     5     1  1 SQM-1034  WARNING   Warning: No cell bus will be mapped to multibit because mult... (MSG-3032)
Information:     5     1  0 DPPA-089  WARNING   Warning: 2 pins on block dut_toplevel have been placed with ... (MSG-3032)
Information:     5     1  0 DPPA-004  WARNING   Warning: Not enough slots available for pin placement. Ignor... (MSG-3032)
Information:     4     1  0 DPPA-113  WARNING   Warning: Block sides pin constraints conflict with pin clk. ... (MSG-3032)
Information:     2     1  0 DPPA-094  WARNING   Warning: Layer and sides pin constraints are conflict for pi... (MSG-3032)
Information:    80     8  0 OPT-902   WARNING   Warning: No clock routing rules were specified. Use set_cloc... (MSG-3032)
Information:  1118   866  5       11  <------   Total sum of messages (MSG-3038)
Information: >>>>>>> Summary: 866 error&warning MSGs observed during fusion (MSG-3103)
Information: Ending   'compile_fusion -to logic_opto' (FLW-8001)
Information: Time: 2025-06-04 15:47:16 / Session:  00:03:54 / Command:  00:00:39 / CPU:  00:01:07 / Memory: 1711 MB (FLW-8100)
Information: CPU Load: 26%, Ram Free: 44 GB, Swap Free: 1 GB, Work Disk Free: 308 GB, Tmp Disk Free: 308 GB (MSG-3995)
1
make_layout_screenshot manual_compiled
Load ICV ICCII menu file: /eda/synopsys/2023-24/RHELx86/ICV_2023.12/etc/tcl-u/Icc2Menu.tcl
 + VUE INFO: Found a usable port: 2446

To restart the GUI, type 'gui_start'.
# Write out the created floorplan
write_floorplan -output ${ResultsDir}/manual_floorplan_files -exclude {cells nets}
Writing floorplan for dut_toplevel.design
Since nets are selected, cells will be added as well, to satisfy DEF dependency.
Information: Creating dummy net '_dummynet0' for unconnected port 'VDD'. (DEFW-006)
Information: Creating dummy net '_dummynet1' for unconnected port 'VSS'. (DEFW-006)
1
# Write DEF for created floorplan
write_def -exclude {cells nets} ${ResultsDir}/manual_floorplan.def
****************************************
Report : Data Mismatches
Version: V-2023.12
Date   : Wed Jun  4 15:47:18 2025
****************************************
No mismatches exist on the design.

==============================
Library : saed14rvt_ff0p88v125c
==============================
Mismatch Type                        Total Count   Repaired  Unrepaired
--------------------------------------------------------------------------------
lib_missing_logical_port             29            29        0
lib_missing_physical_port            6             6         0
Information: Creating dummy net '_dummynet0' for unconnected port 'VDD'. (DEFW-006)
Information: Creating dummy net '_dummynet1' for unconnected port 'VSS'. (DEFW-006)
---------------------------------------
Number of Written DEF Constructs
---------------------------------------
VERSION                        : 1
DIVIDERCHAR                    : 1
BUSBITCHARS                    : 1
DESIGN                         : 1
UNITS                          : 1
PROPERTYDEFINITIONS            : 1
DIEAREA                        : 1
ROW                            : 52
TRACKS                         : 20
PINS                           : 170
PINPROPERTIES                  : 170
1
generateReports manual_floorplan
Generating reports for the target: manual_floorplan ...
[Tim-Power] Info: Cleared Leakage libCell cache.
Reports have been generated for the target: manual_floorplan.
get_blocks -all
{dut_toplevel.dlib:dut_toplevel/auto_floorplan.design dut_toplevel.dlib:dut_toplevel/rtl_read.design dut_toplevel.dlib:dut_toplevel/manual_floorplan.design}
save_block
Information: Saving block 'dut_toplevel.dlib:dut_toplevel/manual_floorplan.design'
1
save_lib
Saving library 'dut_toplevel.dlib'
1
close_blocks
Information: Decrementing open_count of block 'dut_toplevel.dlib:dut_toplevel/manual_floorplan.design' to 1. (DES-022)
1
# Close library - otherwise it'll use previous floorplan
close_lib
Closing library 'dut_toplevel.dlib'
Information: The net parasitics of block dut_toplevel are cleared. (TIM-123)
1
#####################################################################
#####             Creating power and ground network             #####
#####################################################################
open_lib ${ResultsDir}/${DesignLibrary}
Information: Loading library file '/home/student/Documents/kdz/ASIC/labs/Lab_4/asic_lab4/lab/results/dut_toplevel.dlib' (FILE-007)
Information: Loading library file '/home/student/Documents/kdz/ASIC/labs/Lab_4/asic_lab4/lab/task2/work/CLIBs/saed14rvt_c.ndm' (FILE-007)
Information: Loading library file '/home/student/Documents/kdz/ASIC/labs/Lab_4/asic_lab4/lab/task2/work/CLIBs/saed14rvt_c_physical_only.ndm' (FILE-007)
Information: Auto created reference libraries are up-to-date, no need to rebuild. (LIB-084)
{dut_toplevel.dlib}
copy_block -from ${DesignName}/rtl_read -to ${DesignName}/final_floorplan
{dut_toplevel.dlib:dut_toplevel/final_floorplan.design}
open_block ${DesignName}/final_floorplan
Information: Incrementing open_count of block 'dut_toplevel.dlib:dut_toplevel/final_floorplan.design' to 2. (DES-021)
{dut_toplevel.dlib:dut_toplevel/final_floorplan.design}
# Source tech setup script
source -echo ${SetupDir}/technology_setup.tcl
#####################################################################
#####					Technology Setup Script					#####
#####################################################################
set_attribute [get_site_defs unit] symmetry Y
set_attribute [get_site_defs unit] is_default true
if {[string equal tlup ${ParasiticModel}]} {
	read_parasitic_tech -layermap ${LayerMapFile} -tlup ${TlupMaxFile} -name maxTLU
	read_parasitic_tech -layermap ${LayerMapFile} -tlup ${TlupNomFile} -name nomTLU
	read_parasitic_tech -layermap ${LayerMapFile} -tlup ${TlupMinFile} -name minTLU
} elseif {[string equal nxtgrd ${ParasiticModel}]} {
	read_parasitic_tech -layermap ${LayerMapFile} -tlup ${NxtGrdMaxFile} -name maxTLU
	read_parasitic_tech -layermap ${LayerMapFile} -tlup ${NxtGrdNomFile} -name nomTLU
	read_parasitic_tech -layermap ${LayerMapFile} -tlup ${NxtGrdMinFile} -name minTLU
} 
Information: The command 'read_parasitic_tech' cleared the undo history. (UNDO-016)
WARNING: Layer mapping file warning. Tech layer 'M1_3' mapped in layer mapping file cannot be found in technology section.
WARNING: Layer mapping file warning. Tech layer 'M2_3' mapped in layer mapping file cannot be found in technology section.
WARNING: Layer mapping file warning. Tech layer 'M3_3' mapped in layer mapping file cannot be found in technology section.
NEX(WARNING): parasitic_tech file: /eda/synopsys/files/FC_Labs/common/tlup/saed14nm_1p9m_Cmax.tlup already read in, mandatory 1-to-1 map between tluplus file and paraTech
WARNING: Layer mapping file warning. Tech layer 'M1_3' mapped in layer mapping file cannot be found in technology section.
WARNING: Layer mapping file warning. Tech layer 'M2_3' mapped in layer mapping file cannot be found in technology section.
WARNING: Layer mapping file warning. Tech layer 'M3_3' mapped in layer mapping file cannot be found in technology section.
NEX(WARNING): parasitic_tech file: /eda/synopsys/files/FC_Labs/common/tlup/saed14nm_1p9m_Cnom.tlup already read in, mandatory 1-to-1 map between tluplus file and paraTech
WARNING: Layer mapping file warning. Tech layer 'M1_3' mapped in layer mapping file cannot be found in technology section.
WARNING: Layer mapping file warning. Tech layer 'M2_3' mapped in layer mapping file cannot be found in technology section.
WARNING: Layer mapping file warning. Tech layer 'M3_3' mapped in layer mapping file cannot be found in technology section.
NEX(WARNING): parasitic_tech file: /eda/synopsys/files/FC_Labs/common/tlup/saed14nm_1p9m_Cmin.tlup already read in, mandatory 1-to-1 map between tluplus file and paraTech
suppress_message ATTR-12
set_attribute [get_layers {M1 M3 M5 M7 M9}]   routing_direction horizontal
set_attribute [get_layers {M2 M4 M6 M8 MRDL}] routing_direction vertical
unsuppress_message ATTR-12
# Read the constraints
read_sdc -echo ${SdcFile}
Information: The command 'read_sdc' cleared the undo history. (UNDO-016)
Using libraries: dut_toplevel.dlib saed14rvt_ff0p88v125c saed14rvt_c_physical_only
Visiting block dut_toplevel.dlib:dut_toplevel/final_floorplan.design
Design 'dut_toplevel' was successfully linked.
Information: Loading SDC version 2.1 file '/home/student/Documents/kdz/ASIC/labs/Lab_4/asic_lab4/src/sdc/dut_toplevel.sdc' (FILE-007)
set PERIOD 3
set CLOCK_NAME clk
create_clock -period $PERIOD -name $CLOCK_NAME [get_ports $CLOCK_NAME]
1
# MCMM setup
source -echo ${SetupDir}/mcmm_setup.tcl
#####################################################################
#####                       MCMM Setup Script                   #####
#####################################################################
# Remove all MCMM related info
remove_corners -all
remove_modes -all
remove_scenarios -all
# Create Corner(s)
create_corner Fast
create_corner Typical
create_corner Slow
# Set parasitics parameters
set_parasitic_parameters -early_spec minTLU -late_spec minTLU -corners {Fast}
set_parasitic_parameters -early_spec nomTLU -late_spec nomTLU -corners {Typical}
set_parasitic_parameters -early_spec maxTLU -late_spec maxTLU -corners {Slow}
# Create Mode
foreach mode_name {Normal PowerSave} {
    echo "Current mode: ${mode_name}"

    # Create mode
    create_mode ${mode_name}
    current_mode ${mode_name}

    # Create scenarios for current mode
    foreach corner_name {Fast Typical Slow} {
        create_scenario -mode ${mode_name} -corner ${corner_name} -name ${mode_name}_${corner_name}
    }

    # Read constraints for each scenario
    set scenarios [get_attribute [get_scenarios -modes ${mode_name}] name]

    echo "Current mode scenarios: ${scenarios}"

    # create_clock applies to current mode and should not be redefined for each scenario - only its constraints
    # Just ignore those warnings
    foreach scenario ${scenarios} {
        echo "Current scenario: ${scenario}"
        current_scenario ${scenario}
        read_sdc [set ${mode_name}ModeSdcFile]
    }

    # Set operating conditions for each corner and scenario
    current_corner Fast
    current_scenario ${mode_name}_Fast
    set_operating_conditions ${PVT_FF}

    current_corner Typical
    current_scenario ${mode_name}_Typical
    set_operating_conditions ${PVT_TT}

    current_corner Slow
    current_scenario ${mode_name}_Slow
    set_operating_conditions ${PVT_SS}

    # Scenario configuration
    set_scenario_status ${mode_name}_Fast -setup false -hold true -leakage_power false -dynamic_power true -max_transition false -max_capacitance true -active true
    set_scenario_status ${mode_name}_Typical -all -active true
    set_scenario_status ${mode_name}_Slow -setup true -hold false -leakage_power true -dynamic_power true -max_transition true -max_capacitance false -active true
}
Current mode: Normal
Created scenario Normal_Fast for mode Normal and corner Fast
All analysis types are activated.
Created scenario Normal_Typical for mode Normal and corner Typical
All analysis types are activated.
Created scenario Normal_Slow for mode Normal and corner Slow
All analysis types are activated.
Current mode scenarios: Normal_Fast Normal_Slow Normal_Typical
Current scenario: Normal_Fast
Information: Loading SDC version 2.1 file '/home/student/Documents/kdz/ASIC/labs/Lab_4/asic_lab4/src/sdc/dut_toplevel_normal.sdc' (FILE-007)
Current scenario: Normal_Slow
Information: Loading SDC version 2.1 file '/home/student/Documents/kdz/ASIC/labs/Lab_4/asic_lab4/src/sdc/dut_toplevel_normal.sdc' (FILE-007)
Warning: Redefining clock 'clk'.  
        Previously defined at: /home/student/Documents/kdz/ASIC/labs/Lab_4/asic_lab4/src/sdc/dut_toplevel_common.sdc, line 1 (UIC-034)
Current scenario: Normal_Typical
Information: Loading SDC version 2.1 file '/home/student/Documents/kdz/ASIC/labs/Lab_4/asic_lab4/src/sdc/dut_toplevel_normal.sdc' (FILE-007)
Warning: Redefining clock 'clk'.  
        Previously defined at: /home/student/Documents/kdz/ASIC/labs/Lab_4/asic_lab4/src/sdc/dut_toplevel_common.sdc, line 1 (UIC-034)
Scenario Normal_Fast (mode Normal corner Fast) is active for hold/dynamic_power/max_capacitance/min_capacitance analysis.
Information: Cellem using advance interpolation.
Scenario Normal_Typical (mode Normal corner Typical) is active for setup/hold/leakage_power/dynamic_power/max_transition/max_capacitance/min_capacitance/cell_em/signal_em analysis.
Scenario Normal_Slow (mode Normal corner Slow) is active for setup/leakage_power/dynamic_power/max_transition/min_capacitance analysis.
Current mode: PowerSave
Created scenario PowerSave_Fast for mode PowerSave and corner Fast
All analysis types are activated.
Created scenario PowerSave_Typical for mode PowerSave and corner Typical
All analysis types are activated.
Created scenario PowerSave_Slow for mode PowerSave and corner Slow
All analysis types are activated.
Current mode scenarios: PowerSave_Fast PowerSave_Slow PowerSave_Typical
Current scenario: PowerSave_Fast
Information: Loading SDC version 2.1 file '/home/student/Documents/kdz/ASIC/labs/Lab_4/asic_lab4/src/sdc/dut_toplevel_power_save.sdc' (FILE-007)
Current scenario: PowerSave_Slow
Information: Loading SDC version 2.1 file '/home/student/Documents/kdz/ASIC/labs/Lab_4/asic_lab4/src/sdc/dut_toplevel_power_save.sdc' (FILE-007)
Warning: Redefining clock 'clk'.  
        Previously defined at: /home/student/Documents/kdz/ASIC/labs/Lab_4/asic_lab4/src/sdc/dut_toplevel_common.sdc, line 1 (UIC-034)
Current scenario: PowerSave_Typical
Information: Loading SDC version 2.1 file '/home/student/Documents/kdz/ASIC/labs/Lab_4/asic_lab4/src/sdc/dut_toplevel_power_save.sdc' (FILE-007)
Warning: Redefining clock 'clk'.  
        Previously defined at: /home/student/Documents/kdz/ASIC/labs/Lab_4/asic_lab4/src/sdc/dut_toplevel_common.sdc, line 1 (UIC-034)
Scenario PowerSave_Fast (mode PowerSave corner Fast) is active for hold/dynamic_power/max_capacitance/min_capacitance analysis.
Scenario PowerSave_Typical (mode PowerSave corner Typical) is active for setup/hold/leakage_power/dynamic_power/max_transition/max_capacitance/min_capacitance/cell_em/signal_em analysis.
Scenario PowerSave_Slow (mode PowerSave corner Slow) is active for setup/leakage_power/dynamic_power/max_transition/min_capacitance analysis.
# Read floorplan from DEF
read_def ${ResultsDir}/manual_floorplan.def
Information: Loading DEF file '/home/student/Documents/kdz/ASIC/labs/Lab_4/asic_lab4/lab/results/manual_floorplan.def' (FILE-007)
Information: Reading 'VERSION' statement. (DEFR-016)
Information: Reading 'DIVIDERCHAR' statement. (DEFR-016)
Information: Reading 'BUSBITCHARS' statement. (DEFR-016)
Information: Reading 'DESIGN' statement. (DEFR-016)
Information: Reading 'UNITS' statement. (DEFR-016)
Information: Reading 'PROPERTYDEFINITIONS' section. (DEFR-016)
Information: Reading 'DIEAREA' statement. (DEFR-016)
Information: Reading 'ROW' statements. (DEFR-016)
Information: Reading 'TRACKS' statements. (DEFR-016)
Information: Reading 'PINS' section. (DEFR-016)
Information: Reading 'PINPROPERTIES' section. (DEFR-016)
--------------------------------
Number of Ignored DEF Constructs
--------------------------------
PROPERTYDEFINITIONS            : 0/1
---------------------------------------
Number of Processed/Read DEF Constructs
---------------------------------------
VERSION                        : 1/1
DIVIDERCHAR                    : 1/1
BUSBITCHARS                    : 1/1
DESIGN                         : 1/1
UNITS                          : 1/1
PROPERTYDEFINITIONS            : 1/1
DIEAREA                        : 1/1
ROW                            : 52/52
TRACKS                         : 20/20
PINS                           : 170/170
PINPROPERTIES                  : 170/170
1
# Insert boundary and TAP cells in the design
source -echo ../scripts/insert_special_physical_cells.tcl
#####################################################################
#####                 Boundary/TAP cell insertion               #####
#####################################################################
#### Inserting boundary cells
set_boundary_cell_rules  \
        -top_boundary_cells                */${CellPrefix}_CAPT2 \
        -bottom_boundary_cells             */${CellPrefix}_CAPB2 \
        -left_boundary_cell                */${CellPrefix}_CAPT2 \
        -right_boundary_cell               */${CellPrefix}_CAPB2 \
        -top_left_outside_corner_cell      */${CellPrefix}_CAPTIN13 \
        -top_right_outside_corner_cell     */${CellPrefix}_CAPTIN13 \
        -bottom_left_outside_corner_cell   */${CellPrefix}_CAPBIN13 \
        -bottom_right_outside_corner_cell  */${CellPrefix}_CAPBIN13 \
        -mirror_left_outside_corner_cell \
        -mirror_right_outside_corner_cell 
Information: The command 'set_boundary_cell_rules' cleared the undo history. (UNDO-016)
compile_boundary_cells
Warning: Detected use of obsolete/unsupported feature.  The following
        	will not be available in a future release of the application:
        	compile_boundary_cells. Use compile_targeted_boundary_cells instead (CMD-100)
Using AL to insert boundary cells
Warning: Routing direction of metal layer PO is neither "horizontal" nor "vertical".  PDC checks will not be performed on this layer. (PDC-003)
PDC app_options settings =========
	place.legalize.enable_prerouted_net_check: 1
	place.legalize.num_tracks_for_access_check: 1
	place.legalize.use_eol_spacing_for_access_check: 0
	place.legalize.allow_touch_track_for_access_check: 1
	place.legalize.reduce_conservatism_in_eol_check: 0
	place.legalize.preroute_shape_merge_distance: 0.0
	place.legalize.enable_non_preferred_direction_span_check: 0

Layer M1: cached 0 shapes out of 0 total shapes.
Layer M2: cached 0 shapes out of 0 total shapes.
Cached 0 vias out of 0 total vias.
Warning: No 1x or 2x + 3x wide cells provided for top or bottom option. (CHF-125)
Information: Starting boundary cell insertion into dut_toplevel/final_floorplan using site master "unit". (CHF-200)
	20% complete ...
	50% complete ...
	60% complete ...
	70% complete ...
	80% complete ...
Information: Total 50 left cells inserted successfully into dut_toplevel/final_floorplan. (CHF-100)
Information: Total 0 bottom cells inserted successfully into dut_toplevel/final_floorplan. (CHF-100)
Information: Total 50 right cells inserted successfully into dut_toplevel/final_floorplan. (CHF-100)
Information: Total 338 top cells inserted successfully into dut_toplevel/final_floorplan. (CHF-100)
Information: Total 0 bottom left outside cells inserted successfully into dut_toplevel/final_floorplan. (CHF-100)
Information: Total 0 bottom right outside cells inserted successfully into dut_toplevel/final_floorplan. (CHF-100)
Information: Total 2 top left outside cells inserted successfully into dut_toplevel/final_floorplan. (CHF-100)
Information: Total 2 top right outside cells inserted successfully into dut_toplevel/final_floorplan. (CHF-100)
Information: Total 442 boundary cells inserted successfully into dut_toplevel/final_floorplan. (CHF-100)
#### Inserting TAP cells
create_tap_cells   \
         -lib_cell  */${CellPrefix}_TAPDS \
         -distance ${TapCellDistance} \
         -pattern stagger \
         -skip_fixed_cells         
* Disjointed site row process : FALSE
Using AL to insert tap cells
Information: tap_to_tap_distance is not a hard rule at tap insertion stage. Please set place.legalize.ignore_tap_to_tap_distance_rule to true to bypass the check.
Warning: Routing direction of metal layer PO is neither "horizontal" nor "vertical".  PDC checks will not be performed on this layer. (PDC-003)
PDC app_options settings =========
	place.legalize.enable_prerouted_net_check: 1
	place.legalize.num_tracks_for_access_check: 1
	place.legalize.use_eol_spacing_for_access_check: 0
	place.legalize.allow_touch_track_for_access_check: 1
	place.legalize.reduce_conservatism_in_eol_check: 0
	place.legalize.preroute_shape_merge_distance: 0.0
	place.legalize.enable_non_preferred_direction_span_check: 0

Layer M1: cached 0 shapes out of 0 total shapes.
Layer M2: cached 0 shapes out of 0 total shapes.
Cached 0 vias out of 0 total vias.
Information: Starting tap cell insertion into dut_toplevel/final_floorplan using site master "unit". (CHF-200)
	20% complete ...
	50% complete ...
	60% complete ...
	70% complete ...
	80% complete ...
Information: Total 78 tap cells inserted successfully into dut_toplevel/final_floorplan. (CHF-100)
# Create power/ground networl
source -echo ../scripts/create_pg_network.tcl
#####################################################################
#####                 Create PG Network Script                  #####
#####################################################################
#### Remove PG related data
remove_pg_via_master_rules -all
No via def rule is found.
remove_pg_patterns -all
No pattern is found.
remove_pg_strategies -all
All strategies have been removed.
remove_pg_strategy_via_rules -all
All strategy via rules have been removed.
remove_routes -ring -stripe -lib_cell_pin_connect 
Remove no route shapes with specified net types and shape uses.
#### Set PG net attribute
set_attribute -objects [get_nets VDD] -name net_type -value power
set_attribute -objects [get_nets VSS] -name net_type -value ground
#### Create VIA strategy rule NO_PG_VIAS
set_pg_strategy_via_rule NO_PG_VIAS -via_rule { {intersection: undefined} {via_master: NIL} }
Information: The command 'set_pg_strategy_via_rule' cleared the undo history. (UNDO-016)
Successfully set strategy via rule NO_PG_VIAS.
#### Create PG Rails for standard cells
create_pg_std_cell_conn_pattern M1_rail -layers {M1} -rail_width {@TopWidth @BottomWidth} -parameters {TopWidth BottomWidth}
Successfully create standard cell rail pattern M1_rail.
set_pg_strategy M1_rail_strategy_pwr -core -pattern {{name: M1_rail} {nets: VDD} {parameters: {0.094 0.094}}}
Successfully set PG strategy M1_rail_strategy_pwr.
set_pg_strategy M1_rail_strategy_gnd -core -pattern {{name: M1_rail} {nets: VSS} {parameters: {0.094 0.094}}}
Successfully set PG strategy M1_rail_strategy_gnd.
compile_pg -strategies M1_rail_strategy_pwr -ignore_drc
Sanity check for inputs.
No strategy-level via rule is specified, the default rule will be applied.
DRC checking and fixing will be skipped for created shapes.
Automatic PG net connection through connect_pg_net is disabled.
Updating PG strategies.
Updating strategy M1_rail_strategy_pwr.
Loading library and design information.
Number of Standard Cells: 0
Number of Hard Macros: 0
Number of Pads: 0
Creating standard cell rails.
Creating standard cell rails for strategy M1_rail_strategy_pwr.
Creating via connection between strategies and existing shapes.
via connection runtime: 0 seconds.
Commiting wires and vias.
Committing wires takes 0.00 seconds.
Committing vias takes 0.00 seconds.
Committed 27 wires.
Committed 0 vias.
Committed 0 wires for via creation.
Overall PG creation runtime: 0 seconds.
Successfully compiled PG.
Overall runtime: 0 seconds.
compile_pg -strategies M1_rail_strategy_gnd -ignore_drc
Sanity check for inputs.
No strategy-level via rule is specified, the default rule will be applied.
DRC checking and fixing will be skipped for created shapes.
Automatic PG net connection through connect_pg_net is disabled.
Updating PG strategies.
Updating strategy M1_rail_strategy_gnd.
Loading library and design information.
Number of Standard Cells: 0
Number of Hard Macros: 0
Number of Pads: 0
Creating standard cell rails.
Creating standard cell rails for strategy M1_rail_strategy_gnd.
Creating via connection between strategies and existing shapes.
via connection runtime: 0 seconds.
Commiting wires and vias.
Committing wires takes 0.00 seconds.
Committing vias takes 0.00 seconds.
Committed 26 wires.
Committed 0 vias.
Committed 0 wires for via creation.
Overall PG creation runtime: 0 seconds.
Successfully compiled PG.
Overall runtime: 0 seconds.
#### Create M5 Horizontal PG Straps
create_pg_mesh_pattern M5_PG \
	-layers { {vertical_layer: M5}   {width: 0.1} {spacing: interleaving} {pitch: 4} {offset: 0.5} } 
Successfully create mesh pattern M5_PG.
set_pg_strategy M5_PG_Strategy \
	-core \
	-pattern   { {name: M5_PG} {nets:{VSS VDD}} } \
	-extension { {stop: core_boundary} }
Successfully set PG strategy M5_PG_Strategy.
compile_pg -strategies {M5_PG_Strategy} -via_rule NO_PG_VIAS
Sanity check for inputs.
Automatic PG net connection through connect_pg_net is disabled.
Updating PG strategies.
Updating strategy M5_PG_Strategy.
Loading library and design information.
Number of Standard Cells: 0
Number of Hard Macros: 0
Number of Pads: 0
Creating straps and vias in power plan.
Creating wire shapes for strategies M5_PG_Strategy .
Creating wire shapes runtime: 0 seconds
Blockage cutting and DRC fixing for wire shapes for strategies M5_PG_Strategy .
Check and fix DRC for 26 wires for strategy M5_PG_Strategy.
Number of threads: 12
Number of partitions: 3
Direction of partitions: vertical
Number of wires: 26
Checking DRC for 26 wires:5% 15% 20% 30% 35% 45% 50% 60% 65% 75% 80% 90% 100%
Creating 26 wires after DRC fixing.
Wire DRC checking runtime 0.00 seconds.
Creating via shapes for strategies M5_PG_Strategy .
Number of threads: 12
Working on strategy M5_PG_Strategy.
Number of detected intersections: 0
Total runtime of via shapes creation: 0 seconds
Runtime of via DRC checking for strategy M5_PG_Strategy: 0.00 seconds.
Removing dangling/floating wire/vias after DRC check.
Start iteration 1:
Checking potential dangling/floating power plan wires.
Finish removing all dangling or floating wires and vias.
Commiting wires and vias.
Committing wires takes 0.00 seconds.
Committing vias takes 0.00 seconds.
Committed 26 wires.
Committed 0 vias.
Committed 0 wires for via creation.
Overall PG creation runtime: 0 seconds.
Successfully compiled PG.
Overall runtime: 0 seconds.
#### Create M6 Horizontal PG Straps 
create_pg_mesh_pattern M6_PG \
	-layers { {horizontal_layer: M6}   {width: 0.2} {spacing: interleaving} {pitch: 4} {offset: 0.5} }
Successfully create mesh pattern M6_PG.
set_pg_strategy M6_PG_Strategy \
	-core \
	-pattern   { {name: M6_PG} {nets:{VSS VDD}} } \
	-extension { {stop: design_boundary_and_generate_pin} }
Successfully set PG strategy M6_PG_Strategy.
compile_pg -strategies {M6_PG_Strategy} -via_rule NO_PG_VIAS
Sanity check for inputs.
Automatic PG net connection through connect_pg_net is disabled.
Updating PG strategies.
Updating strategy M6_PG_Strategy.
Loading library and design information.
Number of Standard Cells: 0
Number of Hard Macros: 0
Number of Pads: 0
Creating straps and vias in power plan.
Creating wire shapes for strategies M6_PG_Strategy .
Creating wire shapes runtime: 0 seconds
Blockage cutting and DRC fixing for wire shapes for strategies M6_PG_Strategy .
Check and fix DRC for 16 wires for strategy M6_PG_Strategy.
Number of threads: 12
Number of partitions: 2
Direction of partitions: horizontal
Number of wires: 16
Checking DRC for 16 wires:10% 35% 50% 75% 85% 100%
Creating 16 wires after DRC fixing.
Wire DRC checking runtime 0.00 seconds.
Creating via shapes for strategies M6_PG_Strategy .
Number of threads: 12
Working on strategy M6_PG_Strategy.
Number of detected intersections: 0
Total runtime of via shapes creation: 0 seconds
Runtime of via DRC checking for strategy M6_PG_Strategy: 0.00 seconds.
Removing dangling/floating wire/vias after DRC check.
Start iteration 1:
Checking potential dangling/floating power plan wires.
Finish removing all dangling or floating wires and vias.
Commiting wires and vias.
Committing wires takes 0.00 seconds.
Committing vias takes 0.00 seconds.
Committed 48 wires.
Committed 0 vias.
Committed 0 wires for via creation.
Created 32 pins at design boundary.
Overall PG creation runtime: 0 seconds.
Successfully compiled PG.
Overall runtime: 0 seconds.
#### Create M7 Vertical PG Straps
create_pg_mesh_pattern M7_PG \
	-layers { {vertical_layer: M7}   {width: 0.2} {spacing: interleaving} {pitch: 4} {offset: 0.5} } 
Successfully create mesh pattern M7_PG.
set_pg_strategy M7_PG_Strategy \
	-core \
	-pattern   { {name: M7_PG} {nets:{VSS VDD}} } \
	-extension { {stop: design_boundary_and_generate_pin} }
Successfully set PG strategy M7_PG_Strategy.
compile_pg -strategies {M7_PG_Strategy} -via_rule NO_PG_VIAS
Sanity check for inputs.
Automatic PG net connection through connect_pg_net is disabled.
Updating PG strategies.
Updating strategy M7_PG_Strategy.
Loading library and design information.
Number of Standard Cells: 0
Number of Hard Macros: 0
Number of Pads: 0
Creating straps and vias in power plan.
Creating wire shapes for strategies M7_PG_Strategy .
Creating wire shapes runtime: 0 seconds
Blockage cutting and DRC fixing for wire shapes for strategies M7_PG_Strategy .
Check and fix DRC for 26 wires for strategy M7_PG_Strategy.
Number of threads: 12
Number of partitions: 3
Direction of partitions: vertical
Number of wires: 26
Checking DRC for 26 wires:15% 20% 35% 45% 50% 60% 65% 75% 80% 90% 100%
Creating 26 wires after DRC fixing.
Wire DRC checking runtime 0.00 seconds.
Creating via shapes for strategies M7_PG_Strategy .
Number of threads: 12
Working on strategy M7_PG_Strategy.
Number of detected intersections: 0
Total runtime of via shapes creation: 0 seconds
Runtime of via DRC checking for strategy M7_PG_Strategy: 0.00 seconds.
Removing dangling/floating wire/vias after DRC check.
Start iteration 1:
Checking potential dangling/floating power plan wires.
Finish removing all dangling or floating wires and vias.
Commiting wires and vias.
Committing wires takes 0.00 seconds.
Committing vias takes 0.00 seconds.
Committed 78 wires.
Committed 0 vias.
Committed 0 wires for via creation.
Created 52 pins at design boundary.
Overall PG creation runtime: 0 seconds.
Successfully compiled PG.
Overall runtime: 0 seconds.
#### Create PG Rings
create_pg_ring_pattern \
                 PG_Ring \
                 -horizontal_layer M6  -vertical_layer M7 \
                 -horizontal_width 1 -vertical_width 1 \
                 -horizontal_spacing 1 -vertical_spacing 1
Successfully create PG ring pattern PG_Ring.
set_pg_strategy PG_Ring_Strategy -core -pattern {{ name: PG_Ring} { nets: "VDD VSS" } {offset: 0.5}}
Successfully set PG strategy PG_Ring_Strategy.
compile_pg -strategies PG_Ring_Strategy -via_rule NO_PG_VIAS
Sanity check for inputs.
Automatic PG net connection through connect_pg_net is disabled.
Updating PG strategies.
Updating strategy PG_Ring_Strategy.
Loading library and design information.
Number of Standard Cells: 0
Number of Hard Macros: 0
Number of Pads: 0
Creating rings.
Removing dangling/floating wire/vias after DRC check.
Start iteration 1:
Checking potential dangling/floating power plan wires.
Checking dangling/floating vias inside strategy PG_Ring_Strategy.
Checking 8 stacked vias:0% 10% 20% 30% 50% 60% 70% 80% 100%
Finish removing all dangling or floating wires and vias.
Commiting wires and vias.
Committing wires takes 0.00 seconds.
Committing vias takes 0.00 seconds.
Committed 8 wires.
Committed 8 vias.
Committed 0 wires for via creation.
Overall PG creation runtime: 0 seconds.
Successfully compiled PG.
Overall runtime: 0 seconds.
#### Create PG VIAs
create_pg_vias -from_layers M5 -to_layers M1 -via_masters default -nets {VDD VSS}
Query intersections and create vias.
Object query runtime: 0 seconds.
Determining intersections for 81 shapes starts
Intersection detection runtime: 0 seconds.
Instantiating vias for 689 intersections starts
Via instantiation runtime: 0 seconds.
Starting via DRC checking ...
Number of threads: 12
Number of partitions: 5
Direction of partitions: horizontal
Number of vias: 689
Checking DRC for 689 stacked vias:5% 10% 15% 20% 25% 30% 35% 40% 45% 50% 55% 60% 65% 70% 75% 80% 85% 90% 100%
Overall via DRC checking runtime: 1 seconds.
Checking dangling/floating vias.
Start iteration 1: Checking 689 stacked vias:0% 10% 20% 30% 40% 50% 60% 70% 80% 90% 100%
Committed 2756 vias.
Committing vias takes 0.00 seconds.
Overall runtime: 1 seconds.
Successfully created PG Vias.
create_pg_vias -from_layers M6 -to_layers M5 -via_masters default -nets {VDD VSS}
Query intersections and create vias.
Object query runtime: 0 seconds.
Determining intersections for 46 shapes starts
Intersection detection runtime: 0 seconds.
Instantiating vias for 208 intersections starts
Via instantiation runtime: 0 seconds.
Starting via DRC checking ...
Number of threads: 12
Number of partitions: 2
Direction of partitions: horizontal
Number of vias: 208
Checking DRC for 208 stacked vias:5% 10% 15% 20% 25% 30% 35% 40% 45% 50% 55% 60% 65% 70% 75% 80% 85% 90% 95% 100%
Overall via DRC checking runtime: 0 seconds.
Checking dangling/floating vias.
Start iteration 1: Checking 208 stacked vias:0% 10% 20% 30% 40% 50% 60% 70% 80% 90% 100%
Committed 208 vias.
Committing vias takes 0.00 seconds.
Overall runtime: 0 seconds.
Successfully created PG Vias.
create_pg_vias -from_layers M7 -to_layers M6 -via_masters default -nets {VDD VSS}
Query intersections and create vias.
Object query runtime: 0 seconds.
Determining intersections for 50 shapes starts
Intersection detection runtime: 0 seconds.
Instantiating vias for 292 intersections starts
Via instantiation runtime: 0 seconds.
Starting via DRC checking ...
Number of threads: 12
Number of partitions: 3
Direction of partitions: vertical
Number of vias: 52
Checking DRC for 52 stacked vias:5% 10% 15% 25% 30% 35% 40% 45% 50% 55% 60% 65% 70% 75% 80% 85% 90% 95% 100%
Number of threads: 12
Number of partitions: 2
Direction of partitions: horizontal
Number of vias: 240
Checking DRC for 240 stacked vias:5% 10% 15% 20% 25% 30% 35% 40% 45% 50% 55% 60% 65% 70% 75% 80% 85% 90% 95% 100%
208 regular vias are not fixed
Overall via DRC checking runtime: 0 seconds.
Checking dangling/floating vias.
Start iteration 1: Checking 84 stacked vias:0% 10% 20% 30% 40% 50% 60% 70% 80% 90% 100%
Committed 84 vias.
Committing vias takes 0.00 seconds.
Overall runtime: 0 seconds.
Successfully created PG Vias.
#### Connect PG nets
connect_pg_net -net VDD [get_pins -hierarchical  */VDD]
connect_pg_net -net VSS [get_pins -hierarchical  */VSS]
#### Check created PG structure
check_pg_connectivity
Information: The command 'check_pg_connectivity' cleared the undo history. (UNDO-016)
Checking secondary net through power switch is enabled. 
Secondary net will be checked together from primary net. They will be treated as the same net
Primary Net : VDD    Secondary Net:
Primary Net : VSS    Secondary Net:
Loading cell instances...
Number of Standard Cells: 2079
Number of Macro Cells: 0
Number of IO Pad Cells: 0
Number of Blocks: 0
Loading P/G wires and vias...
Number of VDD Wires: 1118
Number of VDD Vias: 1554
Number of VDD Terminals: 43
**************Verify net VDD connectivity*****************
  Number of floating wires: 0
  Number of floating vias: 0
  Number of floating std cells: 0
  Number of floating hard macros: 0
  Number of floating I/O pads: 0
  Number of floating terminals: 1
  Number of floating hierarchical blocks: 0
************************************************************
Loading cell instances...
Loading P/G wires and vias...
Number of VSS Wires: 1078
Number of VSS Vias: 1502
Number of VSS Terminals: 43
**************Verify net VSS connectivity*****************
  Number of floating wires: 0
  Number of floating vias: 0
  Number of floating std cells: 0
  Number of floating hard macros: 0
  Number of floating I/O pads: 0
  Number of floating terminals: 1
  Number of floating hierarchical blocks: 0
************************************************************
Overall runtime: 0 seconds.
check_pg_drc
Command check_pg_drc started  at Wed Jun  4 15:47:25 2025
Command check_pg_drc finished at Wed Jun  4 15:47:25 2025
CPU usage for check_pg_drc: 0.17 seconds ( 0.00 hours)
Elapsed time for check_pg_drc: 0.02 seconds ( 0.00 hours)
No errors found.
make_layout_screenshot final
Load ICV ICCII menu file: /eda/synopsys/2023-24/RHELx86/ICV_2023.12/etc/tcl-u/Icc2Menu.tcl
 + VUE INFO: Found a usable port: 2446

To restart the GUI, type 'gui_start'.
compile_fusion -to logic_opto
Information: 1065 out of 1075 POW-046 messages were not printed due to limit 10 (after 'compile_fusion' at task4.tcl:173) (MSG-3913)
Information: Timer using 12 threads
INFO: compile_fusion is running in balanced flow mode.
Information: Starting 'compile_fusion -to logic_opto' (FLW-8000)
Information: Time: 2025-06-04 15:47:27 / Session:  00:04:04 / Command:  00:00:00 / CPU:  00:00:00 / Memory: 1711 MB (FLW-8100)
Information: CPU Load: 24%, Ram Free: 44 GB, Swap Free: 1 GB, Work Disk Free: 308 GB, Tmp Disk Free: 308 GB (MSG-3995)
CPU Load: 24%, Ram Free: 44 GB, Swap Free: 1 GB, Work Disk Free: 308 GB, Tmp Disk Free: 308 GB
INFO: Start environment monitoring: recipes
INFO: compile_fusion is running in balanced flow mode.
Warning: Cannot infer functionality of libcell 'saed14rvt_ff0p88v125c/SAEDRVT14_FDNRBSBQ_V2_0P5' and will be excluded from sequential mapping. (SQM-1061)
Warning: Cannot infer functionality of libcell 'saed14rvt_ff0p88v125c/SAEDRVT14_FDNRBSBQ_V2_1' and will be excluded from sequential mapping. (SQM-1061)
Warning: Cannot infer functionality of libcell 'saed14rvt_ff0p88v125c/SAEDRVT14_FDNRBSBQ_V2_2' and will be excluded from sequential mapping. (SQM-1061)
Warning: Cannot infer functionality of libcell 'saed14rvt_ff0p88v125c/SAEDRVT14_FDNRBSBQ_V2_4' and will be excluded from sequential mapping. (SQM-1061)
Warning: Cannot infer functionality of libcell 'saed14rvt_ff0p88v125c/SAEDRVT14_FDPRBSBQ_V2_0P5' and will be excluded from sequential mapping. (SQM-1061)
Warning: Cannot infer functionality of libcell 'saed14rvt_ff0p88v125c/SAEDRVT14_FDPRBSBQ_V2_1' and will be excluded from sequential mapping. (SQM-1061)
Warning: Cannot infer functionality of libcell 'saed14rvt_ff0p88v125c/SAEDRVT14_FDPRBSBQ_V2_2' and will be excluded from sequential mapping. (SQM-1061)
Warning: Cannot infer functionality of libcell 'saed14rvt_ff0p88v125c/SAEDRVT14_FDPRBSBQ_V2_4' and will be excluded from sequential mapping. (SQM-1061)
Warning: Cannot infer functionality of libcell 'saed14rvt_ff0p88v125c/SAEDRVT14_FSDPRBSBQ_V2LP_0P5' and will be excluded from sequential mapping. (SQM-1061)
Warning: Cannot infer functionality of libcell 'saed14rvt_ff0p88v125c/SAEDRVT14_FSDPRBSBQ_V2LP_2' and will be excluded from sequential mapping. (SQM-1061)
Warning: Skipping check for single_bit_degenerate attribute on the multibit libcell 'saed14rvt_ff0p88v125c/SAEDRVT14_FSDN2_V2_0P5' since it is not a black-box. (SQM-1079)
Information: No single-bit representative was found for multibit lib cell 'saed14rvt_ff0p88v125c/SAEDRVT14_FSDN2_V2_0P5'. (SQM-2004)
Warning: Skipping check for single_bit_degenerate attribute on the multibit libcell 'saed14rvt_ff0p88v125c/SAEDRVT14_FSDN2_V2_1' since it is not a black-box. (SQM-1079)
Information: No single-bit representative was found for multibit lib cell 'saed14rvt_ff0p88v125c/SAEDRVT14_FSDN2_V2_1'. (SQM-2004)
Warning: Skipping check for single_bit_degenerate attribute on the multibit libcell 'saed14rvt_ff0p88v125c/SAEDRVT14_FSDN2_V2_2' since it is not a black-box. (SQM-1079)
Information: No single-bit representative was found for multibit lib cell 'saed14rvt_ff0p88v125c/SAEDRVT14_FSDN2_V2_2'. (SQM-2004)
Warning: Skipping check for single_bit_degenerate attribute on the multibit libcell 'saed14rvt_ff0p88v125c/SAEDRVT14_FSDN2_V2_4' since it is not a black-box. (SQM-1079)
Information: No single-bit representative was found for multibit lib cell 'saed14rvt_ff0p88v125c/SAEDRVT14_FSDN2_V2_4'. (SQM-2004)
Warning: Skipping check for single_bit_degenerate attribute on the multibit libcell 'saed14rvt_ff0p88v125c/SAEDRVT14_FSDN4_V2_0P5' since it is not a black-box. (SQM-1079)
Information: No single-bit representative was found for multibit lib cell 'saed14rvt_ff0p88v125c/SAEDRVT14_FSDN4_V2_0P5'. (SQM-2004)
Information: No single-bit representative was found for multibit lib cell 'saed14rvt_ff0p88v125c/SAEDRVT14_FSDN4_V2_1'. (SQM-2004)
Information: No single-bit representative was found for multibit lib cell 'saed14rvt_ff0p88v125c/SAEDRVT14_FSDN4_V2_2'. (SQM-2004)
Information: No single-bit representative was found for multibit lib cell 'saed14rvt_ff0p88v125c/SAEDRVT14_FSDN4_V2_4'. (SQM-2004)
Warning: Found 8 multibit sequential library cells that have missing/added attributes or have restrictions that prevent them from banking. (SQM-1053)
0 sequential multibit library cells have restrictions (dont_use or dont_touch).
8 sequential multibit library cells have missing sequential mapping relevant attributes
Information: 6 out of 16 SQM-1061 messages were not printed due to limit 10 (after 'compile_fusion' at task4.tcl:173) (MSG-3913)
Information: 3 out of 8 SQM-1079 messages were not printed due to limit 5 (after 'compile_fusion' at task4.tcl:173) (MSG-3913)
Information: The automatic clock gate timing flow is activated. Clock latencies set on clock gate cells will be automatically adjusted by an estimate for latency. (CGT-4005)
----------------------------------------------------------------------------------------------------------
Information: Starting compile_fusion / initial_map (FLW-8000)
Information: Time: 2025-06-04 15:47:28 / Session:  00:04:05 / Command:  00:00:01 / CPU:  00:00:01 / Memory: 1711 MB (FLW-8100)
Information: CPU Load: 24%, Ram Free: 44 GB, Swap Free: 1 GB, Work Disk Free: 308 GB, Tmp Disk Free: 308 GB (MSG-3995)
----------------------------------------------------------------------------------------------------------
Information: Starting compile_fusion / initial_map / Load Design (FLW-8000)
Information: Time: 2025-06-04 15:47:28 / Session:  00:04:05 / Command:  00:00:01 / CPU:  00:00:01 / Memory: 1711 MB (FLW-8100)
Information: CPU Load: 24%, Ram Free: 44 GB, Swap Free: 1 GB, Work Disk Free: 308 GB, Tmp Disk Free: 308 GB (MSG-3995)
Warning: Cannot infer functionality of libcell 'saed14rvt_ff0p88v125c/SAEDRVT14_FDNRBSBQ_V2_0P5' and will be excluded from sequential mapping. (SQM-1061)
Warning: Cannot infer functionality of libcell 'saed14rvt_ff0p88v125c/SAEDRVT14_FDNRBSBQ_V2_1' and will be excluded from sequential mapping. (SQM-1061)
Warning: Cannot infer functionality of libcell 'saed14rvt_ff0p88v125c/SAEDRVT14_FDNRBSBQ_V2_2' and will be excluded from sequential mapping. (SQM-1061)
Warning: Cannot infer functionality of libcell 'saed14rvt_ff0p88v125c/SAEDRVT14_FDNRBSBQ_V2_4' and will be excluded from sequential mapping. (SQM-1061)
Warning: Cannot infer functionality of libcell 'saed14rvt_ff0p88v125c/SAEDRVT14_FDPRBSBQ_V2_0P5' and will be excluded from sequential mapping. (SQM-1061)
Warning: Cannot infer functionality of libcell 'saed14rvt_ff0p88v125c/SAEDRVT14_FDPRBSBQ_V2_1' and will be excluded from sequential mapping. (SQM-1061)
Warning: Cannot infer functionality of libcell 'saed14rvt_ff0p88v125c/SAEDRVT14_FDPRBSBQ_V2_2' and will be excluded from sequential mapping. (SQM-1061)
Warning: Cannot infer functionality of libcell 'saed14rvt_ff0p88v125c/SAEDRVT14_FDPRBSBQ_V2_4' and will be excluded from sequential mapping. (SQM-1061)
Warning: Cannot infer functionality of libcell 'saed14rvt_ff0p88v125c/SAEDRVT14_FSDPRBSBQ_V2LP_0P5' and will be excluded from sequential mapping. (SQM-1061)
Warning: Cannot infer functionality of libcell 'saed14rvt_ff0p88v125c/SAEDRVT14_FSDPRBSBQ_V2LP_2' and will be excluded from sequential mapping. (SQM-1061)
Warning: Skipping check for single_bit_degenerate attribute on the multibit libcell 'saed14rvt_ff0p88v125c/SAEDRVT14_FSDN2_V2_0P5' since it is not a black-box. (SQM-1079)
Information: No single-bit representative was found for multibit lib cell 'saed14rvt_ff0p88v125c/SAEDRVT14_FSDN2_V2_0P5'. (SQM-2004)
Warning: Skipping check for single_bit_degenerate attribute on the multibit libcell 'saed14rvt_ff0p88v125c/SAEDRVT14_FSDN2_V2_1' since it is not a black-box. (SQM-1079)
Information: No single-bit representative was found for multibit lib cell 'saed14rvt_ff0p88v125c/SAEDRVT14_FSDN2_V2_1'. (SQM-2004)
Warning: Skipping check for single_bit_degenerate attribute on the multibit libcell 'saed14rvt_ff0p88v125c/SAEDRVT14_FSDN2_V2_2' since it is not a black-box. (SQM-1079)
Information: No single-bit representative was found for multibit lib cell 'saed14rvt_ff0p88v125c/SAEDRVT14_FSDN2_V2_2'. (SQM-2004)
Warning: Skipping check for single_bit_degenerate attribute on the multibit libcell 'saed14rvt_ff0p88v125c/SAEDRVT14_FSDN2_V2_4' since it is not a black-box. (SQM-1079)
Information: No single-bit representative was found for multibit lib cell 'saed14rvt_ff0p88v125c/SAEDRVT14_FSDN2_V2_4'. (SQM-2004)
Warning: Skipping check for single_bit_degenerate attribute on the multibit libcell 'saed14rvt_ff0p88v125c/SAEDRVT14_FSDN4_V2_0P5' since it is not a black-box. (SQM-1079)
Information: No single-bit representative was found for multibit lib cell 'saed14rvt_ff0p88v125c/SAEDRVT14_FSDN4_V2_0P5'. (SQM-2004)
Information: No single-bit representative was found for multibit lib cell 'saed14rvt_ff0p88v125c/SAEDRVT14_FSDN4_V2_1'. (SQM-2004)
Information: No single-bit representative was found for multibit lib cell 'saed14rvt_ff0p88v125c/SAEDRVT14_FSDN4_V2_2'. (SQM-2004)
Information: No single-bit representative was found for multibit lib cell 'saed14rvt_ff0p88v125c/SAEDRVT14_FSDN4_V2_4'. (SQM-2004)
Warning: Found 8 multibit sequential library cells that have missing/added attributes or have restrictions that prevent them from banking. (SQM-1053)
0 sequential multibit library cells have restrictions (dont_use or dont_touch).
8 sequential multibit library cells have missing sequential mapping relevant attributes
Information: 6 out of 16 SQM-1061 messages were not printed due to limit 10 (after 'compile_fusion' at task4.tcl:173) (MSG-3913)
Information: 3 out of 8 SQM-1079 messages were not printed due to limit 5 (after 'compile_fusion' at task4.tcl:173) (MSG-3913)
Information: Ending   compile_fusion / initial_map / Load Design (FLW-8001)
Information: Time: 2025-06-04 15:47:29 / Session:  00:04:06 / Command:  00:00:02 / CPU:  00:00:02 / Memory: 1711 MB (FLW-8100)
Information: CPU Load: 24%, Ram Free: 44 GB, Swap Free: 1 GB, Work Disk Free: 308 GB, Tmp Disk Free: 308 GB (MSG-3995)
Information: Starting compile_fusion / initial_map / MV Cell Insertion (FLW-8000)
Information: Time: 2025-06-04 15:47:29 / Session:  00:04:06 / Command:  00:00:02 / CPU:  00:00:02 / Memory: 1711 MB (FLW-8100)
Information: CPU Load: 24%, Ram Free: 44 GB, Swap Free: 1 GB, Work Disk Free: 308 GB, Tmp Disk Free: 308 GB (MSG-3995)
Information: Ending   compile_fusion / initial_map / MV Cell Insertion (FLW-8001)
Information: Time: 2025-06-04 15:47:29 / Session:  00:04:06 / Command:  00:00:02 / CPU:  00:00:02 / Memory: 1711 MB (FLW-8100)
Information: CPU Load: 24%, Ram Free: 44 GB, Swap Free: 1 GB, Work Disk Free: 308 GB, Tmp Disk Free: 308 GB (MSG-3995)
Information: Starting compile_fusion / initial_map / Logic Simplification (1) (FLW-8000)
Information: Time: 2025-06-04 15:47:29 / Session:  00:04:06 / Command:  00:00:02 / CPU:  00:00:02 / Memory: 1711 MB (FLW-8100)
Information: CPU Load: 24%, Ram Free: 44 GB, Swap Free: 1 GB, Work Disk Free: 308 GB, Tmp Disk Free: 308 GB (MSG-3995)
Information: The hierarchy math_wrapper_INST/dut_multiplier_18x18_comb_inst/mult_a0b0 is ungrouped due to auto_ungrouping. (UNG-1001)
Information: The hierarchy math_wrapper_INST/dut_multiplier_18x18_comb_inst/mult_a0b1 is ungrouped due to auto_ungrouping. (UNG-1001)
Information: The hierarchy math_wrapper_INST/dut_multiplier_18x18_comb_inst/mult_a1b0 is ungrouped due to auto_ungrouping. (UNG-1001)
Information: The hierarchy math_wrapper_INST/dut_multiplier_18x18_comb_inst/mult_a1b1 is ungrouped due to auto_ungrouping. (UNG-1001)
Information: The hierarchy math_wrapper_INST/dut_multiplier_18x18_comb_inst is ungrouped due to auto_ungrouping. (UNG-1001)
Information: The hierarchy dut_output_control_INST is ungrouped due to auto_ungrouping. (UNG-1001)
Information: The hierarchy dut_processing_control_INST is ungrouped due to auto_ungrouping. (UNG-1001)
Information: The hierarchy dut_input_channel_control_0_INST is ungrouped due to auto_ungrouping. (UNG-1001)
Information: The hierarchy dut_input_channel_control_1_INST is ungrouped due to auto_ungrouping. (UNG-1001)
Information: The hierarchy dut_input_channel_control_2_INST is ungrouped due to auto_ungrouping. (UNG-1001)
Information: 13 of 13 hierarchies are ungrouped. Use report_ungroup for a list. (UNG-1003)
Information: Result of compile_fusion / initial_map / Auto Ungroup (FLW-8500)
Information: Ungroup Summary Report (UNG-1007)
-------------------------------------------------------------------
Hierarchy                                                 Count
-------------------------------------------------------------------
Auto ungrouped hierarchies                                  13
-------------------------------------------------------------------
Information: 3 out of 13 UNG-1001 messages were not printed due to limit 10 (after 'compile_fusion' at task4.tcl:173) (MSG-3913)
Information: Starting compile_fusion / initial_map / Logic Simplification (1) / Constant and Equal Register Detection (FLW-8000)
Information: Time: 2025-06-04 15:47:29 / Session:  00:04:06 / Command:  00:00:02 / CPU:  00:00:02 / Memory: 1711 MB (FLW-8100)
Information: CPU Load: 24%, Ram Free: 44 GB, Swap Free: 1 GB, Work Disk Free: 308 GB, Tmp Disk Free: 308 GB (MSG-3995)
Warning: Cannot infer functionality of libcell 'saed14rvt_ff0p88v125c/SAEDRVT14_FDNRBSBQ_V2_0P5' and will be excluded from sequential mapping. (SQM-1061)
Warning: Cannot infer functionality of libcell 'saed14rvt_ff0p88v125c/SAEDRVT14_FDNRBSBQ_V2_1' and will be excluded from sequential mapping. (SQM-1061)
Warning: Cannot infer functionality of libcell 'saed14rvt_ff0p88v125c/SAEDRVT14_FDNRBSBQ_V2_2' and will be excluded from sequential mapping. (SQM-1061)
Warning: Cannot infer functionality of libcell 'saed14rvt_ff0p88v125c/SAEDRVT14_FDNRBSBQ_V2_4' and will be excluded from sequential mapping. (SQM-1061)
Warning: Cannot infer functionality of libcell 'saed14rvt_ff0p88v125c/SAEDRVT14_FDPRBSBQ_V2_0P5' and will be excluded from sequential mapping. (SQM-1061)
Warning: Cannot infer functionality of libcell 'saed14rvt_ff0p88v125c/SAEDRVT14_FDPRBSBQ_V2_1' and will be excluded from sequential mapping. (SQM-1061)
Warning: Cannot infer functionality of libcell 'saed14rvt_ff0p88v125c/SAEDRVT14_FDPRBSBQ_V2_2' and will be excluded from sequential mapping. (SQM-1061)
Warning: Cannot infer functionality of libcell 'saed14rvt_ff0p88v125c/SAEDRVT14_FDPRBSBQ_V2_4' and will be excluded from sequential mapping. (SQM-1061)
Warning: Cannot infer functionality of libcell 'saed14rvt_ff0p88v125c/SAEDRVT14_FSDPRBSBQ_V2LP_0P5' and will be excluded from sequential mapping. (SQM-1061)
Warning: Cannot infer functionality of libcell 'saed14rvt_ff0p88v125c/SAEDRVT14_FSDPRBSBQ_V2LP_2' and will be excluded from sequential mapping. (SQM-1061)
Warning: Skipping check for single_bit_degenerate attribute on the multibit libcell 'saed14rvt_ff0p88v125c/SAEDRVT14_FSDN2_V2_0P5' since it is not a black-box. (SQM-1079)
Information: No single-bit representative was found for multibit lib cell 'saed14rvt_ff0p88v125c/SAEDRVT14_FSDN2_V2_0P5'. (SQM-2004)
Warning: Skipping check for single_bit_degenerate attribute on the multibit libcell 'saed14rvt_ff0p88v125c/SAEDRVT14_FSDN2_V2_1' since it is not a black-box. (SQM-1079)
Information: No single-bit representative was found for multibit lib cell 'saed14rvt_ff0p88v125c/SAEDRVT14_FSDN2_V2_1'. (SQM-2004)
Warning: Skipping check for single_bit_degenerate attribute on the multibit libcell 'saed14rvt_ff0p88v125c/SAEDRVT14_FSDN2_V2_2' since it is not a black-box. (SQM-1079)
Information: No single-bit representative was found for multibit lib cell 'saed14rvt_ff0p88v125c/SAEDRVT14_FSDN2_V2_2'. (SQM-2004)
Warning: Skipping check for single_bit_degenerate attribute on the multibit libcell 'saed14rvt_ff0p88v125c/SAEDRVT14_FSDN2_V2_4' since it is not a black-box. (SQM-1079)
Information: No single-bit representative was found for multibit lib cell 'saed14rvt_ff0p88v125c/SAEDRVT14_FSDN2_V2_4'. (SQM-2004)
Warning: Skipping check for single_bit_degenerate attribute on the multibit libcell 'saed14rvt_ff0p88v125c/SAEDRVT14_FSDN4_V2_0P5' since it is not a black-box. (SQM-1079)
Information: No single-bit representative was found for multibit lib cell 'saed14rvt_ff0p88v125c/SAEDRVT14_FSDN4_V2_0P5'. (SQM-2004)
Information: No single-bit representative was found for multibit lib cell 'saed14rvt_ff0p88v125c/SAEDRVT14_FSDN4_V2_1'. (SQM-2004)
Information: No single-bit representative was found for multibit lib cell 'saed14rvt_ff0p88v125c/SAEDRVT14_FSDN4_V2_2'. (SQM-2004)
Information: No single-bit representative was found for multibit lib cell 'saed14rvt_ff0p88v125c/SAEDRVT14_FSDN4_V2_4'. (SQM-2004)
Warning: Found 8 multibit sequential library cells that have missing/added attributes or have restrictions that prevent them from banking. (SQM-1053)
0 sequential multibit library cells have restrictions (dont_use or dont_touch).
8 sequential multibit library cells have missing sequential mapping relevant attributes
Information: Register Bits Before Sharing = 328, After Sharing = 328, Savings = 0 (SQM-2000)
Information: 6 out of 16 SQM-1061 messages were not printed due to limit 10 (after 'compile_fusion' at task4.tcl:173) (MSG-3913)
Information: 3 out of 8 SQM-1079 messages were not printed due to limit 5 (after 'compile_fusion' at task4.tcl:173) (MSG-3913)
Information: Ending   compile_fusion / initial_map / Logic Simplification (1) / Constant and Equal Register Detection (FLW-8001)
Information: Time: 2025-06-04 15:47:32 / Session:  00:04:09 / Command:  00:00:04 / CPU:  00:00:05 / Memory: 1711 MB (FLW-8100)
Information: CPU Load: 23%, Ram Free: 44 GB, Swap Free: 1 GB, Work Disk Free: 308 GB, Tmp Disk Free: 308 GB (MSG-3995)
Information: Starting compile_fusion / initial_map / Logic Simplification (1) / Register Merging (FLW-8000)
Information: Time: 2025-06-04 15:47:32 / Session:  00:04:09 / Command:  00:00:04 / CPU:  00:00:05 / Memory: 1711 MB (FLW-8100)
Information: CPU Load: 23%, Ram Free: 44 GB, Swap Free: 1 GB, Work Disk Free: 308 GB, Tmp Disk Free: 308 GB (MSG-3995)
Information: Ending   compile_fusion / initial_map / Logic Simplification (1) / Register Merging (FLW-8001)
Information: Time: 2025-06-04 15:47:32 / Session:  00:04:09 / Command:  00:00:04 / CPU:  00:00:05 / Memory: 1711 MB (FLW-8100)
Information: CPU Load: 23%, Ram Free: 44 GB, Swap Free: 1 GB, Work Disk Free: 308 GB, Tmp Disk Free: 308 GB (MSG-3995)
Information: Starting compile_fusion / initial_map / Logic Simplification (1) / Constant Propagation and Register Optimization (FLW-8000)
Information: Time: 2025-06-04 15:47:32 / Session:  00:04:09 / Command:  00:00:04 / CPU:  00:00:05 / Memory: 1711 MB (FLW-8100)
Information: CPU Load: 23%, Ram Free: 44 GB, Swap Free: 1 GB, Work Disk Free: 308 GB, Tmp Disk Free: 308 GB (MSG-3995)
Information: Ending   compile_fusion / initial_map / Logic Simplification (1) / Constant Propagation and Register Optimization (FLW-8001)
Information: Time: 2025-06-04 15:47:32 / Session:  00:04:09 / Command:  00:00:05 / CPU:  00:00:05 / Memory: 1711 MB (FLW-8100)
Information: CPU Load: 23%, Ram Free: 44 GB, Swap Free: 1 GB, Work Disk Free: 308 GB, Tmp Disk Free: 308 GB (MSG-3995)
Information: Ending   compile_fusion / initial_map / Logic Simplification (1) (FLW-8001)
Information: Time: 2025-06-04 15:47:32 / Session:  00:04:09 / Command:  00:00:05 / CPU:  00:00:05 / Memory: 1711 MB (FLW-8100)
Information: CPU Load: 23%, Ram Free: 44 GB, Swap Free: 1 GB, Work Disk Free: 308 GB, Tmp Disk Free: 308 GB (MSG-3995)
Information: Starting compile_fusion / initial_map / High-Level Optimization and Technology Mapping (1) (FLW-8000)
Information: Time: 2025-06-04 15:47:33 / Session:  00:04:10 / Command:  00:00:05 / CPU:  00:00:06 / Memory: 1711 MB (FLW-8100)
Information: CPU Load: 23%, Ram Free: 44 GB, Swap Free: 1 GB, Work Disk Free: 308 GB, Tmp Disk Free: 308 GB (MSG-3995)
Information: Timer using 12 threads
Information: Ending   compile_fusion / initial_map / High-Level Optimization and Technology Mapping (1) (FLW-8001)
Information: Time: 2025-06-04 15:47:35 / Session:  00:04:12 / Command:  00:00:08 / CPU:  00:00:10 / Memory: 1711 MB (FLW-8100)
Information: CPU Load: 23%, Ram Free: 44 GB, Swap Free: 1 GB, Work Disk Free: 308 GB, Tmp Disk Free: 308 GB (MSG-3995)
Information: Starting compile_fusion / initial_map / High-Level Optimization and Technology Mapping (2) (FLW-8000)
Information: Time: 2025-06-04 15:47:35 / Session:  00:04:12 / Command:  00:00:08 / CPU:  00:00:10 / Memory: 1711 MB (FLW-8100)
Information: CPU Load: 23%, Ram Free: 44 GB, Swap Free: 1 GB, Work Disk Free: 308 GB, Tmp Disk Free: 308 GB (MSG-3995)
Information: Added key list 'DesignWare' to design 'dut_toplevel'. (DWS-0216)
Warning: No cell bus will be mapped to multibit because multibit mapping has been disabled by user. (SQM-1034)
Warning: Shift register Inferencing is enabled so only head flop will be replaced with scan cell and not all registers in shift register chains are scan replaced. (SQM-1074)
Information: Ending   compile_fusion / initial_map / High-Level Optimization and Technology Mapping (2) (FLW-8001)
Information: Time: 2025-06-04 15:47:36 / Session:  00:04:14 / Command:  00:00:09 / CPU:  00:00:13 / Memory: 1711 MB (FLW-8100)
Information: CPU Load: 23%, Ram Free: 44 GB, Swap Free: 1 GB, Work Disk Free: 308 GB, Tmp Disk Free: 308 GB (MSG-3995)
Information: Starting compile_fusion / initial_map / DFT Core Wrapper Analysis (FLW-8000)
Information: Time: 2025-06-04 15:47:36 / Session:  00:04:14 / Command:  00:00:09 / CPU:  00:00:13 / Memory: 1711 MB (FLW-8100)
Information: CPU Load: 23%, Ram Free: 44 GB, Swap Free: 1 GB, Work Disk Free: 308 GB, Tmp Disk Free: 308 GB (MSG-3995)
Information: Ending   compile_fusion / initial_map / DFT Core Wrapper Analysis (FLW-8001)
Information: Time: 2025-06-04 15:47:36 / Session:  00:04:14 / Command:  00:00:09 / CPU:  00:00:13 / Memory: 1711 MB (FLW-8100)
Information: CPU Load: 23%, Ram Free: 44 GB, Swap Free: 1 GB, Work Disk Free: 308 GB, Tmp Disk Free: 308 GB (MSG-3995)
Information: Starting compile_fusion / initial_map / Logic Simplification (2) (FLW-8000)
Information: Time: 2025-06-04 15:47:36 / Session:  00:04:14 / Command:  00:00:09 / CPU:  00:00:13 / Memory: 1711 MB (FLW-8100)
Information: CPU Load: 23%, Ram Free: 44 GB, Swap Free: 1 GB, Work Disk Free: 308 GB, Tmp Disk Free: 308 GB (MSG-3995)
Information: Register Bits Before Sharing = 328, After Sharing = 328, Savings = 0 (SQM-2000)
Information: Starting compile_fusion / initial_map / Logic Simplification (2) / Constant Propagation and Register Optimization (FLW-8000)
Information: Time: 2025-06-04 15:47:37 / Session:  00:04:14 / Command:  00:00:09 / CPU:  00:00:13 / Memory: 1711 MB (FLW-8100)
Information: CPU Load: 23%, Ram Free: 44 GB, Swap Free: 1 GB, Work Disk Free: 308 GB, Tmp Disk Free: 308 GB (MSG-3995)
Information: Ending   compile_fusion / initial_map / Logic Simplification (2) / Constant Propagation and Register Optimization (FLW-8001)
Information: Time: 2025-06-04 15:47:37 / Session:  00:04:14 / Command:  00:00:09 / CPU:  00:00:13 / Memory: 1711 MB (FLW-8100)
Information: CPU Load: 23%, Ram Free: 44 GB, Swap Free: 1 GB, Work Disk Free: 308 GB, Tmp Disk Free: 308 GB (MSG-3995)
Information: Ending   compile_fusion / initial_map / Logic Simplification (2) (FLW-8001)
Information: Time: 2025-06-04 15:47:37 / Session:  00:04:14 / Command:  00:00:09 / CPU:  00:00:13 / Memory: 1711 MB (FLW-8100)
Information: CPU Load: 23%, Ram Free: 44 GB, Swap Free: 1 GB, Work Disk Free: 308 GB, Tmp Disk Free: 308 GB (MSG-3995)
Information: Result of compile_fusion / initial_map / Clock Gate Insertion (FLW-8500)
--------------------------------------------------------------------------------
|                             Clock Gating Options                             |
--------------------------------------------------------------------------------
|         Objects         |    Minimum Bitwidth     |      Maximum Fanout      |
--------------------------+-------------------------+---------------------------
|   top-level (design)    |          3 (d)          |      Unlimited (d)       |
--------------------------------------------------------------------------------

Number of Pre-Existing Clock Gates with dont touch attribute: 0
Number of ICG library cells with CTS purpose: 19
--------------------------------------------------------------------------------
                          Tool Gated Register Summary                           
--------------------------------------------------------------------------------
Clock Gating Type                   | Number of   | Register Count | Equivalent 
                                    | Clock Gates |                | Bitwidth   
--------------------------------------------------------------------------------
Regular Clock Gating                |          11 |            319 |        319
--------------------------------------------------------------------------------
--------------------------------------------------------------------------------
                 Regular Clock Gating Ungated Register Summary                  
--------------------------------------------------------------------------------
 Ungated Reason                                            | Count | Bitwidth   
--------------------------------------------------------------------------------
 Enable is Constant One.                                   |     2 |        2
 Partial Minimum Bitwidth Not Met.                         |     7 |        7
--------------------------------------------------------------------------------
Compile-fusion optimization summary            SETUP-COST    R2R-COST HOLD-COST LDRC-COST          AREA     LEAKAGE     INSTCNT            ELAPSE       MEM
Compile-fusion                                          -           -         -         -        906.51           -        1211              0.07      1710
Information: Ending   compile_fusion / initial_map (FLW-8001)
Information: Time: 2025-06-04 15:47:37 / Session:  00:04:14 / Command:  00:00:09 / CPU:  00:00:13 / Memory: 1711 MB (FLW-8100)
Information: CPU Load: 23%, Ram Free: 44 GB, Swap Free: 1 GB, Work Disk Free: 308 GB, Tmp Disk Free: 308 GB (MSG-3995)

Information: >>>>>>> 5 unique error and warning message tags while observing compile_fusion / initial_map: (MSG-3100)
Information: #prnt #trgr #lmt    Tag  Level     Format (or last printed message)                                (MSG-3036)
Information:   300    16  5 SQM-1079  WARNING   Warning: Skipping check for single_bit_degenerate attribute ... (MSG-3032)
Information:     6     1  1 SQM-1074  WARNING   Warning: Shift register Inferencing is enabled so only head ... (MSG-3032)
Information:   600    32 10 SQM-1061  WARNING   Warning: Cannot infer functionality of libcell 'saed14rvt_ff... (MSG-3032)
Information:   150     2 10 SQM-1053  WARNING   Warning: Found 8 multibit sequential library cells that have... (MSG-3032)
Information:     6     1  1 SQM-1034  WARNING   Warning: No cell bus will be mapped to multibit because mult... (MSG-3032)
Information:  1062    52  5        5  <------   Total sum of messages (MSG-3038)
Information: >>>>>>> Summary: 52 error&warning MSGs observed during compile_fusion / initial_map (MSG-3103)

----------------------------------------------------------------------------------------------------------
Information: Starting compile_fusion / logic_opto (FLW-8000)
Information: Time: 2025-06-04 15:47:37 / Session:  00:04:14 / Command:  00:00:09 / CPU:  00:00:13 / Memory: 1711 MB (FLW-8100)
Information: CPU Load: 23%, Ram Free: 44 GB, Swap Free: 1 GB, Work Disk Free: 308 GB, Tmp Disk Free: 308 GB (MSG-3995)
----------------------------------------------------------------------------------------------------------
Information: Starting compile_fusion / logic_opto / Load Design (FLW-8000)
Information: Time: 2025-06-04 15:47:37 / Session:  00:04:14 / Command:  00:00:09 / CPU:  00:00:13 / Memory: 1711 MB (FLW-8100)
Information: CPU Load: 23%, Ram Free: 44 GB, Swap Free: 1 GB, Work Disk Free: 308 GB, Tmp Disk Free: 308 GB (MSG-3995)
Information: Change threshold for extractor is reset. (FLW-1300)
Information: The stitching and editing of coupling caps is turned OFF for design 'dut_toplevel.dlib:dut_toplevel/final_floorplan.design'. (TIM-125)
Information: Ending   compile_fusion / logic_opto / Load Design (FLW-8001)
Information: Time: 2025-06-04 15:47:38 / Session:  00:04:15 / Command:  00:00:10 / CPU:  00:00:16 / Memory: 1711 MB (FLW-8100)
Information: CPU Load: 23%, Ram Free: 44 GB, Swap Free: 1 GB, Work Disk Free: 308 GB, Tmp Disk Free: 308 GB (MSG-3995)
Information: Starting compile_fusion / logic_opto / Clock Gate Re-structuring (FLW-8000)
Information: Time: 2025-06-04 15:47:38 / Session:  00:04:15 / Command:  00:00:10 / CPU:  00:00:16 / Memory: 1711 MB (FLW-8100)
Information: CPU Load: 23%, Ram Free: 44 GB, Swap Free: 1 GB, Work Disk Free: 308 GB, Tmp Disk Free: 308 GB (MSG-3995)
Information: Result of compile_fusion / logic_opto / Clock Gate Re-structuring (FLW-8500)
Number of Pre-Existing Clock Gates with dont touch attribute: 0
Number of ICG library cells with CTS purpose: 19
--------------------------------------------------------------------------------
                          Tool Gated Register Summary                           
--------------------------------------------------------------------------------
Clock Gating Type                   | Number of   | Register Count | Equivalent 
                                    | Clock Gates |                | Bitwidth   
--------------------------------------------------------------------------------
Regular Clock Gating                |          11 |            319 |        319
--------------------------------------------------------------------------------
--------------------------------------------------------------------------------
                 Regular Clock Gating Ungated Register Summary                  
--------------------------------------------------------------------------------
 Ungated Reason                                            | Count | Bitwidth   
--------------------------------------------------------------------------------
 Enable is Constant One.                                   |     2 |        2
 Partial Minimum Bitwidth Not Met.                         |     7 |        7
--------------------------------------------------------------------------------
Information: Ending   compile_fusion / logic_opto / Clock Gate Re-structuring (FLW-8001)
Information: Time: 2025-06-04 15:47:38 / Session:  00:04:15 / Command:  00:00:10 / CPU:  00:00:16 / Memory: 1711 MB (FLW-8100)
Information: CPU Load: 23%, Ram Free: 44 GB, Swap Free: 1 GB, Work Disk Free: 308 GB, Tmp Disk Free: 308 GB (MSG-3995)
Warning: Duplicate callback function set for step 'fc/logic_opto/dwProcessPrecond1' (FLW-2224)
Warning: Duplicate callback function set for step 'fc/logic_opto/dwProcessPrecond1' (FLW-2224)
Information: Starting compile_fusion / logic_opto / Optimization (1) (FLW-8000)
Information: Time: 2025-06-04 15:47:38 / Session:  00:04:15 / Command:  00:00:10 / CPU:  00:00:16 / Memory: 1711 MB (FLW-8100)
Information: CPU Load: 23%, Ram Free: 44 GB, Swap Free: 1 GB, Work Disk Free: 308 GB, Tmp Disk Free: 308 GB (MSG-3995)
Information: The stitching and editing of coupling caps is turned OFF for design 'dut_toplevel.dlib:dut_toplevel/final_floorplan.design'. (TIM-125)
Information: Starting compile_fusion / logic_opto / Optimization (1) / Logic Simplification and Register Optimization (FLW-8000)
Information: Time: 2025-06-04 15:47:41 / Session:  00:04:18 / Command:  00:00:13 / CPU:  00:00:19 / Memory: 1711 MB (FLW-8100)
Information: CPU Load: 22%, Ram Free: 44 GB, Swap Free: 1 GB, Work Disk Free: 308 GB, Tmp Disk Free: 308 GB (MSG-3995)
Warning: Cannot infer functionality of libcell 'saed14rvt_ff0p88v125c/SAEDRVT14_FDNRBSBQ_V2_0P5' and will be excluded from sequential mapping. (SQM-1061)
Warning: Cannot infer functionality of libcell 'saed14rvt_ff0p88v125c/SAEDRVT14_FDNRBSBQ_V2_1' and will be excluded from sequential mapping. (SQM-1061)
Warning: Cannot infer functionality of libcell 'saed14rvt_ff0p88v125c/SAEDRVT14_FDNRBSBQ_V2_2' and will be excluded from sequential mapping. (SQM-1061)
Warning: Cannot infer functionality of libcell 'saed14rvt_ff0p88v125c/SAEDRVT14_FDNRBSBQ_V2_4' and will be excluded from sequential mapping. (SQM-1061)
Warning: Cannot infer functionality of libcell 'saed14rvt_ff0p88v125c/SAEDRVT14_FDPRBSBQ_V2_0P5' and will be excluded from sequential mapping. (SQM-1061)
Warning: Cannot infer functionality of libcell 'saed14rvt_ff0p88v125c/SAEDRVT14_FDPRBSBQ_V2_1' and will be excluded from sequential mapping. (SQM-1061)
Warning: Cannot infer functionality of libcell 'saed14rvt_ff0p88v125c/SAEDRVT14_FDPRBSBQ_V2_2' and will be excluded from sequential mapping. (SQM-1061)
Warning: Cannot infer functionality of libcell 'saed14rvt_ff0p88v125c/SAEDRVT14_FDPRBSBQ_V2_4' and will be excluded from sequential mapping. (SQM-1061)
Warning: Cannot infer functionality of libcell 'saed14rvt_ff0p88v125c/SAEDRVT14_FSDPRBSBQ_V2LP_0P5' and will be excluded from sequential mapping. (SQM-1061)
Warning: Cannot infer functionality of libcell 'saed14rvt_ff0p88v125c/SAEDRVT14_FSDPRBSBQ_V2LP_2' and will be excluded from sequential mapping. (SQM-1061)
Warning: Skipping check for single_bit_degenerate attribute on the multibit libcell 'saed14rvt_ff0p88v125c/SAEDRVT14_FSDN2_V2_0P5' since it is not a black-box. (SQM-1079)
Information: No single-bit representative was found for multibit lib cell 'saed14rvt_ff0p88v125c/SAEDRVT14_FSDN2_V2_0P5'. (SQM-2004)
Warning: Skipping check for single_bit_degenerate attribute on the multibit libcell 'saed14rvt_ff0p88v125c/SAEDRVT14_FSDN2_V2_1' since it is not a black-box. (SQM-1079)
Information: No single-bit representative was found for multibit lib cell 'saed14rvt_ff0p88v125c/SAEDRVT14_FSDN2_V2_1'. (SQM-2004)
Warning: Skipping check for single_bit_degenerate attribute on the multibit libcell 'saed14rvt_ff0p88v125c/SAEDRVT14_FSDN2_V2_2' since it is not a black-box. (SQM-1079)
Information: No single-bit representative was found for multibit lib cell 'saed14rvt_ff0p88v125c/SAEDRVT14_FSDN2_V2_2'. (SQM-2004)
Warning: Skipping check for single_bit_degenerate attribute on the multibit libcell 'saed14rvt_ff0p88v125c/SAEDRVT14_FSDN2_V2_4' since it is not a black-box. (SQM-1079)
Information: No single-bit representative was found for multibit lib cell 'saed14rvt_ff0p88v125c/SAEDRVT14_FSDN2_V2_4'. (SQM-2004)
Warning: Skipping check for single_bit_degenerate attribute on the multibit libcell 'saed14rvt_ff0p88v125c/SAEDRVT14_FSDN4_V2_0P5' since it is not a black-box. (SQM-1079)
Information: No single-bit representative was found for multibit lib cell 'saed14rvt_ff0p88v125c/SAEDRVT14_FSDN4_V2_0P5'. (SQM-2004)
Information: No single-bit representative was found for multibit lib cell 'saed14rvt_ff0p88v125c/SAEDRVT14_FSDN4_V2_1'. (SQM-2004)
Information: No single-bit representative was found for multibit lib cell 'saed14rvt_ff0p88v125c/SAEDRVT14_FSDN4_V2_2'. (SQM-2004)
Information: No single-bit representative was found for multibit lib cell 'saed14rvt_ff0p88v125c/SAEDRVT14_FSDN4_V2_4'. (SQM-2004)
Warning: Found 8 multibit sequential library cells that have missing/added attributes or have restrictions that prevent them from banking. (SQM-1053)
Information: 6 out of 16 SQM-1061 messages were not printed due to limit 10 (after 'compile_fusion' at task4.tcl:173) (MSG-3913)
Information: 3 out of 8 SQM-1079 messages were not printed due to limit 5 (after 'compile_fusion' at task4.tcl:173) (MSG-3913)
Information: Ending   compile_fusion / logic_opto / Optimization (1) / Logic Simplification and Register Optimization (FLW-8001)
Information: Time: 2025-06-04 15:47:41 / Session:  00:04:18 / Command:  00:00:13 / CPU:  00:00:20 / Memory: 1711 MB (FLW-8100)
Information: CPU Load: 22%, Ram Free: 44 GB, Swap Free: 1 GB, Work Disk Free: 308 GB, Tmp Disk Free: 308 GB (MSG-3995)
Warning: No clock routing rules were specified. Use set_clock_routing_rules to specify routing rules for accurate clock latency estimation. (OPT-902)
Warning: No clock routing rules were specified. Use set_clock_routing_rules to specify routing rules for accurate clock latency estimation. (OPT-902)
Information: Estimating clock gate latencies for scenario 'PowerSave_Slow'. (OPT-909)
Warning: No clock routing rules were specified. Use set_clock_routing_rules to specify routing rules for accurate clock latency estimation. (OPT-902)
Information: Estimating clock gate latencies for scenario 'Normal_Slow'. (OPT-909)
Warning: Cannot infer functionality of libcell 'saed14rvt_ff0p88v125c/SAEDRVT14_FDNRBSBQ_V2_0P5' and will be excluded from sequential mapping. (SQM-1061)
Warning: Cannot infer functionality of libcell 'saed14rvt_ff0p88v125c/SAEDRVT14_FDNRBSBQ_V2_1' and will be excluded from sequential mapping. (SQM-1061)
Warning: Cannot infer functionality of libcell 'saed14rvt_ff0p88v125c/SAEDRVT14_FDNRBSBQ_V2_2' and will be excluded from sequential mapping. (SQM-1061)
Warning: Cannot infer functionality of libcell 'saed14rvt_ff0p88v125c/SAEDRVT14_FDNRBSBQ_V2_4' and will be excluded from sequential mapping. (SQM-1061)
Warning: Cannot infer functionality of libcell 'saed14rvt_ff0p88v125c/SAEDRVT14_FDPRBSBQ_V2_0P5' and will be excluded from sequential mapping. (SQM-1061)
Warning: Cannot infer functionality of libcell 'saed14rvt_ff0p88v125c/SAEDRVT14_FDPRBSBQ_V2_1' and will be excluded from sequential mapping. (SQM-1061)
Warning: Cannot infer functionality of libcell 'saed14rvt_ff0p88v125c/SAEDRVT14_FDPRBSBQ_V2_2' and will be excluded from sequential mapping. (SQM-1061)
Warning: Cannot infer functionality of libcell 'saed14rvt_ff0p88v125c/SAEDRVT14_FDPRBSBQ_V2_4' and will be excluded from sequential mapping. (SQM-1061)
Warning: Cannot infer functionality of libcell 'saed14rvt_ff0p88v125c/SAEDRVT14_FSDPRBSBQ_V2LP_0P5' and will be excluded from sequential mapping. (SQM-1061)
Warning: Cannot infer functionality of libcell 'saed14rvt_ff0p88v125c/SAEDRVT14_FSDPRBSBQ_V2LP_2' and will be excluded from sequential mapping. (SQM-1061)
Warning: Skipping check for single_bit_degenerate attribute on the multibit libcell 'saed14rvt_ff0p88v125c/SAEDRVT14_FSDN2_V2_0P5' since it is not a black-box. (SQM-1079)
Information: No single-bit representative was found for multibit lib cell 'saed14rvt_ff0p88v125c/SAEDRVT14_FSDN2_V2_0P5'. (SQM-2004)
Warning: Skipping check for single_bit_degenerate attribute on the multibit libcell 'saed14rvt_ff0p88v125c/SAEDRVT14_FSDN2_V2_1' since it is not a black-box. (SQM-1079)
Information: No single-bit representative was found for multibit lib cell 'saed14rvt_ff0p88v125c/SAEDRVT14_FSDN2_V2_1'. (SQM-2004)
Warning: Skipping check for single_bit_degenerate attribute on the multibit libcell 'saed14rvt_ff0p88v125c/SAEDRVT14_FSDN2_V2_2' since it is not a black-box. (SQM-1079)
Information: No single-bit representative was found for multibit lib cell 'saed14rvt_ff0p88v125c/SAEDRVT14_FSDN2_V2_2'. (SQM-2004)
Warning: Skipping check for single_bit_degenerate attribute on the multibit libcell 'saed14rvt_ff0p88v125c/SAEDRVT14_FSDN2_V2_4' since it is not a black-box. (SQM-1079)
Information: No single-bit representative was found for multibit lib cell 'saed14rvt_ff0p88v125c/SAEDRVT14_FSDN2_V2_4'. (SQM-2004)
Warning: Skipping check for single_bit_degenerate attribute on the multibit libcell 'saed14rvt_ff0p88v125c/SAEDRVT14_FSDN4_V2_0P5' since it is not a black-box. (SQM-1079)
Information: No single-bit representative was found for multibit lib cell 'saed14rvt_ff0p88v125c/SAEDRVT14_FSDN4_V2_0P5'. (SQM-2004)
Information: No single-bit representative was found for multibit lib cell 'saed14rvt_ff0p88v125c/SAEDRVT14_FSDN4_V2_1'. (SQM-2004)
Information: No single-bit representative was found for multibit lib cell 'saed14rvt_ff0p88v125c/SAEDRVT14_FSDN4_V2_2'. (SQM-2004)
Information: No single-bit representative was found for multibit lib cell 'saed14rvt_ff0p88v125c/SAEDRVT14_FSDN4_V2_4'. (SQM-2004)
Warning: Found 8 multibit sequential library cells that have missing/added attributes or have restrictions that prevent them from banking. (SQM-1053)
Information: 6 out of 16 SQM-1061 messages were not printed due to limit 10 (after 'compile_fusion' at task4.tcl:173) (MSG-3913)
Information: 3 out of 8 SQM-1079 messages were not printed due to limit 5 (after 'compile_fusion' at task4.tcl:173) (MSG-3913)
Information: Starting compile_fusion / logic_opto / Optimization (1) / Timing Optimization and DesignWare Reselection (FLW-8000)
Information: Time: 2025-06-04 15:47:42 / Session:  00:04:19 / Command:  00:00:15 / CPU:  00:00:22 / Memory: 1711 MB (FLW-8100)
Information: CPU Load: 22%, Ram Free: 44 GB, Swap Free: 1 GB, Work Disk Free: 308 GB, Tmp Disk Free: 308 GB (MSG-3995)
Warning: Cannot infer functionality of libcell 'saed14rvt_ff0p88v125c/SAEDRVT14_FDNRBSBQ_V2_0P5' and will be excluded from sequential mapping. (SQM-1061)
Warning: Cannot infer functionality of libcell 'saed14rvt_ff0p88v125c/SAEDRVT14_FDNRBSBQ_V2_1' and will be excluded from sequential mapping. (SQM-1061)
Warning: Cannot infer functionality of libcell 'saed14rvt_ff0p88v125c/SAEDRVT14_FDNRBSBQ_V2_2' and will be excluded from sequential mapping. (SQM-1061)
Warning: Cannot infer functionality of libcell 'saed14rvt_ff0p88v125c/SAEDRVT14_FDNRBSBQ_V2_4' and will be excluded from sequential mapping. (SQM-1061)
Warning: Cannot infer functionality of libcell 'saed14rvt_ff0p88v125c/SAEDRVT14_FDPRBSBQ_V2_0P5' and will be excluded from sequential mapping. (SQM-1061)
Warning: Cannot infer functionality of libcell 'saed14rvt_ff0p88v125c/SAEDRVT14_FDPRBSBQ_V2_1' and will be excluded from sequential mapping. (SQM-1061)
Warning: Cannot infer functionality of libcell 'saed14rvt_ff0p88v125c/SAEDRVT14_FDPRBSBQ_V2_2' and will be excluded from sequential mapping. (SQM-1061)
Warning: Cannot infer functionality of libcell 'saed14rvt_ff0p88v125c/SAEDRVT14_FDPRBSBQ_V2_4' and will be excluded from sequential mapping. (SQM-1061)
Warning: Cannot infer functionality of libcell 'saed14rvt_ff0p88v125c/SAEDRVT14_FSDPRBSBQ_V2LP_0P5' and will be excluded from sequential mapping. (SQM-1061)
Warning: Cannot infer functionality of libcell 'saed14rvt_ff0p88v125c/SAEDRVT14_FSDPRBSBQ_V2LP_2' and will be excluded from sequential mapping. (SQM-1061)
Warning: Skipping check for single_bit_degenerate attribute on the multibit libcell 'saed14rvt_ff0p88v125c/SAEDRVT14_FSDN2_V2_0P5' since it is not a black-box. (SQM-1079)
Information: No single-bit representative was found for multibit lib cell 'saed14rvt_ff0p88v125c/SAEDRVT14_FSDN2_V2_0P5'. (SQM-2004)
Warning: Skipping check for single_bit_degenerate attribute on the multibit libcell 'saed14rvt_ff0p88v125c/SAEDRVT14_FSDN2_V2_1' since it is not a black-box. (SQM-1079)
Information: No single-bit representative was found for multibit lib cell 'saed14rvt_ff0p88v125c/SAEDRVT14_FSDN2_V2_1'. (SQM-2004)
Warning: Skipping check for single_bit_degenerate attribute on the multibit libcell 'saed14rvt_ff0p88v125c/SAEDRVT14_FSDN2_V2_2' since it is not a black-box. (SQM-1079)
Information: No single-bit representative was found for multibit lib cell 'saed14rvt_ff0p88v125c/SAEDRVT14_FSDN2_V2_2'. (SQM-2004)
Warning: Skipping check for single_bit_degenerate attribute on the multibit libcell 'saed14rvt_ff0p88v125c/SAEDRVT14_FSDN2_V2_4' since it is not a black-box. (SQM-1079)
Information: No single-bit representative was found for multibit lib cell 'saed14rvt_ff0p88v125c/SAEDRVT14_FSDN2_V2_4'. (SQM-2004)
Warning: Skipping check for single_bit_degenerate attribute on the multibit libcell 'saed14rvt_ff0p88v125c/SAEDRVT14_FSDN4_V2_0P5' since it is not a black-box. (SQM-1079)
Information: No single-bit representative was found for multibit lib cell 'saed14rvt_ff0p88v125c/SAEDRVT14_FSDN4_V2_0P5'. (SQM-2004)
Information: No single-bit representative was found for multibit lib cell 'saed14rvt_ff0p88v125c/SAEDRVT14_FSDN4_V2_1'. (SQM-2004)
Information: No single-bit representative was found for multibit lib cell 'saed14rvt_ff0p88v125c/SAEDRVT14_FSDN4_V2_2'. (SQM-2004)
Information: No single-bit representative was found for multibit lib cell 'saed14rvt_ff0p88v125c/SAEDRVT14_FSDN4_V2_4'. (SQM-2004)
Warning: Found 8 multibit sequential library cells that have missing/added attributes or have restrictions that prevent them from banking. (SQM-1053)
Information: No single-bit representative was found for multibit lib cell 'saed14rvt_ff0p88v125c/SAEDRVT14_FSDN2_V2_0P5'. (SQM-2004)
Information: No single-bit representative was found for multibit lib cell 'saed14rvt_ff0p88v125c/SAEDRVT14_FSDN2_V2_1'. (SQM-2004)
Warning: Found 8 multibit sequential library cells that have missing/added attributes or have restrictions that prevent them from banking. (SQM-1053)
Warning: Found 8 multibit sequential library cells that have missing/added attributes or have restrictions that prevent them from banking. (SQM-1053)
Warning: Found 8 multibit sequential library cells that have missing/added attributes or have restrictions that prevent them from banking. (SQM-1053)
Warning: Found 8 multibit sequential library cells that have missing/added attributes or have restrictions that prevent them from banking. (SQM-1053)
Warning: Found 8 multibit sequential library cells that have missing/added attributes or have restrictions that prevent them from banking. (SQM-1053)
Warning: Found 8 multibit sequential library cells that have missing/added attributes or have restrictions that prevent them from banking. (SQM-1053)
Warning: Found 8 multibit sequential library cells that have missing/added attributes or have restrictions that prevent them from banking. (SQM-1053)
Warning: Found 8 multibit sequential library cells that have missing/added attributes or have restrictions that prevent them from banking. (SQM-1053)
Warning: Found 8 multibit sequential library cells that have missing/added attributes or have restrictions that prevent them from banking. (SQM-1053)
Information: 2 out of 12 SQM-1053 messages were not printed due to limit 10 (after 'compile_fusion' at task4.tcl:173) (MSG-3913)
Information: 182 out of 192 SQM-1061 messages were not printed due to limit 10 (after 'compile_fusion' at task4.tcl:173) (MSG-3913)
Information: 91 out of 96 SQM-1079 messages were not printed due to limit 5 (after 'compile_fusion' at task4.tcl:173) (MSG-3913)
Information: 86 out of 96 SQM-2004 messages were not printed due to limit 10 (after 'compile_fusion' at task4.tcl:173) (MSG-3913)
Information: Ending   compile_fusion / logic_opto / Optimization (1) / Timing Optimization and DesignWare Reselection (FLW-8001)
Information: Time: 2025-06-04 15:47:44 / Session:  00:04:21 / Command:  00:00:17 / CPU:  00:00:25 / Memory: 1711 MB (FLW-8100)
Information: CPU Load: 22%, Ram Free: 44 GB, Swap Free: 1 GB, Work Disk Free: 308 GB, Tmp Disk Free: 308 GB (MSG-3995)
Information: Ending   compile_fusion / logic_opto / Optimization (1) (FLW-8001)
Information: Time: 2025-06-04 15:47:44 / Session:  00:04:21 / Command:  00:00:17 / CPU:  00:00:25 / Memory: 1711 MB (FLW-8100)
Information: CPU Load: 22%, Ram Free: 44 GB, Swap Free: 1 GB, Work Disk Free: 308 GB, Tmp Disk Free: 308 GB (MSG-3995)
Information: Starting compile_fusion / logic_opto / Register Retiming (FLW-8000)
Information: Time: 2025-06-04 15:47:44 / Session:  00:04:21 / Command:  00:00:17 / CPU:  00:00:25 / Memory: 1711 MB (FLW-8100)
Information: CPU Load: 22%, Ram Free: 44 GB, Swap Free: 1 GB, Work Disk Free: 308 GB, Tmp Disk Free: 308 GB (MSG-3995)
Warning: Cannot infer functionality of libcell 'saed14rvt_ff0p88v125c/SAEDRVT14_FDNRBSBQ_V2_0P5' and will be excluded from sequential mapping. (SQM-1061)
Warning: Cannot infer functionality of libcell 'saed14rvt_ff0p88v125c/SAEDRVT14_FDNRBSBQ_V2_1' and will be excluded from sequential mapping. (SQM-1061)
Warning: Cannot infer functionality of libcell 'saed14rvt_ff0p88v125c/SAEDRVT14_FDNRBSBQ_V2_2' and will be excluded from sequential mapping. (SQM-1061)
Warning: Cannot infer functionality of libcell 'saed14rvt_ff0p88v125c/SAEDRVT14_FDNRBSBQ_V2_4' and will be excluded from sequential mapping. (SQM-1061)
Warning: Cannot infer functionality of libcell 'saed14rvt_ff0p88v125c/SAEDRVT14_FDPRBSBQ_V2_0P5' and will be excluded from sequential mapping. (SQM-1061)
Warning: Cannot infer functionality of libcell 'saed14rvt_ff0p88v125c/SAEDRVT14_FDPRBSBQ_V2_1' and will be excluded from sequential mapping. (SQM-1061)
Warning: Cannot infer functionality of libcell 'saed14rvt_ff0p88v125c/SAEDRVT14_FDPRBSBQ_V2_2' and will be excluded from sequential mapping. (SQM-1061)
Warning: Cannot infer functionality of libcell 'saed14rvt_ff0p88v125c/SAEDRVT14_FDPRBSBQ_V2_4' and will be excluded from sequential mapping. (SQM-1061)
Warning: Cannot infer functionality of libcell 'saed14rvt_ff0p88v125c/SAEDRVT14_FSDPRBSBQ_V2LP_0P5' and will be excluded from sequential mapping. (SQM-1061)
Warning: Cannot infer functionality of libcell 'saed14rvt_ff0p88v125c/SAEDRVT14_FSDPRBSBQ_V2LP_2' and will be excluded from sequential mapping. (SQM-1061)
Warning: Skipping check for single_bit_degenerate attribute on the multibit libcell 'saed14rvt_ff0p88v125c/SAEDRVT14_FSDN2_V2_0P5' since it is not a black-box. (SQM-1079)
Information: No single-bit representative was found for multibit lib cell 'saed14rvt_ff0p88v125c/SAEDRVT14_FSDN2_V2_0P5'. (SQM-2004)
Warning: Skipping check for single_bit_degenerate attribute on the multibit libcell 'saed14rvt_ff0p88v125c/SAEDRVT14_FSDN2_V2_1' since it is not a black-box. (SQM-1079)
Information: No single-bit representative was found for multibit lib cell 'saed14rvt_ff0p88v125c/SAEDRVT14_FSDN2_V2_1'. (SQM-2004)
Warning: Skipping check for single_bit_degenerate attribute on the multibit libcell 'saed14rvt_ff0p88v125c/SAEDRVT14_FSDN2_V2_2' since it is not a black-box. (SQM-1079)
Information: No single-bit representative was found for multibit lib cell 'saed14rvt_ff0p88v125c/SAEDRVT14_FSDN2_V2_2'. (SQM-2004)
Warning: Skipping check for single_bit_degenerate attribute on the multibit libcell 'saed14rvt_ff0p88v125c/SAEDRVT14_FSDN2_V2_4' since it is not a black-box. (SQM-1079)
Information: No single-bit representative was found for multibit lib cell 'saed14rvt_ff0p88v125c/SAEDRVT14_FSDN2_V2_4'. (SQM-2004)
Warning: Skipping check for single_bit_degenerate attribute on the multibit libcell 'saed14rvt_ff0p88v125c/SAEDRVT14_FSDN4_V2_0P5' since it is not a black-box. (SQM-1079)
Information: No single-bit representative was found for multibit lib cell 'saed14rvt_ff0p88v125c/SAEDRVT14_FSDN4_V2_0P5'. (SQM-2004)
Information: No single-bit representative was found for multibit lib cell 'saed14rvt_ff0p88v125c/SAEDRVT14_FSDN4_V2_1'. (SQM-2004)
Information: No single-bit representative was found for multibit lib cell 'saed14rvt_ff0p88v125c/SAEDRVT14_FSDN4_V2_2'. (SQM-2004)
Information: No single-bit representative was found for multibit lib cell 'saed14rvt_ff0p88v125c/SAEDRVT14_FSDN4_V2_4'. (SQM-2004)
Warning: Found 8 multibit sequential library cells that have missing/added attributes or have restrictions that prevent them from banking. (SQM-1053)
Information: 6 out of 16 SQM-1061 messages were not printed due to limit 10 (after 'compile_fusion' at task4.tcl:173) (MSG-3913)
Information: 3 out of 8 SQM-1079 messages were not printed due to limit 5 (after 'compile_fusion' at task4.tcl:173) (MSG-3913)
Warning: Cannot infer functionality of libcell 'saed14rvt_ff0p88v125c/SAEDRVT14_FDNRBSBQ_V2_0P5' and will be excluded from sequential mapping. (SQM-1061)
Warning: Cannot infer functionality of libcell 'saed14rvt_ff0p88v125c/SAEDRVT14_FDNRBSBQ_V2_1' and will be excluded from sequential mapping. (SQM-1061)
Warning: Cannot infer functionality of libcell 'saed14rvt_ff0p88v125c/SAEDRVT14_FDNRBSBQ_V2_2' and will be excluded from sequential mapping. (SQM-1061)
Warning: Cannot infer functionality of libcell 'saed14rvt_ff0p88v125c/SAEDRVT14_FDNRBSBQ_V2_4' and will be excluded from sequential mapping. (SQM-1061)
Warning: Cannot infer functionality of libcell 'saed14rvt_ff0p88v125c/SAEDRVT14_FDPRBSBQ_V2_0P5' and will be excluded from sequential mapping. (SQM-1061)
Warning: Cannot infer functionality of libcell 'saed14rvt_ff0p88v125c/SAEDRVT14_FDPRBSBQ_V2_1' and will be excluded from sequential mapping. (SQM-1061)
Warning: Cannot infer functionality of libcell 'saed14rvt_ff0p88v125c/SAEDRVT14_FDPRBSBQ_V2_2' and will be excluded from sequential mapping. (SQM-1061)
Warning: Cannot infer functionality of libcell 'saed14rvt_ff0p88v125c/SAEDRVT14_FDPRBSBQ_V2_4' and will be excluded from sequential mapping. (SQM-1061)
Warning: Cannot infer functionality of libcell 'saed14rvt_ff0p88v125c/SAEDRVT14_FSDPRBSBQ_V2LP_0P5' and will be excluded from sequential mapping. (SQM-1061)
Warning: Cannot infer functionality of libcell 'saed14rvt_ff0p88v125c/SAEDRVT14_FSDPRBSBQ_V2LP_2' and will be excluded from sequential mapping. (SQM-1061)
Warning: Skipping check for single_bit_degenerate attribute on the multibit libcell 'saed14rvt_ff0p88v125c/SAEDRVT14_FSDN2_V2_0P5' since it is not a black-box. (SQM-1079)
Information: No single-bit representative was found for multibit lib cell 'saed14rvt_ff0p88v125c/SAEDRVT14_FSDN2_V2_0P5'. (SQM-2004)
Warning: Skipping check for single_bit_degenerate attribute on the multibit libcell 'saed14rvt_ff0p88v125c/SAEDRVT14_FSDN2_V2_1' since it is not a black-box. (SQM-1079)
Information: No single-bit representative was found for multibit lib cell 'saed14rvt_ff0p88v125c/SAEDRVT14_FSDN2_V2_1'. (SQM-2004)
Warning: Skipping check for single_bit_degenerate attribute on the multibit libcell 'saed14rvt_ff0p88v125c/SAEDRVT14_FSDN2_V2_2' since it is not a black-box. (SQM-1079)
Information: No single-bit representative was found for multibit lib cell 'saed14rvt_ff0p88v125c/SAEDRVT14_FSDN2_V2_2'. (SQM-2004)
Warning: Skipping check for single_bit_degenerate attribute on the multibit libcell 'saed14rvt_ff0p88v125c/SAEDRVT14_FSDN2_V2_4' since it is not a black-box. (SQM-1079)
Information: No single-bit representative was found for multibit lib cell 'saed14rvt_ff0p88v125c/SAEDRVT14_FSDN2_V2_4'. (SQM-2004)
Warning: Skipping check for single_bit_degenerate attribute on the multibit libcell 'saed14rvt_ff0p88v125c/SAEDRVT14_FSDN4_V2_0P5' since it is not a black-box. (SQM-1079)
Information: No single-bit representative was found for multibit lib cell 'saed14rvt_ff0p88v125c/SAEDRVT14_FSDN4_V2_0P5'. (SQM-2004)
Information: No single-bit representative was found for multibit lib cell 'saed14rvt_ff0p88v125c/SAEDRVT14_FSDN4_V2_1'. (SQM-2004)
Information: No single-bit representative was found for multibit lib cell 'saed14rvt_ff0p88v125c/SAEDRVT14_FSDN4_V2_2'. (SQM-2004)
Information: No single-bit representative was found for multibit lib cell 'saed14rvt_ff0p88v125c/SAEDRVT14_FSDN4_V2_4'. (SQM-2004)
Warning: Found 8 multibit sequential library cells that have missing/added attributes or have restrictions that prevent them from banking. (SQM-1053)
Information: 6 out of 16 SQM-1061 messages were not printed due to limit 10 (after 'compile_fusion' at task4.tcl:173) (MSG-3913)
Information: 3 out of 8 SQM-1079 messages were not printed due to limit 5 (after 'compile_fusion' at task4.tcl:173) (MSG-3913)
Warning: Cannot infer functionality of libcell 'saed14rvt_ff0p88v125c/SAEDRVT14_FDNRBSBQ_V2_0P5' and will be excluded from sequential mapping. (SQM-1061)
Warning: Cannot infer functionality of libcell 'saed14rvt_ff0p88v125c/SAEDRVT14_FDNRBSBQ_V2_1' and will be excluded from sequential mapping. (SQM-1061)
Warning: Cannot infer functionality of libcell 'saed14rvt_ff0p88v125c/SAEDRVT14_FDNRBSBQ_V2_2' and will be excluded from sequential mapping. (SQM-1061)
Warning: Cannot infer functionality of libcell 'saed14rvt_ff0p88v125c/SAEDRVT14_FDNRBSBQ_V2_4' and will be excluded from sequential mapping. (SQM-1061)
Warning: Cannot infer functionality of libcell 'saed14rvt_ff0p88v125c/SAEDRVT14_FDPRBSBQ_V2_0P5' and will be excluded from sequential mapping. (SQM-1061)
Warning: Cannot infer functionality of libcell 'saed14rvt_ff0p88v125c/SAEDRVT14_FDPRBSBQ_V2_1' and will be excluded from sequential mapping. (SQM-1061)
Warning: Cannot infer functionality of libcell 'saed14rvt_ff0p88v125c/SAEDRVT14_FDPRBSBQ_V2_2' and will be excluded from sequential mapping. (SQM-1061)
Warning: Cannot infer functionality of libcell 'saed14rvt_ff0p88v125c/SAEDRVT14_FDPRBSBQ_V2_4' and will be excluded from sequential mapping. (SQM-1061)
Warning: Cannot infer functionality of libcell 'saed14rvt_ff0p88v125c/SAEDRVT14_FSDPRBSBQ_V2LP_0P5' and will be excluded from sequential mapping. (SQM-1061)
Warning: Cannot infer functionality of libcell 'saed14rvt_ff0p88v125c/SAEDRVT14_FSDPRBSBQ_V2LP_2' and will be excluded from sequential mapping. (SQM-1061)
Warning: Skipping check for single_bit_degenerate attribute on the multibit libcell 'saed14rvt_ff0p88v125c/SAEDRVT14_FSDN2_V2_0P5' since it is not a black-box. (SQM-1079)
Information: No single-bit representative was found for multibit lib cell 'saed14rvt_ff0p88v125c/SAEDRVT14_FSDN2_V2_0P5'. (SQM-2004)
Warning: Skipping check for single_bit_degenerate attribute on the multibit libcell 'saed14rvt_ff0p88v125c/SAEDRVT14_FSDN2_V2_1' since it is not a black-box. (SQM-1079)
Information: No single-bit representative was found for multibit lib cell 'saed14rvt_ff0p88v125c/SAEDRVT14_FSDN2_V2_1'. (SQM-2004)
Warning: Skipping check for single_bit_degenerate attribute on the multibit libcell 'saed14rvt_ff0p88v125c/SAEDRVT14_FSDN2_V2_2' since it is not a black-box. (SQM-1079)
Information: No single-bit representative was found for multibit lib cell 'saed14rvt_ff0p88v125c/SAEDRVT14_FSDN2_V2_2'. (SQM-2004)
Warning: Skipping check for single_bit_degenerate attribute on the multibit libcell 'saed14rvt_ff0p88v125c/SAEDRVT14_FSDN2_V2_4' since it is not a black-box. (SQM-1079)
Information: No single-bit representative was found for multibit lib cell 'saed14rvt_ff0p88v125c/SAEDRVT14_FSDN2_V2_4'. (SQM-2004)
Warning: Skipping check for single_bit_degenerate attribute on the multibit libcell 'saed14rvt_ff0p88v125c/SAEDRVT14_FSDN4_V2_0P5' since it is not a black-box. (SQM-1079)
Information: No single-bit representative was found for multibit lib cell 'saed14rvt_ff0p88v125c/SAEDRVT14_FSDN4_V2_0P5'. (SQM-2004)
Information: No single-bit representative was found for multibit lib cell 'saed14rvt_ff0p88v125c/SAEDRVT14_FSDN4_V2_1'. (SQM-2004)
Information: No single-bit representative was found for multibit lib cell 'saed14rvt_ff0p88v125c/SAEDRVT14_FSDN4_V2_2'. (SQM-2004)
Information: No single-bit representative was found for multibit lib cell 'saed14rvt_ff0p88v125c/SAEDRVT14_FSDN4_V2_4'. (SQM-2004)
Warning: Found 8 multibit sequential library cells that have missing/added attributes or have restrictions that prevent them from banking. (SQM-1053)
Information: Result of compile_fusion / logic_opto / Register Retiming (FLW-8500)
Information: No instance marked for retiming. (RTM-1031)
Information: 6 out of 16 SQM-1061 messages were not printed due to limit 10 (after 'compile_fusion' at task4.tcl:173) (MSG-3913)
Information: 3 out of 8 SQM-1079 messages were not printed due to limit 5 (after 'compile_fusion' at task4.tcl:173) (MSG-3913)
Warning: Cannot infer functionality of libcell 'saed14rvt_ff0p88v125c/SAEDRVT14_FDNRBSBQ_V2_0P5' and will be excluded from sequential mapping. (SQM-1061)
Warning: Cannot infer functionality of libcell 'saed14rvt_ff0p88v125c/SAEDRVT14_FDNRBSBQ_V2_1' and will be excluded from sequential mapping. (SQM-1061)
Warning: Cannot infer functionality of libcell 'saed14rvt_ff0p88v125c/SAEDRVT14_FDNRBSBQ_V2_2' and will be excluded from sequential mapping. (SQM-1061)
Warning: Cannot infer functionality of libcell 'saed14rvt_ff0p88v125c/SAEDRVT14_FDNRBSBQ_V2_4' and will be excluded from sequential mapping. (SQM-1061)
Warning: Cannot infer functionality of libcell 'saed14rvt_ff0p88v125c/SAEDRVT14_FDPRBSBQ_V2_0P5' and will be excluded from sequential mapping. (SQM-1061)
Warning: Cannot infer functionality of libcell 'saed14rvt_ff0p88v125c/SAEDRVT14_FDPRBSBQ_V2_1' and will be excluded from sequential mapping. (SQM-1061)
Warning: Cannot infer functionality of libcell 'saed14rvt_ff0p88v125c/SAEDRVT14_FDPRBSBQ_V2_2' and will be excluded from sequential mapping. (SQM-1061)
Warning: Cannot infer functionality of libcell 'saed14rvt_ff0p88v125c/SAEDRVT14_FDPRBSBQ_V2_4' and will be excluded from sequential mapping. (SQM-1061)
Warning: Cannot infer functionality of libcell 'saed14rvt_ff0p88v125c/SAEDRVT14_FSDPRBSBQ_V2LP_0P5' and will be excluded from sequential mapping. (SQM-1061)
Warning: Cannot infer functionality of libcell 'saed14rvt_ff0p88v125c/SAEDRVT14_FSDPRBSBQ_V2LP_2' and will be excluded from sequential mapping. (SQM-1061)
Warning: Skipping check for single_bit_degenerate attribute on the multibit libcell 'saed14rvt_ff0p88v125c/SAEDRVT14_FSDN2_V2_0P5' since it is not a black-box. (SQM-1079)
Information: No single-bit representative was found for multibit lib cell 'saed14rvt_ff0p88v125c/SAEDRVT14_FSDN2_V2_0P5'. (SQM-2004)
Warning: Skipping check for single_bit_degenerate attribute on the multibit libcell 'saed14rvt_ff0p88v125c/SAEDRVT14_FSDN2_V2_1' since it is not a black-box. (SQM-1079)
Information: No single-bit representative was found for multibit lib cell 'saed14rvt_ff0p88v125c/SAEDRVT14_FSDN2_V2_1'. (SQM-2004)
Warning: Skipping check for single_bit_degenerate attribute on the multibit libcell 'saed14rvt_ff0p88v125c/SAEDRVT14_FSDN2_V2_2' since it is not a black-box. (SQM-1079)
Information: No single-bit representative was found for multibit lib cell 'saed14rvt_ff0p88v125c/SAEDRVT14_FSDN2_V2_2'. (SQM-2004)
Warning: Skipping check for single_bit_degenerate attribute on the multibit libcell 'saed14rvt_ff0p88v125c/SAEDRVT14_FSDN2_V2_4' since it is not a black-box. (SQM-1079)
Information: No single-bit representative was found for multibit lib cell 'saed14rvt_ff0p88v125c/SAEDRVT14_FSDN2_V2_4'. (SQM-2004)
Warning: Skipping check for single_bit_degenerate attribute on the multibit libcell 'saed14rvt_ff0p88v125c/SAEDRVT14_FSDN4_V2_0P5' since it is not a black-box. (SQM-1079)
Information: No single-bit representative was found for multibit lib cell 'saed14rvt_ff0p88v125c/SAEDRVT14_FSDN4_V2_0P5'. (SQM-2004)
Information: No single-bit representative was found for multibit lib cell 'saed14rvt_ff0p88v125c/SAEDRVT14_FSDN4_V2_1'. (SQM-2004)
Information: No single-bit representative was found for multibit lib cell 'saed14rvt_ff0p88v125c/SAEDRVT14_FSDN4_V2_2'. (SQM-2004)
Information: No single-bit representative was found for multibit lib cell 'saed14rvt_ff0p88v125c/SAEDRVT14_FSDN4_V2_4'. (SQM-2004)
Warning: Found 8 multibit sequential library cells that have missing/added attributes or have restrictions that prevent them from banking. (SQM-1053)
Information: 6 out of 16 SQM-1061 messages were not printed due to limit 10 (after 'compile_fusion' at task4.tcl:173) (MSG-3913)
Information: 3 out of 8 SQM-1079 messages were not printed due to limit 5 (after 'compile_fusion' at task4.tcl:173) (MSG-3913)
Information: Ending   compile_fusion / logic_opto / Register Retiming (FLW-8001)
Information: Time: 2025-06-04 15:47:53 / Session:  00:04:30 / Command:  00:00:25 / CPU:  00:00:33 / Memory: 1711 MB (FLW-8100)
Information: CPU Load: 23%, Ram Free: 44 GB, Swap Free: 1 GB, Work Disk Free: 308 GB, Tmp Disk Free: 308 GB (MSG-3995)
Warning: Cannot infer functionality of libcell 'saed14rvt_ff0p88v125c/SAEDRVT14_FDNRBSBQ_V2_0P5' and will be excluded from sequential mapping. (SQM-1061)
Warning: Cannot infer functionality of libcell 'saed14rvt_ff0p88v125c/SAEDRVT14_FDNRBSBQ_V2_1' and will be excluded from sequential mapping. (SQM-1061)
Warning: Cannot infer functionality of libcell 'saed14rvt_ff0p88v125c/SAEDRVT14_FDNRBSBQ_V2_2' and will be excluded from sequential mapping. (SQM-1061)
Warning: Cannot infer functionality of libcell 'saed14rvt_ff0p88v125c/SAEDRVT14_FDNRBSBQ_V2_4' and will be excluded from sequential mapping. (SQM-1061)
Warning: Cannot infer functionality of libcell 'saed14rvt_ff0p88v125c/SAEDRVT14_FDPRBSBQ_V2_0P5' and will be excluded from sequential mapping. (SQM-1061)
Warning: Cannot infer functionality of libcell 'saed14rvt_ff0p88v125c/SAEDRVT14_FDPRBSBQ_V2_1' and will be excluded from sequential mapping. (SQM-1061)
Warning: Cannot infer functionality of libcell 'saed14rvt_ff0p88v125c/SAEDRVT14_FDPRBSBQ_V2_2' and will be excluded from sequential mapping. (SQM-1061)
Warning: Cannot infer functionality of libcell 'saed14rvt_ff0p88v125c/SAEDRVT14_FDPRBSBQ_V2_4' and will be excluded from sequential mapping. (SQM-1061)
Warning: Cannot infer functionality of libcell 'saed14rvt_ff0p88v125c/SAEDRVT14_FSDPRBSBQ_V2LP_0P5' and will be excluded from sequential mapping. (SQM-1061)
Warning: Cannot infer functionality of libcell 'saed14rvt_ff0p88v125c/SAEDRVT14_FSDPRBSBQ_V2LP_2' and will be excluded from sequential mapping. (SQM-1061)
Warning: Skipping check for single_bit_degenerate attribute on the multibit libcell 'saed14rvt_ff0p88v125c/SAEDRVT14_FSDN2_V2_0P5' since it is not a black-box. (SQM-1079)
Information: No single-bit representative was found for multibit lib cell 'saed14rvt_ff0p88v125c/SAEDRVT14_FSDN2_V2_0P5'. (SQM-2004)
Warning: Skipping check for single_bit_degenerate attribute on the multibit libcell 'saed14rvt_ff0p88v125c/SAEDRVT14_FSDN2_V2_1' since it is not a black-box. (SQM-1079)
Information: No single-bit representative was found for multibit lib cell 'saed14rvt_ff0p88v125c/SAEDRVT14_FSDN2_V2_1'. (SQM-2004)
Warning: Skipping check for single_bit_degenerate attribute on the multibit libcell 'saed14rvt_ff0p88v125c/SAEDRVT14_FSDN2_V2_2' since it is not a black-box. (SQM-1079)
Information: No single-bit representative was found for multibit lib cell 'saed14rvt_ff0p88v125c/SAEDRVT14_FSDN2_V2_2'. (SQM-2004)
Warning: Skipping check for single_bit_degenerate attribute on the multibit libcell 'saed14rvt_ff0p88v125c/SAEDRVT14_FSDN2_V2_4' since it is not a black-box. (SQM-1079)
Information: No single-bit representative was found for multibit lib cell 'saed14rvt_ff0p88v125c/SAEDRVT14_FSDN2_V2_4'. (SQM-2004)
Warning: Skipping check for single_bit_degenerate attribute on the multibit libcell 'saed14rvt_ff0p88v125c/SAEDRVT14_FSDN4_V2_0P5' since it is not a black-box. (SQM-1079)
Information: No single-bit representative was found for multibit lib cell 'saed14rvt_ff0p88v125c/SAEDRVT14_FSDN4_V2_0P5'. (SQM-2004)
Information: No single-bit representative was found for multibit lib cell 'saed14rvt_ff0p88v125c/SAEDRVT14_FSDN4_V2_1'. (SQM-2004)
Information: No single-bit representative was found for multibit lib cell 'saed14rvt_ff0p88v125c/SAEDRVT14_FSDN4_V2_2'. (SQM-2004)
Information: No single-bit representative was found for multibit lib cell 'saed14rvt_ff0p88v125c/SAEDRVT14_FSDN4_V2_4'. (SQM-2004)
Warning: Found 8 multibit sequential library cells that have missing/added attributes or have restrictions that prevent them from banking. (SQM-1053)
Information: Register Bits Before Sharing = 0, After Sharing = 0, Savings = 0 (SQM-2000)
Information: 6 out of 16 SQM-1061 messages were not printed due to limit 10 (after 'compile_fusion' at task4.tcl:173) (MSG-3913)
Information: 3 out of 8 SQM-1079 messages were not printed due to limit 5 (after 'compile_fusion' at task4.tcl:173) (MSG-3913)
Information: Starting compile_fusion / logic_opto / Optimization (2) (FLW-8000)
Information: Time: 2025-06-04 15:47:55 / Session:  00:04:32 / Command:  00:00:28 / CPU:  00:00:36 / Memory: 1711 MB (FLW-8100)
Information: CPU Load: 23%, Ram Free: 44 GB, Swap Free: 1 GB, Work Disk Free: 308 GB, Tmp Disk Free: 308 GB (MSG-3995)
Warning: No clock routing rules were specified. Use set_clock_routing_rules to specify routing rules for accurate clock latency estimation. (OPT-902)
Warning: No clock routing rules were specified. Use set_clock_routing_rules to specify routing rules for accurate clock latency estimation. (OPT-902)
Information: Estimating clock gate latencies for scenario 'PowerSave_Slow'. (OPT-909)
Warning: No clock routing rules were specified. Use set_clock_routing_rules to specify routing rules for accurate clock latency estimation. (OPT-902)
Information: Estimating clock gate latencies for scenario 'Normal_Slow'. (OPT-909)
Information: Ending   compile_fusion / logic_opto / Optimization (2) (FLW-8001)
Information: Time: 2025-06-04 15:47:56 / Session:  00:04:33 / Command:  00:00:29 / CPU:  00:00:38 / Memory: 1711 MB (FLW-8100)
Information: CPU Load: 22%, Ram Free: 44 GB, Swap Free: 1 GB, Work Disk Free: 308 GB, Tmp Disk Free: 308 GB (MSG-3995)
Information: Starting compile_fusion / logic_opto / Auto-Floorplan (1) (FLW-8000)
Information: Time: 2025-06-04 15:47:56 / Session:  00:04:33 / Command:  00:00:29 / CPU:  00:00:38 / Memory: 1711 MB (FLW-8100)
Information: CPU Load: 22%, Ram Free: 44 GB, Swap Free: 1 GB, Work Disk Free: 308 GB, Tmp Disk Free: 308 GB (MSG-3995)
Information: Shaping unshaped voltage areas (AFP-1011)
Information: Placing unplaced pins (AFP-1007)
Information: Result of compile_fusion / logic_opto / Auto-Floorplan (1) (FLW-8500)
Information: Auto-Floorplan Summary (AFP-2023)
-------------------------------------------------------------------------------
              origin           area     boundary
core            user        1632.32   { {5 5} {5 36.2} {57.318 36.2} {57.318 5} }
die             user         2567.5   { {0 0} {0 41.2} {62.318 41.2} {62.318 0} }
-------------------------------------------------------------------------------

-------------------------------------------------------------------------------
objects             total        candidates          modified         preserved                 
voltage areas           0                 0                 0                 0
ios                     0                 0                 0                 0
macros                  0                 0                 0                 0
pins                  168                 0                 0                 0
-------------------------------------------------------------------------------
Information: Ending   compile_fusion / logic_opto / Auto-Floorplan (1) (FLW-8001)
Information: Time: 2025-06-04 15:47:56 / Session:  00:04:33 / Command:  00:00:29 / CPU:  00:00:38 / Memory: 1711 MB (FLW-8100)
Information: CPU Load: 22%, Ram Free: 44 GB, Swap Free: 1 GB, Work Disk Free: 308 GB, Tmp Disk Free: 308 GB (MSG-3995)
Information: Starting compile_fusion / logic_opto / Early Placement (FLW-8000)
Information: Time: 2025-06-04 15:47:56 / Session:  00:04:33 / Command:  00:00:29 / CPU:  00:00:38 / Memory: 1711 MB (FLW-8100)
Information: CPU Load: 22%, Ram Free: 44 GB, Swap Free: 1 GB, Work Disk Free: 308 GB, Tmp Disk Free: 308 GB (MSG-3995)
----------------------------------------------------------------
running create_placement
Corner Scaling is off, multiplier is 1.000000
ORB: timingScenario Normal_Slow timingCorner Slow
INFO: Using corner Typical for worst leakage corner
Using default layer M4
new cutoff lpd: 3.06118e-07
corner scaling: maxCornerId = 3
corner=Fast, tran factor=0.837270 (0.028178 / 0.033655)
corner=Typical, tran factor=0.944434 (0.031785 / 0.033655)
corner=Slow, tran factor=1.000000 (0.033655 / 0.033655)
ORB: Nominal = 0.0053925  Design MT = inf  Target = 0.0336550 (6.241 nominal)  MaxRC = 0.022191
ORB: Fast Target = 0.011701 ( 2.170 nominal )
ORB: stageDelay=0.025981, stageLength=1609839
nplLib: default vr hor dist = 322
nplLib: default vr ver dist = 322
nplLib: default vr buf size = 2
nplLib: default vr buf size = 1

Placement Options:
Effort:                        medium_effort       
Timing Driven:                 false               
Buffering Aware Timing Driven: false               
Seed locs:                     false               
Incremental:                   false               
Congestion:                    false               
Fix Macros:                    true                
Place Macros:                  false               
Channel Size Macros:           false               


Start transferring placement data.
****** Net weight manager: report ******
Weights included: Timing  
Number of nets with non-default weights: 1604
Timing factor = 1
Non-default weight range: (0.892833, 2.6785)
Information: Automatic repeater spreading is enabled.
Completed transferring placement data.
Running placement using 12 thread(s)
Information: Enhanced Auto Density Control is used. (PLACE-098)
Information: Enhanced auto density configuration is 13179.
Information: Automatic density control has selected the following settings: max_density 0.55, congestion_driven_max_util 0.87. (PLACE-027)
Information: HFW control 'off' invoked.
Creating placement from scratch.
coarse place 0% done.
coarse place 25% done.
coarse place 50% done.
coarse place 75% done.
coarse place 100% done.
Information: Coarse placer weighted wire length estimate = 1.20591e+08
Information: Extraction observers are detached as design net change threshold is reached.
Warning: No clock routing rules were specified. Use set_clock_routing_rules to specify routing rules for accurate clock latency estimation. (OPT-902)
Warning: No clock routing rules were specified. Use set_clock_routing_rules to specify routing rules for accurate clock latency estimation. (OPT-902)
Information: Estimating clock gate latencies for scenario 'PowerSave_Slow'. (OPT-909)
Warning: No clock routing rules were specified. Use set_clock_routing_rules to specify routing rules for accurate clock latency estimation. (OPT-902)
Information: Estimating clock gate latencies for scenario 'Normal_Slow'. (OPT-909)
----------------------------------------------------------------
Information: Ending   compile_fusion / logic_opto / Early Placement (FLW-8001)
Information: Time: 2025-06-04 15:47:58 / Session:  00:04:35 / Command:  00:00:31 / CPU:  00:00:41 / Memory: 1711 MB (FLW-8100)
Information: CPU Load: 22%, Ram Free: 44 GB, Swap Free: 1 GB, Work Disk Free: 308 GB, Tmp Disk Free: 308 GB (MSG-3995)
Information: The stitching and editing of coupling caps is turned OFF for design 'dut_toplevel.dlib:dut_toplevel/final_floorplan.design'. (TIM-125)
Information: Starting compile_fusion / logic_opto / Optimization (3) (FLW-8000)
Information: Time: 2025-06-04 15:47:59 / Session:  00:04:37 / Command:  00:00:32 / CPU:  00:00:44 / Memory: 1711 MB (FLW-8100)
Information: CPU Load: 22%, Ram Free: 44 GB, Swap Free: 1 GB, Work Disk Free: 308 GB, Tmp Disk Free: 308 GB (MSG-3995)
Information: Starting compile_fusion / logic_opto / Optimization (3) / Timing Optimization (FLW-8000)
Information: Time: 2025-06-04 15:47:59 / Session:  00:04:37 / Command:  00:00:32 / CPU:  00:00:44 / Memory: 1711 MB (FLW-8100)
Information: CPU Load: 22%, Ram Free: 44 GB, Swap Free: 1 GB, Work Disk Free: 308 GB, Tmp Disk Free: 308 GB (MSG-3995)
Warning: Cannot infer functionality of libcell 'saed14rvt_ff0p88v125c/SAEDRVT14_FDNRBSBQ_V2_0P5' and will be excluded from sequential mapping. (SQM-1061)
Warning: Cannot infer functionality of libcell 'saed14rvt_ff0p88v125c/SAEDRVT14_FDNRBSBQ_V2_1' and will be excluded from sequential mapping. (SQM-1061)
Warning: Cannot infer functionality of libcell 'saed14rvt_ff0p88v125c/SAEDRVT14_FDNRBSBQ_V2_2' and will be excluded from sequential mapping. (SQM-1061)
Warning: Cannot infer functionality of libcell 'saed14rvt_ff0p88v125c/SAEDRVT14_FDNRBSBQ_V2_4' and will be excluded from sequential mapping. (SQM-1061)
Warning: Cannot infer functionality of libcell 'saed14rvt_ff0p88v125c/SAEDRVT14_FDPRBSBQ_V2_0P5' and will be excluded from sequential mapping. (SQM-1061)
Warning: Cannot infer functionality of libcell 'saed14rvt_ff0p88v125c/SAEDRVT14_FDPRBSBQ_V2_1' and will be excluded from sequential mapping. (SQM-1061)
Warning: Cannot infer functionality of libcell 'saed14rvt_ff0p88v125c/SAEDRVT14_FDPRBSBQ_V2_2' and will be excluded from sequential mapping. (SQM-1061)
Warning: Cannot infer functionality of libcell 'saed14rvt_ff0p88v125c/SAEDRVT14_FDPRBSBQ_V2_4' and will be excluded from sequential mapping. (SQM-1061)
Warning: Cannot infer functionality of libcell 'saed14rvt_ff0p88v125c/SAEDRVT14_FSDPRBSBQ_V2LP_0P5' and will be excluded from sequential mapping. (SQM-1061)
Warning: Cannot infer functionality of libcell 'saed14rvt_ff0p88v125c/SAEDRVT14_FSDPRBSBQ_V2LP_2' and will be excluded from sequential mapping. (SQM-1061)
Warning: Skipping check for single_bit_degenerate attribute on the multibit libcell 'saed14rvt_ff0p88v125c/SAEDRVT14_FSDN2_V2_0P5' since it is not a black-box. (SQM-1079)
Information: No single-bit representative was found for multibit lib cell 'saed14rvt_ff0p88v125c/SAEDRVT14_FSDN2_V2_0P5'. (SQM-2004)
Warning: Skipping check for single_bit_degenerate attribute on the multibit libcell 'saed14rvt_ff0p88v125c/SAEDRVT14_FSDN2_V2_1' since it is not a black-box. (SQM-1079)
Information: No single-bit representative was found for multibit lib cell 'saed14rvt_ff0p88v125c/SAEDRVT14_FSDN2_V2_1'. (SQM-2004)
Warning: Skipping check for single_bit_degenerate attribute on the multibit libcell 'saed14rvt_ff0p88v125c/SAEDRVT14_FSDN2_V2_2' since it is not a black-box. (SQM-1079)
Information: No single-bit representative was found for multibit lib cell 'saed14rvt_ff0p88v125c/SAEDRVT14_FSDN2_V2_2'. (SQM-2004)
Warning: Skipping check for single_bit_degenerate attribute on the multibit libcell 'saed14rvt_ff0p88v125c/SAEDRVT14_FSDN2_V2_4' since it is not a black-box. (SQM-1079)
Information: No single-bit representative was found for multibit lib cell 'saed14rvt_ff0p88v125c/SAEDRVT14_FSDN2_V2_4'. (SQM-2004)
Warning: Skipping check for single_bit_degenerate attribute on the multibit libcell 'saed14rvt_ff0p88v125c/SAEDRVT14_FSDN4_V2_0P5' since it is not a black-box. (SQM-1079)
Information: No single-bit representative was found for multibit lib cell 'saed14rvt_ff0p88v125c/SAEDRVT14_FSDN4_V2_0P5'. (SQM-2004)
Information: No single-bit representative was found for multibit lib cell 'saed14rvt_ff0p88v125c/SAEDRVT14_FSDN4_V2_1'. (SQM-2004)
Information: No single-bit representative was found for multibit lib cell 'saed14rvt_ff0p88v125c/SAEDRVT14_FSDN4_V2_2'. (SQM-2004)
Information: No single-bit representative was found for multibit lib cell 'saed14rvt_ff0p88v125c/SAEDRVT14_FSDN4_V2_4'. (SQM-2004)
Warning: Found 8 multibit sequential library cells that have missing/added attributes or have restrictions that prevent them from banking. (SQM-1053)
Information: No single-bit representative was found for multibit lib cell 'saed14rvt_ff0p88v125c/SAEDRVT14_FSDN2_V2_0P5'. (SQM-2004)
Information: No single-bit representative was found for multibit lib cell 'saed14rvt_ff0p88v125c/SAEDRVT14_FSDN2_V2_1'. (SQM-2004)
Warning: Found 8 multibit sequential library cells that have missing/added attributes or have restrictions that prevent them from banking. (SQM-1053)
Warning: Found 8 multibit sequential library cells that have missing/added attributes or have restrictions that prevent them from banking. (SQM-1053)
Warning: Found 8 multibit sequential library cells that have missing/added attributes or have restrictions that prevent them from banking. (SQM-1053)
Warning: Found 8 multibit sequential library cells that have missing/added attributes or have restrictions that prevent them from banking. (SQM-1053)
Warning: Found 8 multibit sequential library cells that have missing/added attributes or have restrictions that prevent them from banking. (SQM-1053)
Warning: Found 8 multibit sequential library cells that have missing/added attributes or have restrictions that prevent them from banking. (SQM-1053)
Warning: Found 8 multibit sequential library cells that have missing/added attributes or have restrictions that prevent them from banking. (SQM-1053)
Warning: Found 8 multibit sequential library cells that have missing/added attributes or have restrictions that prevent them from banking. (SQM-1053)
Warning: Found 8 multibit sequential library cells that have missing/added attributes or have restrictions that prevent them from banking. (SQM-1053)
Information: 2 out of 12 SQM-1053 messages were not printed due to limit 10 (after 'compile_fusion' at task4.tcl:173) (MSG-3913)
Information: 182 out of 192 SQM-1061 messages were not printed due to limit 10 (after 'compile_fusion' at task4.tcl:173) (MSG-3913)
Information: 91 out of 96 SQM-1079 messages were not printed due to limit 5 (after 'compile_fusion' at task4.tcl:173) (MSG-3913)
Information: 86 out of 96 SQM-2004 messages were not printed due to limit 10 (after 'compile_fusion' at task4.tcl:173) (MSG-3913)
Information: Ending   compile_fusion / logic_opto / Optimization (3) / Timing Optimization (FLW-8001)
Information: Time: 2025-06-04 15:48:01 / Session:  00:04:38 / Command:  00:00:34 / CPU:  00:00:46 / Memory: 1711 MB (FLW-8100)
Information: CPU Load: 21%, Ram Free: 44 GB, Swap Free: 1 GB, Work Disk Free: 308 GB, Tmp Disk Free: 308 GB (MSG-3995)
Information: Ending   compile_fusion / logic_opto / Optimization (3) (FLW-8001)
Information: Time: 2025-06-04 15:48:01 / Session:  00:04:39 / Command:  00:00:34 / CPU:  00:00:47 / Memory: 1711 MB (FLW-8100)
Information: CPU Load: 21%, Ram Free: 44 GB, Swap Free: 1 GB, Work Disk Free: 308 GB, Tmp Disk Free: 308 GB (MSG-3995)
Information: Starting compile_fusion / logic_opto / Optimization (4) (FLW-8000)
Information: Time: 2025-06-04 15:48:01 / Session:  00:04:39 / Command:  00:00:34 / CPU:  00:00:47 / Memory: 1711 MB (FLW-8100)
Information: CPU Load: 21%, Ram Free: 44 GB, Swap Free: 1 GB, Work Disk Free: 308 GB, Tmp Disk Free: 308 GB (MSG-3995)
Information: Starting compile_fusion / logic_opto / Optimization (4) / Logic Simplification and Register Optimization (FLW-8000)
Information: Time: 2025-06-04 15:48:01 / Session:  00:04:39 / Command:  00:00:34 / CPU:  00:00:47 / Memory: 1711 MB (FLW-8100)
Information: CPU Load: 21%, Ram Free: 44 GB, Swap Free: 1 GB, Work Disk Free: 308 GB, Tmp Disk Free: 308 GB (MSG-3995)
Information: Ending   compile_fusion / logic_opto / Optimization (4) / Logic Simplification and Register Optimization (FLW-8001)
Information: Time: 2025-06-04 15:48:01 / Session:  00:04:39 / Command:  00:00:34 / CPU:  00:00:47 / Memory: 1711 MB (FLW-8100)
Information: CPU Load: 21%, Ram Free: 44 GB, Swap Free: 1 GB, Work Disk Free: 308 GB, Tmp Disk Free: 308 GB (MSG-3995)
Information: Ending   compile_fusion / logic_opto / Optimization (4) (FLW-8001)
Information: Time: 2025-06-04 15:48:06 / Session:  00:04:43 / Command:  00:00:38 / CPU:  00:00:53 / Memory: 1711 MB (FLW-8100)
Information: CPU Load: 27%, Ram Free: 44 GB, Swap Free: 1 GB, Work Disk Free: 308 GB, Tmp Disk Free: 308 GB (MSG-3995)
Information: Starting compile_fusion / logic_opto / Optimization (5) (FLW-8000)
Information: Time: 2025-06-04 15:48:06 / Session:  00:04:43 / Command:  00:00:38 / CPU:  00:00:53 / Memory: 1711 MB (FLW-8100)
Information: CPU Load: 27%, Ram Free: 44 GB, Swap Free: 1 GB, Work Disk Free: 308 GB, Tmp Disk Free: 308 GB (MSG-3995)
Information: Starting compile_fusion / logic_opto / Optimization (5) / Logic Simplification and Register Optimization (FLW-8000)
Information: Time: 2025-06-04 15:48:06 / Session:  00:04:43 / Command:  00:00:38 / CPU:  00:00:53 / Memory: 1711 MB (FLW-8100)
Information: CPU Load: 27%, Ram Free: 44 GB, Swap Free: 1 GB, Work Disk Free: 308 GB, Tmp Disk Free: 308 GB (MSG-3995)
Information: Ending   compile_fusion / logic_opto / Optimization (5) / Logic Simplification and Register Optimization (FLW-8001)
Information: Time: 2025-06-04 15:48:06 / Session:  00:04:43 / Command:  00:00:38 / CPU:  00:00:53 / Memory: 1711 MB (FLW-8100)
Information: CPU Load: 27%, Ram Free: 44 GB, Swap Free: 1 GB, Work Disk Free: 308 GB, Tmp Disk Free: 308 GB (MSG-3995)
Information: Ending   compile_fusion / logic_opto / Optimization (5) (FLW-8001)
Information: Time: 2025-06-04 15:48:06 / Session:  00:04:43 / Command:  00:00:38 / CPU:  00:00:53 / Memory: 1711 MB (FLW-8100)
Information: CPU Load: 27%, Ram Free: 44 GB, Swap Free: 1 GB, Work Disk Free: 308 GB, Tmp Disk Free: 308 GB (MSG-3995)
Information: Starting compile_fusion / logic_opto / Auto-Floorplan (2) (FLW-8000)
Information: Time: 2025-06-04 15:48:06 / Session:  00:04:43 / Command:  00:00:38 / CPU:  00:00:53 / Memory: 1711 MB (FLW-8100)
Information: CPU Load: 27%, Ram Free: 44 GB, Swap Free: 1 GB, Work Disk Free: 308 GB, Tmp Disk Free: 308 GB (MSG-3995)
Information: Shaping unshaped voltage areas (AFP-1011)
Information: Placing unplaced pins (AFP-1007)
Information: Result of compile_fusion / logic_opto / Auto-Floorplan (2) (FLW-8500)
Information: Auto-Floorplan Summary (AFP-2023)
-------------------------------------------------------------------------------
              origin           area     boundary
core            user        1632.32   { {5 5} {5 36.2} {57.318 36.2} {57.318 5} }
die             user         2567.5   { {0 0} {0 41.2} {62.318 41.2} {62.318 0} }
-------------------------------------------------------------------------------

-------------------------------------------------------------------------------
objects             total        candidates          modified         preserved                 
voltage areas           0                 0                 0                 0
ios                     0                 0                 0                 0
macros                  0                 0                 0                 0
pins                  168                 0                 0                 0
-------------------------------------------------------------------------------
Information: Ending   compile_fusion / logic_opto / Auto-Floorplan (2) (FLW-8001)
Information: Time: 2025-06-04 15:48:06 / Session:  00:04:43 / Command:  00:00:38 / CPU:  00:00:53 / Memory: 1711 MB (FLW-8100)
Information: CPU Load: 27%, Ram Free: 44 GB, Swap Free: 1 GB, Work Disk Free: 308 GB, Tmp Disk Free: 308 GB (MSG-3995)
Information: Starting compile_fusion / logic_opto / Secondary PG connections (FLW-8000)
Information: Time: 2025-06-04 15:48:06 / Session:  00:04:43 / Command:  00:00:38 / CPU:  00:00:53 / Memory: 1711 MB (FLW-8100)
Information: CPU Load: 27%, Ram Free: 44 GB, Swap Free: 1 GB, Work Disk Free: 308 GB, Tmp Disk Free: 308 GB (MSG-3995)
Information: Secondary PG:  Secondary PG connections skipped because it is not a UPF design (FLW-1247)
Information: Ending   compile_fusion / logic_opto / Secondary PG connections (FLW-8001)
Information: Time: 2025-06-04 15:48:06 / Session:  00:04:43 / Command:  00:00:38 / CPU:  00:00:53 / Memory: 1711 MB (FLW-8100)
Information: CPU Load: 27%, Ram Free: 44 GB, Swap Free: 1 GB, Work Disk Free: 308 GB, Tmp Disk Free: 308 GB (MSG-3995)
Compile-fusion optimization summary            SETUP-COST    R2R-COST HOLD-COST LDRC-COST          AREA     LEAKAGE     INSTCNT            ELAPSE       MEM
Compile-fusion                                          -           -         -         -        905.01           -        1174              0.08      1710
Information: Ending   compile_fusion / logic_opto (FLW-8001)
Information: Time: 2025-06-04 15:48:06 / Session:  00:04:43 / Command:  00:00:38 / CPU:  00:00:53 / Memory: 1711 MB (FLW-8100)
Information: CPU Load: 27%, Ram Free: 44 GB, Swap Free: 1 GB, Work Disk Free: 308 GB, Tmp Disk Free: 308 GB (MSG-3995)

Information: >>>>>>> 5 unique error and warning message tags while observing compile_fusion / logic_opto: (MSG-3100)
Information: #prnt #trgr #lmt    Tag  Level     Format (or last printed message)                                (MSG-3036)
Information:    12     2  0 FLW-2224  WARNING   Warning: Duplicate callback function set for step 'fc/logic_... (MSG-3032)
Information:   345   248  5 SQM-1079  WARNING   Warning: Skipping check for single_bit_degenerate attribute ... (MSG-3032)
Information:   690   496 10 SQM-1061  WARNING   Warning: Cannot infer functionality of libcell 'saed14rvt_ff... (MSG-3032)
Information:   177    31 10 SQM-1053  WARNING   Warning: Found 8 multibit sequential library cells that have... (MSG-3032)
Information:    89     6  0 OPT-902   WARNING   Warning: No clock routing rules were specified. Use set_cloc... (MSG-3032)
Information:  1313   783  3        5  <------   Total sum of messages (MSG-3038)
Information: >>>>>>> Summary: 783 error&warning MSGs observed during compile_fusion / logic_opto (MSG-3103)

Scenario Normal_Typical is cellEm
Scenario PowerSave_Typical is cellEm
Info: update em.
Information: Activity propagation will be performed for scenario Normal_Fast.
Information: Doing activity propagation for mode 'Normal' and corner 'Fast' with effort level 'medium'. (POW-024)
Information: Timer-derived activity data is cached on scenario Normal_Fast (POW-052)
Information: Running switching activity propagation with 12 threads!

 **** Information : No. of simulation cycles = 6 ****
Information: Propagated activity on scenario Normal_Slow identical to that on Normal_Fast (POW-006)
Information: Propagated activity on scenario Normal_Typical identical to that on Normal_Fast (POW-006)
Information: Activity propagation will be performed for scenario PowerSave_Fast.
Information: Doing activity propagation for mode 'PowerSave' and corner 'Fast' with effort level 'medium'. (POW-024)
Information: Timer-derived activity data is cached on scenario PowerSave_Fast (POW-052)
Information: Running switching activity propagation with 12 threads!

 **** Information : No. of simulation cycles = 6 ****
Information: Propagated activity on scenario PowerSave_Slow identical to that on PowerSave_Fast (POW-006)
Information: Propagated activity on scenario PowerSave_Typical identical to that on PowerSave_Fast (POW-006)
Information: Activity for scenario Normal_Fast was cached, no propagation required. (POW-005)
Information: Activity for scenario Normal_Slow was cached, no propagation required. (POW-005)
Information: Activity for scenario Normal_Typical was cached, no propagation required. (POW-005)
Information: Activity for scenario PowerSave_Fast was cached, no propagation required. (POW-005)
Information: Activity for scenario PowerSave_Slow was cached, no propagation required. (POW-005)
Information: Activity for scenario PowerSave_Typical was cached, no propagation required. (POW-005)
CTS Cell EM initialization finished
Scenario Normal_Typical is cellEm
Scenario PowerSave_Typical is cellEm
Info: update em.
Information: Activity for scenario Normal_Fast was cached, no propagation required. (POW-005)
Information: Activity for scenario Normal_Slow was cached, no propagation required. (POW-005)
Information: Activity for scenario Normal_Typical was cached, no propagation required. (POW-005)
Information: Activity for scenario PowerSave_Fast was cached, no propagation required. (POW-005)
CTS Cell EM initialization finished
Warning: No clock routing rules were specified. Use set_clock_routing_rules to specify routing rules for accurate clock latency estimation. (OPT-902)
Warning: No clock routing rules were specified. Use set_clock_routing_rules to specify routing rules for accurate clock latency estimation. (OPT-902)
Information: Estimating clock gate latencies for scenario 'PowerSave_Typical'. (OPT-909)
Warning: No clock routing rules were specified. Use set_clock_routing_rules to specify routing rules for accurate clock latency estimation. (OPT-902)
Information: Estimating clock gate latencies for scenario 'PowerSave_Slow'. (OPT-909)
Warning: No clock routing rules were specified. Use set_clock_routing_rules to specify routing rules for accurate clock latency estimation. (OPT-902)
Information: Estimating clock gate latencies for scenario 'PowerSave_Fast'. (OPT-909)
Warning: No clock routing rules were specified. Use set_clock_routing_rules to specify routing rules for accurate clock latency estimation. (OPT-902)
Information: Estimating clock gate latencies for scenario 'Normal_Typical'. (OPT-909)
Warning: No clock routing rules were specified. Use set_clock_routing_rules to specify routing rules for accurate clock latency estimation. (OPT-902)
Information: Estimating clock gate latencies for scenario 'Normal_Slow'. (OPT-909)
Warning: No clock routing rules were specified. Use set_clock_routing_rules to specify routing rules for accurate clock latency estimation. (OPT-902)
Information: Estimating clock gate latencies for scenario 'Normal_Fast'. (OPT-909)
Information: 2 out of 12 POW-005 messages were not printed due to limit 10 (after 'compile_fusion' at task4.tcl:173) (MSG-3913)
Information: Summary of UPF Cells (UPF-532)
*******************************************************************************
                            Summary of UPF Cells                               
*******************************************************************************
This is NOT a UPF design.
UPF is NOT loaded.
UPF is NOT committed.
-------------------------------------------------------------------------------
*******************************************************************************
                        End of Summary of UPF Cells                            
*******************************************************************************
[Tim-Power] Info: Cleared Leakage libCell cache.
Information: Timer using 12 threads
INFO: End environment monitoring: recipes
INFO: Restored 0 timer status, 3 app options, 0 tcl gvars, 0 env vars
Information: >>>>>>> 7 unique error and warning message tags while observing fusion: (MSG-3100)
Information: #prnt #trgr #lmt    Tag  Level     Format (or last printed message)                                (MSG-3036)
Information:    12     2  0 FLW-2224  WARNING   Warning: Duplicate callback function set for step 'fc/logic_... (MSG-3032)
Information:   345   272  5 SQM-1079  WARNING   Warning: Skipping check for single_bit_degenerate attribute ... (MSG-3032)
Information:     6     1  1 SQM-1074  WARNING   Warning: Shift register Inferencing is enabled so only head ... (MSG-3032)
Information:   690   544 10 SQM-1061  WARNING   Warning: Cannot infer functionality of libcell 'saed14rvt_ff... (MSG-3032)
Information:   177    34 10 SQM-1053  WARNING   Warning: Found 8 multibit sequential library cells that have... (MSG-3032)
Information:     6     1  1 SQM-1034  WARNING   Warning: No cell bus will be mapped to multibit because mult... (MSG-3032)
Information:    96     8  0 OPT-902   WARNING   Warning: No clock routing rules were specified. Use set_cloc... (MSG-3032)
Information:  1332   862  5        7  <------   Total sum of messages (MSG-3038)
Information: >>>>>>> Summary: 862 error&warning MSGs observed during fusion (MSG-3103)
Information: Ending   'compile_fusion -to logic_opto' (FLW-8001)
Information: Time: 2025-06-04 15:48:09 / Session:  00:04:46 / Command:  00:00:42 / CPU:  00:01:12 / Memory: 1711 MB (FLW-8100)
Information: CPU Load: 27%, Ram Free: 44 GB, Swap Free: 1 GB, Work Disk Free: 308 GB, Tmp Disk Free: 308 GB (MSG-3995)
1
make_layout_screenshot final_compiled
Load ICV ICCII menu file: /eda/synopsys/2023-24/RHELx86/ICV_2023.12/etc/tcl-u/Icc2Menu.tcl
 + VUE INFO: Found a usable port: 2446

To restart the GUI, type 'gui_start'.
generateReports final_floorplan
Generating reports for the target: final_floorplan ...
[Tim-Power] Info: Cleared Leakage libCell cache.
Reports have been generated for the target: final_floorplan.
save_block
Information: Saving block 'dut_toplevel.dlib:dut_toplevel/final_floorplan.design'
1
save_lib
Saving library 'dut_toplevel.dlib'
1
close_blocks
Information: Decrementing open_count of block 'dut_toplevel.dlib:dut_toplevel/final_floorplan.design' to 1. (DES-022)
1
close_lib
Closing library 'dut_toplevel.dlib'
Information: The net parasitics of block dut_toplevel are cleared. (TIM-123)
1
exit
Maximum memory usage for this session: 1739.48 MB
Maximum memory usage for this session including child processes: 1739.48 MB
CPU usage for this session:    524 seconds (  0.15 hours)
Elapsed time for this session:    290 seconds (  0.08 hours)
Thank you for using Fusion Compiler.
