


                              Fusion Compiler (TM)

                  Version V-2023.12 for linux64 - Nov 23, 2023
  This release has significant feature enhancements. Please review the Release
                       Notes associated with this release.

                    Copyright (c) 1988 - 2023 Synopsys, Inc.
   This software and the associated documentation are proprietary to Synopsys,
 Inc. This software may only be used in accordance with the terms and conditions
 of a written license agreement with Synopsys, Inc. All other use, reproduction,
   or distribution of this software is strictly prohibited.  Licensed Products
     communicate with Synopsys servers for the purpose of providing software
    updates, detecting software piracy and verifying that customers are using
    Licensed Products in conformity with the applicable License Key for such
  Licensed Products. Synopsys will use information gathered in connection with
    this process to deliver software updates and pursue software pirates and
                                   infringers.

 Inclusivity & Diversity - Visit SolvNetPlus to read the "Synopsys Statement on
            Inclusivity and Diversity" (Refer to article 000036315 at
                        https://solvnetplus.synopsys.com)
 
Error: This script has expired. Please contact Aditya/Amir/Wei-Chih.
Loading user preference file /home/student/.synopsys_fc_gui/preferences.tcl
#####################################################################
###   Task 4 - Routing
#####################################################################
set TaskPrefix "task4_"
task4_
#### Sourcing main setup script
source -echo  ../../../setup/main_setup.tcl
#####################################################################
###           Main Setup Script for Fusion Compiler
#####################################################################
set LabRootDir			"[pwd]/../../../.."     ; # root dir for the labs
set LabDir				"${LabRootDir}/lab" ; # directory for lab exercises
set SrcDir				"${LabRootDir}/src"  ; # directory for source files (RTL, SDC)
#set TechLibDir			"${LabRootDir}/tech" ; # technology library path
set TechLibDir			"/eda/synopsys/files/FC_Labs/common" ; # technology library path
set SetupDir			"${LabDir}/setup"   ; # directory with setup files
set TechLibName			"saed14rvt"			 ; # define library name
set CellPrefix			"SAEDRVT14"			 ; # define cell prefix
set TechNodeName		"saed14nm"			 ; # define technology node name
set MetalStack			"1p9m"				 ; # define metal stack
#set RefNdmType			"frame_only"		 ; # define reference ndm type: "frame_only" or "frame_timing"
set RefNdmType			"frame_timing"		 ; # define reference ndm type: "frame_only" or "frame_timing"
set RefLibDir			"${TechLibDir}/ndm" ; # reference library path
set RefLib				"${RefLibDir}/${TechLibName}_${RefNdmType}.ndm" ; # reference library
set TechFileDir    		"${TechLibDir}/tf"  ; # directory with technology file(s)
set TechFile			"${TechFileDir}/${TechNodeName}_${MetalStack}.tf" ; # technology file
#set TechNdm				""
set LibertyDir			"${TechLibDir}/liberty" ; # 
set TlupDir				"${TechLibDir}/tlup" ; # 
set TlupMinFile			"${TlupDir}/${TechNodeName}_${MetalStack}_Cmin.tlup" ; # 
set TlupNomFile			"${TlupDir}/${TechNodeName}_${MetalStack}_Cnom.tlup" ; # 
set TlupMaxFile			"${TlupDir}/${TechNodeName}_${MetalStack}_Cmax.tlup" ; # 
set NxtGrdDir			"${TechLibDir}/nxtgrd" ; # 
set NxtGrdMinFile		"${NxtGrdDir}/${TechNodeName}_${MetalStack}_Cmin.nxtgrd" ; # 
set NxtGrdNomFile		"${NxtGrdDir}/${TechNodeName}_${MetalStack}_Cnom.nxtgrd" ; # 
set NxtGrdMaxFile		"${NxtGrdDir}/${TechNodeName}_${MetalStack}_Cmax.nxtgrd" ; # 
set MapDir				"${TechLibDir}/map" ; # 
set GdsDir				"${TechLibDir}/gds" ; # 
set RunsetDir			"${TechLibDir}/runsets" ; # 
set GdsFile				"${GdsDir}/saed14rvt.gds" ; # 
set GdsMapFile			"${MapDir}/saed14nm_1p9m_gdsout_mw.map" ; # 
set LayerMapFile		"${MapDir}/${TechNodeName}_tf_itf_tluplus.map" ; # 
set DrcRunsetFile		"${RunsetDir}/saed14nm_1p9m_drc_rules.rs" ; # 
set MetalFillRunsetFile	"${RunsetDir}/saed14nm_1p9m_mfill_rules.rs" ; # 
set RtlDir				"${SrcDir}/rtl" ; # directory with source files
set SystemVerilogDir	"${RtlDir}/sverilog" ; # directory containing SystemVerilog HDL source files
set VerilogDir			"${RtlDir}/verilog" ; # directory containing Verilog HDL source files
set VhdlDir				"${RtlDir}/vhdl" ; # directory containing VHDL source files
set SdcDir				"${SrcDir}/sdc" ; # directory with constraint files
set ResultsDir			"${LabDir}/results" ; # directory for outcomes of the lab
set SolutionDir			"${LabDir}/solution" ; # backup directory for outcomes of the lab
set ReportsDir			"${LabDir}/reports" ; # directory for report files
echo					${SetupDir}
/home/student/Documents/kdz/ASIC/labs/Lab_5/asic_lab5/lab/tasks/task4/work/../../../../lab/setup
source 					${SetupDir}/utilities.tcl
#### Sourcing project specyfic setup script
source -echo  ${SetupDir}/design_setup.tcl
#####################################################################
###                           Design Setup Script for Fusion Compiler
#####################################################################
set DesignName				"dut_toplevel"			; # define design name # 
set DesignLibrary			"${DesignName}.dlib"	; # define design library name # 
set WorkDir					"[pwd]"					; # define current working directory # 
set TechFlowType			"tf"					; # set "tf" for TECH_FILE-based flow or set "ndm" for TECH_NDM-based flow. # 
set ParasiticModel			"tlup"					; # set "tlup" for using TLUP files or  set "nxtgrd" for using NXTGRD files. # 
set HDL						"sverilog"				; # set "sverilog", "verilog" or "vhdl" for reading SystemVerilog, Verilog or VHDL RTL, respectively.
set SdcFile					"${SdcDir}/${DesignName}.sdc" ; # specify file with design constraints # 
set NormalModeSdcFile		"${SdcDir}/${DesignName}_normal.sdc" ; # specify file with design constraints for normal mode 
set PowerSaveModeSdcFile	"${SdcDir}/${DesignName}_power_save.sdc" ; # specify file with design constraints for low power mode 
set PVT_FF					"ff0p88v125c"			; # set FF PVT
set PVT_TT					"tt0p8v25c"				; # set TT PVT
set PVT_SS					"ss0p72vm40c"			; # set SS PVT
set DB_FF					"${LibertyDir}/${TechLibName}_${PVT_FF}.db"
set DB_TT					"${LibertyDir}/${TechLibName}_${PVT_TT}.db"
set DB_SS					"${LibertyDir}/${TechLibName}_${PVT_SS}.db"
set ClockName               "clk"
set CoreUtilization         0.65
set CoreOffset              5
set CoreShape               "R"
set CoreSideRatio           [list 2.5 1.5]
set FlipFirstRow            "true"
set BlockPinLayers          [list "M3" "M4"]
set BlockPinSides           [list 1 2 3]
set BlockPinSpacing         1
set BlockPinWidth           0.11
set BlockPinLength          0.11
set ClockPinLayers          "M5"
set ClockPinSides           4
set TapCellDistance			40
#Configure host file/options
set_host_options -max_cores 12
1
proc make_layout_screenshot {suffix {hidePower "-showPower"}} {
    variable TaskPrefix
    variable LabDir
    set ScreenshotsDir "${LabDir}/screenshots"

    gui_start
    set top [gui_create_window -type TopLevel]
    set layout [gui_create_window -type Layout -parent $top]
    gui_show_window -window $top -show_state {maximized}
    gui_show_window -window $layout -show_state {maximized}

	if {$hidePower eq "-hidePower"} {
		# Hide power network
		gui_set_setting -window $layout -setting showRoutedPower -value false
		gui_set_setting -window $layout -setting showRoutedGround -value false
		# # Hide cells for clearer screenshots
		# gui_set_setting -window $layout -setting showCell -value false
	}

    gui_write_window_image -window $layout -clip -file ${ScreenshotsDir}/${TaskPrefix}floorplan_layout_${suffix}.png
    gui_stop
}
# Open the design library
open_lib ${ResultsDir}/${DesignLibrary}
Information: Loading library file '/home/student/Documents/kdz/ASIC/labs/Lab_5/asic_lab5/lab/results/dut_toplevel.dlib' (FILE-007)
Information: Loading library file '/eda/synopsys/files/FC_Labs/common/ndm/saed14rvt_frame_timing.ndm' (FILE-007)
{dut_toplevel.dlib}
# Copy and open block
copy_block -from ${DesignName}/clock_tree_synthesis -to ${DesignName}/routing
Information: User units loaded from library 'saed14rvt_frame_timing' (LNK-040)
{dut_toplevel.dlib:dut_toplevel/routing.design}
open_block ${DesignName}/routing
Information: Incrementing open_count of block 'dut_toplevel.dlib:dut_toplevel/routing.design' to 2. (DES-021)
{dut_toplevel.dlib:dut_toplevel/routing.design}
# Setup application options
set_app_options -name route.global.force_rerun_after_global_route_opt -value true
Warning: application option <route.global.force_rerun_after_global_route_opt> is deprecated and scheduled for removal in a future release. See the man page for this  application option for migration assistance. (NDMUI-441)
route.global.force_rerun_after_global_route_opt true
set_app_options -name route.global.timing_driven -value true
route.global.timing_driven true
set_app_options -name route.track.timing_driven -value true
route.track.timing_driven true
set_app_options -name route.detail.timing_driven -value true
route.detail.timing_driven true
# Improve routability
set_app_options    -name route.common.wire_on_grid_by_layer_name   -value {{M1 true } {M2 true} {M3 true}}
route.common.wire_on_grid_by_layer_name {{M1 true} {M2 true} {M3 true}}
set_app_options    -name route.common.via_on_grid_by_layer_name    -value {{VIA1 false} {VIA2 true}}
route.common.via_on_grid_by_layer_name {{VIA1 false} {VIA2 true}}
# Routing constraint
set_ignored_layers \
	-min_routing_layer M1 \
	-max_routing_layer M7
Using libraries: dut_toplevel.dlib saed14rvt_frame_timing
Visiting block dut_toplevel.dlib:dut_toplevel/routing.design
Information: Cellem using advance interpolation.
Design 'dut_toplevel' was successfully linked.
1
#### Routing blockage example
create_routing_blockage -boundary {{22.9780 21.6000} {22.9780 27.4000} {31.8940 27.4000} {31.8940 21.6000}} -net_types {signal} -layers {M4} -name_prefix RB -zero_spacing
{RB_1}
# create_routing_blockage -boundary {{22.9780 21.6000} {22.9780 27.4000} {31.8940 27.4000} {31.8940 21.6000}} -net_types {signal} -layers {M4} -name_prefix RB -zero_spacing
#### Routing flow
sizeof_collection [get_nets -hierarchical *]
1675
report_ignored_layers
****************************************
Report : Ignored Layers
Design : dut_toplevel
Version: V-2023.12
Date   : Wed Jun 18 14:51:52 2025
****************************************
Layer Attribute                 Value
--------------------------------------------------------------------------------
Min Routing Layer               M1
Max Routing Layer               M7
RC Estimation Ignored Layers    PO M8 M9 MRDL 
1
report_scenarios
****************************************
Report : scenario
Design : dut_toplevel
Version: V-2023.12
Date   : Wed Jun 18 14:51:52 2025
****************************************

                                                                     Leakage  Dynamic                              Cell  Signal
Name            Mode            Corner          Active  Setup  Hold  Power    Power    Max_tran  Max_cap  Min_cap  EM    EM
-------------------------------------------------------------------------------------------------------------------------------
Normal_Fast *   Normal          Fast            true    true   true  true     true     true      true     true     true  true
Normal_Slow *   Normal          Slow            true    true   true  true     true     true      true     true     true  true
Normal_Typical *
                Normal          Typical         true    true   true  true     true     true      true     true     true  true
PowerSave_Fast *
                PowerSave       Fast            true    true   true  true     true     true      true     true     true  true
PowerSave_Slow *
                PowerSave       Slow            true    true   true  true     true     true      true     true     true  true
PowerSave_Typical *
                PowerSave       Typical         true    true   true  true     true     true      true     true     true  true

1
# Check the design
check_routability

=========================================================
==     Check for PG Net Open  ==
=========================================================


>>>>>> No PG net open
Information: The command 'check_routability' cleared the undo history. (UNDO-016)

=========================================================
==     Check for global route app-option  ==
=========================================================

>>> The option values are suggested.

Cell Min-Routing-Layer = M1
Cell Max-Routing-Layer = M7
Turn off antenna since no rule is specified
Information: Option route.detail.force_end_on_preferred_grid will be ignored since none of the layers have preferred grid. (ZRT-703)
Skipping 3 internal pins that are not physical. Set route.common.verbose_level to > 0 and run routing command to get skipped pin names.
Info: number of net_type_blockage: 1 
Information: Via ladder engine would be activated for pattern must join connection in certain commands. Please refer to man-page for the command list. (ZRT-619)
Via on layer (VIA1) needs more than one tracks
Warning: Layer M1 default pitch 0.074 may be too small to handle up/down via. Note, that minimum requirements are "wire/via-down 0.074" & "wire/via-up 0.078". (ZRT-026)
Via on layer (VIA1) needs more than one tracks
Warning: Layer M2 default pitch 0.060 may be too small to handle up/down via. Note, that minimum requirements are "wire/via-down 0.078" & "wire/via-up 0.060". (ZRT-026)
Via on layer (VIA4) needs more than one tracks
Warning: Layer M5 default pitch 0.100 may be too small to handle up/down via. Note, that minimum requirements are "wire/via-down 0.125" & "wire/via-up 0.100". (ZRT-026)
Via on layer (VIA7) needs more than one tracks
Warning: Layer M7 default pitch 0.100 may be too small to handle up/down via. Note, that minimum requirements are "wire/via-down 0.100" & "wire/via-up 0.107". (ZRT-026)
Wire on layer (M8) needs more than one tracks
Via on layer (VIA7) needs more than one tracks
Via on layer (VIA8) needs more than one tracks
Warning: Layer M8 default pitch 0.100 may be too small to handle up/down via. Note, that minimum requirements are "wire/via-down 0.107" & "wire/via-up 0.135". (ZRT-026)
Wire on layer (M9) needs more than one tracks
Via on layer (VIA8) needs more than one tracks
Via on layer (VIARDL) needs more than one tracks
Warning: Layer M9 default pitch 0.100 may be too small to handle up/down via. Note, that minimum requirements are "wire/via-down 0.135" & "wire/via-up 1.570". (ZRT-026)
Via on layer (VIARDL) needs more than one tracks
Warning: Layer MRDL default pitch 4.000 may be too small to handle up/down via. Note, that minimum requirements are "wire/via-down 4.500" & "wire/via-up 4.000". (ZRT-026)
Information: When applicable Min-max layer allow_pin_connection mode will allow paths of length 0.90 outside the layer range. (ZRT-707)
Information: When applicable Min-max layer allow_pin_connection mode will allow paths of length 0.90 outside the layer range on clock nets. (ZRT-718)
Information: When applicable layer based tapering will taper up to 0.00 in distance from the pin. (ZRT-706)
Warning: Standard cell pin SAEDRVT14_EO2_V1_0P75/A1 has no valid via regions. (ZRT-044)
Warning: Standard cell pin SAEDRVT14_ADDH_0P5/CO has no valid via regions. (ZRT-044)
Printing options for 'route.common.*'
common.via_on_grid_by_layer_name                        :	 {VIA1 false} {VIA2 true}
common.wire_on_grid_by_layer_name                       :	 {M1 true} {M2 true} {M3 true}

Printing options for 'route.detail.*'
detail.timing_driven                                    :	 true                

Printing options for 'route.auto_via_ladder.*'


============================================
==  Check for design                      ==
============================================

>>> No net contains a large number of ports 

>>> No port contains a large number of pins 


================================
==  Check for PG DPT on Track ==
================================
>>>>>> Number of PG rails cross even number of track: 0

============================================
==  Check for PG PreRoute setting         ==
============================================
 No number_of_secondary_pg_pin_connections setting and skip checking 
 
============================================
==        Check for pins         ==
============================================
Warning: pin is off track in the region (7.6040 6.8890) (7.6500 7.0890) on layer M1. (ZRT-761)
Warning: pin is off track in the region (7.3820 6.9680) (7.4280 7.1570) on layer M1. (ZRT-761)
Warning: pin is off track in the region (7.0180 6.9190) (7.0520 7.2590) on layer M1. (ZRT-761)
Warning: pin is off track in the region (7.3140 6.3120) (7.3480 6.7160) on layer M1. (ZRT-761)
Warning: pin is off track in the region (7.4620 5.6840) (7.4960 6.0880) on layer M1. (ZRT-761)
Warning: pin is off track in the region (10.2680 6.5110) (10.3140 6.7110) on layer M1. (ZRT-761)
Warning: pin is off track in the region (10.0460 6.4430) (10.0920 6.6320) on layer M1. (ZRT-761)
Warning: pin is off track in the region (9.6820 6.3410) (9.7160 6.6810) on layer M1. (ZRT-761)
Warning: pin is off track in the region (10.7120 5.6890) (10.7580 5.8890) on layer M1. (ZRT-761)
Warning: pin is off track in the region (10.4900 5.7680) (10.5360 5.9570) on layer M1. (ZRT-761)
Warning: pin is off track in the region (10.1260 5.7190) (10.1600 6.0590) on layer M1. (ZRT-761)
Warning: pin is off track in the region (8.5660 5.6890) (8.6120 5.8890) on layer M1. (ZRT-761)
Warning: pin is off track in the region (8.3440 5.7680) (8.3900 5.9570) on layer M1. (ZRT-761)
Warning: pin is off track in the region (7.9800 5.7190) (8.0140 6.0590) on layer M1. (ZRT-761)
Warning: pin is off track in the region (9.9780 7.0100) (10.0120 7.1880) on layer M1. (ZRT-761)
Warning: pin is off track in the region (9.7560 7.0100) (9.7900 7.1880) on layer M1. (ZRT-761)
Warning: pin is off track in the region (10.1260 7.0350) (10.1600 7.1890) on layer M1. (ZRT-761)
Warning: pin is off track in the region (10.2740 6.9110) (10.3080 7.1880) on layer M1. (ZRT-761)
Warning: pin is off track in the region (9.6080 6.8990) (9.6420 7.2990) on layer M1. (ZRT-761)
Warning: pin is off track in the region (11.1620 7.0100) (11.1960 7.1880) on layer M1. (ZRT-761)
Warning: pin is off track in the region (10.9400 7.0100) (10.9740 7.1880) on layer M1. (ZRT-761)
Warning: pin is off track in the region (11.3100 7.0350) (11.3440 7.1890) on layer M1. (ZRT-761)
Warning: pin is off track in the region (11.4580 6.9110) (11.4920 7.1880) on layer M1. (ZRT-761)
Warning: pin is off track in the region (10.7920 6.8990) (10.8260 7.2990) on layer M1. (ZRT-761)
Warning: pin is off track in the region (8.7200 7.0100) (8.7540 7.1880) on layer M1. (ZRT-761)
Warning: pin is off track in the region (8.4980 7.0100) (8.5320 7.1880) on layer M1. (ZRT-761)
Warning: pin is off track in the region (8.8680 7.0350) (8.9020 7.1890) on layer M1. (ZRT-761)
Warning: pin is off track in the region (9.0160 6.9110) (9.0500 7.1880) on layer M1. (ZRT-761)
Warning: pin is off track in the region (8.3500 6.8990) (8.3840 7.2990) on layer M1. (ZRT-761)
Warning: pin is off track in the region (9.4600 6.3120) (9.4940 6.7160) on layer M1. (ZRT-761)
Warning: pin is off track in the region (14.8620 6.8840) (14.8960 7.2880) on layer M1. (ZRT-761)
Warning: pin is off track in the region (13.1600 6.3120) (13.1940 6.7160) on layer M1. (ZRT-761)
Warning: pin is off track in the region (15.5280 6.3120) (15.5620 6.7160) on layer M1. (ZRT-761)
Warning: pin is off track in the region (13.4560 5.6840) (13.4900 6.0880) on layer M1. (ZRT-761)
Warning: pin is off track in the region (17.8960 5.6840) (17.9300 6.0880) on layer M1. (ZRT-761)
Warning: pin is off track in the region (20.8560 5.6840) (20.8900 6.0880) on layer M1. (ZRT-761)
Warning: pin is off track in the region (20.1160 6.8840) (20.1500 7.2880) on layer M1. (ZRT-761)
Warning: pin is off track in the region (17.8960 6.8840) (17.9300 7.2880) on layer M1. (ZRT-761)
Warning: pin is off track in the region (22.2620 6.3120) (22.2960 6.7160) on layer M1. (ZRT-761)
Warning: pin is off track in the region (22.9280 6.9580) (22.9620 7.2180) on layer M1. (ZRT-761)
Warning: pin is off track in the region (21.0780 6.9050) (21.1120 7.2450) on layer M1. (ZRT-761)
Warning: pin is off track in the region (21.2260 6.9180) (21.2600 7.2580) on layer M1. (ZRT-761)
Warning: pin is off track in the region (23.0020 6.3020) (23.0360 6.6980) on layer M1. (ZRT-761)
Warning: pin is off track in the region (23.1500 6.3020) (23.1840 6.6980) on layer M1. (ZRT-761)
Warning: pin is off track in the region (22.4840 5.7020) (22.5180 6.0980) on layer M1. (ZRT-761)
Warning: pin is off track in the region (22.6320 5.7020) (22.6660 6.0980) on layer M1. (ZRT-761)
Warning: pin is off track in the region (25.8140 6.3020) (25.8480 6.6980) on layer M1. (ZRT-761)
Warning: pin is off track in the region (25.9620 6.3020) (25.9960 6.6980) on layer M1. (ZRT-761)
Warning: pin is off track in the region (24.5560 6.9020) (24.5900 7.2980) on layer M1. (ZRT-761)
Warning: pin is off track in the region (24.7040 6.9020) (24.7380 7.2980) on layer M1. (ZRT-761)
Warning: pin is off track in the region (26.0360 5.7020) (26.0700 6.0980) on layer M1. (ZRT-761)
Warning: pin is off track in the region (26.1840 5.7020) (26.2180 6.0980) on layer M1. (ZRT-761)
Warning: pin is off track in the region (24.2600 5.7020) (24.2940 6.0980) on layer M1. (ZRT-761)
Warning: pin is off track in the region (24.4080 5.7020) (24.4420 6.0980) on layer M1. (ZRT-761)
Warning: pin is off track in the region (27.8860 6.9020) (27.9200 7.2980) on layer M1. (ZRT-761)
Warning: pin is off track in the region (28.0340 6.9020) (28.0680 7.2980) on layer M1. (ZRT-761)
Warning: pin is off track in the region (29.2180 6.3020) (29.2520 6.6980) on layer M1. (ZRT-761)
Warning: pin is off track in the region (29.3660 6.3020) (29.4000 6.6980) on layer M1. (ZRT-761)
Warning: pin is off track in the region (27.5160 6.3020) (27.5500 6.6980) on layer M1. (ZRT-761)
Warning: pin is off track in the region (27.6640 6.3020) (27.6980 6.6980) on layer M1. (ZRT-761)
Warning: pin is off track in the region (29.5880 6.9020) (29.6220 7.2980) on layer M1. (ZRT-761)
Warning: pin is off track in the region (29.7360 6.9020) (29.7700 7.2980) on layer M1. (ZRT-761)
Warning: pin is off track in the region (29.2920 5.7020) (29.3260 6.0980) on layer M1. (ZRT-761)
Warning: pin is off track in the region (29.1440 5.7020) (29.1780 6.0980) on layer M1. (ZRT-761)
Warning: pin is off track in the region (32.4000 6.3020) (32.4340 6.6980) on layer M1. (ZRT-761)
Warning: pin is off track in the region (32.2520 6.3020) (32.2860 6.6980) on layer M1. (ZRT-761)
Warning: pin is off track in the region (29.5880 5.7020) (29.6220 6.0980) on layer M1. (ZRT-761)
Warning: pin is off track in the region (29.7360 5.7020) (29.7700 6.0980) on layer M1. (ZRT-761)
Warning: pin is off track in the region (32.7700 6.9020) (32.8040 7.2980) on layer M1. (ZRT-761)
Warning: pin is off track in the region (32.6220 6.9020) (32.6560 7.2980) on layer M1. (ZRT-761)
Warning: pin is off track in the region (34.1760 6.3020) (34.2100 6.6980) on layer M1. (ZRT-761)
Warning: pin is off track in the region (34.0280 6.3020) (34.0620 6.6980) on layer M1. (ZRT-761)
Warning: pin is off track in the region (34.4720 6.9020) (34.5060 7.2980) on layer M1. (ZRT-761)
Warning: pin is off track in the region (34.3240 6.9020) (34.3580 7.2980) on layer M1. (ZRT-761)
Warning: pin is off track in the region (34.5460 5.7020) (34.5800 6.0980) on layer M1. (ZRT-761)
Warning: pin is off track in the region (34.3980 5.7020) (34.4320 6.0980) on layer M1. (ZRT-761)
Warning: pin is off track in the region (31.3640 5.7020) (31.3980 6.0980) on layer M1. (ZRT-761)
Warning: pin is off track in the region (31.5120 5.7020) (31.5460 6.0980) on layer M1. (ZRT-761)
Warning: pin is off track in the region (34.6940 6.9020) (34.7280 7.2980) on layer M1. (ZRT-761)
Warning: pin is off track in the region (34.8420 6.9020) (34.8760 7.2980) on layer M1. (ZRT-761)
Warning: pin is off track in the region (37.8760 6.9020) (37.9100 7.2980) on layer M1. (ZRT-761)
Warning: pin is off track in the region (37.7280 6.9020) (37.7620 7.2980) on layer M1. (ZRT-761)
Warning: pin is off track in the region (39.5780 6.9020) (39.6120 7.2980) on layer M1. (ZRT-761)
Warning: pin is off track in the region (39.4300 6.9020) (39.4640 7.2980) on layer M1. (ZRT-761)
Warning: pin is off track in the region (39.8000 6.3020) (39.8340 6.6980) on layer M1. (ZRT-761)
Warning: pin is off track in the region (39.6520 6.3020) (39.6860 6.6980) on layer M1. (ZRT-761)
Warning: pin is off track in the region (37.9500 5.7020) (37.9840 6.0980) on layer M1. (ZRT-761)
Warning: pin is off track in the region (38.0980 5.7020) (38.1320 6.0980) on layer M1. (ZRT-761)
Warning: pin is off track in the region (37.7280 5.7020) (37.7620 6.0980) on layer M1. (ZRT-761)
Warning: pin is off track in the region (37.5800 5.7020) (37.6140 6.0980) on layer M1. (ZRT-761)
Warning: pin is off track in the region (41.2800 6.9020) (41.3140 7.2980) on layer M1. (ZRT-761)
Warning: pin is off track in the region (41.1320 6.9020) (41.1660 7.2980) on layer M1. (ZRT-761)
Warning: pin is off track in the region (42.0200 6.3020) (42.0540 6.6980) on layer M1. (ZRT-761)
Warning: pin is off track in the region (41.8720 6.3020) (41.9060 6.6980) on layer M1. (ZRT-761)
Warning: pin is off track in the region (43.0560 6.9020) (43.0900 7.2980) on layer M1. (ZRT-761)
Warning: pin is off track in the region (42.9080 6.9020) (42.9420 7.2980) on layer M1. (ZRT-761)
Warning: pin is off track in the region (41.5760 5.7020) (41.6100 6.0980) on layer M1. (ZRT-761)
Warning: pin is off track in the region (41.7240 5.7020) (41.7580 6.0980) on layer M1. (ZRT-761)
Warning: pin is off track in the region (41.1320 5.7020) (41.1660 6.0980) on layer M1. (ZRT-761)
Warning: pin is off track in the region (40.9840 5.7020) (41.0180 6.0980) on layer M1. (ZRT-761)
Warning: pin is off track in the region (44.8320 6.3020) (44.8660 6.6980) on layer M1. (ZRT-761)
Warning: pin is off track in the region (44.6840 6.3020) (44.7180 6.6980) on layer M1. (ZRT-761)
Warning: pin is off track in the region (46.9040 6.3020) (46.9380 6.6980) on layer M1. (ZRT-761)
Warning: pin is off track in the region (46.7560 6.3020) (46.7900 6.6980) on layer M1. (ZRT-761)
Warning: pin is off track in the region (44.7580 5.7020) (44.7920 6.0980) on layer M1. (ZRT-761)
Warning: pin is off track in the region (44.6100 5.7020) (44.6440 6.0980) on layer M1. (ZRT-761)
Warning: pin is off track in the region (46.2380 6.9020) (46.2720 7.2980) on layer M1. (ZRT-761)
Warning: pin is off track in the region (46.3860 6.9020) (46.4200 7.2980) on layer M1. (ZRT-761)
Warning: pin is off track in the region (52.0100 5.7630) (52.0440 6.0350) on layer M1. (ZRT-761)
Warning: pin is off track in the region (51.8620 5.8740) (51.8960 6.0770) on layer M1. (ZRT-761)
Warning: pin is off track in the region (6.3460 8.9110) (6.3920 9.1110) on layer M1. (ZRT-761)
Warning: pin is off track in the region (6.1240 8.8430) (6.1700 9.0320) on layer M1. (ZRT-761)
Warning: pin is off track in the region (5.7600 8.7410) (5.7940 9.0810) on layer M1. (ZRT-761)
Warning: pin is off track in the region (6.6420 11.3110) (6.6880 11.5110) on layer M1. (ZRT-761)
Warning: pin is off track in the region (6.4200 11.2430) (6.4660 11.4320) on layer M1. (ZRT-761)
Warning: pin is off track in the region (6.0560 11.1410) (6.0900 11.4810) on layer M1. (ZRT-761)
Warning: pin is off track in the region (7.3140 9.9120) (7.3480 10.3160) on layer M1. (ZRT-761)
Warning: pin is off track in the region (7.5360 8.0840) (7.5700 8.4880) on layer M1. (ZRT-761)
Warning: pin is off track in the region (8.9420 10.4840) (8.9760 10.8880) on layer M1. (ZRT-761)
Warning: pin is off track in the region (7.9060 7.5120) (7.9400 7.9160) on layer M1. (ZRT-761)
Warning: pin is off track in the region (8.1280 9.2840) (8.1620 9.6880) on layer M1. (ZRT-761)
Warning: pin is off track in the region (5.6860 9.3920) (5.7200 9.5920) on layer M1. (ZRT-761)
Warning: pin is off track in the region (5.9060 9.3190) (5.9440 9.6590) on layer M1. (ZRT-761)
Warning: pin is off track in the region (9.6820 10.6100) (9.7160 10.7880) on layer M1. (ZRT-761)
Warning: pin is off track in the region (9.4600 10.6100) (9.4940 10.7880) on layer M1. (ZRT-761)
Warning: pin is off track in the region (9.8300 10.6350) (9.8640 10.7890) on layer M1. (ZRT-761)
Warning: pin is off track in the region (9.9780 10.5110) (10.0120 10.7880) on layer M1. (ZRT-761)
Warning: pin is off track in the region (9.3120 10.4990) (9.3460 10.8990) on layer M1. (ZRT-761)
Warning: pin is off track in the region (9.5340 9.4100) (9.5680 9.5880) on layer M1. (ZRT-761)
Warning: pin is off track in the region (9.3120 9.4100) (9.3460 9.5880) on layer M1. (ZRT-761)
Warning: pin is off track in the region (9.6820 9.4350) (9.7160 9.5890) on layer M1. (ZRT-761)
Warning: pin is off track in the region (9.8300 9.3110) (9.8640 9.5880) on layer M1. (ZRT-761)
Warning: pin is off track in the region (9.1640 9.2990) (9.1980 9.6990) on layer M1. (ZRT-761)
Warning: pin is off track in the region (9.7560 11.2120) (9.7900 11.3900) on layer M1. (ZRT-761)
Warning: pin is off track in the region (9.5340 11.2120) (9.5680 11.3900) on layer M1. (ZRT-761)
Warning: pin is off track in the region (9.9040 11.2110) (9.9380 11.3650) on layer M1. (ZRT-761)
Warning: pin is off track in the region (10.0520 11.2120) (10.0860 11.4890) on layer M1. (ZRT-761)
Warning: pin is off track in the region (9.3860 11.1010) (9.4200 11.5010) on layer M1. (ZRT-761)
Warning: pin is off track in the region (9.1640 11.1120) (9.1980 11.5160) on layer M1. (ZRT-761)
Warning: pin is off track in the region (9.9040 8.7120) (9.9380 9.1160) on layer M1. (ZRT-761)
Warning: pin is off track in the region (10.0520 7.5120) (10.0860 7.9160) on layer M1. (ZRT-761)
Warning: pin is off track in the region (12.1980 7.5120) (12.2320 7.9160) on layer M1. (ZRT-761)
Warning: pin is off track in the region (9.4600 9.9120) (9.4940 10.3160) on layer M1. (ZRT-761)
Warning: pin is off track in the region (12.1980 9.9120) (12.2320 10.3160) on layer M1. (ZRT-761)
Warning: pin is off track in the region (12.1240 8.0840) (12.1580 8.4880) on layer M1. (ZRT-761)
Warning: pin is off track in the region (12.1980 9.2840) (12.2320 9.6880) on layer M1. (ZRT-761)
Warning: pin is off track in the region (12.1240 10.4840) (12.1580 10.8880) on layer M1. (ZRT-761)
Warning: pin is off track in the region (11.8280 11.2120) (11.8620 11.3900) on layer M1. (ZRT-761)
Warning: pin is off track in the region (11.6060 11.2120) (11.6400 11.3900) on layer M1. (ZRT-761)
Warning: pin is off track in the region (11.9760 11.2110) (12.0100 11.3650) on layer M1. (ZRT-761)
Warning: pin is off track in the region (12.1240 11.2120) (12.1580 11.4890) on layer M1. (ZRT-761)
Warning: pin is off track in the region (11.4580 11.1010) (11.4920 11.5010) on layer M1. (ZRT-761)
Warning: pin is off track in the region (14.4180 9.2840) (14.4520 9.6880) on layer M1. (ZRT-761)
Warning: pin is off track in the region (14.3440 7.5120) (14.3780 7.9160) on layer M1. (ZRT-761)
Warning: pin is off track in the region (14.3440 9.9120) (14.3780 10.3160) on layer M1. (ZRT-761)
Warning: pin is off track in the region (14.2700 11.1120) (14.3040 11.5160) on layer M1. (ZRT-761)
Warning: pin is off track in the region (14.2700 8.7120) (14.3040 9.1160) on layer M1. (ZRT-761)
Warning: pin is off track in the region (16.7120 11.1120) (16.7460 11.5160) on layer M1. (ZRT-761)
Warning: pin is off track in the region (16.7120 9.9120) (16.7460 10.3160) on layer M1. (ZRT-761)
Warning: pin is off track in the region (16.4900 7.5120) (16.5240 7.9160) on layer M1. (ZRT-761)
Warning: pin is off track in the region (16.1140 8.9110) (16.1600 9.1110) on layer M1. (ZRT-761)
Warning: pin is off track in the region (15.8920 8.8430) (15.9380 9.0320) on layer M1. (ZRT-761)
Warning: pin is off track in the region (15.5280 8.7410) (15.5620 9.0810) on layer M1. (ZRT-761)
Warning: pin is off track in the region (16.9280 8.9110) (16.9740 9.1110) on layer M1. (ZRT-761)
Warning: pin is off track in the region (16.7060 8.8430) (16.7520 9.0320) on layer M1. (ZRT-761)
Warning: pin is off track in the region (16.3420 8.7410) (16.3760 9.0810) on layer M1. (ZRT-761)
Warning: pin is off track in the region (16.5580 9.2890) (16.6040 9.4890) on layer M1. (ZRT-761)
Warning: pin is off track in the region (16.3360 9.3680) (16.3820 9.5570) on layer M1. (ZRT-761)
Warning: pin is off track in the region (15.9720 9.3190) (16.0060 9.6590) on layer M1. (ZRT-761)
Warning: pin is off track in the region (17.8960 10.4840) (17.9300 10.8880) on layer M1. (ZRT-761)
Warning: pin is off track in the region (20.7820 7.5120) (20.8160 7.9160) on layer M1. (ZRT-761)
Warning: pin is off track in the region (17.1560 9.4100) (17.1900 9.5880) on layer M1. (ZRT-761)
Warning: pin is off track in the region (16.9340 9.4100) (16.9680 9.5880) on layer M1. (ZRT-761)
Warning: pin is off track in the region (17.3040 9.4350) (17.3380 9.5890) on layer M1. (ZRT-761)
Warning: pin is off track in the region (17.4520 9.3110) (17.4860 9.5880) on layer M1. (ZRT-761)
Warning: pin is off track in the region (16.7860 9.2990) (16.8200 9.6990) on layer M1. (ZRT-761)
Warning: pin is off track in the region (17.3780 8.2100) (17.4120 8.3880) on layer M1. (ZRT-761)
Warning: pin is off track in the region (17.1560 8.2100) (17.1900 8.3880) on layer M1. (ZRT-761)
Warning: pin is off track in the region (17.5260 8.2350) (17.5600 8.3890) on layer M1. (ZRT-761)
Warning: pin is off track in the region (17.6740 8.1110) (17.7080 8.3880) on layer M1. (ZRT-761)
Warning: pin is off track in the region (17.0080 8.0990) (17.0420 8.4990) on layer M1. (ZRT-761)
Warning: pin is off track in the region (19.5240 8.7120) (19.5580 9.1160) on layer M1. (ZRT-761)
Warning: pin is off track in the region (19.5980 9.2840) (19.6320 9.6880) on layer M1. (ZRT-761)
Warning: pin is off track in the region (19.7460 9.9120) (19.7800 10.3160) on layer M1. (ZRT-761)
Warning: pin is off track in the region (19.6720 11.1120) (19.7060 11.5160) on layer M1. (ZRT-761)
Warning: pin is off track in the region (18.6360 7.5120) (18.6700 7.9160) on layer M1. (ZRT-761)
Warning: pin is off track in the region (22.9280 7.5120) (22.9620 7.9160) on layer M1. (ZRT-761)
Warning: pin is off track in the region (21.7440 9.2840) (21.7780 9.6880) on layer M1. (ZRT-761)
Warning: pin is off track in the region (21.8920 9.9120) (21.9260 10.3160) on layer M1. (ZRT-761)
Warning: pin is off track in the region (21.8920 10.4840) (21.9260 10.8880) on layer M1. (ZRT-761)
Warning: pin is off track in the region (21.5220 8.0840) (21.5560 8.4880) on layer M1. (ZRT-761)
Warning: pin is off track in the region (23.1500 11.1020) (23.1840 11.4980) on layer M1. (ZRT-761)
Warning: pin is off track in the region (23.2980 11.1020) (23.3320 11.4980) on layer M1. (ZRT-761)
Warning: pin is off track in the region (22.6320 9.3020) (22.6660 9.6980) on layer M1. (ZRT-761)
Warning: pin is off track in the region (22.7800 9.3020) (22.8140 9.6980) on layer M1. (ZRT-761)
Warning: pin is off track in the region (22.9280 8.1020) (22.9620 8.4980) on layer M1. (ZRT-761)
Warning: pin is off track in the region (23.0760 8.1020) (23.1100 8.4980) on layer M1. (ZRT-761)
Warning: pin is off track in the region (22.7800 8.7020) (22.8140 9.0980) on layer M1. (ZRT-761)
Warning: pin is off track in the region (22.9280 8.7020) (22.9620 9.0980) on layer M1. (ZRT-761)
Warning: pin is off track in the region (23.1500 7.5020) (23.1840 7.8980) on layer M1. (ZRT-761)
Warning: pin is off track in the region (23.2980 7.5020) (23.3320 7.8980) on layer M1. (ZRT-761)
Warning: pin is off track in the region (22.9280 11.1820) (22.9620 11.4420) on layer M1. (ZRT-761)
Warning: pin is off track in the region (21.0780 11.1550) (21.1120 11.4950) on layer M1. (ZRT-761)
Warning: pin is off track in the region (21.2260 11.1420) (21.2600 11.4820) on layer M1. (ZRT-761)
Warning: pin is off track in the region (22.1140 9.9020) (22.1480 10.2980) on layer M1. (ZRT-761)
Warning: pin is off track in the region (22.2620 9.9020) (22.2960 10.2980) on layer M1. (ZRT-761)
Warning: pin is off track in the region (21.0780 8.7020) (21.1120 9.0980) on layer M1. (ZRT-761)
Warning: pin is off track in the region (21.2260 8.7020) (21.2600 9.0980) on layer M1. (ZRT-761)
Warning: pin is off track in the region (26.0360 10.0630) (26.0700 10.3000) on layer M1. (ZRT-761)
Warning: pin is off track in the region (26.1840 9.9550) (26.2180 10.2410) on layer M1. (ZRT-761)
Warning: pin is off track in the region (26.0360 10.5230) (26.0700 10.8770) on layer M1. (ZRT-761)
Warning: pin is off track in the region (25.1480 10.5230) (25.1820 10.8770) on layer M1. (ZRT-761)
Warning: pin is off track in the region (26.2580 10.5020) (26.2920 10.8980) on layer M1. (ZRT-761)
Warning: pin is off track in the region (26.4060 10.5020) (26.4400 10.8980) on layer M1. (ZRT-761)
Warning: pin is off track in the region (25.4440 11.1020) (25.4780 11.4980) on layer M1. (ZRT-761)
Warning: pin is off track in the region (25.5920 11.1020) (25.6260 11.4980) on layer M1. (ZRT-761)
Warning: pin is off track in the region (23.8160 9.9020) (23.8500 10.2980) on layer M1. (ZRT-761)
Warning: pin is off track in the region (23.9640 9.9020) (23.9980 10.2980) on layer M1. (ZRT-761)
Warning: pin is off track in the region (26.1840 9.3230) (26.2180 9.6770) on layer M1. (ZRT-761)
Warning: pin is off track in the region (25.2960 9.3230) (25.3300 9.6770) on layer M1. (ZRT-761)
Warning: pin is off track in the region (24.4820 8.7020) (24.5160 9.0980) on layer M1. (ZRT-761)
Warning: pin is off track in the region (24.6300 8.7020) (24.6640 9.0980) on layer M1. (ZRT-761)
Warning: pin is off track in the region (23.4460 10.5020) (23.4800 10.8980) on layer M1. (ZRT-761)
Warning: pin is off track in the region (23.5940 10.5020) (23.6280 10.8980) on layer M1. (ZRT-761)
Warning: pin is off track in the region (27.2200 8.1230) (27.2540 8.4770) on layer M1. (ZRT-761)
Warning: pin is off track in the region (26.3320 8.1230) (26.3660 8.4770) on layer M1. (ZRT-761)
Warning: pin is off track in the region (24.6300 8.1020) (24.6640 8.4980) on layer M1. (ZRT-761)
Warning: pin is off track in the region (24.7780 8.1020) (24.8120 8.4980) on layer M1. (ZRT-761)
Warning: pin is off track in the region (26.4060 9.3020) (26.4400 9.6980) on layer M1. (ZRT-761)
Warning: pin is off track in the region (26.5540 9.3020) (26.5880 9.6980) on layer M1. (ZRT-761)
Warning: pin is off track in the region (26.5540 7.5020) (26.5880 7.8980) on layer M1. (ZRT-761)
Warning: pin is off track in the region (26.7020 7.5020) (26.7360 7.8980) on layer M1. (ZRT-761)
Warning: pin is off track in the region (24.8520 7.5020) (24.8860 7.8980) on layer M1. (ZRT-761)
Warning: pin is off track in the region (25.0000 7.5020) (25.0340 7.8980) on layer M1. (ZRT-761)
Warning: pin is off track in the region (27.2200 10.0630) (27.2540 10.3000) on layer M1. (ZRT-761)
Warning: pin is off track in the region (27.3680 9.9550) (27.4020 10.2410) on layer M1. (ZRT-761)
Warning: pin is off track in the region (27.9600 10.0370) (27.9940 10.2400) on layer M1. (ZRT-761)
Warning: pin is off track in the region (28.1080 10.0170) (28.1420 10.2420) on layer M1. (ZRT-761)
Warning: pin is off track in the region (27.4420 8.8630) (27.4760 9.1000) on layer M1. (ZRT-761)
Warning: pin is off track in the region (27.5900 8.7550) (27.6240 9.0410) on layer M1. (ZRT-761)
Warning: pin is off track in the region (27.7380 10.0630) (27.7720 10.3000) on layer M1. (ZRT-761)
Warning: pin is off track in the region (27.5900 9.9550) (27.6240 10.2410) on layer M1. (ZRT-761)
Warning: pin is off track in the region (28.4780 8.8630) (28.5120 9.1000) on layer M1. (ZRT-761)
Warning: pin is off track in the region (28.6260 8.7550) (28.6600 9.0410) on layer M1. (ZRT-761)
Warning: pin is off track in the region (28.1080 8.8370) (28.1420 9.0400) on layer M1. (ZRT-761)
Warning: pin is off track in the region (28.2560 8.8170) (28.2900 9.0420) on layer M1. (ZRT-761)
Warning: pin is off track in the region (29.2180 10.0630) (29.2520 10.3000) on layer M1. (ZRT-761)
Warning: pin is off track in the region (29.3660 9.9550) (29.4000 10.2410) on layer M1. (ZRT-761)
Warning: pin is off track in the region (29.7360 10.0370) (29.7700 10.2400) on layer M1. (ZRT-761)
Warning: pin is off track in the region (29.5880 10.0170) (29.6220 10.2420) on layer M1. (ZRT-761)
Warning: pin is off track in the region (30.6980 10.5600) (30.7320 10.7630) on layer M1. (ZRT-761)
Warning: pin is off track in the region (30.5500 10.5580) (30.5840 10.7830) on layer M1. (ZRT-761)
Warning: pin is off track in the region (28.9960 8.8370) (29.0300 9.0400) on layer M1. (ZRT-761)
Warning: pin is off track in the region (28.8480 8.8170) (28.8820 9.0420) on layer M1. (ZRT-761)
Warning: pin is off track in the region (30.3280 8.8630) (30.3620 9.1000) on layer M1. (ZRT-761)
Warning: pin is off track in the region (30.4760 8.7550) (30.5100 9.0410) on layer M1. (ZRT-761)
Warning: pin is off track in the region (30.9940 10.0630) (31.0280 10.3000) on layer M1. (ZRT-761)
Warning: pin is off track in the region (31.1420 9.9550) (31.1760 10.2410) on layer M1. (ZRT-761)
Warning: pin is off track in the region (30.3280 10.5000) (30.3620 10.7370) on layer M1. (ZRT-761)
Warning: pin is off track in the region (30.1800 10.5590) (30.2140 10.8450) on layer M1. (ZRT-761)
Warning: pin is off track in the region (30.9200 11.2370) (30.9540 11.4400) on layer M1. (ZRT-761)
Warning: pin is off track in the region (31.0680 11.2170) (31.1020 11.4420) on layer M1. (ZRT-761)
Warning: pin is off track in the region (29.8100 9.3000) (29.8440 9.5370) on layer M1. (ZRT-761)
Warning: pin is off track in the region (29.9580 9.3590) (29.9920 9.6450) on layer M1. (ZRT-761)
Warning: pin is off track in the region (30.8460 8.8630) (30.8800 9.1000) on layer M1. (ZRT-761)
Warning: pin is off track in the region (30.6980 8.7550) (30.7320 9.0410) on layer M1. (ZRT-761)
Warning: pin is off track in the region (30.3260 8.1230) (30.3640 8.4770) on layer M1. (ZRT-761)
Warning: pin is off track in the region (27.2940 11.1020) (27.3280 11.4980) on layer M1. (ZRT-761)
Warning: pin is off track in the region (27.4420 11.1020) (27.4760 11.4980) on layer M1. (ZRT-761)
Warning: pin is off track in the region (28.1080 9.3020) (28.1420 9.6980) on layer M1. (ZRT-761)
Warning: pin is off track in the region (28.2560 9.3020) (28.2900 9.6980) on layer M1. (ZRT-761)
Warning: pin is off track in the region (29.1440 11.1020) (29.1780 11.4980) on layer M1. (ZRT-761)
Warning: pin is off track in the region (29.2920 11.1020) (29.3260 11.4980) on layer M1. (ZRT-761)
Warning: pin is off track in the region (30.1800 9.3020) (30.2140 9.6980) on layer M1. (ZRT-761)
Warning: pin is off track in the region (30.3280 9.3020) (30.3620 9.6980) on layer M1. (ZRT-761)
Warning: pin is off track in the region (28.0340 10.5020) (28.0680 10.8980) on layer M1. (ZRT-761)
Warning: pin is off track in the region (28.1820 10.5020) (28.2160 10.8980) on layer M1. (ZRT-761)
Warning: pin is off track in the region (29.8100 8.1020) (29.8440 8.4980) on layer M1. (ZRT-761)
Warning: pin is off track in the region (29.6620 8.1020) (29.6960 8.4980) on layer M1. (ZRT-761)
Warning: pin is off track in the region (31.0680 10.5020) (31.1020 10.8980) on layer M1. (ZRT-761)
Warning: pin is off track in the region (31.2160 10.5020) (31.2500 10.8980) on layer M1. (ZRT-761)
Warning: pin is off track in the region (32.5480 8.7020) (32.5820 9.0980) on layer M1. (ZRT-761)
Warning: pin is off track in the region (32.4000 8.7020) (32.4340 9.0980) on layer M1. (ZRT-761)
Warning: pin is off track in the region (31.4380 8.1000) (31.4720 8.3370) on layer M1. (ZRT-761)
Warning: pin is off track in the region (31.2900 8.1590) (31.3240 8.4450) on layer M1. (ZRT-761)
Warning: pin is off track in the region (31.2900 11.2630) (31.3240 11.5000) on layer M1. (ZRT-761)
Warning: pin is off track in the region (31.4380 11.1550) (31.4720 11.4410) on layer M1. (ZRT-761)
Warning: pin is off track in the region (33.0660 9.3000) (33.1000 9.5370) on layer M1. (ZRT-761)
Warning: pin is off track in the region (33.2140 9.3590) (33.2480 9.6450) on layer M1. (ZRT-761)
Warning: pin is off track in the region (32.4740 9.3600) (32.5080 9.5630) on layer M1. (ZRT-761)
Warning: pin is off track in the region (32.3260 9.3580) (32.3600 9.5830) on layer M1. (ZRT-761)
Warning: pin is off track in the region (33.1400 8.8370) (33.1740 9.0400) on layer M1. (ZRT-761)
Warning: pin is off track in the region (33.2880 8.8170) (33.3220 9.0420) on layer M1. (ZRT-761)
Warning: pin is off track in the region (34.0280 8.8630) (34.0620 9.1000) on layer M1. (ZRT-761)
Warning: pin is off track in the region (33.8800 8.7550) (33.9140 9.0410) on layer M1. (ZRT-761)
Warning: pin is off track in the region (32.6960 11.2370) (32.7300 11.4400) on layer M1. (ZRT-761)
Warning: pin is off track in the region (32.5480 11.2170) (32.5820 11.4420) on layer M1. (ZRT-761)
Warning: pin is off track in the region (34.4720 10.5000) (34.5060 10.7370) on layer M1. (ZRT-761)
Warning: pin is off track in the region (34.6200 10.5590) (34.6540 10.8450) on layer M1. (ZRT-761)
Warning: pin is off track in the region (34.5460 9.3000) (34.5800 9.5370) on layer M1. (ZRT-761)
Warning: pin is off track in the region (34.6940 9.3590) (34.7280 9.6450) on layer M1. (ZRT-761)
Warning: pin is off track in the region (32.7700 8.8370) (32.8040 9.0400) on layer M1. (ZRT-761)
Warning: pin is off track in the region (32.9180 8.8170) (32.9520 9.0420) on layer M1. (ZRT-761)
Warning: pin is off track in the region (35.0640 9.3000) (35.0980 9.5370) on layer M1. (ZRT-761)
Warning: pin is off track in the region (34.9160 9.3590) (34.9500 9.6450) on layer M1. (ZRT-761)
Warning: pin is off track in the region (33.5100 8.8370) (33.5440 9.0400) on layer M1. (ZRT-761)
Warning: pin is off track in the region (33.6580 8.8170) (33.6920 9.0420) on layer M1. (ZRT-761)
Warning: pin is off track in the region (33.4360 9.3000) (33.4700 9.5370) on layer M1. (ZRT-761)
Warning: pin is off track in the region (33.5840 9.3590) (33.6180 9.6450) on layer M1. (ZRT-761)
Warning: pin is off track in the region (33.9540 9.3600) (33.9880 9.5630) on layer M1. (ZRT-761)
Warning: pin is off track in the region (33.8060 9.3580) (33.8400 9.5830) on layer M1. (ZRT-761)
Warning: pin is off track in the region (31.9540 8.1230) (31.9920 8.4770) on layer M1. (ZRT-761)
Warning: pin is off track in the region (31.6600 9.9020) (31.6940 10.2980) on layer M1. (ZRT-761)
Warning: pin is off track in the region (31.8080 9.9020) (31.8420 10.2980) on layer M1. (ZRT-761)
Warning: pin is off track in the region (33.0660 8.1230) (33.1000 8.4770) on layer M1. (ZRT-761)
Warning: pin is off track in the region (32.1780 8.1230) (32.2120 8.4770) on layer M1. (ZRT-761)
Warning: pin is off track in the region (33.3620 11.1020) (33.3960 11.4980) on layer M1. (ZRT-761)
Warning: pin is off track in the region (33.5100 11.1020) (33.5440 11.4980) on layer M1. (ZRT-761)
Warning: pin is off track in the region (32.7700 10.5020) (32.8040 10.8980) on layer M1. (ZRT-761)
Warning: pin is off track in the region (32.9180 10.5020) (32.9520 10.8980) on layer M1. (ZRT-761)
Warning: pin is off track in the region (34.7680 8.1020) (34.8020 8.4980) on layer M1. (ZRT-761)
Warning: pin is off track in the region (34.6200 8.1020) (34.6540 8.4980) on layer M1. (ZRT-761)
Warning: pin is off track in the region (34.8420 9.9020) (34.8760 10.2980) on layer M1. (ZRT-761)
Warning: pin is off track in the region (34.6940 9.9020) (34.7280 10.2980) on layer M1. (ZRT-761)
Warning: pin is off track in the region (36.3220 10.5020) (36.3560 10.8980) on layer M1. (ZRT-761)
Warning: pin is off track in the region (36.1740 10.5020) (36.2080 10.8980) on layer M1. (ZRT-761)
Warning: pin is off track in the region (35.2840 8.1230) (35.3220 8.4770) on layer M1. (ZRT-761)
Warning: pin is off track in the region (37.5800 10.0630) (37.6140 10.3000) on layer M1. (ZRT-761)
Warning: pin is off track in the region (37.7280 9.9550) (37.7620 10.2410) on layer M1. (ZRT-761)
Warning: pin is off track in the region (36.1000 10.0370) (36.1340 10.2400) on layer M1. (ZRT-761)
Warning: pin is off track in the region (35.9520 10.0170) (35.9860 10.2420) on layer M1. (ZRT-761)
Warning: pin is off track in the region (38.2460 10.5600) (38.2800 10.7630) on layer M1. (ZRT-761)
Warning: pin is off track in the region (38.3940 10.5580) (38.4280 10.7830) on layer M1. (ZRT-761)
Warning: pin is off track in the region (38.5420 10.0630) (38.5760 10.3000) on layer M1. (ZRT-761)
Warning: pin is off track in the region (38.3940 9.9550) (38.4280 10.2410) on layer M1. (ZRT-761)
Warning: pin is off track in the region (37.9500 10.0370) (37.9840 10.2400) on layer M1. (ZRT-761)
Warning: pin is off track in the region (38.0980 10.0170) (38.1320 10.2420) on layer M1. (ZRT-761)
Warning: pin is off track in the region (38.0980 8.8630) (38.1320 9.1000) on layer M1. (ZRT-761)
Warning: pin is off track in the region (37.9500 8.7550) (37.9840 9.0410) on layer M1. (ZRT-761)
Warning: pin is off track in the region (38.9120 10.5600) (38.9460 10.7630) on layer M1. (ZRT-761)
Warning: pin is off track in the region (39.0600 10.5580) (39.0940 10.7830) on layer M1. (ZRT-761)
Warning: pin is off track in the region (38.9120 10.0630) (38.9460 10.3000) on layer M1. (ZRT-761)
Warning: pin is off track in the region (38.7640 9.9550) (38.7980 10.2410) on layer M1. (ZRT-761)
Warning: pin is off track in the region (35.2860 9.3020) (35.3200 9.6980) on layer M1. (ZRT-761)
Warning: pin is off track in the region (35.4340 9.3020) (35.4680 9.6980) on layer M1. (ZRT-761)
Warning: pin is off track in the region (39.2080 8.7230) (39.2420 9.0770) on layer M1. (ZRT-761)
Warning: pin is off track in the region (38.3200 8.7230) (38.3540 9.0770) on layer M1. (ZRT-761)
Warning: pin is off track in the region (36.6180 11.1020) (36.6520 11.4980) on layer M1. (ZRT-761)
Warning: pin is off track in the region (36.7660 11.1020) (36.8000 11.4980) on layer M1. (ZRT-761)
Warning: pin is off track in the region (39.1340 8.1020) (39.1680 8.4980) on layer M1. (ZRT-761)
Warning: pin is off track in the region (38.9860 8.1020) (39.0200 8.4980) on layer M1. (ZRT-761)
Warning: pin is off track in the region (37.4320 8.7020) (37.4660 9.0980) on layer M1. (ZRT-761)
Warning: pin is off track in the region (37.2840 8.7020) (37.3180 9.0980) on layer M1. (ZRT-761)
Warning: pin is off track in the region (36.9880 8.1020) (37.0220 8.4980) on layer M1. (ZRT-761)
Warning: pin is off track in the region (36.8400 8.1020) (36.8740 8.4980) on layer M1. (ZRT-761)
Warning: pin is off track in the region (38.0240 10.5020) (38.0580 10.8980) on layer M1. (ZRT-761)
Warning: pin is off track in the region (37.8760 10.5020) (37.9100 10.8980) on layer M1. (ZRT-761)
Warning: pin is off track in the region (38.1720 7.5020) (38.2060 7.8980) on layer M1. (ZRT-761)
Warning: pin is off track in the region (38.0240 7.5020) (38.0580 7.8980) on layer M1. (ZRT-761)
Warning: pin is off track in the region (39.8000 11.1020) (39.8340 11.4980) on layer M1. (ZRT-761)
Warning: pin is off track in the region (39.6520 11.1020) (39.6860 11.4980) on layer M1. (ZRT-761)
Warning: pin is off track in the region (40.1700 9.3020) (40.2040 9.6980) on layer M1. (ZRT-761)
Warning: pin is off track in the region (40.0220 9.3020) (40.0560 9.6980) on layer M1. (ZRT-761)
Warning: pin is off track in the region (38.4680 9.3020) (38.5020 9.6980) on layer M1. (ZRT-761)
Warning: pin is off track in the region (38.3200 9.3020) (38.3540 9.6980) on layer M1. (ZRT-761)
Warning: pin is off track in the region (40.0220 7.5020) (40.0560 7.8980) on layer M1. (ZRT-761)
Warning: pin is off track in the region (39.8740 7.5020) (39.9080 7.8980) on layer M1. (ZRT-761)
Warning: pin is off track in the region (39.6520 10.0370) (39.6860 10.2400) on layer M1. (ZRT-761)
Warning: pin is off track in the region (39.5040 10.0170) (39.5380 10.2420) on layer M1. (ZRT-761)
Warning: pin is off track in the region (40.2440 10.0370) (40.2780 10.2400) on layer M1. (ZRT-761)
Warning: pin is off track in the region (40.0960 10.0170) (40.1300 10.2420) on layer M1. (ZRT-761)
Warning: pin is off track in the region (40.8360 10.5600) (40.8700 10.7630) on layer M1. (ZRT-761)
Warning: pin is off track in the region (40.6880 10.5580) (40.7220 10.7830) on layer M1. (ZRT-761)
Warning: pin is off track in the region (41.4280 10.5600) (41.4620 10.7630) on layer M1. (ZRT-761)
Warning: pin is off track in the region (41.5760 10.5580) (41.6100 10.7830) on layer M1. (ZRT-761)
Warning: pin is off track in the region (39.9480 10.5600) (39.9820 10.7630) on layer M1. (ZRT-761)
Warning: pin is off track in the region (40.0960 10.5580) (40.1300 10.7830) on layer M1. (ZRT-761)
Warning: pin is off track in the region (42.3900 10.5600) (42.4240 10.7630) on layer M1. (ZRT-761)
Warning: pin is off track in the region (42.2420 10.5580) (42.2760 10.7830) on layer M1. (ZRT-761)
Warning: pin is off track in the region (40.3180 10.5600) (40.3520 10.7630) on layer M1. (ZRT-761)
Warning: pin is off track in the region (40.4660 10.5580) (40.5000 10.7830) on layer M1. (ZRT-761)
Warning: pin is off track in the region (41.0580 10.5600) (41.0920 10.7630) on layer M1. (ZRT-761)
Warning: pin is off track in the region (41.2060 10.5580) (41.2400 10.7830) on layer M1. (ZRT-761)
Warning: pin is off track in the region (42.6120 9.9020) (42.6460 10.2980) on layer M1. (ZRT-761)
Warning: pin is off track in the region (42.7600 9.9020) (42.7940 10.2980) on layer M1. (ZRT-761)
Warning: pin is off track in the region (41.1320 8.1020) (41.1660 8.4980) on layer M1. (ZRT-761)
Warning: pin is off track in the region (40.9840 8.1020) (41.0180 8.4980) on layer M1. (ZRT-761)
Warning: pin is off track in the region (41.9460 7.5020) (41.9800 7.8980) on layer M1. (ZRT-761)
Warning: pin is off track in the region (41.7980 7.5020) (41.8320 7.8980) on layer M1. (ZRT-761)
Warning: pin is off track in the region (43.2040 11.1020) (43.2380 11.4980) on layer M1. (ZRT-761)
Warning: pin is off track in the region (43.0560 11.1020) (43.0900 11.4980) on layer M1. (ZRT-761)
Warning: pin is off track in the region (42.3900 9.9020) (42.4240 10.2980) on layer M1. (ZRT-761)
Warning: pin is off track in the region (42.2420 9.9020) (42.2760 10.2980) on layer M1. (ZRT-761)
Warning: pin is off track in the region (44.3140 8.7020) (44.3480 9.0980) on layer M1. (ZRT-761)
Warning: pin is off track in the region (44.1660 8.7020) (44.2000 9.0980) on layer M1. (ZRT-761)
Warning: pin is off track in the region (42.6120 8.7020) (42.6460 9.0980) on layer M1. (ZRT-761)
Warning: pin is off track in the region (42.4640 8.7020) (42.4980 9.0980) on layer M1. (ZRT-761)
Warning: pin is off track in the region (41.5020 11.1020) (41.5360 11.4980) on layer M1. (ZRT-761)
Warning: pin is off track in the region (41.3540 11.1020) (41.3880 11.4980) on layer M1. (ZRT-761)
Warning: pin is off track in the region (43.1300 8.1020) (43.1640 8.4980) on layer M1. (ZRT-761)
Warning: pin is off track in the region (42.9820 8.1020) (43.0160 8.4980) on layer M1. (ZRT-761)
Warning: pin is off track in the region (44.3880 7.5020) (44.4220 7.8980) on layer M1. (ZRT-761)
Warning: pin is off track in the region (44.2400 7.5020) (44.2740 7.8980) on layer M1. (ZRT-761)
Warning: pin is off track in the region (41.4260 9.3230) (41.4640 9.6770) on layer M1. (ZRT-761)
Warning: pin is off track in the region (48.3840 9.9120) (48.4180 10.3160) on layer M1. (ZRT-761)
Warning: pin is off track in the region (48.6060 10.4840) (48.6400 10.8880) on layer M1. (ZRT-761)
Warning: pin is off track in the region (43.8700 10.5000) (43.9040 10.7370) on layer M1. (ZRT-761)
Warning: pin is off track in the region (44.0180 10.5590) (44.0520 10.8450) on layer M1. (ZRT-761)
Warning: pin is off track in the region (45.7940 9.9020) (45.8280 10.2980) on layer M1. (ZRT-761)
Warning: pin is off track in the region (45.6460 9.9020) (45.6800 10.2980) on layer M1. (ZRT-761)
Warning: pin is off track in the region (44.9060 11.1020) (44.9400 11.4980) on layer M1. (ZRT-761)
Warning: pin is off track in the region (44.7580 11.1020) (44.7920 11.4980) on layer M1. (ZRT-761)
Warning: pin is off track in the region (44.8320 8.1020) (44.8660 8.4980) on layer M1. (ZRT-761)
Warning: pin is off track in the region (44.6840 8.1020) (44.7180 8.4980) on layer M1. (ZRT-761)
Warning: pin is off track in the region (47.4220 8.1020) (47.4560 8.4980) on layer M1. (ZRT-761)
Warning: pin is off track in the region (47.2740 8.1020) (47.3080 8.4980) on layer M1. (ZRT-761)
Warning: pin is off track in the region (46.0160 8.7020) (46.0500 9.0980) on layer M1. (ZRT-761)
Warning: pin is off track in the region (45.8680 8.7020) (45.9020 9.0980) on layer M1. (ZRT-761)
Warning: pin is off track in the region (46.3120 7.5020) (46.3460 7.8980) on layer M1. (ZRT-761)
Warning: pin is off track in the region (46.1640 7.5020) (46.1980 7.8980) on layer M1. (ZRT-761)
Warning: pin is off track in the region (46.6080 11.1020) (46.6420 11.4980) on layer M1. (ZRT-761)
Warning: pin is off track in the region (46.4600 11.1020) (46.4940 11.4980) on layer M1. (ZRT-761)
Warning: pin is off track in the region (47.7180 8.7020) (47.7520 9.0980) on layer M1. (ZRT-761)
Warning: pin is off track in the region (47.5700 8.7020) (47.6040 9.0980) on layer M1. (ZRT-761)
Warning: pin is off track in the region (46.5340 7.5020) (46.5680 7.8980) on layer M1. (ZRT-761)
Warning: pin is off track in the region (46.6820 7.5020) (46.7160 7.8980) on layer M1. (ZRT-761)
Warning: pin is off track in the region (44.5340 10.5230) (44.5720 10.8770) on layer M1. (ZRT-761)
Warning: pin is off track in the region (50.5300 11.1120) (50.5640 11.5160) on layer M1. (ZRT-761)
Warning: pin is off track in the region (52.6760 9.9120) (52.7100 10.3160) on layer M1. (ZRT-761)
Warning: pin is off track in the region (52.5280 8.0840) (52.5620 8.4880) on layer M1. (ZRT-761)
Warning: pin is off track in the region (52.6760 11.1120) (52.7100 11.5160) on layer M1. (ZRT-761)
Warning: pin is off track in the region (52.6020 9.2840) (52.6360 9.6880) on layer M1. (ZRT-761)
Warning: pin is off track in the region (49.5680 9.2840) (49.6020 9.6880) on layer M1. (ZRT-761)
Warning: pin is off track in the region (50.3820 8.0840) (50.4160 8.4880) on layer M1. (ZRT-761)
Warning: pin is off track in the region (52.3060 7.5120) (52.3400 7.9160) on layer M1. (ZRT-761)
Warning: pin is off track in the region (50.5300 9.9120) (50.5640 10.3160) on layer M1. (ZRT-761)
Warning: pin is off track in the region (50.1600 7.5120) (50.1940 7.9160) on layer M1. (ZRT-761)
Warning: pin is off track in the region (6.1240 12.5110) (6.1700 12.7110) on layer M1. (ZRT-761)
Warning: pin is off track in the region (5.9020 12.4430) (5.9480 12.6320) on layer M1. (ZRT-761)
Warning: pin is off track in the region (5.5380 12.3410) (5.5720 12.6810) on layer M1. (ZRT-761)
Warning: pin is off track in the region (5.9760 14.0890) (6.0220 14.2890) on layer M1. (ZRT-761)
Warning: pin is off track in the region (5.7540 14.1680) (5.8000 14.3570) on layer M1. (ZRT-761)
Warning: pin is off track in the region (5.3900 14.1190) (5.4240 14.4590) on layer M1. (ZRT-761)
Warning: pin is off track in the region (7.3140 12.8840) (7.3480 13.2880) on layer M1. (ZRT-761)
Warning: pin is off track in the region (7.3140 11.6840) (7.3480 12.0880) on layer M1. (ZRT-761)
Warning: pin is off track in the region (7.5360 14.7120) (7.5700 15.1160) on layer M1. (ZRT-761)
Warning: pin is off track in the region (8.1280 14.0840) (8.1620 14.4880) on layer M1. (ZRT-761)
Warning: pin is off track in the region (8.3500 12.3120) (8.3840 12.7160) on layer M1. (ZRT-761)
Warning: pin is off track in the region (11.0820 14.0890) (11.1280 14.2890) on layer M1. (ZRT-761)
Warning: pin is off track in the region (10.8600 14.1680) (10.9060 14.3570) on layer M1. (ZRT-761)
Warning: pin is off track in the region (10.4960 14.1190) (10.5300 14.4590) on layer M1. (ZRT-761)
Warning: pin is off track in the region (10.6440 12.4120) (10.6780 12.5990) on layer M1. (ZRT-761)
Warning: pin is off track in the region (8.3500 14.8120) (8.3840 14.9900) on layer M1. (ZRT-761)
Warning: pin is off track in the region (8.1280 14.8120) (8.1620 14.9900) on layer M1. (ZRT-761)
Warning: pin is off track in the region (8.4980 14.8110) (8.5320 14.9650) on layer M1. (ZRT-761)
Warning: pin is off track in the region (8.6460 14.8120) (8.6800 15.0890) on layer M1. (ZRT-761)
Warning: pin is off track in the region (7.9800 14.7010) (8.0140 15.1010) on layer M1. (ZRT-761)
Warning: pin is off track in the region (9.0900 12.4120) (9.1240 12.5900) on layer M1. (ZRT-761)
Warning: pin is off track in the region (8.8680 12.4120) (8.9020 12.5900) on layer M1. (ZRT-761)
Warning: pin is off track in the region (9.2380 12.4110) (9.2720 12.5650) on layer M1. (ZRT-761)
Warning: pin is off track in the region (9.3860 12.4120) (9.4200 12.6890) on layer M1. (ZRT-761)
Warning: pin is off track in the region (8.7200 12.3010) (8.7540 12.7010) on layer M1. (ZRT-761)
Warning: pin is off track in the region (9.6080 13.5120) (9.6420 13.9160) on layer M1. (ZRT-761)
Warning: pin is off track in the region (9.4600 12.8840) (9.4940 13.2880) on layer M1. (ZRT-761)
Warning: pin is off track in the region (11.7540 13.5120) (11.7880 13.9160) on layer M1. (ZRT-761)
Warning: pin is off track in the region (11.6060 12.8840) (11.6400 13.2880) on layer M1. (ZRT-761)
Warning: pin is off track in the region (11.6060 14.7120) (11.6400 15.1160) on layer M1. (ZRT-761)
Warning: pin is off track in the region (11.3840 11.6840) (11.4180 12.0880) on layer M1. (ZRT-761)
Warning: pin is off track in the region (9.2380 14.2100) (9.2720 14.3880) on layer M1. (ZRT-761)
Warning: pin is off track in the region (9.0160 14.2100) (9.0500 14.3880) on layer M1. (ZRT-761)
Warning: pin is off track in the region (9.3860 14.2350) (9.4200 14.3890) on layer M1. (ZRT-761)
Warning: pin is off track in the region (9.5340 14.1110) (9.5680 14.3880) on layer M1. (ZRT-761)
Warning: pin is off track in the region (8.8680 14.0990) (8.9020 14.4990) on layer M1. (ZRT-761)
Warning: pin is off track in the region (12.4140 12.5110) (12.4600 12.7110) on layer M1. (ZRT-761)
Warning: pin is off track in the region (12.1920 12.4430) (12.2380 12.6320) on layer M1. (ZRT-761)
Warning: pin is off track in the region (11.8280 12.3410) (11.8620 12.6810) on layer M1. (ZRT-761)
Warning: pin is off track in the region (14.9300 12.5110) (14.9760 12.7110) on layer M1. (ZRT-761)
Warning: pin is off track in the region (14.7080 12.4430) (14.7540 12.6320) on layer M1. (ZRT-761)
Warning: pin is off track in the region (14.3440 12.3410) (14.3780 12.6810) on layer M1. (ZRT-761)
Warning: pin is off track in the region (12.3400 14.0890) (12.3860 14.2890) on layer M1. (ZRT-761)
Warning: pin is off track in the region (12.1180 14.1680) (12.1640 14.3570) on layer M1. (ZRT-761)
Warning: pin is off track in the region (11.7540 14.1190) (11.7880 14.4590) on layer M1. (ZRT-761)
Warning: pin is off track in the region (16.0460 14.7120) (16.0800 15.1160) on layer M1. (ZRT-761)
Warning: pin is off track in the region (17.0820 12.3120) (17.1160 12.7160) on layer M1. (ZRT-761)
Warning: pin is off track in the region (14.4920 14.0840) (14.5260 14.4880) on layer M1. (ZRT-761)
Warning: pin is off track in the region (13.0860 14.7020) (13.1200 15.0980) on layer M1. (ZRT-761)
Warning: pin is off track in the region (11.5320 12.3410) (11.5660 12.6810) on layer M1. (ZRT-761)
Warning: pin is off track in the region (13.6040 12.4120) (13.6380 12.5900) on layer M1. (ZRT-761)
Warning: pin is off track in the region (13.3820 12.4120) (13.4160 12.5900) on layer M1. (ZRT-761)
Warning: pin is off track in the region (13.7520 12.4110) (13.7860 12.5650) on layer M1. (ZRT-761)
Warning: pin is off track in the region (13.9000 12.4120) (13.9340 12.6890) on layer M1. (ZRT-761)
Warning: pin is off track in the region (13.2340 12.3010) (13.2680 12.7010) on layer M1. (ZRT-761)
Warning: pin is off track in the region (14.7140 11.6840) (14.7480 12.0880) on layer M1. (ZRT-761)
Warning: pin is off track in the region (16.1940 13.5120) (16.2280 13.9160) on layer M1. (ZRT-761)
Warning: pin is off track in the region (14.0480 13.5120) (14.0820 13.9160) on layer M1. (ZRT-761)
Warning: pin is off track in the region (14.1960 12.8840) (14.2300 13.2880) on layer M1. (ZRT-761)
Warning: pin is off track in the region (20.5600 14.7120) (20.5940 15.1160) on layer M1. (ZRT-761)
Warning: pin is off track in the region (20.5600 12.8840) (20.5940 13.2880) on layer M1. (ZRT-761)
Warning: pin is off track in the region (17.0820 11.8100) (17.1160 11.9880) on layer M1. (ZRT-761)
Warning: pin is off track in the region (16.8600 11.8100) (16.8940 11.9880) on layer M1. (ZRT-761)
Warning: pin is off track in the region (17.2300 11.8350) (17.2640 11.9890) on layer M1. (ZRT-761)
Warning: pin is off track in the region (17.3780 11.7110) (17.4120 11.9880) on layer M1. (ZRT-761)
Warning: pin is off track in the region (16.7120 11.6990) (16.7460 12.0990) on layer M1. (ZRT-761)
Warning: pin is off track in the region (16.7860 13.0100) (16.8200 13.1880) on layer M1. (ZRT-761)
Warning: pin is off track in the region (16.5640 13.0100) (16.5980 13.1880) on layer M1. (ZRT-761)
Warning: pin is off track in the region (16.9340 13.0350) (16.9680 13.1890) on layer M1. (ZRT-761)
Warning: pin is off track in the region (17.0820 12.9110) (17.1160 13.1880) on layer M1. (ZRT-761)
Warning: pin is off track in the region (16.4160 12.8990) (16.4500 13.2990) on layer M1. (ZRT-761)
Warning: pin is off track in the region (18.7100 13.5120) (18.7440 13.9160) on layer M1. (ZRT-761)
Warning: pin is off track in the region (19.2280 12.3120) (19.2620 12.7160) on layer M1. (ZRT-761)
Warning: pin is off track in the region (18.7840 14.0840) (18.8180 14.4880) on layer M1. (ZRT-761)
Warning: pin is off track in the region (19.5240 11.6840) (19.5580 12.0880) on layer M1. (ZRT-761)
Warning: pin is off track in the region (16.3420 14.2100) (16.3760 14.3880) on layer M1. (ZRT-761)
Warning: pin is off track in the region (16.1200 14.2100) (16.1540 14.3880) on layer M1. (ZRT-761)
Warning: pin is off track in the region (16.4900 14.2350) (16.5240 14.3890) on layer M1. (ZRT-761)
Warning: pin is off track in the region (16.6380 14.1110) (16.6720 14.3880) on layer M1. (ZRT-761)
Warning: pin is off track in the region (15.9720 14.0990) (16.0060 14.4990) on layer M1. (ZRT-761)
Warning: pin is off track in the region (17.1560 14.7340) (17.1900 15.0880) on layer M1. (ZRT-761)
Warning: pin is off track in the region (18.1180 14.7020) (18.1520 15.0980) on layer M1. (ZRT-761)
Warning: pin is off track in the region (19.0060 14.1020) (19.0400 14.4980) on layer M1. (ZRT-761)
Warning: pin is off track in the region (19.1540 14.1020) (19.1880 14.4980) on layer M1. (ZRT-761)
Warning: pin is off track in the region (22.6320 14.0840) (22.6660 14.4880) on layer M1. (ZRT-761)
Warning: pin is off track in the region (22.7060 12.8840) (22.7400 13.2880) on layer M1. (ZRT-761)
Warning: pin is off track in the region (21.6700 11.6840) (21.7040 12.0880) on layer M1. (ZRT-761)
Warning: pin is off track in the region (21.3740 12.3120) (21.4080 12.7160) on layer M1. (ZRT-761)
Warning: pin is off track in the region (22.7060 13.5120) (22.7400 13.9160) on layer M1. (ZRT-761)
Warning: pin is off track in the region (21.6700 14.7020) (21.7040 15.0980) on layer M1. (ZRT-761)
Warning: pin is off track in the region (21.8180 14.7020) (21.8520 15.0980) on layer M1. (ZRT-761)
Warning: pin is off track in the region (22.9280 12.9020) (22.9620 13.2980) on layer M1. (ZRT-761)
Warning: pin is off track in the region (23.0760 12.9020) (23.1100 13.2980) on layer M1. (ZRT-761)
Warning: pin is off track in the region (22.1140 11.7020) (22.1480 12.0980) on layer M1. (ZRT-761)
Warning: pin is off track in the region (22.2620 11.7020) (22.2960 12.0980) on layer M1. (ZRT-761)
Warning: pin is off track in the region (26.6280 11.7600) (26.6620 11.9630) on layer M1. (ZRT-761)
Warning: pin is off track in the region (26.7760 11.7580) (26.8100 11.9830) on layer M1. (ZRT-761)
Warning: pin is off track in the region (26.9980 11.7600) (27.0320 11.9630) on layer M1. (ZRT-761)
Warning: pin is off track in the region (27.1460 11.7580) (27.1800 11.9830) on layer M1. (ZRT-761)
Warning: pin is off track in the region (26.9980 14.8370) (27.0320 15.0400) on layer M1. (ZRT-761)
Warning: pin is off track in the region (27.1460 14.8170) (27.1800 15.0420) on layer M1. (ZRT-761)
Warning: pin is off track in the region (26.8500 13.5230) (26.8840 13.8770) on layer M1. (ZRT-761)
Warning: pin is off track in the region (25.9620 13.5230) (25.9960 13.8770) on layer M1. (ZRT-761)
Warning: pin is off track in the region (26.4060 14.1020) (26.4400 14.4980) on layer M1. (ZRT-761)
Warning: pin is off track in the region (26.5540 14.1020) (26.5880 14.4980) on layer M1. (ZRT-761)
Warning: pin is off track in the region (27.2200 12.9230) (27.2540 13.2770) on layer M1. (ZRT-761)
Warning: pin is off track in the region (26.3320 12.9230) (26.3660 13.2770) on layer M1. (ZRT-761)
Warning: pin is off track in the region (24.6300 12.9020) (24.6640 13.2980) on layer M1. (ZRT-761)
Warning: pin is off track in the region (24.7780 12.9020) (24.8120 13.2980) on layer M1. (ZRT-761)
Warning: pin is off track in the region (26.7760 12.3230) (26.8100 12.6770) on layer M1. (ZRT-761)
Warning: pin is off track in the region (25.8880 12.3230) (25.9220 12.6770) on layer M1. (ZRT-761)
Warning: pin is off track in the region (24.5560 11.7020) (24.5900 12.0980) on layer M1. (ZRT-761)
Warning: pin is off track in the region (24.7040 11.7020) (24.7380 12.0980) on layer M1. (ZRT-761)
Warning: pin is off track in the region (23.7420 12.3020) (23.7760 12.6980) on layer M1. (ZRT-761)
Warning: pin is off track in the region (23.8900 12.3020) (23.9240 12.6980) on layer M1. (ZRT-761)
Warning: pin is off track in the region (25.0740 14.7020) (25.1080 15.0980) on layer M1. (ZRT-761)
Warning: pin is off track in the region (25.2220 14.7020) (25.2560 15.0980) on layer M1. (ZRT-761)
Warning: pin is off track in the region (23.3720 14.7020) (23.4060 15.0980) on layer M1. (ZRT-761)
Warning: pin is off track in the region (23.5200 14.7020) (23.5540 15.0980) on layer M1. (ZRT-761)
Warning: pin is off track in the region (26.1100 14.1230) (26.1440 14.4770) on layer M1. (ZRT-761)
Warning: pin is off track in the region (25.2220 14.1230) (25.2560 14.4770) on layer M1. (ZRT-761)
Warning: pin is off track in the region (24.2600 13.5020) (24.2940 13.8980) on layer M1. (ZRT-761)
Warning: pin is off track in the region (24.4080 13.5020) (24.4420 13.8980) on layer M1. (ZRT-761)
Warning: pin is off track in the region (23.2240 14.1020) (23.2580 14.4980) on layer M1. (ZRT-761)
Warning: pin is off track in the region (23.3720 14.1020) (23.4060 14.4980) on layer M1. (ZRT-761)
Warning: pin is off track in the region (28.1820 14.1600) (28.2160 14.3630) on layer M1. (ZRT-761)
Warning: pin is off track in the region (28.3300 14.1580) (28.3640 14.3830) on layer M1. (ZRT-761)
Warning: pin is off track in the region (28.4040 14.8370) (28.4380 15.0400) on layer M1. (ZRT-761)
Warning: pin is off track in the region (28.2560 14.8170) (28.2900 15.0420) on layer M1. (ZRT-761)
Warning: pin is off track in the region (27.2940 13.6370) (27.3280 13.8400) on layer M1. (ZRT-761)
Warning: pin is off track in the region (27.4420 13.6170) (27.4760 13.8420) on layer M1. (ZRT-761)
Warning: pin is off track in the region (27.9600 13.6370) (27.9940 13.8400) on layer M1. (ZRT-761)
Warning: pin is off track in the region (27.8120 13.6170) (27.8460 13.8420) on layer M1. (ZRT-761)
Warning: pin is off track in the region (28.6260 14.8370) (28.6600 15.0400) on layer M1. (ZRT-761)
Warning: pin is off track in the region (28.7740 14.8170) (28.8080 15.0420) on layer M1. (ZRT-761)
Warning: pin is off track in the region (28.9960 14.8510) (29.0300 15.0770) on layer M1. (ZRT-761)
Warning: pin is off track in the region (29.1440 14.7650) (29.1780 15.0350) on layer M1. (ZRT-761)
Warning: pin is off track in the region (27.5160 12.9600) (27.5500 13.1630) on layer M1. (ZRT-761)
Warning: pin is off track in the region (27.6640 12.9580) (27.6980 13.1830) on layer M1. (ZRT-761)
Warning: pin is off track in the region (28.1820 13.6370) (28.2160 13.8400) on layer M1. (ZRT-761)
Warning: pin is off track in the region (28.3300 13.6170) (28.3640 13.8420) on layer M1. (ZRT-761)
Warning: pin is off track in the region (29.3660 14.1000) (29.4000 14.3370) on layer M1. (ZRT-761)
Warning: pin is off track in the region (29.5140 14.1590) (29.5480 14.4450) on layer M1. (ZRT-761)
Warning: pin is off track in the region (29.8840 14.1600) (29.9180 14.3630) on layer M1. (ZRT-761)
Warning: pin is off track in the region (29.7360 14.1580) (29.7700 14.3830) on layer M1. (ZRT-761)
Warning: pin is off track in the region (30.3280 14.1600) (30.3620 14.3630) on layer M1. (ZRT-761)
Warning: pin is off track in the region (30.4760 14.1580) (30.5100 14.3830) on layer M1. (ZRT-761)
Warning: pin is off track in the region (27.5160 12.4370) (27.5500 12.6400) on layer M1. (ZRT-761)
Warning: pin is off track in the region (27.6640 12.4170) (27.6980 12.6420) on layer M1. (ZRT-761)
Warning: pin is off track in the region (27.8860 12.4370) (27.9200 12.6400) on layer M1. (ZRT-761)
Warning: pin is off track in the region (28.0340 12.4170) (28.0680 12.6420) on layer M1. (ZRT-761)
Warning: pin is off track in the region (29.2180 13.6370) (29.2520 13.8400) on layer M1. (ZRT-761)
Warning: pin is off track in the region (29.0700 13.6170) (29.1040 13.8420) on layer M1. (ZRT-761)
Warning: pin is off track in the region (29.6620 13.6510) (29.6960 13.8770) on layer M1. (ZRT-761)
Warning: pin is off track in the region (29.8100 13.5650) (29.8440 13.8350) on layer M1. (ZRT-761)
Warning: pin is off track in the region (29.8100 12.9600) (29.8440 13.1630) on layer M1. (ZRT-761)
Warning: pin is off track in the region (29.9580 12.9580) (29.9920 13.1830) on layer M1. (ZRT-761)
Warning: pin is off track in the region (28.6260 12.4630) (28.6600 12.7000) on layer M1. (ZRT-761)
Warning: pin is off track in the region (28.4780 12.3550) (28.5120 12.6410) on layer M1. (ZRT-761)
Warning: pin is off track in the region (29.9580 11.7600) (29.9920 11.9630) on layer M1. (ZRT-761)
Warning: pin is off track in the region (30.1060 11.7580) (30.1400 11.9830) on layer M1. (ZRT-761)
Warning: pin is off track in the region (29.7360 12.4630) (29.7700 12.7000) on layer M1. (ZRT-761)
Warning: pin is off track in the region (29.8840 12.3550) (29.9180 12.6410) on layer M1. (ZRT-761)
Warning: pin is off track in the region (27.5160 11.7600) (27.5500 11.9630) on layer M1. (ZRT-761)
Warning: pin is off track in the region (27.3680 11.7580) (27.4020 11.9830) on layer M1. (ZRT-761)
Warning: pin is off track in the region (30.8460 14.1600) (30.8800 14.3630) on layer M1. (ZRT-761)
Warning: pin is off track in the region (30.6980 14.1580) (30.7320 14.3830) on layer M1. (ZRT-761)
Warning: pin is off track in the region (31.0680 14.1600) (31.1020 14.3630) on layer M1. (ZRT-761)
Warning: pin is off track in the region (31.2160 14.1580) (31.2500 14.3830) on layer M1. (ZRT-761)
Warning: pin is off track in the region (30.4020 12.9600) (30.4360 13.1630) on layer M1. (ZRT-761)
Warning: pin is off track in the region (30.2540 12.9580) (30.2880 13.1830) on layer M1. (ZRT-761)
Warning: pin is off track in the region (28.9960 11.7600) (29.0300 11.9630) on layer M1. (ZRT-761)
Warning: pin is off track in the region (28.8480 11.7580) (28.8820 11.9830) on layer M1. (ZRT-761)
Warning: pin is off track in the region (28.2560 11.7600) (28.2900 11.9630) on layer M1. (ZRT-761)
Warning: pin is off track in the region (28.1080 11.7580) (28.1420 11.9830) on layer M1. (ZRT-761)
Warning: pin is off track in the region (28.4780 11.7600) (28.5120 11.9630) on layer M1. (ZRT-761)
Warning: pin is off track in the region (28.6260 11.7580) (28.6600 11.9830) on layer M1. (ZRT-761)
Warning: pin is off track in the region (30.3280 11.7600) (30.3620 11.9630) on layer M1. (ZRT-761)
Warning: pin is off track in the region (30.4760 11.7580) (30.5100 11.9830) on layer M1. (ZRT-761)
Warning: pin is off track in the region (30.6980 11.7600) (30.7320 11.9630) on layer M1. (ZRT-761)
Warning: pin is off track in the region (30.8460 11.7580) (30.8800 11.9830) on layer M1. (ZRT-761)
Warning: pin is off track in the region (30.1060 12.4370) (30.1400 12.6400) on layer M1. (ZRT-761)
Warning: pin is off track in the region (30.2540 12.4170) (30.2880 12.6420) on layer M1. (ZRT-761)
Warning: pin is off track in the region (27.7380 11.7000) (27.7720 11.9370) on layer M1. (ZRT-761)
Warning: pin is off track in the region (27.8860 11.7590) (27.9200 12.0450) on layer M1. (ZRT-761)
Warning: pin is off track in the region (29.7360 11.7000) (29.7700 11.9370) on layer M1. (ZRT-761)
Warning: pin is off track in the region (29.5880 11.7590) (29.6220 12.0450) on layer M1. (ZRT-761)
Warning: pin is off track in the region (29.3660 11.7600) (29.4000 11.9630) on layer M1. (ZRT-761)
Warning: pin is off track in the region (29.2180 11.7580) (29.2520 11.9830) on layer M1. (ZRT-761)
Warning: pin is off track in the region (28.9960 12.4370) (29.0300 12.6400) on layer M1. (ZRT-761)
Warning: pin is off track in the region (28.8480 12.4170) (28.8820 12.6420) on layer M1. (ZRT-761)
Warning: pin is off track in the region (30.4760 12.4630) (30.5100 12.7000) on layer M1. (ZRT-761)
Warning: pin is off track in the region (30.6240 12.3550) (30.6580 12.6410) on layer M1. (ZRT-761)
Warning: pin is off track in the region (31.2160 11.7600) (31.2500 11.9630) on layer M1. (ZRT-761)
Warning: pin is off track in the region (31.0680 11.7580) (31.1020 11.9830) on layer M1. (ZRT-761)
Warning: pin is off track in the region (27.7380 14.8370) (27.7720 15.0400) on layer M1. (ZRT-761)
Warning: pin is off track in the region (27.8860 14.8170) (27.9200 15.0420) on layer M1. (ZRT-761)
Warning: pin is off track in the region (27.3680 14.8630) (27.4020 15.1000) on layer M1. (ZRT-761)
Warning: pin is off track in the region (27.5160 14.7550) (27.5500 15.0410) on layer M1. (ZRT-761)
Warning: pin is off track in the region (29.4400 14.7020) (29.4740 15.0980) on layer M1. (ZRT-761)
Warning: pin is off track in the region (29.5880 14.7020) (29.6220 15.0980) on layer M1. (ZRT-761)
Warning: pin is off track in the region (28.1080 12.9020) (28.1420 13.2980) on layer M1. (ZRT-761)
Warning: pin is off track in the region (28.2560 12.9020) (28.2900 13.2980) on layer M1. (ZRT-761)
Warning: pin is off track in the region (30.0320 13.5020) (30.0660 13.8980) on layer M1. (ZRT-761)
Warning: pin is off track in the region (30.1800 13.5020) (30.2140 13.8980) on layer M1. (ZRT-761)
Warning: pin is off track in the region (30.9200 12.3020) (30.9540 12.6980) on layer M1. (ZRT-761)
Warning: pin is off track in the region (31.0680 12.3020) (31.1020 12.6980) on layer M1. (ZRT-761)
Warning: pin is off track in the region (32.6220 14.7020) (32.6560 15.0980) on layer M1. (ZRT-761)
Warning: pin is off track in the region (32.4740 14.7020) (32.5080 15.0980) on layer M1. (ZRT-761)
Warning: pin is off track in the region (31.5860 11.7000) (31.6200 11.9370) on layer M1. (ZRT-761)
Warning: pin is off track in the region (31.4380 11.7590) (31.4720 12.0450) on layer M1. (ZRT-761)
Warning: pin is off track in the region (32.0300 13.6630) (32.0640 13.9000) on layer M1. (ZRT-761)
Warning: pin is off track in the region (31.8820 13.5550) (31.9160 13.8410) on layer M1. (ZRT-761)
Warning: pin is off track in the region (32.1780 12.9000) (32.2120 13.1370) on layer M1. (ZRT-761)
Warning: pin is off track in the region (32.3260 12.9590) (32.3600 13.2450) on layer M1. (ZRT-761)
Warning: pin is off track in the region (31.8080 12.9600) (31.8420 13.1630) on layer M1. (ZRT-761)
Warning: pin is off track in the region (31.9560 12.9580) (31.9900 13.1830) on layer M1. (ZRT-761)
Warning: pin is off track in the region (33.5100 11.7000) (33.5440 11.9370) on layer M1. (ZRT-761)
Warning: pin is off track in the region (33.6580 11.7590) (33.6920 12.0450) on layer M1. (ZRT-761)
Warning: pin is off track in the region (32.3260 14.1600) (32.3600 14.3630) on layer M1. (ZRT-761)
Warning: pin is off track in the region (32.1780 14.1580) (32.2120 14.3830) on layer M1. (ZRT-761)
Warning: pin is off track in the region (32.2520 13.6630) (32.2860 13.9000) on layer M1. (ZRT-761)
Warning: pin is off track in the region (32.4000 13.5550) (32.4340 13.8410) on layer M1. (ZRT-761)
Warning: pin is off track in the region (32.7700 13.6630) (32.8040 13.9000) on layer M1. (ZRT-761)
Warning: pin is off track in the region (32.6220 13.5550) (32.6560 13.8410) on layer M1. (ZRT-761)
Warning: pin is off track in the region (32.7700 12.9000) (32.8040 13.1370) on layer M1. (ZRT-761)
Warning: pin is off track in the region (32.9180 12.9590) (32.9520 13.2450) on layer M1. (ZRT-761)
Warning: pin is off track in the region (33.4360 12.9600) (33.4700 13.1630) on layer M1. (ZRT-761)
Warning: pin is off track in the region (33.5840 12.9580) (33.6180 13.1830) on layer M1. (ZRT-761)
Warning: pin is off track in the region (33.9540 11.7000) (33.9880 11.9370) on layer M1. (ZRT-761)
Warning: pin is off track in the region (34.1020 11.7590) (34.1360 12.0450) on layer M1. (ZRT-761)
Warning: pin is off track in the region (32.6960 14.1000) (32.7300 14.3370) on layer M1. (ZRT-761)
Warning: pin is off track in the region (32.5480 14.1590) (32.5820 14.4450) on layer M1. (ZRT-761)
Warning: pin is off track in the region (33.2140 14.1600) (33.2480 14.3630) on layer M1. (ZRT-761)
Warning: pin is off track in the region (33.0660 14.1580) (33.1000 14.3830) on layer M1. (ZRT-761)
Warning: pin is off track in the region (33.9540 14.1000) (33.9880 14.3370) on layer M1. (ZRT-761)
Warning: pin is off track in the region (33.8060 14.1590) (33.8400 14.4450) on layer M1. (ZRT-761)
Warning: pin is off track in the region (34.6940 13.6630) (34.7280 13.9000) on layer M1. (ZRT-761)
Warning: pin is off track in the region (34.8420 13.5550) (34.8760 13.8410) on layer M1. (ZRT-761)
Warning: pin is off track in the region (34.1020 12.9000) (34.1360 13.1370) on layer M1. (ZRT-761)
Warning: pin is off track in the region (33.9540 12.9590) (33.9880 13.2450) on layer M1. (ZRT-761)
Warning: pin is off track in the region (34.6940 12.4370) (34.7280 12.6400) on layer M1. (ZRT-761)
Warning: pin is off track in the region (34.8420 12.4170) (34.8760 12.6420) on layer M1. (ZRT-761)
Warning: pin is off track in the region (34.4720 14.1000) (34.5060 14.3370) on layer M1. (ZRT-761)
Warning: pin is off track in the region (34.3240 14.1590) (34.3580 14.4450) on layer M1. (ZRT-761)
Warning: pin is off track in the region (34.8420 14.1000) (34.8760 14.3370) on layer M1. (ZRT-761)
Warning: pin is off track in the region (34.6940 14.1590) (34.7280 14.4450) on layer M1. (ZRT-761)
Warning: pin is off track in the region (31.8080 14.1000) (31.8420 14.3370) on layer M1. (ZRT-761)
Warning: pin is off track in the region (31.9560 14.1590) (31.9900 14.4450) on layer M1. (ZRT-761)
Warning: pin is off track in the region (33.2880 14.8630) (33.3220 15.1000) on layer M1. (ZRT-761)
Warning: pin is off track in the region (33.1400 14.7550) (33.1740 15.0410) on layer M1. (ZRT-761)
Warning: pin is off track in the region (31.5860 14.1000) (31.6200 14.3370) on layer M1. (ZRT-761)
Warning: pin is off track in the region (31.4380 14.1590) (31.4720 14.4450) on layer M1. (ZRT-761)
Warning: pin is off track in the region (33.2880 11.7020) (33.3220 12.0980) on layer M1. (ZRT-761)
Warning: pin is off track in the region (33.1400 11.7020) (33.1740 12.0980) on layer M1. (ZRT-761)
Warning: pin is off track in the region (34.1020 12.3020) (34.1360 12.6980) on layer M1. (ZRT-761)
Warning: pin is off track in the region (33.9540 12.3020) (33.9880 12.6980) on layer M1. (ZRT-761)
Warning: pin is off track in the region (34.4720 13.5020) (34.5060 13.8980) on layer M1. (ZRT-761)
Warning: pin is off track in the region (34.3240 13.5020) (34.3580 13.8980) on layer M1. (ZRT-761)
Warning: pin is off track in the region (35.8040 12.9020) (35.8380 13.2980) on layer M1. (ZRT-761)
Warning: pin is off track in the region (35.6560 12.9020) (35.6900 13.2980) on layer M1. (ZRT-761)
Warning: pin is off track in the region (36.6180 14.1020) (36.6520 14.4980) on layer M1. (ZRT-761)
Warning: pin is off track in the region (36.4700 14.1020) (36.5040 14.4980) on layer M1. (ZRT-761)
Warning: pin is off track in the region (36.4700 12.9000) (36.5040 13.1370) on layer M1. (ZRT-761)
Warning: pin is off track in the region (36.6180 12.9590) (36.6520 13.2450) on layer M1. (ZRT-761)
Warning: pin is off track in the region (36.1000 14.8630) (36.1340 15.1000) on layer M1. (ZRT-761)
Warning: pin is off track in the region (35.9520 14.7550) (35.9860 15.0410) on layer M1. (ZRT-761)
Warning: pin is off track in the region (36.9880 12.9000) (37.0220 13.1370) on layer M1. (ZRT-761)
Warning: pin is off track in the region (36.8400 12.9590) (36.8740 13.2450) on layer M1. (ZRT-761)
Warning: pin is off track in the region (36.1000 12.9000) (36.1340 13.1370) on layer M1. (ZRT-761)
Warning: pin is off track in the region (36.2480 12.9590) (36.2820 13.2450) on layer M1. (ZRT-761)
Warning: pin is off track in the region (36.3960 13.6370) (36.4300 13.8400) on layer M1. (ZRT-761)
Warning: pin is off track in the region (36.5440 13.6170) (36.5780 13.8420) on layer M1. (ZRT-761)
Warning: pin is off track in the region (37.6540 13.6370) (37.6880 13.8400) on layer M1. (ZRT-761)
Warning: pin is off track in the region (37.5060 13.6170) (37.5400 13.8420) on layer M1. (ZRT-761)
Warning: pin is off track in the region (38.1720 11.7000) (38.2060 11.9370) on layer M1. (ZRT-761)
Warning: pin is off track in the region (38.3200 11.7590) (38.3540 12.0450) on layer M1. (ZRT-761)
Warning: pin is off track in the region (37.8020 12.9000) (37.8360 13.1370) on layer M1. (ZRT-761)
Warning: pin is off track in the region (37.9500 12.9590) (37.9840 13.2450) on layer M1. (ZRT-761)
Warning: pin is off track in the region (36.7660 13.6630) (36.8000 13.9000) on layer M1. (ZRT-761)
Warning: pin is off track in the region (36.9140 13.5550) (36.9480 13.8410) on layer M1. (ZRT-761)
Warning: pin is off track in the region (37.2840 13.6370) (37.3180 13.8400) on layer M1. (ZRT-761)
Warning: pin is off track in the region (37.1360 13.6170) (37.1700 13.8420) on layer M1. (ZRT-761)
Warning: pin is off track in the region (38.0980 14.1000) (38.1320 14.3370) on layer M1. (ZRT-761)
Warning: pin is off track in the region (38.2460 14.1590) (38.2800 14.4450) on layer M1. (ZRT-761)
Warning: pin is off track in the region (38.6160 13.6630) (38.6500 13.9000) on layer M1. (ZRT-761)
Warning: pin is off track in the region (38.7640 13.5550) (38.7980 13.8410) on layer M1. (ZRT-761)
Warning: pin is off track in the region (38.2460 12.9600) (38.2800 13.1630) on layer M1. (ZRT-761)
Warning: pin is off track in the region (38.3940 12.9580) (38.4280 13.1830) on layer M1. (ZRT-761)
Warning: pin is off track in the region (38.7640 11.7600) (38.7980 11.9630) on layer M1. (ZRT-761)
Warning: pin is off track in the region (38.6160 11.7580) (38.6500 11.9830) on layer M1. (ZRT-761)
Warning: pin is off track in the region (37.8760 13.6630) (37.9100 13.9000) on layer M1. (ZRT-761)
Warning: pin is off track in the region (38.0240 13.5550) (38.0580 13.8410) on layer M1. (ZRT-761)
Warning: pin is off track in the region (36.8400 14.1600) (36.8740 14.3630) on layer M1. (ZRT-761)
Warning: pin is off track in the region (36.9880 14.1580) (37.0220 14.3830) on layer M1. (ZRT-761)
Warning: pin is off track in the region (38.2460 13.6630) (38.2800 13.9000) on layer M1. (ZRT-761)
Warning: pin is off track in the region (38.3940 13.5550) (38.4280 13.8410) on layer M1. (ZRT-761)
Warning: pin is off track in the region (38.9860 14.1000) (39.0200 14.3370) on layer M1. (ZRT-761)
Warning: pin is off track in the region (38.8380 14.1590) (38.8720 14.4450) on layer M1. (ZRT-761)
Warning: pin is off track in the region (39.1340 11.7600) (39.1680 11.9630) on layer M1. (ZRT-761)
Warning: pin is off track in the region (38.9860 11.7580) (39.0200 11.9830) on layer M1. (ZRT-761)
Warning: pin is off track in the region (36.8400 14.8370) (36.8740 15.0400) on layer M1. (ZRT-761)
Warning: pin is off track in the region (36.6920 14.8170) (36.7260 15.0420) on layer M1. (ZRT-761)
Warning: pin is off track in the region (36.4700 14.8630) (36.5040 15.1000) on layer M1. (ZRT-761)
Warning: pin is off track in the region (36.3220 14.7550) (36.3560 15.0410) on layer M1. (ZRT-761)
Warning: pin is off track in the region (37.4320 12.3020) (37.4660 12.6980) on layer M1. (ZRT-761)
Warning: pin is off track in the region (37.2840 12.3020) (37.3180 12.6980) on layer M1. (ZRT-761)
Warning: pin is off track in the region (39.1340 12.3020) (39.1680 12.6980) on layer M1. (ZRT-761)
Warning: pin is off track in the region (38.9860 12.3020) (39.0200 12.6980) on layer M1. (ZRT-761)
Warning: pin is off track in the region (40.3920 12.9020) (40.4260 13.2980) on layer M1. (ZRT-761)
Warning: pin is off track in the region (40.2440 12.9020) (40.2780 13.2980) on layer M1. (ZRT-761)
Warning: pin is off track in the region (40.3180 14.7020) (40.3520 15.0980) on layer M1. (ZRT-761)
Warning: pin is off track in the region (40.1700 14.7020) (40.2040 15.0980) on layer M1. (ZRT-761)
Warning: pin is off track in the region (38.5420 14.7020) (38.5760 15.0980) on layer M1. (ZRT-761)
Warning: pin is off track in the region (38.3940 14.7020) (38.4280 15.0980) on layer M1. (ZRT-761)
Warning: pin is off track in the region (42.9080 11.7000) (42.9420 11.9370) on layer M1. (ZRT-761)
Warning: pin is off track in the region (43.0560 11.7590) (43.0900 12.0450) on layer M1. (ZRT-761)
Warning: pin is off track in the region (42.3900 12.4630) (42.4240 12.7000) on layer M1. (ZRT-761)
Warning: pin is off track in the region (42.2420 12.3550) (42.2760 12.6410) on layer M1. (ZRT-761)
Warning: pin is off track in the region (42.6860 12.4370) (42.7200 12.6400) on layer M1. (ZRT-761)
Warning: pin is off track in the region (42.8340 12.4170) (42.8680 12.6420) on layer M1. (ZRT-761)
Warning: pin is off track in the region (42.2420 13.6630) (42.2760 13.9000) on layer M1. (ZRT-761)
Warning: pin is off track in the region (42.0940 13.5550) (42.1280 13.8410) on layer M1. (ZRT-761)
Warning: pin is off track in the region (39.5040 12.4630) (39.5380 12.7000) on layer M1. (ZRT-761)
Warning: pin is off track in the region (39.3560 12.3550) (39.3900 12.6410) on layer M1. (ZRT-761)
Warning: pin is off track in the region (39.8740 12.4630) (39.9080 12.7000) on layer M1. (ZRT-761)
Warning: pin is off track in the region (40.0220 12.3550) (40.0560 12.6410) on layer M1. (ZRT-761)
Warning: pin is off track in the region (43.1300 13.6630) (43.1640 13.9000) on layer M1. (ZRT-761)
Warning: pin is off track in the region (43.2780 13.5550) (43.3120 13.8410) on layer M1. (ZRT-761)
Warning: pin is off track in the region (42.4640 13.6370) (42.4980 13.8400) on layer M1. (ZRT-761)
Warning: pin is off track in the region (42.6120 13.6170) (42.6460 13.8420) on layer M1. (ZRT-761)
Warning: pin is off track in the region (39.3560 14.1600) (39.3900 14.3630) on layer M1. (ZRT-761)
Warning: pin is off track in the region (39.2080 14.1580) (39.2420 14.3830) on layer M1. (ZRT-761)
Warning: pin is off track in the region (39.2820 13.6370) (39.3160 13.8400) on layer M1. (ZRT-761)
Warning: pin is off track in the region (39.4300 13.6170) (39.4640 13.8420) on layer M1. (ZRT-761)
Warning: pin is off track in the region (40.5400 14.8630) (40.5740 15.1000) on layer M1. (ZRT-761)
Warning: pin is off track in the region (40.6880 14.7550) (40.7220 15.0410) on layer M1. (ZRT-761)
Warning: pin is off track in the region (40.5400 12.4370) (40.5740 12.6400) on layer M1. (ZRT-761)
Warning: pin is off track in the region (40.3920 12.4170) (40.4260 12.6420) on layer M1. (ZRT-761)
Warning: pin is off track in the region (40.9840 12.4370) (41.0180 12.6400) on layer M1. (ZRT-761)
Warning: pin is off track in the region (41.1320 12.4170) (41.1660 12.6420) on layer M1. (ZRT-761)
Warning: pin is off track in the region (41.5760 12.4630) (41.6100 12.7000) on layer M1. (ZRT-761)
Warning: pin is off track in the region (41.4280 12.3550) (41.4620 12.6410) on layer M1. (ZRT-761)
Warning: pin is off track in the region (41.0580 14.8370) (41.0920 15.0400) on layer M1. (ZRT-761)
Warning: pin is off track in the region (40.9100 14.8170) (40.9440 15.0420) on layer M1. (ZRT-761)
Warning: pin is off track in the region (41.9460 14.1600) (41.9800 14.3630) on layer M1. (ZRT-761)
Warning: pin is off track in the region (41.7980 14.1580) (41.8320 14.3830) on layer M1. (ZRT-761)
Warning: pin is off track in the region (40.8360 11.7020) (40.8700 12.0980) on layer M1. (ZRT-761)
Warning: pin is off track in the region (40.6880 11.7020) (40.7220 12.0980) on layer M1. (ZRT-761)
Warning: pin is off track in the region (43.6480 14.1020) (43.6820 14.4980) on layer M1. (ZRT-761)
Warning: pin is off track in the region (43.5000 14.1020) (43.5340 14.4980) on layer M1. (ZRT-761)
Warning: pin is off track in the region (41.5760 14.1020) (41.6100 14.4980) on layer M1. (ZRT-761)
Warning: pin is off track in the region (41.4280 14.1020) (41.4620 14.4980) on layer M1. (ZRT-761)
Warning: pin is off track in the region (42.1680 12.9020) (42.2020 13.2980) on layer M1. (ZRT-761)
Warning: pin is off track in the region (42.0200 12.9020) (42.0540 13.2980) on layer M1. (ZRT-761)
Warning: pin is off track in the region (42.6120 11.7020) (42.6460 12.0980) on layer M1. (ZRT-761)
Warning: pin is off track in the region (42.4640 11.7020) (42.4980 12.0980) on layer M1. (ZRT-761)
Warning: pin is off track in the region (43.8700 12.9020) (43.9040 13.2980) on layer M1. (ZRT-761)
Warning: pin is off track in the region (43.7220 12.9020) (43.7560 13.2980) on layer M1. (ZRT-761)
Warning: pin is off track in the region (42.7600 14.7020) (42.7940 15.0980) on layer M1. (ZRT-761)
Warning: pin is off track in the region (42.6120 14.7020) (42.6460 15.0980) on layer M1. (ZRT-761)
Warning: pin is off track in the region (48.6060 14.7120) (48.6400 15.1160) on layer M1. (ZRT-761)
Warning: pin is off track in the region (48.9020 12.3120) (48.9360 12.7160) on layer M1. (ZRT-761)
Warning: pin is off track in the region (43.7960 13.6630) (43.8300 13.9000) on layer M1. (ZRT-761)
Warning: pin is off track in the region (43.9440 13.5550) (43.9780 13.8410) on layer M1. (ZRT-761)
Warning: pin is off track in the region (43.2780 11.7000) (43.3120 11.9370) on layer M1. (ZRT-761)
Warning: pin is off track in the region (43.4260 11.7590) (43.4600 12.0450) on layer M1. (ZRT-761)
Warning: pin is off track in the region (44.2400 12.9000) (44.2740 13.1370) on layer M1. (ZRT-761)
Warning: pin is off track in the region (44.0920 12.9590) (44.1260 13.2450) on layer M1. (ZRT-761)
Warning: pin is off track in the region (43.7220 12.4630) (43.7560 12.7000) on layer M1. (ZRT-761)
Warning: pin is off track in the region (43.5740 12.3550) (43.6080 12.6410) on layer M1. (ZRT-761)
Warning: pin is off track in the region (44.3880 14.1600) (44.4220 14.3630) on layer M1. (ZRT-761)
Warning: pin is off track in the region (44.2400 14.1580) (44.2740 14.3830) on layer M1. (ZRT-761)
Warning: pin is off track in the region (45.6460 13.5020) (45.6800 13.8980) on layer M1. (ZRT-761)
Warning: pin is off track in the region (45.4980 13.5020) (45.5320 13.8980) on layer M1. (ZRT-761)
Warning: pin is off track in the region (44.7580 14.7020) (44.7920 15.0980) on layer M1. (ZRT-761)
Warning: pin is off track in the region (44.6100 14.7020) (44.6440 15.0980) on layer M1. (ZRT-761)
Warning: pin is off track in the region (46.7560 12.3020) (46.7900 12.6980) on layer M1. (ZRT-761)
Warning: pin is off track in the region (46.6080 12.3020) (46.6420 12.6980) on layer M1. (ZRT-761)
Warning: pin is off track in the region (46.4600 14.7020) (46.4940 15.0980) on layer M1. (ZRT-761)
Warning: pin is off track in the region (46.3120 14.7020) (46.3460 15.0980) on layer M1. (ZRT-761)
Warning: pin is off track in the region (47.7920 11.7020) (47.8260 12.0980) on layer M1. (ZRT-761)
Warning: pin is off track in the region (47.6440 11.7020) (47.6780 12.0980) on layer M1. (ZRT-761)
Warning: pin is off track in the region (46.5340 14.1020) (46.5680 14.4980) on layer M1. (ZRT-761)
Warning: pin is off track in the region (46.6820 14.1020) (46.7160 14.4980) on layer M1. (ZRT-761)
Warning: pin is off track in the region (45.9420 12.9020) (45.9760 13.2980) on layer M1. (ZRT-761)
Warning: pin is off track in the region (46.0900 12.9020) (46.1240 13.2980) on layer M1. (ZRT-761)
Warning: pin is off track in the region (44.6820 12.3230) (44.7200 12.6770) on layer M1. (ZRT-761)
Warning: pin is off track in the region (50.7520 14.7120) (50.7860 15.1160) on layer M1. (ZRT-761)
Warning: pin is off track in the region (50.5300 13.5120) (50.5640 13.9160) on layer M1. (ZRT-761)
Warning: pin is off track in the region (50.8260 12.8840) (50.8600 13.2880) on layer M1. (ZRT-761)
Warning: pin is off track in the region (52.0840 11.6840) (52.1180 12.0880) on layer M1. (ZRT-761)
Warning: pin is off track in the region (52.6760 12.3120) (52.7100 12.7160) on layer M1. (ZRT-761)
Warning: pin is off track in the region (49.9380 11.6840) (49.9720 12.0880) on layer M1. (ZRT-761)
Warning: pin is off track in the region (52.6760 14.0840) (52.7100 14.4880) on layer M1. (ZRT-761)
Warning: pin is off track in the region (52.6760 13.5120) (52.7100 13.9160) on layer M1. (ZRT-761)
Warning: pin is off track in the region (50.5300 14.0840) (50.5640 14.4880) on layer M1. (ZRT-761)
Warning: pin is off track in the region (5.9760 15.2890) (6.0220 15.4890) on layer M1. (ZRT-761)
Warning: pin is off track in the region (5.7540 15.3680) (5.8000 15.5570) on layer M1. (ZRT-761)
Warning: pin is off track in the region (5.3900 15.3190) (5.4240 15.6590) on layer M1. (ZRT-761)
Warning: pin is off track in the region (5.9760 17.3110) (6.0220 17.5110) on layer M1. (ZRT-761)
Warning: pin is off track in the region (5.7540 17.2430) (5.8000 17.4320) on layer M1. (ZRT-761)
Warning: pin is off track in the region (5.3900 17.1410) (5.4240 17.4810) on layer M1. (ZRT-761)
Warning: pin is off track in the region (5.9760 18.5110) (6.0220 18.7110) on layer M1. (ZRT-761)
Warning: pin is off track in the region (5.7540 18.4430) (5.8000 18.6320) on layer M1. (ZRT-761)
Warning: pin is off track in the region (5.3900 18.3410) (5.4240 18.6810) on layer M1. (ZRT-761)
Warning: pin is off track in the region (7.7580 18.8840) (7.7920 19.2880) on layer M1. (ZRT-761)
Warning: pin is off track in the region (7.7580 17.6840) (7.7920 18.0880) on layer M1. (ZRT-761)
Warning: pin is off track in the region (8.1280 18.3120) (8.1620 18.7160) on layer M1. (ZRT-761)
Warning: pin is off track in the region (8.1280 16.4840) (8.1620 16.8880) on layer M1. (ZRT-761)
Warning: pin is off track in the region (7.9060 15.9120) (7.9400 16.3160) on layer M1. (ZRT-761)
Warning: pin is off track in the region (11.6000 16.1110) (11.6460 16.3110) on layer M1. (ZRT-761)
Warning: pin is off track in the region (11.3780 16.0430) (11.4240 16.2320) on layer M1. (ZRT-761)
Warning: pin is off track in the region (11.0140 15.9410) (11.0480 16.2810) on layer M1. (ZRT-761)
Warning: pin is off track in the region (10.8660 18.8840) (10.9000 19.2880) on layer M1. (ZRT-761)
Warning: pin is off track in the region (9.9040 17.6840) (9.9380 18.0880) on layer M1. (ZRT-761)
Warning: pin is off track in the region (9.9040 17.1120) (9.9380 17.5160) on layer M1. (ZRT-761)
Warning: pin is off track in the region (9.6080 15.2840) (9.6420 15.6880) on layer M1. (ZRT-761)
Warning: pin is off track in the region (11.6060 18.3120) (11.6400 18.7160) on layer M1. (ZRT-761)
Warning: pin is off track in the region (12.0500 17.6840) (12.0840 18.0880) on layer M1. (ZRT-761)
Warning: pin is off track in the region (11.5320 16.4840) (11.5660 16.8880) on layer M1. (ZRT-761)
Warning: pin is off track in the region (11.8280 15.2840) (11.8620 15.6880) on layer M1. (ZRT-761)
Warning: pin is off track in the region (9.3860 16.0120) (9.4200 16.1900) on layer M1. (ZRT-761)
Warning: pin is off track in the region (9.1640 16.0120) (9.1980 16.1900) on layer M1. (ZRT-761)
Warning: pin is off track in the region (9.5340 16.0110) (9.5680 16.1650) on layer M1. (ZRT-761)
Warning: pin is off track in the region (9.6820 16.0120) (9.7160 16.2890) on layer M1. (ZRT-761)
Warning: pin is off track in the region (9.0160 15.9010) (9.0500 16.3010) on layer M1. (ZRT-761)
Warning: pin is off track in the region (8.7200 16.6100) (8.7540 16.7880) on layer M1. (ZRT-761)
Warning: pin is off track in the region (8.4980 16.6100) (8.5320 16.7880) on layer M1. (ZRT-761)
Warning: pin is off track in the region (8.8680 16.6350) (8.9020 16.7890) on layer M1. (ZRT-761)
Warning: pin is off track in the region (9.0160 16.5110) (9.0500 16.7880) on layer M1. (ZRT-761)
Warning: pin is off track in the region (8.3500 16.4990) (8.3840 16.8990) on layer M1. (ZRT-761)
Warning: pin is off track in the region (8.4240 19.0100) (8.4580 19.1880) on layer M1. (ZRT-761)
Warning: pin is off track in the region (8.2020 19.0100) (8.2360 19.1880) on layer M1. (ZRT-761)
Warning: pin is off track in the region (8.5720 19.0350) (8.6060 19.1890) on layer M1. (ZRT-761)
Warning: pin is off track in the region (8.7200 18.9110) (8.7540 19.1880) on layer M1. (ZRT-761)
Warning: pin is off track in the region (8.0540 18.8990) (8.0880 19.2990) on layer M1. (ZRT-761)
Warning: pin is off track in the region (13.9740 15.2840) (14.0080 15.6880) on layer M1. (ZRT-761)
Warning: pin is off track in the region (14.5660 16.4840) (14.6000 16.8880) on layer M1. (ZRT-761)
Warning: pin is off track in the region (14.2700 18.3120) (14.3040 18.7160) on layer M1. (ZRT-761)
Warning: pin is off track in the region (13.7520 18.9020) (13.7860 19.2980) on layer M1. (ZRT-761)
Warning: pin is off track in the region (14.8620 17.7020) (14.8960 18.0980) on layer M1. (ZRT-761)
Warning: pin is off track in the region (11.6800 17.2120) (11.7140 17.3900) on layer M1. (ZRT-761)
Warning: pin is off track in the region (11.4580 17.2120) (11.4920 17.3900) on layer M1. (ZRT-761)
Warning: pin is off track in the region (11.8280 17.2110) (11.8620 17.3650) on layer M1. (ZRT-761)
Warning: pin is off track in the region (11.9760 17.2120) (12.0100 17.4890) on layer M1. (ZRT-761)
Warning: pin is off track in the region (11.3100 17.1010) (11.3440 17.5010) on layer M1. (ZRT-761)
Warning: pin is off track in the region (13.5300 18.8840) (13.5640 19.2880) on layer M1. (ZRT-761)
Warning: pin is off track in the region (14.1220 17.1120) (14.1560 17.5160) on layer M1. (ZRT-761)
Warning: pin is off track in the region (16.4160 15.9120) (16.4500 16.3160) on layer M1. (ZRT-761)
Warning: pin is off track in the region (13.9740 15.9120) (14.0080 16.3160) on layer M1. (ZRT-761)
Warning: pin is off track in the region (14.3400 17.0930) (14.3820 17.3010) on layer M1. (ZRT-761)
Warning: pin is off track in the region (14.4180 17.1650) (14.4520 17.4110) on layer M1. (ZRT-761)
Warning: pin is off track in the region (15.4540 17.1230) (15.4880 17.4770) on layer M1. (ZRT-761)
Warning: pin is off track in the region (12.6420 17.7120) (12.6760 18.0880) on layer M1. (ZRT-761)
Warning: pin is off track in the region (14.4920 18.3020) (14.5260 18.6980) on layer M1. (ZRT-761)
Warning: pin is off track in the region (14.6400 18.3020) (14.6740 18.6980) on layer M1. (ZRT-761)
Warning: pin is off track in the region (20.2640 15.2840) (20.2980 15.6880) on layer M1. (ZRT-761)
Warning: pin is off track in the region (18.5620 15.9120) (18.5960 16.3160) on layer M1. (ZRT-761)
Warning: pin is off track in the region (18.1180 15.2840) (18.1520 15.6880) on layer M1. (ZRT-761)
Warning: pin is off track in the region (17.6000 17.1120) (17.6340 17.5160) on layer M1. (ZRT-761)
Warning: pin is off track in the region (19.3020 18.9000) (19.3360 19.1370) on layer M1. (ZRT-761)
Warning: pin is off track in the region (19.1540 18.9590) (19.1880 19.2450) on layer M1. (ZRT-761)
Warning: pin is off track in the region (18.5620 16.5000) (18.5960 16.7370) on layer M1. (ZRT-761)
Warning: pin is off track in the region (18.4140 16.5590) (18.4480 16.8450) on layer M1. (ZRT-761)
Warning: pin is off track in the region (17.9700 17.7600) (18.0040 17.9630) on layer M1. (ZRT-761)
Warning: pin is off track in the region (18.1180 17.7580) (18.1520 17.9830) on layer M1. (ZRT-761)
Warning: pin is off track in the region (18.2660 18.4370) (18.3000 18.6400) on layer M1. (ZRT-761)
Warning: pin is off track in the region (18.4140 18.4170) (18.4480 18.6420) on layer M1. (ZRT-761)
Warning: pin is off track in the region (18.0440 18.4630) (18.0780 18.7000) on layer M1. (ZRT-761)
Warning: pin is off track in the region (17.8960 18.3550) (17.9300 18.6410) on layer M1. (ZRT-761)
Warning: pin is off track in the region (18.4880 17.7600) (18.5220 17.9630) on layer M1. (ZRT-761)
Warning: pin is off track in the region (18.3400 17.7580) (18.3740 17.9830) on layer M1. (ZRT-761)
Warning: pin is off track in the region (15.9720 18.9600) (16.0060 19.1630) on layer M1. (ZRT-761)
Warning: pin is off track in the region (16.1200 18.9580) (16.1540 19.1830) on layer M1. (ZRT-761)
Warning: pin is off track in the region (17.7480 17.7600) (17.7820 17.9630) on layer M1. (ZRT-761)
Warning: pin is off track in the region (17.6000 17.7580) (17.6340 17.9830) on layer M1. (ZRT-761)
Warning: pin is off track in the region (16.3420 18.9600) (16.3760 19.1630) on layer M1. (ZRT-761)
Warning: pin is off track in the region (16.4900 18.9580) (16.5240 19.1830) on layer M1. (ZRT-761)
Warning: pin is off track in the region (16.7120 18.9600) (16.7460 19.1630) on layer M1. (ZRT-761)
Warning: pin is off track in the region (16.8600 18.9580) (16.8940 19.1830) on layer M1. (ZRT-761)
Warning: pin is off track in the region (17.2300 18.9600) (17.2640 19.1630) on layer M1. (ZRT-761)
Warning: pin is off track in the region (17.0820 18.9580) (17.1160 19.1830) on layer M1. (ZRT-761)
Warning: pin is off track in the region (18.9320 18.9020) (18.9660 19.2980) on layer M1. (ZRT-761)
Warning: pin is off track in the region (18.7840 16.5020) (18.8180 16.8980) on layer M1. (ZRT-761)
Warning: pin is off track in the region (18.9320 16.5020) (18.9660 16.8980) on layer M1. (ZRT-761)
Warning: pin is off track in the region (18.7100 17.7020) (18.7440 18.0980) on layer M1. (ZRT-761)
Warning: pin is off track in the region (18.8580 17.7020) (18.8920 18.0980) on layer M1. (ZRT-761)
Warning: pin is off track in the region (18.1920 17.1020) (18.2260 17.4980) on layer M1. (ZRT-761)
Warning: pin is off track in the region (18.3400 17.1020) (18.3740 17.4980) on layer M1. (ZRT-761)
Warning: pin is off track in the region (16.7120 16.5020) (16.7460 16.8980) on layer M1. (ZRT-761)
Warning: pin is off track in the region (16.8600 16.5020) (16.8940 16.8980) on layer M1. (ZRT-761)
Warning: pin is off track in the region (16.1940 18.3020) (16.2280 18.6980) on layer M1. (ZRT-761)
Warning: pin is off track in the region (16.3420 18.3020) (16.3760 18.6980) on layer M1. (ZRT-761)
Warning: pin is off track in the region (22.6320 15.2840) (22.6660 15.6880) on layer M1. (ZRT-761)
Warning: pin is off track in the region (23.2240 18.4630) (23.2580 18.7000) on layer M1. (ZRT-761)
Warning: pin is off track in the region (23.0760 18.3550) (23.1100 18.6410) on layer M1. (ZRT-761)
Warning: pin is off track in the region (21.8920 18.4370) (21.9260 18.6400) on layer M1. (ZRT-761)
Warning: pin is off track in the region (22.0400 18.4170) (22.0740 18.6420) on layer M1. (ZRT-761)
Warning: pin is off track in the region (23.0760 16.0370) (23.1100 16.2400) on layer M1. (ZRT-761)
Warning: pin is off track in the region (23.2240 16.0170) (23.2580 16.2420) on layer M1. (ZRT-761)
Warning: pin is off track in the region (22.1140 16.5600) (22.1480 16.7630) on layer M1. (ZRT-761)
Warning: pin is off track in the region (21.9660 16.5580) (22.0000 16.7830) on layer M1. (ZRT-761)
Warning: pin is off track in the region (22.2620 18.4370) (22.2960 18.6400) on layer M1. (ZRT-761)
Warning: pin is off track in the region (22.4100 18.4170) (22.4440 18.6420) on layer M1. (ZRT-761)
Warning: pin is off track in the region (21.8920 18.9000) (21.9260 19.1370) on layer M1. (ZRT-761)
Warning: pin is off track in the region (21.7440 18.9590) (21.7780 19.2450) on layer M1. (ZRT-761)
Warning: pin is off track in the region (21.1520 16.0630) (21.1860 16.3000) on layer M1. (ZRT-761)
Warning: pin is off track in the region (21.0040 15.9550) (21.0380 16.2410) on layer M1. (ZRT-761)
Warning: pin is off track in the region (20.6340 16.0370) (20.6680 16.2400) on layer M1. (ZRT-761)
Warning: pin is off track in the region (20.7820 16.0170) (20.8160 16.2420) on layer M1. (ZRT-761)
Warning: pin is off track in the region (20.8560 16.5600) (20.8900 16.7630) on layer M1. (ZRT-761)
Warning: pin is off track in the region (21.0040 16.5580) (21.0380 16.7830) on layer M1. (ZRT-761)
Warning: pin is off track in the region (21.3740 18.4630) (21.4080 18.7000) on layer M1. (ZRT-761)
Warning: pin is off track in the region (21.5220 18.3550) (21.5560 18.6410) on layer M1. (ZRT-761)
Warning: pin is off track in the region (21.3740 18.9600) (21.4080 19.1630) on layer M1. (ZRT-761)
Warning: pin is off track in the region (21.5220 18.9580) (21.5560 19.1830) on layer M1. (ZRT-761)
Warning: pin is off track in the region (21.1520 18.9600) (21.1860 19.1630) on layer M1. (ZRT-761)
Warning: pin is off track in the region (21.0040 18.9580) (21.0380 19.1830) on layer M1. (ZRT-761)
Warning: pin is off track in the region (20.2640 16.0630) (20.2980 16.3000) on layer M1. (ZRT-761)
Warning: pin is off track in the region (20.4120 15.9550) (20.4460 16.2410) on layer M1. (ZRT-761)
Warning: pin is off track in the region (20.4860 16.5600) (20.5200 16.7630) on layer M1. (ZRT-761)
Warning: pin is off track in the region (20.6340 16.5580) (20.6680 16.7830) on layer M1. (ZRT-761)
Warning: pin is off track in the region (20.2640 17.2630) (20.2980 17.5000) on layer M1. (ZRT-761)
Warning: pin is off track in the region (20.4120 17.1550) (20.4460 17.4410) on layer M1. (ZRT-761)
Warning: pin is off track in the region (20.2640 18.9000) (20.2980 19.1370) on layer M1. (ZRT-761)
Warning: pin is off track in the region (20.1160 18.9590) (20.1500 19.2450) on layer M1. (ZRT-761)
Warning: pin is off track in the region (20.7820 17.2370) (20.8160 17.4400) on layer M1. (ZRT-761)
Warning: pin is off track in the region (20.6340 17.2170) (20.6680 17.4420) on layer M1. (ZRT-761)
Warning: pin is off track in the region (19.8940 17.2630) (19.9280 17.5000) on layer M1. (ZRT-761)
Warning: pin is off track in the region (20.0420 17.1550) (20.0760 17.4410) on layer M1. (ZRT-761)
Warning: pin is off track in the region (19.2280 18.4370) (19.2620 18.6400) on layer M1. (ZRT-761)
Warning: pin is off track in the region (19.3760 18.4170) (19.4100 18.6420) on layer M1. (ZRT-761)
Warning: pin is off track in the region (19.5980 19.0100) (19.6320 19.1820) on layer M1. (ZRT-761)
Warning: pin is off track in the region (22.9280 16.5020) (22.9620 16.8980) on layer M1. (ZRT-761)
Warning: pin is off track in the region (23.0760 16.5020) (23.1100 16.8980) on layer M1. (ZRT-761)
Warning: pin is off track in the region (22.1140 17.7020) (22.1480 18.0980) on layer M1. (ZRT-761)
Warning: pin is off track in the region (22.2620 17.7020) (22.2960 18.0980) on layer M1. (ZRT-761)
Warning: pin is off track in the region (22.8540 17.1020) (22.8880 17.4980) on layer M1. (ZRT-761)
Warning: pin is off track in the region (23.0020 17.1020) (23.0360 17.4980) on layer M1. (ZRT-761)
Warning: pin is off track in the region (22.1880 18.9020) (22.2220 19.2980) on layer M1. (ZRT-761)
Warning: pin is off track in the region (22.3360 18.9020) (22.3700 19.2980) on layer M1. (ZRT-761)
Warning: pin is off track in the region (21.3740 15.9020) (21.4080 16.2980) on layer M1. (ZRT-761)
Warning: pin is off track in the region (21.5220 15.9020) (21.5560 16.2980) on layer M1. (ZRT-761)
Warning: pin is off track in the region (21.0040 17.1020) (21.0380 17.4980) on layer M1. (ZRT-761)
Warning: pin is off track in the region (21.1520 17.1020) (21.1860 17.4980) on layer M1. (ZRT-761)
Warning: pin is off track in the region (20.4120 17.7020) (20.4460 18.0980) on layer M1. (ZRT-761)
Warning: pin is off track in the region (20.5600 17.7020) (20.5940 18.0980) on layer M1. (ZRT-761)
Warning: pin is off track in the region (26.9240 18.4630) (26.9580 18.7000) on layer M1. (ZRT-761)
Warning: pin is off track in the region (26.7760 18.3550) (26.8100 18.6410) on layer M1. (ZRT-761)
Warning: pin is off track in the region (26.4060 18.4370) (26.4400 18.6400) on layer M1. (ZRT-761)
Warning: pin is off track in the region (26.5540 18.4170) (26.5880 18.6420) on layer M1. (ZRT-761)
Warning: pin is off track in the region (26.6280 18.9000) (26.6620 19.1370) on layer M1. (ZRT-761)
Warning: pin is off track in the region (26.7760 18.9590) (26.8100 19.2450) on layer M1. (ZRT-761)
Warning: pin is off track in the region (25.8140 16.0630) (25.8480 16.3000) on layer M1. (ZRT-761)
Warning: pin is off track in the region (25.6660 15.9550) (25.7000 16.2410) on layer M1. (ZRT-761)
Warning: pin is off track in the region (24.9260 16.0370) (24.9600 16.2400) on layer M1. (ZRT-761)
Warning: pin is off track in the region (25.0740 16.0170) (25.1080 16.2420) on layer M1. (ZRT-761)
Warning: pin is off track in the region (25.0740 17.2370) (25.1080 17.4400) on layer M1. (ZRT-761)
Warning: pin is off track in the region (25.2220 17.2170) (25.2560 17.4420) on layer M1. (ZRT-761)
Warning: pin is off track in the region (24.5560 18.4370) (24.5900 18.6400) on layer M1. (ZRT-761)
Warning: pin is off track in the region (24.4080 18.4170) (24.4420 18.6420) on layer M1. (ZRT-761)
Warning: pin is off track in the region (24.4080 18.9600) (24.4420 19.1630) on layer M1. (ZRT-761)
Warning: pin is off track in the region (24.2600 18.9580) (24.2940 19.1830) on layer M1. (ZRT-761)
Warning: pin is off track in the region (24.0380 18.9000) (24.0720 19.1370) on layer M1. (ZRT-761)
Warning: pin is off track in the region (23.8900 18.9590) (23.9240 19.2450) on layer M1. (ZRT-761)
Warning: pin is off track in the region (27.2200 18.9600) (27.2540 19.1630) on layer M1. (ZRT-761)
Warning: pin is off track in the region (27.0720 18.9580) (27.1060 19.1830) on layer M1. (ZRT-761)
Warning: pin is off track in the region (25.4440 16.0630) (25.4780 16.3000) on layer M1. (ZRT-761)
Warning: pin is off track in the region (25.2960 15.9550) (25.3300 16.2410) on layer M1. (ZRT-761)
Warning: pin is off track in the region (23.9640 16.0370) (23.9980 16.2400) on layer M1. (ZRT-761)
Warning: pin is off track in the region (23.8160 16.0170) (23.8500 16.2420) on layer M1. (ZRT-761)
Warning: pin is off track in the region (24.3340 16.0370) (24.3680 16.2400) on layer M1. (ZRT-761)
Warning: pin is off track in the region (24.1860 16.0170) (24.2200 16.2420) on layer M1. (ZRT-761)
Warning: pin is off track in the region (25.3700 18.4630) (25.4040 18.7000) on layer M1. (ZRT-761)
Warning: pin is off track in the region (25.2220 18.3550) (25.2560 18.6410) on layer M1. (ZRT-761)
Warning: pin is off track in the region (23.5940 16.0370) (23.6280 16.2400) on layer M1. (ZRT-761)
Warning: pin is off track in the region (23.4460 16.0170) (23.4800 16.2420) on layer M1. (ZRT-761)
Warning: pin is off track in the region (27.0720 17.7020) (27.1060 18.0980) on layer M1. (ZRT-761)
Warning: pin is off track in the region (26.9240 17.7020) (26.9580 18.0980) on layer M1. (ZRT-761)
Warning: pin is off track in the region (25.9620 17.1020) (25.9960 17.4980) on layer M1. (ZRT-761)
Warning: pin is off track in the region (26.1100 17.1020) (26.1440 17.4980) on layer M1. (ZRT-761)
Warning: pin is off track in the region (26.1100 15.3020) (26.1440 15.6980) on layer M1. (ZRT-761)
Warning: pin is off track in the region (26.2580 15.3020) (26.2920 15.6980) on layer M1. (ZRT-761)
Warning: pin is off track in the region (23.8900 15.3020) (23.9240 15.6980) on layer M1. (ZRT-761)
Warning: pin is off track in the region (24.0380 15.3020) (24.0720 15.6980) on layer M1. (ZRT-761)
Warning: pin is off track in the region (26.0360 15.9020) (26.0700 16.2980) on layer M1. (ZRT-761)
Warning: pin is off track in the region (26.1840 15.9020) (26.2180 16.2980) on layer M1. (ZRT-761)
Warning: pin is off track in the region (24.6300 16.5020) (24.6640 16.8980) on layer M1. (ZRT-761)
Warning: pin is off track in the region (24.7780 16.5020) (24.8120 16.8980) on layer M1. (ZRT-761)
Warning: pin is off track in the region (23.8900 17.7020) (23.9240 18.0980) on layer M1. (ZRT-761)
Warning: pin is off track in the region (24.0380 17.7020) (24.0720 18.0980) on layer M1. (ZRT-761)
Warning: pin is off track in the region (31.2900 17.2630) (31.3240 17.5000) on layer M1. (ZRT-761)
Warning: pin is off track in the region (31.1420 17.1550) (31.1760 17.4410) on layer M1. (ZRT-761)
Warning: pin is off track in the region (31.1420 18.9000) (31.1760 19.1370) on layer M1. (ZRT-761)
Warning: pin is off track in the region (30.9940 18.9590) (31.0280 19.2450) on layer M1. (ZRT-761)
Warning: pin is off track in the region (30.5500 15.3600) (30.5840 15.5630) on layer M1. (ZRT-761)
Warning: pin is off track in the region (30.4020 15.3580) (30.4360 15.5830) on layer M1. (ZRT-761)
Warning: pin is off track in the region (31.0680 16.5600) (31.1020 16.7630) on layer M1. (ZRT-761)
Warning: pin is off track in the region (31.2160 16.5580) (31.2500 16.7830) on layer M1. (ZRT-761)
Warning: pin is off track in the region (30.2540 17.2370) (30.2880 17.4400) on layer M1. (ZRT-761)
Warning: pin is off track in the region (30.1060 17.2170) (30.1400 17.4420) on layer M1. (ZRT-761)
Warning: pin is off track in the region (29.8100 17.7000) (29.8440 17.9370) on layer M1. (ZRT-761)
Warning: pin is off track in the region (29.6620 17.7590) (29.6960 18.0450) on layer M1. (ZRT-761)
Warning: pin is off track in the region (30.0320 18.4630) (30.0660 18.7000) on layer M1. (ZRT-761)
Warning: pin is off track in the region (29.8840 18.3550) (29.9180 18.6410) on layer M1. (ZRT-761)
Warning: pin is off track in the region (29.6620 18.4630) (29.6960 18.7000) on layer M1. (ZRT-761)
Warning: pin is off track in the region (29.5140 18.3550) (29.5480 18.6410) on layer M1. (ZRT-761)
Warning: pin is off track in the region (29.9580 16.0370) (29.9920 16.2400) on layer M1. (ZRT-761)
Warning: pin is off track in the region (29.8100 16.0170) (29.8440 16.2420) on layer M1. (ZRT-761)
Warning: pin is off track in the region (29.8840 17.2370) (29.9180 17.4400) on layer M1. (ZRT-761)
Warning: pin is off track in the region (29.7360 17.2170) (29.7700 17.4420) on layer M1. (ZRT-761)
Warning: pin is off track in the region (29.5140 17.2370) (29.5480 17.4400) on layer M1. (ZRT-761)
Warning: pin is off track in the region (29.3660 17.2170) (29.4000 17.4420) on layer M1. (ZRT-761)
Warning: pin is off track in the region (28.9220 17.7600) (28.9560 17.9630) on layer M1. (ZRT-761)
Warning: pin is off track in the region (29.0700 17.7580) (29.1040 17.9830) on layer M1. (ZRT-761)
Warning: pin is off track in the region (28.2560 17.7600) (28.2900 17.9630) on layer M1. (ZRT-761)
Warning: pin is off track in the region (28.1080 17.7580) (28.1420 17.9830) on layer M1. (ZRT-761)
Warning: pin is off track in the region (28.5520 18.9000) (28.5860 19.1370) on layer M1. (ZRT-761)
Warning: pin is off track in the region (28.7000 18.9590) (28.7340 19.2450) on layer M1. (ZRT-761)
Warning: pin is off track in the region (29.0700 18.4370) (29.1040 18.6400) on layer M1. (ZRT-761)
Warning: pin is off track in the region (29.2180 18.4170) (29.2520 18.6420) on layer M1. (ZRT-761)
Warning: pin is off track in the region (29.4400 17.7600) (29.4740 17.9630) on layer M1. (ZRT-761)
Warning: pin is off track in the region (29.2920 17.7580) (29.3260 17.9830) on layer M1. (ZRT-761)
Warning: pin is off track in the region (29.4400 15.3600) (29.4740 15.5630) on layer M1. (ZRT-761)
Warning: pin is off track in the region (29.2920 15.3580) (29.3260 15.5830) on layer M1. (ZRT-761)
Warning: pin is off track in the region (28.4040 16.5000) (28.4380 16.7370) on layer M1. (ZRT-761)
Warning: pin is off track in the region (28.2560 16.5590) (28.2900 16.8450) on layer M1. (ZRT-761)
Warning: pin is off track in the region (28.6260 16.5600) (28.6600 16.7630) on layer M1. (ZRT-761)
Warning: pin is off track in the region (28.7740 16.5580) (28.8080 16.7830) on layer M1. (ZRT-761)
Warning: pin is off track in the region (27.8860 17.7000) (27.9200 17.9370) on layer M1. (ZRT-761)
Warning: pin is off track in the region (27.7380 17.7590) (27.7720 18.0450) on layer M1. (ZRT-761)
Warning: pin is off track in the region (27.5160 17.7600) (27.5500 17.9630) on layer M1. (ZRT-761)
Warning: pin is off track in the region (27.3680 17.7580) (27.4020 17.9830) on layer M1. (ZRT-761)
Warning: pin is off track in the region (27.8860 16.0370) (27.9200 16.2400) on layer M1. (ZRT-761)
Warning: pin is off track in the region (27.7380 16.0170) (27.7720 16.2420) on layer M1. (ZRT-761)
Warning: pin is off track in the region (28.1060 15.3230) (28.1440 15.6770) on layer M1. (ZRT-761)
Warning: pin is off track in the region (31.7340 15.9020) (31.7680 16.2980) on layer M1. (ZRT-761)
Warning: pin is off track in the region (31.5860 15.9020) (31.6200 16.2980) on layer M1. (ZRT-761)
Warning: pin is off track in the region (31.5120 17.7020) (31.5460 18.0980) on layer M1. (ZRT-761)
Warning: pin is off track in the region (31.3640 17.7020) (31.3980 18.0980) on layer M1. (ZRT-761)
Warning: pin is off track in the region (29.2920 18.9020) (29.3260 19.2980) on layer M1. (ZRT-761)
Warning: pin is off track in the region (29.4400 18.9020) (29.4740 19.2980) on layer M1. (ZRT-761)
Warning: pin is off track in the region (29.3660 16.5020) (29.4000 16.8980) on layer M1. (ZRT-761)
Warning: pin is off track in the region (29.5140 16.5020) (29.5480 16.8980) on layer M1. (ZRT-761)
Warning: pin is off track in the region (27.3680 18.3020) (27.4020 18.6980) on layer M1. (ZRT-761)
Warning: pin is off track in the region (27.5160 18.3020) (27.5500 18.6980) on layer M1. (ZRT-761)
Warning: pin is off track in the region (30.6980 18.3020) (30.7320 18.6980) on layer M1. (ZRT-761)
Warning: pin is off track in the region (30.8460 18.3020) (30.8800 18.6980) on layer M1. (ZRT-761)
Warning: pin is off track in the region (28.1080 15.9020) (28.1420 16.2980) on layer M1. (ZRT-761)
Warning: pin is off track in the region (28.2560 15.9020) (28.2900 16.2980) on layer M1. (ZRT-761)
Warning: pin is off track in the region (27.6640 17.1020) (27.6980 17.4980) on layer M1. (ZRT-761)
Warning: pin is off track in the region (27.8120 17.1020) (27.8460 17.4980) on layer M1. (ZRT-761)
Warning: pin is off track in the region (34.3240 17.2630) (34.3580 17.5000) on layer M1. (ZRT-761)
Warning: pin is off track in the region (34.1760 17.1550) (34.2100 17.4410) on layer M1. (ZRT-761)
Warning: pin is off track in the region (34.6940 17.2370) (34.7280 17.4400) on layer M1. (ZRT-761)
Warning: pin is off track in the region (34.5460 17.2170) (34.5800 17.4420) on layer M1. (ZRT-761)
Warning: pin is off track in the region (34.7680 18.9000) (34.8020 19.1370) on layer M1. (ZRT-761)
Warning: pin is off track in the region (34.9160 18.9590) (34.9500 19.2450) on layer M1. (ZRT-761)
Warning: pin is off track in the region (32.6960 16.0370) (32.7300 16.2400) on layer M1. (ZRT-761)
Warning: pin is off track in the region (32.8440 16.0170) (32.8780 16.2420) on layer M1. (ZRT-761)
Warning: pin is off track in the region (33.9540 17.2630) (33.9880 17.5000) on layer M1. (ZRT-761)
Warning: pin is off track in the region (33.8060 17.1550) (33.8400 17.4410) on layer M1. (ZRT-761)
Warning: pin is off track in the region (33.5840 17.2370) (33.6180 17.4400) on layer M1. (ZRT-761)
Warning: pin is off track in the region (33.4360 17.2170) (33.4700 17.4420) on layer M1. (ZRT-761)
Warning: pin is off track in the region (32.3260 16.5000) (32.3600 16.7370) on layer M1. (ZRT-761)
Warning: pin is off track in the region (32.1780 16.5590) (32.2120 16.8450) on layer M1. (ZRT-761)
Warning: pin is off track in the region (32.4000 17.2370) (32.4340 17.4400) on layer M1. (ZRT-761)
Warning: pin is off track in the region (32.5480 17.2170) (32.5820 17.4420) on layer M1. (ZRT-761)
Warning: pin is off track in the region (33.7320 17.7000) (33.7660 17.9370) on layer M1. (ZRT-761)
Warning: pin is off track in the region (33.5840 17.7590) (33.6180 18.0450) on layer M1. (ZRT-761)
Warning: pin is off track in the region (32.1040 16.0370) (32.1380 16.2400) on layer M1. (ZRT-761)
Warning: pin is off track in the region (31.9560 16.0170) (31.9900 16.2420) on layer M1. (ZRT-761)
Warning: pin is off track in the region (32.3260 16.0630) (32.3600 16.3000) on layer M1. (ZRT-761)
Warning: pin is off track in the region (32.4740 15.9550) (32.5080 16.2410) on layer M1. (ZRT-761)
Warning: pin is off track in the region (31.9560 16.5600) (31.9900 16.7630) on layer M1. (ZRT-761)
Warning: pin is off track in the region (31.8080 16.5580) (31.8420 16.7830) on layer M1. (ZRT-761)
Warning: pin is off track in the region (31.6600 17.2370) (31.6940 17.4400) on layer M1. (ZRT-761)
Warning: pin is off track in the region (31.5120 17.2170) (31.5460 17.4420) on layer M1. (ZRT-761)
Warning: pin is off track in the region (32.8440 18.4630) (32.8780 18.7000) on layer M1. (ZRT-761)
Warning: pin is off track in the region (32.6960 18.3550) (32.7300 18.6410) on layer M1. (ZRT-761)
Warning: pin is off track in the region (31.4380 16.5600) (31.4720 16.7630) on layer M1. (ZRT-761)
Warning: pin is off track in the region (31.5860 16.5580) (31.6200 16.7830) on layer M1. (ZRT-761)
Warning: pin is off track in the region (35.8780 17.7020) (35.9120 18.0980) on layer M1. (ZRT-761)
Warning: pin is off track in the region (35.7300 17.7020) (35.7640 18.0980) on layer M1. (ZRT-761)
Warning: pin is off track in the region (33.8800 15.3020) (33.9140 15.6980) on layer M1. (ZRT-761)
Warning: pin is off track in the region (33.7320 15.3020) (33.7660 15.6980) on layer M1. (ZRT-761)
Warning: pin is off track in the region (34.1760 15.3020) (34.2100 15.6980) on layer M1. (ZRT-761)
Warning: pin is off track in the region (34.3240 15.3020) (34.3580 15.6980) on layer M1. (ZRT-761)
Warning: pin is off track in the region (34.0280 16.5020) (34.0620 16.8980) on layer M1. (ZRT-761)
Warning: pin is off track in the region (33.8800 16.5020) (33.9140 16.8980) on layer M1. (ZRT-761)
Warning: pin is off track in the region (35.7300 16.5020) (35.7640 16.8980) on layer M1. (ZRT-761)
Warning: pin is off track in the region (35.5820 16.5020) (35.6160 16.8980) on layer M1. (ZRT-761)
Warning: pin is off track in the region (33.3620 17.7020) (33.3960 18.0980) on layer M1. (ZRT-761)
Warning: pin is off track in the region (33.2140 17.7020) (33.2480 18.0980) on layer M1. (ZRT-761)
Warning: pin is off track in the region (34.6200 15.9020) (34.6540 16.2980) on layer M1. (ZRT-761)
Warning: pin is off track in the region (34.4720 15.9020) (34.5060 16.2980) on layer M1. (ZRT-761)
Warning: pin is off track in the region (36.6180 18.9020) (36.6520 19.2980) on layer M1. (ZRT-761)
Warning: pin is off track in the region (36.4700 18.9020) (36.5040 19.2980) on layer M1. (ZRT-761)
Warning: pin is off track in the region (32.8440 18.9020) (32.8780 19.2980) on layer M1. (ZRT-761)
Warning: pin is off track in the region (32.6960 18.9020) (32.7300 19.2980) on layer M1. (ZRT-761)
Warning: pin is off track in the region (33.0660 18.9020) (33.1000 19.2980) on layer M1. (ZRT-761)
Warning: pin is off track in the region (33.2140 18.9020) (33.2480 19.2980) on layer M1. (ZRT-761)
Warning: pin is off track in the region (38.8380 15.3000) (38.8720 15.5370) on layer M1. (ZRT-761)
Warning: pin is off track in the region (38.6900 15.3590) (38.7240 15.6450) on layer M1. (ZRT-761)
Warning: pin is off track in the region (39.0600 15.3000) (39.0940 15.5370) on layer M1. (ZRT-761)
Warning: pin is off track in the region (39.2080 15.3590) (39.2420 15.6450) on layer M1. (ZRT-761)
Warning: pin is off track in the region (38.2460 15.3600) (38.2800 15.5630) on layer M1. (ZRT-761)
Warning: pin is off track in the region (38.3940 15.3580) (38.4280 15.5830) on layer M1. (ZRT-761)
Warning: pin is off track in the region (37.8760 15.3000) (37.9100 15.5370) on layer M1. (ZRT-761)
Warning: pin is off track in the region (38.0240 15.3590) (38.0580 15.6450) on layer M1. (ZRT-761)
Warning: pin is off track in the region (37.5060 15.3600) (37.5400 15.5630) on layer M1. (ZRT-761)
Warning: pin is off track in the region (37.6540 15.3580) (37.6880 15.5830) on layer M1. (ZRT-761)
Warning: pin is off track in the region (38.3200 16.5600) (38.3540 16.7630) on layer M1. (ZRT-761)
Warning: pin is off track in the region (38.1720 16.5580) (38.2060 16.7830) on layer M1. (ZRT-761)
Warning: pin is off track in the region (39.2820 16.5600) (39.3160 16.7630) on layer M1. (ZRT-761)
Warning: pin is off track in the region (39.1340 16.5580) (39.1680 16.7830) on layer M1. (ZRT-761)
Warning: pin is off track in the region (38.9120 18.9000) (38.9460 19.1370) on layer M1. (ZRT-761)
Warning: pin is off track in the region (38.7640 18.9590) (38.7980 19.2450) on layer M1. (ZRT-761)
Warning: pin is off track in the region (37.1360 15.3000) (37.1700 15.5370) on layer M1. (ZRT-761)
Warning: pin is off track in the region (36.9880 15.3590) (37.0220 15.6450) on layer M1. (ZRT-761)
Warning: pin is off track in the region (37.7280 16.5600) (37.7620 16.7630) on layer M1. (ZRT-761)
Warning: pin is off track in the region (37.5800 16.5580) (37.6140 16.7830) on layer M1. (ZRT-761)
Warning: pin is off track in the region (38.3940 17.2370) (38.4280 17.4400) on layer M1. (ZRT-761)
Warning: pin is off track in the region (38.2460 17.2170) (38.2800 17.4420) on layer M1. (ZRT-761)
Warning: pin is off track in the region (38.9860 17.2630) (39.0200 17.5000) on layer M1. (ZRT-761)
Warning: pin is off track in the region (38.8380 17.1550) (38.8720 17.4410) on layer M1. (ZRT-761)
Warning: pin is off track in the region (37.8020 17.2370) (37.8360 17.4400) on layer M1. (ZRT-761)
Warning: pin is off track in the region (37.6540 17.2170) (37.6880 17.4420) on layer M1. (ZRT-761)
Warning: pin is off track in the region (36.9880 18.9600) (37.0220 19.1630) on layer M1. (ZRT-761)
Warning: pin is off track in the region (36.8400 18.9580) (36.8740 19.1830) on layer M1. (ZRT-761)
Warning: pin is off track in the region (36.4700 17.2630) (36.5040 17.5000) on layer M1. (ZRT-761)
Warning: pin is off track in the region (36.3220 17.1550) (36.3560 17.4410) on layer M1. (ZRT-761)
Warning: pin is off track in the region (36.1000 16.5000) (36.1340 16.7370) on layer M1. (ZRT-761)
Warning: pin is off track in the region (35.9520 16.5590) (35.9860 16.8450) on layer M1. (ZRT-761)
Warning: pin is off track in the region (36.3960 15.3000) (36.4300 15.5370) on layer M1. (ZRT-761)
Warning: pin is off track in the region (36.2480 15.3590) (36.2820 15.6450) on layer M1. (ZRT-761)
Warning: pin is off track in the region (36.9880 16.5600) (37.0220 16.7630) on layer M1. (ZRT-761)
Warning: pin is off track in the region (36.8400 16.5580) (36.8740 16.7830) on layer M1. (ZRT-761)
Warning: pin is off track in the region (36.7660 15.3000) (36.8000 15.5370) on layer M1. (ZRT-761)
Warning: pin is off track in the region (36.6180 15.3590) (36.6520 15.6450) on layer M1. (ZRT-761)
Warning: pin is off track in the region (36.8400 17.2370) (36.8740 17.4400) on layer M1. (ZRT-761)
Warning: pin is off track in the region (36.6920 17.2170) (36.7260 17.4420) on layer M1. (ZRT-761)
Warning: pin is off track in the region (35.9520 18.4370) (35.9860 18.6400) on layer M1. (ZRT-761)
Warning: pin is off track in the region (36.1000 18.4170) (36.1340 18.6420) on layer M1. (ZRT-761)
Warning: pin is off track in the region (36.0260 15.3000) (36.0600 15.5370) on layer M1. (ZRT-761)
Warning: pin is off track in the region (35.8780 15.3590) (35.9120 15.6450) on layer M1. (ZRT-761)
Warning: pin is off track in the region (39.3560 15.9020) (39.3900 16.2980) on layer M1. (ZRT-761)
Warning: pin is off track in the region (39.2080 15.9020) (39.2420 16.2980) on layer M1. (ZRT-761)
Warning: pin is off track in the region (39.2820 17.7020) (39.3160 18.0980) on layer M1. (ZRT-761)
Warning: pin is off track in the region (39.1340 17.7020) (39.1680 18.0980) on layer M1. (ZRT-761)
Warning: pin is off track in the region (39.6520 18.3020) (39.6860 18.6980) on layer M1. (ZRT-761)
Warning: pin is off track in the region (39.5040 18.3020) (39.5380 18.6980) on layer M1. (ZRT-761)
Warning: pin is off track in the region (37.5800 17.7020) (37.6140 18.0980) on layer M1. (ZRT-761)
Warning: pin is off track in the region (37.4320 17.7020) (37.4660 18.0980) on layer M1. (ZRT-761)
Warning: pin is off track in the region (37.5800 15.9020) (37.6140 16.2980) on layer M1. (ZRT-761)
Warning: pin is off track in the region (37.4320 15.9020) (37.4660 16.2980) on layer M1. (ZRT-761)
Warning: pin is off track in the region (36.4700 18.3020) (36.5040 18.6980) on layer M1. (ZRT-761)
Warning: pin is off track in the region (36.6180 18.3020) (36.6520 18.6980) on layer M1. (ZRT-761)
Warning: pin is off track in the region (42.9820 16.5000) (43.0160 16.7370) on layer M1. (ZRT-761)
Warning: pin is off track in the region (43.1300 16.5590) (43.1640 16.8450) on layer M1. (ZRT-761)
Warning: pin is off track in the region (40.0960 16.0370) (40.1300 16.2400) on layer M1. (ZRT-761)
Warning: pin is off track in the region (39.9480 16.0170) (39.9820 16.2420) on layer M1. (ZRT-761)
Warning: pin is off track in the region (39.9480 15.3000) (39.9820 15.5370) on layer M1. (ZRT-761)
Warning: pin is off track in the region (39.8000 15.3590) (39.8340 15.6450) on layer M1. (ZRT-761)
Warning: pin is off track in the region (39.5780 16.0370) (39.6120 16.2400) on layer M1. (ZRT-761)
Warning: pin is off track in the region (39.7260 16.0170) (39.7600 16.2420) on layer M1. (ZRT-761)
Warning: pin is off track in the region (42.6120 18.4370) (42.6460 18.6400) on layer M1. (ZRT-761)
Warning: pin is off track in the region (42.7600 18.4170) (42.7940 18.6420) on layer M1. (ZRT-761)
Warning: pin is off track in the region (40.3920 17.7000) (40.4260 17.9370) on layer M1. (ZRT-761)
Warning: pin is off track in the region (40.2440 17.7590) (40.2780 18.0450) on layer M1. (ZRT-761)
Warning: pin is off track in the region (40.0220 17.7000) (40.0560 17.9370) on layer M1. (ZRT-761)
Warning: pin is off track in the region (39.8740 17.7590) (39.9080 18.0450) on layer M1. (ZRT-761)
Warning: pin is off track in the region (40.0960 17.2370) (40.1300 17.4400) on layer M1. (ZRT-761)
Warning: pin is off track in the region (39.9480 17.2170) (39.9820 17.4420) on layer M1. (ZRT-761)
Warning: pin is off track in the region (39.4300 15.3600) (39.4640 15.5630) on layer M1. (ZRT-761)
Warning: pin is off track in the region (39.5780 15.3580) (39.6120 15.5830) on layer M1. (ZRT-761)
Warning: pin is off track in the region (39.7260 17.2630) (39.7600 17.5000) on layer M1. (ZRT-761)
Warning: pin is off track in the region (39.5780 17.1550) (39.6120 17.4410) on layer M1. (ZRT-761)
Warning: pin is off track in the region (40.9100 16.0370) (40.9440 16.2400) on layer M1. (ZRT-761)
Warning: pin is off track in the region (41.0580 16.0170) (41.0920 16.2420) on layer M1. (ZRT-761)
Warning: pin is off track in the region (39.6520 18.9600) (39.6860 19.1630) on layer M1. (ZRT-761)
Warning: pin is off track in the region (39.5040 18.9580) (39.5380 19.1830) on layer M1. (ZRT-761)
Warning: pin is off track in the region (40.0220 18.4630) (40.0560 18.7000) on layer M1. (ZRT-761)
Warning: pin is off track in the region (39.8740 18.3550) (39.9080 18.6410) on layer M1. (ZRT-761)
Warning: pin is off track in the region (39.3560 17.2370) (39.3900 17.4400) on layer M1. (ZRT-761)
Warning: pin is off track in the region (39.2080 17.2170) (39.2420 17.4420) on layer M1. (ZRT-761)
Warning: pin is off track in the region (40.3920 18.4370) (40.4260 18.6400) on layer M1. (ZRT-761)
Warning: pin is off track in the region (40.2440 18.4170) (40.2780 18.6420) on layer M1. (ZRT-761)
Warning: pin is off track in the region (41.7240 15.3020) (41.7580 15.6980) on layer M1. (ZRT-761)
Warning: pin is off track in the region (41.5760 15.3020) (41.6100 15.6980) on layer M1. (ZRT-761)
Warning: pin is off track in the region (43.1300 17.7020) (43.1640 18.0980) on layer M1. (ZRT-761)
Warning: pin is off track in the region (42.9820 17.7020) (43.0160 18.0980) on layer M1. (ZRT-761)
Warning: pin is off track in the region (41.7980 17.1020) (41.8320 17.4980) on layer M1. (ZRT-761)
Warning: pin is off track in the region (41.6500 17.1020) (41.6840 17.4980) on layer M1. (ZRT-761)
Warning: pin is off track in the region (41.0580 16.5020) (41.0920 16.8980) on layer M1. (ZRT-761)
Warning: pin is off track in the region (40.9100 16.5020) (40.9440 16.8980) on layer M1. (ZRT-761)
Warning: pin is off track in the region (44.0920 15.3020) (44.1260 15.6980) on layer M1. (ZRT-761)
Warning: pin is off track in the region (43.9440 15.3020) (43.9780 15.6980) on layer M1. (ZRT-761)
Warning: pin is off track in the region (43.1300 15.9020) (43.1640 16.2980) on layer M1. (ZRT-761)
Warning: pin is off track in the region (42.9820 15.9020) (43.0160 16.2980) on layer M1. (ZRT-761)
Warning: pin is off track in the region (41.5760 18.9020) (41.6100 19.2980) on layer M1. (ZRT-761)
Warning: pin is off track in the region (41.4280 18.9020) (41.4620 19.2980) on layer M1. (ZRT-761)
Warning: pin is off track in the region (42.7600 16.5020) (42.7940 16.8980) on layer M1. (ZRT-761)
Warning: pin is off track in the region (42.6120 16.5020) (42.6460 16.8980) on layer M1. (ZRT-761)
Warning: pin is off track in the region (42.3900 18.3020) (42.4240 18.6980) on layer M1. (ZRT-761)
Warning: pin is off track in the region (42.2420 18.3020) (42.2760 18.6980) on layer M1. (ZRT-761)
Warning: pin is off track in the region (44.5360 17.1020) (44.5700 17.4980) on layer M1. (ZRT-761)
Warning: pin is off track in the region (44.3880 17.1020) (44.4220 17.4980) on layer M1. (ZRT-761)
Warning: pin is off track in the region (42.0200 18.9020) (42.0540 19.2980) on layer M1. (ZRT-761)
Warning: pin is off track in the region (42.1680 18.9020) (42.2020 19.2980) on layer M1. (ZRT-761)
Warning: pin is off track in the region (48.3840 18.3120) (48.4180 18.7160) on layer M1. (ZRT-761)
Warning: pin is off track in the region (48.3840 17.1120) (48.4180 17.5160) on layer M1. (ZRT-761)
Warning: pin is off track in the region (49.0500 15.2840) (49.0840 15.6880) on layer M1. (ZRT-761)
Warning: pin is off track in the region (44.0180 16.5000) (44.0520 16.7370) on layer M1. (ZRT-761)
Warning: pin is off track in the region (43.8700 16.5590) (43.9040 16.8450) on layer M1. (ZRT-761)
Warning: pin is off track in the region (43.6480 16.5000) (43.6820 16.7370) on layer M1. (ZRT-761)
Warning: pin is off track in the region (43.5000 16.5590) (43.5340 16.8450) on layer M1. (ZRT-761)
Warning: pin is off track in the region (43.3520 18.4630) (43.3860 18.7000) on layer M1. (ZRT-761)
Warning: pin is off track in the region (43.2040 18.3550) (43.2380 18.6410) on layer M1. (ZRT-761)
Warning: pin is off track in the region (43.3520 17.7020) (43.3860 18.0980) on layer M1. (ZRT-761)
Warning: pin is off track in the region (43.5000 17.7020) (43.5340 18.0980) on layer M1. (ZRT-761)
Warning: pin is off track in the region (45.7940 15.9020) (45.8280 16.2980) on layer M1. (ZRT-761)
Warning: pin is off track in the region (45.6460 15.9020) (45.6800 16.2980) on layer M1. (ZRT-761)
Warning: pin is off track in the region (46.2380 17.1020) (46.2720 17.4980) on layer M1. (ZRT-761)
Warning: pin is off track in the region (46.0900 17.1020) (46.1240 17.4980) on layer M1. (ZRT-761)
Warning: pin is off track in the region (47.4960 15.9020) (47.5300 16.2980) on layer M1. (ZRT-761)
Warning: pin is off track in the region (47.3480 15.9020) (47.3820 16.2980) on layer M1. (ZRT-761)
Warning: pin is off track in the region (46.3120 16.5020) (46.3460 16.8980) on layer M1. (ZRT-761)
Warning: pin is off track in the region (46.4600 16.5020) (46.4940 16.8980) on layer M1. (ZRT-761)
Warning: pin is off track in the region (43.7960 18.3020) (43.8300 18.6980) on layer M1. (ZRT-761)
Warning: pin is off track in the region (43.9440 18.3020) (43.9780 18.6980) on layer M1. (ZRT-761)
Warning: pin is off track in the region (45.9420 17.7020) (45.9760 18.0980) on layer M1. (ZRT-761)
Warning: pin is off track in the region (46.0900 17.7020) (46.1240 18.0980) on layer M1. (ZRT-761)
Warning: pin is off track in the region (44.7560 16.5230) (44.7940 16.8770) on layer M1. (ZRT-761)
Warning: pin is off track in the region (46.5280 18.9990) (46.5740 19.1500) on layer M1. (ZRT-761)
Warning: pin is off track in the region (45.9400 18.9180) (45.9780 19.2580) on layer M1. (ZRT-761)
Warning: pin is off track in the region (49.1240 18.8840) (49.1580 19.2880) on layer M1. (ZRT-761)
Warning: pin is off track in the region (52.6760 17.1120) (52.7100 17.5160) on layer M1. (ZRT-761)
Warning: pin is off track in the region (52.6760 15.2840) (52.7100 15.6880) on layer M1. (ZRT-761)
Warning: pin is off track in the region (52.6760 17.6840) (52.7100 18.0880) on layer M1. (ZRT-761)
Warning: pin is off track in the region (52.6760 15.9120) (52.7100 16.3160) on layer M1. (ZRT-761)
Warning: pin is off track in the region (50.5300 15.9120) (50.5640 16.3160) on layer M1. (ZRT-761)
Warning: pin is off track in the region (50.5300 17.1120) (50.5640 17.5160) on layer M1. (ZRT-761)
Warning: pin is off track in the region (50.5300 18.3120) (50.5640 18.7160) on layer M1. (ZRT-761)
Warning: pin is off track in the region (52.6760 18.8840) (52.7100 19.2880) on layer M1. (ZRT-761)
Warning: pin is off track in the region (47.8660 17.8010) (47.9000 17.9880) on layer M1. (ZRT-761)
Warning: pin is off track in the region (49.0500 16.6010) (49.0840 16.7880) on layer M1. (ZRT-761)
Warning: pin is off track in the region (48.8280 16.4920) (48.8620 16.8840) on layer M1. (ZRT-761)
Warning: pin is off track in the region (5.9760 20.0890) (6.0220 20.2890) on layer M1. (ZRT-761)
Warning: pin is off track in the region (5.7540 20.1680) (5.8000 20.3570) on layer M1. (ZRT-761)
Warning: pin is off track in the region (5.3900 20.1190) (5.4240 20.4590) on layer M1. (ZRT-761)
Warning: pin is off track in the region (7.4620 21.9120) (7.4960 22.3160) on layer M1. (ZRT-761)
Warning: pin is off track in the region (7.5360 20.7120) (7.5700 21.1160) on layer M1. (ZRT-761)
Warning: pin is off track in the region (5.9760 21.2890) (6.0220 21.4890) on layer M1. (ZRT-761)
Warning: pin is off track in the region (5.7540 21.3680) (5.8000 21.5570) on layer M1. (ZRT-761)
Warning: pin is off track in the region (5.3900 21.3190) (5.4240 21.6590) on layer M1. (ZRT-761)
Warning: pin is off track in the region (5.9760 22.4890) (6.0220 22.6890) on layer M1. (ZRT-761)
Warning: pin is off track in the region (5.7540 22.5680) (5.8000 22.7570) on layer M1. (ZRT-761)
Warning: pin is off track in the region (5.3900 22.5190) (5.4240 22.8590) on layer M1. (ZRT-761)
Warning: pin is off track in the region (8.0540 23.1120) (8.0880 23.5160) on layer M1. (ZRT-761)
Warning: pin is off track in the region (8.5720 21.2840) (8.6060 21.6880) on layer M1. (ZRT-761)
Warning: pin is off track in the region (8.4240 20.0840) (8.4580 20.4880) on layer M1. (ZRT-761)
Warning: pin is off track in the region (5.5380 23.1410) (5.5720 23.4810) on layer M1. (ZRT-761)
Warning: pin is off track in the region (10.7120 22.1110) (10.7580 22.3110) on layer M1. (ZRT-761)
Warning: pin is off track in the region (10.4900 22.0430) (10.5360 22.2320) on layer M1. (ZRT-761)
Warning: pin is off track in the region (10.1260 21.9410) (10.1600 22.2810) on layer M1. (ZRT-761)
Warning: pin is off track in the region (9.9720 23.3110) (10.0180 23.5110) on layer M1. (ZRT-761)
Warning: pin is off track in the region (9.7500 23.2430) (9.7960 23.4320) on layer M1. (ZRT-761)
Warning: pin is off track in the region (9.3860 23.1410) (9.4200 23.4810) on layer M1. (ZRT-761)
Warning: pin is off track in the region (10.7180 21.2840) (10.7520 21.6880) on layer M1. (ZRT-761)
Warning: pin is off track in the region (12.7160 20.0840) (12.7500 20.4880) on layer M1. (ZRT-761)
Warning: pin is off track in the region (9.6820 21.9120) (9.7160 22.3160) on layer M1. (ZRT-761)
Warning: pin is off track in the region (10.5700 20.0840) (10.6040 20.4880) on layer M1. (ZRT-761)
Warning: pin is off track in the region (11.8280 22.4840) (11.8620 22.8880) on layer M1. (ZRT-761)
Warning: pin is off track in the region (11.5320 20.7120) (11.5660 21.1160) on layer M1. (ZRT-761)
Warning: pin is off track in the region (8.3500 19.6120) (8.3840 19.7900) on layer M1. (ZRT-761)
Warning: pin is off track in the region (8.1280 19.6120) (8.1620 19.7900) on layer M1. (ZRT-761)
Warning: pin is off track in the region (8.4980 19.6110) (8.5320 19.7650) on layer M1. (ZRT-761)
Warning: pin is off track in the region (8.6460 19.6120) (8.6800 19.8890) on layer M1. (ZRT-761)
Warning: pin is off track in the region (7.9800 19.5010) (8.0140 19.9010) on layer M1. (ZRT-761)
Warning: pin is off track in the region (8.2760 22.6100) (8.3100 22.7880) on layer M1. (ZRT-761)
Warning: pin is off track in the region (8.0540 22.6100) (8.0880 22.7880) on layer M1. (ZRT-761)
Warning: pin is off track in the region (8.4240 22.6350) (8.4580 22.7890) on layer M1. (ZRT-761)
Warning: pin is off track in the region (8.5720 22.5110) (8.6060 22.7880) on layer M1. (ZRT-761)
Warning: pin is off track in the region (7.9060 22.4990) (7.9400 22.8990) on layer M1. (ZRT-761)
Warning: pin is off track in the region (11.3840 19.6120) (11.4180 19.7900) on layer M1. (ZRT-761)
Warning: pin is off track in the region (11.1620 19.6120) (11.1960 19.7900) on layer M1. (ZRT-761)
Warning: pin is off track in the region (11.5320 19.6110) (11.5660 19.7650) on layer M1. (ZRT-761)
Warning: pin is off track in the region (11.6800 19.6120) (11.7140 19.8890) on layer M1. (ZRT-761)
Warning: pin is off track in the region (11.0140 19.5010) (11.0480 19.9010) on layer M1. (ZRT-761)
Warning: pin is off track in the region (9.1640 22.6100) (9.1980 22.7880) on layer M1. (ZRT-761)
Warning: pin is off track in the region (9.3860 22.6100) (9.4200 22.7880) on layer M1. (ZRT-761)
Warning: pin is off track in the region (9.0160 22.6350) (9.0500 22.7890) on layer M1. (ZRT-761)
Warning: pin is off track in the region (8.8680 22.5110) (8.9020 22.7880) on layer M1. (ZRT-761)
Warning: pin is off track in the region (9.5340 22.4990) (9.5680 22.8990) on layer M1. (ZRT-761)
Warning: pin is off track in the region (13.9740 22.4840) (14.0080 22.8880) on layer M1. (ZRT-761)
Warning: pin is off track in the region (14.3440 21.9120) (14.3780 22.3160) on layer M1. (ZRT-761)
Warning: pin is off track in the region (16.4900 21.9120) (16.5240 22.3160) on layer M1. (ZRT-761)
Warning: pin is off track in the region (14.4880 20.6930) (14.5300 20.9010) on layer M1. (ZRT-761)
Warning: pin is off track in the region (14.5660 20.7650) (14.6000 21.0110) on layer M1. (ZRT-761)
Warning: pin is off track in the region (15.6020 20.7230) (15.6360 21.0770) on layer M1. (ZRT-761)
Warning: pin is off track in the region (13.4560 23.1120) (13.4900 23.5160) on layer M1. (ZRT-761)
Warning: pin is off track in the region (12.1980 21.9410) (12.2320 22.2810) on layer M1. (ZRT-761)
Warning: pin is off track in the region (13.7520 19.5020) (13.7860 19.8980) on layer M1. (ZRT-761)
Warning: pin is off track in the region (12.4200 19.5120) (12.4540 19.8880) on layer M1. (ZRT-761)
Warning: pin is off track in the region (14.6400 20.1020) (14.6740 20.4980) on layer M1. (ZRT-761)
Warning: pin is off track in the region (11.7540 21.9410) (11.7880 22.2810) on layer M1. (ZRT-761)
Warning: pin is off track in the region (12.4940 20.7020) (12.5280 21.0980) on layer M1. (ZRT-761)
Warning: pin is off track in the region (12.6420 20.7020) (12.6760 21.0980) on layer M1. (ZRT-761)
Warning: pin is off track in the region (14.0480 19.5020) (14.0820 19.8980) on layer M1. (ZRT-761)
Warning: pin is off track in the region (14.1960 19.5020) (14.2300 19.8980) on layer M1. (ZRT-761)
Warning: pin is off track in the region (13.3080 21.3020) (13.3420 21.6980) on layer M1. (ZRT-761)
Warning: pin is off track in the region (13.4560 21.3020) (13.4900 21.6980) on layer M1. (ZRT-761)
Warning: pin is off track in the region (11.2360 21.3580) (11.2700 21.6180) on layer M1. (ZRT-761)
Warning: pin is off track in the region (13.0860 21.3050) (13.1200 21.6450) on layer M1. (ZRT-761)
Warning: pin is off track in the region (12.9380 21.3180) (12.9720 21.6580) on layer M1. (ZRT-761)
Warning: pin is off track in the region (13.7520 23.1820) (13.7860 23.4420) on layer M1. (ZRT-761)
Warning: pin is off track in the region (15.6020 23.1550) (15.6360 23.4950) on layer M1. (ZRT-761)
Warning: pin is off track in the region (15.4540 23.1420) (15.4880 23.4820) on layer M1. (ZRT-761)
Warning: pin is off track in the region (17.7480 23.1120) (17.7820 23.5160) on layer M1. (ZRT-761)
Warning: pin is off track in the region (17.6740 19.5120) (17.7080 19.9160) on layer M1. (ZRT-761)
Warning: pin is off track in the region (16.6380 20.1020) (16.6720 20.4980) on layer M1. (ZRT-761)
Warning: pin is off track in the region (19.0800 20.1020) (19.1140 20.4980) on layer M1. (ZRT-761)
Warning: pin is off track in the region (19.2280 20.1020) (19.2620 20.4980) on layer M1. (ZRT-761)
Warning: pin is off track in the region (19.0060 21.3020) (19.0400 21.6980) on layer M1. (ZRT-761)
Warning: pin is off track in the region (19.1540 21.3020) (19.1880 21.6980) on layer M1. (ZRT-761)
Warning: pin is off track in the region (17.6740 22.5020) (17.7080 22.8980) on layer M1. (ZRT-761)
Warning: pin is off track in the region (17.8220 22.5020) (17.8560 22.8980) on layer M1. (ZRT-761)
Warning: pin is off track in the region (18.3400 20.7020) (18.3740 21.0980) on layer M1. (ZRT-761)
Warning: pin is off track in the region (18.4880 20.7020) (18.5220 21.0980) on layer M1. (ZRT-761)
Warning: pin is off track in the region (17.8960 19.5020) (17.9300 19.8980) on layer M1. (ZRT-761)
Warning: pin is off track in the region (18.0440 19.5020) (18.0780 19.8980) on layer M1. (ZRT-761)
Warning: pin is off track in the region (17.0080 21.9020) (17.0420 22.2980) on layer M1. (ZRT-761)
Warning: pin is off track in the region (17.1560 21.9020) (17.1900 22.2980) on layer M1. (ZRT-761)
Warning: pin is off track in the region (15.8240 20.7020) (15.8580 21.0980) on layer M1. (ZRT-761)
Warning: pin is off track in the region (15.9720 20.7020) (16.0060 21.0980) on layer M1. (ZRT-761)
Warning: pin is off track in the region (15.9720 22.5020) (16.0060 22.8980) on layer M1. (ZRT-761)
Warning: pin is off track in the region (16.1200 22.5020) (16.1540 22.8980) on layer M1. (ZRT-761)
Warning: pin is off track in the region (22.7800 19.6630) (22.8140 19.9000) on layer M1. (ZRT-761)
Warning: pin is off track in the region (22.6320 19.5550) (22.6660 19.8410) on layer M1. (ZRT-761)
Warning: pin is off track in the region (21.8180 19.6370) (21.8520 19.8400) on layer M1. (ZRT-761)
Warning: pin is off track in the region (21.6700 19.6170) (21.7040 19.8420) on layer M1. (ZRT-761)
Warning: pin is off track in the region (21.4480 19.6630) (21.4820 19.9000) on layer M1. (ZRT-761)
Warning: pin is off track in the region (21.3000 19.5550) (21.3340 19.8410) on layer M1. (ZRT-761)
Warning: pin is off track in the region (20.9300 20.1600) (20.9640 20.3630) on layer M1. (ZRT-761)
Warning: pin is off track in the region (21.0780 20.1580) (21.1120 20.3830) on layer M1. (ZRT-761)
Warning: pin is off track in the region (21.3000 22.5020) (21.3340 22.8980) on layer M1. (ZRT-761)
Warning: pin is off track in the region (21.4480 22.5020) (21.4820 22.8980) on layer M1. (ZRT-761)
Warning: pin is off track in the region (21.3000 20.1020) (21.3340 20.4980) on layer M1. (ZRT-761)
Warning: pin is off track in the region (21.4480 20.1020) (21.4820 20.4980) on layer M1. (ZRT-761)
Warning: pin is off track in the region (21.8920 20.7020) (21.9260 21.0980) on layer M1. (ZRT-761)
Warning: pin is off track in the region (22.0400 20.7020) (22.0740 21.0980) on layer M1. (ZRT-761)
Warning: pin is off track in the region (21.3000 21.3020) (21.3340 21.6980) on layer M1. (ZRT-761)
Warning: pin is off track in the region (21.4480 21.3020) (21.4820 21.6980) on layer M1. (ZRT-761)
Warning: pin is off track in the region (21.0780 21.9020) (21.1120 22.2980) on layer M1. (ZRT-761)
Warning: pin is off track in the region (21.2260 21.9020) (21.2600 22.2980) on layer M1. (ZRT-761)
Warning: pin is off track in the region (20.4120 23.1020) (20.4460 23.4980) on layer M1. (ZRT-761)
Warning: pin is off track in the region (20.5600 23.1020) (20.5940 23.4980) on layer M1. (ZRT-761)
Warning: pin is off track in the region (20.0420 20.7020) (20.0760 21.0980) on layer M1. (ZRT-761)
Warning: pin is off track in the region (20.1900 20.7020) (20.2240 21.0980) on layer M1. (ZRT-761)
Warning: pin is off track in the region (19.3760 21.9020) (19.4100 22.2980) on layer M1. (ZRT-761)
Warning: pin is off track in the region (19.5240 21.9020) (19.5580 22.2980) on layer M1. (ZRT-761)
Warning: pin is off track in the region (19.3760 22.5020) (19.4100 22.8980) on layer M1. (ZRT-761)
Warning: pin is off track in the region (19.5240 22.5020) (19.5580 22.8980) on layer M1. (ZRT-761)
Warning: pin is off track in the region (19.5980 19.5020) (19.6320 19.8980) on layer M1. (ZRT-761)
Warning: pin is off track in the region (19.7460 19.5020) (19.7800 19.8980) on layer M1. (ZRT-761)
Warning: pin is off track in the region (25.8140 19.6370) (25.8480 19.8400) on layer M1. (ZRT-761)
Warning: pin is off track in the region (25.9620 19.6170) (25.9960 19.8420) on layer M1. (ZRT-761)
Warning: pin is off track in the region (25.7400 20.1000) (25.7740 20.3370) on layer M1. (ZRT-761)
Warning: pin is off track in the region (25.5920 20.1590) (25.6260 20.4450) on layer M1. (ZRT-761)
Warning: pin is off track in the region (23.3720 19.6630) (23.4060 19.9000) on layer M1. (ZRT-761)
Warning: pin is off track in the region (23.5200 19.5550) (23.5540 19.8410) on layer M1. (ZRT-761)
Warning: pin is off track in the region (26.1840 19.6370) (26.2180 19.8400) on layer M1. (ZRT-761)
Warning: pin is off track in the region (26.3320 19.6170) (26.3660 19.8420) on layer M1. (ZRT-761)
Warning: pin is off track in the region (25.1480 20.1000) (25.1820 20.3370) on layer M1. (ZRT-761)
Warning: pin is off track in the region (25.0000 20.1590) (25.0340 20.4450) on layer M1. (ZRT-761)
Warning: pin is off track in the region (23.8160 20.1600) (23.8500 20.3630) on layer M1. (ZRT-761)
Warning: pin is off track in the region (23.6680 20.1580) (23.7020 20.3830) on layer M1. (ZRT-761)
Warning: pin is off track in the region (24.6300 20.1000) (24.6640 20.3370) on layer M1. (ZRT-761)
Warning: pin is off track in the region (24.7780 20.1590) (24.8120 20.4450) on layer M1. (ZRT-761)
Warning: pin is off track in the region (23.4460 20.1600) (23.4800 20.3630) on layer M1. (ZRT-761)
Warning: pin is off track in the region (23.2980 20.1580) (23.3320 20.3830) on layer M1. (ZRT-761)
Warning: pin is off track in the region (27.0720 19.5020) (27.1060 19.8980) on layer M1. (ZRT-761)
Warning: pin is off track in the region (27.2200 19.5020) (27.2540 19.8980) on layer M1. (ZRT-761)
Warning: pin is off track in the region (28.4780 20.7020) (28.5120 21.0980) on layer M1. (ZRT-761)
Warning: pin is off track in the region (28.3300 20.7020) (28.3640 21.0980) on layer M1. (ZRT-761)
Warning: pin is off track in the region (25.9620 20.1020) (25.9960 20.4980) on layer M1. (ZRT-761)
Warning: pin is off track in the region (26.1100 20.1020) (26.1440 20.4980) on layer M1. (ZRT-761)
Warning: pin is off track in the region (25.2960 20.7020) (25.3300 21.0980) on layer M1. (ZRT-761)
Warning: pin is off track in the region (25.4440 20.7020) (25.4780 21.0980) on layer M1. (ZRT-761)
Warning: pin is off track in the region (23.9640 19.5020) (23.9980 19.8980) on layer M1. (ZRT-761)
Warning: pin is off track in the region (24.1120 19.5020) (24.1460 19.8980) on layer M1. (ZRT-761)
Warning: pin is off track in the region (23.5940 20.7020) (23.6280 21.0980) on layer M1. (ZRT-761)
Warning: pin is off track in the region (23.7420 20.7020) (23.7760 21.0980) on layer M1. (ZRT-761)
Warning: pin is off track in the region (31.2900 20.1000) (31.3240 20.3370) on layer M1. (ZRT-761)
Warning: pin is off track in the region (31.1420 20.1590) (31.1760 20.4450) on layer M1. (ZRT-761)
Warning: pin is off track in the region (29.3660 19.6370) (29.4000 19.8400) on layer M1. (ZRT-761)
Warning: pin is off track in the region (29.2180 19.6170) (29.2520 19.8420) on layer M1. (ZRT-761)
Warning: pin is off track in the region (30.6240 19.6370) (30.6580 19.8400) on layer M1. (ZRT-761)
Warning: pin is off track in the region (30.4760 19.6170) (30.5100 19.8420) on layer M1. (ZRT-761)
Warning: pin is off track in the region (27.9600 20.1600) (27.9940 20.3630) on layer M1. (ZRT-761)
Warning: pin is off track in the region (28.1080 20.1580) (28.1420 20.3830) on layer M1. (ZRT-761)
Warning: pin is off track in the region (28.3300 20.1600) (28.3640 20.3630) on layer M1. (ZRT-761)
Warning: pin is off track in the region (28.4780 20.1580) (28.5120 20.3830) on layer M1. (ZRT-761)
Warning: pin is off track in the region (30.6240 20.1000) (30.6580 20.3370) on layer M1. (ZRT-761)
Warning: pin is off track in the region (30.7720 20.1590) (30.8060 20.4450) on layer M1. (ZRT-761)
Warning: pin is off track in the region (30.8460 19.6630) (30.8800 19.9000) on layer M1. (ZRT-761)
Warning: pin is off track in the region (30.9940 19.5550) (31.0280 19.8410) on layer M1. (ZRT-761)
Warning: pin is off track in the region (31.8820 20.7020) (31.9160 21.0980) on layer M1. (ZRT-761)
Warning: pin is off track in the region (31.7340 20.7020) (31.7680 21.0980) on layer M1. (ZRT-761)
Warning: pin is off track in the region (28.7000 20.1020) (28.7340 20.4980) on layer M1. (ZRT-761)
Warning: pin is off track in the region (28.8480 20.1020) (28.8820 20.4980) on layer M1. (ZRT-761)
Warning: pin is off track in the region (28.7000 20.7020) (28.7340 21.0980) on layer M1. (ZRT-761)
Warning: pin is off track in the region (28.8480 20.7020) (28.8820 21.0980) on layer M1. (ZRT-761)
Warning: pin is off track in the region (34.8420 20.8630) (34.8760 21.1000) on layer M1. (ZRT-761)
Warning: pin is off track in the region (34.6940 20.7550) (34.7280 21.0410) on layer M1. (ZRT-761)
Warning: pin is off track in the region (34.0280 20.8630) (34.0620 21.1000) on layer M1. (ZRT-761)
Warning: pin is off track in the region (33.8800 20.7550) (33.9140 21.0410) on layer M1. (ZRT-761)
Warning: pin is off track in the region (34.1020 21.3600) (34.1360 21.5630) on layer M1. (ZRT-761)
Warning: pin is off track in the region (33.9540 21.3580) (33.9880 21.5830) on layer M1. (ZRT-761)
Warning: pin is off track in the region (34.5460 19.6370) (34.5800 19.8400) on layer M1. (ZRT-761)
Warning: pin is off track in the region (34.3980 19.6170) (34.4320 19.8420) on layer M1. (ZRT-761)
Warning: pin is off track in the region (33.2140 21.3600) (33.2480 21.5630) on layer M1. (ZRT-761)
Warning: pin is off track in the region (33.3620 21.3580) (33.3960 21.5830) on layer M1. (ZRT-761)
Warning: pin is off track in the region (33.4360 19.6630) (33.4700 19.9000) on layer M1. (ZRT-761)
Warning: pin is off track in the region (33.5840 19.5550) (33.6180 19.8410) on layer M1. (ZRT-761)
Warning: pin is off track in the region (32.8440 19.6630) (32.8780 19.9000) on layer M1. (ZRT-761)
Warning: pin is off track in the region (32.6960 19.5550) (32.7300 19.8410) on layer M1. (ZRT-761)
Warning: pin is off track in the region (33.0660 19.6370) (33.1000 19.8400) on layer M1. (ZRT-761)
Warning: pin is off track in the region (33.2140 19.6170) (33.2480 19.8420) on layer M1. (ZRT-761)
Warning: pin is off track in the region (34.2500 20.8370) (34.2840 21.0400) on layer M1. (ZRT-761)
Warning: pin is off track in the region (34.3980 20.8170) (34.4320 21.0420) on layer M1. (ZRT-761)
Warning: pin is off track in the region (33.7320 21.3000) (33.7660 21.5370) on layer M1. (ZRT-761)
Warning: pin is off track in the region (33.5840 21.3590) (33.6180 21.6450) on layer M1. (ZRT-761)
Warning: pin is off track in the region (33.9540 22.0370) (33.9880 22.2400) on layer M1. (ZRT-761)
Warning: pin is off track in the region (33.8060 22.0170) (33.8400 22.2420) on layer M1. (ZRT-761)
Warning: pin is off track in the region (31.8820 20.1000) (31.9160 20.3370) on layer M1. (ZRT-761)
Warning: pin is off track in the region (31.7340 20.1590) (31.7680 20.4450) on layer M1. (ZRT-761)
Warning: pin is off track in the region (32.3260 19.6370) (32.3600 19.8400) on layer M1. (ZRT-761)
Warning: pin is off track in the region (32.4740 19.6170) (32.5080 19.8420) on layer M1. (ZRT-761)
Warning: pin is off track in the region (31.3640 19.6630) (31.3980 19.9000) on layer M1. (ZRT-761)
Warning: pin is off track in the region (31.2160 19.5550) (31.2500 19.8410) on layer M1. (ZRT-761)
Warning: pin is off track in the region (32.4000 20.1600) (32.4340 20.3630) on layer M1. (ZRT-761)
Warning: pin is off track in the region (32.2520 20.1580) (32.2860 20.3830) on layer M1. (ZRT-761)
Warning: pin is off track in the region (32.9920 21.3600) (33.0260 21.5630) on layer M1. (ZRT-761)
Warning: pin is off track in the region (32.8440 21.3580) (32.8780 21.5830) on layer M1. (ZRT-761)
Warning: pin is off track in the region (36.4700 20.1020) (36.5040 20.4980) on layer M1. (ZRT-761)
Warning: pin is off track in the region (36.3220 20.1020) (36.3560 20.4980) on layer M1. (ZRT-761)
Warning: pin is off track in the region (35.8040 21.3020) (35.8380 21.6980) on layer M1. (ZRT-761)
Warning: pin is off track in the region (35.6560 21.3020) (35.6900 21.6980) on layer M1. (ZRT-761)
Warning: pin is off track in the region (33.5100 21.9020) (33.5440 22.2980) on layer M1. (ZRT-761)
Warning: pin is off track in the region (33.3620 21.9020) (33.3960 22.2980) on layer M1. (ZRT-761)
Warning: pin is off track in the region (34.7680 20.1020) (34.8020 20.4980) on layer M1. (ZRT-761)
Warning: pin is off track in the region (34.6200 20.1020) (34.6540 20.4980) on layer M1. (ZRT-761)
Warning: pin is off track in the region (35.5820 22.5020) (35.6160 22.8980) on layer M1. (ZRT-761)
Warning: pin is off track in the region (35.4340 22.5020) (35.4680 22.8980) on layer M1. (ZRT-761)
Warning: pin is off track in the region (32.1040 20.7020) (32.1380 21.0980) on layer M1. (ZRT-761)
Warning: pin is off track in the region (32.2520 20.7020) (32.2860 21.0980) on layer M1. (ZRT-761)
Warning: pin is off track in the region (32.4000 22.5020) (32.4340 22.8980) on layer M1. (ZRT-761)
Warning: pin is off track in the region (32.5480 22.5020) (32.5820 22.8980) on layer M1. (ZRT-761)
Warning: pin is off track in the region (33.5100 23.1020) (33.5440 23.4980) on layer M1. (ZRT-761)
Warning: pin is off track in the region (33.3620 23.1020) (33.3960 23.4980) on layer M1. (ZRT-761)
Warning: pin is off track in the region (38.6160 23.2370) (38.6500 23.4400) on layer M1. (ZRT-761)
Warning: pin is off track in the region (38.4680 23.2170) (38.5020 23.4420) on layer M1. (ZRT-761)
Warning: pin is off track in the region (37.6540 22.5000) (37.6880 22.7370) on layer M1. (ZRT-761)
Warning: pin is off track in the region (37.5060 22.5590) (37.5400 22.8450) on layer M1. (ZRT-761)
Warning: pin is off track in the region (38.0980 22.0370) (38.1320 22.2400) on layer M1. (ZRT-761)
Warning: pin is off track in the region (37.9500 22.0170) (37.9840 22.2420) on layer M1. (ZRT-761)
Warning: pin is off track in the region (38.8380 20.1600) (38.8720 20.3630) on layer M1. (ZRT-761)
Warning: pin is off track in the region (38.6900 20.1580) (38.7240 20.3830) on layer M1. (ZRT-761)
Warning: pin is off track in the region (36.1000 19.6370) (36.1340 19.8400) on layer M1. (ZRT-761)
Warning: pin is off track in the region (35.9520 19.6170) (35.9860 19.8420) on layer M1. (ZRT-761)
Warning: pin is off track in the region (36.1740 21.3000) (36.2080 21.5370) on layer M1. (ZRT-761)
Warning: pin is off track in the region (36.0260 21.3590) (36.0600 21.6450) on layer M1. (ZRT-761)
Warning: pin is off track in the region (36.3960 21.3000) (36.4300 21.5370) on layer M1. (ZRT-761)
Warning: pin is off track in the region (36.5440 21.3590) (36.5780 21.6450) on layer M1. (ZRT-761)
Warning: pin is off track in the region (37.1360 22.5000) (37.1700 22.7370) on layer M1. (ZRT-761)
Warning: pin is off track in the region (37.2840 22.5590) (37.3180 22.8450) on layer M1. (ZRT-761)
Warning: pin is off track in the region (37.8760 22.5020) (37.9100 22.8980) on layer M1. (ZRT-761)
Warning: pin is off track in the region (38.0240 22.5020) (38.0580 22.8980) on layer M1. (ZRT-761)
Warning: pin is off track in the region (36.6920 19.5020) (36.7260 19.8980) on layer M1. (ZRT-761)
Warning: pin is off track in the region (36.8400 19.5020) (36.8740 19.8980) on layer M1. (ZRT-761)
Warning: pin is off track in the region (39.8740 19.5020) (39.9080 19.8980) on layer M1. (ZRT-761)
Warning: pin is off track in the region (39.7260 19.5020) (39.7600 19.8980) on layer M1. (ZRT-761)
Warning: pin is off track in the region (38.9860 20.7020) (39.0200 21.0980) on layer M1. (ZRT-761)
Warning: pin is off track in the region (38.8380 20.7020) (38.8720 21.0980) on layer M1. (ZRT-761)
Warning: pin is off track in the region (38.1720 20.1020) (38.2060 20.4980) on layer M1. (ZRT-761)
Warning: pin is off track in the region (38.0240 20.1020) (38.0580 20.4980) on layer M1. (ZRT-761)
Warning: pin is off track in the region (39.9480 21.3020) (39.9820 21.6980) on layer M1. (ZRT-761)
Warning: pin is off track in the region (39.8000 21.3020) (39.8340 21.6980) on layer M1. (ZRT-761)
Warning: pin is off track in the region (37.5060 23.1020) (37.5400 23.4980) on layer M1. (ZRT-761)
Warning: pin is off track in the region (37.3580 23.1020) (37.3920 23.4980) on layer M1. (ZRT-761)
Warning: pin is off track in the region (35.9520 21.9020) (35.9860 22.2980) on layer M1. (ZRT-761)
Warning: pin is off track in the region (36.1000 21.9020) (36.1340 22.2980) on layer M1. (ZRT-761)
Warning: pin is off track in the region (38.8380 23.1020) (38.8720 23.4980) on layer M1. (ZRT-761)
Warning: pin is off track in the region (38.9860 23.1020) (39.0200 23.4980) on layer M1. (ZRT-761)
Warning: pin is off track in the region (36.7660 21.3020) (36.8000 21.6980) on layer M1. (ZRT-761)
Warning: pin is off track in the region (36.9140 21.3020) (36.9480 21.6980) on layer M1. (ZRT-761)
Warning: pin is off track in the region (42.3900 19.6630) (42.4240 19.9000) on layer M1. (ZRT-761)
Warning: pin is off track in the region (42.2420 19.5550) (42.2760 19.8410) on layer M1. (ZRT-761)
Warning: pin is off track in the region (41.9460 21.3000) (41.9800 21.5370) on layer M1. (ZRT-761)
Warning: pin is off track in the region (42.0940 21.3590) (42.1280 21.6450) on layer M1. (ZRT-761)
Warning: pin is off track in the region (41.7980 19.6630) (41.8320 19.9000) on layer M1. (ZRT-761)
Warning: pin is off track in the region (41.9460 19.5550) (41.9800 19.8410) on layer M1. (ZRT-761)
Warning: pin is off track in the region (40.9100 20.1600) (40.9440 20.3630) on layer M1. (ZRT-761)
Warning: pin is off track in the region (41.0580 20.1580) (41.0920 20.3830) on layer M1. (ZRT-761)
Warning: pin is off track in the region (39.2080 22.0630) (39.2420 22.3000) on layer M1. (ZRT-761)
Warning: pin is off track in the region (39.3560 21.9550) (39.3900 22.2410) on layer M1. (ZRT-761)
Warning: pin is off track in the region (41.4280 22.0370) (41.4620 22.2400) on layer M1. (ZRT-761)
Warning: pin is off track in the region (41.5760 22.0170) (41.6100 22.2420) on layer M1. (ZRT-761)
Warning: pin is off track in the region (42.3160 21.3230) (42.3500 21.6770) on layer M1. (ZRT-761)
Warning: pin is off track in the region (43.2040 21.3230) (43.2380 21.6770) on layer M1. (ZRT-761)
Warning: pin is off track in the region (40.0960 19.5020) (40.1300 19.8980) on layer M1. (ZRT-761)
Warning: pin is off track in the region (40.2440 19.5020) (40.2780 19.8980) on layer M1. (ZRT-761)
Warning: pin is off track in the region (40.6880 20.7020) (40.7220 21.0980) on layer M1. (ZRT-761)
Warning: pin is off track in the region (40.5400 20.7020) (40.5740 21.0980) on layer M1. (ZRT-761)
Warning: pin is off track in the region (40.5400 22.5020) (40.5740 22.8980) on layer M1. (ZRT-761)
Warning: pin is off track in the region (40.6880 22.5020) (40.7220 22.8980) on layer M1. (ZRT-761)
Warning: pin is off track in the region (39.5780 21.9020) (39.6120 22.2980) on layer M1. (ZRT-761)
Warning: pin is off track in the region (39.7260 21.9020) (39.7600 22.2980) on layer M1. (ZRT-761)
Warning: pin is off track in the region (41.6500 21.3020) (41.6840 21.6980) on layer M1. (ZRT-761)
Warning: pin is off track in the region (41.5020 21.3020) (41.5360 21.6980) on layer M1. (ZRT-761)
Warning: pin is off track in the region (42.9820 19.5020) (43.0160 19.8980) on layer M1. (ZRT-761)
Warning: pin is off track in the region (43.1300 19.5020) (43.1640 19.8980) on layer M1. (ZRT-761)
Warning: pin is off track in the region (41.9400 20.1990) (41.9860 20.3500) on layer M1. (ZRT-761)
Warning: pin is off track in the region (41.3520 20.1180) (41.3900 20.4580) on layer M1. (ZRT-761)
Warning: pin is off track in the region (42.3840 22.0500) (42.4300 22.2010) on layer M1. (ZRT-761)
Warning: pin is off track in the region (41.7960 21.9420) (41.8340 22.2820) on layer M1. (ZRT-761)
Warning: pin is off track in the region (41.4960 20.8500) (41.5420 21.0010) on layer M1. (ZRT-761)
Warning: pin is off track in the region (40.9080 20.7420) (40.9460 21.0820) on layer M1. (ZRT-761)
Warning: pin is off track in the region (42.6800 20.8500) (42.7260 21.0010) on layer M1. (ZRT-761)
Warning: pin is off track in the region (42.0920 20.7420) (42.1300 21.0820) on layer M1. (ZRT-761)
Warning: pin is off track in the region (41.8660 23.2500) (41.9120 23.4010) on layer M1. (ZRT-761)
Warning: pin is off track in the region (41.2780 23.1420) (41.3160 23.4820) on layer M1. (ZRT-761)
Warning: pin is off track in the region (43.0500 23.2500) (43.0960 23.4010) on layer M1. (ZRT-761)
Warning: pin is off track in the region (42.4620 23.1420) (42.5000 23.4820) on layer M1. (ZRT-761)
Warning: pin is off track in the region (42.8280 22.5990) (42.8740 22.7500) on layer M1. (ZRT-761)
Warning: pin is off track in the region (43.2040 22.5100) (43.2380 22.7770) on layer M1. (ZRT-761)
Warning: pin is off track in the region (42.2400 22.5180) (42.2780 22.8580) on layer M1. (ZRT-761)
Warning: pin is off track in the region (43.3460 20.1990) (43.3920 20.3500) on layer M1. (ZRT-761)
Warning: pin is off track in the region (43.7220 20.1100) (43.7560 20.3770) on layer M1. (ZRT-761)
Warning: pin is off track in the region (42.7580 20.1180) (42.7960 20.4580) on layer M1. (ZRT-761)
Warning: pin is off track in the region (48.3840 21.2840) (48.4180 21.6880) on layer M1. (ZRT-761)
Warning: pin is off track in the region (48.3840 21.9120) (48.4180 22.3160) on layer M1. (ZRT-761)
Warning: pin is off track in the region (47.9400 23.1120) (47.9740 23.5160) on layer M1. (ZRT-761)
Warning: pin is off track in the region (48.3840 22.4840) (48.4180 22.8880) on layer M1. (ZRT-761)
Warning: pin is off track in the region (48.3840 20.0840) (48.4180 20.4880) on layer M1. (ZRT-761)
Warning: pin is off track in the region (48.3840 19.5120) (48.4180 19.9160) on layer M1. (ZRT-761)
Warning: pin is off track in the region (43.4260 22.0370) (43.4600 22.2400) on layer M1. (ZRT-761)
Warning: pin is off track in the region (43.5740 22.0170) (43.6080 22.2420) on layer M1. (ZRT-761)
Warning: pin is off track in the region (43.8640 20.8500) (43.9100 21.0010) on layer M1. (ZRT-761)
Warning: pin is off track in the region (43.2760 20.7420) (43.3140 21.0820) on layer M1. (ZRT-761)
Warning: pin is off track in the region (45.2700 19.6500) (45.3160 19.8010) on layer M1. (ZRT-761)
Warning: pin is off track in the region (44.6820 19.5420) (44.7200 19.8820) on layer M1. (ZRT-761)
Warning: pin is off track in the region (45.0480 20.8500) (45.0940 21.0010) on layer M1. (ZRT-761)
Warning: pin is off track in the region (45.4240 20.8230) (45.4580 21.0900) on layer M1. (ZRT-761)
Warning: pin is off track in the region (44.4600 20.7420) (44.4980 21.0820) on layer M1. (ZRT-761)
Warning: pin is off track in the region (45.8620 22.0500) (45.9080 22.2010) on layer M1. (ZRT-761)
Warning: pin is off track in the region (46.2380 22.0230) (46.2720 22.2900) on layer M1. (ZRT-761)
Warning: pin is off track in the region (45.2740 21.9420) (45.3120 22.2820) on layer M1. (ZRT-761)
Warning: pin is off track in the region (44.2340 23.2500) (44.2800 23.4010) on layer M1. (ZRT-761)
Warning: pin is off track in the region (44.6100 23.2230) (44.6440 23.4900) on layer M1. (ZRT-761)
Warning: pin is off track in the region (43.6460 23.1420) (43.6840 23.4820) on layer M1. (ZRT-761)
Warning: pin is off track in the region (44.6780 22.0500) (44.7240 22.2010) on layer M1. (ZRT-761)
Warning: pin is off track in the region (45.0540 22.0230) (45.0880 22.2900) on layer M1. (ZRT-761)
Warning: pin is off track in the region (44.0900 21.9420) (44.1280 22.2820) on layer M1. (ZRT-761)
Warning: pin is off track in the region (44.0120 22.5990) (44.0580 22.7500) on layer M1. (ZRT-761)
Warning: pin is off track in the region (44.3880 22.5100) (44.4220 22.7770) on layer M1. (ZRT-761)
Warning: pin is off track in the region (43.4240 22.5180) (43.4620 22.8580) on layer M1. (ZRT-761)
Warning: pin is off track in the region (45.4180 23.2500) (45.4640 23.4010) on layer M1. (ZRT-761)
Warning: pin is off track in the region (45.7940 23.2230) (45.8280 23.4900) on layer M1. (ZRT-761)
Warning: pin is off track in the region (44.8300 23.1420) (44.8680 23.4820) on layer M1. (ZRT-761)
Warning: pin is off track in the region (46.2320 20.8500) (46.2780 21.0010) on layer M1. (ZRT-761)
Warning: pin is off track in the region (46.6080 20.8230) (46.6420 21.0900) on layer M1. (ZRT-761)
Warning: pin is off track in the region (45.6440 20.7420) (45.6820 21.0820) on layer M1. (ZRT-761)
Warning: pin is off track in the region (50.0860 23.1120) (50.1200 23.5160) on layer M1. (ZRT-761)
Warning: pin is off track in the region (50.5300 21.9120) (50.5640 22.3160) on layer M1. (ZRT-761)
Warning: pin is off track in the region (50.5300 21.2840) (50.5640 21.6880) on layer M1. (ZRT-761)
Warning: pin is off track in the region (50.5300 19.5120) (50.5640 19.9160) on layer M1. (ZRT-761)
Warning: pin is off track in the region (51.5660 20.0840) (51.6000 20.4880) on layer M1. (ZRT-761)
Warning: pin is off track in the region (52.6760 20.7120) (52.7100 21.1160) on layer M1. (ZRT-761)
Warning: pin is off track in the region (52.6760 21.2840) (52.7100 21.6880) on layer M1. (ZRT-761)
Warning: pin is off track in the region (52.6760 21.9120) (52.7100 22.3160) on layer M1. (ZRT-761)
Warning: pin is off track in the region (52.2320 23.1120) (52.2660 23.5160) on layer M1. (ZRT-761)
Warning: pin is off track in the region (49.4200 22.4910) (49.4540 22.7920) on layer M1. (ZRT-761)
Warning: pin is off track in the region (49.1220 22.5230) (49.1600 22.8770) on layer M1. (ZRT-761)
Warning: pin is off track in the region (50.5300 20.7120) (50.5640 21.1160) on layer M1. (ZRT-761)
Warning: pin is off track in the region (7.3880 26.7120) (7.4220 27.1160) on layer M1. (ZRT-761)
Warning: pin is off track in the region (7.8320 24.8840) (7.8660 25.2880) on layer M1. (ZRT-761)
Warning: pin is off track in the region (7.3880 23.6840) (7.4220 24.0880) on layer M1. (ZRT-761)
Warning: pin is off track in the region (5.9760 25.7110) (6.0220 25.9110) on layer M1. (ZRT-761)
Warning: pin is off track in the region (5.7540 25.6430) (5.8000 25.8320) on layer M1. (ZRT-761)
Warning: pin is off track in the region (5.3900 25.5410) (5.4240 25.8810) on layer M1. (ZRT-761)
Warning: pin is off track in the region (8.1280 25.5120) (8.1620 25.9160) on layer M1. (ZRT-761)
Warning: pin is off track in the region (8.2020 24.3120) (8.2360 24.7160) on layer M1. (ZRT-761)
Warning: pin is off track in the region (6.6480 26.1190) (6.6820 26.4590) on layer M1. (ZRT-761)
Warning: pin is off track in the region (9.6080 26.0840) (9.6420 26.4880) on layer M1. (ZRT-761)
Warning: pin is off track in the region (9.5340 23.6840) (9.5680 24.0880) on layer M1. (ZRT-761)
Warning: pin is off track in the region (11.0140 24.8840) (11.0480 25.2880) on layer M1. (ZRT-761)
Warning: pin is off track in the region (11.6800 23.6840) (11.7140 24.0880) on layer M1. (ZRT-761)
Warning: pin is off track in the region (11.9020 26.7120) (11.9360 27.1160) on layer M1. (ZRT-761)
Warning: pin is off track in the region (11.7540 26.0840) (11.7880 26.4880) on layer M1. (ZRT-761)
Warning: pin is off track in the region (11.8280 24.3120) (11.8620 24.7160) on layer M1. (ZRT-761)
Warning: pin is off track in the region (7.9800 26.8120) (8.0140 26.9900) on layer M1. (ZRT-761)
Warning: pin is off track in the region (7.7580 26.8120) (7.7920 26.9900) on layer M1. (ZRT-761)
Warning: pin is off track in the region (8.1280 26.8110) (8.1620 26.9650) on layer M1. (ZRT-761)
Warning: pin is off track in the region (8.2760 26.8120) (8.3100 27.0890) on layer M1. (ZRT-761)
Warning: pin is off track in the region (7.6100 26.7010) (7.6440 27.1010) on layer M1. (ZRT-761)
Warning: pin is off track in the region (8.7940 24.4120) (8.8280 24.5900) on layer M1. (ZRT-761)
Warning: pin is off track in the region (8.5720 24.4120) (8.6060 24.5900) on layer M1. (ZRT-761)
Warning: pin is off track in the region (8.9420 24.4110) (8.9760 24.5650) on layer M1. (ZRT-761)
Warning: pin is off track in the region (9.0900 24.4120) (9.1240 24.6890) on layer M1. (ZRT-761)
Warning: pin is off track in the region (8.4240 24.3010) (8.4580 24.7010) on layer M1. (ZRT-761)
Warning: pin is off track in the region (8.7200 25.6120) (8.7540 25.7900) on layer M1. (ZRT-761)
Warning: pin is off track in the region (8.4980 25.6120) (8.5320 25.7900) on layer M1. (ZRT-761)
Warning: pin is off track in the region (8.8680 25.6110) (8.9020 25.7650) on layer M1. (ZRT-761)
Warning: pin is off track in the region (9.0160 25.6120) (9.0500 25.8890) on layer M1. (ZRT-761)
Warning: pin is off track in the region (8.3500 25.5010) (8.3840 25.9010) on layer M1. (ZRT-761)
Warning: pin is off track in the region (13.9740 24.3120) (14.0080 24.7160) on layer M1. (ZRT-761)
Warning: pin is off track in the region (12.5620 26.0890) (12.6080 26.2890) on layer M1. (ZRT-761)
Warning: pin is off track in the region (12.3400 26.1680) (12.3860 26.3570) on layer M1. (ZRT-761)
Warning: pin is off track in the region (11.9760 26.1190) (12.0100 26.4590) on layer M1. (ZRT-761)
Warning: pin is off track in the region (16.1200 24.3120) (16.1540 24.7160) on layer M1. (ZRT-761)
Warning: pin is off track in the region (14.4920 24.9020) (14.5260 25.2980) on layer M1. (ZRT-761)
Warning: pin is off track in the region (11.5320 24.9190) (11.5660 25.2590) on layer M1. (ZRT-761)
Warning: pin is off track in the region (15.1580 26.7120) (15.1920 27.1160) on layer M1. (ZRT-761)
Warning: pin is off track in the region (15.0100 25.5120) (15.0440 25.9160) on layer M1. (ZRT-761)
Warning: pin is off track in the region (14.0480 24.8840) (14.0820 25.2880) on layer M1. (ZRT-761)
Warning: pin is off track in the region (13.8260 23.6840) (13.8600 24.0880) on layer M1. (ZRT-761)
Warning: pin is off track in the region (13.1600 26.2100) (13.1940 26.3880) on layer M1. (ZRT-761)
Warning: pin is off track in the region (12.9380 26.2100) (12.9720 26.3880) on layer M1. (ZRT-761)
Warning: pin is off track in the region (13.3080 26.2350) (13.3420 26.3890) on layer M1. (ZRT-761)
Warning: pin is off track in the region (13.4560 26.1110) (13.4900 26.3880) on layer M1. (ZRT-761)
Warning: pin is off track in the region (12.7900 26.0990) (12.8240 26.4990) on layer M1. (ZRT-761)
Warning: pin is off track in the region (12.7160 26.8120) (12.7500 26.9900) on layer M1. (ZRT-761)
Warning: pin is off track in the region (12.4940 26.8120) (12.5280 26.9900) on layer M1. (ZRT-761)
Warning: pin is off track in the region (12.8640 26.8110) (12.8980 26.9650) on layer M1. (ZRT-761)
Warning: pin is off track in the region (13.0120 26.8120) (13.0460 27.0890) on layer M1. (ZRT-761)
Warning: pin is off track in the region (12.3460 26.7010) (12.3800 27.1010) on layer M1. (ZRT-761)
Warning: pin is off track in the region (17.2300 25.5120) (17.2640 25.9160) on layer M1. (ZRT-761)
Warning: pin is off track in the region (17.3040 26.7120) (17.3380 27.1160) on layer M1. (ZRT-761)
Warning: pin is off track in the region (19.3760 25.5120) (19.4100 25.9160) on layer M1. (ZRT-761)
Warning: pin is off track in the region (18.5620 26.0840) (18.5960 26.4880) on layer M1. (ZRT-761)
Warning: pin is off track in the region (19.4500 26.7120) (19.4840 27.1160) on layer M1. (ZRT-761)
Warning: pin is off track in the region (20.7080 26.0840) (20.7420 26.4880) on layer M1. (ZRT-761)
Warning: pin is off track in the region (16.4160 26.1020) (16.4500 26.4980) on layer M1. (ZRT-761)
Warning: pin is off track in the region (18.2660 24.3120) (18.3000 24.7160) on layer M1. (ZRT-761)
Warning: pin is off track in the region (17.9700 24.9020) (18.0040 25.2980) on layer M1. (ZRT-761)
Warning: pin is off track in the region (17.8220 24.9020) (17.8560 25.2980) on layer M1. (ZRT-761)
Warning: pin is off track in the region (19.8200 24.9020) (19.8540 25.2980) on layer M1. (ZRT-761)
Warning: pin is off track in the region (19.6720 24.9020) (19.7060 25.2980) on layer M1. (ZRT-761)
Warning: pin is off track in the region (18.4880 24.3020) (18.5220 24.6980) on layer M1. (ZRT-761)
Warning: pin is off track in the region (18.6360 24.3020) (18.6700 24.6980) on layer M1. (ZRT-761)
Warning: pin is off track in the region (17.8960 23.7020) (17.9300 24.0980) on layer M1. (ZRT-761)
Warning: pin is off track in the region (18.0440 23.7020) (18.0780 24.0980) on layer M1. (ZRT-761)
Warning: pin is off track in the region (16.1940 23.7020) (16.2280 24.0980) on layer M1. (ZRT-761)
Warning: pin is off track in the region (16.3420 23.7020) (16.3760 24.0980) on layer M1. (ZRT-761)
Warning: pin is off track in the region (21.5960 26.7120) (21.6300 27.1160) on layer M1. (ZRT-761)
Warning: pin is off track in the region (21.3000 24.3020) (21.3340 24.6980) on layer M1. (ZRT-761)
Warning: pin is off track in the region (21.4480 24.3020) (21.4820 24.6980) on layer M1. (ZRT-761)
Warning: pin is off track in the region (21.3000 25.5020) (21.3340 25.8980) on layer M1. (ZRT-761)
Warning: pin is off track in the region (21.4480 25.5020) (21.4820 25.8980) on layer M1. (ZRT-761)
Warning: pin is off track in the region (20.3380 24.9020) (20.3720 25.2980) on layer M1. (ZRT-761)
Warning: pin is off track in the region (20.4860 24.9020) (20.5200 25.2980) on layer M1. (ZRT-761)
Warning: pin is off track in the region (21.3000 23.7020) (21.3340 24.0980) on layer M1. (ZRT-761)
Warning: pin is off track in the region (21.4480 23.7020) (21.4820 24.0980) on layer M1. (ZRT-761)
Warning: pin is off track in the region (22.7800 26.1580) (22.8140 26.4180) on layer M1. (ZRT-761)
Warning: pin is off track in the region (20.9300 26.1050) (20.9640 26.4450) on layer M1. (ZRT-761)
Warning: pin is off track in the region (21.0780 26.1180) (21.1120 26.4580) on layer M1. (ZRT-761)
Warning: pin is off track in the region (19.5980 25.5020) (19.6320 25.8980) on layer M1. (ZRT-761)
Warning: pin is off track in the region (19.7460 25.5020) (19.7800 25.8980) on layer M1. (ZRT-761)
Warning: pin is off track in the region (19.5980 23.7020) (19.6320 24.0980) on layer M1. (ZRT-761)
Warning: pin is off track in the region (19.7460 23.7020) (19.7800 24.0980) on layer M1. (ZRT-761)
Warning: pin is off track in the region (33.8800 26.1990) (33.9140 26.3770) on layer M1. (ZRT-761)
Warning: pin is off track in the region (33.9540 26.1580) (33.9880 26.3540) on layer M1. (ZRT-761)
Warning: pin is off track in the region (34.0280 26.2630) (34.0620 26.4880) on layer M1. (ZRT-761)
Warning: pin is off track in the region (34.3980 26.1630) (34.4320 26.4350) on layer M1. (ZRT-761)
Warning: pin is off track in the region (34.5460 26.2740) (34.5800 26.4770) on layer M1. (ZRT-761)
Warning: pin is off track in the region (33.0660 25.5810) (33.1000 25.8410) on layer M1. (ZRT-761)
Warning: pin is off track in the region (33.1400 25.5110) (33.1740 25.9110) on layer M1. (ZRT-761)
Warning: pin is off track in the region (34.6940 26.7120) (34.7280 27.1160) on layer M1. (ZRT-761)
Warning: pin is off track in the region (35.2120 23.7020) (35.2460 24.0980) on layer M1. (ZRT-761)
Warning: pin is off track in the region (35.0640 23.7020) (35.0980 24.0980) on layer M1. (ZRT-761)
Warning: pin is off track in the region (34.1020 24.9020) (34.1360 25.2980) on layer M1. (ZRT-761)
Warning: pin is off track in the region (34.2500 24.9020) (34.2840 25.2980) on layer M1. (ZRT-761)
Warning: pin is off track in the region (32.4000 24.3020) (32.4340 24.6980) on layer M1. (ZRT-761)
Warning: pin is off track in the region (32.5480 24.3020) (32.5820 24.6980) on layer M1. (ZRT-761)
Warning: pin is off track in the region (33.3620 25.5020) (33.3960 25.8980) on layer M1. (ZRT-761)
Warning: pin is off track in the region (33.5100 25.5020) (33.5440 25.8980) on layer M1. (ZRT-761)
Warning: pin is off track in the region (33.8800 24.9020) (33.9140 25.2980) on layer M1. (ZRT-761)
Warning: pin is off track in the region (33.7320 24.9020) (33.7660 25.2980) on layer M1. (ZRT-761)
Warning: pin is off track in the region (32.0300 23.7020) (32.0640 24.0980) on layer M1. (ZRT-761)
Warning: pin is off track in the region (32.1780 23.7020) (32.2120 24.0980) on layer M1. (ZRT-761)
Warning: pin is off track in the region (32.0300 26.1020) (32.0640 26.4980) on layer M1. (ZRT-761)
Warning: pin is off track in the region (32.1780 26.1020) (32.2120 26.4980) on layer M1. (ZRT-761)
Warning: pin is off track in the region (32.1780 25.5650) (32.2120 25.8370) on layer M1. (ZRT-761)
Warning: pin is off track in the region (32.0300 25.5230) (32.0640 25.7260) on layer M1. (ZRT-761)
Warning: pin is off track in the region (32.1780 26.7760) (32.2120 27.0240) on layer M1. (ZRT-761)
Warning: pin is off track in the region (32.1040 26.7020) (32.1380 27.0980) on layer M1. (ZRT-761)
Warning: pin is off track in the region (37.1360 26.0840) (37.1700 26.4880) on layer M1. (ZRT-761)
Warning: pin is off track in the region (38.6160 23.7020) (38.6500 24.0980) on layer M1. (ZRT-761)
Warning: pin is off track in the region (38.4680 23.7020) (38.5020 24.0980) on layer M1. (ZRT-761)
Warning: pin is off track in the region (39.1340 24.3020) (39.1680 24.6980) on layer M1. (ZRT-761)
Warning: pin is off track in the region (38.9860 24.3020) (39.0200 24.6980) on layer M1. (ZRT-761)
Warning: pin is off track in the region (39.1340 25.5020) (39.1680 25.8980) on layer M1. (ZRT-761)
Warning: pin is off track in the region (39.2820 25.5020) (39.3160 25.8980) on layer M1. (ZRT-761)
Warning: pin is off track in the region (36.9140 23.7020) (36.9480 24.0980) on layer M1. (ZRT-761)
Warning: pin is off track in the region (36.7660 23.7020) (36.8000 24.0980) on layer M1. (ZRT-761)
Warning: pin is off track in the region (37.2840 24.9020) (37.3180 25.2980) on layer M1. (ZRT-761)
Warning: pin is off track in the region (37.1360 24.9020) (37.1700 25.2980) on layer M1. (ZRT-761)
Warning: pin is off track in the region (37.4320 24.3020) (37.4660 24.6980) on layer M1. (ZRT-761)
Warning: pin is off track in the region (37.2840 24.3020) (37.3180 24.6980) on layer M1. (ZRT-761)
Warning: pin is off track in the region (36.9140 25.5020) (36.9480 25.8980) on layer M1. (ZRT-761)
Warning: pin is off track in the region (37.0620 25.5020) (37.0960 25.8980) on layer M1. (ZRT-761)
Warning: pin is off track in the region (38.9860 24.9020) (39.0200 25.2980) on layer M1. (ZRT-761)
Warning: pin is off track in the region (38.8380 24.9020) (38.8720 25.2980) on layer M1. (ZRT-761)
Warning: pin is off track in the region (35.9520 26.7020) (35.9860 27.0980) on layer M1. (ZRT-761)
Warning: pin is off track in the region (36.1000 26.7020) (36.1340 27.0980) on layer M1. (ZRT-761)
Warning: pin is off track in the region (38.6160 26.1020) (38.6500 26.4980) on layer M1. (ZRT-761)
Warning: pin is off track in the region (38.7640 26.1020) (38.7980 26.4980) on layer M1. (ZRT-761)
Warning: pin is off track in the region (37.6540 26.7020) (37.6880 27.0980) on layer M1. (ZRT-761)
Warning: pin is off track in the region (37.8020 26.7020) (37.8360 27.0980) on layer M1. (ZRT-761)
Warning: pin is off track in the region (40.0220 26.7650) (40.0560 27.0370) on layer M1. (ZRT-761)
Warning: pin is off track in the region (40.1700 26.7230) (40.2040 26.9260) on layer M1. (ZRT-761)
Warning: pin is off track in the region (42.0940 26.1590) (42.1280 26.4190) on layer M1. (ZRT-761)
Warning: pin is off track in the region (42.0200 26.0890) (42.0540 26.4890) on layer M1. (ZRT-761)
Warning: pin is off track in the region (39.7260 26.7020) (39.7600 27.0980) on layer M1. (ZRT-761)
Warning: pin is off track in the region (40.5400 26.7870) (40.5740 26.9790) on layer M1. (ZRT-761)
Warning: pin is off track in the region (40.6140 26.7380) (40.6480 26.9630) on layer M1. (ZRT-761)
Warning: pin is off track in the region (40.4660 26.8230) (40.5000 27.0010) on layer M1. (ZRT-761)
Warning: pin is off track in the region (39.3560 24.3020) (39.3900 24.6980) on layer M1. (ZRT-761)
Warning: pin is off track in the region (39.5040 24.3020) (39.5380 24.6980) on layer M1. (ZRT-761)
Warning: pin is off track in the region (39.6520 23.7020) (39.6860 24.0980) on layer M1. (ZRT-761)
Warning: pin is off track in the region (39.8000 23.7020) (39.8340 24.0980) on layer M1. (ZRT-761)
Warning: pin is off track in the region (42.8340 26.7860) (42.8680 26.9780) on layer M1. (ZRT-761)
Warning: pin is off track in the region (42.7600 26.8230) (42.7940 27.0010) on layer M1. (ZRT-761)
Warning: pin is off track in the region (42.9080 26.8230) (42.9420 27.0010) on layer M1. (ZRT-761)
Warning: pin is off track in the region (42.2420 26.7820) (42.2760 27.0240) on layer M1. (ZRT-761)
Warning: pin is off track in the region (42.0880 26.7820) (42.1340 26.9760) on layer M1. (ZRT-761)
Warning: pin is off track in the region (42.3160 26.7820) (42.3500 27.0160) on layer M1. (ZRT-761)
Warning: pin is off track in the region (41.6440 24.4500) (41.6900 24.6010) on layer M1. (ZRT-761)
Warning: pin is off track in the region (41.0560 24.3420) (41.0940 24.6820) on layer M1. (ZRT-761)
Warning: pin is off track in the region (41.4220 26.8500) (41.4680 27.0010) on layer M1. (ZRT-761)
Warning: pin is off track in the region (40.8340 26.7420) (40.8720 27.0820) on layer M1. (ZRT-761)
Warning: pin is off track in the region (41.2000 26.1990) (41.2460 26.3500) on layer M1. (ZRT-761)
Warning: pin is off track in the region (40.6120 26.1180) (40.6500 26.4580) on layer M1. (ZRT-761)
Warning: pin is off track in the region (42.9020 26.1990) (42.9480 26.3500) on layer M1. (ZRT-761)
Warning: pin is off track in the region (42.3140 26.1180) (42.3520 26.4580) on layer M1. (ZRT-761)
Warning: pin is off track in the region (42.9760 23.7990) (43.0220 23.9500) on layer M1. (ZRT-761)
Warning: pin is off track in the region (42.3880 23.7180) (42.4260 24.0580) on layer M1. (ZRT-761)
Warning: pin is off track in the region (42.9020 24.4500) (42.9480 24.6010) on layer M1. (ZRT-761)
Warning: pin is off track in the region (42.3140 24.3420) (42.3520 24.6820) on layer M1. (ZRT-761)
Warning: pin is off track in the region (41.4220 25.6500) (41.4680 25.8010) on layer M1. (ZRT-761)
Warning: pin is off track in the region (41.7980 25.6230) (41.8320 25.8900) on layer M1. (ZRT-761)
Warning: pin is off track in the region (40.8340 25.5420) (40.8720 25.8820) on layer M1. (ZRT-761)
Warning: pin is off track in the region (41.5700 24.9990) (41.6160 25.1500) on layer M1. (ZRT-761)
Warning: pin is off track in the region (41.9460 24.9100) (41.9800 25.1770) on layer M1. (ZRT-761)
Warning: pin is off track in the region (40.9820 24.9180) (41.0200 25.2580) on layer M1. (ZRT-761)
Warning: pin is off track in the region (42.6060 25.6500) (42.6520 25.8010) on layer M1. (ZRT-761)
Warning: pin is off track in the region (42.9820 25.6230) (43.0160 25.8900) on layer M1. (ZRT-761)
Warning: pin is off track in the region (42.0180 25.5420) (42.0560 25.8820) on layer M1. (ZRT-761)
Warning: pin is off track in the region (47.9400 26.7120) (47.9740 27.1160) on layer M1. (ZRT-761)
Warning: pin is off track in the region (48.4580 24.3120) (48.4920 24.7160) on layer M1. (ZRT-761)
Warning: pin is off track in the region (44.6840 26.1590) (44.7180 26.4190) on layer M1. (ZRT-761)
Warning: pin is off track in the region (44.7580 26.0890) (44.7920 26.4890) on layer M1. (ZRT-761)
Warning: pin is off track in the region (45.7200 26.7120) (45.7540 27.1160) on layer M1. (ZRT-761)
Warning: pin is off track in the region (45.0540 25.5650) (45.0880 25.8370) on layer M1. (ZRT-761)
Warning: pin is off track in the region (45.6320 25.5120) (45.6940 25.8880) on layer M1. (ZRT-761)
Warning: pin is off track in the region (46.5280 23.7990) (46.5740 23.9500) on layer M1. (ZRT-761)
Warning: pin is off track in the region (46.9040 23.7100) (46.9380 23.9770) on layer M1. (ZRT-761)
Warning: pin is off track in the region (45.9400 23.7180) (45.9780 24.0580) on layer M1. (ZRT-761)
Warning: pin is off track in the region (46.5280 25.6500) (46.5740 25.8010) on layer M1. (ZRT-761)
Warning: pin is off track in the region (46.9040 25.6230) (46.9380 25.8900) on layer M1. (ZRT-761)
Warning: pin is off track in the region (45.9400 25.5420) (45.9780 25.8820) on layer M1. (ZRT-761)
Warning: pin is off track in the region (44.0860 24.9990) (44.1320 25.1500) on layer M1. (ZRT-761)
Warning: pin is off track in the region (44.4620 24.9100) (44.4960 25.1770) on layer M1. (ZRT-761)
Warning: pin is off track in the region (43.4980 24.9180) (43.5360 25.2580) on layer M1. (ZRT-761)
Warning: pin is off track in the region (44.4560 25.6500) (44.5020 25.8010) on layer M1. (ZRT-761)
Warning: pin is off track in the region (44.8320 25.6230) (44.8660 25.8900) on layer M1. (ZRT-761)
Warning: pin is off track in the region (43.8680 25.5420) (43.9060 25.8820) on layer M1. (ZRT-761)
Warning: pin is off track in the region (47.3420 26.1990) (47.3880 26.3500) on layer M1. (ZRT-761)
Warning: pin is off track in the region (47.7180 26.1100) (47.7520 26.3770) on layer M1. (ZRT-761)
Warning: pin is off track in the region (46.7540 26.1180) (46.7920 26.4580) on layer M1. (ZRT-761)
Warning: pin is off track in the region (44.0860 26.1990) (44.1320 26.3500) on layer M1. (ZRT-761)
Warning: pin is off track in the region (44.4620 26.1100) (44.4960 26.3770) on layer M1. (ZRT-761)
Warning: pin is off track in the region (43.4980 26.1180) (43.5360 26.4580) on layer M1. (ZRT-761)
Warning: pin is off track in the region (44.3820 24.4500) (44.4280 24.6010) on layer M1. (ZRT-761)
Warning: pin is off track in the region (44.7580 24.4230) (44.7920 24.6900) on layer M1. (ZRT-761)
Warning: pin is off track in the region (43.7940 24.3420) (43.8320 24.6820) on layer M1. (ZRT-761)
Warning: pin is off track in the region (45.6400 24.4500) (45.6860 24.6010) on layer M1. (ZRT-761)
Warning: pin is off track in the region (46.0160 24.4230) (46.0500 24.6900) on layer M1. (ZRT-761)
Warning: pin is off track in the region (45.0520 24.3420) (45.0900 24.6820) on layer M1. (ZRT-761)
Warning: pin is off track in the region (46.9720 24.9990) (47.0180 25.1500) on layer M1. (ZRT-761)
Warning: pin is off track in the region (47.3480 24.9100) (47.3820 25.1770) on layer M1. (ZRT-761)
Warning: pin is off track in the region (46.3840 24.9180) (46.4220 25.2580) on layer M1. (ZRT-761)
Warning: pin is off track in the region (49.5680 24.8840) (49.6020 25.2880) on layer M1. (ZRT-761)
Warning: pin is off track in the region (49.5680 23.6840) (49.6020 24.0880) on layer M1. (ZRT-761)
Warning: pin is off track in the region (52.6760 25.5120) (52.7100 25.9160) on layer M1. (ZRT-761)
Warning: pin is off track in the region (52.6760 26.0840) (52.7100 26.4880) on layer M1. (ZRT-761)
Warning: pin is off track in the region (52.6760 26.7120) (52.7100 27.1160) on layer M1. (ZRT-761)
Warning: pin is off track in the region (50.5300 25.5120) (50.5640 25.9160) on layer M1. (ZRT-761)
Warning: pin is off track in the region (50.5300 26.7120) (50.5640 27.1160) on layer M1. (ZRT-761)
Warning: pin is off track in the region (50.2340 26.0840) (50.2680 26.4880) on layer M1. (ZRT-761)
Warning: pin is off track in the region (49.7860 23.8990) (49.8280 24.1070) on layer M1. (ZRT-761)
Warning: pin is off track in the region (49.8640 23.7890) (49.8980 24.0350) on layer M1. (ZRT-761)
Warning: pin is off track in the region (50.9000 23.7230) (50.9340 24.0770) on layer M1. (ZRT-761)
Warning: pin is off track in the region (50.5300 24.3420) (50.5640 24.6820) on layer M1. (ZRT-761)
Warning: pin is off track in the region (51.2700 24.3020) (51.3040 24.6980) on layer M1. (ZRT-761)
Warning: pin is off track in the region (48.0140 25.5650) (48.0480 25.8370) on layer M1. (ZRT-761)
Warning: pin is off track in the region (48.1620 25.5230) (48.1960 25.7260) on layer M1. (ZRT-761)
Warning: pin is off track in the region (49.7160 24.3650) (49.7500 24.6370) on layer M1. (ZRT-761)
Warning: pin is off track in the region (49.8640 24.3230) (49.8980 24.5260) on layer M1. (ZRT-761)
Warning: pin is off track in the region (7.3140 30.8840) (7.3480 31.2880) on layer M1. (ZRT-761)
Warning: pin is off track in the region (7.3140 29.1120) (7.3480 29.5160) on layer M1. (ZRT-761)
Warning: pin is off track in the region (6.8640 28.4890) (6.9100 28.6890) on layer M1. (ZRT-761)
Warning: pin is off track in the region (6.6420 28.5680) (6.6880 28.7570) on layer M1. (ZRT-761)
Warning: pin is off track in the region (6.2780 28.5190) (6.3120 28.8590) on layer M1. (ZRT-761)
Warning: pin is off track in the region (6.7900 30.5110) (6.8360 30.7110) on layer M1. (ZRT-761)
Warning: pin is off track in the region (6.5680 30.4430) (6.6140 30.6320) on layer M1. (ZRT-761)
Warning: pin is off track in the region (6.2040 30.3410) (6.2380 30.6810) on layer M1. (ZRT-761)
Warning: pin is off track in the region (6.9380 27.2890) (6.9840 27.4890) on layer M1. (ZRT-761)
Warning: pin is off track in the region (6.7160 27.3680) (6.7620 27.5570) on layer M1. (ZRT-761)
Warning: pin is off track in the region (6.3520 27.3190) (6.3860 27.6590) on layer M1. (ZRT-761)
Warning: pin is off track in the region (7.8320 29.6840) (7.8660 30.0880) on layer M1. (ZRT-761)
Warning: pin is off track in the region (7.8320 27.9120) (7.8660 28.3160) on layer M1. (ZRT-761)
Warning: pin is off track in the region (10.8660 27.9410) (10.9000 28.2810) on layer M1. (ZRT-761)
Warning: pin is off track in the region (12.1980 29.1120) (12.2320 29.5160) on layer M1. (ZRT-761)
Warning: pin is off track in the region (9.9780 28.4840) (10.0120 28.8880) on layer M1. (ZRT-761)
Warning: pin is off track in the region (10.3480 29.6840) (10.3820 30.0880) on layer M1. (ZRT-761)
Warning: pin is off track in the region (9.9780 27.9120) (10.0120 28.3160) on layer M1. (ZRT-761)
Warning: pin is off track in the region (9.8300 27.2840) (9.8640 27.6880) on layer M1. (ZRT-761)
Warning: pin is off track in the region (12.4940 29.6840) (12.5280 30.0880) on layer M1. (ZRT-761)
Warning: pin is off track in the region (12.1240 28.4840) (12.1580 28.8880) on layer M1. (ZRT-761)
Warning: pin is off track in the region (11.9760 27.2840) (12.0100 27.6880) on layer M1. (ZRT-761)
Warning: pin is off track in the region (11.6800 30.8840) (11.7140 31.2880) on layer M1. (ZRT-761)
Warning: pin is off track in the region (9.4600 30.8840) (9.4940 31.2880) on layer M1. (ZRT-761)
Warning: pin is off track in the region (7.9800 29.2120) (8.0140 29.3900) on layer M1. (ZRT-761)
Warning: pin is off track in the region (7.7580 29.2120) (7.7920 29.3900) on layer M1. (ZRT-761)
Warning: pin is off track in the region (8.1280 29.2110) (8.1620 29.3650) on layer M1. (ZRT-761)
Warning: pin is off track in the region (8.2760 29.2120) (8.3100 29.4890) on layer M1. (ZRT-761)
Warning: pin is off track in the region (7.6100 29.1010) (7.6440 29.5010) on layer M1. (ZRT-761)
Warning: pin is off track in the region (9.6080 30.4120) (9.6420 30.5900) on layer M1. (ZRT-761)
Warning: pin is off track in the region (9.3860 30.4120) (9.4200 30.5900) on layer M1. (ZRT-761)
Warning: pin is off track in the region (9.7560 30.4110) (9.7900 30.5650) on layer M1. (ZRT-761)
Warning: pin is off track in the region (9.9040 30.4120) (9.9380 30.6890) on layer M1. (ZRT-761)
Warning: pin is off track in the region (9.2380 30.3010) (9.2720 30.7010) on layer M1. (ZRT-761)
Warning: pin is off track in the region (8.1280 30.4120) (8.1620 30.5900) on layer M1. (ZRT-761)
Warning: pin is off track in the region (7.9060 30.4120) (7.9400 30.5900) on layer M1. (ZRT-761)
Warning: pin is off track in the region (8.2760 30.4110) (8.3100 30.5650) on layer M1. (ZRT-761)
Warning: pin is off track in the region (8.4240 30.4120) (8.4580 30.6890) on layer M1. (ZRT-761)
Warning: pin is off track in the region (7.7580 30.3010) (7.7920 30.7010) on layer M1. (ZRT-761)
Warning: pin is off track in the region (11.3100 30.4120) (11.3440 30.5900) on layer M1. (ZRT-761)
Warning: pin is off track in the region (11.0880 30.4120) (11.1220 30.5900) on layer M1. (ZRT-761)
Warning: pin is off track in the region (11.4580 30.4110) (11.4920 30.5650) on layer M1. (ZRT-761)
Warning: pin is off track in the region (11.6060 30.4120) (11.6400 30.6890) on layer M1. (ZRT-761)
Warning: pin is off track in the region (10.9400 30.3010) (10.9740 30.7010) on layer M1. (ZRT-761)
Warning: pin is off track in the region (14.1220 27.2840) (14.1560 27.6880) on layer M1. (ZRT-761)
Warning: pin is off track in the region (13.1540 29.3110) (13.2000 29.5110) on layer M1. (ZRT-761)
Warning: pin is off track in the region (12.9320 29.2430) (12.9780 29.4320) on layer M1. (ZRT-761)
Warning: pin is off track in the region (12.5680 29.1410) (12.6020 29.4810) on layer M1. (ZRT-761)
Warning: pin is off track in the region (15.3060 29.1120) (15.3400 29.5160) on layer M1. (ZRT-761)
Warning: pin is off track in the region (16.1940 27.9120) (16.2280 28.3160) on layer M1. (ZRT-761)
Warning: pin is off track in the region (15.3060 30.3120) (15.3400 30.7160) on layer M1. (ZRT-761)
Warning: pin is off track in the region (14.2700 28.4840) (14.3040 28.8880) on layer M1. (ZRT-761)
Warning: pin is off track in the region (13.8260 30.8840) (13.8600 31.2880) on layer M1. (ZRT-761)
Warning: pin is off track in the region (13.0860 29.8100) (13.1200 29.9880) on layer M1. (ZRT-761)
Warning: pin is off track in the region (12.8640 29.8100) (12.8980 29.9880) on layer M1. (ZRT-761)
Warning: pin is off track in the region (13.2340 29.8350) (13.2680 29.9890) on layer M1. (ZRT-761)
Warning: pin is off track in the region (13.3820 29.7110) (13.4160 29.9880) on layer M1. (ZRT-761)
Warning: pin is off track in the region (12.7160 29.6990) (12.7500 30.0990) on layer M1. (ZRT-761)
Warning: pin is off track in the region (14.4180 31.0100) (14.4520 31.1880) on layer M1. (ZRT-761)
Warning: pin is off track in the region (14.1960 31.0100) (14.2300 31.1880) on layer M1. (ZRT-761)
Warning: pin is off track in the region (14.5660 31.0350) (14.6000 31.1890) on layer M1. (ZRT-761)
Warning: pin is off track in the region (14.7140 30.9110) (14.7480 31.1880) on layer M1. (ZRT-761)
Warning: pin is off track in the region (14.0480 30.8990) (14.0820 31.2990) on layer M1. (ZRT-761)
Warning: pin is off track in the region (18.1120 30.8890) (18.1580 31.0890) on layer M1. (ZRT-761)
Warning: pin is off track in the region (17.8900 30.9680) (17.9360 31.1570) on layer M1. (ZRT-761)
Warning: pin is off track in the region (17.5260 30.9190) (17.5600 31.2590) on layer M1. (ZRT-761)
Warning: pin is off track in the region (20.4860 27.9120) (20.5200 28.3160) on layer M1. (ZRT-761)
Warning: pin is off track in the region (20.2640 29.1120) (20.2980 29.5160) on layer M1. (ZRT-761)
Warning: pin is off track in the region (20.8560 30.8840) (20.8900 31.2880) on layer M1. (ZRT-761)
Warning: pin is off track in the region (17.9700 28.4840) (18.0040 28.8880) on layer M1. (ZRT-761)
Warning: pin is off track in the region (18.3400 27.9120) (18.3740 28.3160) on layer M1. (ZRT-761)
Warning: pin is off track in the region (17.6000 29.1120) (17.6340 29.5160) on layer M1. (ZRT-761)
Warning: pin is off track in the region (19.8200 29.6840) (19.8540 30.0880) on layer M1. (ZRT-761)
Warning: pin is off track in the region (20.1160 28.4840) (20.1500 28.8880) on layer M1. (ZRT-761)
Warning: pin is off track in the region (17.5260 30.3120) (17.5600 30.7160) on layer M1. (ZRT-761)
Warning: pin is off track in the region (21.0040 30.3120) (21.0380 30.7160) on layer M1. (ZRT-761)
Warning: pin is off track in the region (17.3780 29.8100) (17.4120 29.9880) on layer M1. (ZRT-761)
Warning: pin is off track in the region (17.1560 29.8100) (17.1900 29.9880) on layer M1. (ZRT-761)
Warning: pin is off track in the region (17.5260 29.8350) (17.5600 29.9890) on layer M1. (ZRT-761)
Warning: pin is off track in the region (17.6740 29.7110) (17.7080 29.9880) on layer M1. (ZRT-761)
Warning: pin is off track in the region (17.0080 29.6990) (17.0420 30.0990) on layer M1. (ZRT-761)
Warning: pin is off track in the region (16.3420 31.0100) (16.3760 31.1880) on layer M1. (ZRT-761)
Warning: pin is off track in the region (16.1200 31.0100) (16.1540 31.1880) on layer M1. (ZRT-761)
Warning: pin is off track in the region (16.4900 31.0350) (16.5240 31.1890) on layer M1. (ZRT-761)
Warning: pin is off track in the region (16.6380 30.9110) (16.6720 31.1880) on layer M1. (ZRT-761)
Warning: pin is off track in the region (15.9720 30.8990) (16.0060 31.2990) on layer M1. (ZRT-761)
Warning: pin is off track in the region (23.1500 30.3120) (23.1840 30.7160) on layer M1. (ZRT-761)
Warning: pin is off track in the region (24.7040 30.8840) (24.7380 31.2880) on layer M1. (ZRT-761)
Warning: pin is off track in the region (22.4100 27.2840) (22.4440 27.6880) on layer M1. (ZRT-761)
Warning: pin is off track in the region (20.5540 29.8220) (20.6000 30.0180) on layer M1. (ZRT-761)
Warning: pin is off track in the region (20.2640 29.7180) (20.2980 30.0580) on layer M1. (ZRT-761)
Warning: pin is off track in the region (22.2620 28.4840) (22.2960 28.8880) on layer M1. (ZRT-761)
Warning: pin is off track in the region (24.1860 27.9120) (24.2200 28.3160) on layer M1. (ZRT-761)
Warning: pin is off track in the region (22.4100 29.1120) (22.4440 29.5160) on layer M1. (ZRT-761)
Warning: pin is off track in the region (22.7800 29.6840) (22.8140 30.0880) on layer M1. (ZRT-761)
Warning: pin is off track in the region (23.3720 29.8100) (23.4060 29.9880) on layer M1. (ZRT-761)
Warning: pin is off track in the region (23.1500 29.8100) (23.1840 29.9880) on layer M1. (ZRT-761)
Warning: pin is off track in the region (23.5200 29.8350) (23.5540 29.9890) on layer M1. (ZRT-761)
Warning: pin is off track in the region (23.6680 29.7110) (23.7020 29.9880) on layer M1. (ZRT-761)
Warning: pin is off track in the region (23.0020 29.6990) (23.0360 30.0990) on layer M1. (ZRT-761)
Warning: pin is off track in the region (22.7060 28.5020) (22.7400 28.8980) on layer M1. (ZRT-761)
Warning: pin is off track in the region (22.8540 28.5020) (22.8880 28.8980) on layer M1. (ZRT-761)
Warning: pin is off track in the region (25.0740 29.8100) (25.1080 29.9880) on layer M1. (ZRT-761)
Warning: pin is off track in the region (24.8520 29.8100) (24.8860 29.9880) on layer M1. (ZRT-761)
Warning: pin is off track in the region (25.2220 29.8350) (25.2560 29.9890) on layer M1. (ZRT-761)
Warning: pin is off track in the region (25.3700 29.7110) (25.4040 29.9880) on layer M1. (ZRT-761)
Warning: pin is off track in the region (24.7040 29.6990) (24.7380 30.0990) on layer M1. (ZRT-761)
Warning: pin is off track in the region (23.8840 29.6890) (23.9300 29.8890) on layer M1. (ZRT-761)
Warning: pin is off track in the region (24.1060 29.7680) (24.1520 29.9570) on layer M1. (ZRT-761)
Warning: pin is off track in the region (24.4820 29.7190) (24.5160 30.0590) on layer M1. (ZRT-761)
Warning: pin is off track in the region (25.5930 30.4480) (25.6270 30.6100) on layer M1. (ZRT-761)
Warning: pin is off track in the region (25.7390 30.2990) (25.7770 30.6880) on layer M1. (ZRT-761)
Warning: pin is off track in the region (28.9220 30.3120) (28.9560 30.7160) on layer M1. (ZRT-761)
Warning: pin is off track in the region (26.8500 30.8840) (26.8840 31.2880) on layer M1. (ZRT-761)
Warning: pin is off track in the region (29.0700 28.4840) (29.1040 28.8880) on layer M1. (ZRT-761)
Warning: pin is off track in the region (28.7000 29.1120) (28.7340 29.5160) on layer M1. (ZRT-761)
Warning: pin is off track in the region (25.8140 27.9810) (25.8480 28.2410) on layer M1. (ZRT-761)
Warning: pin is off track in the region (25.7400 27.9110) (25.7740 28.3110) on layer M1. (ZRT-761)
Warning: pin is off track in the region (25.3680 29.1230) (25.4060 29.4770) on layer M1. (ZRT-761)
Warning: pin is off track in the region (26.2580 29.7630) (26.2920 30.0350) on layer M1. (ZRT-761)
Warning: pin is off track in the region (26.7000 29.7440) (26.7380 30.0980) on layer M1. (ZRT-761)
Warning: pin is off track in the region (23.4460 30.3410) (23.4800 30.6810) on layer M1. (ZRT-761)
Warning: pin is off track in the region (25.1480 28.0120) (25.1820 28.1990) on layer M1. (ZRT-761)
Warning: pin is off track in the region (26.3320 28.4840) (26.3660 28.8880) on layer M1. (ZRT-761)
Warning: pin is off track in the region (27.0680 31.0990) (27.1100 31.3070) on layer M1. (ZRT-761)
Warning: pin is off track in the region (27.1460 30.9890) (27.1800 31.2350) on layer M1. (ZRT-761)
Warning: pin is off track in the region (28.1820 30.9230) (28.2160 31.2770) on layer M1. (ZRT-761)
Warning: pin is off track in the region (26.2580 27.9020) (26.2920 28.2980) on layer M1. (ZRT-761)
Warning: pin is off track in the region (26.4060 27.9020) (26.4400 28.2980) on layer M1. (ZRT-761)
Warning: pin is off track in the region (26.3320 29.1650) (26.3660 29.4370) on layer M1. (ZRT-761)
Warning: pin is off track in the region (25.8860 29.1020) (25.9240 29.4560) on layer M1. (ZRT-761)
Warning: pin is off track in the region (27.0720 29.8120) (27.1060 30.0500) on layer M1. (ZRT-761)
Warning: pin is off track in the region (26.9980 29.7990) (27.0320 30.1110) on layer M1. (ZRT-761)
Warning: pin is off track in the region (26.9240 29.8030) (26.9580 30.0480) on layer M1. (ZRT-761)
Warning: pin is off track in the region (27.4420 29.6970) (27.4760 30.0720) on layer M1. (ZRT-761)
Warning: pin is off track in the region (30.8460 29.1120) (30.8800 29.5160) on layer M1. (ZRT-761)
Warning: pin is off track in the region (28.4040 29.7600) (28.4380 29.9630) on layer M1. (ZRT-761)
Warning: pin is off track in the region (28.5520 29.7580) (28.5860 29.9830) on layer M1. (ZRT-761)
Warning: pin is off track in the region (28.1820 29.7630) (28.2160 30.0350) on layer M1. (ZRT-761)
Warning: pin is off track in the region (28.0340 29.8740) (28.0680 30.0770) on layer M1. (ZRT-761)
Warning: pin is off track in the region (32.0300 30.3120) (32.0640 30.7160) on layer M1. (ZRT-761)
Warning: pin is off track in the region (31.2900 30.8840) (31.3240 31.2880) on layer M1. (ZRT-761)
Warning: pin is off track in the region (31.5120 29.6840) (31.5460 30.0880) on layer M1. (ZRT-761)
Warning: pin is off track in the region (32.8440 28.4840) (32.8780 28.8880) on layer M1. (ZRT-761)
Warning: pin is off track in the region (29.0700 27.9760) (29.1040 28.2240) on layer M1. (ZRT-761)
Warning: pin is off track in the region (29.1440 27.9020) (29.1780 28.2980) on layer M1. (ZRT-761)
Warning: pin is off track in the region (29.2920 29.7590) (29.3260 30.0190) on layer M1. (ZRT-761)
Warning: pin is off track in the region (29.3660 29.6890) (29.4000 30.0890) on layer M1. (ZRT-761)
Warning: pin is off track in the region (31.2160 27.9860) (31.2500 28.1780) on layer M1. (ZRT-761)
Warning: pin is off track in the region (31.1420 28.0230) (31.1760 28.2010) on layer M1. (ZRT-761)
Warning: pin is off track in the region (31.2900 28.0230) (31.3240 28.2010) on layer M1. (ZRT-761)
Warning: pin is off track in the region (29.9580 27.9870) (29.9920 28.1790) on layer M1. (ZRT-761)
Warning: pin is off track in the region (29.8840 27.9380) (29.9180 28.1630) on layer M1. (ZRT-761)
Warning: pin is off track in the region (30.0320 28.0230) (30.0660 28.2010) on layer M1. (ZRT-761)
Warning: pin is off track in the region (30.5500 28.6120) (30.5840 28.8500) on layer M1. (ZRT-761)
Warning: pin is off track in the region (30.6240 28.5990) (30.6580 28.9110) on layer M1. (ZRT-761)
Warning: pin is off track in the region (30.6980 28.6030) (30.7320 28.8480) on layer M1. (ZRT-761)
Warning: pin is off track in the region (30.1800 28.4970) (30.2140 28.8720) on layer M1. (ZRT-761)
Warning: pin is off track in the region (29.8100 28.6120) (29.8440 28.8500) on layer M1. (ZRT-761)
Warning: pin is off track in the region (29.8840 28.5990) (29.9180 28.9110) on layer M1. (ZRT-761)
Warning: pin is off track in the region (29.9580 28.6030) (29.9920 28.8480) on layer M1. (ZRT-761)
Warning: pin is off track in the region (29.4400 28.4970) (29.4740 28.8720) on layer M1. (ZRT-761)
Warning: pin is off track in the region (34.3980 27.9120) (34.4320 28.3160) on layer M1. (ZRT-761)
Warning: pin is off track in the region (32.8400 29.8990) (32.8820 30.1070) on layer M1. (ZRT-761)
Warning: pin is off track in the region (32.9180 29.7890) (32.9520 30.0350) on layer M1. (ZRT-761)
Warning: pin is off track in the region (33.9540 29.7230) (33.9880 30.0770) on layer M1. (ZRT-761)
Warning: pin is off track in the region (34.8420 29.1650) (34.8760 29.4370) on layer M1. (ZRT-761)
Warning: pin is off track in the region (34.6940 29.1230) (34.7280 29.3260) on layer M1. (ZRT-761)
Warning: pin is off track in the region (32.5480 27.3190) (32.5820 27.6590) on layer M1. (ZRT-761)
Warning: pin is off track in the region (32.0300 27.3000) (32.0640 27.5370) on layer M1. (ZRT-761)
Warning: pin is off track in the region (32.1780 27.3590) (32.2120 27.6450) on layer M1. (ZRT-761)
Warning: pin is off track in the region (36.9880 29.6840) (37.0220 30.0880) on layer M1. (ZRT-761)
Warning: pin is off track in the region (34.8420 30.3120) (34.8760 30.7160) on layer M1. (ZRT-761)
Warning: pin is off track in the region (36.7660 28.4840) (36.8000 28.8880) on layer M1. (ZRT-761)
Warning: pin is off track in the region (34.4720 29.1120) (34.5060 29.5160) on layer M1. (ZRT-761)
Warning: pin is off track in the region (33.2880 27.4220) (33.3220 27.6140) on layer M1. (ZRT-761)
Warning: pin is off track in the region (33.3620 27.3990) (33.3960 27.5770) on layer M1. (ZRT-761)
Warning: pin is off track in the region (33.2140 27.3990) (33.2480 27.5770) on layer M1. (ZRT-761)
Warning: pin is off track in the region (31.8820 29.7600) (31.9160 29.9630) on layer M1. (ZRT-761)
Warning: pin is off track in the region (31.7340 29.7580) (31.7680 29.9830) on layer M1. (ZRT-761)
Warning: pin is off track in the region (34.3240 28.5590) (34.3580 28.8190) on layer M1. (ZRT-761)
Warning: pin is off track in the region (34.2500 28.4890) (34.2840 28.8890) on layer M1. (ZRT-761)
Warning: pin is off track in the region (33.1400 28.5590) (33.1740 28.8190) on layer M1. (ZRT-761)
Warning: pin is off track in the region (33.2140 28.4890) (33.2480 28.8890) on layer M1. (ZRT-761)
Warning: pin is off track in the region (34.9160 27.3590) (34.9500 27.6190) on layer M1. (ZRT-761)
Warning: pin is off track in the region (34.9900 27.2890) (35.0240 27.6890) on layer M1. (ZRT-761)
Warning: pin is off track in the region (34.6200 27.9650) (34.6540 28.2370) on layer M1. (ZRT-761)
Warning: pin is off track in the region (34.7680 27.9230) (34.8020 28.1260) on layer M1. (ZRT-761)
Warning: pin is off track in the region (34.6940 27.3630) (34.7280 27.6350) on layer M1. (ZRT-761)
Warning: pin is off track in the region (34.5460 27.4740) (34.5800 27.6770) on layer M1. (ZRT-761)
Warning: pin is off track in the region (31.5860 27.9650) (31.6200 28.2370) on layer M1. (ZRT-761)
Warning: pin is off track in the region (31.7340 27.9230) (31.7680 28.1260) on layer M1. (ZRT-761)
Warning: pin is off track in the region (34.4720 30.8920) (34.5060 31.2840) on layer M1. (ZRT-761)
Warning: pin is off track in the region (38.9860 27.9120) (39.0200 28.3160) on layer M1. (ZRT-761)
Warning: pin is off track in the region (38.6900 27.2840) (38.7240 27.6880) on layer M1. (ZRT-761)
Warning: pin is off track in the region (36.2480 30.3810) (36.2820 30.6410) on layer M1. (ZRT-761)
Warning: pin is off track in the region (36.3220 30.3110) (36.3560 30.7110) on layer M1. (ZRT-761)
Warning: pin is off track in the region (40.4660 30.8840) (40.5000 31.2880) on layer M1. (ZRT-761)
Warning: pin is off track in the region (39.2080 29.6840) (39.2420 30.0880) on layer M1. (ZRT-761)
Warning: pin is off track in the region (38.5420 30.3120) (38.5760 30.7160) on layer M1. (ZRT-761)
Warning: pin is off track in the region (38.3200 30.8840) (38.3540 31.2880) on layer M1. (ZRT-761)
Warning: pin is off track in the region (40.8360 30.3120) (40.8700 30.7160) on layer M1. (ZRT-761)
Warning: pin is off track in the region (40.5400 28.4840) (40.5740 28.8880) on layer M1. (ZRT-761)
Warning: pin is off track in the region (37.8020 29.2080) (37.8360 29.5090) on layer M1. (ZRT-761)
Warning: pin is off track in the region (38.0960 29.1230) (38.1340 29.4770) on layer M1. (ZRT-761)
Warning: pin is off track in the region (38.9120 27.3630) (38.9460 27.6350) on layer M1. (ZRT-761)
Warning: pin is off track in the region (39.0600 27.4740) (39.0940 27.6770) on layer M1. (ZRT-761)
Warning: pin is off track in the region (36.6180 28.0630) (36.6520 28.3000) on layer M1. (ZRT-761)
Warning: pin is off track in the region (36.7660 27.9550) (36.8000 28.2410) on layer M1. (ZRT-761)
Warning: pin is off track in the region (35.7980 27.4500) (35.8440 27.5780) on layer M1. (ZRT-761)
Warning: pin is off track in the region (35.5020 27.4500) (35.5480 27.5860) on layer M1. (ZRT-761)
Warning: pin is off track in the region (44.8320 27.9120) (44.8660 28.3160) on layer M1. (ZRT-761)
Warning: pin is off track in the region (44.8320 30.8840) (44.8660 31.2880) on layer M1. (ZRT-761)
Warning: pin is off track in the region (42.9820 30.3120) (43.0160 30.7160) on layer M1. (ZRT-761)
Warning: pin is off track in the region (42.6120 30.8840) (42.6460 31.2880) on layer M1. (ZRT-761)
Warning: pin is off track in the region (41.3540 27.9120) (41.3880 28.3160) on layer M1. (ZRT-761)
Warning: pin is off track in the region (43.2040 27.3590) (43.2380 27.6190) on layer M1. (ZRT-761)
Warning: pin is off track in the region (43.1300 27.2890) (43.1640 27.6890) on layer M1. (ZRT-761)
Warning: pin is off track in the region (41.8720 29.1810) (41.9060 29.4410) on layer M1. (ZRT-761)
Warning: pin is off track in the region (41.9460 29.1110) (41.9800 29.5110) on layer M1. (ZRT-761)
Warning: pin is off track in the region (41.7240 27.3590) (41.7580 27.6190) on layer M1. (ZRT-761)
Warning: pin is off track in the region (41.7980 27.2890) (41.8320 27.6890) on layer M1. (ZRT-761)
Warning: pin is off track in the region (40.6140 27.3590) (40.6480 27.6190) on layer M1. (ZRT-761)
Warning: pin is off track in the region (40.6880 27.2890) (40.7220 27.6890) on layer M1. (ZRT-761)
Warning: pin is off track in the region (39.2820 27.3590) (39.3160 27.6190) on layer M1. (ZRT-761)
Warning: pin is off track in the region (39.3560 27.2890) (39.3900 27.6890) on layer M1. (ZRT-761)
Warning: pin is off track in the region (41.7980 29.7590) (41.8320 30.0190) on layer M1. (ZRT-761)
Warning: pin is off track in the region (41.8720 29.6890) (41.9060 30.0890) on layer M1. (ZRT-761)
Warning: pin is off track in the region (40.4660 29.1020) (40.5000 29.4980) on layer M1. (ZRT-761)
Warning: pin is off track in the region (42.6860 28.4840) (42.7200 28.8880) on layer M1. (ZRT-761)
Warning: pin is off track in the region (44.8320 28.4840) (44.8660 28.8880) on layer M1. (ZRT-761)
Warning: pin is off track in the region (40.0220 27.3020) (40.0560 27.5770) on layer M1. (ZRT-761)
Warning: pin is off track in the region (40.0960 27.3210) (40.1300 27.5810) on layer M1. (ZRT-761)
Warning: pin is off track in the region (41.3540 29.7630) (41.3880 30.0350) on layer M1. (ZRT-761)
Warning: pin is off track in the region (41.5020 29.8740) (41.5360 30.0770) on layer M1. (ZRT-761)
Warning: pin is off track in the region (42.4640 27.9860) (42.4980 28.1780) on layer M1. (ZRT-761)
Warning: pin is off track in the region (42.3900 28.0230) (42.4240 28.2010) on layer M1. (ZRT-761)
Warning: pin is off track in the region (42.5380 28.0230) (42.5720 28.2010) on layer M1. (ZRT-761)
Warning: pin is off track in the region (42.1680 27.9820) (42.2020 28.2150) on layer M1. (ZRT-761)
Warning: pin is off track in the region (41.7240 27.9120) (41.7580 28.3120) on layer M1. (ZRT-761)
Warning: pin is off track in the region (42.0940 29.7630) (42.1280 30.0350) on layer M1. (ZRT-761)
Warning: pin is off track in the region (42.2420 29.8740) (42.2760 30.0770) on layer M1. (ZRT-761)
Warning: pin is off track in the region (42.9080 29.7180) (42.9420 30.0580) on layer M1. (ZRT-761)
Warning: pin is off track in the region (42.4640 27.4210) (42.4980 27.6130) on layer M1. (ZRT-761)
Warning: pin is off track in the region (42.5380 27.4370) (42.5720 27.6620) on layer M1. (ZRT-761)
Warning: pin is off track in the region (42.3900 27.3990) (42.4240 27.5770) on layer M1. (ZRT-761)
Warning: pin is off track in the region (42.9080 27.3630) (42.9420 27.6350) on layer M1. (ZRT-761)
Warning: pin is off track in the region (42.7600 27.4740) (42.7940 27.6770) on layer M1. (ZRT-761)
Warning: pin is off track in the region (48.6060 30.3120) (48.6400 30.7160) on layer M1. (ZRT-761)
Warning: pin is off track in the region (48.3840 30.8840) (48.4180 31.2880) on layer M1. (ZRT-761)
Warning: pin is off track in the region (48.5320 29.6840) (48.5660 30.0880) on layer M1. (ZRT-761)
Warning: pin is off track in the region (46.7560 27.3630) (46.7900 27.6350) on layer M1. (ZRT-761)
Warning: pin is off track in the region (46.9040 27.4740) (46.9380 27.6770) on layer M1. (ZRT-761)
Warning: pin is off track in the region (43.3520 29.7630) (43.3860 30.0350) on layer M1. (ZRT-761)
Warning: pin is off track in the region (43.2040 29.8740) (43.2380 30.0770) on layer M1. (ZRT-761)
Warning: pin is off track in the region (44.7580 29.7020) (44.7920 29.9770) on layer M1. (ZRT-761)
Warning: pin is off track in the region (44.8320 29.7210) (44.8660 29.9810) on layer M1. (ZRT-761)
Warning: pin is off track in the region (46.0160 28.5590) (46.0500 28.8190) on layer M1. (ZRT-761)
Warning: pin is off track in the region (45.9420 28.4890) (45.9760 28.8890) on layer M1. (ZRT-761)
Warning: pin is off track in the region (44.4620 30.3810) (44.4960 30.6410) on layer M1. (ZRT-761)
Warning: pin is off track in the region (44.3880 30.3110) (44.4220 30.7110) on layer M1. (ZRT-761)
Warning: pin is off track in the region (43.6480 29.7590) (43.6820 30.0190) on layer M1. (ZRT-761)
Warning: pin is off track in the region (43.5740 29.6890) (43.6080 30.0890) on layer M1. (ZRT-761)
Warning: pin is off track in the region (48.9020 28.4840) (48.9360 28.8880) on layer M1. (ZRT-761)
Warning: pin is off track in the region (46.9040 27.9810) (46.9380 28.2410) on layer M1. (ZRT-761)
Warning: pin is off track in the region (46.9780 27.9110) (47.0120 28.3110) on layer M1. (ZRT-761)
Warning: pin is off track in the region (43.7960 30.3810) (43.8300 30.6410) on layer M1. (ZRT-761)
Warning: pin is off track in the region (43.8700 30.3110) (43.9040 30.7110) on layer M1. (ZRT-761)
Warning: pin is off track in the region (45.7200 27.9630) (45.7540 28.2370) on layer M1. (ZRT-761)
Warning: pin is off track in the region (45.6460 27.8930) (45.6800 28.2980) on layer M1. (ZRT-761)
Warning: pin is off track in the region (46.6080 29.1810) (46.6420 29.4410) on layer M1. (ZRT-761)
Warning: pin is off track in the region (46.6820 29.1110) (46.7160 29.5110) on layer M1. (ZRT-761)
Warning: pin is off track in the region (46.1640 30.4440) (46.1980 30.6230) on layer M1. (ZRT-761)
Warning: pin is off track in the region (46.2380 30.3120) (46.2720 30.6010) on layer M1. (ZRT-761)
Warning: pin is off track in the region (46.3120 30.3820) (46.3460 30.6320) on layer M1. (ZRT-761)
Warning: pin is off track in the region (46.0900 30.4460) (46.1240 30.6240) on layer M1. (ZRT-761)
Warning: pin is off track in the region (45.7180 30.3410) (45.7560 30.6810) on layer M1. (ZRT-761)
Warning: pin is off track in the region (46.6820 28.5020) (46.7160 28.7770) on layer M1. (ZRT-761)
Warning: pin is off track in the region (46.7560 28.5210) (46.7900 28.7810) on layer M1. (ZRT-761)
Warning: pin is off track in the region (46.0900 29.1860) (46.1240 29.3780) on layer M1. (ZRT-761)
Warning: pin is off track in the region (46.1640 29.2230) (46.1980 29.4010) on layer M1. (ZRT-761)
Warning: pin is off track in the region (46.0160 29.2230) (46.0500 29.4010) on layer M1. (ZRT-761)
Warning: pin is off track in the region (46.5340 27.3630) (46.5680 27.6350) on layer M1. (ZRT-761)
Warning: pin is off track in the region (46.3860 27.4740) (46.4200 27.6770) on layer M1. (ZRT-761)
Warning: pin is off track in the region (43.9440 29.8220) (43.9780 30.0140) on layer M1. (ZRT-761)
Warning: pin is off track in the region (43.8700 29.7990) (43.9040 29.9770) on layer M1. (ZRT-761)
Warning: pin is off track in the region (44.0180 29.7990) (44.0520 29.9770) on layer M1. (ZRT-761)
Warning: pin is off track in the region (45.0540 27.9810) (45.0880 28.2410) on layer M1. (ZRT-761)
Warning: pin is off track in the region (45.1280 27.9110) (45.1620 28.3110) on layer M1. (ZRT-761)
Warning: pin is off track in the region (45.9420 27.3630) (45.9760 27.6350) on layer M1. (ZRT-761)
Warning: pin is off track in the region (46.0900 27.4740) (46.1240 27.6770) on layer M1. (ZRT-761)
Warning: pin is off track in the region (43.5740 27.4000) (43.6080 27.6640) on layer M1. (ZRT-761)
Warning: pin is off track in the region (43.5000 27.4640) (43.5340 27.6840) on layer M1. (ZRT-761)
Warning: pin is off track in the region (44.0900 27.3190) (44.1280 27.6590) on layer M1. (ZRT-761)
Warning: pin is off track in the region (47.6440 27.3630) (47.6780 27.6350) on layer M1. (ZRT-761)
Warning: pin is off track in the region (47.7920 27.4740) (47.8260 27.6770) on layer M1. (ZRT-761)
Warning: pin is off track in the region (52.5280 27.2840) (52.5620 27.6880) on layer M1. (ZRT-761)
Warning: pin is off track in the region (50.5300 29.1120) (50.5640 29.5160) on layer M1. (ZRT-761)
Warning: pin is off track in the region (50.3820 27.2840) (50.4160 27.6880) on layer M1. (ZRT-761)
Warning: pin is off track in the region (50.7520 30.3120) (50.7860 30.7160) on layer M1. (ZRT-761)
Warning: pin is off track in the region (52.6760 30.8840) (52.7100 31.2880) on layer M1. (ZRT-761)
Warning: pin is off track in the region (52.6760 29.6840) (52.7100 30.0880) on layer M1. (ZRT-761)
Warning: pin is off track in the region (52.6760 29.1120) (52.7100 29.5160) on layer M1. (ZRT-761)
Warning: pin is off track in the region (50.8260 27.9120) (50.8600 28.3160) on layer M1. (ZRT-761)
Warning: pin is off track in the region (52.6760 28.4840) (52.7100 28.8880) on layer M1. (ZRT-761)
Warning: pin is off track in the region (50.5300 30.8840) (50.5640 31.2880) on layer M1. (ZRT-761)
Warning: pin is off track in the region (48.3840 29.2080) (48.4180 29.5090) on layer M1. (ZRT-761)
Warning: pin is off track in the region (48.0860 29.1230) (48.1240 29.4770) on layer M1. (ZRT-761)
Warning: pin is off track in the region (47.2740 27.9810) (47.3080 28.2410) on layer M1. (ZRT-761)
Warning: pin is off track in the region (47.3480 27.9110) (47.3820 28.3110) on layer M1. (ZRT-761)
Warning: pin is off track in the region (49.9380 28.5650) (49.9720 28.8350) on layer M1. (ZRT-761)
Warning: pin is off track in the region (49.7900 28.6740) (49.8240 28.8770) on layer M1. (ZRT-761)
Warning: pin is off track in the region (5.3900 32.1630) (5.4240 32.4350) on layer M1. (ZRT-761)
Warning: pin is off track in the region (5.5380 32.2740) (5.5720 32.4770) on layer M1. (ZRT-761)
Warning: pin is off track in the region (8.1280 32.0840) (8.1620 32.4880) on layer M1. (ZRT-761)
Warning: pin is off track in the region (9.0160 32.7120) (9.0500 33.1160) on layer M1. (ZRT-761)
Warning: pin is off track in the region (6.8640 31.7110) (6.9100 31.9110) on layer M1. (ZRT-761)
Warning: pin is off track in the region (6.6420 31.6430) (6.6880 31.8320) on layer M1. (ZRT-761)
Warning: pin is off track in the region (6.2780 31.5410) (6.3120 31.8810) on layer M1. (ZRT-761)
Warning: pin is off track in the region (11.5320 32.7120) (11.5660 33.1160) on layer M1. (ZRT-761)
Warning: pin is off track in the region (9.6760 32.0890) (9.7220 32.2890) on layer M1. (ZRT-761)
Warning: pin is off track in the region (9.4540 32.1680) (9.5000 32.3570) on layer M1. (ZRT-761)
Warning: pin is off track in the region (9.0900 32.1190) (9.1240 32.4590) on layer M1. (ZRT-761)
Warning: pin is off track in the region (10.6380 31.7110) (10.6840 31.9110) on layer M1. (ZRT-761)
Warning: pin is off track in the region (10.4160 31.6430) (10.4620 31.8320) on layer M1. (ZRT-761)
Warning: pin is off track in the region (10.0520 31.5410) (10.0860 31.8810) on layer M1. (ZRT-761)
Warning: pin is off track in the region (9.8300 31.5120) (9.8640 31.9160) on layer M1. (ZRT-761)
Warning: pin is off track in the region (14.8620 32.0840) (14.8960 32.4880) on layer M1. (ZRT-761)
Warning: pin is off track in the region (13.2340 31.5120) (13.2680 31.9160) on layer M1. (ZRT-761)
Warning: pin is off track in the region (12.4880 32.0890) (12.5340 32.2890) on layer M1. (ZRT-761)
Warning: pin is off track in the region (12.2660 32.1680) (12.3120 32.3570) on layer M1. (ZRT-761)
Warning: pin is off track in the region (11.9020 32.1190) (11.9360 32.4590) on layer M1. (ZRT-761)
Warning: pin is off track in the region (14.4120 32.9110) (14.4580 33.1110) on layer M1. (ZRT-761)
Warning: pin is off track in the region (14.1900 32.8430) (14.2360 33.0320) on layer M1. (ZRT-761)
Warning: pin is off track in the region (13.8260 32.7410) (13.8600 33.0810) on layer M1. (ZRT-761)
Warning: pin is off track in the region (16.3420 31.5120) (16.3760 31.9160) on layer M1. (ZRT-761)
Warning: pin is off track in the region (20.0420 32.0840) (20.0760 32.4880) on layer M1. (ZRT-761)
Warning: pin is off track in the region (17.8960 32.0840) (17.9300 32.4880) on layer M1. (ZRT-761)
Warning: pin is off track in the region (18.1120 32.9110) (18.1580 33.1110) on layer M1. (ZRT-761)
Warning: pin is off track in the region (17.8900 32.8430) (17.9360 33.0320) on layer M1. (ZRT-761)
Warning: pin is off track in the region (17.5260 32.7410) (17.5600 33.0810) on layer M1. (ZRT-761)
Warning: pin is off track in the region (17.0020 32.9110) (17.0480 33.1110) on layer M1. (ZRT-761)
Warning: pin is off track in the region (16.7800 32.8430) (16.8260 33.0320) on layer M1. (ZRT-761)
Warning: pin is off track in the region (16.4160 32.7410) (16.4500 33.0810) on layer M1. (ZRT-761)
Warning: pin is off track in the region (18.7840 31.5120) (18.8180 31.9160) on layer M1. (ZRT-761)
Warning: pin is off track in the region (20.9300 31.5120) (20.9640 31.9160) on layer M1. (ZRT-761)
Warning: pin is off track in the region (16.1940 32.7410) (16.2280 33.0810) on layer M1. (ZRT-761)
Warning: pin is off track in the region (24.1860 32.7120) (24.2200 33.1160) on layer M1. (ZRT-761)
Warning: pin is off track in the region (24.2600 31.5120) (24.2940 31.9160) on layer M1. (ZRT-761)
Warning: pin is off track in the region (22.1880 32.0840) (22.2220 32.4880) on layer M1. (ZRT-761)
Warning: pin is off track in the region (24.8520 32.0840) (24.8860 32.4880) on layer M1. (ZRT-761)
Warning: pin is off track in the region (28.5520 32.7120) (28.5860 33.1160) on layer M1. (ZRT-761)
Warning: pin is off track in the region (26.3320 32.7120) (26.3660 33.1160) on layer M1. (ZRT-761)
Warning: pin is off track in the region (28.3300 32.0840) (28.3640 32.4880) on layer M1. (ZRT-761)
Warning: pin is off track in the region (26.4060 31.5120) (26.4400 31.9160) on layer M1. (ZRT-761)
Warning: pin is off track in the region (32.6960 32.7120) (32.7300 33.1160) on layer M1. (ZRT-761)
Warning: pin is off track in the region (29.3660 31.5120) (29.4000 31.9160) on layer M1. (ZRT-761)
Warning: pin is off track in the region (32.6220 32.0840) (32.6560 32.4880) on layer M1. (ZRT-761)
Warning: pin is off track in the region (30.4760 32.0840) (30.5100 32.4880) on layer M1. (ZRT-761)
Warning: pin is off track in the region (29.7360 31.5860) (29.7700 31.7780) on layer M1. (ZRT-761)
Warning: pin is off track in the region (29.8100 31.6230) (29.8440 31.8010) on layer M1. (ZRT-761)
Warning: pin is off track in the region (29.6620 31.6230) (29.6960 31.8010) on layer M1. (ZRT-761)
Warning: pin is off track in the region (30.1800 31.5870) (30.2140 31.7790) on layer M1. (ZRT-761)
Warning: pin is off track in the region (30.2540 31.5380) (30.2880 31.7630) on layer M1. (ZRT-761)
Warning: pin is off track in the region (30.1060 31.6230) (30.1400 31.8010) on layer M1. (ZRT-761)
Warning: pin is off track in the region (33.4360 31.5120) (33.4700 31.9160) on layer M1. (ZRT-761)
Warning: pin is off track in the region (34.7680 32.0840) (34.8020 32.4880) on layer M1. (ZRT-761)
Warning: pin is off track in the region (34.8420 32.7120) (34.8760 33.1160) on layer M1. (ZRT-761)
Warning: pin is off track in the region (40.3920 32.7120) (40.4260 33.1160) on layer M1. (ZRT-761)
Warning: pin is off track in the region (39.7260 31.5120) (39.7600 31.9160) on layer M1. (ZRT-761)
Warning: pin is off track in the region (38.2460 32.7120) (38.2800 33.1160) on layer M1. (ZRT-761)
Warning: pin is off track in the region (37.8760 32.0840) (37.9100 32.4880) on layer M1. (ZRT-761)
Warning: pin is off track in the region (44.3140 32.0840) (44.3480 32.4880) on layer M1. (ZRT-761)
Warning: pin is off track in the region (42.5380 32.7120) (42.5720 33.1160) on layer M1. (ZRT-761)
Warning: pin is off track in the region (44.0180 31.5120) (44.0520 31.9160) on layer M1. (ZRT-761)
Warning: pin is off track in the region (41.8720 31.5120) (41.9060 31.9160) on layer M1. (ZRT-761)
Warning: pin is off track in the region (48.3100 31.5120) (48.3440 31.9160) on layer M1. (ZRT-761)
Warning: pin is off track in the region (46.1640 31.5120) (46.1980 31.9160) on layer M1. (ZRT-761)
Warning: pin is off track in the region (48.6060 32.7120) (48.6400 33.1160) on layer M1. (ZRT-761)
Warning: pin is off track in the region (46.4560 32.2990) (46.4980 32.5070) on layer M1. (ZRT-761)
Warning: pin is off track in the region (46.5340 32.1890) (46.5680 32.4350) on layer M1. (ZRT-761)
Warning: pin is off track in the region (47.5700 32.1230) (47.6040 32.4770) on layer M1. (ZRT-761)
Warning: pin is off track in the region (46.0900 32.7650) (46.1240 33.0350) on layer M1. (ZRT-761)
Warning: pin is off track in the region (45.9420 32.7230) (45.9760 32.9260) on layer M1. (ZRT-761)
Warning: pin is off track in the region (50.7520 32.7120) (50.7860 33.1160) on layer M1. (ZRT-761)
Warning: pin is off track in the region (52.6760 32.0840) (52.7100 32.4880) on layer M1. (ZRT-761)
Warning: pin is off track in the region (50.6780 31.5120) (50.7120 31.9160) on layer M1. (ZRT-761)
Warning: pin is off track in the region (44.8320 6.3020) (44.8660 6.6980) on layer M1. (ZRT-761)
Warning: pin is off track in the region (44.6840 6.3020) (44.7180 6.6980) on layer M1. (ZRT-761)
Warning: pin is off track in the region (46.9040 6.3020) (46.9380 6.6980) on layer M1. (ZRT-761)
Warning: pin is off track in the region (46.7560 6.3020) (46.7900 6.6980) on layer M1. (ZRT-761)
Warning: pin is off track in the region (44.7580 5.7020) (44.7920 6.0980) on layer M1. (ZRT-761)
Warning: pin is off track in the region (44.6100 5.7020) (44.6440 6.0980) on layer M1. (ZRT-761)
Warning: pin is off track in the region (46.2380 6.9020) (46.2720 7.2980) on layer M1. (ZRT-761)
Warning: pin is off track in the region (46.3860 6.9020) (46.4200 7.2980) on layer M1. (ZRT-761)
Warning: pin is off track in the region (52.0100 5.7630) (52.0440 6.0350) on layer M1. (ZRT-761)
Warning: pin is off track in the region (51.8620 5.8740) (51.8960 6.0770) on layer M1. (ZRT-761)
Warning: pin is off track in the region (44.3140 8.7020) (44.3480 9.0980) on layer M1. (ZRT-761)
Warning: pin is off track in the region (44.1660 8.7020) (44.2000 9.0980) on layer M1. (ZRT-761)
Warning: pin is off track in the region (44.3880 7.5020) (44.4220 7.8980) on layer M1. (ZRT-761)
Warning: pin is off track in the region (44.2400 7.5020) (44.2740 7.8980) on layer M1. (ZRT-761)
Warning: pin is off track in the region (48.3840 9.9120) (48.4180 10.3160) on layer M1. (ZRT-761)
Warning: pin is off track in the region (48.6060 10.4840) (48.6400 10.8880) on layer M1. (ZRT-761)
Warning: pin is off track in the region (43.8700 10.5000) (43.9040 10.7370) on layer M1. (ZRT-761)
Warning: pin is off track in the region (44.0180 10.5590) (44.0520 10.8450) on layer M1. (ZRT-761)
Warning: pin is off track in the region (45.7940 9.9020) (45.8280 10.2980) on layer M1. (ZRT-761)
Warning: pin is off track in the region (45.6460 9.9020) (45.6800 10.2980) on layer M1. (ZRT-761)
Warning: pin is off track in the region (44.9060 11.1020) (44.9400 11.4980) on layer M1. (ZRT-761)
Warning: pin is off track in the region (44.7580 11.1020) (44.7920 11.4980) on layer M1. (ZRT-761)
Warning: pin is off track in the region (44.8320 8.1020) (44.8660 8.4980) on layer M1. (ZRT-761)
Warning: pin is off track in the region (44.6840 8.1020) (44.7180 8.4980) on layer M1. (ZRT-761)
Warning: pin is off track in the region (47.4220 8.1020) (47.4560 8.4980) on layer M1. (ZRT-761)
Warning: pin is off track in the region (47.2740 8.1020) (47.3080 8.4980) on layer M1. (ZRT-761)
Warning: pin is off track in the region (46.0160 8.7020) (46.0500 9.0980) on layer M1. (ZRT-761)
Warning: pin is off track in the region (45.8680 8.7020) (45.9020 9.0980) on layer M1. (ZRT-761)
Warning: pin is off track in the region (46.3120 7.5020) (46.3460 7.8980) on layer M1. (ZRT-761)
Warning: pin is off track in the region (46.1640 7.5020) (46.1980 7.8980) on layer M1. (ZRT-761)
Warning: pin is off track in the region (46.6080 11.1020) (46.6420 11.4980) on layer M1. (ZRT-761)
Warning: pin is off track in the region (46.4600 11.1020) (46.4940 11.4980) on layer M1. (ZRT-761)
Warning: pin is off track in the region (47.7180 8.7020) (47.7520 9.0980) on layer M1. (ZRT-761)
Warning: pin is off track in the region (47.5700 8.7020) (47.6040 9.0980) on layer M1. (ZRT-761)
Warning: pin is off track in the region (46.5340 7.5020) (46.5680 7.8980) on layer M1. (ZRT-761)
Warning: pin is off track in the region (46.6820 7.5020) (46.7160 7.8980) on layer M1. (ZRT-761)
Warning: pin is off track in the region (44.5340 10.5230) (44.5720 10.8770) on layer M1. (ZRT-761)
Warning: pin is off track in the region (50.5300 11.1120) (50.5640 11.5160) on layer M1. (ZRT-761)
Warning: pin is off track in the region (52.6760 9.9120) (52.7100 10.3160) on layer M1. (ZRT-761)
Warning: pin is off track in the region (52.5280 8.0840) (52.5620 8.4880) on layer M1. (ZRT-761)
Warning: pin is off track in the region (52.6760 11.1120) (52.7100 11.5160) on layer M1. (ZRT-761)
Warning: pin is off track in the region (52.6020 9.2840) (52.6360 9.6880) on layer M1. (ZRT-761)
Warning: pin is off track in the region (49.5680 9.2840) (49.6020 9.6880) on layer M1. (ZRT-761)
Warning: pin is off track in the region (50.3820 8.0840) (50.4160 8.4880) on layer M1. (ZRT-761)
Warning: pin is off track in the region (52.3060 7.5120) (52.3400 7.9160) on layer M1. (ZRT-761)
Warning: pin is off track in the region (50.5300 9.9120) (50.5640 10.3160) on layer M1. (ZRT-761)
Warning: pin is off track in the region (50.1600 7.5120) (50.1940 7.9160) on layer M1. (ZRT-761)
Warning: pin is off track in the region (43.6480 14.1020) (43.6820 14.4980) on layer M1. (ZRT-761)
Warning: pin is off track in the region (43.8700 12.9020) (43.9040 13.2980) on layer M1. (ZRT-761)
Warning: pin is off track in the region (43.7220 12.9020) (43.7560 13.2980) on layer M1. (ZRT-761)
Warning: pin is off track in the region (48.6060 14.7120) (48.6400 15.1160) on layer M1. (ZRT-761)
Warning: pin is off track in the region (48.9020 12.3120) (48.9360 12.7160) on layer M1. (ZRT-761)
Warning: pin is off track in the region (43.7960 13.6630) (43.8300 13.9000) on layer M1. (ZRT-761)
Warning: pin is off track in the region (43.9440 13.5550) (43.9780 13.8410) on layer M1. (ZRT-761)
Warning: pin is off track in the region (44.2400 12.9000) (44.2740 13.1370) on layer M1. (ZRT-761)
Warning: pin is off track in the region (44.0920 12.9590) (44.1260 13.2450) on layer M1. (ZRT-761)
Warning: pin is off track in the region (43.7220 12.4630) (43.7560 12.7000) on layer M1. (ZRT-761)
Warning: pin is off track in the region (44.3880 14.1600) (44.4220 14.3630) on layer M1. (ZRT-761)
Warning: pin is off track in the region (44.2400 14.1580) (44.2740 14.3830) on layer M1. (ZRT-761)
Warning: pin is off track in the region (45.6460 13.5020) (45.6800 13.8980) on layer M1. (ZRT-761)
Warning: pin is off track in the region (45.4980 13.5020) (45.5320 13.8980) on layer M1. (ZRT-761)
Warning: pin is off track in the region (44.7580 14.7020) (44.7920 15.0980) on layer M1. (ZRT-761)
Warning: pin is off track in the region (44.6100 14.7020) (44.6440 15.0980) on layer M1. (ZRT-761)
Warning: pin is off track in the region (46.7560 12.3020) (46.7900 12.6980) on layer M1. (ZRT-761)
Warning: pin is off track in the region (46.6080 12.3020) (46.6420 12.6980) on layer M1. (ZRT-761)
Warning: pin is off track in the region (46.4600 14.7020) (46.4940 15.0980) on layer M1. (ZRT-761)
Warning: pin is off track in the region (46.3120 14.7020) (46.3460 15.0980) on layer M1. (ZRT-761)
Warning: pin is off track in the region (47.7920 11.7020) (47.8260 12.0980) on layer M1. (ZRT-761)
Warning: pin is off track in the region (47.6440 11.7020) (47.6780 12.0980) on layer M1. (ZRT-761)
Warning: pin is off track in the region (46.5340 14.1020) (46.5680 14.4980) on layer M1. (ZRT-761)
Warning: pin is off track in the region (46.6820 14.1020) (46.7160 14.4980) on layer M1. (ZRT-761)
Warning: pin is off track in the region (45.9420 12.9020) (45.9760 13.2980) on layer M1. (ZRT-761)
Warning: pin is off track in the region (46.0900 12.9020) (46.1240 13.2980) on layer M1. (ZRT-761)
Warning: pin is off track in the region (44.6820 12.3230) (44.7200 12.6770) on layer M1. (ZRT-761)
Warning: pin is off track in the region (50.7520 14.7120) (50.7860 15.1160) on layer M1. (ZRT-761)
Warning: pin is off track in the region (50.5300 13.5120) (50.5640 13.9160) on layer M1. (ZRT-761)
Warning: pin is off track in the region (50.8260 12.8840) (50.8600 13.2880) on layer M1. (ZRT-761)
Warning: pin is off track in the region (52.0840 11.6840) (52.1180 12.0880) on layer M1. (ZRT-761)
Warning: pin is off track in the region (52.6760 12.3120) (52.7100 12.7160) on layer M1. (ZRT-761)
Warning: pin is off track in the region (49.9380 11.6840) (49.9720 12.0880) on layer M1. (ZRT-761)
Warning: pin is off track in the region (52.6760 14.0840) (52.7100 14.4880) on layer M1. (ZRT-761)
Warning: pin is off track in the region (52.6760 13.5120) (52.7100 13.9160) on layer M1. (ZRT-761)
Warning: pin is off track in the region (50.5300 14.0840) (50.5640 14.4880) on layer M1. (ZRT-761)
Warning: pin is off track in the region (44.0920 15.3020) (44.1260 15.6980) on layer M1. (ZRT-761)
Warning: pin is off track in the region (43.9440 15.3020) (43.9780 15.6980) on layer M1. (ZRT-761)
Warning: pin is off track in the region (44.5360 17.1020) (44.5700 17.4980) on layer M1. (ZRT-761)
Warning: pin is off track in the region (44.3880 17.1020) (44.4220 17.4980) on layer M1. (ZRT-761)
Warning: pin is off track in the region (48.3840 18.3120) (48.4180 18.7160) on layer M1. (ZRT-761)
Warning: pin is off track in the region (48.3840 17.1120) (48.4180 17.5160) on layer M1. (ZRT-761)
Warning: pin is off track in the region (49.0500 15.2840) (49.0840 15.6880) on layer M1. (ZRT-761)
Warning: pin is off track in the region (44.0180 16.5000) (44.0520 16.7370) on layer M1. (ZRT-761)
Warning: pin is off track in the region (43.8700 16.5590) (43.9040 16.8450) on layer M1. (ZRT-761)
Warning: pin is off track in the region (43.6480 16.5000) (43.6820 16.7370) on layer M1. (ZRT-761)
Warning: pin is off track in the region (45.7940 15.9020) (45.8280 16.2980) on layer M1. (ZRT-761)
Warning: pin is off track in the region (45.6460 15.9020) (45.6800 16.2980) on layer M1. (ZRT-761)
Warning: pin is off track in the region (46.2380 17.1020) (46.2720 17.4980) on layer M1. (ZRT-761)
Warning: pin is off track in the region (46.0900 17.1020) (46.1240 17.4980) on layer M1. (ZRT-761)
Warning: pin is off track in the region (47.4960 15.9020) (47.5300 16.2980) on layer M1. (ZRT-761)
Warning: pin is off track in the region (47.3480 15.9020) (47.3820 16.2980) on layer M1. (ZRT-761)
Warning: pin is off track in the region (46.3120 16.5020) (46.3460 16.8980) on layer M1. (ZRT-761)
Warning: pin is off track in the region (46.4600 16.5020) (46.4940 16.8980) on layer M1. (ZRT-761)
Warning: pin is off track in the region (43.7960 18.3020) (43.8300 18.6980) on layer M1. (ZRT-761)
Warning: pin is off track in the region (43.9440 18.3020) (43.9780 18.6980) on layer M1. (ZRT-761)
Warning: pin is off track in the region (45.9420 17.7020) (45.9760 18.0980) on layer M1. (ZRT-761)
Warning: pin is off track in the region (46.0900 17.7020) (46.1240 18.0980) on layer M1. (ZRT-761)
Warning: pin is off track in the region (44.7560 16.5230) (44.7940 16.8770) on layer M1. (ZRT-761)
Warning: pin is off track in the region (46.5280 18.9990) (46.5740 19.1500) on layer M1. (ZRT-761)
Warning: pin is off track in the region (45.9400 18.9180) (45.9780 19.2580) on layer M1. (ZRT-761)
Warning: pin is off track in the region (49.1240 18.8840) (49.1580 19.2880) on layer M1. (ZRT-761)
Warning: pin is off track in the region (52.6760 17.1120) (52.7100 17.5160) on layer M1. (ZRT-761)
Warning: pin is off track in the region (52.6760 15.2840) (52.7100 15.6880) on layer M1. (ZRT-761)
Warning: pin is off track in the region (52.6760 17.6840) (52.7100 18.0880) on layer M1. (ZRT-761)
Warning: pin is off track in the region (52.6760 15.9120) (52.7100 16.3160) on layer M1. (ZRT-761)
Warning: pin is off track in the region (50.5300 15.9120) (50.5640 16.3160) on layer M1. (ZRT-761)
Warning: pin is off track in the region (50.5300 17.1120) (50.5640 17.5160) on layer M1. (ZRT-761)
Warning: pin is off track in the region (50.5300 18.3120) (50.5640 18.7160) on layer M1. (ZRT-761)
Warning: pin is off track in the region (52.6760 18.8840) (52.7100 19.2880) on layer M1. (ZRT-761)
Warning: pin is off track in the region (47.8660 17.8010) (47.9000 17.9880) on layer M1. (ZRT-761)
Warning: pin is off track in the region (49.0500 16.6010) (49.0840 16.7880) on layer M1. (ZRT-761)
Warning: pin is off track in the region (48.8280 16.4920) (48.8620 16.8840) on layer M1. (ZRT-761)
Warning: pin is off track in the region (43.7220 20.1100) (43.7560 20.3770) on layer M1. (ZRT-761)
Warning: pin is off track in the region (48.3840 21.2840) (48.4180 21.6880) on layer M1. (ZRT-761)
Warning: pin is off track in the region (48.3840 21.9120) (48.4180 22.3160) on layer M1. (ZRT-761)
Warning: pin is off track in the region (47.9400 23.1120) (47.9740 23.5160) on layer M1. (ZRT-761)
Warning: pin is off track in the region (48.3840 22.4840) (48.4180 22.8880) on layer M1. (ZRT-761)
Warning: pin is off track in the region (48.3840 20.0840) (48.4180 20.4880) on layer M1. (ZRT-761)
Warning: pin is off track in the region (48.3840 19.5120) (48.4180 19.9160) on layer M1. (ZRT-761)
Warning: pin is off track in the region (43.8640 20.8500) (43.9100 21.0010) on layer M1. (ZRT-761)
Warning: pin is off track in the region (45.2700 19.6500) (45.3160 19.8010) on layer M1. (ZRT-761)
Warning: pin is off track in the region (44.6820 19.5420) (44.7200 19.8820) on layer M1. (ZRT-761)
Warning: pin is off track in the region (45.0480 20.8500) (45.0940 21.0010) on layer M1. (ZRT-761)
Warning: pin is off track in the region (45.4240 20.8230) (45.4580 21.0900) on layer M1. (ZRT-761)
Warning: pin is off track in the region (44.4600 20.7420) (44.4980 21.0820) on layer M1. (ZRT-761)
Warning: pin is off track in the region (45.8620 22.0500) (45.9080 22.2010) on layer M1. (ZRT-761)
Warning: pin is off track in the region (46.2380 22.0230) (46.2720 22.2900) on layer M1. (ZRT-761)
Warning: pin is off track in the region (45.2740 21.9420) (45.3120 22.2820) on layer M1. (ZRT-761)
Warning: pin is off track in the region (44.2340 23.2500) (44.2800 23.4010) on layer M1. (ZRT-761)
Warning: pin is off track in the region (44.6100 23.2230) (44.6440 23.4900) on layer M1. (ZRT-761)
Warning: pin is off track in the region (43.6460 23.1420) (43.6840 23.4820) on layer M1. (ZRT-761)
Warning: pin is off track in the region (44.6780 22.0500) (44.7240 22.2010) on layer M1. (ZRT-761)
Warning: pin is off track in the region (45.0540 22.0230) (45.0880 22.2900) on layer M1. (ZRT-761)
Warning: pin is off track in the region (44.0900 21.9420) (44.1280 22.2820) on layer M1. (ZRT-761)
Warning: pin is off track in the region (44.0120 22.5990) (44.0580 22.7500) on layer M1. (ZRT-761)
Warning: pin is off track in the region (44.3880 22.5100) (44.4220 22.7770) on layer M1. (ZRT-761)
Warning: pin is off track in the region (45.4180 23.2500) (45.4640 23.4010) on layer M1. (ZRT-761)
Warning: pin is off track in the region (45.7940 23.2230) (45.8280 23.4900) on layer M1. (ZRT-761)
Warning: pin is off track in the region (44.8300 23.1420) (44.8680 23.4820) on layer M1. (ZRT-761)
Warning: pin is off track in the region (46.2320 20.8500) (46.2780 21.0010) on layer M1. (ZRT-761)
Warning: pin is off track in the region (46.6080 20.8230) (46.6420 21.0900) on layer M1. (ZRT-761)
Warning: pin is off track in the region (45.6440 20.7420) (45.6820 21.0820) on layer M1. (ZRT-761)
Warning: pin is off track in the region (50.0860 23.1120) (50.1200 23.5160) on layer M1. (ZRT-761)
Warning: pin is off track in the region (50.5300 21.9120) (50.5640 22.3160) on layer M1. (ZRT-761)
Warning: pin is off track in the region (50.5300 21.2840) (50.5640 21.6880) on layer M1. (ZRT-761)
Warning: pin is off track in the region (50.5300 19.5120) (50.5640 19.9160) on layer M1. (ZRT-761)
Warning: pin is off track in the region (51.5660 20.0840) (51.6000 20.4880) on layer M1. (ZRT-761)
Warning: pin is off track in the region (52.6760 20.7120) (52.7100 21.1160) on layer M1. (ZRT-761)
Warning: pin is off track in the region (52.6760 21.2840) (52.7100 21.6880) on layer M1. (ZRT-761)
Warning: pin is off track in the region (52.6760 21.9120) (52.7100 22.3160) on layer M1. (ZRT-761)
Warning: pin is off track in the region (52.2320 23.1120) (52.2660 23.5160) on layer M1. (ZRT-761)
Warning: pin is off track in the region (49.4200 22.4910) (49.4540 22.7920) on layer M1. (ZRT-761)
Warning: pin is off track in the region (49.1220 22.5230) (49.1600 22.8770) on layer M1. (ZRT-761)
Warning: pin is off track in the region (50.5300 20.7120) (50.5640 21.1160) on layer M1. (ZRT-761)
Warning: pin is off track in the region (47.9400 26.7120) (47.9740 27.1160) on layer M1. (ZRT-761)
Warning: pin is off track in the region (48.4580 24.3120) (48.4920 24.7160) on layer M1. (ZRT-761)
Warning: pin is off track in the region (44.6840 26.1590) (44.7180 26.4190) on layer M1. (ZRT-761)
Warning: pin is off track in the region (44.7580 26.0890) (44.7920 26.4890) on layer M1. (ZRT-761)
Warning: pin is off track in the region (45.7200 26.7120) (45.7540 27.1160) on layer M1. (ZRT-761)
Warning: pin is off track in the region (45.0540 25.5650) (45.0880 25.8370) on layer M1. (ZRT-761)
Warning: pin is off track in the region (45.6320 25.5120) (45.6940 25.8880) on layer M1. (ZRT-761)
Warning: pin is off track in the region (46.5280 23.7990) (46.5740 23.9500) on layer M1. (ZRT-761)
Warning: pin is off track in the region (46.9040 23.7100) (46.9380 23.9770) on layer M1. (ZRT-761)
Warning: pin is off track in the region (45.9400 23.7180) (45.9780 24.0580) on layer M1. (ZRT-761)
Warning: pin is off track in the region (46.5280 25.6500) (46.5740 25.8010) on layer M1. (ZRT-761)
Warning: pin is off track in the region (46.9040 25.6230) (46.9380 25.8900) on layer M1. (ZRT-761)
Warning: pin is off track in the region (45.9400 25.5420) (45.9780 25.8820) on layer M1. (ZRT-761)
Warning: pin is off track in the region (44.0860 24.9990) (44.1320 25.1500) on layer M1. (ZRT-761)
Warning: pin is off track in the region (44.4620 24.9100) (44.4960 25.1770) on layer M1. (ZRT-761)
Warning: pin is off track in the region (44.4560 25.6500) (44.5020 25.8010) on layer M1. (ZRT-761)
Warning: pin is off track in the region (44.8320 25.6230) (44.8660 25.8900) on layer M1. (ZRT-761)
Warning: pin is off track in the region (43.8680 25.5420) (43.9060 25.8820) on layer M1. (ZRT-761)
Warning: pin is off track in the region (47.3420 26.1990) (47.3880 26.3500) on layer M1. (ZRT-761)
Warning: pin is off track in the region (47.7180 26.1100) (47.7520 26.3770) on layer M1. (ZRT-761)
Warning: pin is off track in the region (46.7540 26.1180) (46.7920 26.4580) on layer M1. (ZRT-761)
Warning: pin is off track in the region (44.0860 26.1990) (44.1320 26.3500) on layer M1. (ZRT-761)
Warning: pin is off track in the region (44.4620 26.1100) (44.4960 26.3770) on layer M1. (ZRT-761)
Warning: pin is off track in the region (44.3820 24.4500) (44.4280 24.6010) on layer M1. (ZRT-761)
Warning: pin is off track in the region (44.7580 24.4230) (44.7920 24.6900) on layer M1. (ZRT-761)
Warning: pin is off track in the region (43.7940 24.3420) (43.8320 24.6820) on layer M1. (ZRT-761)
Warning: pin is off track in the region (45.6400 24.4500) (45.6860 24.6010) on layer M1. (ZRT-761)
Warning: pin is off track in the region (46.0160 24.4230) (46.0500 24.6900) on layer M1. (ZRT-761)
Warning: pin is off track in the region (45.0520 24.3420) (45.0900 24.6820) on layer M1. (ZRT-761)
Warning: pin is off track in the region (46.9720 24.9990) (47.0180 25.1500) on layer M1. (ZRT-761)
Warning: pin is off track in the region (47.3480 24.9100) (47.3820 25.1770) on layer M1. (ZRT-761)
Warning: pin is off track in the region (46.3840 24.9180) (46.4220 25.2580) on layer M1. (ZRT-761)
Warning: pin is off track in the region (49.5680 24.8840) (49.6020 25.2880) on layer M1. (ZRT-761)
Warning: pin is off track in the region (49.5680 23.6840) (49.6020 24.0880) on layer M1. (ZRT-761)
Warning: pin is off track in the region (52.6760 25.5120) (52.7100 25.9160) on layer M1. (ZRT-761)
Warning: pin is off track in the region (52.6760 26.0840) (52.7100 26.4880) on layer M1. (ZRT-761)
Warning: pin is off track in the region (52.6760 26.7120) (52.7100 27.1160) on layer M1. (ZRT-761)
Warning: pin is off track in the region (50.5300 25.5120) (50.5640 25.9160) on layer M1. (ZRT-761)
Warning: pin is off track in the region (50.5300 26.7120) (50.5640 27.1160) on layer M1. (ZRT-761)
Warning: pin is off track in the region (50.2340 26.0840) (50.2680 26.4880) on layer M1. (ZRT-761)
Warning: pin is off track in the region (49.7860 23.8990) (49.8280 24.1070) on layer M1. (ZRT-761)
Warning: pin is off track in the region (49.8640 23.7890) (49.8980 24.0350) on layer M1. (ZRT-761)
Warning: pin is off track in the region (50.9000 23.7230) (50.9340 24.0770) on layer M1. (ZRT-761)
Warning: pin is off track in the region (50.5300 24.3420) (50.5640 24.6820) on layer M1. (ZRT-761)
Warning: pin is off track in the region (51.2700 24.3020) (51.3040 24.6980) on layer M1. (ZRT-761)
Warning: pin is off track in the region (48.0140 25.5650) (48.0480 25.8370) on layer M1. (ZRT-761)
Warning: pin is off track in the region (48.1620 25.5230) (48.1960 25.7260) on layer M1. (ZRT-761)
Warning: pin is off track in the region (49.7160 24.3650) (49.7500 24.6370) on layer M1. (ZRT-761)
Warning: pin is off track in the region (49.8640 24.3230) (49.8980 24.5260) on layer M1. (ZRT-761)
Warning: pin is off track in the region (44.8320 27.9120) (44.8660 28.3160) on layer M1. (ZRT-761)
Warning: pin is off track in the region (44.8320 30.8840) (44.8660 31.2880) on layer M1. (ZRT-761)
Warning: pin is off track in the region (44.8320 28.4840) (44.8660 28.8880) on layer M1. (ZRT-761)
Warning: pin is off track in the region (48.6060 30.3120) (48.6400 30.7160) on layer M1. (ZRT-761)
Warning: pin is off track in the region (48.3840 30.8840) (48.4180 31.2880) on layer M1. (ZRT-761)
Warning: pin is off track in the region (48.5320 29.6840) (48.5660 30.0880) on layer M1. (ZRT-761)
Warning: pin is off track in the region (46.7560 27.3630) (46.7900 27.6350) on layer M1. (ZRT-761)
Warning: pin is off track in the region (46.9040 27.4740) (46.9380 27.6770) on layer M1. (ZRT-761)
Warning: pin is off track in the region (44.7580 29.7020) (44.7920 29.9770) on layer M1. (ZRT-761)
Warning: pin is off track in the region (44.8320 29.7210) (44.8660 29.9810) on layer M1. (ZRT-761)
Warning: pin is off track in the region (46.0160 28.5590) (46.0500 28.8190) on layer M1. (ZRT-761)
Warning: pin is off track in the region (45.9420 28.4890) (45.9760 28.8890) on layer M1. (ZRT-761)
Warning: pin is off track in the region (44.4620 30.3810) (44.4960 30.6410) on layer M1. (ZRT-761)
Warning: pin is off track in the region (44.3880 30.3110) (44.4220 30.7110) on layer M1. (ZRT-761)
Warning: pin is off track in the region (43.6480 29.7590) (43.6820 30.0190) on layer M1. (ZRT-761)
Warning: pin is off track in the region (48.9020 28.4840) (48.9360 28.8880) on layer M1. (ZRT-761)
Warning: pin is off track in the region (46.9040 27.9810) (46.9380 28.2410) on layer M1. (ZRT-761)
Warning: pin is off track in the region (46.9780 27.9110) (47.0120 28.3110) on layer M1. (ZRT-761)
Warning: pin is off track in the region (43.7960 30.3810) (43.8300 30.6410) on layer M1. (ZRT-761)
Warning: pin is off track in the region (43.8700 30.3110) (43.9040 30.7110) on layer M1. (ZRT-761)
Warning: pin is off track in the region (45.7200 27.9630) (45.7540 28.2370) on layer M1. (ZRT-761)
Warning: pin is off track in the region (45.6460 27.8930) (45.6800 28.2980) on layer M1. (ZRT-761)
Warning: pin is off track in the region (46.6080 29.1810) (46.6420 29.4410) on layer M1. (ZRT-761)
Warning: pin is off track in the region (46.6820 29.1110) (46.7160 29.5110) on layer M1. (ZRT-761)
Warning: pin is off track in the region (46.1640 30.4440) (46.1980 30.6230) on layer M1. (ZRT-761)
Warning: pin is off track in the region (46.2380 30.3120) (46.2720 30.6010) on layer M1. (ZRT-761)
Warning: pin is off track in the region (46.3120 30.3820) (46.3460 30.6320) on layer M1. (ZRT-761)
Warning: pin is off track in the region (46.0900 30.4460) (46.1240 30.6240) on layer M1. (ZRT-761)
Warning: pin is off track in the region (45.7180 30.3410) (45.7560 30.6810) on layer M1. (ZRT-761)
Warning: pin is off track in the region (46.6820 28.5020) (46.7160 28.7770) on layer M1. (ZRT-761)
Warning: pin is off track in the region (46.7560 28.5210) (46.7900 28.7810) on layer M1. (ZRT-761)
Warning: pin is off track in the region (46.0900 29.1860) (46.1240 29.3780) on layer M1. (ZRT-761)
Warning: pin is off track in the region (46.1640 29.2230) (46.1980 29.4010) on layer M1. (ZRT-761)
Warning: pin is off track in the region (46.0160 29.2230) (46.0500 29.4010) on layer M1. (ZRT-761)
Warning: pin is off track in the region (46.5340 27.3630) (46.5680 27.6350) on layer M1. (ZRT-761)
Warning: pin is off track in the region (46.3860 27.4740) (46.4200 27.6770) on layer M1. (ZRT-761)
Warning: pin is off track in the region (43.9440 29.8220) (43.9780 30.0140) on layer M1. (ZRT-761)
Warning: pin is off track in the region (43.8700 29.7990) (43.9040 29.9770) on layer M1. (ZRT-761)
Warning: pin is off track in the region (44.0180 29.7990) (44.0520 29.9770) on layer M1. (ZRT-761)
Warning: pin is off track in the region (45.0540 27.9810) (45.0880 28.2410) on layer M1. (ZRT-761)
Warning: pin is off track in the region (45.1280 27.9110) (45.1620 28.3110) on layer M1. (ZRT-761)
Warning: pin is off track in the region (45.9420 27.3630) (45.9760 27.6350) on layer M1. (ZRT-761)
Warning: pin is off track in the region (46.0900 27.4740) (46.1240 27.6770) on layer M1. (ZRT-761)
Warning: pin is off track in the region (44.0900 27.3190) (44.1280 27.6590) on layer M1. (ZRT-761)
Warning: pin is off track in the region (47.6440 27.3630) (47.6780 27.6350) on layer M1. (ZRT-761)
Warning: pin is off track in the region (47.7920 27.4740) (47.8260 27.6770) on layer M1. (ZRT-761)
Warning: pin is off track in the region (52.5280 27.2840) (52.5620 27.6880) on layer M1. (ZRT-761)
Warning: pin is off track in the region (50.5300 29.1120) (50.5640 29.5160) on layer M1. (ZRT-761)
Warning: pin is off track in the region (50.3820 27.2840) (50.4160 27.6880) on layer M1. (ZRT-761)
Warning: pin is off track in the region (50.7520 30.3120) (50.7860 30.7160) on layer M1. (ZRT-761)
Warning: pin is off track in the region (52.6760 30.8840) (52.7100 31.2880) on layer M1. (ZRT-761)
Warning: pin is off track in the region (52.6760 29.6840) (52.7100 30.0880) on layer M1. (ZRT-761)
Warning: pin is off track in the region (52.6760 29.1120) (52.7100 29.5160) on layer M1. (ZRT-761)
Warning: pin is off track in the region (50.8260 27.9120) (50.8600 28.3160) on layer M1. (ZRT-761)
Warning: pin is off track in the region (52.6760 28.4840) (52.7100 28.8880) on layer M1. (ZRT-761)
Warning: pin is off track in the region (50.5300 30.8840) (50.5640 31.2880) on layer M1. (ZRT-761)
Warning: pin is off track in the region (48.3840 29.2080) (48.4180 29.5090) on layer M1. (ZRT-761)
Warning: pin is off track in the region (48.0860 29.1230) (48.1240 29.4770) on layer M1. (ZRT-761)
Warning: pin is off track in the region (47.2740 27.9810) (47.3080 28.2410) on layer M1. (ZRT-761)
Warning: pin is off track in the region (47.3480 27.9110) (47.3820 28.3110) on layer M1. (ZRT-761)
Warning: pin is off track in the region (49.9380 28.5650) (49.9720 28.8350) on layer M1. (ZRT-761)
Warning: pin is off track in the region (49.7900 28.6740) (49.8240 28.8770) on layer M1. (ZRT-761)
Warning: pin is off track in the region (44.3140 32.0840) (44.3480 32.4880) on layer M1. (ZRT-761)
Warning: pin is off track in the region (44.0180 31.5120) (44.0520 31.9160) on layer M1. (ZRT-761)
Warning: pin is off track in the region (48.3100 31.5120) (48.3440 31.9160) on layer M1. (ZRT-761)
Warning: pin is off track in the region (46.1640 31.5120) (46.1980 31.9160) on layer M1. (ZRT-761)
Warning: pin is off track in the region (48.6060 32.7120) (48.6400 33.1160) on layer M1. (ZRT-761)
Warning: pin is off track in the region (46.4560 32.2990) (46.4980 32.5070) on layer M1. (ZRT-761)
Warning: pin is off track in the region (46.5340 32.1890) (46.5680 32.4350) on layer M1. (ZRT-761)
Warning: pin is off track in the region (47.5700 32.1230) (47.6040 32.4770) on layer M1. (ZRT-761)
Warning: pin is off track in the region (46.0900 32.7650) (46.1240 33.0350) on layer M1. (ZRT-761)
Warning: pin is off track in the region (45.9420 32.7230) (45.9760 32.9260) on layer M1. (ZRT-761)
Warning: pin is off track in the region (50.7520 32.7120) (50.7860 33.1160) on layer M1. (ZRT-761)
Warning: pin is off track in the region (52.6760 32.0840) (52.7100 32.4880) on layer M1. (ZRT-761)
Warning: pin is off track in the region (50.6780 31.5120) (50.7120 31.9160) on layer M1. (ZRT-761)

>>>>>> found 2523 off track pins

====================================================
== Check for the Cut Metal not on Preferred Grid ==
====================================================

============================================
==  Check for overlap of standard cells   ==
============================================

>>>>>> No overlap of standard cells found

============================================
==     Check for min-grid violations      ==
============================================

  >>>> No Library min-grid violations found

  >>>> No Design min-grid violations found

>>>>>> No min-grid violations found


============================================
==    Check for out-of-boundary ports     ==
============================================

>>>>>> No out-of-boundary error found

============================================
==        Check for blocked ports         ==
============================================

>>>>>> Port might be blocked by layer constraints - min/max and freeze layer settings

>>>>>> Port might be blocked by check port access

>>>>>> No blocked ports found

>>>>>> Net blocked by layer constraints - min/max and freeze layer settings

>>>>>> No blocked nets found

============================================
==     Check for shielding violations     ==
============================================

>>>>>> The following Non-PG net has a shape with shape_use shield_route

>>> No non-PG net has a shape with shape_use shield_route.

>>>>>> The following PG net has shape with shape_use detail_route and shape length is too long.

>>> No PG net has shape with shape_use detail_route and shape length is too long.

>>>>>> The following nets with shield non-default rule has no internal data representation in Zroute.

>>> No nets with shield non-default rule has no internal data representation in Zroute.


>>> No valid P/G net specified in route.common.shielding_nets.

============================================
==     Check for via cut blockage violation   ==
============================================

>>>>>> The following via cut blockages are wrongly treated as real vias.

>>> No via cut blockage is wrongly treated as real via.

============================================
==     Check for custom via definition    ==
============================================

>>> No custom via definition has too many cuts

============================================
==          Check for via master          ==
============================================

>>> The total number of via master definition is 263

===============================================
==     Check non-default rule setting        ==
===============================================

>>> No NDR width is larger than signalRouteMaxWidth

>>> No NDR shield width is larger than signalRouteMaxWidth

======================================================
==     Check redundant duplicated PG shapes         ==
======================================================

>>> No redundant duplicated PG shapes overlap with each other.

=========================================================
==     Check for shapes with no net  ==
=========================================================

>>> No shape with no net.

=========================================================
==     Check for high fanout net  ==
=========================================================

>>> No high fanout net.

===========================================================
==     Check library cell has non-routing layer pins     ==
===========================================================

>>> No cell has non-routing layer pins to be connected.

============================================
==     Check over promoted nets           ==
============================================

>>> No over promoted nets.

End of check_routability
rtapiOptAttrInterf: set attribute check_routability_called=1750251114 
# Global routing
route_global
Information: Forcing rerun of global router after global_route_opt due to app option route.global.force_rerun_after_global_route_opt being set. (ZRT-608)
Generating Timing information  
Information: Timer using 12 threads
Information: RDE mode is turned on. (TIM-124)
Information: Corner Typical: no PVT mismatches. (PVT-032)
Information: Corner Fast: no PVT mismatches. (PVT-032)
Information: Corner Slow: no PVT mismatches. (PVT-032)
Information: The stitching and editing of coupling caps is turned OFF for design 'dut_toplevel.dlib:dut_toplevel/routing.design'. (TIM-125)
Information: Design dut_toplevel has 1675 nets, 0 global routed, 26 detail routed. (NEX-024)
Information: The RC mode used is CTO(RDE) for design 'dut_toplevel'. (NEX-022)
Information: Update timing completed net estimation for all the timing graph nets (TIM-111)
Information: Net estimation statistics: timing graph nets = 1673, routed nets = 26, across physical hierarchy nets = 0, parasitics cached nets = 1673, delay annotated nets = 0, parasitics annotated nets = 0, multi-voltage nets = 0. (TIM-112)
************************************************************
Timer Settings:
Delay Calculation Style:                   auto
Signal Integrity Analysis:                 disabled
Timing Window Analysis:                    disabled
Advanced Waveform Propagation:             disabled
Variation Type:                            fixed_derate
Clock Reconvergence Pessimism Removal:     disabled
Advanced Receiver Model:                   disabled
LLE:                                       disabled
ML Acceleration:                           off
************************************************************
Design  Scenario Normal_Fast (Mode Normal Corner Fast)
Generating Timing information  ... Done
Information: The net parasitics of block dut_toplevel are cleared. (TIM-123)
[End of Generating Timing Information] Elapsed real time: 0:00:00 
[End of Generating Timing Information] Elapsed cpu  time: sys=0:00:02 usr=0:00:05 total=0:00:07
No cell change area manager for zroute
Start Global Route ... 
[Init] Elapsed real time: 0:00:00 
[Init] Elapsed cpu  time: sys=0:00:00 usr=0:00:00 total=0:00:00
[Init] Stage (MB): Used    0  Alloctr    0  Proc    0 
[Init] Total (MB): Used    7  Alloctr    8  Proc 5931 
Info: route.global.delay_based_route_rejection is 16.
Printing options for 'route.common.*'
common.via_on_grid_by_layer_name                        :	 {VIA1 false} {VIA2 true}
common.wire_on_grid_by_layer_name                       :	 {M1 true} {M2 true} {M3 true}

Printing options for 'route.global.*'
global.force_rerun_after_global_route_opt               :	 true                
global.timing_driven                                    :	 true                

Begin global routing.
Cell Min-Routing-Layer = M1
Cell Max-Routing-Layer = M7
Turn off antenna since no rule is specified
Information: Option route.detail.force_end_on_preferred_grid will be ignored since none of the layers have preferred grid. (ZRT-703)
Skipping 3 internal pins that are not physical. Set route.common.verbose_level to > 0 and run routing command to get skipped pin names.
Info: number of net_type_blockage: 1 
Information: Via ladder engine would be activated for pattern must join connection in certain commands. Please refer to man-page for the command list. (ZRT-619)
Via on layer (VIA1) needs more than one tracks
Warning: Layer M1 default pitch 0.074 may be too small to handle up/down via. Note, that minimum requirements are "wire/via-down 0.074" & "wire/via-up 0.078". (ZRT-026)
Via on layer (VIA1) needs more than one tracks
Warning: Layer M2 default pitch 0.060 may be too small to handle up/down via. Note, that minimum requirements are "wire/via-down 0.078" & "wire/via-up 0.060". (ZRT-026)
Via on layer (VIA4) needs more than one tracks
Warning: Layer M5 default pitch 0.100 may be too small to handle up/down via. Note, that minimum requirements are "wire/via-down 0.125" & "wire/via-up 0.100". (ZRT-026)
Via on layer (VIA7) needs more than one tracks
Warning: Layer M7 default pitch 0.100 may be too small to handle up/down via. Note, that minimum requirements are "wire/via-down 0.100" & "wire/via-up 0.107". (ZRT-026)
Wire on layer (M8) needs more than one tracks
Via on layer (VIA7) needs more than one tracks
Via on layer (VIA8) needs more than one tracks
Warning: Layer M8 default pitch 0.100 may be too small to handle up/down via. Note, that minimum requirements are "wire/via-down 0.107" & "wire/via-up 0.135". (ZRT-026)
Wire on layer (M9) needs more than one tracks
Via on layer (VIA8) needs more than one tracks
Via on layer (VIARDL) needs more than one tracks
Warning: Layer M9 default pitch 0.100 may be too small to handle up/down via. Note, that minimum requirements are "wire/via-down 0.135" & "wire/via-up 1.570". (ZRT-026)
Via on layer (VIARDL) needs more than one tracks
Warning: Layer MRDL default pitch 4.000 may be too small to handle up/down via. Note, that minimum requirements are "wire/via-down 4.500" & "wire/via-up 4.000". (ZRT-026)
Information: When applicable Min-max layer allow_pin_connection mode will allow paths of length 0.90 outside the layer range. (ZRT-707)
Information: When applicable Min-max layer allow_pin_connection mode will allow paths of length 0.90 outside the layer range on clock nets. (ZRT-718)
Information: When applicable layer based tapering will taper up to 0.00 in distance from the pin. (ZRT-706)
Warning: Standard cell pin SAEDRVT14_EO2_V1_0P75/A1 has no valid via regions. (ZRT-044)
Warning: Standard cell pin SAEDRVT14_ADDH_0P5/CO has no valid via regions. (ZRT-044)
Current Stage stats:
[End of Read DB] Elapsed real time: 0:00:00 
[End of Read DB] Elapsed cpu  time: sys=0:00:00 usr=0:00:00 total=0:00:00
[End of Read DB] Stage (MB): Used   36  Alloctr   37  Proc  -32 
[End of Read DB] Total (MB): Used   43  Alloctr   44  Proc 5899 
Info: route.global.delay_based_route_rejection is 16.
Loading timing information to the router from design
Timing information loaded to the router.
[End of Loading Timing] Elapsed real time: 0:00:00 
[End of Loading Timing] Elapsed cpu  time: sys=0:00:00 usr=0:00:00 total=0:00:00
Constructing data structure ...
Design statistics:
Design Bounding Box (0.00um,0.00um,58.10um,38.80um)
Number of routing layers = 10
layer M1, dir Ver, min width = 0.034um, min space = 0.026um pitch = 0.074um
layer M2, dir Hor, min width = 0.034um, min space = 0.026um pitch = 0.06um
layer M3, dir Ver, min width = 0.034um, min space = 0.026um pitch = 0.074um
layer M4, dir Hor, min width = 0.06um, min space = 0.04um pitch = 0.1um
layer M5, dir Ver, min width = 0.06um, min space = 0.04um pitch = 0.1um
layer M6, dir Hor, min width = 0.06um, min space = 0.04um pitch = 0.1um
layer M7, dir Ver, min width = 0.06um, min space = 0.04um pitch = 0.1um
layer M8, dir Hor, min width = 0.06um, min space = 0.04um pitch = 0.1um
layer M9, dir Ver, min width = 0.06um, min space = 0.04um pitch = 0.1um
layer MRDL, dir Hor, min width = 2um, min space = 2um pitch = 4um
Current Stage stats:
[End of Build Tech Data] Elapsed real time: 0:00:00 
[End of Build Tech Data] Elapsed cpu  time: sys=0:00:00 usr=0:00:00 total=0:00:00
[End of Build Tech Data] Stage (MB): Used    1  Alloctr    1  Proc    0 
[End of Build Tech Data] Total (MB): Used   45  Alloctr   46  Proc 5899 
Net statistics:
Total number of nets     = 1675
Number of nets to route  = 1662
Number of nets with min-layer-mode soft = 26
Number of nets with min-layer-mode soft-cost-medium = 26
Number of nets with max-layer-mode hard = 26
15 nets are partially connected,
 of which 15 are detail routed and 0 are global routed.
13 nets are fully connected,
 of which 13 are detail routed and 0 are global routed.
26 nets have non-default rule ClkNDR
	 26 non-user-specified nets, 26 non-user-specified clock nets, 0 user-specified nets
Net length statistics: 
Net Count(Ignore Fully Rted) 1662, Total Half Perimeter Wire Length (HPWL) 11456 microns
HPWL   0 ~   50 microns: Net Count     1659	Total HPWL        11277 microns
HPWL  50 ~  100 microns: Net Count        3	Total HPWL          178 microns
HPWL 100 ~  200 microns: Net Count        0	Total HPWL            0 microns
HPWL 200 ~  300 microns: Net Count        0	Total HPWL            0 microns
HPWL 300 ~  400 microns: Net Count        0	Total HPWL            0 microns
HPWL 400 ~  500 microns: Net Count        0	Total HPWL            0 microns
HPWL 500 ~  600 microns: Net Count        0	Total HPWL            0 microns
HPWL 600 ~  700 microns: Net Count        0	Total HPWL            0 microns
HPWL 700 ~  800 microns: Net Count        0	Total HPWL            0 microns
HPWL 800 ~  900 microns: Net Count        0	Total HPWL            0 microns
HPWL 900 ~ 1000 microns: Net Count        0	Total HPWL            0 microns
HPWL     > 1000 microns: Net Count        0	Total HPWL            0 microns
Current Stage stats:
[End of Build All Nets] Elapsed real time: 0:00:00 
[End of Build All Nets] Elapsed cpu  time: sys=0:00:00 usr=0:00:00 total=0:00:00
[End of Build All Nets] Stage (MB): Used    1  Alloctr    1  Proc    0 
[End of Build All Nets] Total (MB): Used   46  Alloctr   48  Proc 5899 
Number of partitions: 1 (1 x 1)
Size of partitions: 96 gCells x 64 gCells
Average gCell capacity  3.06	 on layer (1)	 M1
Average gCell capacity  8.39	 on layer (2)	 M2
Average gCell capacity  7.35	 on layer (3)	 M3
Average gCell capacity  5.50	 on layer (4)	 M4
Average gCell capacity  5.40	 on layer (5)	 M5
Average gCell capacity  4.56	 on layer (6)	 M6
Average gCell capacity  4.74	 on layer (7)	 M7
Average gCell capacity  6.05	 on layer (8)	 M8
Average gCell capacity  0.00	 on layer (9)	 M9
Average gCell capacity  0.00	 on layer (10)	 MRDL
Average number of tracks per gCell 8.19	 on layer (1)	 M1
Average number of tracks per gCell 10.12	 on layer (2)	 M2
Average number of tracks per gCell 8.19	 on layer (3)	 M3
Average number of tracks per gCell 6.08	 on layer (4)	 M4
Average number of tracks per gCell 6.06	 on layer (5)	 M5
Average number of tracks per gCell 6.08	 on layer (6)	 M6
Average number of tracks per gCell 6.06	 on layer (7)	 M7
Average number of tracks per gCell 6.08	 on layer (8)	 M8
Average number of tracks per gCell 6.06	 on layer (9)	 M9
Average number of tracks per gCell 0.16	 on layer (10)	 MRDL
Number of gCells = 61440
Current Stage stats:
[End of Build Congestion Map] Elapsed real time: 0:00:00 
[End of Build Congestion Map] Elapsed cpu  time: sys=0:00:00 usr=0:00:00 total=0:00:00
[End of Build Congestion Map] Stage (MB): Used    1  Alloctr    1  Proc    0 
[End of Build Congestion Map] Total (MB): Used   48  Alloctr   50  Proc 5899 
Number of partitions: 1 (1 x 1)
Size of partitions: 96 gCells x 64 gCells
Current Stage stats:
[End of Add Nets Demand] Elapsed real time: 0:00:00 
[End of Add Nets Demand] Elapsed cpu  time: sys=0:00:00 usr=0:00:00 total=0:00:00
[End of Add Nets Demand] Stage (MB): Used    0  Alloctr    0  Proc    0 
[End of Add Nets Demand] Total (MB): Used   48  Alloctr   50  Proc 5899 
Number of user frozen nets = 0
Timing criticality report: total 374 (22.33)% critical nets.
   Number of criticality 1 nets = 374 (22.33)%
Information: RC layer preference is turned on for this design. (ZRT-613)
Total stats:
[End of Build Data] Elapsed real time: 0:00:00 
[End of Build Data] Elapsed cpu  time: sys=0:00:00 usr=0:00:00 total=0:00:00
[End of Build Data] Stage (MB): Used    5  Alloctr    5  Proc    0 
[End of Build Data] Total (MB): Used   48  Alloctr   50  Proc 5899 
Number of partitions: 1 (1 x 1)
Size of partitions: 96 gCells x 64 gCells
Current Stage stats:
[End of Blocked Pin Detection] Elapsed real time: 0:00:00 
[End of Blocked Pin Detection] Elapsed cpu  time: sys=0:00:00 usr=0:00:00 total=0:00:00
[End of Blocked Pin Detection] Stage (MB): Used  176  Alloctr  176  Proc    0 
[End of Blocked Pin Detection] Total (MB): Used  224  Alloctr  226  Proc 5899 
Information: Using 12 threads for routing. (ZRT-444)
Information: Multiple gcell levels ON
Information: Buffer distance is estimated to be ~271.0000um (451 gCells)

Start GR phase 0
Number of partitions: 1 (1 x 1)
Size of partitions: 96 gCells x 64 gCells
[rtAllBotParts] Elapsed real time: 0:00:00 
[rtAllBotParts] Elapsed cpu  time: sys=0:00:00 usr=0:00:00 total=0:00:00
[rtTop] Elapsed real time: 0:00:00 
[rtTop] Elapsed cpu  time: sys=0:00:00 usr=0:00:00 total=0:00:00
Current Stage stats:
[End of Initial Routing] Elapsed real time: 0:00:00 
[End of Initial Routing] Elapsed cpu  time: sys=0:00:00 usr=0:00:00 total=0:00:00
[End of Initial Routing] Stage (MB): Used    1  Alloctr    1  Proc    0 
[End of Initial Routing] Total (MB): Used  225  Alloctr  227  Proc 5899 
Initial. Routing result:
Initial. Both Dirs: Dmd-Cap  =     0 Max = 0 GRCs =     0 (0.00%)
Initial. H routing: Dmd-Cap  =     0 Max = 0 (GRCs =  0) GRCs =     0 (0.00%)
Initial. V routing: Dmd-Cap  =     0 Max = 0 (GRCs =  0) GRCs =     0 (0.00%)
Initial. Both Dirs: Overflow =   145 Max = 4 GRCs =   164 (1.33%)
Initial. H routing: Overflow =    42 Max = 4 (GRCs =  1) GRCs =    45 (0.73%)
Initial. V routing: Overflow =   102 Max = 4 (GRCs =  1) GRCs =   119 (1.94%)
Initial. M1         Overflow =     0 Max = 0 (GRCs =  0) GRCs =     0 (0.00%)
Initial. M2         Overflow =    41 Max = 4 (GRCs =  1) GRCs =    41 (0.67%)
Initial. M3         Overflow =   102 Max = 4 (GRCs =  1) GRCs =   119 (1.94%)
Initial. M4         Overflow =     1 Max = 1 (GRCs =  2) GRCs =     2 (0.03%)
Initial. M5         Overflow =     0 Max = 0 (GRCs =  0) GRCs =     0 (0.00%)
Initial. M6         Overflow =     0 Max = 1 (GRCs =  2) GRCs =     2 (0.03%)
Initial. M7         Overflow =     0 Max = 0 (GRCs =  0) GRCs =     0 (0.00%)
Initial. M8         Overflow =     0 Max = 0 (GRCs =  0) GRCs =     0 (0.00%)
Initial. M9         Overflow =     0 Max = 0 (GRCs =  0) GRCs =     0 (0.00%)
Initial. MRDL       Overflow =     0 Max = 0 (GRCs =  0) GRCs =     0 (0.00%)


Density distribution:
Layer    0.0  0.1  0.2  0.3  0.4  0.5  0.6  0.7  0.8  0.9  1.0  1.1  1.2  > 1.2 
M1       100. 0.00 0.00 0.00 0.00 0.00 0.00 0.00 0.00 0.00 0.00 0.00 0.00 0.00
M2       42.0 21.3 6.51 11.8 2.20 6.02 4.51 2.57 1.38 0.33 0.98 0.16 0.03 0.10
M3       31.8 19.9 8.66 11.1 1.60 9.85 7.54 2.93 3.16 0.00 2.47 0.05 0.31 0.46
M4       52.4 31.8 0.34 11.7 0.00 2.59 0.75 0.00 0.02 0.00 0.18 0.00 0.00 0.02
M5       80.4 10.8 1.37 6.20 0.00 0.98 0.07 0.00 0.00 0.00 0.07 0.00 0.00 0.00
M6       91.7 7.52 0.11 0.62 0.00 0.00 0.00 0.00 0.00 0.00 0.03 0.00 0.00 0.00
M7       99.9 0.00 0.02 0.02 0.00 0.00 0.00 0.00 0.00 0.00 0.00 0.00 0.00 0.00
M8       100. 0.00 0.00 0.00 0.00 0.00 0.00 0.00 0.00 0.00 0.00 0.00 0.00 0.00
M9       100. 0.00 0.00 0.00 0.00 0.00 0.00 0.00 0.00 0.00 0.00 0.00 0.00 0.00
MRDL     100. 0.00 0.00 0.00 0.00 0.00 0.00 0.00 0.00 0.00 0.00 0.00 0.00 0.00
Total    79.5 9.29 1.73 4.23 0.38 1.97 1.30 0.56 0.46 0.03 0.38 0.02 0.03 0.06


Initial. Total Wire Length = 10849.97
Initial. Layer M1 wire length = 0.00
Initial. Layer M2 wire length = 3621.52
Initial. Layer M3 wire length = 4186.97
Initial. Layer M4 wire length = 1998.26
Initial. Layer M5 wire length = 749.11
Initial. Layer M6 wire length = 294.11
Initial. Layer M7 wire length = 0.00
Initial. Layer M8 wire length = 0.00
Initial. Layer M9 wire length = 0.00
Initial. Layer MRDL wire length = 0.00
Initial. Total Number of Contacts = 8531
Initial. Via VIA1_Base count = 2867
Initial. Via VIA2_Base count = 4903
Initial. Via VIA34SQ_C count = 557
Initial. Via VIA4SQ count = 170
Initial. Via VIA5SQ_C count = 34
Initial. Via VIA67SQ_C count = 0
Initial. Via VIA78SQ_C count = 0
Initial. Via VIA89_C count = 0
Initial. Via VIA9RDL count = 0
Initial. completed.

Start GR phase 1
Wed Jun 18 14:51:56 2025
Number of partitions: 1 (1 x 1)
Size of partitions: 96 gCells x 64 gCells
[rtAllParts] Elapsed real time: 0:00:00 
[rtAllParts] Elapsed cpu  time: sys=0:00:00 usr=0:00:00 total=0:00:00
Current Stage stats:
[End of Phase1 Routing] Elapsed real time: 0:00:00 
[End of Phase1 Routing] Elapsed cpu  time: sys=0:00:00 usr=0:00:00 total=0:00:00
[End of Phase1 Routing] Stage (MB): Used    0  Alloctr    0  Proc    0 
[End of Phase1 Routing] Total (MB): Used  225  Alloctr  227  Proc 5899 
phase1. Routing result:
phase1. Both Dirs: Dmd-Cap  =     0 Max = 0 GRCs =     0 (0.00%)
phase1. H routing: Dmd-Cap  =     0 Max = 0 (GRCs =  0) GRCs =     0 (0.00%)
phase1. V routing: Dmd-Cap  =     0 Max = 0 (GRCs =  0) GRCs =     0 (0.00%)
phase1. Both Dirs: Overflow =    93 Max = 5 GRCs =   101 (0.82%)
phase1. H routing: Overflow =    35 Max = 5 (GRCs =  1) GRCs =    26 (0.42%)
phase1. V routing: Overflow =    58 Max = 3 (GRCs =  2) GRCs =    75 (1.22%)
phase1. M1         Overflow =     0 Max = 0 (GRCs =  0) GRCs =     0 (0.00%)
phase1. M2         Overflow =    34 Max = 5 (GRCs =  1) GRCs =    22 (0.36%)
phase1. M3         Overflow =    58 Max = 3 (GRCs =  2) GRCs =    75 (1.22%)
phase1. M4         Overflow =     1 Max = 1 (GRCs =  2) GRCs =     2 (0.03%)
phase1. M5         Overflow =     0 Max = 0 (GRCs =  0) GRCs =     0 (0.00%)
phase1. M6         Overflow =     0 Max = 1 (GRCs =  2) GRCs =     2 (0.03%)
phase1. M7         Overflow =     0 Max = 0 (GRCs =  0) GRCs =     0 (0.00%)
phase1. M8         Overflow =     0 Max = 0 (GRCs =  0) GRCs =     0 (0.00%)
phase1. M9         Overflow =     0 Max = 0 (GRCs =  0) GRCs =     0 (0.00%)
phase1. MRDL       Overflow =     0 Max = 0 (GRCs =  0) GRCs =     0 (0.00%)


Density distribution:
Layer    0.0  0.1  0.2  0.3  0.4  0.5  0.6  0.7  0.8  0.9  1.0  1.1  1.2  > 1.2 
M1       100. 0.00 0.00 0.00 0.00 0.00 0.00 0.00 0.00 0.00 0.00 0.00 0.00 0.00
M2       42.1 21.2 6.48 12.1 2.21 5.79 4.39 2.73 1.53 0.28 0.76 0.11 0.07 0.07
M3       31.9 19.6 8.81 11.3 1.58 10.1 7.18 3.22 3.58 0.00 2.08 0.00 0.18 0.34
M4       51.7 31.7 0.36 12.3 0.00 2.69 0.94 0.00 0.02 0.00 0.18 0.00 0.00 0.02
M5       79.0 11.9 1.76 6.35 0.00 0.67 0.13 0.00 0.02 0.00 0.07 0.00 0.00 0.00
M6       90.6 8.50 0.15 0.63 0.00 0.00 0.00 0.00 0.00 0.00 0.03 0.00 0.00 0.00
M7       99.0 0.96 0.02 0.02 0.00 0.00 0.00 0.00 0.00 0.00 0.00 0.00 0.00 0.00
M8       100. 0.00 0.00 0.00 0.00 0.00 0.00 0.00 0.00 0.00 0.00 0.00 0.00 0.00
M9       100. 0.00 0.00 0.00 0.00 0.00 0.00 0.00 0.00 0.00 0.00 0.00 0.00 0.00
MRDL     100. 0.00 0.00 0.00 0.00 0.00 0.00 0.00 0.00 0.00 0.00 0.00 0.00 0.00
Total    79.1 9.54 1.78 4.34 0.38 1.96 1.28 0.60 0.52 0.03 0.32 0.01 0.02 0.04


phase1. Total Wire Length = 10868.38
phase1. Layer M1 wire length = 0.00
phase1. Layer M2 wire length = 3574.29
phase1. Layer M3 wire length = 4117.05
phase1. Layer M4 wire length = 2028.55
phase1. Layer M5 wire length = 784.94
phase1. Layer M6 wire length = 328.94
phase1. Layer M7 wire length = 34.60
phase1. Layer M8 wire length = 0.00
phase1. Layer M9 wire length = 0.00
phase1. Layer MRDL wire length = 0.00
phase1. Total Number of Contacts = 8671
phase1. Via VIA1_Base count = 2866
phase1. Via VIA2_Base count = 4903
phase1. Via VIA34SQ_C count = 644
phase1. Via VIA4SQ count = 210
phase1. Via VIA5SQ_C count = 44
phase1. Via VIA67SQ_C count = 4
phase1. Via VIA78SQ_C count = 0
phase1. Via VIA89_C count = 0
phase1. Via VIA9RDL count = 0
phase1. completed.

Start GR phase 2
Wed Jun 18 14:51:56 2025
Number of partitions: 1 (1 x 1)
Size of partitions: 96 gCells x 64 gCells
[rtAllParts] Elapsed real time: 0:00:00 
[rtAllParts] Elapsed cpu  time: sys=0:00:00 usr=0:00:00 total=0:00:00
Number of partitions: 1 (1 x 1)
Size of partitions: 96 gCells x 64 gCells
[updNetsDmd] Elapsed real time: 0:00:00 
[updNetsDmd] Elapsed cpu  time: sys=0:00:00 usr=0:00:00 total=0:00:00
Current Stage stats:
[End of Phase2 Routing] Elapsed real time: 0:00:00 
[End of Phase2 Routing] Elapsed cpu  time: sys=0:00:00 usr=0:00:00 total=0:00:00
[End of Phase2 Routing] Stage (MB): Used    0  Alloctr    0  Proc    0 
[End of Phase2 Routing] Total (MB): Used  225  Alloctr  227  Proc 5899 
phase2. Routing result:
phase2. Both Dirs: Dmd-Cap  =     0 Max = 0 GRCs =     0 (0.00%)
phase2. H routing: Dmd-Cap  =     0 Max = 0 (GRCs =  0) GRCs =     0 (0.00%)
phase2. V routing: Dmd-Cap  =     0 Max = 0 (GRCs =  0) GRCs =     0 (0.00%)
phase2. Both Dirs: Overflow =     0 Max = 1 GRCs =     1 (0.01%)
phase2. H routing: Overflow =     0 Max = 1 (GRCs =  1) GRCs =     1 (0.02%)
phase2. V routing: Overflow =     0 Max = 0 (GRCs =  0) GRCs =     0 (0.00%)
phase2. M1         Overflow =     0 Max = 0 (GRCs =  0) GRCs =     0 (0.00%)
phase2. M2         Overflow =     0 Max = 1 (GRCs =  1) GRCs =     1 (0.02%)
phase2. M3         Overflow =     0 Max = 0 (GRCs =  0) GRCs =     0 (0.00%)
phase2. M4         Overflow =     0 Max = 0 (GRCs =  0) GRCs =     0 (0.00%)
phase2. M5         Overflow =     0 Max = 0 (GRCs =  0) GRCs =     0 (0.00%)
phase2. M6         Overflow =     0 Max = 0 (GRCs =  0) GRCs =     0 (0.00%)
phase2. M7         Overflow =     0 Max = 0 (GRCs =  0) GRCs =     0 (0.00%)
phase2. M8         Overflow =     0 Max = 0 (GRCs =  0) GRCs =     0 (0.00%)
phase2. M9         Overflow =     0 Max = 0 (GRCs =  0) GRCs =     0 (0.00%)
phase2. MRDL       Overflow =     0 Max = 0 (GRCs =  0) GRCs =     0 (0.00%)


Density distribution:
Layer    0.0  0.1  0.2  0.3  0.4  0.5  0.6  0.7  0.8  0.9  1.0  1.1  1.2  > 1.2 
M1       100. 0.00 0.00 0.00 0.00 0.00 0.00 0.00 0.00 0.00 0.00 0.00 0.00 0.00
M2       43.4 23.5 7.01 14.1 2.33 5.40 2.62 0.55 0.18 0.00 0.67 0.00 0.00 0.00
M3       34.9 22.8 10.5 12.9 1.60 9.29 5.14 1.61 0.90 0.00 0.16 0.00 0.00 0.00
M4       53.9 31.7 0.29 11.3 0.00 1.94 0.65 0.00 0.00 0.00 0.05 0.00 0.00 0.00
M5       78.7 12.2 1.69 6.33 0.00 0.73 0.13 0.00 0.02 0.00 0.07 0.00 0.00 0.00
M6       90.6 8.50 0.15 0.63 0.00 0.00 0.00 0.00 0.00 0.00 0.03 0.00 0.00 0.00
M7       99.0 0.96 0.02 0.02 0.00 0.00 0.00 0.00 0.00 0.00 0.00 0.00 0.00 0.00
M8       100. 0.00 0.00 0.00 0.00 0.00 0.00 0.00 0.00 0.00 0.00 0.00 0.00 0.00
M9       100. 0.00 0.00 0.00 0.00 0.00 0.00 0.00 0.00 0.00 0.00 0.00 0.00 0.00
MRDL     100. 0.00 0.00 0.00 0.00 0.00 0.00 0.00 0.00 0.00 0.00 0.00 0.00 0.00
Total    79.8 10.1 2.00 4.61 0.40 1.76 0.87 0.22 0.11 0.00 0.10 0.00 0.00 0.00


phase2. Total Wire Length = 10871.86
phase2. Layer M1 wire length = 0.00
phase2. Layer M2 wire length = 3566.79
phase2. Layer M3 wire length = 4108.05
phase2. Layer M4 wire length = 2038.68
phase2. Layer M5 wire length = 794.79
phase2. Layer M6 wire length = 328.94
phase2. Layer M7 wire length = 34.60
phase2. Layer M8 wire length = 0.00
phase2. Layer M9 wire length = 0.00
phase2. Layer MRDL wire length = 0.00
phase2. Total Number of Contacts = 8700
phase2. Via VIA1_Base count = 2866
phase2. Via VIA2_Base count = 4910
phase2. Via VIA34SQ_C count = 658
phase2. Via VIA4SQ count = 218
phase2. Via VIA5SQ_C count = 44
phase2. Via VIA67SQ_C count = 4
phase2. Via VIA78SQ_C count = 0
phase2. Via VIA89_C count = 0
phase2. Via VIA9RDL count = 0
phase2. completed.
[End of Whole Chip Routing] Elapsed real time: 0:00:00 
[End of Whole Chip Routing] Elapsed cpu  time: sys=0:00:00 usr=0:00:00 total=0:00:00
[End of Whole Chip Routing] Stage (MB): Used  182  Alloctr  182  Proc    0 
[End of Whole Chip Routing] Total (MB): Used  225  Alloctr  227  Proc 5899 

Congestion utilization per direction:
Average vertical track utilization   =  8.72 %
Peak    vertical track utilization   = 55.56 %
Average horizontal track utilization =  8.39 %
Peak    horizontal track utilization = 42.86 %

[End of Global Routing] Elapsed real time: 0:00:00 
[End of Global Routing] Elapsed cpu  time: sys=0:00:00 usr=0:00:00 total=0:00:01
[End of Global Routing] Stage (MB): Used  180  Alloctr  181  Proc    0 
[End of Global Routing] Total (MB): Used  224  Alloctr  226  Proc 5899 
Updating the database ...
Updating congestion ...
Information: Extraction observers are detached as design net change threshold is reached.
[End of dbOut] Elapsed real time: 0:00:00 
[End of dbOut] Elapsed cpu  time: sys=0:00:00 usr=0:00:00 total=0:00:00
[End of dbOut] Stage (MB): Used  -36  Alloctr  -37  Proc    0 
[End of dbOut] Total (MB): Used   36  Alloctr   37  Proc 5899 
rtapiOptAttrInterf: set attribute check_routability_called=1750251116 
# Track assignment and net routing
route_track

Start track assignment

Cell Min-Routing-Layer = M1
Cell Max-Routing-Layer = M7
Turn off antenna since no rule is specified
Information: Option route.detail.force_end_on_preferred_grid will be ignored since none of the layers have preferred grid. (ZRT-703)
Skipping 3 internal pins that are not physical. Set route.common.verbose_level to > 0 and run routing command to get skipped pin names.
Info: number of net_type_blockage: 1 
Information: Via ladder engine would be activated for pattern must join connection in certain commands. Please refer to man-page for the command list. (ZRT-619)
Via on layer (VIA1) needs more than one tracks
Warning: Layer M1 default pitch 0.074 may be too small to handle up/down via. Note, that minimum requirements are "wire/via-down 0.074" & "wire/via-up 0.078". (ZRT-026)
Via on layer (VIA1) needs more than one tracks
Warning: Layer M2 default pitch 0.060 may be too small to handle up/down via. Note, that minimum requirements are "wire/via-down 0.078" & "wire/via-up 0.060". (ZRT-026)
Via on layer (VIA4) needs more than one tracks
Warning: Layer M5 default pitch 0.100 may be too small to handle up/down via. Note, that minimum requirements are "wire/via-down 0.125" & "wire/via-up 0.100". (ZRT-026)
Via on layer (VIA7) needs more than one tracks
Warning: Layer M7 default pitch 0.100 may be too small to handle up/down via. Note, that minimum requirements are "wire/via-down 0.100" & "wire/via-up 0.107". (ZRT-026)
Wire on layer (M8) needs more than one tracks
Via on layer (VIA7) needs more than one tracks
Via on layer (VIA8) needs more than one tracks
Warning: Layer M8 default pitch 0.100 may be too small to handle up/down via. Note, that minimum requirements are "wire/via-down 0.107" & "wire/via-up 0.135". (ZRT-026)
Wire on layer (M9) needs more than one tracks
Via on layer (VIA8) needs more than one tracks
Via on layer (VIARDL) needs more than one tracks
Warning: Layer M9 default pitch 0.100 may be too small to handle up/down via. Note, that minimum requirements are "wire/via-down 0.135" & "wire/via-up 1.570". (ZRT-026)
Via on layer (VIARDL) needs more than one tracks
Warning: Layer MRDL default pitch 4.000 may be too small to handle up/down via. Note, that minimum requirements are "wire/via-down 4.500" & "wire/via-up 4.000". (ZRT-026)
Information: When applicable Min-max layer allow_pin_connection mode will allow paths of length 0.90 outside the layer range. (ZRT-707)
Information: When applicable Min-max layer allow_pin_connection mode will allow paths of length 0.90 outside the layer range on clock nets. (ZRT-718)
Information: When applicable layer based tapering will taper up to 0.00 in distance from the pin. (ZRT-706)
Warning: Standard cell pin SAEDRVT14_EO2_V1_0P75/A1 has no valid via regions. (ZRT-044)
Warning: Standard cell pin SAEDRVT14_ADDH_0P5/CO has no valid via regions. (ZRT-044)
Printing options for 'route.common.*'
common.via_on_grid_by_layer_name                        :	 {VIA1 false} {VIA2 true}
common.wire_on_grid_by_layer_name                       :	 {M1 true} {M2 true} {M3 true}

Printing options for 'route.track.*'
track.timing_driven                                     :	 true                

Loading timing information to the router from design
Timing information loaded to the router.
Information: Using 12 threads for routing. (ZRT-444)
Information: RC layer preference is turned on for this design. (ZRT-613)

[Track Assign: TA init] Elapsed real time: 0:00:00 
[Track Assign: TA init] Elapsed cpu  time: sys=0:00:00 usr=0:00:00 total=0:00:00
[Track Assign: TA init] Stage (MB): Used   35  Alloctr   36  Proc    0 
[Track Assign: TA init] Total (MB): Used   38  Alloctr   40  Proc 5899 

Start initial assignment

Assign Horizontal partitions, iteration 0 
Routed partition 1/32       
Routed partition 2/32       
Routed partition 3/32       
Routed partition 4/32       
Routed partition 5/32       
Routed partition 6/32       
Routed partition 7/32       
Routed partition 8/32       
Routed partition 9/32       
Routed partition 10/32      
Routed partition 11/32      
Routed partition 12/32      
Routed partition 14/32      
Routed partition 13/32      
Routed partition 15/32      
Routed partition 16/32      
Routed partition 17/32      
Routed partition 18/32      
Routed partition 19/32      
Routed partition 20/32      
Routed partition 21/32      
Routed partition 22/32      
Routed partition 23/32      
Routed partition 24/32      
Routed partition 25/32      
Routed partition 26/32      
Routed partition 27/32      
Routed partition 28/32      
Routed partition 29/32      
Routed partition 30/32      
Routed partition 31/32      
Routed partition 32/32      

Assign Vertical partitions, iteration 0 
Routed partition 1/32       
Routed partition 2/32       
Routed partition 3/32       
Routed partition 4/32       
Routed partition 5/32       
Routed partition 6/32       
Routed partition 7/32       
Routed partition 8/32       
Routed partition 9/32       
Routed partition 10/32      
Routed partition 11/32      
Routed partition 12/32      
Routed partition 13/32      
Routed partition 14/32      
Routed partition 15/32      
Routed partition 16/32      
Routed partition 17/32      
Routed partition 18/32      
Routed partition 19/32      
Routed partition 20/32      
Routed partition 21/32      
Routed partition 22/32      
Routed partition 23/32      
Routed partition 24/32      
Routed partition 25/32      
Routed partition 26/32      
Routed partition 27/32      
Routed partition 28/32      
Routed partition 29/32      
Routed partition 30/32      
Routed partition 31/32      
Routed partition 32/32      

Number of wires with overlap after iteration 0 = 9631 of 16190


[Track Assign: Iteration 0] Elapsed real time: 0:00:00 
[Track Assign: Iteration 0] Elapsed cpu  time: sys=0:00:00 usr=0:00:02 total=0:00:02
[Track Assign: Iteration 0] Stage (MB): Used   36  Alloctr   37  Proc    0 
[Track Assign: Iteration 0] Total (MB): Used   39  Alloctr   41  Proc 5899 

Reroute to fix overlaps (iter = 1)

Assign Horizontal partitions, iteration 1 
Routed partition 1/32       
Routed partition 2/32       
Routed partition 3/32       
Routed partition 4/32       
Routed partition 5/32       
Routed partition 6/32       
Routed partition 7/32       
Routed partition 8/32       
Routed partition 9/32       
Routed partition 10/32      
Routed partition 11/32      
Routed partition 12/32      
Routed partition 13/32      
Routed partition 14/32      
Routed partition 15/32      
Routed partition 16/32      
Routed partition 17/32      
Routed partition 18/32      
Routed partition 19/32      
Routed partition 20/32      
Routed partition 21/32      
Routed partition 22/32      
Routed partition 23/32      
Routed partition 24/32      
Routed partition 25/32      
Routed partition 26/32      
Routed partition 27/32      
Routed partition 28/32      
Routed partition 29/32      
Routed partition 30/32      
Routed partition 31/32      
Routed partition 32/32      

Assign Vertical partitions, iteration 1 
Routed partition 1/32       
Routed partition 2/32       
Routed partition 3/32       
Routed partition 4/32       
Routed partition 5/32       
Routed partition 6/32       
Routed partition 7/32       
Routed partition 8/32       
Routed partition 9/32       
Routed partition 10/32      
Routed partition 11/32      
Routed partition 12/32      
Routed partition 13/32      
Routed partition 14/32      
Routed partition 15/32      
Routed partition 16/32      
Routed partition 17/32      
Routed partition 18/32      
Routed partition 19/32      
Routed partition 20/32      
Routed partition 21/32      
Routed partition 22/32      
Routed partition 23/32      
Routed partition 24/32      
Routed partition 25/32      
Routed partition 26/32      
Routed partition 27/32      
Routed partition 28/32      
Routed partition 29/32      
Routed partition 30/32      
Routed partition 31/32      
Routed partition 32/32      

[Track Assign: Iteration 1] Elapsed real time: 0:00:00 
[Track Assign: Iteration 1] Elapsed cpu  time: sys=0:00:00 usr=0:00:04 total=0:00:04
[Track Assign: Iteration 1] Stage (MB): Used   36  Alloctr   37  Proc    0 
[Track Assign: Iteration 1] Total (MB): Used   39  Alloctr   41  Proc 5899 

Number of wires with overlap after iteration 1 = 5934 of 10902


Wire length and via report:
---------------------------
Number of M1 wires: 305 		  : 0
Number of M2 wires: 5662 		 VIA1_Base: 2912
Number of M3 wires: 4060 		 VIA2_Base: 5799
Number of M4 wires: 712 		 VIA34SQ_C: 958
Number of M5 wires: 133 		 VIA4SQ: 243
Number of M6 wires: 28 		 VIA5SQ_C: 54
Number of M7 wires: 2 		 VIA67SQ_C: 4
Number of M8 wires: 0 		 VIA78SQ_C: 0
Number of M9 wires: 0 		 VIA89_C: 0
Number of MRDL wires: 0 		 VIA9RDL: 0
Total number of wires: 10902 		 vias: 9970

Total M1 wire length: 18.0
Total M2 wire length: 3398.2
Total M3 wire length: 4058.5
Total M4 wire length: 2376.8
Total M5 wire length: 804.5
Total M6 wire length: 359.9
Total M7 wire length: 34.0
Total M8 wire length: 0.0
Total M9 wire length: 0.0
Total MRDL wire length: 0.0
Total wire length: 11050.0

Longest M1 wire length: 0.3
Longest M2 wire length: 28.3
Longest M3 wire length: 19.7
Longest M4 wire length: 27.1
Longest M5 wire length: 29.3
Longest M6 wire length: 29.8
Longest M7 wire length: 19.1
Longest M8 wire length: 0.0
Longest M9 wire length: 0.0
Longest MRDL wire length: 0.0

Updating the database ...

[Track Assign: Done] Elapsed real time: 0:00:01 
[Track Assign: Done] Elapsed cpu  time: sys=0:00:00 usr=0:00:04 total=0:00:04
[Track Assign: Done] Stage (MB): Used   -2  Alloctr   -2  Proc    0 
[Track Assign: Done] Total (MB): Used    0  Alloctr    1  Proc 5899 
# Detail routing and DRC fixing
route_detail
Cell Min-Routing-Layer = M1
Cell Max-Routing-Layer = M7
Turn off antenna since no rule is specified
Information: Option route.detail.force_end_on_preferred_grid will be ignored since none of the layers have preferred grid. (ZRT-703)
Skipping 3 internal pins that are not physical. Set route.common.verbose_level to > 0 and run routing command to get skipped pin names.
Info: number of net_type_blockage: 1 
Information: Via ladder engine would be activated for pattern must join connection in certain commands. Please refer to man-page for the command list. (ZRT-619)
Via on layer (VIA1) needs more than one tracks
Warning: Layer M1 default pitch 0.074 may be too small to handle up/down via. Note, that minimum requirements are "wire/via-down 0.074" & "wire/via-up 0.078". (ZRT-026)
Via on layer (VIA1) needs more than one tracks
Warning: Layer M2 default pitch 0.060 may be too small to handle up/down via. Note, that minimum requirements are "wire/via-down 0.078" & "wire/via-up 0.060". (ZRT-026)
Via on layer (VIA4) needs more than one tracks
Warning: Layer M5 default pitch 0.100 may be too small to handle up/down via. Note, that minimum requirements are "wire/via-down 0.125" & "wire/via-up 0.100". (ZRT-026)
Via on layer (VIA7) needs more than one tracks
Warning: Layer M7 default pitch 0.100 may be too small to handle up/down via. Note, that minimum requirements are "wire/via-down 0.100" & "wire/via-up 0.107". (ZRT-026)
Wire on layer (M8) needs more than one tracks
Via on layer (VIA7) needs more than one tracks
Via on layer (VIA8) needs more than one tracks
Warning: Layer M8 default pitch 0.100 may be too small to handle up/down via. Note, that minimum requirements are "wire/via-down 0.107" & "wire/via-up 0.135". (ZRT-026)
Wire on layer (M9) needs more than one tracks
Via on layer (VIA8) needs more than one tracks
Via on layer (VIARDL) needs more than one tracks
Warning: Layer M9 default pitch 0.100 may be too small to handle up/down via. Note, that minimum requirements are "wire/via-down 0.135" & "wire/via-up 1.570". (ZRT-026)
Via on layer (VIARDL) needs more than one tracks
Warning: Layer MRDL default pitch 4.000 may be too small to handle up/down via. Note, that minimum requirements are "wire/via-down 4.500" & "wire/via-up 4.000". (ZRT-026)
Information: When applicable Min-max layer allow_pin_connection mode will allow paths of length 0.90 outside the layer range. (ZRT-707)
Information: When applicable Min-max layer allow_pin_connection mode will allow paths of length 0.90 outside the layer range on clock nets. (ZRT-718)
Information: When applicable layer based tapering will taper up to 0.00 in distance from the pin. (ZRT-706)
Warning: Standard cell pin SAEDRVT14_EO2_V1_0P75/A1 has no valid via regions. (ZRT-044)
Warning: Standard cell pin SAEDRVT14_ADDH_0P5/CO has no valid via regions. (ZRT-044)
Loading timing information to the router from design
Timing information loaded to the router.
Printing options for 'route.common.*'
common.via_on_grid_by_layer_name                        :	 {VIA1 false} {VIA2 true}
common.wire_on_grid_by_layer_name                       :	 {M1 true} {M2 true} {M3 true}

Printing options for 'route.detail.*'
detail.timing_driven                                    :	 true                

Printing options for 'route.auto_via_ladder.*'

Information: RC layer preference is turned on for this design. (ZRT-613)
[Dr init] Elapsed real time: 0:00:00 
[Dr init] Elapsed cpu  time: sys=0:00:00 usr=0:00:00 total=0:00:00
[Dr init] Stage (MB): Used   46  Alloctr   47  Proc    0 
[Dr init] Total (MB): Used   49  Alloctr   51  Proc 5899 
Total number of nets = 1675, of which 0 are not extracted
Total number of open nets = 0, of which 0 are frozen
Information: Using 12 threads for routing. (ZRT-444)

Switch to reduced partition bloat for speedup (DRC report is not accurate)
Start DR iteration 0: uniform partition
Routed	1/70 Partitions, Violations =	34
Routed	2/70 Partitions, Violations =	34
Routed	3/70 Partitions, Violations =	35
Routed	4/70 Partitions, Violations =	12
Routed	5/70 Partitions, Violations =	19
Routed	6/70 Partitions, Violations =	29
Routed	7/70 Partitions, Violations =	30
Routed	8/70 Partitions, Violations =	30
Routed	9/70 Partitions, Violations =	29
Routed	10/70 Partitions, Violations =	29
Routed	11/70 Partitions, Violations =	31
Routed	12/70 Partitions, Violations =	31
Routed	13/70 Partitions, Violations =	31
Routed	14/70 Partitions, Violations =	30
Routed	15/70 Partitions, Violations =	36
Routed	16/70 Partitions, Violations =	44
Routed	17/70 Partitions, Violations =	76
Routed	18/70 Partitions, Violations =	84
Routed	19/70 Partitions, Violations =	91
Routed	20/70 Partitions, Violations =	91
Routed	21/70 Partitions, Violations =	91
Routed	22/70 Partitions, Violations =	91
Routed	23/70 Partitions, Violations =	91
Routed	24/70 Partitions, Violations =	91
Routed	25/70 Partitions, Violations =	91
Routed	26/70 Partitions, Violations =	91
Routed	27/70 Partitions, Violations =	91
Routed	28/70 Partitions, Violations =	91
Routed	29/70 Partitions, Violations =	93
Routed	30/70 Partitions, Violations =	94
Routed	31/70 Partitions, Violations =	94
Routed	32/70 Partitions, Violations =	78
Routed	33/70 Partitions, Violations =	98
Routed	34/70 Partitions, Violations =	70
Routed	35/70 Partitions, Violations =	82
Routed	36/70 Partitions, Violations =	115
Routed	37/70 Partitions, Violations =	115
Routed	38/70 Partitions, Violations =	104
Routed	39/70 Partitions, Violations =	73
Routed	40/70 Partitions, Violations =	84
Routed	41/70 Partitions, Violations =	86
Routed	42/70 Partitions, Violations =	89
Routed	43/70 Partitions, Violations =	134
Routed	44/70 Partitions, Violations =	134
Routed	45/70 Partitions, Violations =	134
Routed	46/70 Partitions, Violations =	134
Routed	47/70 Partitions, Violations =	134
Routed	48/70 Partitions, Violations =	106
Routed	49/70 Partitions, Violations =	132
Routed	50/70 Partitions, Violations =	109
Routed	51/70 Partitions, Violations =	112
Routed	52/70 Partitions, Violations =	90
Routed	53/70 Partitions, Violations =	82
Routed	54/70 Partitions, Violations =	86
Routed	55/70 Partitions, Violations =	68
Routed	56/70 Partitions, Violations =	80
Routed	57/70 Partitions, Violations =	81
Routed	58/70 Partitions, Violations =	79
Routed	59/70 Partitions, Violations =	95
Routed	60/70 Partitions, Violations =	63
Routed	61/70 Partitions, Violations =	50
Routed	62/70 Partitions, Violations =	56
Routed	63/70 Partitions, Violations =	33
Routed	64/70 Partitions, Violations =	37
Routed	65/70 Partitions, Violations =	25
Routed	66/70 Partitions, Violations =	32
Routed	67/70 Partitions, Violations =	32
Routed	68/70 Partitions, Violations =	25
Routed	69/70 Partitions, Violations =	13
Routed	70/70 Partitions, Violations =	13

DRC-SUMMARY:
	@@@@@@@ TOTAL VIOLATIONS =	13
	Diff net spacing : 4
	Diff net via-cut spacing : 1
	End of line enclosure : 3
	Less than minimum area : 1
	Less than minimum width : 2
	Off-grid : 1
	Same net via-cut spacing : 1

[Iter 0] Elapsed real time: 0:00:04 
[Iter 0] Elapsed cpu  time: sys=0:00:00 usr=0:00:07 total=0:00:07
[Iter 0] Stage (MB): Used  108  Alloctr  109  Proc  168 
[Iter 0] Total (MB): Used  111  Alloctr  113  Proc 6067 

End DR iteration 0 with 70 parts

Start DR iteration 1: non-uniform partition
Routed	1/11 Partitions, Violations =	12
Routed	2/11 Partitions, Violations =	11
Routed	3/11 Partitions, Violations =	11
Routed	4/11 Partitions, Violations =	10
Routed	5/11 Partitions, Violations =	8
Routed	6/11 Partitions, Violations =	7
Routed	7/11 Partitions, Violations =	4
Routed	8/11 Partitions, Violations =	3
Routed	9/11 Partitions, Violations =	2
Routed	10/11 Partitions, Violations =	3
Routed	11/11 Partitions, Violations =	1

DRC-SUMMARY:
	@@@@@@@ TOTAL VIOLATIONS =	1
	Off-grid : 1

[Iter 1] Elapsed real time: 0:00:04 
[Iter 1] Elapsed cpu  time: sys=0:00:00 usr=0:00:09 total=0:00:09
[Iter 1] Stage (MB): Used  108  Alloctr  109  Proc  168 
[Iter 1] Total (MB): Used  111  Alloctr  113  Proc 6067 

End DR iteration 1 with 11 parts

Start DR iteration 2: non-uniform partition
Routed	1/1 Partitions, Violations =	0

DRC-SUMMARY:
	@@@@@@@ TOTAL VIOLATIONS =	0

[Iter 2] Elapsed real time: 0:00:04 
[Iter 2] Elapsed cpu  time: sys=0:00:00 usr=0:00:11 total=0:00:12
[Iter 2] Stage (MB): Used  108  Alloctr  109  Proc  168 
[Iter 2] Total (MB): Used  111  Alloctr  113  Proc 6067 

End DR iteration 2 with 1 parts


Switch back to normal partition bloat and recalculate DRC:

Begin full DRC check ...

Information: Using 12 threads for routing. (ZRT-444)
Checked	1/6 Partitions, Violations =	0
Checked	2/6 Partitions, Violations =	0
Checked	3/6 Partitions, Violations =	0
Checked	4/6 Partitions, Violations =	0
Checked	5/6 Partitions, Violations =	0
Checked	6/6 Partitions, Violations =	0
[DRC CHECK] Elapsed real time: 0:00:05 
[DRC CHECK] Elapsed cpu  time: sys=0:00:01 usr=0:00:13 total=0:00:14
[DRC CHECK] Stage (MB): Used  108  Alloctr  109  Proc  168 
[DRC CHECK] Total (MB): Used  111  Alloctr  113  Proc 6067 
Finish DR since reached 0 DRC

[DR] Elapsed real time: 0:00:05 
[DR] Elapsed cpu  time: sys=0:00:01 usr=0:00:13 total=0:00:14
[DR] Stage (MB): Used   34  Alloctr   36  Proc  168 
[DR] Total (MB): Used   37  Alloctr   40  Proc 6067 
[DR: Done] Elapsed real time: 0:00:05 
[DR: Done] Elapsed cpu  time: sys=0:00:01 usr=0:00:13 total=0:00:14
[DR: Done] Stage (MB): Used   34  Alloctr   36  Proc  168 
[DR: Done] Total (MB): Used   37  Alloctr   40  Proc 6067 

DR finished with 0 open nets, of which 0 are frozen

DR finished with 0 violations

DRC-SUMMARY:
	@@@@@@@ TOTAL VIOLATIONS =	0



Total Wire Length =                    12030 micron
Total Number of Contacts =             10355
Total Number of Wires =                12567
Total Number of PtConns =              1531
Total Number of Routed Wires =       12451
Total Routed Wire Length =           11808 micron
Total Number of Routed Contacts =       10294
	Layer             M1 :         57 micron
	Layer             M2 :       3672 micron
	Layer             M3 :       4351 micron
	Layer             M4 :       2475 micron
	Layer             M5 :        859 micron
	Layer             M6 :        360 micron
	Layer             M7 :         34 micron
	Layer             M8 :          0 micron
	Layer             M9 :          0 micron
	Layer           MRDL :          0 micron
	Via        VIA67SQ_C :          4
	Via         VIA5SQ_C :         54
	Via       VIA4BAR1_C :          1
	Via           VIA4SQ :        275
	Via        VIA34SQ_C :       1153
	Via   VIA34SQ_C(rot) :         18
	Via      VIA34BAR1_C :          2
	Via        VIA2_Base :       5832
	Via        VIA23SQ_C :         29
	Via        VIA12SQ_C :          2
	Via   VIA12SQ_C(rot) :         11
	Via        VIA1_Base :       2913

 
Redundant via conversion report:
--------------------------------

  Total optimized via conversion rate =  0.00% (0 / 10355 vias)
 
    Layer VIA1       =  0.00% (0      / 2930    vias)
        Un-optimized =  0.00% (0       vias)
        Un-mapped    = 100.00% (2930    vias)
    Layer VIA2       =  0.00% (0      / 5865    vias)
        Un-optimized =  0.00% (0       vias)
        Un-mapped    = 100.00% (5865    vias)
    Layer VIA3       =  0.00% (0      / 1177    vias)
        Un-optimized =  0.00% (0       vias)
        Un-mapped    = 100.00% (1177    vias)
    Layer VIA4       =  0.00% (0      / 294     vias)
        Un-optimized =  0.00% (0       vias)
        Un-mapped    = 100.00% (294     vias)
    Layer VIA5       =  0.00% (0      / 81      vias)
        Un-optimized =  0.00% (0       vias)
        Un-mapped    = 100.00% (81      vias)
    Layer VIA6       =  0.00% (0      / 8       vias)
        Un-optimized =  0.00% (0       vias)
        Un-mapped    = 100.00% (8       vias)
 
  Total double via conversion rate    =  0.00% (0 / 10355 vias)
 
    Layer VIA1       =  0.00% (0      / 2930    vias)
    Layer VIA2       =  0.00% (0      / 5865    vias)
    Layer VIA3       =  0.00% (0      / 1177    vias)
    Layer VIA4       =  0.00% (0      / 294     vias)
    Layer VIA5       =  0.00% (0      / 81      vias)
    Layer VIA6       =  0.00% (0      / 8       vias)
 
  The optimized via conversion rate based on total routed via count =  0.00% (0 / 10355 vias)
 
    Layer VIA1       =  0.00% (0      / 2930    vias)
        Un-optimized =  0.00% (0       vias)
        Un-mapped    = 100.00% (2930    vias)
    Layer VIA2       =  0.00% (0      / 5865    vias)
        Un-optimized =  0.00% (0       vias)
        Un-mapped    = 100.00% (5865    vias)
    Layer VIA3       =  0.00% (0      / 1177    vias)
        Un-optimized =  0.00% (0       vias)
        Un-mapped    = 100.00% (1177    vias)
    Layer VIA4       =  0.00% (0      / 294     vias)
        Un-optimized =  0.00% (0       vias)
        Un-mapped    = 100.00% (294     vias)
    Layer VIA5       =  0.00% (0      / 81      vias)
        Un-optimized =  0.00% (0       vias)
        Un-mapped    = 100.00% (81      vias)
    Layer VIA6       =  0.00% (0      / 8       vias)
        Un-optimized =  0.00% (0       vias)
        Un-mapped    = 100.00% (8       vias)
 

Total number of nets = 1675
0 open nets, of which 0 are frozen
Total number of excluded ports = 0 ports of 0 unplaced cells connected to 0 nets
                                 0 ports without pins of 0 cells connected to 0 nets
                                 0 ports of 0 cover cells connected to 0 non-pg nets
Total number of DRCs = 0
Total number of antenna violations = antenna checking not active
Information: Routes in non-preferred voltage areas = 0 (ZRT-559)

Topology ECO not run, no qualifying violations or in frozen nets.
Updating the database ...
# route_auto command will run above 3 steps
#### Routing optimization
route_opt
Information: Starting 'route_opt' (FLW-8000)
Information: Time: 2025-06-18 14:52:03 / Session:  00:00:17 / Command:  00:00:00 / CPU:  00:00:00 / Memory: 1676 MB (FLW-8100)
INFO: route_opt is running in balanced flow mode
Warning: SI analysis is not enabled for post-route optimization. (ROPT-002)
Warning: Cannot find any max transition constraint on the design. (OPT-070)
INFO: Total Power Aware Optimization Enabled (Dynamic + Leakage)
Information: Freeing timing information from routing. (ZRT-574)
Route-opt command begin                   CPU:    43 s (  0.01 hr )  ELAPSE:    18 s (  0.01 hr )  MEM-PEAK:  1675 MB
Warning: SI analysis is not enabled for post-route optimization. (ROPT-002)
Warning: Cannot find any max transition constraint on the design. (OPT-070)
INFO: place.legalize.enable_advanced_legalizer not set - need to revert CLO
INFO: Concurrent Legalization and Optimization (CLO) Reverted
INFO: place.legalize.enable_advanced_legalizer not set - need to revert CLO
Information: The stitching and editing of coupling caps is turned OFF for design 'dut_toplevel.dlib:dut_toplevel/routing.design'. (TIM-125)
Information: Design dut_toplevel has 1675 nets, 0 global routed, 1673 detail routed. (NEX-024)
Information: The RC mode used is DR for design 'dut_toplevel'. (NEX-022)
---extraction options---
Corner: Fast
 late_cap_scale                : 1
 late_res_scale                : 1
 late_rde_cap_scale            : 1
 late_rde_res_scale            : 1
 early_cap_scale               : 1
 early_res_scale               : 1
 early_rde_cap_scale           : 1
 early_rde_res_scale           : 1
Corner: Typical
 late_cap_scale                : 1
 late_res_scale                : 1
 late_rde_cap_scale            : 1
 late_rde_res_scale            : 1
 early_cap_scale               : 1
 early_res_scale               : 1
 early_rde_cap_scale           : 1
 early_rde_res_scale           : 1
Corner: Slow
 late_cap_scale                : 1
 late_res_scale                : 1
 late_rde_cap_scale            : 1
 late_rde_res_scale            : 1
 early_cap_scale               : 1
 early_res_scale               : 1
 early_rde_cap_scale           : 1
 early_rde_res_scale           : 1
Global options:
 reference_direction       : use_from_tluplus
 real_metalfill_extraction : none
 virtual_shield_extraction : true
---app options---
 host.max_cores                   : 12
 extract.connect_open           : true
 extract.enable_coupling_cap    : false
Extracting design: dut_toplevel 
NEX: virtual shield is applied in extraction.
Information: coupling capacitance is lumped to ground. (NEX-030)
Information: 1673 nets are successfully extracted. (NEX-028)
Warning: Advanced receiver model has not been enabled for detailed routed design. (TIM-204)
Information: Update timing completed net estimation for all the timing graph nets (TIM-111)
Information: Net estimation statistics: timing graph nets = 1673, routed nets = 1673, across physical hierarchy nets = 0, parasitics cached nets = 1673, delay annotated nets = 0, parasitics annotated nets = 0, multi-voltage nets = 0. (TIM-112)
Info: update em.
Information: Activity propagation will be performed for scenario Normal_Fast.
Warning: Cannot infer functionality of libcell 'saed14rvt_frame_timing/SAEDRVT14_FDNRBSBQ_V2_0P5' and will be excluded from sequential mapping. (SQM-1061)
Warning: Cannot infer functionality of libcell 'saed14rvt_frame_timing/SAEDRVT14_FDNRBSBQ_V2_1' and will be excluded from sequential mapping. (SQM-1061)
Warning: Cannot infer functionality of libcell 'saed14rvt_frame_timing/SAEDRVT14_FDNRBSBQ_V2_2' and will be excluded from sequential mapping. (SQM-1061)
Warning: Cannot infer functionality of libcell 'saed14rvt_frame_timing/SAEDRVT14_FDNRBSBQ_V2_4' and will be excluded from sequential mapping. (SQM-1061)
Warning: Cannot infer functionality of libcell 'saed14rvt_frame_timing/SAEDRVT14_FDPRBSBQ_V2_0P5' and will be excluded from sequential mapping. (SQM-1061)
Warning: Cannot infer functionality of libcell 'saed14rvt_frame_timing/SAEDRVT14_FDPRBSBQ_V2_1' and will be excluded from sequential mapping. (SQM-1061)
Warning: Cannot infer functionality of libcell 'saed14rvt_frame_timing/SAEDRVT14_FDPRBSBQ_V2_2' and will be excluded from sequential mapping. (SQM-1061)
Warning: Cannot infer functionality of libcell 'saed14rvt_frame_timing/SAEDRVT14_FDPRBSBQ_V2_4' and will be excluded from sequential mapping. (SQM-1061)
Warning: Mapping to scan cell 'SAEDRVT14_FSDPQB_V2LP_1' in library is not possible because cell has 'dont_use' attribute. (SQM-1067)
Warning: Mapping to scan cell 'SAEDRVT14_FSDPQ_V2LP_1' in library is not possible because cell has 'dont_use' attribute. (SQM-1067)
Warning: Mapping to scan cell 'SAEDRVT14_FSDPQ_V2LP_2' in library is not possible because cell has 'dont_use' attribute. (SQM-1067)
Warning: Cannot infer functionality of libcell 'saed14rvt_frame_timing/SAEDRVT14_FSDPRBSBQ_V2LP_0P5' and will be excluded from sequential mapping. (SQM-1061)
Warning: Cannot infer functionality of libcell 'saed14rvt_frame_timing/SAEDRVT14_FSDPRBSBQ_V2LP_2' and will be excluded from sequential mapping. (SQM-1061)
Warning: Skipping check for single_bit_degenerate attribute on the multibit libcell 'saed14rvt_frame_timing/SAEDRVT14_FSDN2_V2_0P5' since it is not a black-box. (SQM-1079)
Information: No single-bit representative was found for multibit lib cell 'saed14rvt_frame_timing/SAEDRVT14_FSDN2_V2_0P5'. (SQM-2004)
Warning: Skipping check for single_bit_degenerate attribute on the multibit libcell 'saed14rvt_frame_timing/SAEDRVT14_FSDN2_V2_1' since it is not a black-box. (SQM-1079)
Information: No single-bit representative was found for multibit lib cell 'saed14rvt_frame_timing/SAEDRVT14_FSDN2_V2_1'. (SQM-2004)
Warning: Skipping check for single_bit_degenerate attribute on the multibit libcell 'saed14rvt_frame_timing/SAEDRVT14_FSDN2_V2_2' since it is not a black-box. (SQM-1079)
Information: No single-bit representative was found for multibit lib cell 'saed14rvt_frame_timing/SAEDRVT14_FSDN2_V2_2'. (SQM-2004)
Warning: Skipping check for single_bit_degenerate attribute on the multibit libcell 'saed14rvt_frame_timing/SAEDRVT14_FSDN2_V2_4' since it is not a black-box. (SQM-1079)
Information: No single-bit representative was found for multibit lib cell 'saed14rvt_frame_timing/SAEDRVT14_FSDN2_V2_4'. (SQM-2004)
Warning: Skipping check for single_bit_degenerate attribute on the multibit libcell 'saed14rvt_frame_timing/SAEDRVT14_FSDN4_V2_0P5' since it is not a black-box. (SQM-1079)
Information: No single-bit representative was found for multibit lib cell 'saed14rvt_frame_timing/SAEDRVT14_FSDN4_V2_0P5'. (SQM-2004)
Information: No single-bit representative was found for multibit lib cell 'saed14rvt_frame_timing/SAEDRVT14_FSDN4_V2_1'. (SQM-2004)
Information: No single-bit representative was found for multibit lib cell 'saed14rvt_frame_timing/SAEDRVT14_FSDN4_V2_2'. (SQM-2004)
Information: No single-bit representative was found for multibit lib cell 'saed14rvt_frame_timing/SAEDRVT14_FSDN4_V2_4'. (SQM-2004)
Warning: Found 8 multibit sequential library cells that have missing/added attributes or have restrictions that prevent them from banking. (SQM-1053)
0 sequential multibit library cells have restrictions (dont_use or dont_touch).
8 sequential multibit library cells have missing sequential mapping relevant attributes
Information: Doing activity propagation for mode 'Normal' and corner 'Fast' with effort level 'medium'. (POW-024)
Information: Timer-derived activity data is cached on scenario Normal_Fast (POW-052)
Information: Running switching activity propagation with 12 threads!

 **** Information : No. of simulation cycles = 6 ****
Information: Propagated activity on scenario Normal_Slow identical to that on Normal_Fast (POW-006)
Information: Propagated activity on scenario Normal_Typical identical to that on Normal_Fast (POW-006)
Information: Activity propagation will be performed for scenario PowerSave_Fast.
Information: Doing activity propagation for mode 'PowerSave' and corner 'Fast' with effort level 'medium'. (POW-024)
Information: Timer-derived activity data is cached on scenario PowerSave_Fast (POW-052)
Information: Running switching activity propagation with 12 threads!

 **** Information : No. of simulation cycles = 6 ****
Information: Propagated activity on scenario PowerSave_Slow identical to that on PowerSave_Fast (POW-006)
Information: Propagated activity on scenario PowerSave_Typical identical to that on PowerSave_Fast (POW-006)
Information: Activity for scenario Normal_Fast was cached, no propagation required. (POW-005)
Information: Activity for scenario Normal_Slow was cached, no propagation required. (POW-005)
Information: Activity for scenario Normal_Typical was cached, no propagation required. (POW-005)
Information: Activity for scenario PowerSave_Fast was cached, no propagation required. (POW-005)
Information: Activity for scenario PowerSave_Slow was cached, no propagation required. (POW-005)
Information: Activity for scenario PowerSave_Typical was cached, no propagation required. (POW-005)

Route-opt timing update complete          CPU:    60 s (  0.02 hr )  ELAPSE:    22 s (  0.01 hr )  MEM-PEAK:  1675 MB
INFO: Propagating Switching Activities
Information: Activity for scenario PowerSave_Typical was cached, no propagation required. (POW-005)
Information: Activity for scenario PowerSave_Slow was cached, no propagation required. (POW-005)
Information: Activity for scenario PowerSave_Fast was cached, no propagation required. (POW-005)
Information: Activity for scenario Normal_Typical was cached, no propagation required. (POW-005)
INFO: Switching Activity propagation took     0.00003 sec
INFO: Propagating Switching Activity for all power flows 

Route-opt initial QoR
_____________________
Scenario Mapping Table
1: Normal_Fast
2: Normal_Slow
3: Normal_Typical
4: PowerSave_Fast
5: PowerSave_Slow
6: PowerSave_Typical

Pathgroup Mapping Table
1: **default**
2: **async_default**
3: **clock_gating_default**
4: **in2reg_default**
5: **reg2out_default**
6: **in2out_default**
7: clk

-------------------------------------------------------------------------------------------------------------------------------------------------------------
PATHGROUP QOR 
-------------------------------------------------------------------------------------------------------------------------------------------------------------
Scene  PG      WNS        TNS    NSV      WHV        THV    NHV
    1   1   0.0000     0.0000      0   0.0000     0.0000      0
    1   2   0.0000     0.0000      0   0.0000     0.0000      0
    1   3   0.0000     0.0000      0   0.0000     0.0000      0
    1   4   0.0000     0.0000      0   0.0000     0.0000      0
    1   5   0.0000     0.0000      0   0.0000     0.0000      0
    1   6   0.0000     0.0000      0   0.0000     0.0000      0
    1   7   0.0000     0.0000      0   0.0045     0.0072      3
    2   1   0.0000     0.0000      0   0.0000     0.0000      0
    2   2   0.0000     0.0000      0   0.0000     0.0000      0
    2   3   0.0000     0.0000      0   0.0000     0.0000      0
    2   4   0.0000     0.0000      0   0.0000     0.0000      0
    2   5   0.0000     0.0000      0   0.0000     0.0000      0
    2   6   0.0000     0.0000      0   0.0000     0.0000      0
    2   7   0.0000     0.0000      0   0.0033     0.0097      4
    3   1   0.0000     0.0000      0   0.0000     0.0000      0
    3   2   0.0000     0.0000      0   0.0000     0.0000      0
    3   3   0.0000     0.0000      0   0.0000     0.0000      0
    3   4   0.0000     0.0000      0   0.0000     0.0000      0
    3   5   0.0000     0.0000      0   0.0000     0.0000      0
    3   6   0.0000     0.0000      0   0.0000     0.0000      0
    3   7   0.0000     0.0000      0   0.0085     0.0215      6
    4   1   0.0000     0.0000      0   0.0000     0.0000      0
    4   2   0.0000     0.0000      0   0.0000     0.0000      0
    4   3   0.0000     0.0000      0   0.0000     0.0000      0
    4   4   0.0000     0.0000      0   0.0000     0.0000      0
    4   5   0.0000     0.0000      0   0.0000     0.0000      0
    4   6   0.0000     0.0000      0   0.0000     0.0000      0
    4   7   0.0000     0.0000      0   0.0045     0.0072      3
    5   1   0.0000     0.0000      0   0.0000     0.0000      0
    5   2   0.0000     0.0000      0   0.0000     0.0000      0
    5   3   0.0000     0.0000      0   0.0000     0.0000      0
    5   4   0.0000     0.0000      0   0.0000     0.0000      0
    5   5   0.0000     0.0000      0   0.0000     0.0000      0
    5   6   0.0000     0.0000      0   0.0000     0.0000      0
    5   7   0.0000     0.0000      0   0.0034     0.0098      4
    6   1   0.0000     0.0000      0   0.0000     0.0000      0
    6   2   0.0000     0.0000      0   0.0000     0.0000      0
    6   3   0.0000     0.0000      0   0.0000     0.0000      0
    6   4   0.0000     0.0000      0   0.0000     0.0000      0
    6   5   0.0000     0.0000      0   0.0000     0.0000      0
    6   6   0.0000     0.0000      0   0.0000     0.0000      0
    6   7   0.0000     0.0000      0   0.0085     0.0215      6
----------------------------------------------------------------------------------------------------------------------------------------------------------------------
SCENARIO QOR 
----------------------------------------------------------------------------------------------------------------------------------------------------------------------
Scene  PG      WNS        TNS   R2RTNS    NSV      WHV        THV    NHV  MaxTrnV   MaxTranC  MaxCapV    Leakage     CellEMV
    1   *   0.0000     0.0000   0.0000      0   0.0045     0.0072      3        0     0.0000        0 33783160.0           0
    2   *   0.0000     0.0000   0.0000      0   0.0033     0.0097      4        0     0.0000        0  17342.475           0
    3   *   0.0000     0.0000   0.0000      0   0.0085     0.0215      6        0     0.0000        0 321848.188           0
    4   *   0.0000     0.0000   0.0000      0   0.0045     0.0072      3        0     0.0000        0 33783160.0           0
    5   *   0.0000     0.0000   0.0000      0   0.0034     0.0098      4        0     0.0000        0  17342.475           0
    6   *   0.0000     0.0000   0.0000      0   0.0085     0.0215      6        0     0.0000        0 321848.188           0
----------------------------------------------------------------------------------------------------------------------------------------------------------------------
DESIGN QOR 
----------------------------------------------------------------------------------------------------------------------------------------------------------------------
Scene  PG      WNS        TNS   R2RTNS    NSV      WHV        THV    NHV  MaxTrnV   MaxTranC  MaxCapV    Leakage         Area    InstCnt     CellEMV
    *   *   0.0000     0.0000   0.0000      0   0.0085     0.0215      6        0     0.0000        0 33783160.0       929.82       1251           0
----------------------------------------------------------------------------------------------------------------------------------------------------------------------

Route-opt initial QoR Summary       WNS        TNS   R2RTNS    NSV      WHV        THV    NHV  MaxTrnV  MaxCapV    Leakage         Area    InstCnt
Route-opt initial QoR Summary    0.0000     0.0000   0.0000      0   0.0085     0.0215      6        0        0 33783160.0       929.82       1251
Information: The netlist change observers are disabled for incremental extraction. (TIM-126)
INFO: using 12 threads
Route-opt initialization complete         CPU:    81 s (  0.02 hr )  ELAPSE:    25 s (  0.01 hr )  MEM-PEAK:  1675 MB
Information: Initializing classic cellmap without advanced rules enabled and with PDC enabled
Information: The following app options are used in cellmap
        place.legalize.enable_color_aware_placement : false
        place.legalize.use_nll_query_cm : false
        place.legalize.enable_advanced_legalizer : false
        place.legalize.enable_prerouted_net_check : true
        place.legalize.enable_advanced_prerouted_net_check : false
        place.legalize.always_continue : true
        place.legalize.limit_legality_checks : false
        place.common.pnet_aware_density : 1.0000
        place.common.pnet_aware_min_width : 0.0000
        place.common.pnet_aware_layers : {}
        place.common.use_placement_model : false
        place.common.enable_advanced_placement_model : true
        cts.placement.cell_spacing_rule_style : maximum
Warning: Library cell saed14rvt_frame_timing:SAEDRVT14_ISOFSDPQ_PECO_8.frame is missing supply pins. Its power structure cannot be determined. (LGL-050)
Warning: Library cell saed14rvt_frame_timing:SAEDRVT14_DCAP_PV1ECO_12.frame is missing supply pins. Its power structure cannot be determined. (LGL-050)
Information: Creating classic rule checker.
Warning: Routing direction of metal layer PO is neither "horizontal" nor "vertical".  PDC checks will not be performed on this layer. (PDC-003)
PDC app_options settings =========
	place.legalize.enable_prerouted_net_check: 1
	place.legalize.num_tracks_for_access_check: 1
	place.legalize.use_eol_spacing_for_access_check: 0
	place.legalize.allow_touch_track_for_access_check: 1
	place.legalize.reduce_conservatism_in_eol_check: 0
	place.legalize.preroute_shape_merge_distance: 0.0
	place.legalize.enable_non_preferred_direction_span_check: 0

Layer M1: cached 0 shapes out of 1236 total shapes.
Layer M2: cached 588 shapes out of 7362 total shapes.
Layer M3: cached 588 shapes out of 5389 total shapes.
Cached 1764 vias out of 12973 total vias.
Total 0.0739 seconds to build cellmap data
INFO: creating 22(r) x 33(c) GridCells YDim 1.8 XDim 1.8
INFO: number of GridCells (0xc884db00): 726
INFO: creating 22(r) x 33(c) GridCells YDim 1.8 XDim 1.8
INFO: number of GridCells (0xc884db00): 726
Total 0.0273 seconds to load 1729 cell instances into cellmap
Moveable cells: 1226; Application fixed cells: 25; Macro cells: 0; User fixed cells: 478
1647 out of 1647 data nets are detail routed, 26 out of 26 clock nets are detail routed and total 1673 nets have been analyzed
Estimated current stage is after clock and data detail route stage
Average cell width 1.2388, cell height 0.6000, cell area 0.7433 for total 1251 placed and application fixed cells
Route-opt optimization summary            SETUP-COST    R2R-COST HOLD-COST LDRC-COST          AREA     LEAKAGE     INSTCNT            ELAPSE       MEM
Warning: Cannot find any max transition constraint on the design. (OPT-070)
INFO: place.legalize.enable_advanced_legalizer not set - need to revert CLO


Route-opt optimization Phase 2 Iter  1          0.00        0.00      0.02         -        929.82  33783160.00        1251              0.01      1675

Route-opt optimization Phase 3 Iter  1          0.00        0.00      0.02         -        929.82  33783160.00        1251              0.01      1675
INFO: New Levelizer turned on

INFO: New Levelizer turned on
Route-opt optimization Phase 4 Iter  1          0.00        0.00      0.02         0        929.82  33783164.00        1251              0.01      1675
Route-opt optimization Phase 4 Iter  2          0.00        0.00      0.02         0        929.82  33783164.00        1251              0.01      1675
Route-opt optimization Phase 4 Iter  3          0.00        0.00      0.02         0        929.82  33783164.00        1251              0.01      1675
Route-opt optimization Phase 4 Iter  4          0.00        0.00      0.02         0        929.82  33783164.00        1251              0.01      1675


Route-opt optimization Phase 6 Iter  1          0.00        0.00      0.02         0        929.82  33783164.00        1251              0.01      1675
Route-opt optimization Phase 6 Iter  2          0.00        0.00      0.02         0        929.82  33783164.00        1251              0.01      1675
Route-opt optimization Phase 6 Iter  3          0.00        0.00      0.02         0        929.82  33783164.00        1251              0.01      1675
Route-opt optimization Phase 6 Iter  4          0.00        0.00      0.02         0        929.82  33783164.00        1251              0.01      1675
Route-opt optimization Phase 6 Iter  5          0.00        0.00      0.02         0        929.82  33783164.00        1251              0.01      1675
Route-opt optimization Phase 6 Iter  6          0.00        0.00      0.02         0        929.82  33783164.00        1251              0.01      1675
Route-opt optimization Phase 6 Iter  7          0.00        0.00      0.02         0        929.82  33783164.00        1251              0.01      1675
Route-opt optimization Phase 6 Iter  8          0.00        0.00      0.02         0        929.82  33783164.00        1251              0.01      1675
Route-opt optimization Phase 6 Iter  9          0.00        0.00      0.02         0        929.82  33783164.00        1251              0.01      1675
Route-opt optimization Phase 6 Iter 10          0.00        0.00      0.02         0        929.82  33783164.00        1251              0.01      1675
Route-opt optimization Phase 6 Iter 11          0.00        0.00      0.02         0        929.82  33783164.00        1251              0.01      1675
Route-opt optimization Phase 6 Iter 12          0.00        0.00      0.02         0        929.82  33783164.00        1251              0.01      1675
Route-opt optimization Phase 6 Iter 13          0.00        0.00      0.02         0        929.82  33783164.00        1251              0.01      1675

Route-opt optimization Phase 7 Iter  1          0.00        0.00      0.02         0        929.82  33783164.00        1251              0.01      1675
Route-opt optimization Phase 7 Iter  2          0.00        0.00      0.02         0        929.82  33783164.00        1251              0.01      1675

Enable clock slack update
INFO: cellmap features:  adv-rules=(Y), pdc=(Y), clock-rules=(Y)
Route-opt optimization Phase 8 Iter  1          0.00        0.00      0.02         0        929.82  33783164.00        1251              0.01      1675
INFO: cellmap features:  adv-rules=(N), pdc=(Y), clock-rules=(Y)

Route-opt optimization Phase 9 Iter  1          0.00        0.00      0.02         0        929.82  33783164.00        1251              0.01      1675
Route-opt optimization Phase 9 Iter  2          0.00        0.00      0.02         0        929.82  33783164.00        1251              0.01      1675
Route-opt optimization Phase 9 Iter  3          0.00        0.00      0.02         0        929.82  33783164.00        1251              0.01      1675
Route-opt optimization Phase 9 Iter  4          0.00        0.00      0.02         0        929.82  33783164.00        1251              0.01      1675
Route-opt optimization Phase 9 Iter  5          0.00        0.00      0.02         0        929.82  33783164.00        1251              0.01      1675
Route-opt optimization summary            SETUP-COST    R2R-COST HOLD-COST LDRC-COST          AREA     LEAKAGE     INSTCNT            ELAPSE       MEM
Route-opt optimization Phase 9 Iter  6          0.00        0.00      0.02         0        929.82  33783164.00        1251              0.01      1675
Route-opt optimization Phase 9 Iter  7          0.00        0.00      0.02         0        929.82  33783164.00        1251              0.01      1675
Route-opt optimization Phase 9 Iter  8          0.00        0.00      0.02         0        929.82  33783164.00        1251              0.01      1675


Enable clock slack update
INFO: cellmap features:  adv-rules=(Y), pdc=(Y), clock-rules=(Y)
Route-opt optimization Phase 11 Iter  1         0.00        0.00      0.02         0        929.82  33783164.00        1251              0.01      1675
INFO: cellmap features:  adv-rules=(N), pdc=(Y), clock-rules=(Y)

Route-opt optimization Phase 12 Iter  1         0.00        0.00      0.02         0        929.82  33783164.00        1251              0.01      1675
INFO: New Levelizer turned on
Route-opt optimization Phase 12 Iter  2         0.00        0.00      0.02         0        929.82  33783164.00        1251              0.01      1675
INFO: New Levelizer turned on

Route-opt optimization Phase 13 Iter  1         0.00        0.00      0.02         0        929.74  33691020.00        1251              0.01      1675

INFO: New Levelizer turned on
Route-opt optimization Phase 14 Iter  1         0.00        0.00      0.02         0        928.94  33664144.00        1248              0.01      1675
Route-opt optimization Phase 14 Iter  2         0.00        0.00      0.02         0        928.94  33664144.00        1248              0.01      1675
Route-opt optimization Phase 14 Iter  3         0.00        0.00      0.02         0        928.94  33664144.00        1248              0.01      1675
Route-opt optimization Phase 14 Iter  4         0.00        0.00      0.02         0        928.94  33664144.00        1248              0.01      1675

Route-opt optimization Phase 15 Iter  1         0.00        0.00      0.02         0        928.94  33664144.00        1248              0.01      1675
Warning: Design includes unreasonable large hold violation(s). (OPT-209)
Route-opt optimization Phase 15 Iter  2         0.00        0.00      0.02         0        930.00  33699984.00        1248              0.01      1675
Warning: Design includes unreasonable large hold violation(s). (OPT-209)


Route-opt route preserve complete         CPU:    97 s (  0.03 hr )  ELAPSE:    28 s (  0.01 hr )  MEM-PEAK:  1675 MB

INFO: Sending timing info to router
Generating Timing information  
Design  Scenario Normal_Fast (Mode Normal Corner Fast)
Generating Timing information  ... Done
Information: The net parasitics of block dut_toplevel are cleared. (TIM-123)
[End of Generating Timing Information] Elapsed real time: 0:00:00 
[End of Generating Timing Information] Elapsed cpu  time: sys=0:00:00 usr=0:00:00 total=0:00:00
Information: The netlist change observers are enabled for incremental extraction. (TIM-127)
nplDplc2Placer::setParam(effort,1)
nplDplc2Placer::setParam(debug,0)
nplDplc2Placer::setParam(site_check,2)
nplDplc2Placer::setParam(app_firm_wgt,0)
Warning: Routing direction of metal layer PO is neither "horizontal" nor "vertical".  PDC checks will not be performed on this layer. (PDC-003)
PDC app_options settings =========
	place.legalize.enable_prerouted_net_check: 1
	place.legalize.num_tracks_for_access_check: 1
	place.legalize.use_eol_spacing_for_access_check: 0
	place.legalize.allow_touch_track_for_access_check: 1
	place.legalize.reduce_conservatism_in_eol_check: 0
	place.legalize.preroute_shape_merge_distance: 0.0
	place.legalize.enable_non_preferred_direction_span_check: 0

Layer M1: cached 0 shapes out of 1249 total shapes.
Layer M2: cached 588 shapes out of 7374 total shapes.
Layer M3: cached 588 shapes out of 5390 total shapes.
Cached 1764 vias out of 12991 total vias.

Legalizing Top Level Design dut_toplevel ... 
Information: Initializing classic cellmap without advanced rules enabled and without PDC enabled
Information: The following app options are used in cellmap
        place.legalize.enable_color_aware_placement : false
        place.legalize.use_nll_query_cm : false
        place.legalize.enable_advanced_legalizer : false
        place.legalize.enable_prerouted_net_check : true
        place.legalize.enable_advanced_prerouted_net_check : false
        place.legalize.always_continue : true
        place.legalize.limit_legality_checks : false
        place.common.pnet_aware_density : 1.0000
        place.common.pnet_aware_min_width : 0.0000
        place.common.pnet_aware_layers : {}
        place.common.use_placement_model : false
        place.common.enable_advanced_placement_model : true
        cts.placement.cell_spacing_rule_style : maximum
Warning: Library cell saed14rvt_frame_timing:SAEDRVT14_ISOFSDPQ_PECO_8.frame is missing supply pins. Its power structure cannot be determined. (LGL-050)
Warning: Library cell saed14rvt_frame_timing:SAEDRVT14_DCAP_PV1ECO_12.frame is missing supply pins. Its power structure cannot be determined. (LGL-050)
Total 0.0332 seconds to build cellmap data
Information: Creating classic rule checker.
Warning: Routing direction of metal layer PO is neither "horizontal" nor "vertical".  PDC checks will not be performed on this layer. (PDC-003)
=====> Processed 85 ref cells (23 fillers) from library

Bounds/Regions In This Design:
        Area    Num Cells  Exclusive Name
 (square um)
     1385.28         1730        Yes DEFAULT_VA

Warning: max_legality_failures=5000 ignored.
	To use it, set limit_legality_checks to true.
Warning: max_legality_check_range=500 ignored.
	To use it, set limit_legality_checks to true.
Starting legalizer.
Warning: Exclusive bound 'DEFAULT' has no cells.
Optimizing Exclusive Bound 'DEFAULT_VA' (2/2)
    Done Exclusive Bound 'DEFAULT_VA' (2/2) (0 sec)
Legalization complete (0 total sec)

****************************************
  Report : Placement Attempts
  Site   : unit
****************************************

number of cells:                   1730
number of references:                85
number of site rows:                 48
number of locations attempted:    22770
number of locations failed:          95  (0.4%)

Legality of references at locations:
1 references had failures.

Worst 1 references by total failures:
 CELLS       UNFLIPPED                       FLIPPED                REFERENCE NAME
         ATTEMPTS  FAILURES            ATTEMPTS  FAILURES           
    10        176        51 ( 29.0%)        160        44 ( 27.5%)  SAEDRVT14_ADDH_0P5

Worst 1 references by failure rate:
 CELLS       UNFLIPPED                       FLIPPED                REFERENCE NAME
         ATTEMPTS  FAILURES            ATTEMPTS  FAILURES           
    10        176        51 ( 29.0%)        160        44 ( 27.5%)  SAEDRVT14_ADDH_0P5

Legality of references in rows:
0 references had row failures.

****************************************
  Report : Cell Displacements
****************************************

number of cells aggregated:        1227 (20608 total sites)
avg row height over cells:        0.600 um
rms cell displacement:            0.020 um ( 0.03 row height)
rms weighted cell displacement:   0.020 um ( 0.03 row height)
max cell displacement:            0.896 um ( 1.49 row height)
avg cell displacement:            0.001 um ( 0.00 row height)
avg weighted cell displacement:   0.001 um ( 0.00 row height)
number of cells moved:               10
number of large displacements:        0
large displacement threshold:     3.000 row height

Displacements of worst 10 cells:
Cell: place_optropt_h_inst_10690 (SAEDRVT14_BUF_U_0P5)
  Input location: (18.542,28.4)
  Legal location: (17.876,29)
  Displacement:   0.896 um ( 1.49 row height)
Cell: place_optropt_h_inst_10691 (SAEDRVT14_BUF_U_0P5)
  Input location: (10.032,27.2)
  Legal location: (10.106,27.8)
  Displacement:   0.605 um ( 1.01 row height)
Cell: place_optropt_h_inst_10688 (SAEDRVT14_BUF_S_0P5)
  Input location: (11.29,6.8)
  Legal location: (11.512,6.8)
  Displacement:   0.222 um ( 0.37 row height)
Cell: math_wrapper_INST/new_data_r_reg (SAEDRVT14_FSDPRBQ_V2_0P5)
  Input location: (36.672,27.2)
  Legal location: (36.598,27.2)
  Displacement:   0.074 um ( 0.12 row height)
Cell: math_wrapper_INST/out_data_r_reg[25] (SAEDRVT14_FSDPRBQ_V2_0P5)
  Input location: (18.246,29)
  Legal location: (18.32,29)
  Displacement:   0.074 um ( 0.12 row height)
Cell: ctmi_2145 (SAEDRVT14_ND2_MM_0P5)
  Input location: (38.818,27.2)
  Legal location: (38.744,27.2)
  Displacement:   0.074 um ( 0.12 row height)
Cell: ctmi_2267 (SAEDRVT14_AO32_U_0P5)
  Input location: (39.484,27.2)
  Legal location: (39.558,27.2)
  Displacement:   0.074 um ( 0.12 row height)
Cell: ctmi_57 (SAEDRVT14_INV_0P5)
  Input location: (39.188,27.2)
  Legal location: (39.262,27.2)
  Displacement:   0.074 um ( 0.12 row height)
Cell: ctmi_2149 (SAEDRVT14_AO22_0P5)
  Input location: (10.698,6.8)
  Legal location: (10.624,6.8)
  Displacement:   0.074 um ( 0.12 row height)
Cell: dut_fifo_INST/fifo_data_r_reg[1][30] (SAEDRVT14_FSDPRBQ_V2_0P5)
  Input location: (20.392,29)
  Legal location: (20.466,29)
  Displacement:   0.074 um ( 0.12 row height)

Legalization succeeded.
Total Legalizer CPU: 0.339
Total Legalizer Wall Time: 0.339
----------------------------------------------------------------

Route-opt legalization complete           CPU:    98 s (  0.03 hr )  ELAPSE:    28 s (  0.01 hr )  MEM-PEAK:  1675 MB
INFO: Router Max Iterations set to : 5 
Cell Min-Routing-Layer = M1
Cell Max-Routing-Layer = M7
Turn off antenna since no rule is specified
Information: Option route.detail.force_end_on_preferred_grid will be ignored since none of the layers have preferred grid. (ZRT-703)
Skipping 3 internal pins that are not physical. Set route.common.verbose_level to > 0 and run routing command to get skipped pin names.
Info: number of net_type_blockage: 1 
Information: Via ladder engine would be activated for pattern must join connection in certain commands. Please refer to man-page for the command list. (ZRT-619)
Via on layer (VIA1) needs more than one tracks
Warning: Layer M1 default pitch 0.074 may be too small to handle up/down via. Note, that minimum requirements are "wire/via-down 0.074" & "wire/via-up 0.078". (ZRT-026)
Via on layer (VIA1) needs more than one tracks
Warning: Layer M2 default pitch 0.060 may be too small to handle up/down via. Note, that minimum requirements are "wire/via-down 0.078" & "wire/via-up 0.060". (ZRT-026)
Via on layer (VIA4) needs more than one tracks
Warning: Layer M5 default pitch 0.100 may be too small to handle up/down via. Note, that minimum requirements are "wire/via-down 0.125" & "wire/via-up 0.100". (ZRT-026)
Via on layer (VIA7) needs more than one tracks
Warning: Layer M7 default pitch 0.100 may be too small to handle up/down via. Note, that minimum requirements are "wire/via-down 0.100" & "wire/via-up 0.107". (ZRT-026)
Wire on layer (M8) needs more than one tracks
Via on layer (VIA7) needs more than one tracks
Via on layer (VIA8) needs more than one tracks
Warning: Layer M8 default pitch 0.100 may be too small to handle up/down via. Note, that minimum requirements are "wire/via-down 0.107" & "wire/via-up 0.135". (ZRT-026)
Wire on layer (M9) needs more than one tracks
Via on layer (VIA8) needs more than one tracks
Via on layer (VIARDL) needs more than one tracks
Warning: Layer M9 default pitch 0.100 may be too small to handle up/down via. Note, that minimum requirements are "wire/via-down 0.135" & "wire/via-up 1.570". (ZRT-026)
Via on layer (VIARDL) needs more than one tracks
Warning: Layer MRDL default pitch 4.000 may be too small to handle up/down via. Note, that minimum requirements are "wire/via-down 4.500" & "wire/via-up 4.000". (ZRT-026)
Information: When applicable Min-max layer allow_pin_connection mode will allow paths of length 0.90 outside the layer range. (ZRT-707)
Information: When applicable Min-max layer allow_pin_connection mode will allow paths of length 0.90 outside the layer range on clock nets. (ZRT-718)
Information: When applicable layer based tapering will taper up to 0.00 in distance from the pin. (ZRT-706)
Warning: Standard cell pin SAEDRVT14_ADDH_0P5/CO has no valid via regions. (ZRT-044)
Warning: Standard cell pin SAEDRVT14_EO2_V1_0P75/A1 has no valid via regions. (ZRT-044)
[ECO: DbIn With Extraction] Elapsed real time: 0:00:00 
[ECO: DbIn With Extraction] Elapsed cpu  time: sys=0:00:00 usr=0:00:00 total=0:00:00
[ECO: DbIn With Extraction] Stage (MB): Used   32  Alloctr   33  Proc    0 
[ECO: DbIn With Extraction] Total (MB): Used   35  Alloctr   37  Proc 6264 
[ECO: Before Refresh Via Ladder Phase] Elapsed real time: 0:00:00 
[ECO: Before Refresh Via Ladder Phase] Elapsed cpu  time: sys=0:00:00 usr=0:00:00 total=0:00:00
[ECO: Before Refresh Via Ladder Phase] Stage (MB): Used   32  Alloctr   33  Proc    0 
[ECO: Before Refresh Via Ladder Phase] Total (MB): Used   35  Alloctr   37  Proc 6264 

    Found 0 via ladders to verify.

VIA LADDER INFO: found 0 via ladder DRCs across 0 nets.
Updating the database ...

    Via ladders will be inserted on 0 of 0 ports with via ladder constraints.

Updating the database ...
[ECO: After Refresh Via Ladder Phase] Elapsed real time: 0:00:00 
[ECO: After Refresh Via Ladder Phase] Elapsed cpu  time: sys=0:00:00 usr=0:00:00 total=0:00:00
[ECO: After Refresh Via Ladder Phase] Stage (MB): Used   33  Alloctr   34  Proc    0 
[ECO: After Refresh Via Ladder Phase] Total (MB): Used   36  Alloctr   38  Proc 6264 
[ECO: Analysis] Elapsed real time: 0:00:00 
[ECO: Analysis] Elapsed cpu  time: sys=0:00:00 usr=0:00:00 total=0:00:00
[ECO: Analysis] Stage (MB): Used   33  Alloctr   34  Proc    0 
[ECO: Analysis] Total (MB): Used   36  Alloctr   38  Proc 6264 
Num of eco nets = 1676
Num of open eco nets = 38
[ECO: Init] Elapsed real time: 0:00:00 
[ECO: Init] Elapsed cpu  time: sys=0:00:00 usr=0:00:00 total=0:00:00
[ECO: Init] Stage (MB): Used   33  Alloctr   34  Proc    0 
[ECO: Init] Total (MB): Used   36  Alloctr   38  Proc 6264 
Start Global Route ... 
[Init] Elapsed real time: 0:00:00 
[Init] Elapsed cpu  time: sys=0:00:00 usr=0:00:00 total=0:00:00
[Init] Stage (MB): Used    0  Alloctr    0  Proc    0 
[Init] Total (MB): Used   41  Alloctr   42  Proc 6264 
Printing options for 'route.common.*'
common.verbose_level                                    :	 0                   
common.via_on_grid_by_layer_name                        :	 {VIA1 false} {VIA2 true}
common.wire_on_grid_by_layer_name                       :	 {M1 true} {M2 true} {M3 true}

Printing options for 'route.global.*'
global.force_rerun_after_global_route_opt               :	 true                
global.timing_driven                                    :	 true                

Begin global routing.
Loading timing information to the router from design
Timing information loaded to the router.
[End of Loading Timing] Elapsed real time: 0:00:00 
[End of Loading Timing] Elapsed cpu  time: sys=0:00:00 usr=0:00:00 total=0:00:00
Constructing data structure ...
Design statistics:
Design Bounding Box (0.00um,0.00um,58.10um,38.80um)
Number of routing layers = 10
layer M1, dir Ver, min width = 0.034um, min space = 0.026um pitch = 0.074um
layer M2, dir Hor, min width = 0.034um, min space = 0.026um pitch = 0.06um
layer M3, dir Ver, min width = 0.034um, min space = 0.026um pitch = 0.074um
layer M4, dir Hor, min width = 0.06um, min space = 0.04um pitch = 0.1um
layer M5, dir Ver, min width = 0.06um, min space = 0.04um pitch = 0.1um
layer M6, dir Hor, min width = 0.06um, min space = 0.04um pitch = 0.1um
layer M7, dir Ver, min width = 0.06um, min space = 0.04um pitch = 0.1um
layer M8, dir Hor, min width = 0.06um, min space = 0.04um pitch = 0.1um
layer M9, dir Ver, min width = 0.06um, min space = 0.04um pitch = 0.1um
layer MRDL, dir Hor, min width = 2um, min space = 2um pitch = 4um
Current Stage stats:
[End of Build Tech Data] Elapsed real time: 0:00:00 
[End of Build Tech Data] Elapsed cpu  time: sys=0:00:00 usr=0:00:00 total=0:00:00
[End of Build Tech Data] Stage (MB): Used    1  Alloctr    1  Proc    0 
[End of Build Tech Data] Total (MB): Used   46  Alloctr   48  Proc 6264 
Net statistics:
Total number of nets     = 1676
Number of nets to route  = 38
Number of nets with min-layer-mode soft = 26
Number of nets with min-layer-mode soft-cost-medium = 26
Number of nets with max-layer-mode hard = 26
38 nets are partially connected,
 of which 36 are detail routed and 7 are global routed.
1638 nets are fully connected,
 of which 1634 are detail routed and 0 are global routed.
26 nets have non-default rule ClkNDR
	 26 non-user-specified nets, 26 non-user-specified clock nets, 0 user-specified nets
Net length statistics: 
Net Count(Ignore Fully Rted) 38, Total Half Perimeter Wire Length (HPWL) 482 microns
HPWL   0 ~   50 microns: Net Count       37	Total HPWL          431 microns
HPWL  50 ~  100 microns: Net Count        1	Total HPWL           51 microns
HPWL 100 ~  200 microns: Net Count        0	Total HPWL            0 microns
HPWL 200 ~  300 microns: Net Count        0	Total HPWL            0 microns
HPWL 300 ~  400 microns: Net Count        0	Total HPWL            0 microns
HPWL 400 ~  500 microns: Net Count        0	Total HPWL            0 microns
HPWL 500 ~  600 microns: Net Count        0	Total HPWL            0 microns
HPWL 600 ~  700 microns: Net Count        0	Total HPWL            0 microns
HPWL 700 ~  800 microns: Net Count        0	Total HPWL            0 microns
HPWL 800 ~  900 microns: Net Count        0	Total HPWL            0 microns
HPWL 900 ~ 1000 microns: Net Count        0	Total HPWL            0 microns
HPWL     > 1000 microns: Net Count        0	Total HPWL            0 microns
Current Stage stats:
[End of Build All Nets] Elapsed real time: 0:00:00 
[End of Build All Nets] Elapsed cpu  time: sys=0:00:00 usr=0:00:00 total=0:00:00
[End of Build All Nets] Stage (MB): Used    1  Alloctr    1  Proc    0 
[End of Build All Nets] Total (MB): Used   47  Alloctr   49  Proc 6264 
Number of partitions: 1 (1 x 1)
Size of partitions: 96 gCells x 64 gCells
Average gCell capacity  3.06	 on layer (1)	 M1
Average gCell capacity  8.40	 on layer (2)	 M2
Average gCell capacity  7.35	 on layer (3)	 M3
Average gCell capacity  5.49	 on layer (4)	 M4
Average gCell capacity  5.40	 on layer (5)	 M5
Average gCell capacity  4.56	 on layer (6)	 M6
Average gCell capacity  4.74	 on layer (7)	 M7
Average gCell capacity  6.05	 on layer (8)	 M8
Average gCell capacity  0.00	 on layer (9)	 M9
Average gCell capacity  0.00	 on layer (10)	 MRDL
Average number of tracks per gCell 8.19	 on layer (1)	 M1
Average number of tracks per gCell 10.12	 on layer (2)	 M2
Average number of tracks per gCell 8.19	 on layer (3)	 M3
Average number of tracks per gCell 6.08	 on layer (4)	 M4
Average number of tracks per gCell 6.06	 on layer (5)	 M5
Average number of tracks per gCell 6.08	 on layer (6)	 M6
Average number of tracks per gCell 6.06	 on layer (7)	 M7
Average number of tracks per gCell 6.08	 on layer (8)	 M8
Average number of tracks per gCell 6.06	 on layer (9)	 M9
Average number of tracks per gCell 0.16	 on layer (10)	 MRDL
Number of gCells = 61440
Current Stage stats:
[End of Build Congestion Map] Elapsed real time: 0:00:00 
[End of Build Congestion Map] Elapsed cpu  time: sys=0:00:00 usr=0:00:00 total=0:00:00
[End of Build Congestion Map] Stage (MB): Used    1  Alloctr    1  Proc    0 
[End of Build Congestion Map] Total (MB): Used   49  Alloctr   51  Proc 6264 
Number of partitions: 1 (1 x 1)
Size of partitions: 96 gCells x 64 gCells
Current Stage stats:
[End of Add Nets Demand] Elapsed real time: 0:00:00 
[End of Add Nets Demand] Elapsed cpu  time: sys=0:00:00 usr=0:00:00 total=0:00:00
[End of Add Nets Demand] Stage (MB): Used    0  Alloctr    0  Proc    0 
[End of Add Nets Demand] Total (MB): Used   49  Alloctr   51  Proc 6264 
Number of user frozen nets = 0
Timing criticality report: total 6 (0.36)% critical nets.
   Number of criticality 1 nets = 6 (0.36)%
Information: RC layer preference is turned on for this design. (ZRT-613)
Total stats:
[End of Build Data] Elapsed real time: 0:00:00 
[End of Build Data] Elapsed cpu  time: sys=0:00:00 usr=0:00:00 total=0:00:00
[End of Build Data] Stage (MB): Used    4  Alloctr    4  Proc    0 
[End of Build Data] Total (MB): Used   49  Alloctr   51  Proc 6264 
Number of partitions: 1 (1 x 1)
Size of partitions: 96 gCells x 64 gCells
Current Stage stats:
[End of Blocked Pin Detection] Elapsed real time: 0:00:00 
[End of Blocked Pin Detection] Elapsed cpu  time: sys=0:00:00 usr=0:00:00 total=0:00:00
[End of Blocked Pin Detection] Stage (MB): Used  176  Alloctr  176  Proc    0 
[End of Blocked Pin Detection] Total (MB): Used  225  Alloctr  227  Proc 6264 
Information: Using 12 threads for routing. (ZRT-444)
Information: Multiple gcell levels ON
Information: Buffer distance is estimated to be ~271.0000um (451 gCells)

Start GR phase 0
Number of partitions: 1 (1 x 1)
Size of partitions: 96 gCells x 64 gCells
[rtAllBotParts] Elapsed real time: 0:00:00 
[rtAllBotParts] Elapsed cpu  time: sys=0:00:00 usr=0:00:00 total=0:00:00
[rtTop] Elapsed real time: 0:00:00 
[rtTop] Elapsed cpu  time: sys=0:00:00 usr=0:00:00 total=0:00:00
Current Stage stats:
[End of Initial Routing] Elapsed real time: 0:00:00 
[End of Initial Routing] Elapsed cpu  time: sys=0:00:00 usr=0:00:00 total=0:00:00
[End of Initial Routing] Stage (MB): Used    0  Alloctr    0  Proc    0 
[End of Initial Routing] Total (MB): Used  225  Alloctr  227  Proc 6264 
Initial. Routing result:
Initial. Both Dirs: Dmd-Cap  =     0 Max = 0 GRCs =     0 (0.00%)
Initial. H routing: Dmd-Cap  =     0 Max = 0 (GRCs =  0) GRCs =     0 (0.00%)
Initial. V routing: Dmd-Cap  =     0 Max = 0 (GRCs =  0) GRCs =     0 (0.00%)
Initial. Both Dirs: Overflow =    42 Max = 3 GRCs =    49 (0.40%)
Initial. H routing: Overflow =    14 Max = 2 (GRCs =  3) GRCs =    19 (0.31%)
Initial. V routing: Overflow =    28 Max = 3 (GRCs =  1) GRCs =    30 (0.49%)
Initial. M1         Overflow =    12 Max = 2 (GRCs =  2) GRCs =    10 (0.16%)
Initial. M2         Overflow =    12 Max = 2 (GRCs =  3) GRCs =    10 (0.16%)
Initial. M3         Overflow =    15 Max = 3 (GRCs =  1) GRCs =    19 (0.31%)
Initial. M4         Overflow =     2 Max = 1 (GRCs =  8) GRCs =     8 (0.13%)
Initial. M5         Overflow =     0 Max = 1 (GRCs =  1) GRCs =     1 (0.02%)
Initial. M6         Overflow =     0 Max = 1 (GRCs =  1) GRCs =     1 (0.02%)
Initial. M7         Overflow =     0 Max = 0 (GRCs =  0) GRCs =     0 (0.00%)
Initial. M8         Overflow =     0 Max = 0 (GRCs =  0) GRCs =     0 (0.00%)
Initial. M9         Overflow =     0 Max = 0 (GRCs =  0) GRCs =     0 (0.00%)
Initial. MRDL       Overflow =     0 Max = 0 (GRCs =  0) GRCs =     0 (0.00%)


Density distribution:
Layer    0.0  0.1  0.2  0.3  0.4  0.5  0.6  0.7  0.8  0.9  1.0  1.1  1.2  > 1.2 
M1       99.8 0.00 0.00 0.00 0.00 0.00 0.00 0.00 0.00 0.00 0.00 0.00 0.00 0.16
M2       45.7 19.7 6.82 12.7 2.54 5.86 3.66 1.66 0.59 0.02 0.50 0.00 0.02 0.13
M3       34.7 22.5 10.6 12.8 1.71 8.72 4.90 1.68 1.16 0.00 0.83 0.05 0.00 0.08
M4       54.3 28.3 0.31 11.4 0.00 3.32 1.53 0.00 0.33 0.00 0.37 0.00 0.00 0.00
M5       79.2 11.7 1.33 5.81 0.00 1.46 0.24 0.00 0.02 0.00 0.08 0.00 0.00 0.00
M6       89.6 9.52 0.15 0.62 0.00 0.00 0.00 0.00 0.00 0.00 0.03 0.00 0.00 0.00
M7       99.0 0.96 0.02 0.02 0.00 0.00 0.00 0.00 0.00 0.00 0.00 0.00 0.00 0.00
M8       100. 0.00 0.00 0.00 0.00 0.00 0.00 0.00 0.00 0.00 0.00 0.00 0.00 0.00
M9       100. 0.00 0.00 0.00 0.00 0.00 0.00 0.00 0.00 0.00 0.00 0.00 0.00 0.00
MRDL     100. 0.00 0.00 0.00 0.00 0.00 0.00 0.00 0.00 0.00 0.00 0.00 0.00 0.00
Total    75.7 11.4 2.37 5.36 0.52 2.38 1.27 0.41 0.26 0.00 0.22 0.01 0.00 0.05


Initial. Total Wire Length = 7.77
Initial. Layer M1 wire length = 0.70
Initial. Layer M2 wire length = 3.66
Initial. Layer M3 wire length = 3.41
Initial. Layer M4 wire length = 0.00
Initial. Layer M5 wire length = 0.00
Initial. Layer M6 wire length = 0.00
Initial. Layer M7 wire length = 0.00
Initial. Layer M8 wire length = 0.00
Initial. Layer M9 wire length = 0.00
Initial. Layer MRDL wire length = 0.00
Initial. Total Number of Contacts = 22
Initial. Via VIA1_Base count = 13
Initial. Via VIA2_Base count = 9
Initial. Via VIA34SQ_C count = 0
Initial. Via VIA4SQ count = 0
Initial. Via VIA5SQ_C count = 0
Initial. Via VIA67SQ_C count = 0
Initial. Via VIA78SQ_C count = 0
Initial. Via VIA89_C count = 0
Initial. Via VIA9RDL count = 0
Initial. completed.

Start GR phase 1
Wed Jun 18 14:52:14 2025
Number of partitions: 1 (1 x 1)
Size of partitions: 96 gCells x 64 gCells
[rtAllParts] Elapsed real time: 0:00:00 
[rtAllParts] Elapsed cpu  time: sys=0:00:00 usr=0:00:00 total=0:00:00
Current Stage stats:
[End of Phase1 Routing] Elapsed real time: 0:00:00 
[End of Phase1 Routing] Elapsed cpu  time: sys=0:00:00 usr=0:00:00 total=0:00:00
[End of Phase1 Routing] Stage (MB): Used    0  Alloctr    0  Proc    0 
[End of Phase1 Routing] Total (MB): Used  225  Alloctr  227  Proc 6264 
phase1. Routing result:
phase1. Both Dirs: Dmd-Cap  =     0 Max = 0 GRCs =     0 (0.00%)
phase1. H routing: Dmd-Cap  =     0 Max = 0 (GRCs =  0) GRCs =     0 (0.00%)
phase1. V routing: Dmd-Cap  =     0 Max = 0 (GRCs =  0) GRCs =     0 (0.00%)
phase1. Both Dirs: Overflow =    41 Max = 3 GRCs =    48 (0.39%)
phase1. H routing: Overflow =    14 Max = 2 (GRCs =  3) GRCs =    19 (0.31%)
phase1. V routing: Overflow =    27 Max = 3 (GRCs =  1) GRCs =    29 (0.47%)
phase1. M1         Overflow =    11 Max = 2 (GRCs =  2) GRCs =     9 (0.15%)
phase1. M2         Overflow =    12 Max = 2 (GRCs =  3) GRCs =    10 (0.16%)
phase1. M3         Overflow =    15 Max = 3 (GRCs =  1) GRCs =    19 (0.31%)
phase1. M4         Overflow =     2 Max = 1 (GRCs =  8) GRCs =     8 (0.13%)
phase1. M5         Overflow =     0 Max = 1 (GRCs =  1) GRCs =     1 (0.02%)
phase1. M6         Overflow =     0 Max = 1 (GRCs =  1) GRCs =     1 (0.02%)
phase1. M7         Overflow =     0 Max = 0 (GRCs =  0) GRCs =     0 (0.00%)
phase1. M8         Overflow =     0 Max = 0 (GRCs =  0) GRCs =     0 (0.00%)
phase1. M9         Overflow =     0 Max = 0 (GRCs =  0) GRCs =     0 (0.00%)
phase1. MRDL       Overflow =     0 Max = 0 (GRCs =  0) GRCs =     0 (0.00%)


Density distribution:
Layer    0.0  0.1  0.2  0.3  0.4  0.5  0.6  0.7  0.8  0.9  1.0  1.1  1.2  > 1.2 
M1       99.8 0.00 0.00 0.00 0.00 0.00 0.00 0.00 0.00 0.00 0.00 0.00 0.00 0.15
M2       45.7 19.7 6.82 12.7 2.54 5.86 3.66 1.66 0.59 0.02 0.50 0.00 0.02 0.13
M3       34.7 22.5 10.6 12.8 1.71 8.72 4.90 1.68 1.16 0.00 0.83 0.05 0.00 0.08
M4       54.3 28.3 0.31 11.4 0.00 3.32 1.53 0.00 0.33 0.00 0.37 0.00 0.00 0.00
M5       79.2 11.7 1.33 5.81 0.00 1.46 0.24 0.00 0.02 0.00 0.08 0.00 0.00 0.00
M6       89.6 9.52 0.15 0.62 0.00 0.00 0.00 0.00 0.00 0.00 0.03 0.00 0.00 0.00
M7       99.0 0.96 0.02 0.02 0.00 0.00 0.00 0.00 0.00 0.00 0.00 0.00 0.00 0.00
M8       100. 0.00 0.00 0.00 0.00 0.00 0.00 0.00 0.00 0.00 0.00 0.00 0.00 0.00
M9       100. 0.00 0.00 0.00 0.00 0.00 0.00 0.00 0.00 0.00 0.00 0.00 0.00 0.00
MRDL     100. 0.00 0.00 0.00 0.00 0.00 0.00 0.00 0.00 0.00 0.00 0.00 0.00 0.00
Total    75.7 11.4 2.37 5.36 0.52 2.38 1.27 0.41 0.26 0.00 0.22 0.01 0.00 0.04


phase1. Total Wire Length = 7.77
phase1. Layer M1 wire length = 0.70
phase1. Layer M2 wire length = 3.66
phase1. Layer M3 wire length = 3.41
phase1. Layer M4 wire length = 0.00
phase1. Layer M5 wire length = 0.00
phase1. Layer M6 wire length = 0.00
phase1. Layer M7 wire length = 0.00
phase1. Layer M8 wire length = 0.00
phase1. Layer M9 wire length = 0.00
phase1. Layer MRDL wire length = 0.00
phase1. Total Number of Contacts = 22
phase1. Via VIA1_Base count = 13
phase1. Via VIA2_Base count = 9
phase1. Via VIA34SQ_C count = 0
phase1. Via VIA4SQ count = 0
phase1. Via VIA5SQ_C count = 0
phase1. Via VIA67SQ_C count = 0
phase1. Via VIA78SQ_C count = 0
phase1. Via VIA89_C count = 0
phase1. Via VIA9RDL count = 0
phase1. completed.

Start GR phase 2
Wed Jun 18 14:52:14 2025
Number of partitions: 1 (1 x 1)
Size of partitions: 96 gCells x 64 gCells
[rtAllParts] Elapsed real time: 0:00:00 
[rtAllParts] Elapsed cpu  time: sys=0:00:00 usr=0:00:00 total=0:00:00
Current Stage stats:
[End of Phase2 Routing] Elapsed real time: 0:00:00 
[End of Phase2 Routing] Elapsed cpu  time: sys=0:00:00 usr=0:00:00 total=0:00:00
[End of Phase2 Routing] Stage (MB): Used    0  Alloctr    0  Proc    0 
[End of Phase2 Routing] Total (MB): Used  225  Alloctr  227  Proc 6264 
phase2. Routing result:
phase2. Both Dirs: Dmd-Cap  =     0 Max = 0 GRCs =     0 (0.00%)
phase2. H routing: Dmd-Cap  =     0 Max = 0 (GRCs =  0) GRCs =     0 (0.00%)
phase2. V routing: Dmd-Cap  =     0 Max = 0 (GRCs =  0) GRCs =     0 (0.00%)
phase2. Both Dirs: Overflow =    41 Max = 3 GRCs =    48 (0.39%)
phase2. H routing: Overflow =    14 Max = 2 (GRCs =  3) GRCs =    19 (0.31%)
phase2. V routing: Overflow =    27 Max = 3 (GRCs =  1) GRCs =    29 (0.47%)
phase2. M1         Overflow =    11 Max = 2 (GRCs =  2) GRCs =     9 (0.15%)
phase2. M2         Overflow =    12 Max = 2 (GRCs =  3) GRCs =    10 (0.16%)
phase2. M3         Overflow =    15 Max = 3 (GRCs =  1) GRCs =    19 (0.31%)
phase2. M4         Overflow =     2 Max = 1 (GRCs =  8) GRCs =     8 (0.13%)
phase2. M5         Overflow =     0 Max = 1 (GRCs =  1) GRCs =     1 (0.02%)
phase2. M6         Overflow =     0 Max = 1 (GRCs =  1) GRCs =     1 (0.02%)
phase2. M7         Overflow =     0 Max = 0 (GRCs =  0) GRCs =     0 (0.00%)
phase2. M8         Overflow =     0 Max = 0 (GRCs =  0) GRCs =     0 (0.00%)
phase2. M9         Overflow =     0 Max = 0 (GRCs =  0) GRCs =     0 (0.00%)
phase2. MRDL       Overflow =     0 Max = 0 (GRCs =  0) GRCs =     0 (0.00%)


Density distribution:
Layer    0.0  0.1  0.2  0.3  0.4  0.5  0.6  0.7  0.8  0.9  1.0  1.1  1.2  > 1.2 
M1       99.8 0.00 0.00 0.00 0.00 0.00 0.00 0.00 0.00 0.00 0.00 0.00 0.00 0.15
M2       45.7 19.7 6.82 12.7 2.54 5.86 3.66 1.66 0.59 0.02 0.50 0.00 0.02 0.13
M3       34.7 22.5 10.6 12.8 1.71 8.72 4.90 1.68 1.16 0.00 0.83 0.05 0.00 0.08
M4       54.3 28.3 0.31 11.4 0.00 3.32 1.53 0.00 0.33 0.00 0.37 0.00 0.00 0.00
M5       79.2 11.7 1.33 5.81 0.00 1.46 0.24 0.00 0.02 0.00 0.08 0.00 0.00 0.00
M6       89.6 9.52 0.15 0.62 0.00 0.00 0.00 0.00 0.00 0.00 0.03 0.00 0.00 0.00
M7       99.0 0.96 0.02 0.02 0.00 0.00 0.00 0.00 0.00 0.00 0.00 0.00 0.00 0.00
M8       100. 0.00 0.00 0.00 0.00 0.00 0.00 0.00 0.00 0.00 0.00 0.00 0.00 0.00
M9       100. 0.00 0.00 0.00 0.00 0.00 0.00 0.00 0.00 0.00 0.00 0.00 0.00 0.00
MRDL     100. 0.00 0.00 0.00 0.00 0.00 0.00 0.00 0.00 0.00 0.00 0.00 0.00 0.00
Total    75.7 11.4 2.37 5.36 0.52 2.38 1.27 0.41 0.26 0.00 0.22 0.01 0.00 0.04


phase2. Total Wire Length = 7.77
phase2. Layer M1 wire length = 0.70
phase2. Layer M2 wire length = 3.66
phase2. Layer M3 wire length = 3.41
phase2. Layer M4 wire length = 0.00
phase2. Layer M5 wire length = 0.00
phase2. Layer M6 wire length = 0.00
phase2. Layer M7 wire length = 0.00
phase2. Layer M8 wire length = 0.00
phase2. Layer M9 wire length = 0.00
phase2. Layer MRDL wire length = 0.00
phase2. Total Number of Contacts = 22
phase2. Via VIA1_Base count = 13
phase2. Via VIA2_Base count = 9
phase2. Via VIA34SQ_C count = 0
phase2. Via VIA4SQ count = 0
phase2. Via VIA5SQ_C count = 0
phase2. Via VIA67SQ_C count = 0
phase2. Via VIA78SQ_C count = 0
phase2. Via VIA89_C count = 0
phase2. Via VIA9RDL count = 0
phase2. completed.
[End of Whole Chip Routing] Elapsed real time: 0:00:00 
[End of Whole Chip Routing] Elapsed cpu  time: sys=0:00:00 usr=0:00:00 total=0:00:00
[End of Whole Chip Routing] Stage (MB): Used  180  Alloctr  181  Proc    0 
[End of Whole Chip Routing] Total (MB): Used  225  Alloctr  227  Proc 6264 

Congestion utilization per direction:
Average vertical track utilization   =  9.18 %
Peak    vertical track utilization   = 84.62 %
Average horizontal track utilization =  8.84 %
Peak    horizontal track utilization = 54.17 %

[End of Global Routing] Elapsed real time: 0:00:00 
[End of Global Routing] Elapsed cpu  time: sys=0:00:00 usr=0:00:00 total=0:00:00
[End of Global Routing] Stage (MB): Used  179  Alloctr  180  Proc    0 
[End of Global Routing] Total (MB): Used  224  Alloctr  226  Proc 6264 
Updating congestion ...
Updating congestion ...
[End of dbOut] Elapsed real time: 0:00:00 
[End of dbOut] Elapsed cpu  time: sys=0:00:00 usr=0:00:00 total=0:00:00
[End of dbOut] Stage (MB): Used    0  Alloctr    0  Proc    0 
[End of dbOut] Total (MB): Used   73  Alloctr   75  Proc 6264 
[ECO: GR] Elapsed real time: 0:00:00 
[ECO: GR] Elapsed cpu  time: sys=0:00:00 usr=0:00:00 total=0:00:00
[ECO: GR] Stage (MB): Used   37  Alloctr   37  Proc    0 
[ECO: GR] Total (MB): Used   73  Alloctr   75  Proc 6264 

Start track assignment

Printing options for 'route.common.*'
common.verbose_level                                    :	 0                   
common.via_on_grid_by_layer_name                        :	 {VIA1 false} {VIA2 true}
common.wire_on_grid_by_layer_name                       :	 {M1 true} {M2 true} {M3 true}

Printing options for 'route.track.*'
track.timing_driven                                     :	 true                

Information: Using 12 threads for routing. (ZRT-444)
Information: RC layer preference is turned on for this design. (ZRT-613)

[Track Assign: TA init] Elapsed real time: 0:00:00 
[Track Assign: TA init] Elapsed cpu  time: sys=0:00:00 usr=0:00:00 total=0:00:00
[Track Assign: TA init] Stage (MB): Used    1  Alloctr    1  Proc    0 
[Track Assign: TA init] Total (MB): Used   38  Alloctr   40  Proc 6264 

Start initial assignment

Assign Horizontal partitions, iteration 0 
Routed partition 1/32       
Routed partition 2/32       
Routed partition 3/32       
Routed partition 4/32       
Routed partition 5/32       
Routed partition 6/32       
Routed partition 7/32       
Routed partition 8/32       
Routed partition 9/32       
Routed partition 10/32      
Routed partition 11/32      
Routed partition 12/32      
Routed partition 13/32      
Routed partition 14/32      
Routed partition 15/32      
Routed partition 16/32      
Routed partition 17/32      
Routed partition 18/32      
Routed partition 19/32      
Routed partition 20/32      
Routed partition 21/32      
Routed partition 22/32      
Routed partition 23/32      
Routed partition 24/32      
Routed partition 25/32      
Routed partition 26/32      
Routed partition 27/32      
Routed partition 28/32      
Routed partition 29/32      
Routed partition 30/32      
Routed partition 31/32      
Routed partition 32/32      

Assign Vertical partitions, iteration 0 
Routed partition 1/32       
Routed partition 2/32       
Routed partition 3/32       
Routed partition 4/32       
Routed partition 5/32       
Routed partition 6/32       
Routed partition 7/32       
Routed partition 8/32       
Routed partition 9/32       
Routed partition 10/32      
Routed partition 11/32      
Routed partition 12/32      
Routed partition 13/32      
Routed partition 14/32      
Routed partition 15/32      
Routed partition 16/32      
Routed partition 17/32      
Routed partition 18/32      
Routed partition 19/32      
Routed partition 20/32      
Routed partition 21/32      
Routed partition 22/32      
Routed partition 23/32      
Routed partition 24/32      
Routed partition 25/32      
Routed partition 26/32      
Routed partition 27/32      
Routed partition 28/32      
Routed partition 29/32      
Routed partition 30/32      
Routed partition 31/32      
Routed partition 32/32      

Number of wires with overlap after iteration 0 = 55 of 130


[Track Assign: Iteration 0] Elapsed real time: 0:00:00 
[Track Assign: Iteration 0] Elapsed cpu  time: sys=0:00:00 usr=0:00:01 total=0:00:01
[Track Assign: Iteration 0] Stage (MB): Used    1  Alloctr    1  Proc    0 
[Track Assign: Iteration 0] Total (MB): Used   38  Alloctr   40  Proc 6264 

Reroute to fix overlaps (iter = 1)

Assign Horizontal partitions, iteration 1 
Routed partition 1/32       
Routed partition 2/32       
Routed partition 3/32       
Routed partition 4/32       
Routed partition 5/32       
Routed partition 6/32       
Routed partition 7/32       
Routed partition 8/32       
Routed partition 9/32       
Routed partition 10/32      
Routed partition 11/32      
Routed partition 12/32      
Routed partition 13/32      
Routed partition 14/32      
Routed partition 15/32      
Routed partition 16/32      
Routed partition 17/32      
Routed partition 18/32      
Routed partition 19/32      
Routed partition 20/32      
Routed partition 21/32      
Routed partition 22/32      
Routed partition 23/32      
Routed partition 24/32      
Routed partition 25/32      
Routed partition 26/32      
Routed partition 27/32      
Routed partition 28/32      
Routed partition 29/32      
Routed partition 30/32      
Routed partition 31/32      
Routed partition 32/32      

Assign Vertical partitions, iteration 1 
Routed partition 1/32       
Routed partition 2/32       
Routed partition 3/32       
Routed partition 4/32       
Routed partition 5/32       
Routed partition 6/32       
Routed partition 7/32       
Routed partition 8/32       
Routed partition 9/32       
Routed partition 10/32      
Routed partition 11/32      
Routed partition 12/32      
Routed partition 13/32      
Routed partition 14/32      
Routed partition 15/32      
Routed partition 16/32      
Routed partition 17/32      
Routed partition 18/32      
Routed partition 19/32      
Routed partition 20/32      
Routed partition 21/32      
Routed partition 22/32      
Routed partition 23/32      
Routed partition 24/32      
Routed partition 25/32      
Routed partition 26/32      
Routed partition 27/32      
Routed partition 28/32      
Routed partition 29/32      
Routed partition 30/32      
Routed partition 31/32      
Routed partition 32/32      

[Track Assign: Iteration 1] Elapsed real time: 0:00:00 
[Track Assign: Iteration 1] Elapsed cpu  time: sys=0:00:00 usr=0:00:02 total=0:00:02
[Track Assign: Iteration 1] Stage (MB): Used    1  Alloctr    1  Proc    0 
[Track Assign: Iteration 1] Total (MB): Used   38  Alloctr   40  Proc 6264 

Number of wires with overlap after iteration 1 = 30 of 109


Wire length and via report:
---------------------------
Number of M1 wires: 24 		  : 0
Number of M2 wires: 59 		 VIA1_Base: 35
Number of M3 wires: 23 		 VIA2_Base: 29
Number of M4 wires: 3 		 VIA34SQ_C: 6
Number of M5 wires: 0 		 VIA4SQ: 0
Number of M6 wires: 0 		 VIA5SQ_C: 0
Number of M7 wires: 0 		 VIA67SQ_C: 0
Number of M8 wires: 0 		 VIA78SQ_C: 0
Number of M9 wires: 0 		 VIA89_C: 0
Number of MRDL wires: 0 		 VIA9RDL: 0
Total number of wires: 109 		 vias: 70

Total M1 wire length: 1.4
Total M2 wire length: 7.2
Total M3 wire length: 5.5
Total M4 wire length: 0.6
Total M5 wire length: 0.0
Total M6 wire length: 0.0
Total M7 wire length: 0.0
Total M8 wire length: 0.0
Total M9 wire length: 0.0
Total MRDL wire length: 0.0
Total wire length: 14.6

Longest M1 wire length: 0.1
Longest M2 wire length: 1.1
Longest M3 wire length: 1.2
Longest M4 wire length: 0.4
Longest M5 wire length: 0.0
Longest M6 wire length: 0.0
Longest M7 wire length: 0.0
Longest M8 wire length: 0.0
Longest M9 wire length: 0.0
Longest MRDL wire length: 0.0


[Track Assign: Done] Elapsed real time: 0:00:00 
[Track Assign: Done] Elapsed cpu  time: sys=0:00:00 usr=0:00:02 total=0:00:02
[Track Assign: Done] Stage (MB): Used    0  Alloctr    0  Proc    0 
[Track Assign: Done] Total (MB): Used   37  Alloctr   39  Proc 6264 
[ECO: CDR] Elapsed real time: 0:00:01 
[ECO: CDR] Elapsed cpu  time: sys=0:00:00 usr=0:00:03 total=0:00:03
[ECO: CDR] Stage (MB): Used   33  Alloctr   35  Proc    0 
[ECO: CDR] Total (MB): Used   37  Alloctr   39  Proc 6264 
Printing options for 'route.common.*'
common.verbose_level                                    :	 0                   
common.via_on_grid_by_layer_name                        :	 {VIA1 false} {VIA2 true}
common.wire_on_grid_by_layer_name                       :	 {M1 true} {M2 true} {M3 true}

Printing options for 'route.detail.*'
detail.eco_route_use_soft_spacing_for_timing_optimization:	 false               
detail.timing_driven                                    :	 true                

Printing options for 'route.auto_via_ladder.*'

Information: RC layer preference is turned on for this design. (ZRT-613)

Begin ECO DRC check ...

Checked	1/6 Partitions, Violations =	0
Checked	2/6 Partitions, Violations =	58
Checked	3/6 Partitions, Violations =	58
Checked	4/6 Partitions, Violations =	67
Checked	5/6 Partitions, Violations =	109
Checked	6/6 Partitions, Violations =	146

DRC-SUMMARY:
	@@@@@@@ TOTAL VIOLATIONS =	146

[DRC CHECK] Elapsed real time: 0:00:01 
[DRC CHECK] Elapsed cpu  time: sys=0:00:01 usr=0:00:04 total=0:00:06
[DRC CHECK] Stage (MB): Used    0  Alloctr    0  Proc 1562 
[DRC CHECK] Total (MB): Used  111  Alloctr  113  Proc 7826 

Total Wire Length =                    12040 micron
Total Number of Contacts =             10391
Total Number of Wires =                12588
Total Number of PtConns =              1540
Total Number of Routed Wires =       12473
Total Routed Wire Length =           11818 micron
Total Number of Routed Contacts =       10330
	Layer             M1 :         58 micron
	Layer             M2 :       3676 micron
	Layer             M3 :       4355 micron
	Layer             M4 :       2476 micron
	Layer             M5 :        859 micron
	Layer             M6 :        360 micron
	Layer             M7 :         34 micron
	Layer             M8 :          0 micron
	Layer             M9 :          0 micron
	Layer           MRDL :          0 micron
	Via        VIA67SQ_C :          4
	Via         VIA5SQ_C :         54
	Via       VIA4BAR1_C :          1
	Via           VIA4SQ :        275
	Via        VIA34SQ_C :       1159
	Via   VIA34SQ_C(rot) :         18
	Via      VIA34BAR1_C :          2
	Via        VIA2_Base :       5856
	Via        VIA23SQ_C :         29
	Via        VIA12SQ_C :          2
	Via   VIA12SQ_C(rot) :         11
	Via        VIA1_Base :       2919

 
Redundant via conversion report:
--------------------------------

  Total optimized via conversion rate =  0.00% (0 / 10391 vias)
 
    Layer VIA1       =  0.00% (0      / 2936    vias)
        Un-optimized =  0.00% (0       vias)
        Un-mapped    = 100.00% (2936    vias)
    Layer VIA2       =  0.00% (0      / 5889    vias)
        Un-optimized =  0.00% (0       vias)
        Un-mapped    = 100.00% (5889    vias)
    Layer VIA3       =  0.00% (0      / 1183    vias)
        Un-optimized =  0.00% (0       vias)
        Un-mapped    = 100.00% (1183    vias)
    Layer VIA4       =  0.00% (0      / 294     vias)
        Un-optimized =  0.00% (0       vias)
        Un-mapped    = 100.00% (294     vias)
    Layer VIA5       =  0.00% (0      / 81      vias)
        Un-optimized =  0.00% (0       vias)
        Un-mapped    = 100.00% (81      vias)
    Layer VIA6       =  0.00% (0      / 8       vias)
        Un-optimized =  0.00% (0       vias)
        Un-mapped    = 100.00% (8       vias)
 
  Total double via conversion rate    =  0.00% (0 / 10391 vias)
 
    Layer VIA1       =  0.00% (0      / 2936    vias)
    Layer VIA2       =  0.00% (0      / 5889    vias)
    Layer VIA3       =  0.00% (0      / 1183    vias)
    Layer VIA4       =  0.00% (0      / 294     vias)
    Layer VIA5       =  0.00% (0      / 81      vias)
    Layer VIA6       =  0.00% (0      / 8       vias)
 
  The optimized via conversion rate based on total routed via count =  0.00% (0 / 10391 vias)
 
    Layer VIA1       =  0.00% (0      / 2936    vias)
        Un-optimized =  0.00% (0       vias)
        Un-mapped    = 100.00% (2936    vias)
    Layer VIA2       =  0.00% (0      / 5889    vias)
        Un-optimized =  0.00% (0       vias)
        Un-mapped    = 100.00% (5889    vias)
    Layer VIA3       =  0.00% (0      / 1183    vias)
        Un-optimized =  0.00% (0       vias)
        Un-mapped    = 100.00% (1183    vias)
    Layer VIA4       =  0.00% (0      / 294     vias)
        Un-optimized =  0.00% (0       vias)
        Un-mapped    = 100.00% (294     vias)
    Layer VIA5       =  0.00% (0      / 81      vias)
        Un-optimized =  0.00% (0       vias)
        Un-mapped    = 100.00% (81      vias)
    Layer VIA6       =  0.00% (0      / 8       vias)
        Un-optimized =  0.00% (0       vias)
        Un-mapped    = 100.00% (8       vias)
 
Total number of nets = 1676, of which 0 are not extracted
Total number of open nets = 0, of which 0 are frozen
Information: Using 12 threads for routing. (ZRT-444)
Start DR iteration 0: non-uniform partition
Routed	1/10 Partitions, Violations =	144
Routed	2/10 Partitions, Violations =	143
Routed	3/10 Partitions, Violations =	142
Routed	4/10 Partitions, Violations =	79
Routed	5/10 Partitions, Violations =	79
Routed	6/10 Partitions, Violations =	76
Routed	7/10 Partitions, Violations =	63
Routed	8/10 Partitions, Violations =	48
Routed	9/10 Partitions, Violations =	39
Routed	10/10 Partitions, Violations =	2

DRC-SUMMARY:
	@@@@@@@ TOTAL VIOLATIONS =	2
	Less than minimum width : 2

[Iter 0] Elapsed real time: 0:00:01 
[Iter 0] Elapsed cpu  time: sys=0:00:01 usr=0:00:07 total=0:00:08
[Iter 0] Stage (MB): Used   73  Alloctr   74  Proc 1562 
[Iter 0] Total (MB): Used  111  Alloctr  113  Proc 7826 

End DR iteration 0 with 10 parts

Start DR iteration 1: non-uniform partition
Routed	1/2 Partitions, Violations =	2
Routed	2/2 Partitions, Violations =	0

DRC-SUMMARY:
	@@@@@@@ TOTAL VIOLATIONS =	0

[Iter 1] Elapsed real time: 0:00:02 
[Iter 1] Elapsed cpu  time: sys=0:00:01 usr=0:00:08 total=0:00:10
[Iter 1] Stage (MB): Used   73  Alloctr   74  Proc 1562 
[Iter 1] Total (MB): Used  111  Alloctr  113  Proc 7826 

End DR iteration 1 with 2 parts

Finish DR since reached 0 DRC


Nets that have been changed:
Net 1 = phfnn_153
Net 2 = phfnn_154
Net 3 = phfnn_160
Net 4 = place_optHFSNET_0
Net 5 = place_optHFSNET_9
Net 6 = place_optHFSNET_16
Net 7 = arb_data_source_id_c[1]
Net 8 = arb_data_source_id_c[0]
Net 9 = fifo_wdata_c[38]
Net 10 = fifo_wdata_c[36]
Net 11 = fifo_wdata_c[32]
Net 12 = fifo_wdata_c[28]
Net 13 = fifo_wdata_c[26]
Net 14 = fifo_wdata_c[22]
Net 15 = fifo_wdata_c[1]
Net 16 = optlc_net_188
Net 17 = clk_clock_gate_dut_fifo_INST/fifo_data_r_reg_2
Net 18 = clk_clock_gate_math_wrapper_INST/out_data_r_reg
Net 19 = clock_optZCTSNET_48
Net 20 = copt_net_262
Net 21 = DP_OP_33_12155_941_J1/ctmn_1696
Net 22 = DP_OP_33_12155_941_J1/ctmn_1700
Net 23 = DP_OP_33_12155_941_J1/ctmn_1701
Net 24 = DP_OP_33_12155_941_J1/N_405
Net 25 = dut_arbiter_INST/arb_last_data_source_id_r[1]
Net 26 = dut_arbiter_INST/arb_last_data_source_id_r[0]
Net 27 = ropt_net_282
Net 28 = math_wrapper_INST/unconsumed_data_nxt_c
Net 29 = math_wrapper_INST/new_data_r
Net 30 = math_wrapper_INST/N1
Net 31 = ropt_net_283
Net 32 = clock_optctosc_gls_1
Net 33 = ropt_net_284
Net 34 = ropt_net_285
Net 35 = dut_fifo_INST/fifo_data_r[2][3]
Net 36 = dut_fifo_INST/fifo_data_r[1][30]
Net 37 = dut_fifo_INST/fifo_data_r[1][3]
Net 38 = ctmn_1639
Net 39 = ctmn_1640
Net 40 = ctmn_1645
Net 41 = ctmn_1648
Net 42 = ctmn_1684
Net 43 = ctmn_1687
Net 44 = ctmn_1605
Net 45 = ctmn_1616
Net 46 = ctmn_1617
Net 47 = ctmn_1629
Net 48 = N12
Net 49 = SEQMAP_NET_457
Total number of changed nets = 49 (out of 1676)

[DR: Done] Elapsed real time: 0:00:02 
[DR: Done] Elapsed cpu  time: sys=0:00:01 usr=0:00:08 total=0:00:10
[DR: Done] Stage (MB): Used    0  Alloctr    0  Proc 1562 
[DR: Done] Total (MB): Used   37  Alloctr   39  Proc 7826 
[ECO: DR] Elapsed real time: 0:00:03 
[ECO: DR] Elapsed cpu  time: sys=0:00:01 usr=0:00:12 total=0:00:14
[ECO: DR] Stage (MB): Used   34  Alloctr   35  Proc 1562 
[ECO: DR] Total (MB): Used   37  Alloctr   39  Proc 7826 

ECO Route finished with 0 open nets, of which 0 are frozen

ECO Route finished with 0 violations

DRC-SUMMARY:
	@@@@@@@ TOTAL VIOLATIONS =	0



Total Wire Length =                    12039 micron
Total Number of Contacts =             10368
Total Number of Wires =                12585
Total Number of PtConns =              1541
Total Number of Routed Wires =       12471
Total Routed Wire Length =           11816 micron
Total Number of Routed Contacts =       10307
	Layer             M1 :         57 micron
	Layer             M2 :       3677 micron
	Layer             M3 :       4354 micron
	Layer             M4 :       2475 micron
	Layer             M5 :        859 micron
	Layer             M6 :        360 micron
	Layer             M7 :         34 micron
	Layer             M8 :          0 micron
	Layer             M9 :          0 micron
	Layer           MRDL :          0 micron
	Via        VIA67SQ_C :          4
	Via         VIA5SQ_C :         54
	Via       VIA4BAR1_C :          1
	Via           VIA4SQ :        275
	Via        VIA34SQ_C :       1158
	Via   VIA34SQ_C(rot) :         18
	Via      VIA34BAR1_C :          2
	Via        VIA2_Base :       5837
	Via        VIA23SQ_C :         30
	Via        VIA12SQ_C :          2
	Via   VIA12SQ_C(rot) :         10
	Via        VIA1_Base :       2916

 
Redundant via conversion report:
--------------------------------

  Total optimized via conversion rate =  0.00% (0 / 10368 vias)
 
    Layer VIA1       =  0.00% (0      / 2932    vias)
        Un-optimized =  0.00% (0       vias)
        Un-mapped    = 100.00% (2932    vias)
    Layer VIA2       =  0.00% (0      / 5871    vias)
        Un-optimized =  0.00% (0       vias)
        Un-mapped    = 100.00% (5871    vias)
    Layer VIA3       =  0.00% (0      / 1182    vias)
        Un-optimized =  0.00% (0       vias)
        Un-mapped    = 100.00% (1182    vias)
    Layer VIA4       =  0.00% (0      / 294     vias)
        Un-optimized =  0.00% (0       vias)
        Un-mapped    = 100.00% (294     vias)
    Layer VIA5       =  0.00% (0      / 81      vias)
        Un-optimized =  0.00% (0       vias)
        Un-mapped    = 100.00% (81      vias)
    Layer VIA6       =  0.00% (0      / 8       vias)
        Un-optimized =  0.00% (0       vias)
        Un-mapped    = 100.00% (8       vias)
 
  Total double via conversion rate    =  0.00% (0 / 10368 vias)
 
    Layer VIA1       =  0.00% (0      / 2932    vias)
    Layer VIA2       =  0.00% (0      / 5871    vias)
    Layer VIA3       =  0.00% (0      / 1182    vias)
    Layer VIA4       =  0.00% (0      / 294     vias)
    Layer VIA5       =  0.00% (0      / 81      vias)
    Layer VIA6       =  0.00% (0      / 8       vias)
 
  The optimized via conversion rate based on total routed via count =  0.00% (0 / 10368 vias)
 
    Layer VIA1       =  0.00% (0      / 2932    vias)
        Un-optimized =  0.00% (0       vias)
        Un-mapped    = 100.00% (2932    vias)
    Layer VIA2       =  0.00% (0      / 5871    vias)
        Un-optimized =  0.00% (0       vias)
        Un-mapped    = 100.00% (5871    vias)
    Layer VIA3       =  0.00% (0      / 1182    vias)
        Un-optimized =  0.00% (0       vias)
        Un-mapped    = 100.00% (1182    vias)
    Layer VIA4       =  0.00% (0      / 294     vias)
        Un-optimized =  0.00% (0       vias)
        Un-mapped    = 100.00% (294     vias)
    Layer VIA5       =  0.00% (0      / 81      vias)
        Un-optimized =  0.00% (0       vias)
        Un-mapped    = 100.00% (81      vias)
    Layer VIA6       =  0.00% (0      / 8       vias)
        Un-optimized =  0.00% (0       vias)
        Un-mapped    = 100.00% (8       vias)
 

Total number of nets = 1676
0 open nets, of which 0 are frozen
Total number of excluded ports = 0 ports of 0 unplaced cells connected to 0 nets
                                 0 ports without pins of 0 cells connected to 0 nets
                                 0 ports of 0 cover cells connected to 0 non-pg nets
Total number of DRCs = 0
Total number of antenna violations = antenna checking not active
Information: Routes in non-preferred voltage areas = 0 (ZRT-559)

Total Wire Length =                    12039 micron
Total Number of Contacts =             10368
Total Number of Wires =                12585
Total Number of PtConns =              1541
Total Number of Routed Wires =       12471
Total Routed Wire Length =           11816 micron
Total Number of Routed Contacts =       10307
	Layer             M1 :         57 micron
	Layer             M2 :       3677 micron
	Layer             M3 :       4354 micron
	Layer             M4 :       2475 micron
	Layer             M5 :        859 micron
	Layer             M6 :        360 micron
	Layer             M7 :         34 micron
	Layer             M8 :          0 micron
	Layer             M9 :          0 micron
	Layer           MRDL :          0 micron
	Via        VIA67SQ_C :          4
	Via         VIA5SQ_C :         54
	Via       VIA4BAR1_C :          1
	Via           VIA4SQ :        275
	Via        VIA34SQ_C :       1158
	Via   VIA34SQ_C(rot) :         18
	Via      VIA34BAR1_C :          2
	Via        VIA2_Base :       5837
	Via        VIA23SQ_C :         30
	Via        VIA12SQ_C :          2
	Via   VIA12SQ_C(rot) :         10
	Via        VIA1_Base :       2916

 
Redundant via conversion report:
--------------------------------

  Total optimized via conversion rate =  0.00% (0 / 10368 vias)
 
    Layer VIA1       =  0.00% (0      / 2932    vias)
        Un-optimized =  0.00% (0       vias)
        Un-mapped    = 100.00% (2932    vias)
    Layer VIA2       =  0.00% (0      / 5871    vias)
        Un-optimized =  0.00% (0       vias)
        Un-mapped    = 100.00% (5871    vias)
    Layer VIA3       =  0.00% (0      / 1182    vias)
        Un-optimized =  0.00% (0       vias)
        Un-mapped    = 100.00% (1182    vias)
    Layer VIA4       =  0.00% (0      / 294     vias)
        Un-optimized =  0.00% (0       vias)
        Un-mapped    = 100.00% (294     vias)
    Layer VIA5       =  0.00% (0      / 81      vias)
        Un-optimized =  0.00% (0       vias)
        Un-mapped    = 100.00% (81      vias)
    Layer VIA6       =  0.00% (0      / 8       vias)
        Un-optimized =  0.00% (0       vias)
        Un-mapped    = 100.00% (8       vias)
 
  Total double via conversion rate    =  0.00% (0 / 10368 vias)
 
    Layer VIA1       =  0.00% (0      / 2932    vias)
    Layer VIA2       =  0.00% (0      / 5871    vias)
    Layer VIA3       =  0.00% (0      / 1182    vias)
    Layer VIA4       =  0.00% (0      / 294     vias)
    Layer VIA5       =  0.00% (0      / 81      vias)
    Layer VIA6       =  0.00% (0      / 8       vias)
 
  The optimized via conversion rate based on total routed via count =  0.00% (0 / 10368 vias)
 
    Layer VIA1       =  0.00% (0      / 2932    vias)
        Un-optimized =  0.00% (0       vias)
        Un-mapped    = 100.00% (2932    vias)
    Layer VIA2       =  0.00% (0      / 5871    vias)
        Un-optimized =  0.00% (0       vias)
        Un-mapped    = 100.00% (5871    vias)
    Layer VIA3       =  0.00% (0      / 1182    vias)
        Un-optimized =  0.00% (0       vias)
        Un-mapped    = 100.00% (1182    vias)
    Layer VIA4       =  0.00% (0      / 294     vias)
        Un-optimized =  0.00% (0       vias)
        Un-mapped    = 100.00% (294     vias)
    Layer VIA5       =  0.00% (0      / 81      vias)
        Un-optimized =  0.00% (0       vias)
        Un-mapped    = 100.00% (81      vias)
    Layer VIA6       =  0.00% (0      / 8       vias)
        Un-optimized =  0.00% (0       vias)
        Un-mapped    = 100.00% (8       vias)
 
Topology ECO not run, no qualifying violations or in frozen nets.
Updating the database ...
...updated 49 nets with eco mode
[ECO: End] Elapsed real time: 0:00:03 
[ECO: End] Elapsed cpu  time: sys=0:00:01 usr=0:00:12 total=0:00:14
[ECO: End] Stage (MB): Used   -2  Alloctr   -2  Proc 1562 
[ECO: End] Total (MB): Used    0  Alloctr    1  Proc 7826 
Information: The stitching and editing of coupling caps is turned OFF for design 'dut_toplevel.dlib:dut_toplevel/routing.design'. (TIM-125)
Information: Design dut_toplevel has 1676 nets, 0 global routed, 1674 detail routed. (NEX-024)
Information: Serialized np data
INFO: timer data saved to /tmp/dut_toplevel_416764_817642752.timdat

Route-opt ECO routing complete            CPU:   110 s (  0.03 hr )  ELAPSE:    31 s (  0.01 hr )  MEM-PEAK:  3237 MB
Co-efficient Ratio Summary:
4.193421605155  6.578038173730  2.479639287277  7.744187540401  0.485050000107  3.179565835823  5.567214354587  2.894454387461  6.565921217863  9.017937505874  6.472986800933  9.863421481234  6.078248064085  2.744208341123
8.318115604907  9.699225026083  2.464623950064  1.382370221226  9.387184029619  3.142429406669  0.968752789964  6.613180723294  4.146578793224  7.876358918112  5.469441103696  0.963726023477  2.700263543881  3.840450064440
3.750206053169  7.663458842299  6.212201167950  7.759678473967  7.862243056561  0.402387979299  0.032845695897  0.596111512371  4.701287396892  7.205135512169  1.546667398268  1.183717072370  3.334551508244  5.867609731622
7.173894385364  9.669819999761  7.591487347087  7.632106393266  7.679078063326  9.831314288630  1.878805817928  3.230072343539  1.226270037326  7.050450494780  5.771234573631  6.139844426437  4.100335166110  1.274718589655
4.570746653063  5.624878808820  7.826857253678  4.759133418263  5.409027926377  2.609823652834  0.626142538674  6.381676652919  9.187474022495  0.513656796621  8.395886018562  6.119805328586  6.181597412107  1.581675365776
7.486041822107  9.584562469756  2.041727387119  3.921160867338  0.650488682345  9.472458902409  3.368484394994  4.897111549020  6.860149244452  2.000104051691  2.363651307689  2.197033681995  0.915025167443  5.466092308426
8.142690055883  4.607193265224  8.244463794567  3.504870705451  1.682716012888  7.173433718510  9.939562708373  3.617852772683  8.946772637652  1.169969532707  7.897252056262  3.090961381178  5.580841236993  1.131397763510
0.721709625254  7.515947417690  0.649322209371  1.017031043513  5.811519666269  5.826730883342  4.349383292435  0.216216918317  9.612142422527  7.311156782104  3.191825541628  0.356153168076  8.022134669284  2.603132585844
5.024802551363  1.359359521353  5.407563451201  2.804123477518  1.265300052200  0.417760313533  1.833872465081  6.448557737188  4.848373112548  2.936801055033  1.949700524225  4.212397298093  9.007742370112  3.308107178452
5.607471109985  8.514743640423  2.764676979434  9.324216938770  1.551199989997  2.300508202625  0.754685030179  1.961421411696  2.781303341418  3.355375155650  2.705215293602  9.136794524928  9.020324308464  9.978471495117
7.467457734047  3.171274721421  9.815920740044  4.331414637138  0.413524984361  3.309910198619  7.452798206103  1.902827924529  5.623407259547  7.269363008696  6.635719503784  7.093633497185  7.411451256476  6.944246976650
5.239565921087  4.802189647382  3.894401463832  4.531610419342  1.605155657803  8.173730247963  9.287277774418  7.540401048505  0.000353317956  5.833784556721  7.022893689445  4.387453538975  1.217988001793  7.505874310467
0.800933986343  9.509851607812  3.964085274420  8.341123831811  5.604907969922  5.026083246462  3.950064138237  0.221226938718  4.029619314242  9.406669096875  5.048066661318  0.723286387259  8.793349887635  8.918112219113
5.103696096373  4.141094270014  8.443881384045  0.064440375020  6.053169766199  8.842299623369  1.167950375967  8.473967786224  3.056717040238  7.977150003284  8.351201459611  1.512363263701  7.396916520513  5.512169827835
1.398268118372  5.190997333443  6.408244586760  9.731622717389  4.385364966981  9.999761759148  7.347087763210  6.393266767907  8.063326983131  4.288630187880  8.173332723007  2.343521915200  0.037440505045  0.494780240392
8.173631613985  2.544054410021  0.066110127471  8.589655457074  6.653063562231  8.808820784724  7.253678075913  3.418263540902  7.926377260982  3.652834062614  5.894088038167  6.652901701320  4.022519851365  6.796621502757
0.618562611981  3.446103618147  2.312107158167  5.365776748604  1.822107958456  2.469756204172  7.387119392116  0.867338065048  8.682345947245  8.902409336848  7.653882889711  1.549013686242  9.244577400010  4.051691909534
Information: The stitching and editing of coupling caps is turned OFF for design 'dut_toplevel.dlib:dut_toplevel/routing.design'. (TIM-125)
Information: Design dut_toplevel has 1676 nets, 0 global routed, 1674 detail routed. (NEX-024)
Information: The RC mode used is DR for design 'dut_toplevel'. (NEX-022)
---extraction options---
Corner: Fast
 late_cap_scale                : 1
 late_res_scale                : 1
 late_rde_cap_scale            : 1
 late_rde_res_scale            : 1
 early_cap_scale               : 1
 early_res_scale               : 1
 early_rde_cap_scale           : 1
 early_rde_res_scale           : 1
Corner: Typical
 late_cap_scale                : 1
 late_res_scale                : 1
 late_rde_cap_scale            : 1
 late_rde_res_scale            : 1
 early_cap_scale               : 1
 early_res_scale               : 1
 early_rde_cap_scale           : 1
 early_rde_res_scale           : 1
Corner: Slow
 late_cap_scale                : 1
 late_res_scale                : 1
 late_rde_cap_scale            : 1
 late_rde_res_scale            : 1
 early_cap_scale               : 1
 early_res_scale               : 1
 early_rde_cap_scale           : 1
 early_rde_res_scale           : 1
Global options:
 reference_direction       : use_from_tluplus
 real_metalfill_extraction : none
 virtual_shield_extraction : true
---app options---
 host.max_cores                   : 12
 extract.connect_open           : true
 extract.enable_coupling_cap    : false
Extracting design: dut_toplevel 
NEX: virtual shield is applied in extraction.
Information: coupling capacitance is lumped to ground. (NEX-030)
Information: 1674 nets are successfully extracted. (NEX-028)
Warning: Advanced receiver model has not been enabled for detailed routed design. (TIM-204)
Information: Update timing completed net estimation for all the timing graph nets (TIM-111)
Information: Net estimation statistics: timing graph nets = 1674, routed nets = 1674, across physical hierarchy nets = 0, parasitics cached nets = 1674, delay annotated nets = 0, parasitics annotated nets = 0, multi-voltage nets = 0. (TIM-112)
Information: Freeing timing information from routing. (ZRT-574)

Route-opt final QoR
___________________
Scenario Mapping Table
1: Normal_Fast
2: Normal_Slow
3: Normal_Typical
4: PowerSave_Fast
5: PowerSave_Slow
6: PowerSave_Typical

Pathgroup Mapping Table
1: **default**
2: **async_default**
3: **clock_gating_default**
4: **in2reg_default**
5: **reg2out_default**
6: **in2out_default**
7: clk

-------------------------------------------------------------------------------------------------------------------------------------------------------------
PATHGROUP QOR 
-------------------------------------------------------------------------------------------------------------------------------------------------------------
Scene  PG      WNS        TNS    NSV      WHV        THV    NHV
    1   1   0.0000     0.0000      0   0.0000     0.0000      0
    1   2   0.0000     0.0000      0   0.0000     0.0000      0
    1   3   0.0000     0.0000      0   0.0000     0.0000      0
    1   4   0.0000     0.0000      0   0.0000     0.0000      0
    1   5   0.0000     0.0000      0   0.0000     0.0000      0
    1   6   0.0000     0.0000      0   0.0000     0.0000      0
    1   7   0.0000     0.0000      0   0.0000     0.0000      0
    2   1   0.0000     0.0000      0   0.0000     0.0000      0
    2   2   0.0000     0.0000      0   0.0000     0.0000      0
    2   3   0.0000     0.0000      0   0.0000     0.0000      0
    2   4   0.0000     0.0000      0   0.0000     0.0000      0
    2   5   0.0000     0.0000      0   0.0000     0.0000      0
    2   6   0.0000     0.0000      0   0.0000     0.0000      0
    2   7   0.0011     0.0011      1   0.0000     0.0000      0
    3   1   0.0000     0.0000      0   0.0000     0.0000      0
    3   2   0.0000     0.0000      0   0.0000     0.0000      0
    3   3   0.0000     0.0000      0   0.0000     0.0000      0
    3   4   0.0000     0.0000      0   0.0000     0.0000      0
    3   5   0.0000     0.0000      0   0.0000     0.0000      0
    3   6   0.0000     0.0000      0   0.0000     0.0000      0
    3   7   0.0000     0.0000      0   0.0000     0.0000      0
    4   1   0.0000     0.0000      0   0.0000     0.0000      0
    4   2   0.0000     0.0000      0   0.0000     0.0000      0
    4   3   0.0000     0.0000      0   0.0000     0.0000      0
    4   4   0.0000     0.0000      0   0.0000     0.0000      0
    4   5   0.0000     0.0000      0   0.0000     0.0000      0
    4   6   0.0000     0.0000      0   0.0000     0.0000      0
    4   7   0.0000     0.0000      0   0.0000     0.0000      0
    5   1   0.0000     0.0000      0   0.0000     0.0000      0
    5   2   0.0000     0.0000      0   0.0000     0.0000      0
    5   3   0.0000     0.0000      0   0.0000     0.0000      0
    5   4   0.0000     0.0000      0   0.0000     0.0000      0
    5   5   0.0000     0.0000      0   0.0000     0.0000      0
    5   6   0.0000     0.0000      0   0.0000     0.0000      0
    5   7   0.0000     0.0000      0   0.0000     0.0000      0
    6   1   0.0000     0.0000      0   0.0000     0.0000      0
    6   2   0.0000     0.0000      0   0.0000     0.0000      0
    6   3   0.0000     0.0000      0   0.0000     0.0000      0
    6   4   0.0000     0.0000      0   0.0000     0.0000      0
    6   5   0.0000     0.0000      0   0.0000     0.0000      0
    6   6   0.0000     0.0000      0   0.0000     0.0000      0
    6   7   0.0000     0.0000      0   0.0000     0.0000      0
----------------------------------------------------------------------------------------------------------------------------------------------------------------------
SCENARIO QOR 
----------------------------------------------------------------------------------------------------------------------------------------------------------------------
Scene  PG      WNS        TNS   R2RTNS    NSV      WHV        THV    NHV  MaxTrnV   MaxTranC  MaxCapV    Leakage     CellEMV
    1   *   0.0000     0.0000   0.0000      0   0.0000     0.0000      0        0     0.0000        0 33699984.0           0
    2   *   0.0011     0.0011   0.0011      1   0.0000     0.0000      0        0     0.0000        0  17311.543           0
    3   *   0.0000     0.0000   0.0000      0   0.0000     0.0000      0        0     0.0000        0 321069.156           0
    4   *   0.0000     0.0000   0.0000      0   0.0000     0.0000      0        0     0.0000        0 33699984.0           0
    5   *   0.0000     0.0000   0.0000      0   0.0000     0.0000      0        0     0.0000        0  17311.543           0
    6   *   0.0000     0.0000   0.0000      0   0.0000     0.0000      0        0     0.0000        0 321069.156           0
----------------------------------------------------------------------------------------------------------------------------------------------------------------------
DESIGN QOR 
----------------------------------------------------------------------------------------------------------------------------------------------------------------------
Scene  PG      WNS        TNS   R2RTNS    NSV      WHV        THV    NHV  MaxTrnV   MaxTranC  MaxCapV    Leakage         Area    InstCnt     CellEMV
    *   *   0.0011     0.0011   0.0011      1   0.0000     0.0000      0        0     0.0000        0 33699984.0       930.00       1252           0
----------------------------------------------------------------------------------------------------------------------------------------------------------------------

Route-opt final QoR Summary         WNS        TNS   R2RTNS    NSV      WHV        THV    NHV  MaxTrnV  MaxCapV    Leakage         Area    InstCnt
Route-opt final QoR Summary      0.0011     0.0011   0.0011      1   0.0000     0.0000      0        0        0 33699984.0       930.00       1252

Route-opt optimization complete                 0.00        0.00      0.02         0        930.00  33699984.00        1252              0.01      3237
[Tim-Power] Info: Cleared Leakage libCell cache.

Route-opt command complete                CPU:   113 s (  0.03 hr )  ELAPSE:    32 s (  0.01 hr )  MEM-PEAK:  3237 MB
Route-opt command statistics  CPU=70 sec (0.02 hr) ELAPSED=14 sec (0.00 hr) MEM-PEAK=3.161 GB
[Tim-Power] Info: Cleared Leakage libCell cache.
[Tim-Power] Info: Cleared Leakage libCell cache.
Information: Ending   'route_opt' (FLW-8001)
Information: Time: 2025-06-18 14:52:17 / Session:  00:00:31 / Command:  00:00:14 / CPU:  00:01:10 / Memory: 3238 MB (FLW-8100)
1
#### Add redundant VIAs
add_redundant_vias
Cell Min-Routing-Layer = M1
Cell Max-Routing-Layer = M7
Turn off antenna since no rule is specified
Information: Option route.detail.force_end_on_preferred_grid will be ignored since none of the layers have preferred grid. (ZRT-703)
Skipping 3 internal pins that are not physical. Set route.common.verbose_level to > 0 and run routing command to get skipped pin names.
Info: number of net_type_blockage: 1 
Information: Via ladder engine would be activated for pattern must join connection in certain commands. Please refer to man-page for the command list. (ZRT-619)
Via on layer (VIA1) needs more than one tracks
Warning: Layer M1 default pitch 0.074 may be too small to handle up/down via. Note, that minimum requirements are "wire/via-down 0.074" & "wire/via-up 0.078". (ZRT-026)
Via on layer (VIA1) needs more than one tracks
Warning: Layer M2 default pitch 0.060 may be too small to handle up/down via. Note, that minimum requirements are "wire/via-down 0.078" & "wire/via-up 0.060". (ZRT-026)
Via on layer (VIA4) needs more than one tracks
Warning: Layer M5 default pitch 0.100 may be too small to handle up/down via. Note, that minimum requirements are "wire/via-down 0.125" & "wire/via-up 0.100". (ZRT-026)
Via on layer (VIA7) needs more than one tracks
Warning: Layer M7 default pitch 0.100 may be too small to handle up/down via. Note, that minimum requirements are "wire/via-down 0.100" & "wire/via-up 0.107". (ZRT-026)
Wire on layer (M8) needs more than one tracks
Via on layer (VIA7) needs more than one tracks
Via on layer (VIA8) needs more than one tracks
Warning: Layer M8 default pitch 0.100 may be too small to handle up/down via. Note, that minimum requirements are "wire/via-down 0.107" & "wire/via-up 0.135". (ZRT-026)
Wire on layer (M9) needs more than one tracks
Via on layer (VIA8) needs more than one tracks
Via on layer (VIARDL) needs more than one tracks
Warning: Layer M9 default pitch 0.100 may be too small to handle up/down via. Note, that minimum requirements are "wire/via-down 0.135" & "wire/via-up 1.570". (ZRT-026)
Via on layer (VIARDL) needs more than one tracks
Warning: Layer MRDL default pitch 4.000 may be too small to handle up/down via. Note, that minimum requirements are "wire/via-down 4.500" & "wire/via-up 4.000". (ZRT-026)
Information: When applicable Min-max layer allow_pin_connection mode will allow paths of length 0.90 outside the layer range. (ZRT-707)
Information: When applicable Min-max layer allow_pin_connection mode will allow paths of length 0.90 outside the layer range on clock nets. (ZRT-718)
Information: When applicable layer based tapering will taper up to 0.00 in distance from the pin. (ZRT-706)
Warning: Standard cell pin SAEDRVT14_ADDH_0P5/CO has no valid via regions. (ZRT-044)
Warning: Standard cell pin SAEDRVT14_EO2_V1_0P75/A1 has no valid via regions. (ZRT-044)
Printing options for 'route.common.*'
common.eco_route_fix_existing_drc                       :	 true                
common.verbose_level                                    :	 0                   
common.via_on_grid_by_layer_name                        :	 {VIA1 false} {VIA2 true}
common.wire_on_grid_by_layer_name                       :	 {M1 true} {M2 true} {M3 true}

Printing options for 'route.detail.*'
detail.eco_route_use_soft_spacing_for_timing_optimization:	 true                
detail.timing_driven                                    :	 true                

Printing options for 'route.auto_via_ladder.*'

[Dr init] Elapsed real time: 0:00:00 
[Dr init] Elapsed cpu  time: sys=0:00:00 usr=0:00:00 total=0:00:00
[Dr init] Stage (MB): Used   12  Alloctr   12  Proc    0 
[Dr init] Total (MB): Used   49  Alloctr   50  Proc 7730 

Redundant via optimization will attempt to replace the following vias: 

   VIA12SQ_C    -> VIA1_Base_1x2    VIA1_Base_2x1   

   VIA12SQ_C(r) -> VIA1_Base_1x2    VIA1_Base_2x1   

   VIA1_Base    -> VIA1_Base_1x2    VIA1_Base_2x1   

  VIA12BAR1_C    -> VIA1_Base_1x2    VIA1_Base_2x1   

  VIA12BAR1_C(r) -> VIA1_Base_1x2    VIA1_Base_2x1   

  VIA12BAR2_C    -> VIA1_Base_1x2    VIA1_Base_2x1   

  VIA12BAR2_C(r) -> VIA1_Base_1x2    VIA1_Base_2x1   

   VIA12LG_C    -> VIA1_Base_1x2    VIA1_Base_2x1   

   VIA12LG_C(r) -> VIA1_Base_1x2    VIA1_Base_2x1   

     VIA12SQ    -> VIA1_Base_1x2    VIA1_Base_2x1   

     VIA12SQ(r) -> VIA1_Base_1x2    VIA1_Base_2x1   

   VIA12BAR1    -> VIA1_Base_1x2    VIA1_Base_2x1   

   VIA12BAR1(r) -> VIA1_Base_1x2    VIA1_Base_2x1   

   VIA12BAR2    -> VIA1_Base_1x2    VIA1_Base_2x1   

   VIA12BAR2(r) -> VIA1_Base_1x2    VIA1_Base_2x1   

     VIA12LG    -> VIA1_Base_1x2    VIA1_Base_2x1   

     VIA12LG(r) -> VIA1_Base_1x2    VIA1_Base_2x1   

  VIA1_32SQ_C    -> VIA1_Base_1x2    VIA1_Base_2x1   

  VIA1_32SQ_C(r) -> VIA1_Base_1x2    VIA1_Base_2x1   

  VIA1_32BAR1_C    -> VIA1_Base_1x2    VIA1_Base_2x1   

  VIA1_32BAR1_C(r) -> VIA1_Base_1x2    VIA1_Base_2x1   

  VIA1_32BAR2_C    -> VIA1_Base_1x2    VIA1_Base_2x1   

  VIA1_32BAR2_C(r) -> VIA1_Base_1x2    VIA1_Base_2x1   

  VIA1_32LG_C    -> VIA1_Base_1x2    VIA1_Base_2x1   

  VIA1_32LG_C(r) -> VIA1_Base_1x2    VIA1_Base_2x1   

   VIA1_32SQ    -> VIA1_Base_1x2    VIA1_Base_2x1   

   VIA1_32SQ(r) -> VIA1_Base_1x2    VIA1_Base_2x1   

  VIA1_32BAR1    -> VIA1_Base_1x2    VIA1_Base_2x1   

  VIA1_32BAR1(r) -> VIA1_Base_1x2    VIA1_Base_2x1   

  VIA1_32BAR2    -> VIA1_Base_1x2    VIA1_Base_2x1   

  VIA1_32BAR2(r) -> VIA1_Base_1x2    VIA1_Base_2x1   

   VIA1_32LG    -> VIA1_Base_1x2    VIA1_Base_2x1   

   VIA1_32LG(r) -> VIA1_Base_1x2    VIA1_Base_2x1   

  VIA12_3SQ_C    -> VIA1_Base_1x2    VIA1_Base_2x1   

  VIA12_3SQ_C(r) -> VIA1_Base_1x2    VIA1_Base_2x1   

  VIA12_3BAR1_C    -> VIA1_Base_1x2    VIA1_Base_2x1   

  VIA12_3BAR1_C(r) -> VIA1_Base_1x2    VIA1_Base_2x1   

  VIA12_3BAR2_C    -> VIA1_Base_1x2    VIA1_Base_2x1   

  VIA12_3BAR2_C(r) -> VIA1_Base_1x2    VIA1_Base_2x1   

  VIA12_3LG_C    -> VIA1_Base_1x2    VIA1_Base_2x1   

  VIA12_3LG_C(r) -> VIA1_Base_1x2    VIA1_Base_2x1   

   VIA12_3SQ    -> VIA1_Base_1x2    VIA1_Base_2x1   

   VIA12_3SQ(r) -> VIA1_Base_1x2    VIA1_Base_2x1   

  VIA12_3BAR1    -> VIA1_Base_1x2    VIA1_Base_2x1   

  VIA12_3BAR1(r) -> VIA1_Base_1x2    VIA1_Base_2x1   

  VIA12_3BAR2    -> VIA1_Base_1x2    VIA1_Base_2x1   

  VIA12_3BAR2(r) -> VIA1_Base_1x2    VIA1_Base_2x1   

   VIA12_3LG    -> VIA1_Base_1x2    VIA1_Base_2x1   

   VIA12_3LG(r) -> VIA1_Base_1x2    VIA1_Base_2x1   

  VIA1_32_3SQ_C    -> VIA1_Base_1x2    VIA1_Base_2x1   

  VIA1_32_3SQ_C(r) -> VIA1_Base_1x2    VIA1_Base_2x1   

  VIA1_32_3BAR1_C    -> VIA1_Base_1x2    VIA1_Base_2x1   

  VIA1_32_3BAR1_C(r) -> VIA1_Base_1x2    VIA1_Base_2x1   

  VIA1_32_3BAR2_C    -> VIA1_Base_1x2    VIA1_Base_2x1   

  VIA1_32_3BAR2_C(r) -> VIA1_Base_1x2    VIA1_Base_2x1   

  VIA1_32_3LG_C    -> VIA1_Base_1x2    VIA1_Base_2x1   

  VIA1_32_3LG_C(r) -> VIA1_Base_1x2    VIA1_Base_2x1   

  VIA1_32_3SQ    -> VIA1_Base_1x2    VIA1_Base_2x1   

  VIA1_32_3SQ(r) -> VIA1_Base_1x2    VIA1_Base_2x1   

  VIA1_32_3BAR1    -> VIA1_Base_1x2    VIA1_Base_2x1   

  VIA1_32_3BAR1(r) -> VIA1_Base_1x2    VIA1_Base_2x1   

  VIA1_32_3BAR2    -> VIA1_Base_1x2    VIA1_Base_2x1   

  VIA1_32_3BAR2(r) -> VIA1_Base_1x2    VIA1_Base_2x1   

  VIA1_32_3LG    -> VIA1_Base_1x2    VIA1_Base_2x1   

  VIA1_32_3LG(r) -> VIA1_Base_1x2    VIA1_Base_2x1   

   VIA2_Base    -> VIA2_Base_2x1    VIA2_Base_1x2   

   VIA23SQ_C    -> VIA2_Base_2x1    VIA2_Base_1x2   

   VIA23SQ_C(r) -> VIA2_Base_2x1    VIA2_Base_1x2   

  VIA23BAR1_C    -> VIA2_Base_2x1    VIA2_Base_1x2   

  VIA23BAR1_C(r) -> VIA2_Base_2x1    VIA2_Base_1x2   

  VIA23BAR2_C    -> VIA2_Base_2x1    VIA2_Base_1x2   

  VIA23BAR2_C(r) -> VIA2_Base_2x1    VIA2_Base_1x2   

   VIA23LG_C    -> VIA2_Base_2x1    VIA2_Base_1x2   

   VIA23LG_C(r) -> VIA2_Base_2x1    VIA2_Base_1x2   

     VIA23SQ    -> VIA2_Base_2x1    VIA2_Base_1x2   

     VIA23SQ(r) -> VIA2_Base_2x1    VIA2_Base_1x2   

   VIA23BAR1    -> VIA2_Base_2x1    VIA2_Base_1x2   

   VIA23BAR1(r) -> VIA2_Base_2x1    VIA2_Base_1x2   

   VIA23BAR2    -> VIA2_Base_2x1    VIA2_Base_1x2   

   VIA23BAR2(r) -> VIA2_Base_2x1    VIA2_Base_1x2   

     VIA23LG    -> VIA2_Base_2x1    VIA2_Base_1x2   

     VIA23LG(r) -> VIA2_Base_2x1    VIA2_Base_1x2   

  VIA2_33SQ_C    -> VIA2_Base_2x1    VIA2_Base_1x2   

  VIA2_33SQ_C(r) -> VIA2_Base_2x1    VIA2_Base_1x2   

  VIA2_33BAR1_C    -> VIA2_Base_2x1    VIA2_Base_1x2   

  VIA2_33BAR1_C(r) -> VIA2_Base_2x1    VIA2_Base_1x2   

  VIA2_33BAR2_C    -> VIA2_Base_2x1    VIA2_Base_1x2   

  VIA2_33BAR2_C(r) -> VIA2_Base_2x1    VIA2_Base_1x2   

  VIA2_33LG_C    -> VIA2_Base_2x1    VIA2_Base_1x2   

  VIA2_33LG_C(r) -> VIA2_Base_2x1    VIA2_Base_1x2   

   VIA2_33SQ    -> VIA2_Base_2x1    VIA2_Base_1x2   

   VIA2_33SQ(r) -> VIA2_Base_2x1    VIA2_Base_1x2   

  VIA2_33BAR1    -> VIA2_Base_2x1    VIA2_Base_1x2   

  VIA2_33BAR1(r) -> VIA2_Base_2x1    VIA2_Base_1x2   

  VIA2_33BAR2    -> VIA2_Base_2x1    VIA2_Base_1x2   

  VIA2_33BAR2(r) -> VIA2_Base_2x1    VIA2_Base_1x2   

   VIA2_33LG    -> VIA2_Base_2x1    VIA2_Base_1x2   

   VIA2_33LG(r) -> VIA2_Base_2x1    VIA2_Base_1x2   

  VIA23_3SQ_C    -> VIA2_Base_2x1    VIA2_Base_1x2   

  VIA23_3SQ_C(r) -> VIA2_Base_2x1    VIA2_Base_1x2   

  VIA23_3BAR1_C    -> VIA2_Base_2x1    VIA2_Base_1x2   

  VIA23_3BAR1_C(r) -> VIA2_Base_2x1    VIA2_Base_1x2   

  VIA23_3BAR2_C    -> VIA2_Base_2x1    VIA2_Base_1x2   

  VIA23_3BAR2_C(r) -> VIA2_Base_2x1    VIA2_Base_1x2   

  VIA23_3LG_C    -> VIA2_Base_2x1    VIA2_Base_1x2   

  VIA23_3LG_C(r) -> VIA2_Base_2x1    VIA2_Base_1x2   

   VIA23_3SQ    -> VIA2_Base_2x1    VIA2_Base_1x2   

   VIA23_3SQ(r) -> VIA2_Base_2x1    VIA2_Base_1x2   

  VIA23_3BAR1    -> VIA2_Base_2x1    VIA2_Base_1x2   

  VIA23_3BAR1(r) -> VIA2_Base_2x1    VIA2_Base_1x2   

  VIA23_3BAR2    -> VIA2_Base_2x1    VIA2_Base_1x2   

  VIA23_3BAR2(r) -> VIA2_Base_2x1    VIA2_Base_1x2   

   VIA23_3LG    -> VIA2_Base_2x1    VIA2_Base_1x2   

   VIA23_3LG(r) -> VIA2_Base_2x1    VIA2_Base_1x2   

  VIA2_33_3SQ_C    -> VIA2_Base_2x1    VIA2_Base_1x2   

  VIA2_33_3SQ_C(r) -> VIA2_Base_2x1    VIA2_Base_1x2   

  VIA2_33_3BAR1_C    -> VIA2_Base_2x1    VIA2_Base_1x2   

  VIA2_33_3BAR1_C(r) -> VIA2_Base_2x1    VIA2_Base_1x2   

  VIA2_33_3BAR2_C    -> VIA2_Base_2x1    VIA2_Base_1x2   

  VIA2_33_3BAR2_C(r) -> VIA2_Base_2x1    VIA2_Base_1x2   

  VIA2_33_3LG_C    -> VIA2_Base_2x1    VIA2_Base_1x2   

  VIA2_33_3LG_C(r) -> VIA2_Base_2x1    VIA2_Base_1x2   

  VIA2_33_3SQ    -> VIA2_Base_2x1    VIA2_Base_1x2   

  VIA2_33_3SQ(r) -> VIA2_Base_2x1    VIA2_Base_1x2   

  VIA2_33_3BAR1    -> VIA2_Base_2x1    VIA2_Base_1x2   

  VIA2_33_3BAR1(r) -> VIA2_Base_2x1    VIA2_Base_1x2   

  VIA2_33_3BAR2    -> VIA2_Base_2x1    VIA2_Base_1x2   

  VIA2_33_3BAR2(r) -> VIA2_Base_2x1    VIA2_Base_1x2   

  VIA2_33_3LG    -> VIA2_Base_2x1    VIA2_Base_1x2   

  VIA2_33_3LG(r) -> VIA2_Base_2x1    VIA2_Base_1x2   

   VIA34SQ_C    -> VIA34SQ_C_2x1(r) VIA34SQ_2x1(r) VIA34SQ_2x1    VIA34SQ_C_2x1   
                   VIA34BAR1_C_1x2   

   VIA34SQ_C(r) -> VIA34SQ_C_2x1(r) VIA34SQ_2x1(r) VIA34SQ_2x1    VIA34SQ_C_2x1   
                   VIA34BAR1_C_1x2   

  VIA34BAR1_C    -> VIA34SQ_C_2x1(r) VIA34SQ_2x1(r) VIA34SQ_2x1    VIA34SQ_C_2x1   
                   VIA34BAR1_C_1x2   

  VIA34BAR1_C(r) -> VIA34SQ_C_2x1(r) VIA34SQ_2x1(r) VIA34SQ_2x1    VIA34SQ_C_2x1   
                   VIA34BAR1_C_1x2   

  VIA34BAR2_C    -> VIA34SQ_C_2x1(r) VIA34SQ_2x1(r) VIA34SQ_2x1    VIA34SQ_C_2x1   
                   VIA34BAR1_C_1x2   

  VIA34BAR2_C(r) -> VIA34SQ_C_2x1(r) VIA34SQ_2x1(r) VIA34SQ_2x1    VIA34SQ_C_2x1   
                   VIA34BAR1_C_1x2   

   VIA34LG_C    -> VIA34SQ_C_2x1(r) VIA34SQ_2x1(r) VIA34SQ_2x1    VIA34SQ_C_2x1   
                   VIA34BAR1_C_1x2   

   VIA34LG_C(r) -> VIA34SQ_C_2x1(r) VIA34SQ_2x1(r) VIA34SQ_2x1    VIA34SQ_C_2x1   
                   VIA34BAR1_C_1x2   

     VIA34SQ    -> VIA34SQ_C_2x1(r) VIA34SQ_2x1(r) VIA34SQ_2x1    VIA34SQ_C_2x1   
                   VIA34BAR1_C_1x2   

     VIA34SQ(r) -> VIA34SQ_C_2x1(r) VIA34SQ_2x1(r) VIA34SQ_2x1    VIA34SQ_C_2x1   
                   VIA34BAR1_C_1x2   

   VIA34BAR1    -> VIA34SQ_C_2x1(r) VIA34SQ_2x1(r) VIA34SQ_2x1    VIA34SQ_C_2x1   
                   VIA34BAR1_C_1x2   

   VIA34BAR1(r) -> VIA34SQ_C_2x1(r) VIA34SQ_2x1(r) VIA34SQ_2x1    VIA34SQ_C_2x1   
                   VIA34BAR1_C_1x2   

   VIA34BAR2    -> VIA34SQ_C_2x1(r) VIA34SQ_2x1(r) VIA34SQ_2x1    VIA34SQ_C_2x1   
                   VIA34BAR1_C_1x2   

   VIA34BAR2(r) -> VIA34SQ_C_2x1(r) VIA34SQ_2x1(r) VIA34SQ_2x1    VIA34SQ_C_2x1   
                   VIA34BAR1_C_1x2   

     VIA34LG    -> VIA34SQ_C_2x1(r) VIA34SQ_2x1(r) VIA34SQ_2x1    VIA34SQ_C_2x1   
                   VIA34BAR1_C_1x2   

     VIA34LG(r) -> VIA34SQ_C_2x1(r) VIA34SQ_2x1(r) VIA34SQ_2x1    VIA34SQ_C_2x1   
                   VIA34BAR1_C_1x2   

  VIA3_34SQ_C    -> VIA34SQ_C_2x1(r) VIA34SQ_2x1(r) VIA34SQ_2x1    VIA34SQ_C_2x1   
                   VIA34BAR1_C_1x2   

  VIA3_34SQ_C(r) -> VIA34SQ_C_2x1(r) VIA34SQ_2x1(r) VIA34SQ_2x1    VIA34SQ_C_2x1   
                   VIA34BAR1_C_1x2   

  VIA3_34BAR1_C    -> VIA34SQ_C_2x1(r) VIA34SQ_2x1(r) VIA34SQ_2x1    VIA34SQ_C_2x1   
                   VIA34BAR1_C_1x2   

  VIA3_34BAR1_C(r) -> VIA34SQ_C_2x1(r) VIA34SQ_2x1(r) VIA34SQ_2x1    VIA34SQ_C_2x1   
                   VIA34BAR1_C_1x2   

  VIA3_34BAR2_C    -> VIA34SQ_C_2x1(r) VIA34SQ_2x1(r) VIA34SQ_2x1    VIA34SQ_C_2x1   
                   VIA34BAR1_C_1x2   

  VIA3_34BAR2_C(r) -> VIA34SQ_C_2x1(r) VIA34SQ_2x1(r) VIA34SQ_2x1    VIA34SQ_C_2x1   
                   VIA34BAR1_C_1x2   

  VIA3_34LG_C    -> VIA34SQ_C_2x1(r) VIA34SQ_2x1(r) VIA34SQ_2x1    VIA34SQ_C_2x1   
                   VIA34BAR1_C_1x2   

   VIA3_34SQ    -> VIA34SQ_C_2x1(r) VIA34SQ_2x1(r) VIA34SQ_2x1    VIA34SQ_C_2x1   
                   VIA34BAR1_C_1x2   

   VIA3_34SQ(r) -> VIA34SQ_C_2x1(r) VIA34SQ_2x1(r) VIA34SQ_2x1    VIA34SQ_C_2x1   
                   VIA34BAR1_C_1x2   

  VIA3_34BAR1    -> VIA34SQ_C_2x1(r) VIA34SQ_2x1(r) VIA34SQ_2x1    VIA34SQ_C_2x1   
                   VIA34BAR1_C_1x2   

  VIA3_34BAR1(r) -> VIA34SQ_C_2x1(r) VIA34SQ_2x1(r) VIA34SQ_2x1    VIA34SQ_C_2x1   
                   VIA34BAR1_C_1x2   

  VIA3_34BAR2    -> VIA34SQ_C_2x1(r) VIA34SQ_2x1(r) VIA34SQ_2x1    VIA34SQ_C_2x1   
                   VIA34BAR1_C_1x2   

  VIA3_34BAR2(r) -> VIA34SQ_C_2x1(r) VIA34SQ_2x1(r) VIA34SQ_2x1    VIA34SQ_C_2x1   
                   VIA34BAR1_C_1x2   

    VIA3_4LG    -> VIA34SQ_C_2x1(r) VIA34SQ_2x1(r) VIA34SQ_2x1    VIA34SQ_C_2x1   
                   VIA34BAR1_C_1x2   

  VIA4BAR1_C    -> VIA4SQ_2x1    VIA4BAR1_C_1x2   

  VIA4BAR1_C(r) -> VIA4SQ_2x1    VIA4BAR1_C_1x2   

  VIA4BAR2_C    -> VIA4SQ_2x1    VIA4BAR1_C_1x2   

  VIA4BAR2_C(r) -> VIA4SQ_2x1    VIA4BAR1_C_1x2   

    VIA4LG_C    -> VIA4SQ_2x1    VIA4BAR1_C_1x2   

      VIA4SQ    -> VIA4SQ_2x1    VIA4BAR1_C_1x2   

    VIA4BAR1    -> VIA4SQ_2x1    VIA4BAR1_C_1x2   

    VIA4BAR1(r) -> VIA4SQ_2x1    VIA4BAR1_C_1x2   

    VIA4BAR2    -> VIA4SQ_2x1    VIA4BAR1_C_1x2   

    VIA4BAR2(r) -> VIA4SQ_2x1    VIA4BAR1_C_1x2   

      VIA4LG    -> VIA4SQ_2x1    VIA4BAR1_C_1x2   

    VIA5SQ_C    -> VIA5SQ_C_1x2    VIA5SQ_C_2x1   

    VIA5SQ_C(r) -> VIA5SQ_C_1x2    VIA5SQ_C_2x1   

  VIA5BAR1_C    -> VIA5SQ_C_1x2    VIA5SQ_C_2x1   

  VIA5BAR1_C(r) -> VIA5SQ_C_1x2    VIA5SQ_C_2x1   

  VIA5BAR2_C    -> VIA5SQ_C_1x2    VIA5SQ_C_2x1   

  VIA5BAR2_C(r) -> VIA5SQ_C_1x2    VIA5SQ_C_2x1   

    VIA5LG_C    -> VIA5SQ_C_1x2    VIA5SQ_C_2x1   

    VIA5LG_C(r) -> VIA5SQ_C_1x2    VIA5SQ_C_2x1   

      VIA5SQ    -> VIA5SQ_C_1x2    VIA5SQ_C_2x1   

    VIA5BAR1    -> VIA5SQ_C_1x2    VIA5SQ_C_2x1   

    VIA5BAR1(r) -> VIA5SQ_C_1x2    VIA5SQ_C_2x1   

    VIA5BAR2    -> VIA5SQ_C_1x2    VIA5SQ_C_2x1   

    VIA5BAR2(r) -> VIA5SQ_C_1x2    VIA5SQ_C_2x1   

      VIA5LG    -> VIA5SQ_C_1x2    VIA5SQ_C_2x1   

   VIA67SQ_C    -> VIA67SQ_C_2x1    VIA67SQ_C_1x2   

  VIA67BAR1_C    -> VIA67SQ_C_2x1    VIA67SQ_C_1x2   

  VIA67BAR1_C(r) -> VIA67SQ_C_2x1    VIA67SQ_C_1x2   

     VIA67SQ    -> VIA67SQ_C_2x1    VIA67SQ_C_1x2   

     VIA67SQ(r) -> VIA67SQ_C_2x1    VIA67SQ_C_1x2   

   VIA67BAR1    -> VIA67SQ_C_2x1    VIA67SQ_C_1x2   

   VIA67BAR1(r) -> VIA67SQ_C_2x1    VIA67SQ_C_1x2   

   VIA67BAR2    -> VIA67SQ_C_2x1    VIA67SQ_C_1x2   

   VIA67BAR2(r) -> VIA67SQ_C_2x1    VIA67SQ_C_1x2   

     VIA67LG    -> VIA67SQ_C_2x1    VIA67SQ_C_1x2   

   VIA78SQ_C    -> VIA78SQ_C_1x2(r) VIA78SQ_1x2(r) VIA78SQ_1x2    VIA78SQ_C_1x2   
                   VIA78SQ_C_2x1(r) VIA78SQ_2x1(r) VIA78SQ_2x1    VIA78SQ_C_2x1   

   VIA78SQ_C(r) -> VIA78SQ_C_1x2(r) VIA78SQ_1x2(r) VIA78SQ_1x2    VIA78SQ_C_1x2   
                   VIA78SQ_C_2x1(r) VIA78SQ_2x1(r) VIA78SQ_2x1    VIA78SQ_C_2x1   

  VIA78BAR1_C    -> VIA78SQ_C_1x2(r) VIA78SQ_1x2(r) VIA78SQ_1x2    VIA78SQ_C_1x2   
                   VIA78SQ_C_2x1(r) VIA78SQ_2x1(r) VIA78SQ_2x1    VIA78SQ_C_2x1   

  VIA78BAR1_C(r) -> VIA78SQ_C_1x2(r) VIA78SQ_1x2(r) VIA78SQ_1x2    VIA78SQ_C_1x2   
                   VIA78SQ_C_2x1(r) VIA78SQ_2x1(r) VIA78SQ_2x1    VIA78SQ_C_2x1   

  VIA78BAR2_C    -> VIA78SQ_C_1x2(r) VIA78SQ_1x2(r) VIA78SQ_1x2    VIA78SQ_C_1x2   
                   VIA78SQ_C_2x1(r) VIA78SQ_2x1(r) VIA78SQ_2x1    VIA78SQ_C_2x1   

  VIA78BAR2_C(r) -> VIA78SQ_C_1x2(r) VIA78SQ_1x2(r) VIA78SQ_1x2    VIA78SQ_C_1x2   
                   VIA78SQ_C_2x1(r) VIA78SQ_2x1(r) VIA78SQ_2x1    VIA78SQ_C_2x1   

   VIA78LG_C    -> VIA78SQ_C_1x2(r) VIA78SQ_1x2(r) VIA78SQ_1x2    VIA78SQ_C_1x2   
                   VIA78SQ_C_2x1(r) VIA78SQ_2x1(r) VIA78SQ_2x1    VIA78SQ_C_2x1   

     VIA78SQ    -> VIA78SQ_C_1x2(r) VIA78SQ_1x2(r) VIA78SQ_1x2    VIA78SQ_C_1x2   
                   VIA78SQ_C_2x1(r) VIA78SQ_2x1(r) VIA78SQ_2x1    VIA78SQ_C_2x1   

     VIA78SQ(r) -> VIA78SQ_C_1x2(r) VIA78SQ_1x2(r) VIA78SQ_1x2    VIA78SQ_C_1x2   
                   VIA78SQ_C_2x1(r) VIA78SQ_2x1(r) VIA78SQ_2x1    VIA78SQ_C_2x1   

   VIA78BAR1    -> VIA78SQ_C_1x2(r) VIA78SQ_1x2(r) VIA78SQ_1x2    VIA78SQ_C_1x2   
                   VIA78SQ_C_2x1(r) VIA78SQ_2x1(r) VIA78SQ_2x1    VIA78SQ_C_2x1   

   VIA78BAR1(r) -> VIA78SQ_C_1x2(r) VIA78SQ_1x2(r) VIA78SQ_1x2    VIA78SQ_C_1x2   
                   VIA78SQ_C_2x1(r) VIA78SQ_2x1(r) VIA78SQ_2x1    VIA78SQ_C_2x1   

   VIA78BAR2    -> VIA78SQ_C_1x2(r) VIA78SQ_1x2(r) VIA78SQ_1x2    VIA78SQ_C_1x2   
                   VIA78SQ_C_2x1(r) VIA78SQ_2x1(r) VIA78SQ_2x1    VIA78SQ_C_2x1   

   VIA78BAR2(r) -> VIA78SQ_C_1x2(r) VIA78SQ_1x2(r) VIA78SQ_1x2    VIA78SQ_C_1x2   
                   VIA78SQ_C_2x1(r) VIA78SQ_2x1(r) VIA78SQ_2x1    VIA78SQ_C_2x1   

     VIA78LG    -> VIA78SQ_C_1x2(r) VIA78SQ_1x2(r) VIA78SQ_1x2    VIA78SQ_C_1x2   
                   VIA78SQ_C_2x1(r) VIA78SQ_2x1(r) VIA78SQ_2x1    VIA78SQ_C_2x1   

     VIA89_C    -> VIA89_C_2x1    VIA89_C_1x2   

       VIA89    -> VIA89_C_2x1    VIA89_C_1x2   

     VIA9RDL    -> VIA9RDL_1x2    VIA9RDL_2x1   



	There were 0 out of 5603 pins with no spots.

[Technology Processing] Elapsed real time: 0:00:00 
[Technology Processing] Elapsed cpu  time: sys=0:00:00 usr=0:00:00 total=0:00:00
[Technology Processing] Stage (MB): Used   13  Alloctr   12  Proc    0 
[Technology Processing] Total (MB): Used   49  Alloctr   51  Proc 7730 

Begin Redundant via insertion ...

Routed	1/6 Partitions, Violations =	4
Routed	2/6 Partitions, Violations =	17
Routed	3/6 Partitions, Violations =	20
Routed	4/6 Partitions, Violations =	39
Routed	5/6 Partitions, Violations =	45
Routed	6/6 Partitions, Violations =	73

RedundantVia finished with 73 violations


DRC-SUMMARY:
	@@@@@@@ TOTAL VIOLATIONS =	73
	Diff net spacing : 7
	Diff net var rule spacing : 3
	Edge-line via spacing : 3
	Less than minimum area : 1
	Less than minimum enclosed area : 16
	Less than NDR width : 30
	Off-grid : 4
	Same net spacing : 9


Total Wire Length =                    11910 micron
Total Number of Contacts =             10311
Total Number of Wires =                12146
Total Number of PtConns =              1323
Total Number of Routed Wires =       11852
Total Routed Wire Length =           11728 micron
Total Number of Routed Contacts =       10250
	Layer                 M1 :         64 micron
	Layer                 M2 :       3630 micron
	Layer                 M3 :       4340 micron
	Layer                 M4 :       2444 micron
	Layer                 M5 :        856 micron
	Layer                 M6 :        360 micron
	Layer                 M7 :         34 micron
	Layer                 M8 :          0 micron
	Layer                 M9 :          0 micron
	Layer               MRDL :          0 micron
	Via        VIA67SQ_C_2x1 :          4
	Via             VIA5SQ_C :          3
	Via         VIA5SQ_C_1x2 :         30
	Via         VIA5SQ_C_2x1 :         21
	Via               VIA4SQ :         41
	Via       VIA4BAR1_C_1x2 :         66
	Via           VIA4SQ_2x1 :        169
	Via            VIA34SQ_C :        228
	Via       VIA34SQ_C(rot) :          2
	Via   VIA34SQ_C(rot)_2x1 :        300
	Via      VIA34BAR1_C_1x2 :        442
	Via     VIA34SQ(rot)_2x1 :         10
	Via          VIA34SQ_2x1 :        190
	Via            VIA2_Base :       1012
	Via            VIA23SQ_C :          6
	Via        VIA2_Base_1x2 :       1362
	Via        VIA2_Base_2x1 :       3436
	Via       VIA12SQ_C(rot) :          8
	Via            VIA1_Base :       1842
	Via        VIA1_Base_1x2 :        438
	Via        VIA1_Base_2x1 :        640

 
Redundant via conversion report:
--------------------------------

  Total optimized via conversion rate = 69.16% (7131 / 10311 vias)
 
    Layer VIA1       = 36.83% (1080   / 2932    vias)
        Weight 1     = 36.83% (1080    vias)
        Un-optimized =  0.00% (0       vias)
        Un-mapped    = 63.17% (1852    vias)
    Layer VIA2       = 82.51% (4802   / 5820    vias)
        Weight 1     = 82.51% (4802    vias)
        Un-optimized =  0.00% (0       vias)
        Un-mapped    = 17.49% (1018    vias)
    Layer VIA3       = 80.36% (945    / 1176    vias)
        Weight 1     = 80.36% (945     vias)
        Un-optimized =  0.00% (0       vias)
        Un-mapped    = 19.64% (231     vias)
    Layer VIA4       = 81.63% (240    / 294     vias)
        Weight 1     = 81.63% (240     vias)
        Un-optimized =  0.00% (0       vias)
        Un-mapped    = 18.37% (54      vias)
    Layer VIA5       = 69.14% (56     / 81      vias)
        Weight 1     = 69.14% (56      vias)
        Un-optimized =  0.00% (0       vias)
        Un-mapped    = 30.86% (25      vias)
    Layer VIA6       = 100.00% (8      / 8       vias)
        Weight 1     = 100.00% (8       vias)
        Un-optimized =  0.00% (0       vias)
        Un-mapped    =  0.00% (0       vias)
 
  Total double via conversion rate    = 69.16% (7131 / 10311 vias)
 
    Layer VIA1       = 36.83% (1080   / 2932    vias)
    Layer VIA2       = 82.51% (4802   / 5820    vias)
    Layer VIA3       = 80.36% (945    / 1176    vias)
    Layer VIA4       = 81.63% (240    / 294     vias)
    Layer VIA5       = 69.14% (56     / 81      vias)
    Layer VIA6       = 100.00% (8      / 8       vias)
 
  The optimized via conversion rate based on total routed via count = 69.16% (7131 / 10311 vias)
 
    Layer VIA1       = 36.83% (1080   / 2932    vias)
        Weight 1     = 36.83% (1080    vias)
        Un-optimized =  0.00% (0       vias)
        Un-mapped    = 63.17% (1852    vias)
    Layer VIA2       = 82.51% (4802   / 5820    vias)
        Weight 1     = 82.51% (4802    vias)
        Un-optimized =  0.00% (0       vias)
        Un-mapped    = 17.49% (1018    vias)
    Layer VIA3       = 80.36% (945    / 1176    vias)
        Weight 1     = 80.36% (945     vias)
        Un-optimized =  0.00% (0       vias)
        Un-mapped    = 19.64% (231     vias)
    Layer VIA4       = 81.63% (240    / 294     vias)
        Weight 1     = 81.63% (240     vias)
        Un-optimized =  0.00% (0       vias)
        Un-mapped    = 18.37% (54      vias)
    Layer VIA5       = 69.14% (56     / 81      vias)
        Weight 1     = 69.14% (56      vias)
        Un-optimized =  0.00% (0       vias)
        Un-mapped    = 30.86% (25      vias)
    Layer VIA6       = 100.00% (8      / 8       vias)
        Weight 1     = 100.00% (8       vias)
        Un-optimized =  0.00% (0       vias)
        Un-mapped    =  0.00% (0       vias)
 

[RedundantVia] Elapsed real time: 0:00:06 
[RedundantVia] Elapsed cpu  time: sys=0:00:00 usr=0:00:08 total=0:00:08
[RedundantVia] Stage (MB): Used   74  Alloctr   75  Proc    0 
[RedundantVia] Total (MB): Used  111  Alloctr  114  Proc 7730 

Begin DRC fixing ...

[Dr init] Elapsed real time: 0:00:06 
[Dr init] Elapsed cpu  time: sys=0:00:00 usr=0:00:08 total=0:00:08
[Dr init] Stage (MB): Used   74  Alloctr   75  Proc    0 
[Dr init] Total (MB): Used  111  Alloctr  114  Proc 7730 
Total number of nets = 1676, of which 0 are not extracted
Total number of open nets = 0, of which 0 are frozen
Information: Using 12 threads for routing. (ZRT-444)
Start DR iteration 1: non-uniform partition
Routed	1/38 Partitions, Violations =	72
Routed	2/38 Partitions, Violations =	69
Routed	3/38 Partitions, Violations =	69
Routed	4/38 Partitions, Violations =	60
Routed	5/38 Partitions, Violations =	60
Routed	6/38 Partitions, Violations =	56
Routed	7/38 Partitions, Violations =	54
Routed	8/38 Partitions, Violations =	54
Routed	9/38 Partitions, Violations =	54
Routed	10/38 Partitions, Violations =	51
Routed	11/38 Partitions, Violations =	40
Routed	12/38 Partitions, Violations =	40
Routed	13/38 Partitions, Violations =	40
Routed	14/38 Partitions, Violations =	39
Routed	15/38 Partitions, Violations =	39
Routed	16/38 Partitions, Violations =	38
Routed	17/38 Partitions, Violations =	38
Routed	18/38 Partitions, Violations =	37
Routed	19/38 Partitions, Violations =	32
Routed	20/38 Partitions, Violations =	32
Routed	21/38 Partitions, Violations =	32
Routed	22/38 Partitions, Violations =	32
Routed	23/38 Partitions, Violations =	27
Routed	24/38 Partitions, Violations =	27
Routed	25/38 Partitions, Violations =	26
Routed	26/38 Partitions, Violations =	26
Routed	27/38 Partitions, Violations =	24
Routed	28/38 Partitions, Violations =	22
Routed	29/38 Partitions, Violations =	22
Routed	30/38 Partitions, Violations =	19
Routed	31/38 Partitions, Violations =	19
Routed	32/38 Partitions, Violations =	12
Routed	33/38 Partitions, Violations =	12
Routed	34/38 Partitions, Violations =	8
Routed	35/38 Partitions, Violations =	7
Routed	36/38 Partitions, Violations =	4
Routed	37/38 Partitions, Violations =	2
Routed	38/38 Partitions, Violations =	1

DRC-SUMMARY:
	@@@@@@@ TOTAL VIOLATIONS =	1
	Diff net spacing : 1

[Iter 1] Elapsed real time: 0:00:06 
[Iter 1] Elapsed cpu  time: sys=0:00:01 usr=0:00:10 total=0:00:12
[Iter 1] Stage (MB): Used  136  Alloctr  137  Proc    0 
[Iter 1] Total (MB): Used  172  Alloctr  176  Proc 7730 

End DR iteration 1 with 38 parts

Start DR iteration 2: non-uniform partition
Routed	1/1 Partitions, Violations =	0

DRC-SUMMARY:
	@@@@@@@ TOTAL VIOLATIONS =	0

[Iter 2] Elapsed real time: 0:00:07 
[Iter 2] Elapsed cpu  time: sys=0:00:01 usr=0:00:12 total=0:00:14
[Iter 2] Stage (MB): Used  136  Alloctr  137  Proc    0 
[Iter 2] Total (MB): Used  172  Alloctr  176  Proc 7730 

End DR iteration 2 with 1 parts

Finish DR since reached 0 DRC

[DR] Elapsed real time: 0:00:07 
[DR] Elapsed cpu  time: sys=0:00:01 usr=0:00:12 total=0:00:14
[DR] Stage (MB): Used   62  Alloctr   63  Proc    0 
[DR] Total (MB): Used   99  Alloctr  102  Proc 7730 

Redundant via insertion finished with 0 open nets, of which 0 are frozen

Redundant via insertion finished with 0 violations

DRC-SUMMARY:
	@@@@@@@ TOTAL VIOLATIONS =	0



Total Wire Length =                    11908 micron
Total Number of Contacts =             10308
Total Number of Wires =                12144
Total Number of PtConns =              1293
Total Number of Routed Wires =       11862
Total Routed Wire Length =           11728 micron
Total Number of Routed Contacts =       10247
	Layer                 M1 :         64 micron
	Layer                 M2 :       3627 micron
	Layer                 M3 :       4340 micron
	Layer                 M4 :       2448 micron
	Layer                 M5 :        859 micron
	Layer                 M6 :        360 micron
	Layer                 M7 :         31 micron
	Layer                 M8 :          0 micron
	Layer                 M9 :          0 micron
	Layer               MRDL :          0 micron
	Via            VIA67SQ_C :          1
	Via        VIA67SQ_C_2x1 :          3
	Via             VIA5SQ_C :          3
	Via         VIA5SQ_C_1x2 :         30
	Via         VIA5SQ_C_2x1 :         21
	Via               VIA4SQ :         42
	Via       VIA4BAR1_C_1x2 :         65
	Via           VIA4SQ_2x1 :        168
	Via            VIA34SQ_C :        239
	Via       VIA34SQ_C(rot) :          4
	Via          VIA34BAR2_C :          1
	Via   VIA34SQ_C(rot)_2x1 :        295
	Via      VIA34BAR1_C_1x2 :        439
	Via     VIA34SQ(rot)_2x1 :         10
	Via          VIA34SQ_2x1 :        190
	Via            VIA2_Base :       1056
	Via            VIA23SQ_C :          7
	Via        VIA2_33_3LG_C :          4
	Via        VIA2_Base_1x2 :       1347
	Via        VIA2_Base_2x1 :       3394
	Via       VIA12SQ_C(rot) :          8
	Via            VIA1_Base :       1854
	Via        VIA1_Base_1x2 :        429
	Via        VIA1_Base_2x1 :        637

 
Redundant via conversion report:
--------------------------------

  Total optimized via conversion rate = 68.39% (7050 / 10308 vias)
 
    Layer VIA1       = 36.43% (1068   / 2932    vias)
        Weight 1     = 36.43% (1068    vias)
        Un-optimized =  0.00% (0       vias)
        Un-mapped    = 63.57% (1864    vias)
    Layer VIA2       = 81.64% (4745   / 5812    vias)
        Weight 1     = 81.64% (4745    vias)
        Un-optimized =  0.00% (0       vias)
        Un-mapped    = 18.36% (1067    vias)
    Layer VIA3       = 79.27% (937    / 1182    vias)
        Weight 1     = 79.27% (937     vias)
        Un-optimized =  0.00% (0       vias)
        Un-mapped    = 20.73% (245     vias)
    Layer VIA4       = 81.23% (238    / 293     vias)
        Weight 1     = 81.23% (238     vias)
        Un-optimized =  0.00% (0       vias)
        Un-mapped    = 18.77% (55      vias)
    Layer VIA5       = 68.29% (56     / 82      vias)
        Weight 1     = 68.29% (56      vias)
        Un-optimized =  0.00% (0       vias)
        Un-mapped    = 31.71% (26      vias)
    Layer VIA6       = 85.71% (6      / 7       vias)
        Weight 1     = 85.71% (6       vias)
        Un-optimized =  0.00% (0       vias)
        Un-mapped    = 14.29% (1       vias)
 
  Total double via conversion rate    = 68.39% (7050 / 10308 vias)
 
    Layer VIA1       = 36.43% (1068   / 2932    vias)
    Layer VIA2       = 81.64% (4745   / 5812    vias)
    Layer VIA3       = 79.27% (937    / 1182    vias)
    Layer VIA4       = 81.23% (238    / 293     vias)
    Layer VIA5       = 68.29% (56     / 82      vias)
    Layer VIA6       = 85.71% (6      / 7       vias)
 
  The optimized via conversion rate based on total routed via count = 68.39% (7050 / 10308 vias)
 
    Layer VIA1       = 36.43% (1068   / 2932    vias)
        Weight 1     = 36.43% (1068    vias)
        Un-optimized =  0.00% (0       vias)
        Un-mapped    = 63.57% (1864    vias)
    Layer VIA2       = 81.64% (4745   / 5812    vias)
        Weight 1     = 81.64% (4745    vias)
        Un-optimized =  0.00% (0       vias)
        Un-mapped    = 18.36% (1067    vias)
    Layer VIA3       = 79.27% (937    / 1182    vias)
        Weight 1     = 79.27% (937     vias)
        Un-optimized =  0.00% (0       vias)
        Un-mapped    = 20.73% (245     vias)
    Layer VIA4       = 81.23% (238    / 293     vias)
        Weight 1     = 81.23% (238     vias)
        Un-optimized =  0.00% (0       vias)
        Un-mapped    = 18.77% (55      vias)
    Layer VIA5       = 68.29% (56     / 82      vias)
        Weight 1     = 68.29% (56      vias)
        Un-optimized =  0.00% (0       vias)
        Un-mapped    = 31.71% (26      vias)
    Layer VIA6       = 85.71% (6      / 7       vias)
        Weight 1     = 85.71% (6       vias)
        Un-optimized =  0.00% (0       vias)
        Un-mapped    = 14.29% (1       vias)
 

Total number of nets = 1676
0 open nets, of which 0 are frozen
Total number of excluded ports = 0 ports of 0 unplaced cells connected to 0 nets
                                 0 ports without pins of 0 cells connected to 0 nets
                                 0 ports of 0 cover cells connected to 0 non-pg nets
Total number of DRCs = 0
Total number of antenna violations = antenna checking not active
Information: Routes in non-preferred voltage areas = 0 (ZRT-559)

Updating the database ...
Information: Extraction observers are detached as design net change threshold is reached.
Information: The net parasitics of block dut_toplevel are cleared. (TIM-123)
#### ECO routing fix
route_eco
Generating Timing information  
Information: The stitching and editing of coupling caps is turned OFF for design 'dut_toplevel.dlib:dut_toplevel/routing.design'. (TIM-125)
Information: Design dut_toplevel has 1676 nets, 0 global routed, 1674 detail routed. (NEX-024)
Information: The RC mode used is DR for design 'dut_toplevel'. (NEX-022)
---extraction options---
Corner: Fast
 late_cap_scale                : 1
 late_res_scale                : 1
 late_rde_cap_scale            : 1
 late_rde_res_scale            : 1
 early_cap_scale               : 1
 early_res_scale               : 1
 early_rde_cap_scale           : 1
 early_rde_res_scale           : 1
Corner: Typical
 late_cap_scale                : 1
 late_res_scale                : 1
 late_rde_cap_scale            : 1
 late_rde_res_scale            : 1
 early_cap_scale               : 1
 early_res_scale               : 1
 early_rde_cap_scale           : 1
 early_rde_res_scale           : 1
Corner: Slow
 late_cap_scale                : 1
 late_res_scale                : 1
 late_rde_cap_scale            : 1
 late_rde_res_scale            : 1
 early_cap_scale               : 1
 early_res_scale               : 1
 early_rde_cap_scale           : 1
 early_rde_res_scale           : 1
Global options:
 reference_direction       : use_from_tluplus
 real_metalfill_extraction : none
 virtual_shield_extraction : true
---app options---
 host.max_cores                   : 12
 extract.connect_open           : true
 extract.enable_coupling_cap    : false
Extracting design: dut_toplevel 
NEX: virtual shield is applied in extraction.
Information: coupling capacitance is lumped to ground. (NEX-030)
Information: 1674 nets are successfully extracted. (NEX-028)
Warning: Advanced receiver model has not been enabled for detailed routed design. (TIM-204)
Information: Update timing completed net estimation for all the timing graph nets (TIM-111)
Information: Net estimation statistics: timing graph nets = 1674, routed nets = 1674, across physical hierarchy nets = 0, parasitics cached nets = 1674, delay annotated nets = 0, parasitics annotated nets = 0, multi-voltage nets = 0. (TIM-112)
Design  Scenario Normal_Slow (Mode Normal Corner Slow)
Warning: Current dominant scenario Normal_Slow for timing driven route  is different from dominant scenario for the previous timing driven route which is Normal_Fast. (ZRT-647)
Generating Timing information  ... Done
Information: Serialized np data
INFO: timer data saved to /tmp/dut_toplevel_416764_817642752.timdat
[End of Generating Timing Information] Elapsed real time: 0:00:00 
[End of Generating Timing Information] Elapsed cpu  time: sys=0:00:00 usr=0:00:02 total=0:00:02
Cell Min-Routing-Layer = M1
Cell Max-Routing-Layer = M7
Turn off antenna since no rule is specified
Information: Option route.detail.force_end_on_preferred_grid will be ignored since none of the layers have preferred grid. (ZRT-703)
Skipping 3 internal pins that are not physical. Set route.common.verbose_level to > 0 and run routing command to get skipped pin names.
Info: number of net_type_blockage: 1 
Information: Via ladder engine would be activated for pattern must join connection in certain commands. Please refer to man-page for the command list. (ZRT-619)
Via on layer (VIA1) needs more than one tracks
Warning: Layer M1 default pitch 0.074 may be too small to handle up/down via. Note, that minimum requirements are "wire/via-down 0.074" & "wire/via-up 0.078". (ZRT-026)
Via on layer (VIA1) needs more than one tracks
Warning: Layer M2 default pitch 0.060 may be too small to handle up/down via. Note, that minimum requirements are "wire/via-down 0.078" & "wire/via-up 0.060". (ZRT-026)
Via on layer (VIA4) needs more than one tracks
Warning: Layer M5 default pitch 0.100 may be too small to handle up/down via. Note, that minimum requirements are "wire/via-down 0.125" & "wire/via-up 0.100". (ZRT-026)
Via on layer (VIA7) needs more than one tracks
Warning: Layer M7 default pitch 0.100 may be too small to handle up/down via. Note, that minimum requirements are "wire/via-down 0.100" & "wire/via-up 0.107". (ZRT-026)
Wire on layer (M8) needs more than one tracks
Via on layer (VIA7) needs more than one tracks
Via on layer (VIA8) needs more than one tracks
Warning: Layer M8 default pitch 0.100 may be too small to handle up/down via. Note, that minimum requirements are "wire/via-down 0.107" & "wire/via-up 0.135". (ZRT-026)
Wire on layer (M9) needs more than one tracks
Via on layer (VIA8) needs more than one tracks
Via on layer (VIARDL) needs more than one tracks
Warning: Layer M9 default pitch 0.100 may be too small to handle up/down via. Note, that minimum requirements are "wire/via-down 0.135" & "wire/via-up 1.570". (ZRT-026)
Via on layer (VIARDL) needs more than one tracks
Warning: Layer MRDL default pitch 4.000 may be too small to handle up/down via. Note, that minimum requirements are "wire/via-down 4.500" & "wire/via-up 4.000". (ZRT-026)
Information: When applicable Min-max layer allow_pin_connection mode will allow paths of length 0.90 outside the layer range. (ZRT-707)
Information: When applicable Min-max layer allow_pin_connection mode will allow paths of length 0.90 outside the layer range on clock nets. (ZRT-718)
Information: When applicable layer based tapering will taper up to 0.00 in distance from the pin. (ZRT-706)
Warning: Standard cell pin SAEDRVT14_ADDH_0P5/CO has no valid via regions. (ZRT-044)
Warning: Standard cell pin SAEDRVT14_EO2_V1_0P75/A1 has no valid via regions. (ZRT-044)
[ECO: DbIn With Extraction] Elapsed real time: 0:00:00 
[ECO: DbIn With Extraction] Elapsed cpu  time: sys=0:00:00 usr=0:00:00 total=0:00:00
[ECO: DbIn With Extraction] Stage (MB): Used   32  Alloctr   33  Proc    0 
[ECO: DbIn With Extraction] Total (MB): Used   35  Alloctr   37  Proc 7730 
[ECO: Before Refresh Via Ladder Phase] Elapsed real time: 0:00:00 
[ECO: Before Refresh Via Ladder Phase] Elapsed cpu  time: sys=0:00:00 usr=0:00:00 total=0:00:00
[ECO: Before Refresh Via Ladder Phase] Stage (MB): Used   32  Alloctr   33  Proc    0 
[ECO: Before Refresh Via Ladder Phase] Total (MB): Used   35  Alloctr   37  Proc 7730 

    Found 0 via ladders to verify.

VIA LADDER INFO: found 0 via ladder DRCs across 0 nets.
Updating the database ...

    Via ladders will be inserted on 0 of 0 ports with via ladder constraints.

Updating the database ...
[ECO: After Refresh Via Ladder Phase] Elapsed real time: 0:00:00 
[ECO: After Refresh Via Ladder Phase] Elapsed cpu  time: sys=0:00:00 usr=0:00:00 total=0:00:00
[ECO: After Refresh Via Ladder Phase] Stage (MB): Used   33  Alloctr   34  Proc    0 
[ECO: After Refresh Via Ladder Phase] Total (MB): Used   37  Alloctr   38  Proc 7730 
[ECO: Analysis] Elapsed real time: 0:00:00 
[ECO: Analysis] Elapsed cpu  time: sys=0:00:00 usr=0:00:00 total=0:00:00
[ECO: Analysis] Stage (MB): Used   33  Alloctr   34  Proc    0 
[ECO: Analysis] Total (MB): Used   37  Alloctr   38  Proc 7730 
Num of eco nets = 1676
Num of open eco nets = 0
[ECO: Init] Elapsed real time: 0:00:00 
[ECO: Init] Elapsed cpu  time: sys=0:00:00 usr=0:00:00 total=0:00:00
[ECO: Init] Stage (MB): Used   34  Alloctr   34  Proc    0 
[ECO: Init] Total (MB): Used   37  Alloctr   39  Proc 7730 
Loading timing information to the router from design
Timing information loaded to the router.
Printing options for 'route.common.*'
common.eco_route_fix_existing_drc                       :	 true                
common.verbose_level                                    :	 0                   
common.via_on_grid_by_layer_name                        :	 {VIA1 false} {VIA2 true}
common.wire_on_grid_by_layer_name                       :	 {M1 true} {M2 true} {M3 true}

Printing options for 'route.detail.*'
detail.eco_route_use_soft_spacing_for_timing_optimization:	 true                
detail.timing_driven                                    :	 true                

Printing options for 'route.auto_via_ladder.*'

Information: RC layer preference is turned on for this design. (ZRT-613)

Begin ECO DRC check ...

Checked	1/6 Partitions, Violations =	0
Checked	2/6 Partitions, Violations =	0
Checked	3/6 Partitions, Violations =	0
Checked	4/6 Partitions, Violations =	0
Checked	5/6 Partitions, Violations =	0
Checked	6/6 Partitions, Violations =	0

DRC-SUMMARY:
	@@@@@@@ TOTAL VIOLATIONS =	0

[DRC CHECK] Elapsed real time: 0:00:01 
[DRC CHECK] Elapsed cpu  time: sys=0:00:00 usr=0:00:05 total=0:00:05
[DRC CHECK] Stage (MB): Used    0  Alloctr    0  Proc    1 
[DRC CHECK] Total (MB): Used  111  Alloctr  113  Proc 7732 

Total Wire Length =                    11914 micron
Total Number of Contacts =             10308
Total Number of Wires =                12049
Total Number of PtConns =              1334
Total Number of Routed Wires =       11818
Total Routed Wire Length =           11734 micron
Total Number of Routed Contacts =       10247
	Layer                 M1 :         64 micron
	Layer                 M2 :       3628 micron
	Layer                 M3 :       4341 micron
	Layer                 M4 :       2451 micron
	Layer                 M5 :        859 micron
	Layer                 M6 :        360 micron
	Layer                 M7 :         31 micron
	Layer                 M8 :          0 micron
	Layer                 M9 :          0 micron
	Layer               MRDL :          0 micron
	Via            VIA67SQ_C :          1
	Via        VIA67SQ_C_2x1 :          3
	Via             VIA5SQ_C :          3
	Via         VIA5SQ_C_1x2 :         30
	Via         VIA5SQ_C_2x1 :         21
	Via               VIA4SQ :         42
	Via           VIA4SQ_2x1 :        168
	Via       VIA4BAR1_C_1x2 :         65
	Via            VIA34SQ_C :        239
	Via       VIA34SQ_C(rot) :          4
	Via          VIA34BAR2_C :          1
	Via   VIA34SQ_C(rot)_2x1 :        295
	Via      VIA34BAR1_C_1x2 :        439
	Via          VIA34SQ_2x1 :        190
	Via     VIA34SQ(rot)_2x1 :         10
	Via            VIA2_Base :       1056
	Via            VIA23SQ_C :          7
	Via        VIA2_33_3LG_C :          4
	Via        VIA2_Base_2x1 :       3394
	Via        VIA2_Base_1x2 :       1347
	Via       VIA12SQ_C(rot) :          8
	Via            VIA1_Base :       1854
	Via        VIA1_Base_1x2 :        429
	Via        VIA1_Base_2x1 :        637

 
Redundant via conversion report:
--------------------------------

  Total optimized via conversion rate = 68.39% (7050 / 10308 vias)
 
    Layer VIA1       = 36.43% (1068   / 2932    vias)
        Weight 1     = 36.43% (1068    vias)
        Un-optimized =  0.00% (0       vias)
        Un-mapped    = 63.57% (1864    vias)
    Layer VIA2       = 81.64% (4745   / 5812    vias)
        Weight 1     = 81.64% (4745    vias)
        Un-optimized =  0.00% (0       vias)
        Un-mapped    = 18.36% (1067    vias)
    Layer VIA3       = 79.27% (937    / 1182    vias)
        Weight 1     = 79.27% (937     vias)
        Un-optimized =  0.00% (0       vias)
        Un-mapped    = 20.73% (245     vias)
    Layer VIA4       = 81.23% (238    / 293     vias)
        Weight 1     = 81.23% (238     vias)
        Un-optimized =  0.00% (0       vias)
        Un-mapped    = 18.77% (55      vias)
    Layer VIA5       = 68.29% (56     / 82      vias)
        Weight 1     = 68.29% (56      vias)
        Un-optimized =  0.00% (0       vias)
        Un-mapped    = 31.71% (26      vias)
    Layer VIA6       = 85.71% (6      / 7       vias)
        Weight 1     = 85.71% (6       vias)
        Un-optimized =  0.00% (0       vias)
        Un-mapped    = 14.29% (1       vias)
 
  Total double via conversion rate    = 68.39% (7050 / 10308 vias)
 
    Layer VIA1       = 36.43% (1068   / 2932    vias)
    Layer VIA2       = 81.64% (4745   / 5812    vias)
    Layer VIA3       = 79.27% (937    / 1182    vias)
    Layer VIA4       = 81.23% (238    / 293     vias)
    Layer VIA5       = 68.29% (56     / 82      vias)
    Layer VIA6       = 85.71% (6      / 7       vias)
 
  The optimized via conversion rate based on total routed via count = 68.39% (7050 / 10308 vias)
 
    Layer VIA1       = 36.43% (1068   / 2932    vias)
        Weight 1     = 36.43% (1068    vias)
        Un-optimized =  0.00% (0       vias)
        Un-mapped    = 63.57% (1864    vias)
    Layer VIA2       = 81.64% (4745   / 5812    vias)
        Weight 1     = 81.64% (4745    vias)
        Un-optimized =  0.00% (0       vias)
        Un-mapped    = 18.36% (1067    vias)
    Layer VIA3       = 79.27% (937    / 1182    vias)
        Weight 1     = 79.27% (937     vias)
        Un-optimized =  0.00% (0       vias)
        Un-mapped    = 20.73% (245     vias)
    Layer VIA4       = 81.23% (238    / 293     vias)
        Weight 1     = 81.23% (238     vias)
        Un-optimized =  0.00% (0       vias)
        Un-mapped    = 18.77% (55      vias)
    Layer VIA5       = 68.29% (56     / 82      vias)
        Weight 1     = 68.29% (56      vias)
        Un-optimized =  0.00% (0       vias)
        Un-mapped    = 31.71% (26      vias)
    Layer VIA6       = 85.71% (6      / 7       vias)
        Weight 1     = 85.71% (6       vias)
        Un-optimized =  0.00% (0       vias)
        Un-mapped    = 14.29% (1       vias)
 

DR finished with 0 violations


DRC-SUMMARY:
	@@@@@@@ TOTAL VIOLATIONS =	0


Total Wire Length =                    11914 micron
Total Number of Contacts =             10308
Total Number of Wires =                12049
Total Number of PtConns =              1334
Total Number of Routed Wires =       11818
Total Routed Wire Length =           11734 micron
Total Number of Routed Contacts =       10247
	Layer                 M1 :         64 micron
	Layer                 M2 :       3628 micron
	Layer                 M3 :       4341 micron
	Layer                 M4 :       2451 micron
	Layer                 M5 :        859 micron
	Layer                 M6 :        360 micron
	Layer                 M7 :         31 micron
	Layer                 M8 :          0 micron
	Layer                 M9 :          0 micron
	Layer               MRDL :          0 micron
	Via            VIA67SQ_C :          1
	Via        VIA67SQ_C_2x1 :          3
	Via             VIA5SQ_C :          3
	Via         VIA5SQ_C_1x2 :         30
	Via         VIA5SQ_C_2x1 :         21
	Via               VIA4SQ :         42
	Via           VIA4SQ_2x1 :        168
	Via       VIA4BAR1_C_1x2 :         65
	Via            VIA34SQ_C :        239
	Via       VIA34SQ_C(rot) :          4
	Via          VIA34BAR2_C :          1
	Via   VIA34SQ_C(rot)_2x1 :        295
	Via      VIA34BAR1_C_1x2 :        439
	Via          VIA34SQ_2x1 :        190
	Via     VIA34SQ(rot)_2x1 :         10
	Via            VIA2_Base :       1056
	Via            VIA23SQ_C :          7
	Via        VIA2_33_3LG_C :          4
	Via        VIA2_Base_2x1 :       3394
	Via        VIA2_Base_1x2 :       1347
	Via       VIA12SQ_C(rot) :          8
	Via            VIA1_Base :       1854
	Via        VIA1_Base_1x2 :        429
	Via        VIA1_Base_2x1 :        637

 
Redundant via conversion report:
--------------------------------

  Total optimized via conversion rate = 68.39% (7050 / 10308 vias)
 
    Layer VIA1       = 36.43% (1068   / 2932    vias)
        Weight 1     = 36.43% (1068    vias)
        Un-optimized =  0.00% (0       vias)
        Un-mapped    = 63.57% (1864    vias)
    Layer VIA2       = 81.64% (4745   / 5812    vias)
        Weight 1     = 81.64% (4745    vias)
        Un-optimized =  0.00% (0       vias)
        Un-mapped    = 18.36% (1067    vias)
    Layer VIA3       = 79.27% (937    / 1182    vias)
        Weight 1     = 79.27% (937     vias)
        Un-optimized =  0.00% (0       vias)
        Un-mapped    = 20.73% (245     vias)
    Layer VIA4       = 81.23% (238    / 293     vias)
        Weight 1     = 81.23% (238     vias)
        Un-optimized =  0.00% (0       vias)
        Un-mapped    = 18.77% (55      vias)
    Layer VIA5       = 68.29% (56     / 82      vias)
        Weight 1     = 68.29% (56      vias)
        Un-optimized =  0.00% (0       vias)
        Un-mapped    = 31.71% (26      vias)
    Layer VIA6       = 85.71% (6      / 7       vias)
        Weight 1     = 85.71% (6       vias)
        Un-optimized =  0.00% (0       vias)
        Un-mapped    = 14.29% (1       vias)
 
  Total double via conversion rate    = 68.39% (7050 / 10308 vias)
 
    Layer VIA1       = 36.43% (1068   / 2932    vias)
    Layer VIA2       = 81.64% (4745   / 5812    vias)
    Layer VIA3       = 79.27% (937    / 1182    vias)
    Layer VIA4       = 81.23% (238    / 293     vias)
    Layer VIA5       = 68.29% (56     / 82      vias)
    Layer VIA6       = 85.71% (6      / 7       vias)
 
  The optimized via conversion rate based on total routed via count = 68.39% (7050 / 10308 vias)
 
    Layer VIA1       = 36.43% (1068   / 2932    vias)
        Weight 1     = 36.43% (1068    vias)
        Un-optimized =  0.00% (0       vias)
        Un-mapped    = 63.57% (1864    vias)
    Layer VIA2       = 81.64% (4745   / 5812    vias)
        Weight 1     = 81.64% (4745    vias)
        Un-optimized =  0.00% (0       vias)
        Un-mapped    = 18.36% (1067    vias)
    Layer VIA3       = 79.27% (937    / 1182    vias)
        Weight 1     = 79.27% (937     vias)
        Un-optimized =  0.00% (0       vias)
        Un-mapped    = 20.73% (245     vias)
    Layer VIA4       = 81.23% (238    / 293     vias)
        Weight 1     = 81.23% (238     vias)
        Un-optimized =  0.00% (0       vias)
        Un-mapped    = 18.77% (55      vias)
    Layer VIA5       = 68.29% (56     / 82      vias)
        Weight 1     = 68.29% (56      vias)
        Un-optimized =  0.00% (0       vias)
        Un-mapped    = 31.71% (26      vias)
    Layer VIA6       = 85.71% (6      / 7       vias)
        Weight 1     = 85.71% (6       vias)
        Un-optimized =  0.00% (0       vias)
        Un-mapped    = 14.29% (1       vias)
 



Begin timing optimization in DR ...

Printing options for 'route.common.*'
common.eco_route_fix_existing_drc                       :	 true                
common.verbose_level                                    :	 0                   
common.via_on_grid_by_layer_name                        :	 {VIA1 false} {VIA2 true}
common.wire_on_grid_by_layer_name                       :	 {M1 true} {M2 true} {M3 true}

Printing options for 'route.detail.*'
detail.eco_route_use_soft_spacing_for_timing_optimization:	 true                
detail.timing_driven                                    :	 true                

Printing options for 'route.auto_via_ladder.*'

Information: RC layer preference is turned on for this design. (ZRT-613)
[Dr init] Elapsed real time: 0:00:01 
[Dr init] Elapsed cpu  time: sys=0:00:00 usr=0:00:05 total=0:00:05
[Dr init] Stage (MB): Used   12  Alloctr   12  Proc    1 
[Dr init] Total (MB): Used   50  Alloctr   51  Proc 7732 

Begin timing soft drc check ...

Created 0 soft drcs


DRC-SUMMARY:
	@@@@@@@ TOTAL VIOLATIONS =	0
[SOFT DRC] Elapsed real time: 0:00:00 
[SOFT DRC] Elapsed cpu  time: sys=0:00:00 usr=0:00:00 total=0:00:00
[SOFT DRC] Stage (MB): Used    0  Alloctr    0  Proc    0 
[SOFT DRC] Total (MB): Used   50  Alloctr   52  Proc 7732 
[DR] Elapsed real time: 0:00:01 
[DR] Elapsed cpu  time: sys=0:00:00 usr=0:00:05 total=0:00:05
[DR] Stage (MB): Used    0  Alloctr    0  Proc    1 
[DR] Total (MB): Used   37  Alloctr   39  Proc 7732 
[DR: Done] Elapsed real time: 0:00:01 
[DR: Done] Elapsed cpu  time: sys=0:00:00 usr=0:00:05 total=0:00:05
[DR: Done] Stage (MB): Used    0  Alloctr    0  Proc    1 
[DR: Done] Total (MB): Used   37  Alloctr   39  Proc 7732 


Finished timing optimization in DR ...


Nets that have been changed:
Total number of changed nets = 0 (out of 1676)

[DR: Done] Elapsed real time: 0:00:01 
[DR: Done] Elapsed cpu  time: sys=0:00:00 usr=0:00:05 total=0:00:05
[DR: Done] Stage (MB): Used    0  Alloctr    0  Proc    1 
[DR: Done] Total (MB): Used   37  Alloctr   39  Proc 7732 
[ECO: DR] Elapsed real time: 0:00:01 
[ECO: DR] Elapsed cpu  time: sys=0:00:00 usr=0:00:05 total=0:00:06
[ECO: DR] Stage (MB): Used   34  Alloctr   35  Proc    1 
[ECO: DR] Total (MB): Used   37  Alloctr   39  Proc 7732 

ECO Route finished with 0 open nets, of which 0 are frozen

ECO Route finished with 0 violations

DRC-SUMMARY:
	@@@@@@@ TOTAL VIOLATIONS =	0



Total Wire Length =                    11914 micron
Total Number of Contacts =             10308
Total Number of Wires =                12049
Total Number of PtConns =              1334
Total Number of Routed Wires =       11818
Total Routed Wire Length =           11734 micron
Total Number of Routed Contacts =       10247
	Layer                 M1 :         64 micron
	Layer                 M2 :       3628 micron
	Layer                 M3 :       4341 micron
	Layer                 M4 :       2451 micron
	Layer                 M5 :        859 micron
	Layer                 M6 :        360 micron
	Layer                 M7 :         31 micron
	Layer                 M8 :          0 micron
	Layer                 M9 :          0 micron
	Layer               MRDL :          0 micron
	Via            VIA67SQ_C :          1
	Via        VIA67SQ_C_2x1 :          3
	Via             VIA5SQ_C :          3
	Via         VIA5SQ_C_1x2 :         30
	Via         VIA5SQ_C_2x1 :         21
	Via               VIA4SQ :         42
	Via           VIA4SQ_2x1 :        168
	Via       VIA4BAR1_C_1x2 :         65
	Via            VIA34SQ_C :        239
	Via       VIA34SQ_C(rot) :          4
	Via          VIA34BAR2_C :          1
	Via   VIA34SQ_C(rot)_2x1 :        295
	Via      VIA34BAR1_C_1x2 :        439
	Via          VIA34SQ_2x1 :        190
	Via     VIA34SQ(rot)_2x1 :         10
	Via            VIA2_Base :       1056
	Via            VIA23SQ_C :          7
	Via        VIA2_33_3LG_C :          4
	Via        VIA2_Base_2x1 :       3394
	Via        VIA2_Base_1x2 :       1347
	Via       VIA12SQ_C(rot) :          8
	Via            VIA1_Base :       1854
	Via        VIA1_Base_1x2 :        429
	Via        VIA1_Base_2x1 :        637

 
Redundant via conversion report:
--------------------------------

  Total optimized via conversion rate = 68.39% (7050 / 10308 vias)
 
    Layer VIA1       = 36.43% (1068   / 2932    vias)
        Weight 1     = 36.43% (1068    vias)
        Un-optimized =  0.00% (0       vias)
        Un-mapped    = 63.57% (1864    vias)
    Layer VIA2       = 81.64% (4745   / 5812    vias)
        Weight 1     = 81.64% (4745    vias)
        Un-optimized =  0.00% (0       vias)
        Un-mapped    = 18.36% (1067    vias)
    Layer VIA3       = 79.27% (937    / 1182    vias)
        Weight 1     = 79.27% (937     vias)
        Un-optimized =  0.00% (0       vias)
        Un-mapped    = 20.73% (245     vias)
    Layer VIA4       = 81.23% (238    / 293     vias)
        Weight 1     = 81.23% (238     vias)
        Un-optimized =  0.00% (0       vias)
        Un-mapped    = 18.77% (55      vias)
    Layer VIA5       = 68.29% (56     / 82      vias)
        Weight 1     = 68.29% (56      vias)
        Un-optimized =  0.00% (0       vias)
        Un-mapped    = 31.71% (26      vias)
    Layer VIA6       = 85.71% (6      / 7       vias)
        Weight 1     = 85.71% (6       vias)
        Un-optimized =  0.00% (0       vias)
        Un-mapped    = 14.29% (1       vias)
 
  Total double via conversion rate    = 68.39% (7050 / 10308 vias)
 
    Layer VIA1       = 36.43% (1068   / 2932    vias)
    Layer VIA2       = 81.64% (4745   / 5812    vias)
    Layer VIA3       = 79.27% (937    / 1182    vias)
    Layer VIA4       = 81.23% (238    / 293     vias)
    Layer VIA5       = 68.29% (56     / 82      vias)
    Layer VIA6       = 85.71% (6      / 7       vias)
 
  The optimized via conversion rate based on total routed via count = 68.39% (7050 / 10308 vias)
 
    Layer VIA1       = 36.43% (1068   / 2932    vias)
        Weight 1     = 36.43% (1068    vias)
        Un-optimized =  0.00% (0       vias)
        Un-mapped    = 63.57% (1864    vias)
    Layer VIA2       = 81.64% (4745   / 5812    vias)
        Weight 1     = 81.64% (4745    vias)
        Un-optimized =  0.00% (0       vias)
        Un-mapped    = 18.36% (1067    vias)
    Layer VIA3       = 79.27% (937    / 1182    vias)
        Weight 1     = 79.27% (937     vias)
        Un-optimized =  0.00% (0       vias)
        Un-mapped    = 20.73% (245     vias)
    Layer VIA4       = 81.23% (238    / 293     vias)
        Weight 1     = 81.23% (238     vias)
        Un-optimized =  0.00% (0       vias)
        Un-mapped    = 18.77% (55      vias)
    Layer VIA5       = 68.29% (56     / 82      vias)
        Weight 1     = 68.29% (56      vias)
        Un-optimized =  0.00% (0       vias)
        Un-mapped    = 31.71% (26      vias)
    Layer VIA6       = 85.71% (6      / 7       vias)
        Weight 1     = 85.71% (6       vias)
        Un-optimized =  0.00% (0       vias)
        Un-mapped    = 14.29% (1       vias)
 

Total number of nets = 1676
0 open nets, of which 0 are frozen
Total number of excluded ports = 0 ports of 0 unplaced cells connected to 0 nets
                                 0 ports without pins of 0 cells connected to 0 nets
                                 0 ports of 0 cover cells connected to 0 non-pg nets
Total number of DRCs = 0
Total number of antenna violations = antenna checking not active
Information: Routes in non-preferred voltage areas = 0 (ZRT-559)

Total Wire Length =                    11914 micron
Total Number of Contacts =             10308
Total Number of Wires =                12049
Total Number of PtConns =              1334
Total Number of Routed Wires =       11818
Total Routed Wire Length =           11734 micron
Total Number of Routed Contacts =       10247
	Layer                 M1 :         64 micron
	Layer                 M2 :       3628 micron
	Layer                 M3 :       4341 micron
	Layer                 M4 :       2451 micron
	Layer                 M5 :        859 micron
	Layer                 M6 :        360 micron
	Layer                 M7 :         31 micron
	Layer                 M8 :          0 micron
	Layer                 M9 :          0 micron
	Layer               MRDL :          0 micron
	Via            VIA67SQ_C :          1
	Via        VIA67SQ_C_2x1 :          3
	Via             VIA5SQ_C :          3
	Via         VIA5SQ_C_1x2 :         30
	Via         VIA5SQ_C_2x1 :         21
	Via               VIA4SQ :         42
	Via           VIA4SQ_2x1 :        168
	Via       VIA4BAR1_C_1x2 :         65
	Via            VIA34SQ_C :        239
	Via       VIA34SQ_C(rot) :          4
	Via          VIA34BAR2_C :          1
	Via   VIA34SQ_C(rot)_2x1 :        295
	Via      VIA34BAR1_C_1x2 :        439
	Via          VIA34SQ_2x1 :        190
	Via     VIA34SQ(rot)_2x1 :         10
	Via            VIA2_Base :       1056
	Via            VIA23SQ_C :          7
	Via        VIA2_33_3LG_C :          4
	Via        VIA2_Base_2x1 :       3394
	Via        VIA2_Base_1x2 :       1347
	Via       VIA12SQ_C(rot) :          8
	Via            VIA1_Base :       1854
	Via        VIA1_Base_1x2 :        429
	Via        VIA1_Base_2x1 :        637

 
Redundant via conversion report:
--------------------------------

  Total optimized via conversion rate = 68.39% (7050 / 10308 vias)
 
    Layer VIA1       = 36.43% (1068   / 2932    vias)
        Weight 1     = 36.43% (1068    vias)
        Un-optimized =  0.00% (0       vias)
        Un-mapped    = 63.57% (1864    vias)
    Layer VIA2       = 81.64% (4745   / 5812    vias)
        Weight 1     = 81.64% (4745    vias)
        Un-optimized =  0.00% (0       vias)
        Un-mapped    = 18.36% (1067    vias)
    Layer VIA3       = 79.27% (937    / 1182    vias)
        Weight 1     = 79.27% (937     vias)
        Un-optimized =  0.00% (0       vias)
        Un-mapped    = 20.73% (245     vias)
    Layer VIA4       = 81.23% (238    / 293     vias)
        Weight 1     = 81.23% (238     vias)
        Un-optimized =  0.00% (0       vias)
        Un-mapped    = 18.77% (55      vias)
    Layer VIA5       = 68.29% (56     / 82      vias)
        Weight 1     = 68.29% (56      vias)
        Un-optimized =  0.00% (0       vias)
        Un-mapped    = 31.71% (26      vias)
    Layer VIA6       = 85.71% (6      / 7       vias)
        Weight 1     = 85.71% (6       vias)
        Un-optimized =  0.00% (0       vias)
        Un-mapped    = 14.29% (1       vias)
 
  Total double via conversion rate    = 68.39% (7050 / 10308 vias)
 
    Layer VIA1       = 36.43% (1068   / 2932    vias)
    Layer VIA2       = 81.64% (4745   / 5812    vias)
    Layer VIA3       = 79.27% (937    / 1182    vias)
    Layer VIA4       = 81.23% (238    / 293     vias)
    Layer VIA5       = 68.29% (56     / 82      vias)
    Layer VIA6       = 85.71% (6      / 7       vias)
 
  The optimized via conversion rate based on total routed via count = 68.39% (7050 / 10308 vias)
 
    Layer VIA1       = 36.43% (1068   / 2932    vias)
        Weight 1     = 36.43% (1068    vias)
        Un-optimized =  0.00% (0       vias)
        Un-mapped    = 63.57% (1864    vias)
    Layer VIA2       = 81.64% (4745   / 5812    vias)
        Weight 1     = 81.64% (4745    vias)
        Un-optimized =  0.00% (0       vias)
        Un-mapped    = 18.36% (1067    vias)
    Layer VIA3       = 79.27% (937    / 1182    vias)
        Weight 1     = 79.27% (937     vias)
        Un-optimized =  0.00% (0       vias)
        Un-mapped    = 20.73% (245     vias)
    Layer VIA4       = 81.23% (238    / 293     vias)
        Weight 1     = 81.23% (238     vias)
        Un-optimized =  0.00% (0       vias)
        Un-mapped    = 18.77% (55      vias)
    Layer VIA5       = 68.29% (56     / 82      vias)
        Weight 1     = 68.29% (56      vias)
        Un-optimized =  0.00% (0       vias)
        Un-mapped    = 31.71% (26      vias)
    Layer VIA6       = 85.71% (6      / 7       vias)
        Weight 1     = 85.71% (6       vias)
        Un-optimized =  0.00% (0       vias)
        Un-mapped    = 14.29% (1       vias)
 
Topology ECO not run, no qualifying violations or in frozen nets.
Updating the database ...
...updated 0 nets with eco mode
[ECO: End] Elapsed real time: 0:00:01 
[ECO: End] Elapsed cpu  time: sys=0:00:00 usr=0:00:05 total=0:00:06
[ECO: End] Stage (MB): Used   -2  Alloctr   -2  Proc    1 
[ECO: End] Total (MB): Used    0  Alloctr    1  Proc 7732 
#### Check the routing
check_routes
Cell Min-Routing-Layer = M1
Cell Max-Routing-Layer = M7
Turn off antenna since no rule is specified
Information: Option route.detail.force_end_on_preferred_grid will be ignored since none of the layers have preferred grid. (ZRT-703)
Skipping 3 internal pins that are not physical. Set route.common.verbose_level to > 0 and run routing command to get skipped pin names.
Info: number of net_type_blockage: 1 
Information: Via ladder engine would be activated for pattern must join connection in certain commands. Please refer to man-page for the command list. (ZRT-619)
Via on layer (VIA1) needs more than one tracks
Warning: Layer M1 default pitch 0.074 may be too small to handle up/down via. Note, that minimum requirements are "wire/via-down 0.074" & "wire/via-up 0.078". (ZRT-026)
Via on layer (VIA1) needs more than one tracks
Warning: Layer M2 default pitch 0.060 may be too small to handle up/down via. Note, that minimum requirements are "wire/via-down 0.078" & "wire/via-up 0.060". (ZRT-026)
Via on layer (VIA4) needs more than one tracks
Warning: Layer M5 default pitch 0.100 may be too small to handle up/down via. Note, that minimum requirements are "wire/via-down 0.125" & "wire/via-up 0.100". (ZRT-026)
Via on layer (VIA7) needs more than one tracks
Warning: Layer M7 default pitch 0.100 may be too small to handle up/down via. Note, that minimum requirements are "wire/via-down 0.100" & "wire/via-up 0.107". (ZRT-026)
Wire on layer (M8) needs more than one tracks
Via on layer (VIA7) needs more than one tracks
Via on layer (VIA8) needs more than one tracks
Warning: Layer M8 default pitch 0.100 may be too small to handle up/down via. Note, that minimum requirements are "wire/via-down 0.107" & "wire/via-up 0.135". (ZRT-026)
Wire on layer (M9) needs more than one tracks
Via on layer (VIA8) needs more than one tracks
Via on layer (VIARDL) needs more than one tracks
Warning: Layer M9 default pitch 0.100 may be too small to handle up/down via. Note, that minimum requirements are "wire/via-down 0.135" & "wire/via-up 1.570". (ZRT-026)
Via on layer (VIARDL) needs more than one tracks
Warning: Layer MRDL default pitch 4.000 may be too small to handle up/down via. Note, that minimum requirements are "wire/via-down 4.500" & "wire/via-up 4.000". (ZRT-026)
Information: When applicable Min-max layer allow_pin_connection mode will allow paths of length 1.35 outside the layer range. (ZRT-707)
Information: When applicable Min-max layer allow_pin_connection mode will allow paths of length 1.35 outside the layer range on clock nets. (ZRT-718)
Information: When applicable layer based tapering will taper up to 0.00 in distance from the pin. (ZRT-706)
Warning: Standard cell pin SAEDRVT14_ADDH_0P5/CO has no valid via regions. (ZRT-044)
Warning: Standard cell pin SAEDRVT14_EO2_V1_0P75/A1 has no valid via regions. (ZRT-044)


Start checking for open nets ... 

Total number of nets = 1676, of which 0 are not extracted
Total number of open nets = 0, of which 0 are frozen

Check 1676 nets, 0 have Errors

[CHECK OPEN NETS] Elapsed real time: 0:00:00 
[CHECK OPEN NETS] Elapsed cpu  time: sys=0:00:00 usr=0:00:00 total=0:00:00
[CHECK OPEN NETS] Stage (MB): Used    0  Alloctr    0  Proc    0 
[CHECK OPEN NETS] Total (MB): Used   37  Alloctr   38  Proc 7732 
Printing options for 'route.common.*'
common.eco_route_fix_existing_drc                       :	 true                
common.verbose_level                                    :	 0                   
common.via_on_grid_by_layer_name                        :	 {VIA1 false} {VIA2 true}
common.wire_on_grid_by_layer_name                       :	 {M1 true} {M2 true} {M3 true}

Printing options for 'route.detail.*'
detail.eco_route_use_soft_spacing_for_timing_optimization:	 true                
detail.timing_driven                                    :	 true                

Printing options for 'route.auto_via_ladder.*'


Begin full DRC check ...

Information: Using 12 threads for routing. (ZRT-444)
Checked	1/6 Partitions, Violations =	0
Checked	2/6 Partitions, Violations =	0
Checked	3/6 Partitions, Violations =	0
Checked	4/6 Partitions, Violations =	0
Checked	5/6 Partitions, Violations =	0
Checked	6/6 Partitions, Violations =	0
[DRC CHECK] Elapsed real time: 0:00:00 
[DRC CHECK] Elapsed cpu  time: sys=0:00:00 usr=0:00:02 total=0:00:02
[DRC CHECK] Stage (MB): Used    0  Alloctr    0  Proc    0 
[DRC CHECK] Total (MB): Used  110  Alloctr  112  Proc 7732 
Warning: No antenna rules defined, Skip antenna analysis. (ZRT-309)

DRC-SUMMARY:
	@@@@@@@ TOTAL VIOLATIONS =	0


Total Wire Length =                    11909 micron
Total Number of Contacts =             10308
Total Number of Wires =                12104
Total Number of PtConns =              1336
Total Number of Routed Wires =       11871
Total Routed Wire Length =           11730 micron
Total Number of Routed Contacts =       10247
	Layer                 M1 :         64 micron
	Layer                 M2 :       3627 micron
	Layer                 M3 :       4340 micron
	Layer                 M4 :       2449 micron
	Layer                 M5 :        859 micron
	Layer                 M6 :        360 micron
	Layer                 M7 :         31 micron
	Layer                 M8 :          0 micron
	Layer                 M9 :          0 micron
	Layer               MRDL :          0 micron
	Via            VIA67SQ_C :          1
	Via        VIA67SQ_C_2x1 :          3
	Via             VIA5SQ_C :          3
	Via         VIA5SQ_C_1x2 :         30
	Via         VIA5SQ_C_2x1 :         21
	Via               VIA4SQ :         42
	Via       VIA4BAR1_C_1x2 :         65
	Via           VIA4SQ_2x1 :        168
	Via            VIA34SQ_C :        239
	Via       VIA34SQ_C(rot) :          4
	Via          VIA34BAR2_C :          1
	Via   VIA34SQ_C(rot)_2x1 :        295
	Via      VIA34BAR1_C_1x2 :        439
	Via     VIA34SQ(rot)_2x1 :         10
	Via          VIA34SQ_2x1 :        190
	Via            VIA2_Base :       1056
	Via            VIA23SQ_C :          7
	Via        VIA2_33_3LG_C :          4
	Via        VIA2_Base_1x2 :       1347
	Via        VIA2_Base_2x1 :       3394
	Via       VIA12SQ_C(rot) :          8
	Via            VIA1_Base :       1854
	Via        VIA1_Base_1x2 :        429
	Via        VIA1_Base_2x1 :        637

 
Redundant via conversion report:
--------------------------------

  Total optimized via conversion rate = 68.39% (7050 / 10308 vias)
 
    Layer VIA1       = 36.43% (1068   / 2932    vias)
        Weight 1     = 36.43% (1068    vias)
        Un-optimized =  0.00% (0       vias)
        Un-mapped    = 63.57% (1864    vias)
    Layer VIA2       = 81.64% (4745   / 5812    vias)
        Weight 1     = 81.64% (4745    vias)
        Un-optimized =  0.00% (0       vias)
        Un-mapped    = 18.36% (1067    vias)
    Layer VIA3       = 79.27% (937    / 1182    vias)
        Weight 1     = 79.27% (937     vias)
        Un-optimized =  0.00% (0       vias)
        Un-mapped    = 20.73% (245     vias)
    Layer VIA4       = 81.23% (238    / 293     vias)
        Weight 1     = 81.23% (238     vias)
        Un-optimized =  0.00% (0       vias)
        Un-mapped    = 18.77% (55      vias)
    Layer VIA5       = 68.29% (56     / 82      vias)
        Weight 1     = 68.29% (56      vias)
        Un-optimized =  0.00% (0       vias)
        Un-mapped    = 31.71% (26      vias)
    Layer VIA6       = 85.71% (6      / 7       vias)
        Weight 1     = 85.71% (6       vias)
        Un-optimized =  0.00% (0       vias)
        Un-mapped    = 14.29% (1       vias)
 
  Total double via conversion rate    = 68.39% (7050 / 10308 vias)
 
    Layer VIA1       = 36.43% (1068   / 2932    vias)
    Layer VIA2       = 81.64% (4745   / 5812    vias)
    Layer VIA3       = 79.27% (937    / 1182    vias)
    Layer VIA4       = 81.23% (238    / 293     vias)
    Layer VIA5       = 68.29% (56     / 82      vias)
    Layer VIA6       = 85.71% (6      / 7       vias)
 
  The optimized via conversion rate based on total routed via count = 68.39% (7050 / 10308 vias)
 
    Layer VIA1       = 36.43% (1068   / 2932    vias)
        Weight 1     = 36.43% (1068    vias)
        Un-optimized =  0.00% (0       vias)
        Un-mapped    = 63.57% (1864    vias)
    Layer VIA2       = 81.64% (4745   / 5812    vias)
        Weight 1     = 81.64% (4745    vias)
        Un-optimized =  0.00% (0       vias)
        Un-mapped    = 18.36% (1067    vias)
    Layer VIA3       = 79.27% (937    / 1182    vias)
        Weight 1     = 79.27% (937     vias)
        Un-optimized =  0.00% (0       vias)
        Un-mapped    = 20.73% (245     vias)
    Layer VIA4       = 81.23% (238    / 293     vias)
        Weight 1     = 81.23% (238     vias)
        Un-optimized =  0.00% (0       vias)
        Un-mapped    = 18.77% (55      vias)
    Layer VIA5       = 68.29% (56     / 82      vias)
        Weight 1     = 68.29% (56      vias)
        Un-optimized =  0.00% (0       vias)
        Un-mapped    = 31.71% (26      vias)
    Layer VIA6       = 85.71% (6      / 7       vias)
        Weight 1     = 85.71% (6       vias)
        Un-optimized =  0.00% (0       vias)
        Un-mapped    = 14.29% (1       vias)
 


Verify Summary:

Total number of nets = 1676, of which 0 are not extracted
Total number of open nets = 0, of which 0 are frozen
Total number of excluded ports = 0 ports of 0 unplaced cells connected to 0 nets
                                 0 ports without pins of 0 cells connected to 0 nets
                                 0 ports of 0 cover cells connected to 0 non-pg nets
Total number of DRCs = 0
Total number of antenna violations = no antenna rules defined
Total number of tie to rail violations = not checked
Total number of tie to rail directly violations = not checked


check_lvs
Information: Using 12 threads for LVS
[Check Net] Init	Elapsed =    0:00:00, CPU =    0:00:00
[Check Short] Stage 1	Elapsed =    0:00:00, CPU =    0:00:00
[Check Short] Stage 1-2	Elapsed =    0:00:00, CPU =    0:00:00
[Check Net] 10% 	Elapsed =    0:00:00, CPU =    0:00:00
[Check Net] 20% 	Elapsed =    0:00:00, CPU =    0:00:00
[Check Short] Stage 2	Elapsed =    0:00:00, CPU =    0:00:00
[Check Short] Stage 2-2	Elapsed =    0:00:00, CPU =    0:00:01
[Check Short] Stage 3	Elapsed =    0:00:00, CPU =    0:00:01
[Check Short] End	Elapsed =    0:00:00, CPU =    0:00:01
[Check Net] 30% 	Elapsed =    0:00:00, CPU =    0:00:01
[Check Net] 40% 	Elapsed =    0:00:00, CPU =    0:00:01
[Check Net] 50% 	Elapsed =    0:00:00, CPU =    0:00:01
[Check Net] 60% 	Elapsed =    0:00:00, CPU =    0:00:01
[Check Net] 70% 	Elapsed =    0:00:00, CPU =    0:00:01
[Check Net] 80% 	Elapsed =    0:00:00, CPU =    0:00:01
[Check Net] 90% 	Elapsed =    0:00:00, CPU =    0:00:01
[Check Net] All nets are submitted.
[Check Net] 100%	Elapsed =    0:00:00, CPU =    0:00:01

===============================================================
    Maximum number of violations is set to 20
    Abort checking when more than 20 violations are found
    All violations might not be found.
===============================================================
Total number of input nets is 1676.
Total number of short violations is 0.
Total number of open nets is 0.
Total number of floating route violations is 0.

Elapsed =    0:00:01, CPU =    0:00:02
1
#### Connect PG nets
connect_pg_net -net VDD [get_pins -hierarchical  */VDD]
1
connect_pg_net -net VSS [get_pins -hierarchical  */VSS]
1
# Analyze the design
check_legality
Information: The command 'check_legality' cleared the undo history. (UNDO-016)

************************

running check_legality

Warning: Routing direction of metal layer PO is neither "horizontal" nor "vertical".  PDC checks will not be performed on this layer. (PDC-003)
PDC app_options settings =========
	place.legalize.enable_prerouted_net_check: 1
	place.legalize.num_tracks_for_access_check: 1
	place.legalize.use_eol_spacing_for_access_check: 0
	place.legalize.allow_touch_track_for_access_check: 1
	place.legalize.reduce_conservatism_in_eol_check: 0
	place.legalize.preroute_shape_merge_distance: 0.0
	place.legalize.enable_non_preferred_direction_span_check: 0

Layer M1: cached 0 shapes out of 1201 total shapes.
Layer M2: cached 588 shapes out of 6258 total shapes.
Layer M3: cached 588 shapes out of 5150 total shapes.
Cached 1764 vias out of 12926 total vias.

check_legality for block design dut_toplevel ... 
Information: Initializing classic cellmap without advanced rules enabled and without PDC enabled
Information: The following app options are used in cellmap
        place.legalize.enable_color_aware_placement : false
        place.legalize.use_nll_query_cm : false
        place.legalize.enable_advanced_legalizer : false
        place.legalize.enable_prerouted_net_check : true
        place.legalize.enable_advanced_prerouted_net_check : false
        place.legalize.always_continue : true
        place.legalize.limit_legality_checks : false
        place.common.pnet_aware_density : 1.0000
        place.common.pnet_aware_min_width : 0.0000
        place.common.pnet_aware_layers : {}
        place.common.use_placement_model : false
        place.common.enable_advanced_placement_model : true
        cts.placement.cell_spacing_rule_style : maximum
Warning: Library cell saed14rvt_frame_timing:SAEDRVT14_ISOFSDPQ_PECO_8.frame is missing supply pins. Its power structure cannot be determined. (LGL-050)
Note - message 'LGL-050' limit (5) exceeded. Remainder will be suppressed.
Total 0.0279 seconds to build cellmap data
Information: Creating classic rule checker.
Warning: Routing direction of metal layer PO is neither "horizontal" nor "vertical".  PDC checks will not be performed on this layer. (PDC-003)
=====> Processed 85 ref cells (23 fillers) from library
Design has no advanced rules
Checking legality
Checking cell legality:
0%....10%....20%....30%....40%....50%....60%....70%....80%....90%....100%
Sorting rows.
Checking spacing rule legality.
0%....10%....20%....30%....40%....50%....60%....70%....80%....90%....100%
Checking packing rule legality.


****************************************
  Report : Legality
****************************************

VIOLATIONS BY CATEGORY:
   MOVABLE  APP-FIXED USER-FIXED  DESCRIPTION
         0          0          0  Two objects overlap.
         0          0          0  A cell violates a pnet.
         0          0          0  A cell is illegal at a site.
         0          0          0  A cell is not aligned with a site.
         0          0          0  A cell has an illegal orientation.
         0          0          0  A cell spacing rule is violated.
         0          0          0  A layer rule is violated.
         0          0          0  A cell is in the wrong region.
         0          0          0  Two cells violate cts margins.
         0          0          0  Two cells violate coloring.

         0          0          0  TOTAL

TOTAL 0 Violations.

VIOLATIONS BY SUBCATEGORY:
     MOVABLE  APP-FIXED USER-FIXED  DESCRIPTION

         0          0          0    Two objects overlap.
           0          0          0    Two cells overlap.
           0          0          0    Two cells have overlapping keepout margins.
           0          0          0    A cell overlaps a blockage.
           0          0          0    A cell keepout margin overlaps a blockage.

         0          0          0    A cell violates a pnet.

         0          0          0    A cell is illegal at a site.
           0          0          0    A cell violates pin-track alignment rules.
           0          0          0    A cell is illegal at a site.
           0          0          0    A cell violates legal index rule.
           0          0          0    A cell has the wrong variant for its location.

         0          0          0    A cell is not aligned with a site.
           0          0          0    A cell is not aligned with the base site.
           0          0          0    A cell is not aligned with an overlaid site.

         0          0          0    A cell has an illegal orientation.

         0          0          0    A cell spacing rule is violated.
           0          0          0    A spacing rule is violated in a row.
           0          0          0    A spacing rule is violated between adjacent rows.
           0          0          0    A cell violates vertical abutment rule.
           0          0          0    A cell violates metal spacing rule.

         0          0          0    A layer rule is violated.
           0          0          0    A layer VTH rule is violated.
           0          0          0    A layer OD rule is violated.
           0          0          0    A layer OD max-width rule is violated.
           0          0          0    A layer ALL_OD corner rule is violated.
           0          0          0    A layer max-vertical-length rule is violated.
           0          0          0    A layer TPO rule is violated.
           0          0          0    Filler cell insertion cannot satisfy layer rules.

         0          0          0    A cell is in the wrong region.
           0          0          0    A cell is outside its hard bound.
           0          0          0    A cell is in the wrong voltage area.
           0          0          0    A cell violates an exclusive movebound.

         0          0          0    Two cells violate cts margins.

         0          0          0    Two cells violate coloring.


check_legality for block design dut_toplevel succeeded!


check_legality succeeded.

**************************

1
report_congestion
****************************************
Report : congestion
Design : dut_toplevel
Version: V-2023.12
Date   : Wed Jun 18 14:52:29 2025
****************************************

Layer     |    overflow     |              # GRCs has
Name      |  total  |  max  | overflow (%)      | max overflow
---------------------------------------------------------------
Both Dirs |      58 |     3 |      48  ( 0.39%) |       1
H routing |      22 |     2 |      19  ( 0.31%) |       3
V routing |      36 |     3 |      29  ( 0.47%) |       1

1
report_utilization
****************************************
Report : report_utilization
Design : dut_toplevel
Version: V-2023.12
Date   : Wed Jun 18 14:52:29 2025
****************************************
Utilization Ratio:			0.7015
Utilization options:
 - Area calculation based on:		site_row of block dut_toplevel/routing
 - Categories of objects excluded:	hard_macros macro_keepouts soft_macros io_cells hard_blockages 
Total Area:				1385.2800
Total Capacity Area:			1325.6952
Total Area of cells:			930.0024
Area of excluded objects:
 - hard_macros         :		0.0000
 - macro_keepouts      :		0.0000
 - soft_macros         :		0.0000
 - io_cells            :		0.0000
 - hard_blockages      :		59.5848
Total Area of excluded objects:		59.5848
Ratio of excluded objects:		0.0430

Utilization of site-rows with:
 - Site 'unit':				0.7015

0.7015
generateReports routing_with_blockage
Generating reports for the design stage: routing_with_blockage ...
[Tim-Power] Info: Cleared Leakage libCell cache.
Reports have been generated for the design stage: routing_with_blockage.
make_layout_screenshot routed
Load ICV ICCII menu file: /eda/synopsys/2023-24/RHELx86/ICV_2023.12/etc/tcl-u/Icc2Menu.tcl
 + VUE INFO: Please click View->IC Validator VUE in LayoutWindow menu
            to launch VUE.

 + VUE INFO: Found a usable port: 2446

To restart the GUI, type 'gui_start'.
make_layout_screenshot routed_no_power -hidePower
Load ICV ICCII menu file: /eda/synopsys/2023-24/RHELx86/ICV_2023.12/etc/tcl-u/Icc2Menu.tcl
 + VUE INFO: Found a usable port: 2446

To restart the GUI, type 'gui_start'.
get_blocks -all
{dut_toplevel.dlib:dut_toplevel.design dut_toplevel.dlib:dut_toplevel/rtl_read.design dut_toplevel.dlib:dut_toplevel/auto_floorplan.design dut_toplevel.dlib:dut_toplevel/manual_floorplan.design dut_toplevel.dlib:dut_toplevel/final_floorplan.design dut_toplevel.dlib:dut_toplevel/placement_and_optimization.design dut_toplevel.dlib:dut_toplevel/clock_tree_synthesis.design dut_toplevel.dlib:dut_toplevel/routing.design}
list_blocks
Lib dut_toplevel.dlib /home/student/Documents/kdz/ASIC/labs/Lab_5/asic_lab5/lab/results/dut_toplevel.dlib tech current
  -   0 dut_toplevel.design Jun-18-10:42
  -   0 dut_toplevel/auto_floorplan.design Jun-18-11:05
  -   0 dut_toplevel/clock_tree_synthesis.design Jun-18-14:43
  -   0 dut_toplevel/final_floorplan.design Jun-18-11:06
  -   0 dut_toplevel/manual_floorplan.design Jun-18-11:05
  -   0 dut_toplevel/placement_and_optimization.design Jun-18-13:03
  *>  0 dut_toplevel/routing.design Jun-18-14:52 current
  -   0 dut_toplevel/rtl_read.design Jun-18-10:42
8
save_block
RDE-checksum: 2822dadf
Information: Saving block 'dut_toplevel.dlib:dut_toplevel/routing.design'
1
save_lib
Saving library 'dut_toplevel.dlib'
RDE-checksum: 2822dadf
1
close_blocks
Information: Decrementing open_count of block 'dut_toplevel.dlib:dut_toplevel/routing.design' to 1. (DES-022)
1
close_lib
Closing library 'dut_toplevel.dlib'
Information: The net parasitics of block dut_toplevel are cleared. (TIM-123)
1
exit
Maximum memory usage for this session: 3239.80 MB
Maximum memory usage for this session including child processes: 3239.80 MB
CPU usage for this session:    160 seconds (  0.04 hours)
Elapsed time for this session:     51 seconds (  0.01 hours)
Thank you for using Fusion Compiler.
