


                              Fusion Compiler (TM)

                  Version V-2023.12 for linux64 - Nov 23, 2023
  This release has significant feature enhancements. Please review the Release
                       Notes associated with this release.

                    Copyright (c) 1988 - 2023 Synopsys, Inc.
   This software and the associated documentation are proprietary to Synopsys,
 Inc. This software may only be used in accordance with the terms and conditions
 of a written license agreement with Synopsys, Inc. All other use, reproduction,
   or distribution of this software is strictly prohibited.  Licensed Products
     communicate with Synopsys servers for the purpose of providing software
    updates, detecting software piracy and verifying that customers are using
    Licensed Products in conformity with the applicable License Key for such
  Licensed Products. Synopsys will use information gathered in connection with
    this process to deliver software updates and pursue software pirates and
                                   infringers.

 Inclusivity & Diversity - Visit SolvNetPlus to read the "Synopsys Statement on
            Inclusivity and Diversity" (Refer to article 000036315 at
                        https://solvnetplus.synopsys.com)
 
Error: This script has expired. Please contact Aditya/Amir/Wei-Chih.
Loading user preference file /home/student/.synopsys_fc_gui/preferences.tcl
#####################################################################
###    Task 2 - Placement and Optimization
#####################################################################
#### Sourcing main setup script
source -echo  ../../../setup/main_setup.tcl
#####################################################################
###           Main Setup Script for Fusion Compiler
#####################################################################
set LabRootDir			"[pwd]/../../../.."     ; # root dir for the labs
set LabDir				"${LabRootDir}/lab" ; # directory for lab exercises
set SrcDir				"${LabRootDir}/src"  ; # directory for source files (RTL, SDC)
#set TechLibDir			"${LabRootDir}/tech" ; # technology library path
set TechLibDir			"/eda/synopsys/files/FC_Labs/common" ; # technology library path
set SetupDir			"${LabDir}/setup"   ; # directory with setup files
set TechLibName			"saed14rvt"			 ; # define library name
set CellPrefix			"SAEDRVT14"			 ; # define cell prefix
set TechNodeName		"saed14nm"			 ; # define technology node name
set MetalStack			"1p9m"				 ; # define metal stack
#set RefNdmType			"frame_only"		 ; # define reference ndm type: "frame_only" or "frame_timing"
set RefNdmType			"frame_timing"		 ; # define reference ndm type: "frame_only" or "frame_timing"
set RefLibDir			"${TechLibDir}/ndm" ; # reference library path
set RefLib				"${RefLibDir}/${TechLibName}_${RefNdmType}.ndm" ; # reference library
set TechFileDir    		"${TechLibDir}/tf"  ; # directory with technology file(s)
set TechFile			"${TechFileDir}/${TechNodeName}_${MetalStack}.tf" ; # technology file
#set TechNdm				""
set LibertyDir			"${TechLibDir}/liberty" ; # 
set TlupDir				"${TechLibDir}/tlup" ; # 
set TlupMinFile			"${TlupDir}/${TechNodeName}_${MetalStack}_Cmin.tlup" ; # 
set TlupNomFile			"${TlupDir}/${TechNodeName}_${MetalStack}_Cnom.tlup" ; # 
set TlupMaxFile			"${TlupDir}/${TechNodeName}_${MetalStack}_Cmax.tlup" ; # 
set NxtGrdDir			"${TechLibDir}/nxtgrd" ; # 
set NxtGrdMinFile		"${NxtGrdDir}/${TechNodeName}_${MetalStack}_Cmin.nxtgrd" ; # 
set NxtGrdNomFile		"${NxtGrdDir}/${TechNodeName}_${MetalStack}_Cnom.nxtgrd" ; # 
set NxtGrdMaxFile		"${NxtGrdDir}/${TechNodeName}_${MetalStack}_Cmax.nxtgrd" ; # 
set MapDir				"${TechLibDir}/map" ; # 
set GdsDir				"${TechLibDir}/gds" ; # 
set RunsetDir			"${TechLibDir}/runsets" ; # 
set GdsFile				"${GdsDir}/saed14rvt.gds" ; # 
set GdsMapFile			"${MapDir}/saed14nm_1p9m_gdsout_mw.map" ; # 
set LayerMapFile		"${MapDir}/${TechNodeName}_tf_itf_tluplus.map" ; # 
set DrcRunsetFile		"${RunsetDir}/saed14nm_1p9m_drc_rules.rs" ; # 
set MetalFillRunsetFile	"${RunsetDir}/saed14nm_1p9m_mfill_rules.rs" ; # 
set RtlDir				"${SrcDir}/rtl" ; # directory with source files
set SystemVerilogDir	"${RtlDir}/sverilog" ; # directory containing SystemVerilog HDL source files
set VerilogDir			"${RtlDir}/verilog" ; # directory containing Verilog HDL source files
set VhdlDir				"${RtlDir}/vhdl" ; # directory containing VHDL source files
set SdcDir				"${SrcDir}/sdc" ; # directory with constraint files
set ResultsDir			"${LabDir}/results" ; # directory for outcomes of the lab
set SolutionDir			"${LabDir}/solution" ; # backup directory for outcomes of the lab
set ReportsDir			"${LabDir}/reports" ; # directory for report files
echo					${SetupDir}
/home/student/Documents/kdz/ASIC/labs/Lab_5/asic_lab5/lab/tasks/task2/work/../../../../lab/setup
source 					${SetupDir}/utilities.tcl
#### Sourcing project specyfic setup script
source -echo  ${SetupDir}/design_setup.tcl
#####################################################################
###                           Design Setup Script for Fusion Compiler
#####################################################################
set DesignName				"dut_toplevel"			; # define design name # 
set DesignLibrary			"${DesignName}.dlib"	; # define design library name # 
set WorkDir					"[pwd]"					; # define current working directory # 
set TechFlowType			"tf"					; # set "tf" for TECH_FILE-based flow or set "ndm" for TECH_NDM-based flow. # 
set ParasiticModel			"tlup"					; # set "tlup" for using TLUP files or  set "nxtgrd" for using NXTGRD files. # 
set HDL						"sverilog"				; # set "sverilog", "verilog" or "vhdl" for reading SystemVerilog, Verilog or VHDL RTL, respectively.
set SdcFile					"${SdcDir}/${DesignName}.sdc" ; # specify file with design constraints # 
set NormalModeSdcFile		"${SdcDir}/${DesignName}_normal.sdc" ; # specify file with design constraints for normal mode 
set PowerSaveModeSdcFile	"${SdcDir}/${DesignName}_power_save.sdc" ; # specify file with design constraints for low power mode 
set PVT_FF					"ff0p88v125c"			; # set FF PVT
set PVT_TT					"tt0p8v25c"				; # set TT PVT
set PVT_SS					"ss0p72vm40c"			; # set SS PVT
set DB_FF					"${LibertyDir}/${TechLibName}_${PVT_FF}.db"
set DB_TT					"${LibertyDir}/${TechLibName}_${PVT_TT}.db"
set DB_SS					"${LibertyDir}/${TechLibName}_${PVT_SS}.db"
set ClockName               "clk"
set CoreUtilization         0.65
set CoreOffset              5
set CoreShape               "R"
set CoreSideRatio           [list 2.5 1.5]
set FlipFirstRow            "true"
set BlockPinLayers          [list "M3" "M4"]
set BlockPinSides           [list 1 2 3]
set BlockPinSpacing         1
set BlockPinWidth           0.11
set BlockPinLength          0.11
set ClockPinLayers          "M5"
set ClockPinSides           4
set TapCellDistance			40
#Configure host file/options
set_host_options -max_cores 12
1
set TaskPrefix "task2_"
task2_
proc analyzeDesign {DesignStage} {
	variable ReportsDir

	redirect -file ${ReportsDir}/${DesignStage}_check_legality.rpt {check_legality}
	redirect -file ${ReportsDir}/${DesignStage}_report_congestion.rpt {report_congestion}
	redirect -file ${ReportsDir}/${DesignStage}_report_utilization.rpt {report_utilization}
}
proc make_layout_screenshot {suffix} {
    variable TaskPrefix
    variable LabDir
    set ScreenshotsDir "${LabDir}/screenshots"

    gui_start
    set top [gui_create_window -type TopLevel]
    set layout [gui_create_window -type Layout -parent $top]
    gui_show_window -window $top -show_state {maximized}
    gui_show_window -window $layout -show_state {maximized}

	# Hide power network
	gui_set_setting -window $layout -setting showRoutedPower -value false
	gui_set_setting -window $layout -setting showRoutedGround -value false
	# Hide layers with power networks (this includes pins)
	gui_set_layout_layer_visibility {M6 M7} -window $layout -toggle

    gui_write_window_image -window $layout -clip -file ${ScreenshotsDir}/${TaskPrefix}floorplan_layout_${suffix}.png
    gui_stop
}
# Open the design library
open_lib ${ResultsDir}/${DesignLibrary}
Information: Loading library file '/home/student/Documents/kdz/ASIC/labs/Lab_5/asic_lab5/lab/results/dut_toplevel.dlib' (FILE-007)
Information: Loading library file '/eda/synopsys/files/FC_Labs/common/ndm/saed14rvt_frame_timing.ndm' (FILE-007)
{dut_toplevel.dlib}
# Copy and open block
copy_block -from ${DesignName}/final_floorplan -to ${DesignName}/placement_and_optimization
Information: User units loaded from library 'saed14rvt_frame_timing' (LNK-040)
{dut_toplevel.dlib:dut_toplevel/placement_and_optimization.design}
open_block ${DesignName}/placement_and_optimization
Information: Incrementing open_count of block 'dut_toplevel.dlib:dut_toplevel/placement_and_optimization.design' to 2. (DES-021)
{dut_toplevel.dlib:dut_toplevel/placement_and_optimization.design}
source -echo ../scripts/set_placement_options.tcl
# Setup application options
set_app_options -name place.coarse.continue_on_missing_scandef -value true
set_app_options -name place_opt.final_place.effort -value high
set_app_options -name place_opt.place.congestion_effort -value high
set_app_options -name opt.common.user_instance_name_prefix -value place_opt
set_lib_cell_purpose -include none {*/*_AO21* */*V2LP*}
Information: The design specific attribute override for lib_cell 'saed14rvt_frame_timing:SAEDRVT14_AO211_1.timing' is set in the current block 'dut_toplevel', because the actual library setting may not be overwritten. (ATTR-12)
Information: The design specific attribute override for lib_cell 'saed14rvt_frame_timing:SAEDRVT14_AO211_2.timing' is set in the current block 'dut_toplevel', because the actual library setting may not be overwritten. (ATTR-12)
Information: The design specific attribute override for lib_cell 'saed14rvt_frame_timing:SAEDRVT14_AO211_4.timing' is set in the current block 'dut_toplevel', because the actual library setting may not be overwritten. (ATTR-12)
Information: The design specific attribute override for lib_cell 'saed14rvt_frame_timing:SAEDRVT14_AO21_1.timing' is set in the current block 'dut_toplevel', because the actual library setting may not be overwritten. (ATTR-12)
Information: The design specific attribute override for lib_cell 'saed14rvt_frame_timing:SAEDRVT14_AO211_U_0P5.timing' is set in the current block 'dut_toplevel', because the actual library setting may not be overwritten. (ATTR-12)
Information: The design specific attribute override for lib_cell 'saed14rvt_frame_timing:SAEDRVT14_AO21_2.timing' is set in the current block 'dut_toplevel', because the actual library setting may not be overwritten. (ATTR-12)
Information: The design specific attribute override for lib_cell 'saed14rvt_frame_timing:SAEDRVT14_AO21_4.timing' is set in the current block 'dut_toplevel', because the actual library setting may not be overwritten. (ATTR-12)
Information: The design specific attribute override for lib_cell 'saed14rvt_frame_timing:SAEDRVT14_AO21B_0P5.timing' is set in the current block 'dut_toplevel', because the actual library setting may not be overwritten. (ATTR-12)
Information: The design specific attribute override for lib_cell 'saed14rvt_frame_timing:SAEDRVT14_AO21B_1.timing' is set in the current block 'dut_toplevel', because the actual library setting may not be overwritten. (ATTR-12)
Information: The design specific attribute override for lib_cell 'saed14rvt_frame_timing:SAEDRVT14_AO21B_2.timing' is set in the current block 'dut_toplevel', because the actual library setting may not be overwritten. (ATTR-12)
1
#### compile_fusion to initial_opto stage to get the design ready for placement and optimization
compile_fusion -to initial_opto
Using libraries: dut_toplevel.dlib saed14rvt_frame_timing
Visiting block dut_toplevel.dlib:dut_toplevel/placement_and_optimization.design
Information: Cellem using advance interpolation.
Design 'dut_toplevel' was successfully linked.
Information: Timer using 12 threads
INFO: compile_fusion is running in balanced flow mode.
Information: Starting 'compile_fusion -to initial_opto' (FLW-8000)
Information: Time: 2025-06-18 12:57:56 / Session:  00:00:06 / Command:  00:00:00 / CPU:  00:00:00 / Memory: 485 MB (FLW-8100)
Information: CPU Load: 4%, Ram Free: 39 GB, Swap Free: 1 GB, Work Disk Free: 308 GB, Tmp Disk Free: 308 GB (MSG-3995)
CPU Load: 4%, Ram Free: 39 GB, Swap Free: 1 GB, Work Disk Free: 308 GB, Tmp Disk Free: 308 GB
INFO: Start environment monitoring: recipes
INFO: compile_fusion is running in balanced flow mode.
Warning: Cannot infer functionality of libcell 'saed14rvt_frame_timing/SAEDRVT14_FDNRBSBQ_V2_0P5' and will be excluded from sequential mapping. (SQM-1061)
Warning: Cannot infer functionality of libcell 'saed14rvt_frame_timing/SAEDRVT14_FDNRBSBQ_V2_1' and will be excluded from sequential mapping. (SQM-1061)
Warning: Cannot infer functionality of libcell 'saed14rvt_frame_timing/SAEDRVT14_FDNRBSBQ_V2_2' and will be excluded from sequential mapping. (SQM-1061)
Warning: Cannot infer functionality of libcell 'saed14rvt_frame_timing/SAEDRVT14_FDNRBSBQ_V2_4' and will be excluded from sequential mapping. (SQM-1061)
Warning: Cannot infer functionality of libcell 'saed14rvt_frame_timing/SAEDRVT14_FDPRBSBQ_V2_0P5' and will be excluded from sequential mapping. (SQM-1061)
Warning: Cannot infer functionality of libcell 'saed14rvt_frame_timing/SAEDRVT14_FDPRBSBQ_V2_1' and will be excluded from sequential mapping. (SQM-1061)
Warning: Cannot infer functionality of libcell 'saed14rvt_frame_timing/SAEDRVT14_FDPRBSBQ_V2_2' and will be excluded from sequential mapping. (SQM-1061)
Warning: Cannot infer functionality of libcell 'saed14rvt_frame_timing/SAEDRVT14_FDPRBSBQ_V2_4' and will be excluded from sequential mapping. (SQM-1061)
Warning: Mapping to scan cell 'SAEDRVT14_FSDPQB_V2LP_1' in library is not possible because cell has 'dont_use' attribute. (SQM-1067)
Warning: Mapping to scan cell 'SAEDRVT14_FSDPQ_V2LP_1' in library is not possible because cell has 'dont_use' attribute. (SQM-1067)
Warning: Mapping to scan cell 'SAEDRVT14_FSDPQ_V2LP_2' in library is not possible because cell has 'dont_use' attribute. (SQM-1067)
Warning: Cannot infer functionality of libcell 'saed14rvt_frame_timing/SAEDRVT14_FSDPRBSBQ_V2LP_0P5' and will be excluded from sequential mapping. (SQM-1061)
Warning: Cannot infer functionality of libcell 'saed14rvt_frame_timing/SAEDRVT14_FSDPRBSBQ_V2LP_2' and will be excluded from sequential mapping. (SQM-1061)
Warning: Skipping check for single_bit_degenerate attribute on the multibit libcell 'saed14rvt_frame_timing/SAEDRVT14_FSDN2_V2_0P5' since it is not a black-box. (SQM-1079)
Information: No single-bit representative was found for multibit lib cell 'saed14rvt_frame_timing/SAEDRVT14_FSDN2_V2_0P5'. (SQM-2004)
Warning: Skipping check for single_bit_degenerate attribute on the multibit libcell 'saed14rvt_frame_timing/SAEDRVT14_FSDN2_V2_1' since it is not a black-box. (SQM-1079)
Information: No single-bit representative was found for multibit lib cell 'saed14rvt_frame_timing/SAEDRVT14_FSDN2_V2_1'. (SQM-2004)
Warning: Skipping check for single_bit_degenerate attribute on the multibit libcell 'saed14rvt_frame_timing/SAEDRVT14_FSDN2_V2_2' since it is not a black-box. (SQM-1079)
Information: No single-bit representative was found for multibit lib cell 'saed14rvt_frame_timing/SAEDRVT14_FSDN2_V2_2'. (SQM-2004)
Warning: Skipping check for single_bit_degenerate attribute on the multibit libcell 'saed14rvt_frame_timing/SAEDRVT14_FSDN2_V2_4' since it is not a black-box. (SQM-1079)
Information: No single-bit representative was found for multibit lib cell 'saed14rvt_frame_timing/SAEDRVT14_FSDN2_V2_4'. (SQM-2004)
Warning: Skipping check for single_bit_degenerate attribute on the multibit libcell 'saed14rvt_frame_timing/SAEDRVT14_FSDN4_V2_0P5' since it is not a black-box. (SQM-1079)
Information: No single-bit representative was found for multibit lib cell 'saed14rvt_frame_timing/SAEDRVT14_FSDN4_V2_0P5'. (SQM-2004)
Information: No single-bit representative was found for multibit lib cell 'saed14rvt_frame_timing/SAEDRVT14_FSDN4_V2_1'. (SQM-2004)
Information: No single-bit representative was found for multibit lib cell 'saed14rvt_frame_timing/SAEDRVT14_FSDN4_V2_2'. (SQM-2004)
Information: No single-bit representative was found for multibit lib cell 'saed14rvt_frame_timing/SAEDRVT14_FSDN4_V2_4'. (SQM-2004)
Warning: Found 8 multibit sequential library cells that have missing/added attributes or have restrictions that prevent them from banking. (SQM-1053)
0 sequential multibit library cells have restrictions (dont_use or dont_touch).
8 sequential multibit library cells have missing sequential mapping relevant attributes
Information: 6 out of 16 SQM-1061 messages were not printed due to limit 10 (after 'compile_fusion' at task2.tcl:52) (MSG-3913)
Information: 10 out of 13 SQM-1067 messages were not printed due to limit 3 (after 'compile_fusion' at task2.tcl:52) (MSG-3913)
Information: 3 out of 8 SQM-1079 messages were not printed due to limit 5 (after 'compile_fusion' at task2.tcl:52) (MSG-3913)
Information: The automatic clock gate timing flow is activated. Clock latencies set on clock gate cells will be automatically adjusted by an estimate for latency. (CGT-4005)
----------------------------------------------------------------------------------------------------------
Information: Starting compile_fusion / initial_map (FLW-8000)
Information: Time: 2025-06-18 12:57:57 / Session:  00:00:07 / Command:  00:00:01 / CPU:  00:00:01 / Memory: 667 MB (FLW-8100)
Information: CPU Load: 4%, Ram Free: 39 GB, Swap Free: 1 GB, Work Disk Free: 308 GB, Tmp Disk Free: 308 GB (MSG-3995)
----------------------------------------------------------------------------------------------------------
Information: Starting compile_fusion / initial_map / Load Design (FLW-8000)
Information: Time: 2025-06-18 12:57:57 / Session:  00:00:07 / Command:  00:00:01 / CPU:  00:00:01 / Memory: 667 MB (FLW-8100)
Information: CPU Load: 4%, Ram Free: 39 GB, Swap Free: 1 GB, Work Disk Free: 308 GB, Tmp Disk Free: 308 GB (MSG-3995)
Warning: Cannot infer functionality of libcell 'saed14rvt_frame_timing/SAEDRVT14_FDNRBSBQ_V2_0P5' and will be excluded from sequential mapping. (SQM-1061)
Warning: Cannot infer functionality of libcell 'saed14rvt_frame_timing/SAEDRVT14_FDNRBSBQ_V2_1' and will be excluded from sequential mapping. (SQM-1061)
Warning: Cannot infer functionality of libcell 'saed14rvt_frame_timing/SAEDRVT14_FDNRBSBQ_V2_2' and will be excluded from sequential mapping. (SQM-1061)
Warning: Cannot infer functionality of libcell 'saed14rvt_frame_timing/SAEDRVT14_FDNRBSBQ_V2_4' and will be excluded from sequential mapping. (SQM-1061)
Warning: Cannot infer functionality of libcell 'saed14rvt_frame_timing/SAEDRVT14_FDPRBSBQ_V2_0P5' and will be excluded from sequential mapping. (SQM-1061)
Warning: Cannot infer functionality of libcell 'saed14rvt_frame_timing/SAEDRVT14_FDPRBSBQ_V2_1' and will be excluded from sequential mapping. (SQM-1061)
Warning: Cannot infer functionality of libcell 'saed14rvt_frame_timing/SAEDRVT14_FDPRBSBQ_V2_2' and will be excluded from sequential mapping. (SQM-1061)
Warning: Cannot infer functionality of libcell 'saed14rvt_frame_timing/SAEDRVT14_FDPRBSBQ_V2_4' and will be excluded from sequential mapping. (SQM-1061)
Warning: Mapping to scan cell 'SAEDRVT14_FSDPQB_V2LP_1' in library is not possible because cell has 'dont_use' attribute. (SQM-1067)
Warning: Mapping to scan cell 'SAEDRVT14_FSDPQ_V2LP_1' in library is not possible because cell has 'dont_use' attribute. (SQM-1067)
Warning: Mapping to scan cell 'SAEDRVT14_FSDPQ_V2LP_2' in library is not possible because cell has 'dont_use' attribute. (SQM-1067)
Warning: Cannot infer functionality of libcell 'saed14rvt_frame_timing/SAEDRVT14_FSDPRBSBQ_V2LP_0P5' and will be excluded from sequential mapping. (SQM-1061)
Warning: Cannot infer functionality of libcell 'saed14rvt_frame_timing/SAEDRVT14_FSDPRBSBQ_V2LP_2' and will be excluded from sequential mapping. (SQM-1061)
Warning: Skipping check for single_bit_degenerate attribute on the multibit libcell 'saed14rvt_frame_timing/SAEDRVT14_FSDN2_V2_0P5' since it is not a black-box. (SQM-1079)
Information: No single-bit representative was found for multibit lib cell 'saed14rvt_frame_timing/SAEDRVT14_FSDN2_V2_0P5'. (SQM-2004)
Warning: Skipping check for single_bit_degenerate attribute on the multibit libcell 'saed14rvt_frame_timing/SAEDRVT14_FSDN2_V2_1' since it is not a black-box. (SQM-1079)
Information: No single-bit representative was found for multibit lib cell 'saed14rvt_frame_timing/SAEDRVT14_FSDN2_V2_1'. (SQM-2004)
Warning: Skipping check for single_bit_degenerate attribute on the multibit libcell 'saed14rvt_frame_timing/SAEDRVT14_FSDN2_V2_2' since it is not a black-box. (SQM-1079)
Information: No single-bit representative was found for multibit lib cell 'saed14rvt_frame_timing/SAEDRVT14_FSDN2_V2_2'. (SQM-2004)
Warning: Skipping check for single_bit_degenerate attribute on the multibit libcell 'saed14rvt_frame_timing/SAEDRVT14_FSDN2_V2_4' since it is not a black-box. (SQM-1079)
Information: No single-bit representative was found for multibit lib cell 'saed14rvt_frame_timing/SAEDRVT14_FSDN2_V2_4'. (SQM-2004)
Warning: Skipping check for single_bit_degenerate attribute on the multibit libcell 'saed14rvt_frame_timing/SAEDRVT14_FSDN4_V2_0P5' since it is not a black-box. (SQM-1079)
Information: No single-bit representative was found for multibit lib cell 'saed14rvt_frame_timing/SAEDRVT14_FSDN4_V2_0P5'. (SQM-2004)
Information: No single-bit representative was found for multibit lib cell 'saed14rvt_frame_timing/SAEDRVT14_FSDN4_V2_1'. (SQM-2004)
Information: No single-bit representative was found for multibit lib cell 'saed14rvt_frame_timing/SAEDRVT14_FSDN4_V2_2'. (SQM-2004)
Information: No single-bit representative was found for multibit lib cell 'saed14rvt_frame_timing/SAEDRVT14_FSDN4_V2_4'. (SQM-2004)
Warning: Found 8 multibit sequential library cells that have missing/added attributes or have restrictions that prevent them from banking. (SQM-1053)
0 sequential multibit library cells have restrictions (dont_use or dont_touch).
8 sequential multibit library cells have missing sequential mapping relevant attributes
Information: 6 out of 16 SQM-1061 messages were not printed due to limit 10 (after 'compile_fusion' at task2.tcl:52) (MSG-3913)
Information: 10 out of 13 SQM-1067 messages were not printed due to limit 3 (after 'compile_fusion' at task2.tcl:52) (MSG-3913)
Information: 3 out of 8 SQM-1079 messages were not printed due to limit 5 (after 'compile_fusion' at task2.tcl:52) (MSG-3913)
Information: Ending   compile_fusion / initial_map / Load Design (FLW-8001)
Information: Time: 2025-06-18 12:57:58 / Session:  00:00:08 / Command:  00:00:01 / CPU:  00:00:02 / Memory: 714 MB (FLW-8100)
Information: CPU Load: 4%, Ram Free: 39 GB, Swap Free: 1 GB, Work Disk Free: 308 GB, Tmp Disk Free: 308 GB (MSG-3995)
Information: Starting compile_fusion / initial_map / MV Cell Insertion (FLW-8000)
Information: Time: 2025-06-18 12:57:58 / Session:  00:00:08 / Command:  00:00:01 / CPU:  00:00:02 / Memory: 714 MB (FLW-8100)
Information: CPU Load: 4%, Ram Free: 39 GB, Swap Free: 1 GB, Work Disk Free: 308 GB, Tmp Disk Free: 308 GB (MSG-3995)
Information: Ending   compile_fusion / initial_map / MV Cell Insertion (FLW-8001)
Information: Time: 2025-06-18 12:57:58 / Session:  00:00:08 / Command:  00:00:01 / CPU:  00:00:02 / Memory: 714 MB (FLW-8100)
Information: CPU Load: 4%, Ram Free: 39 GB, Swap Free: 1 GB, Work Disk Free: 308 GB, Tmp Disk Free: 308 GB (MSG-3995)
Information: Starting compile_fusion / initial_map / Logic Simplification (1) (FLW-8000)
Information: Time: 2025-06-18 12:57:58 / Session:  00:00:08 / Command:  00:00:01 / CPU:  00:00:02 / Memory: 714 MB (FLW-8100)
Information: CPU Load: 4%, Ram Free: 39 GB, Swap Free: 1 GB, Work Disk Free: 308 GB, Tmp Disk Free: 308 GB (MSG-3995)
Information: The hierarchy math_wrapper_INST/dut_multiplier_18x18_comb_inst/mult_a0b0 is ungrouped due to auto_ungrouping. (UNG-1001)
Information: The hierarchy math_wrapper_INST/dut_multiplier_18x18_comb_inst/mult_a0b1 is ungrouped due to auto_ungrouping. (UNG-1001)
Information: The hierarchy math_wrapper_INST/dut_multiplier_18x18_comb_inst/mult_a1b0 is ungrouped due to auto_ungrouping. (UNG-1001)
Information: The hierarchy math_wrapper_INST/dut_multiplier_18x18_comb_inst/mult_a1b1 is ungrouped due to auto_ungrouping. (UNG-1001)
Information: The hierarchy math_wrapper_INST/dut_multiplier_18x18_comb_inst is ungrouped due to auto_ungrouping. (UNG-1001)
Information: The hierarchy dut_output_control_INST is ungrouped due to auto_ungrouping. (UNG-1001)
Information: The hierarchy dut_processing_control_INST is ungrouped due to auto_ungrouping. (UNG-1001)
Information: The hierarchy dut_input_channel_control_0_INST is ungrouped due to auto_ungrouping. (UNG-1001)
Information: The hierarchy dut_input_channel_control_1_INST is ungrouped due to auto_ungrouping. (UNG-1001)
Information: The hierarchy dut_input_channel_control_2_INST is ungrouped due to auto_ungrouping. (UNG-1001)
Information: 13 of 13 hierarchies are ungrouped. Use report_ungroup for a list. (UNG-1003)
Information: Result of compile_fusion / initial_map / Auto Ungroup (FLW-8500)
Information: Ungroup Summary Report (UNG-1007)
-------------------------------------------------------------------
Hierarchy                                                 Count
-------------------------------------------------------------------
Auto ungrouped hierarchies                                  13
-------------------------------------------------------------------
Information: 3 out of 13 UNG-1001 messages were not printed due to limit 10 (after 'compile_fusion' at task2.tcl:52) (MSG-3913)
Information: Starting compile_fusion / initial_map / Logic Simplification (1) / Constant and Equal Register Detection (FLW-8000)
Information: Time: 2025-06-18 12:57:58 / Session:  00:00:08 / Command:  00:00:01 / CPU:  00:00:02 / Memory: 714 MB (FLW-8100)
Information: CPU Load: 4%, Ram Free: 39 GB, Swap Free: 1 GB, Work Disk Free: 308 GB, Tmp Disk Free: 308 GB (MSG-3995)
Warning: Cannot infer functionality of libcell 'saed14rvt_frame_timing/SAEDRVT14_FDNRBSBQ_V2_0P5' and will be excluded from sequential mapping. (SQM-1061)
Warning: Cannot infer functionality of libcell 'saed14rvt_frame_timing/SAEDRVT14_FDNRBSBQ_V2_1' and will be excluded from sequential mapping. (SQM-1061)
Warning: Cannot infer functionality of libcell 'saed14rvt_frame_timing/SAEDRVT14_FDNRBSBQ_V2_2' and will be excluded from sequential mapping. (SQM-1061)
Warning: Cannot infer functionality of libcell 'saed14rvt_frame_timing/SAEDRVT14_FDNRBSBQ_V2_4' and will be excluded from sequential mapping. (SQM-1061)
Warning: Cannot infer functionality of libcell 'saed14rvt_frame_timing/SAEDRVT14_FDPRBSBQ_V2_0P5' and will be excluded from sequential mapping. (SQM-1061)
Warning: Cannot infer functionality of libcell 'saed14rvt_frame_timing/SAEDRVT14_FDPRBSBQ_V2_1' and will be excluded from sequential mapping. (SQM-1061)
Warning: Cannot infer functionality of libcell 'saed14rvt_frame_timing/SAEDRVT14_FDPRBSBQ_V2_2' and will be excluded from sequential mapping. (SQM-1061)
Warning: Cannot infer functionality of libcell 'saed14rvt_frame_timing/SAEDRVT14_FDPRBSBQ_V2_4' and will be excluded from sequential mapping. (SQM-1061)
Warning: Mapping to scan cell 'SAEDRVT14_FSDPQB_V2LP_1' in library is not possible because cell has 'dont_use' attribute. (SQM-1067)
Warning: Mapping to scan cell 'SAEDRVT14_FSDPQ_V2LP_1' in library is not possible because cell has 'dont_use' attribute. (SQM-1067)
Warning: Mapping to scan cell 'SAEDRVT14_FSDPQ_V2LP_2' in library is not possible because cell has 'dont_use' attribute. (SQM-1067)
Warning: Cannot infer functionality of libcell 'saed14rvt_frame_timing/SAEDRVT14_FSDPRBSBQ_V2LP_0P5' and will be excluded from sequential mapping. (SQM-1061)
Warning: Cannot infer functionality of libcell 'saed14rvt_frame_timing/SAEDRVT14_FSDPRBSBQ_V2LP_2' and will be excluded from sequential mapping. (SQM-1061)
Warning: Skipping check for single_bit_degenerate attribute on the multibit libcell 'saed14rvt_frame_timing/SAEDRVT14_FSDN2_V2_0P5' since it is not a black-box. (SQM-1079)
Information: No single-bit representative was found for multibit lib cell 'saed14rvt_frame_timing/SAEDRVT14_FSDN2_V2_0P5'. (SQM-2004)
Warning: Skipping check for single_bit_degenerate attribute on the multibit libcell 'saed14rvt_frame_timing/SAEDRVT14_FSDN2_V2_1' since it is not a black-box. (SQM-1079)
Information: No single-bit representative was found for multibit lib cell 'saed14rvt_frame_timing/SAEDRVT14_FSDN2_V2_1'. (SQM-2004)
Warning: Skipping check for single_bit_degenerate attribute on the multibit libcell 'saed14rvt_frame_timing/SAEDRVT14_FSDN2_V2_2' since it is not a black-box. (SQM-1079)
Information: No single-bit representative was found for multibit lib cell 'saed14rvt_frame_timing/SAEDRVT14_FSDN2_V2_2'. (SQM-2004)
Warning: Skipping check for single_bit_degenerate attribute on the multibit libcell 'saed14rvt_frame_timing/SAEDRVT14_FSDN2_V2_4' since it is not a black-box. (SQM-1079)
Information: No single-bit representative was found for multibit lib cell 'saed14rvt_frame_timing/SAEDRVT14_FSDN2_V2_4'. (SQM-2004)
Warning: Skipping check for single_bit_degenerate attribute on the multibit libcell 'saed14rvt_frame_timing/SAEDRVT14_FSDN4_V2_0P5' since it is not a black-box. (SQM-1079)
Information: No single-bit representative was found for multibit lib cell 'saed14rvt_frame_timing/SAEDRVT14_FSDN4_V2_0P5'. (SQM-2004)
Information: No single-bit representative was found for multibit lib cell 'saed14rvt_frame_timing/SAEDRVT14_FSDN4_V2_1'. (SQM-2004)
Information: No single-bit representative was found for multibit lib cell 'saed14rvt_frame_timing/SAEDRVT14_FSDN4_V2_2'. (SQM-2004)
Information: No single-bit representative was found for multibit lib cell 'saed14rvt_frame_timing/SAEDRVT14_FSDN4_V2_4'. (SQM-2004)
Warning: Found 8 multibit sequential library cells that have missing/added attributes or have restrictions that prevent them from banking. (SQM-1053)
0 sequential multibit library cells have restrictions (dont_use or dont_touch).
8 sequential multibit library cells have missing sequential mapping relevant attributes
Information: Register Bits Before Sharing = 328, After Sharing = 328, Savings = 0 (SQM-2000)
Information: 6 out of 16 SQM-1061 messages were not printed due to limit 10 (after 'compile_fusion' at task2.tcl:52) (MSG-3913)
Information: 10 out of 13 SQM-1067 messages were not printed due to limit 3 (after 'compile_fusion' at task2.tcl:52) (MSG-3913)
Information: 3 out of 8 SQM-1079 messages were not printed due to limit 5 (after 'compile_fusion' at task2.tcl:52) (MSG-3913)
Information: Ending   compile_fusion / initial_map / Logic Simplification (1) / Constant and Equal Register Detection (FLW-8001)
Information: Time: 2025-06-18 12:58:00 / Session:  00:00:11 / Command:  00:00:04 / CPU:  00:00:05 / Memory: 766 MB (FLW-8100)
Information: CPU Load: 5%, Ram Free: 38 GB, Swap Free: 1 GB, Work Disk Free: 308 GB, Tmp Disk Free: 308 GB (MSG-3995)
Information: Starting compile_fusion / initial_map / Logic Simplification (1) / Register Merging (FLW-8000)
Information: Time: 2025-06-18 12:58:00 / Session:  00:00:11 / Command:  00:00:04 / CPU:  00:00:05 / Memory: 766 MB (FLW-8100)
Information: CPU Load: 5%, Ram Free: 38 GB, Swap Free: 1 GB, Work Disk Free: 308 GB, Tmp Disk Free: 308 GB (MSG-3995)
Information: Ending   compile_fusion / initial_map / Logic Simplification (1) / Register Merging (FLW-8001)
Information: Time: 2025-06-18 12:58:00 / Session:  00:00:11 / Command:  00:00:04 / CPU:  00:00:05 / Memory: 766 MB (FLW-8100)
Information: CPU Load: 5%, Ram Free: 38 GB, Swap Free: 1 GB, Work Disk Free: 308 GB, Tmp Disk Free: 308 GB (MSG-3995)
Information: Starting compile_fusion / initial_map / Logic Simplification (1) / Constant Propagation and Register Optimization (FLW-8000)
Information: Time: 2025-06-18 12:58:00 / Session:  00:00:11 / Command:  00:00:04 / CPU:  00:00:05 / Memory: 766 MB (FLW-8100)
Information: CPU Load: 5%, Ram Free: 38 GB, Swap Free: 1 GB, Work Disk Free: 308 GB, Tmp Disk Free: 308 GB (MSG-3995)
Information: Ending   compile_fusion / initial_map / Logic Simplification (1) / Constant Propagation and Register Optimization (FLW-8001)
Information: Time: 2025-06-18 12:58:01 / Session:  00:00:11 / Command:  00:00:04 / CPU:  00:00:05 / Memory: 766 MB (FLW-8100)
Information: CPU Load: 5%, Ram Free: 38 GB, Swap Free: 1 GB, Work Disk Free: 308 GB, Tmp Disk Free: 308 GB (MSG-3995)
Information: Ending   compile_fusion / initial_map / Logic Simplification (1) (FLW-8001)
Information: Time: 2025-06-18 12:58:01 / Session:  00:00:11 / Command:  00:00:04 / CPU:  00:00:05 / Memory: 766 MB (FLW-8100)
Information: CPU Load: 5%, Ram Free: 38 GB, Swap Free: 1 GB, Work Disk Free: 308 GB, Tmp Disk Free: 308 GB (MSG-3995)
Information: Starting compile_fusion / initial_map / High-Level Optimization and Technology Mapping (1) (FLW-8000)
Information: Time: 2025-06-18 12:58:01 / Session:  00:00:12 / Command:  00:00:05 / CPU:  00:00:05 / Memory: 766 MB (FLW-8100)
Information: CPU Load: 5%, Ram Free: 38 GB, Swap Free: 1 GB, Work Disk Free: 308 GB, Tmp Disk Free: 308 GB (MSG-3995)
Information: Timer using 12 threads
Information: Ending   compile_fusion / initial_map / High-Level Optimization and Technology Mapping (1) (FLW-8001)
Information: Time: 2025-06-18 12:58:04 / Session:  00:00:14 / Command:  00:00:07 / CPU:  00:00:10 / Memory: 796 MB (FLW-8100)
Information: CPU Load: 5%, Ram Free: 38 GB, Swap Free: 1 GB, Work Disk Free: 308 GB, Tmp Disk Free: 308 GB (MSG-3995)
Information: Starting compile_fusion / initial_map / High-Level Optimization and Technology Mapping (2) (FLW-8000)
Information: Time: 2025-06-18 12:58:04 / Session:  00:00:14 / Command:  00:00:07 / CPU:  00:00:10 / Memory: 796 MB (FLW-8100)
Information: CPU Load: 5%, Ram Free: 38 GB, Swap Free: 1 GB, Work Disk Free: 308 GB, Tmp Disk Free: 308 GB (MSG-3995)
Information: Added key list 'DesignWare' to design 'dut_toplevel'. (DWS-0216)
Warning: No cell bus will be mapped to multibit because multibit mapping has been disabled by user. (SQM-1034)
Warning: Shift register Inferencing is enabled so only head flop will be replaced with scan cell and not all registers in shift register chains are scan replaced. (SQM-1074)
Information: Ending   compile_fusion / initial_map / High-Level Optimization and Technology Mapping (2) (FLW-8001)
Information: Time: 2025-06-18 12:58:05 / Session:  00:00:15 / Command:  00:00:08 / CPU:  00:00:12 / Memory: 796 MB (FLW-8100)
Information: CPU Load: 5%, Ram Free: 38 GB, Swap Free: 1 GB, Work Disk Free: 308 GB, Tmp Disk Free: 308 GB (MSG-3995)
Information: Starting compile_fusion / initial_map / DFT Core Wrapper Analysis (FLW-8000)
Information: Time: 2025-06-18 12:58:05 / Session:  00:00:15 / Command:  00:00:08 / CPU:  00:00:12 / Memory: 796 MB (FLW-8100)
Information: CPU Load: 5%, Ram Free: 38 GB, Swap Free: 1 GB, Work Disk Free: 308 GB, Tmp Disk Free: 308 GB (MSG-3995)
Information: Ending   compile_fusion / initial_map / DFT Core Wrapper Analysis (FLW-8001)
Information: Time: 2025-06-18 12:58:05 / Session:  00:00:15 / Command:  00:00:08 / CPU:  00:00:12 / Memory: 796 MB (FLW-8100)
Information: CPU Load: 5%, Ram Free: 38 GB, Swap Free: 1 GB, Work Disk Free: 308 GB, Tmp Disk Free: 308 GB (MSG-3995)
Information: Starting compile_fusion / initial_map / Logic Simplification (2) (FLW-8000)
Information: Time: 2025-06-18 12:58:05 / Session:  00:00:15 / Command:  00:00:08 / CPU:  00:00:12 / Memory: 796 MB (FLW-8100)
Information: CPU Load: 5%, Ram Free: 38 GB, Swap Free: 1 GB, Work Disk Free: 308 GB, Tmp Disk Free: 308 GB (MSG-3995)
Information: Register Bits Before Sharing = 328, After Sharing = 328, Savings = 0 (SQM-2000)
Information: Starting compile_fusion / initial_map / Logic Simplification (2) / Constant Propagation and Register Optimization (FLW-8000)
Information: Time: 2025-06-18 12:58:05 / Session:  00:00:16 / Command:  00:00:09 / CPU:  00:00:12 / Memory: 816 MB (FLW-8100)
Information: CPU Load: 5%, Ram Free: 38 GB, Swap Free: 1 GB, Work Disk Free: 308 GB, Tmp Disk Free: 308 GB (MSG-3995)
Information: Ending   compile_fusion / initial_map / Logic Simplification (2) / Constant Propagation and Register Optimization (FLW-8001)
Information: Time: 2025-06-18 12:58:05 / Session:  00:00:16 / Command:  00:00:09 / CPU:  00:00:12 / Memory: 816 MB (FLW-8100)
Information: CPU Load: 5%, Ram Free: 38 GB, Swap Free: 1 GB, Work Disk Free: 308 GB, Tmp Disk Free: 308 GB (MSG-3995)
Information: Ending   compile_fusion / initial_map / Logic Simplification (2) (FLW-8001)
Information: Time: 2025-06-18 12:58:05 / Session:  00:00:16 / Command:  00:00:09 / CPU:  00:00:12 / Memory: 816 MB (FLW-8100)
Information: CPU Load: 5%, Ram Free: 38 GB, Swap Free: 1 GB, Work Disk Free: 308 GB, Tmp Disk Free: 308 GB (MSG-3995)
Information: Result of compile_fusion / initial_map / Clock Gate Insertion (FLW-8500)
--------------------------------------------------------------------------------
|                             Clock Gating Options                             |
--------------------------------------------------------------------------------
|         Objects         |    Minimum Bitwidth     |      Maximum Fanout      |
--------------------------+-------------------------+---------------------------
|   top-level (design)    |          3 (d)          |      Unlimited (d)       |
--------------------------------------------------------------------------------

Number of Pre-Existing Clock Gates with dont touch attribute: 0
Number of ICG library cells with CTS purpose: 19
--------------------------------------------------------------------------------
                          Tool Gated Register Summary                           
--------------------------------------------------------------------------------
Clock Gating Type                   | Number of   | Register Count | Equivalent 
                                    | Clock Gates |                | Bitwidth   
--------------------------------------------------------------------------------
Regular Clock Gating                |          11 |            319 |        319
--------------------------------------------------------------------------------
--------------------------------------------------------------------------------
                 Regular Clock Gating Ungated Register Summary                  
--------------------------------------------------------------------------------
 Ungated Reason                                            | Count | Bitwidth   
--------------------------------------------------------------------------------
 Enable is Constant One.                                   |     2 |        2
 Partial Minimum Bitwidth Not Met.                         |     7 |        7
--------------------------------------------------------------------------------
Compile-fusion optimization summary            SETUP-COST    R2R-COST HOLD-COST LDRC-COST          AREA     LEAKAGE     INSTCNT            ELAPSE       MEM
Compile-fusion                                          -           -         -         -        906.69           -        1213              0.00       815
Information: Ending   compile_fusion / initial_map (FLW-8001)
Information: Time: 2025-06-18 12:58:05 / Session:  00:00:16 / Command:  00:00:09 / CPU:  00:00:12 / Memory: 816 MB (FLW-8100)
Information: CPU Load: 5%, Ram Free: 38 GB, Swap Free: 1 GB, Work Disk Free: 308 GB, Tmp Disk Free: 308 GB (MSG-3995)

Information: >>>>>>> 6 unique error and warning message tags while observing compile_fusion / initial_map: (MSG-3100)
Information: #prnt #trgr #lmt    Tag  Level     Format (or last printed message)                                (MSG-3036)
Information:    15    16  5 SQM-1079  WARNING   Warning: Skipping check for single_bit_degenerate attribute ... (MSG-3032)
Information:     1     1  1 SQM-1074  WARNING   Warning: Shift register Inferencing is enabled so only head ... (MSG-3032)
Information:     9    26  3 SQM-1067  WARNING   Warning: Mapping to scan cell 'SAEDRVT14_FSDPQ_V2LP_2' in li... (MSG-3032)
Information:    30    32 10 SQM-1061  WARNING   Warning: Cannot infer functionality of libcell 'saed14rvt_fr... (MSG-3032)
Information:     3     2 10 SQM-1053  WARNING   Warning: Found 8 multibit sequential library cells that have... (MSG-3032)
Information:     1     1  1 SQM-1034  WARNING   Warning: No cell bus will be mapped to multibit because mult... (MSG-3032)
Information:    59    78  6        6  <------   Total sum of messages (MSG-3038)
Information: >>>>>>> Summary: 78 error&warning MSGs observed during compile_fusion / initial_map (MSG-3103)

----------------------------------------------------------------------------------------------------------
Information: Starting compile_fusion / logic_opto (FLW-8000)
Information: Time: 2025-06-18 12:58:05 / Session:  00:00:16 / Command:  00:00:09 / CPU:  00:00:12 / Memory: 816 MB (FLW-8100)
Information: CPU Load: 5%, Ram Free: 38 GB, Swap Free: 1 GB, Work Disk Free: 308 GB, Tmp Disk Free: 308 GB (MSG-3995)
----------------------------------------------------------------------------------------------------------
Information: Starting compile_fusion / logic_opto / Load Design (FLW-8000)
Information: Time: 2025-06-18 12:58:05 / Session:  00:00:16 / Command:  00:00:09 / CPU:  00:00:12 / Memory: 816 MB (FLW-8100)
Information: CPU Load: 5%, Ram Free: 38 GB, Swap Free: 1 GB, Work Disk Free: 308 GB, Tmp Disk Free: 308 GB (MSG-3995)
Information: Change threshold for extractor is reset. (FLW-1300)
Information: The stitching and editing of coupling caps is turned OFF for design 'dut_toplevel.dlib:dut_toplevel/placement_and_optimization.design'. (TIM-125)
Information: Ending   compile_fusion / logic_opto / Load Design (FLW-8001)
Information: Time: 2025-06-18 12:58:06 / Session:  00:00:16 / Command:  00:00:09 / CPU:  00:00:14 / Memory: 883 MB (FLW-8100)
Information: CPU Load: 5%, Ram Free: 38 GB, Swap Free: 1 GB, Work Disk Free: 308 GB, Tmp Disk Free: 308 GB (MSG-3995)
Information: Starting compile_fusion / logic_opto / Clock Gate Re-structuring (FLW-8000)
Information: Time: 2025-06-18 12:58:06 / Session:  00:00:16 / Command:  00:00:09 / CPU:  00:00:14 / Memory: 883 MB (FLW-8100)
Information: CPU Load: 5%, Ram Free: 38 GB, Swap Free: 1 GB, Work Disk Free: 308 GB, Tmp Disk Free: 308 GB (MSG-3995)
Information: Result of compile_fusion / logic_opto / Clock Gate Re-structuring (FLW-8500)
Number of Pre-Existing Clock Gates with dont touch attribute: 0
Number of ICG library cells with CTS purpose: 19
--------------------------------------------------------------------------------
                          Tool Gated Register Summary                           
--------------------------------------------------------------------------------
Clock Gating Type                   | Number of   | Register Count | Equivalent 
                                    | Clock Gates |                | Bitwidth   
--------------------------------------------------------------------------------
Regular Clock Gating                |          11 |            319 |        319
--------------------------------------------------------------------------------
--------------------------------------------------------------------------------
                 Regular Clock Gating Ungated Register Summary                  
--------------------------------------------------------------------------------
 Ungated Reason                                            | Count | Bitwidth   
--------------------------------------------------------------------------------
 Enable is Constant One.                                   |     2 |        2
 Partial Minimum Bitwidth Not Met.                         |     7 |        7
--------------------------------------------------------------------------------
Information: Ending   compile_fusion / logic_opto / Clock Gate Re-structuring (FLW-8001)
Information: Time: 2025-06-18 12:58:06 / Session:  00:00:16 / Command:  00:00:09 / CPU:  00:00:15 / Memory: 896 MB (FLW-8100)
Information: CPU Load: 5%, Ram Free: 38 GB, Swap Free: 1 GB, Work Disk Free: 308 GB, Tmp Disk Free: 308 GB (MSG-3995)
Warning: Duplicate callback function set for step 'fc/logic_opto/dwProcessPrecond1' (FLW-2224)
Warning: Duplicate callback function set for step 'fc/logic_opto/dwProcessPrecond1' (FLW-2224)
Information: Starting compile_fusion / logic_opto / Optimization (1) (FLW-8000)
Information: Time: 2025-06-18 12:58:06 / Session:  00:00:16 / Command:  00:00:09 / CPU:  00:00:15 / Memory: 896 MB (FLW-8100)
Information: CPU Load: 5%, Ram Free: 38 GB, Swap Free: 1 GB, Work Disk Free: 308 GB, Tmp Disk Free: 308 GB (MSG-3995)
Information: The stitching and editing of coupling caps is turned OFF for design 'dut_toplevel.dlib:dut_toplevel/placement_and_optimization.design'. (TIM-125)
Information: Starting compile_fusion / logic_opto / Optimization (1) / Logic Simplification and Register Optimization (FLW-8000)
Information: Time: 2025-06-18 12:58:08 / Session:  00:00:19 / Command:  00:00:12 / CPU:  00:00:18 / Memory: 959 MB (FLW-8100)
Information: CPU Load: 5%, Ram Free: 38 GB, Swap Free: 1 GB, Work Disk Free: 308 GB, Tmp Disk Free: 308 GB (MSG-3995)
Warning: Cannot infer functionality of libcell 'saed14rvt_frame_timing/SAEDRVT14_FDNRBSBQ_V2_0P5' and will be excluded from sequential mapping. (SQM-1061)
Warning: Cannot infer functionality of libcell 'saed14rvt_frame_timing/SAEDRVT14_FDNRBSBQ_V2_1' and will be excluded from sequential mapping. (SQM-1061)
Warning: Cannot infer functionality of libcell 'saed14rvt_frame_timing/SAEDRVT14_FDNRBSBQ_V2_2' and will be excluded from sequential mapping. (SQM-1061)
Warning: Cannot infer functionality of libcell 'saed14rvt_frame_timing/SAEDRVT14_FDNRBSBQ_V2_4' and will be excluded from sequential mapping. (SQM-1061)
Warning: Cannot infer functionality of libcell 'saed14rvt_frame_timing/SAEDRVT14_FDPRBSBQ_V2_0P5' and will be excluded from sequential mapping. (SQM-1061)
Warning: Cannot infer functionality of libcell 'saed14rvt_frame_timing/SAEDRVT14_FDPRBSBQ_V2_1' and will be excluded from sequential mapping. (SQM-1061)
Warning: Cannot infer functionality of libcell 'saed14rvt_frame_timing/SAEDRVT14_FDPRBSBQ_V2_2' and will be excluded from sequential mapping. (SQM-1061)
Warning: Cannot infer functionality of libcell 'saed14rvt_frame_timing/SAEDRVT14_FDPRBSBQ_V2_4' and will be excluded from sequential mapping. (SQM-1061)
Warning: Mapping to scan cell 'SAEDRVT14_FSDPQB_V2LP_1' in library is not possible because cell has 'dont_use' attribute. (SQM-1067)
Warning: Mapping to scan cell 'SAEDRVT14_FSDPQ_V2LP_1' in library is not possible because cell has 'dont_use' attribute. (SQM-1067)
Warning: Mapping to scan cell 'SAEDRVT14_FSDPQ_V2LP_2' in library is not possible because cell has 'dont_use' attribute. (SQM-1067)
Warning: Cannot infer functionality of libcell 'saed14rvt_frame_timing/SAEDRVT14_FSDPRBSBQ_V2LP_0P5' and will be excluded from sequential mapping. (SQM-1061)
Warning: Cannot infer functionality of libcell 'saed14rvt_frame_timing/SAEDRVT14_FSDPRBSBQ_V2LP_2' and will be excluded from sequential mapping. (SQM-1061)
Warning: Skipping check for single_bit_degenerate attribute on the multibit libcell 'saed14rvt_frame_timing/SAEDRVT14_FSDN2_V2_0P5' since it is not a black-box. (SQM-1079)
Information: No single-bit representative was found for multibit lib cell 'saed14rvt_frame_timing/SAEDRVT14_FSDN2_V2_0P5'. (SQM-2004)
Warning: Skipping check for single_bit_degenerate attribute on the multibit libcell 'saed14rvt_frame_timing/SAEDRVT14_FSDN2_V2_1' since it is not a black-box. (SQM-1079)
Information: No single-bit representative was found for multibit lib cell 'saed14rvt_frame_timing/SAEDRVT14_FSDN2_V2_1'. (SQM-2004)
Warning: Skipping check for single_bit_degenerate attribute on the multibit libcell 'saed14rvt_frame_timing/SAEDRVT14_FSDN2_V2_2' since it is not a black-box. (SQM-1079)
Information: No single-bit representative was found for multibit lib cell 'saed14rvt_frame_timing/SAEDRVT14_FSDN2_V2_2'. (SQM-2004)
Warning: Skipping check for single_bit_degenerate attribute on the multibit libcell 'saed14rvt_frame_timing/SAEDRVT14_FSDN2_V2_4' since it is not a black-box. (SQM-1079)
Information: No single-bit representative was found for multibit lib cell 'saed14rvt_frame_timing/SAEDRVT14_FSDN2_V2_4'. (SQM-2004)
Warning: Skipping check for single_bit_degenerate attribute on the multibit libcell 'saed14rvt_frame_timing/SAEDRVT14_FSDN4_V2_0P5' since it is not a black-box. (SQM-1079)
Information: No single-bit representative was found for multibit lib cell 'saed14rvt_frame_timing/SAEDRVT14_FSDN4_V2_0P5'. (SQM-2004)
Information: No single-bit representative was found for multibit lib cell 'saed14rvt_frame_timing/SAEDRVT14_FSDN4_V2_1'. (SQM-2004)
Information: No single-bit representative was found for multibit lib cell 'saed14rvt_frame_timing/SAEDRVT14_FSDN4_V2_2'. (SQM-2004)
Information: No single-bit representative was found for multibit lib cell 'saed14rvt_frame_timing/SAEDRVT14_FSDN4_V2_4'. (SQM-2004)
Warning: Found 8 multibit sequential library cells that have missing/added attributes or have restrictions that prevent them from banking. (SQM-1053)
Information: 6 out of 16 SQM-1061 messages were not printed due to limit 10 (after 'compile_fusion' at task2.tcl:52) (MSG-3913)
Information: 10 out of 13 SQM-1067 messages were not printed due to limit 3 (after 'compile_fusion' at task2.tcl:52) (MSG-3913)
Information: 3 out of 8 SQM-1079 messages were not printed due to limit 5 (after 'compile_fusion' at task2.tcl:52) (MSG-3913)
Information: Ending   compile_fusion / logic_opto / Optimization (1) / Logic Simplification and Register Optimization (FLW-8001)
Information: Time: 2025-06-18 12:58:08 / Session:  00:00:19 / Command:  00:00:12 / CPU:  00:00:18 / Memory: 968 MB (FLW-8100)
Information: CPU Load: 5%, Ram Free: 38 GB, Swap Free: 1 GB, Work Disk Free: 308 GB, Tmp Disk Free: 308 GB (MSG-3995)
Warning: No clock routing rules were specified. Use set_clock_routing_rules to specify routing rules for accurate clock latency estimation. (OPT-902)
Warning: No clock routing rules were specified. Use set_clock_routing_rules to specify routing rules for accurate clock latency estimation. (OPT-902)
Information: Estimating clock gate latencies for scenario 'PowerSave_Slow'. (OPT-909)
Warning: No clock routing rules were specified. Use set_clock_routing_rules to specify routing rules for accurate clock latency estimation. (OPT-902)
Information: Estimating clock gate latencies for scenario 'Normal_Slow'. (OPT-909)
Warning: Cannot infer functionality of libcell 'saed14rvt_frame_timing/SAEDRVT14_FDNRBSBQ_V2_0P5' and will be excluded from sequential mapping. (SQM-1061)
Warning: Cannot infer functionality of libcell 'saed14rvt_frame_timing/SAEDRVT14_FDNRBSBQ_V2_1' and will be excluded from sequential mapping. (SQM-1061)
Warning: Cannot infer functionality of libcell 'saed14rvt_frame_timing/SAEDRVT14_FDNRBSBQ_V2_2' and will be excluded from sequential mapping. (SQM-1061)
Warning: Cannot infer functionality of libcell 'saed14rvt_frame_timing/SAEDRVT14_FDNRBSBQ_V2_4' and will be excluded from sequential mapping. (SQM-1061)
Warning: Cannot infer functionality of libcell 'saed14rvt_frame_timing/SAEDRVT14_FDPRBSBQ_V2_0P5' and will be excluded from sequential mapping. (SQM-1061)
Warning: Cannot infer functionality of libcell 'saed14rvt_frame_timing/SAEDRVT14_FDPRBSBQ_V2_1' and will be excluded from sequential mapping. (SQM-1061)
Warning: Cannot infer functionality of libcell 'saed14rvt_frame_timing/SAEDRVT14_FDPRBSBQ_V2_2' and will be excluded from sequential mapping. (SQM-1061)
Warning: Cannot infer functionality of libcell 'saed14rvt_frame_timing/SAEDRVT14_FDPRBSBQ_V2_4' and will be excluded from sequential mapping. (SQM-1061)
Warning: Mapping to scan cell 'SAEDRVT14_FSDPQB_V2LP_1' in library is not possible because cell has 'dont_use' attribute. (SQM-1067)
Warning: Mapping to scan cell 'SAEDRVT14_FSDPQ_V2LP_1' in library is not possible because cell has 'dont_use' attribute. (SQM-1067)
Warning: Mapping to scan cell 'SAEDRVT14_FSDPQ_V2LP_2' in library is not possible because cell has 'dont_use' attribute. (SQM-1067)
Warning: Cannot infer functionality of libcell 'saed14rvt_frame_timing/SAEDRVT14_FSDPRBSBQ_V2LP_0P5' and will be excluded from sequential mapping. (SQM-1061)
Warning: Cannot infer functionality of libcell 'saed14rvt_frame_timing/SAEDRVT14_FSDPRBSBQ_V2LP_2' and will be excluded from sequential mapping. (SQM-1061)
Warning: Skipping check for single_bit_degenerate attribute on the multibit libcell 'saed14rvt_frame_timing/SAEDRVT14_FSDN2_V2_0P5' since it is not a black-box. (SQM-1079)
Information: No single-bit representative was found for multibit lib cell 'saed14rvt_frame_timing/SAEDRVT14_FSDN2_V2_0P5'. (SQM-2004)
Warning: Skipping check for single_bit_degenerate attribute on the multibit libcell 'saed14rvt_frame_timing/SAEDRVT14_FSDN2_V2_1' since it is not a black-box. (SQM-1079)
Information: No single-bit representative was found for multibit lib cell 'saed14rvt_frame_timing/SAEDRVT14_FSDN2_V2_1'. (SQM-2004)
Warning: Skipping check for single_bit_degenerate attribute on the multibit libcell 'saed14rvt_frame_timing/SAEDRVT14_FSDN2_V2_2' since it is not a black-box. (SQM-1079)
Information: No single-bit representative was found for multibit lib cell 'saed14rvt_frame_timing/SAEDRVT14_FSDN2_V2_2'. (SQM-2004)
Warning: Skipping check for single_bit_degenerate attribute on the multibit libcell 'saed14rvt_frame_timing/SAEDRVT14_FSDN2_V2_4' since it is not a black-box. (SQM-1079)
Information: No single-bit representative was found for multibit lib cell 'saed14rvt_frame_timing/SAEDRVT14_FSDN2_V2_4'. (SQM-2004)
Warning: Skipping check for single_bit_degenerate attribute on the multibit libcell 'saed14rvt_frame_timing/SAEDRVT14_FSDN4_V2_0P5' since it is not a black-box. (SQM-1079)
Information: No single-bit representative was found for multibit lib cell 'saed14rvt_frame_timing/SAEDRVT14_FSDN4_V2_0P5'. (SQM-2004)
Information: No single-bit representative was found for multibit lib cell 'saed14rvt_frame_timing/SAEDRVT14_FSDN4_V2_1'. (SQM-2004)
Information: No single-bit representative was found for multibit lib cell 'saed14rvt_frame_timing/SAEDRVT14_FSDN4_V2_2'. (SQM-2004)
Information: No single-bit representative was found for multibit lib cell 'saed14rvt_frame_timing/SAEDRVT14_FSDN4_V2_4'. (SQM-2004)
Warning: Found 8 multibit sequential library cells that have missing/added attributes or have restrictions that prevent them from banking. (SQM-1053)
Information: 6 out of 16 SQM-1061 messages were not printed due to limit 10 (after 'compile_fusion' at task2.tcl:52) (MSG-3913)
Information: 10 out of 13 SQM-1067 messages were not printed due to limit 3 (after 'compile_fusion' at task2.tcl:52) (MSG-3913)
Information: 3 out of 8 SQM-1079 messages were not printed due to limit 5 (after 'compile_fusion' at task2.tcl:52) (MSG-3913)
Information: Starting compile_fusion / logic_opto / Optimization (1) / Timing Optimization and DesignWare Reselection (FLW-8000)
Information: Time: 2025-06-18 12:58:10 / Session:  00:00:20 / Command:  00:00:14 / CPU:  00:00:20 / Memory: 999 MB (FLW-8100)
Information: CPU Load: 5%, Ram Free: 38 GB, Swap Free: 1 GB, Work Disk Free: 308 GB, Tmp Disk Free: 308 GB (MSG-3995)
Warning: Cannot infer functionality of libcell 'saed14rvt_frame_timing/SAEDRVT14_FDNRBSBQ_V2_0P5' and will be excluded from sequential mapping. (SQM-1061)
Warning: Cannot infer functionality of libcell 'saed14rvt_frame_timing/SAEDRVT14_FDNRBSBQ_V2_1' and will be excluded from sequential mapping. (SQM-1061)
Warning: Cannot infer functionality of libcell 'saed14rvt_frame_timing/SAEDRVT14_FDNRBSBQ_V2_2' and will be excluded from sequential mapping. (SQM-1061)
Warning: Cannot infer functionality of libcell 'saed14rvt_frame_timing/SAEDRVT14_FDNRBSBQ_V2_4' and will be excluded from sequential mapping. (SQM-1061)
Warning: Cannot infer functionality of libcell 'saed14rvt_frame_timing/SAEDRVT14_FDPRBSBQ_V2_0P5' and will be excluded from sequential mapping. (SQM-1061)
Warning: Cannot infer functionality of libcell 'saed14rvt_frame_timing/SAEDRVT14_FDPRBSBQ_V2_1' and will be excluded from sequential mapping. (SQM-1061)
Warning: Cannot infer functionality of libcell 'saed14rvt_frame_timing/SAEDRVT14_FDPRBSBQ_V2_2' and will be excluded from sequential mapping. (SQM-1061)
Warning: Cannot infer functionality of libcell 'saed14rvt_frame_timing/SAEDRVT14_FDPRBSBQ_V2_4' and will be excluded from sequential mapping. (SQM-1061)
Warning: Mapping to scan cell 'SAEDRVT14_FSDPQB_V2LP_1' in library is not possible because cell has 'dont_use' attribute. (SQM-1067)
Warning: Mapping to scan cell 'SAEDRVT14_FSDPQ_V2LP_1' in library is not possible because cell has 'dont_use' attribute. (SQM-1067)
Warning: Mapping to scan cell 'SAEDRVT14_FSDPQ_V2LP_2' in library is not possible because cell has 'dont_use' attribute. (SQM-1067)
Warning: Cannot infer functionality of libcell 'saed14rvt_frame_timing/SAEDRVT14_FSDPRBSBQ_V2LP_0P5' and will be excluded from sequential mapping. (SQM-1061)
Warning: Cannot infer functionality of libcell 'saed14rvt_frame_timing/SAEDRVT14_FSDPRBSBQ_V2LP_2' and will be excluded from sequential mapping. (SQM-1061)
Warning: Skipping check for single_bit_degenerate attribute on the multibit libcell 'saed14rvt_frame_timing/SAEDRVT14_FSDN2_V2_0P5' since it is not a black-box. (SQM-1079)
Information: No single-bit representative was found for multibit lib cell 'saed14rvt_frame_timing/SAEDRVT14_FSDN2_V2_0P5'. (SQM-2004)
Warning: Skipping check for single_bit_degenerate attribute on the multibit libcell 'saed14rvt_frame_timing/SAEDRVT14_FSDN2_V2_1' since it is not a black-box. (SQM-1079)
Information: No single-bit representative was found for multibit lib cell 'saed14rvt_frame_timing/SAEDRVT14_FSDN2_V2_1'. (SQM-2004)
Warning: Skipping check for single_bit_degenerate attribute on the multibit libcell 'saed14rvt_frame_timing/SAEDRVT14_FSDN2_V2_2' since it is not a black-box. (SQM-1079)
Information: No single-bit representative was found for multibit lib cell 'saed14rvt_frame_timing/SAEDRVT14_FSDN2_V2_2'. (SQM-2004)
Warning: Skipping check for single_bit_degenerate attribute on the multibit libcell 'saed14rvt_frame_timing/SAEDRVT14_FSDN2_V2_4' since it is not a black-box. (SQM-1079)
Information: No single-bit representative was found for multibit lib cell 'saed14rvt_frame_timing/SAEDRVT14_FSDN2_V2_4'. (SQM-2004)
Warning: Skipping check for single_bit_degenerate attribute on the multibit libcell 'saed14rvt_frame_timing/SAEDRVT14_FSDN4_V2_0P5' since it is not a black-box. (SQM-1079)
Information: No single-bit representative was found for multibit lib cell 'saed14rvt_frame_timing/SAEDRVT14_FSDN4_V2_0P5'. (SQM-2004)
Information: No single-bit representative was found for multibit lib cell 'saed14rvt_frame_timing/SAEDRVT14_FSDN4_V2_1'. (SQM-2004)
Information: No single-bit representative was found for multibit lib cell 'saed14rvt_frame_timing/SAEDRVT14_FSDN4_V2_2'. (SQM-2004)
Information: No single-bit representative was found for multibit lib cell 'saed14rvt_frame_timing/SAEDRVT14_FSDN4_V2_4'. (SQM-2004)
Warning: Found 8 multibit sequential library cells that have missing/added attributes or have restrictions that prevent them from banking. (SQM-1053)
Information: No single-bit representative was found for multibit lib cell 'saed14rvt_frame_timing/SAEDRVT14_FSDN2_V2_0P5'. (SQM-2004)
Information: No single-bit representative was found for multibit lib cell 'saed14rvt_frame_timing/SAEDRVT14_FSDN2_V2_1'. (SQM-2004)
Warning: Found 8 multibit sequential library cells that have missing/added attributes or have restrictions that prevent them from banking. (SQM-1053)
Warning: Found 8 multibit sequential library cells that have missing/added attributes or have restrictions that prevent them from banking. (SQM-1053)
Warning: Found 8 multibit sequential library cells that have missing/added attributes or have restrictions that prevent them from banking. (SQM-1053)
Warning: Found 8 multibit sequential library cells that have missing/added attributes or have restrictions that prevent them from banking. (SQM-1053)
Warning: Found 8 multibit sequential library cells that have missing/added attributes or have restrictions that prevent them from banking. (SQM-1053)
Warning: Found 8 multibit sequential library cells that have missing/added attributes or have restrictions that prevent them from banking. (SQM-1053)
Warning: Found 8 multibit sequential library cells that have missing/added attributes or have restrictions that prevent them from banking. (SQM-1053)
Warning: Found 8 multibit sequential library cells that have missing/added attributes or have restrictions that prevent them from banking. (SQM-1053)
Warning: Found 8 multibit sequential library cells that have missing/added attributes or have restrictions that prevent them from banking. (SQM-1053)
Information: 2 out of 12 SQM-1053 messages were not printed due to limit 10 (after 'compile_fusion' at task2.tcl:52) (MSG-3913)
Information: 182 out of 192 SQM-1061 messages were not printed due to limit 10 (after 'compile_fusion' at task2.tcl:52) (MSG-3913)
Information: 153 out of 156 SQM-1067 messages were not printed due to limit 3 (after 'compile_fusion' at task2.tcl:52) (MSG-3913)
Information: 91 out of 96 SQM-1079 messages were not printed due to limit 5 (after 'compile_fusion' at task2.tcl:52) (MSG-3913)
Information: 86 out of 96 SQM-2004 messages were not printed due to limit 10 (after 'compile_fusion' at task2.tcl:52) (MSG-3913)
Information: Ending   compile_fusion / logic_opto / Optimization (1) / Timing Optimization and DesignWare Reselection (FLW-8001)
Information: Time: 2025-06-18 12:58:12 / Session:  00:00:22 / Command:  00:00:15 / CPU:  00:00:23 / Memory: 1334 MB (FLW-8100)
Information: CPU Load: 5%, Ram Free: 38 GB, Swap Free: 1 GB, Work Disk Free: 308 GB, Tmp Disk Free: 308 GB (MSG-3995)
Information: Ending   compile_fusion / logic_opto / Optimization (1) (FLW-8001)
Information: Time: 2025-06-18 12:58:12 / Session:  00:00:22 / Command:  00:00:15 / CPU:  00:00:23 / Memory: 1334 MB (FLW-8100)
Information: CPU Load: 5%, Ram Free: 38 GB, Swap Free: 1 GB, Work Disk Free: 308 GB, Tmp Disk Free: 308 GB (MSG-3995)
Information: Starting compile_fusion / logic_opto / Register Retiming (FLW-8000)
Information: Time: 2025-06-18 12:58:12 / Session:  00:00:22 / Command:  00:00:15 / CPU:  00:00:23 / Memory: 1334 MB (FLW-8100)
Information: CPU Load: 5%, Ram Free: 38 GB, Swap Free: 1 GB, Work Disk Free: 308 GB, Tmp Disk Free: 308 GB (MSG-3995)
Warning: Cannot infer functionality of libcell 'saed14rvt_frame_timing/SAEDRVT14_FDNRBSBQ_V2_0P5' and will be excluded from sequential mapping. (SQM-1061)
Warning: Cannot infer functionality of libcell 'saed14rvt_frame_timing/SAEDRVT14_FDNRBSBQ_V2_1' and will be excluded from sequential mapping. (SQM-1061)
Warning: Cannot infer functionality of libcell 'saed14rvt_frame_timing/SAEDRVT14_FDNRBSBQ_V2_2' and will be excluded from sequential mapping. (SQM-1061)
Warning: Cannot infer functionality of libcell 'saed14rvt_frame_timing/SAEDRVT14_FDNRBSBQ_V2_4' and will be excluded from sequential mapping. (SQM-1061)
Warning: Cannot infer functionality of libcell 'saed14rvt_frame_timing/SAEDRVT14_FDPRBSBQ_V2_0P5' and will be excluded from sequential mapping. (SQM-1061)
Warning: Cannot infer functionality of libcell 'saed14rvt_frame_timing/SAEDRVT14_FDPRBSBQ_V2_1' and will be excluded from sequential mapping. (SQM-1061)
Warning: Cannot infer functionality of libcell 'saed14rvt_frame_timing/SAEDRVT14_FDPRBSBQ_V2_2' and will be excluded from sequential mapping. (SQM-1061)
Warning: Cannot infer functionality of libcell 'saed14rvt_frame_timing/SAEDRVT14_FDPRBSBQ_V2_4' and will be excluded from sequential mapping. (SQM-1061)
Warning: Mapping to scan cell 'SAEDRVT14_FSDPQB_V2LP_1' in library is not possible because cell has 'dont_use' attribute. (SQM-1067)
Warning: Mapping to scan cell 'SAEDRVT14_FSDPQ_V2LP_1' in library is not possible because cell has 'dont_use' attribute. (SQM-1067)
Warning: Mapping to scan cell 'SAEDRVT14_FSDPQ_V2LP_2' in library is not possible because cell has 'dont_use' attribute. (SQM-1067)
Warning: Cannot infer functionality of libcell 'saed14rvt_frame_timing/SAEDRVT14_FSDPRBSBQ_V2LP_0P5' and will be excluded from sequential mapping. (SQM-1061)
Warning: Cannot infer functionality of libcell 'saed14rvt_frame_timing/SAEDRVT14_FSDPRBSBQ_V2LP_2' and will be excluded from sequential mapping. (SQM-1061)
Warning: Skipping check for single_bit_degenerate attribute on the multibit libcell 'saed14rvt_frame_timing/SAEDRVT14_FSDN2_V2_0P5' since it is not a black-box. (SQM-1079)
Information: No single-bit representative was found for multibit lib cell 'saed14rvt_frame_timing/SAEDRVT14_FSDN2_V2_0P5'. (SQM-2004)
Warning: Skipping check for single_bit_degenerate attribute on the multibit libcell 'saed14rvt_frame_timing/SAEDRVT14_FSDN2_V2_1' since it is not a black-box. (SQM-1079)
Information: No single-bit representative was found for multibit lib cell 'saed14rvt_frame_timing/SAEDRVT14_FSDN2_V2_1'. (SQM-2004)
Warning: Skipping check for single_bit_degenerate attribute on the multibit libcell 'saed14rvt_frame_timing/SAEDRVT14_FSDN2_V2_2' since it is not a black-box. (SQM-1079)
Information: No single-bit representative was found for multibit lib cell 'saed14rvt_frame_timing/SAEDRVT14_FSDN2_V2_2'. (SQM-2004)
Warning: Skipping check for single_bit_degenerate attribute on the multibit libcell 'saed14rvt_frame_timing/SAEDRVT14_FSDN2_V2_4' since it is not a black-box. (SQM-1079)
Information: No single-bit representative was found for multibit lib cell 'saed14rvt_frame_timing/SAEDRVT14_FSDN2_V2_4'. (SQM-2004)
Warning: Skipping check for single_bit_degenerate attribute on the multibit libcell 'saed14rvt_frame_timing/SAEDRVT14_FSDN4_V2_0P5' since it is not a black-box. (SQM-1079)
Information: No single-bit representative was found for multibit lib cell 'saed14rvt_frame_timing/SAEDRVT14_FSDN4_V2_0P5'. (SQM-2004)
Information: No single-bit representative was found for multibit lib cell 'saed14rvt_frame_timing/SAEDRVT14_FSDN4_V2_1'. (SQM-2004)
Information: No single-bit representative was found for multibit lib cell 'saed14rvt_frame_timing/SAEDRVT14_FSDN4_V2_2'. (SQM-2004)
Information: No single-bit representative was found for multibit lib cell 'saed14rvt_frame_timing/SAEDRVT14_FSDN4_V2_4'. (SQM-2004)
Warning: Found 8 multibit sequential library cells that have missing/added attributes or have restrictions that prevent them from banking. (SQM-1053)
Information: 6 out of 16 SQM-1061 messages were not printed due to limit 10 (after 'compile_fusion' at task2.tcl:52) (MSG-3913)
Information: 10 out of 13 SQM-1067 messages were not printed due to limit 3 (after 'compile_fusion' at task2.tcl:52) (MSG-3913)
Information: 3 out of 8 SQM-1079 messages were not printed due to limit 5 (after 'compile_fusion' at task2.tcl:52) (MSG-3913)
Warning: Cannot infer functionality of libcell 'saed14rvt_frame_timing/SAEDRVT14_FDNRBSBQ_V2_0P5' and will be excluded from sequential mapping. (SQM-1061)
Warning: Cannot infer functionality of libcell 'saed14rvt_frame_timing/SAEDRVT14_FDNRBSBQ_V2_1' and will be excluded from sequential mapping. (SQM-1061)
Warning: Cannot infer functionality of libcell 'saed14rvt_frame_timing/SAEDRVT14_FDNRBSBQ_V2_2' and will be excluded from sequential mapping. (SQM-1061)
Warning: Cannot infer functionality of libcell 'saed14rvt_frame_timing/SAEDRVT14_FDNRBSBQ_V2_4' and will be excluded from sequential mapping. (SQM-1061)
Warning: Cannot infer functionality of libcell 'saed14rvt_frame_timing/SAEDRVT14_FDPRBSBQ_V2_0P5' and will be excluded from sequential mapping. (SQM-1061)
Warning: Cannot infer functionality of libcell 'saed14rvt_frame_timing/SAEDRVT14_FDPRBSBQ_V2_1' and will be excluded from sequential mapping. (SQM-1061)
Warning: Cannot infer functionality of libcell 'saed14rvt_frame_timing/SAEDRVT14_FDPRBSBQ_V2_2' and will be excluded from sequential mapping. (SQM-1061)
Warning: Cannot infer functionality of libcell 'saed14rvt_frame_timing/SAEDRVT14_FDPRBSBQ_V2_4' and will be excluded from sequential mapping. (SQM-1061)
Warning: Mapping to scan cell 'SAEDRVT14_FSDPQB_V2LP_1' in library is not possible because cell has 'dont_use' attribute. (SQM-1067)
Warning: Mapping to scan cell 'SAEDRVT14_FSDPQ_V2LP_1' in library is not possible because cell has 'dont_use' attribute. (SQM-1067)
Warning: Mapping to scan cell 'SAEDRVT14_FSDPQ_V2LP_2' in library is not possible because cell has 'dont_use' attribute. (SQM-1067)
Warning: Cannot infer functionality of libcell 'saed14rvt_frame_timing/SAEDRVT14_FSDPRBSBQ_V2LP_0P5' and will be excluded from sequential mapping. (SQM-1061)
Warning: Cannot infer functionality of libcell 'saed14rvt_frame_timing/SAEDRVT14_FSDPRBSBQ_V2LP_2' and will be excluded from sequential mapping. (SQM-1061)
Warning: Skipping check for single_bit_degenerate attribute on the multibit libcell 'saed14rvt_frame_timing/SAEDRVT14_FSDN2_V2_0P5' since it is not a black-box. (SQM-1079)
Information: No single-bit representative was found for multibit lib cell 'saed14rvt_frame_timing/SAEDRVT14_FSDN2_V2_0P5'. (SQM-2004)
Warning: Skipping check for single_bit_degenerate attribute on the multibit libcell 'saed14rvt_frame_timing/SAEDRVT14_FSDN2_V2_1' since it is not a black-box. (SQM-1079)
Information: No single-bit representative was found for multibit lib cell 'saed14rvt_frame_timing/SAEDRVT14_FSDN2_V2_1'. (SQM-2004)
Warning: Skipping check for single_bit_degenerate attribute on the multibit libcell 'saed14rvt_frame_timing/SAEDRVT14_FSDN2_V2_2' since it is not a black-box. (SQM-1079)
Information: No single-bit representative was found for multibit lib cell 'saed14rvt_frame_timing/SAEDRVT14_FSDN2_V2_2'. (SQM-2004)
Warning: Skipping check for single_bit_degenerate attribute on the multibit libcell 'saed14rvt_frame_timing/SAEDRVT14_FSDN2_V2_4' since it is not a black-box. (SQM-1079)
Information: No single-bit representative was found for multibit lib cell 'saed14rvt_frame_timing/SAEDRVT14_FSDN2_V2_4'. (SQM-2004)
Warning: Skipping check for single_bit_degenerate attribute on the multibit libcell 'saed14rvt_frame_timing/SAEDRVT14_FSDN4_V2_0P5' since it is not a black-box. (SQM-1079)
Information: No single-bit representative was found for multibit lib cell 'saed14rvt_frame_timing/SAEDRVT14_FSDN4_V2_0P5'. (SQM-2004)
Information: No single-bit representative was found for multibit lib cell 'saed14rvt_frame_timing/SAEDRVT14_FSDN4_V2_1'. (SQM-2004)
Information: No single-bit representative was found for multibit lib cell 'saed14rvt_frame_timing/SAEDRVT14_FSDN4_V2_2'. (SQM-2004)
Information: No single-bit representative was found for multibit lib cell 'saed14rvt_frame_timing/SAEDRVT14_FSDN4_V2_4'. (SQM-2004)
Warning: Found 8 multibit sequential library cells that have missing/added attributes or have restrictions that prevent them from banking. (SQM-1053)
Information: 6 out of 16 SQM-1061 messages were not printed due to limit 10 (after 'compile_fusion' at task2.tcl:52) (MSG-3913)
Information: 10 out of 13 SQM-1067 messages were not printed due to limit 3 (after 'compile_fusion' at task2.tcl:52) (MSG-3913)
Information: 3 out of 8 SQM-1079 messages were not printed due to limit 5 (after 'compile_fusion' at task2.tcl:52) (MSG-3913)
Warning: Cannot infer functionality of libcell 'saed14rvt_frame_timing/SAEDRVT14_FDNRBSBQ_V2_0P5' and will be excluded from sequential mapping. (SQM-1061)
Warning: Cannot infer functionality of libcell 'saed14rvt_frame_timing/SAEDRVT14_FDNRBSBQ_V2_1' and will be excluded from sequential mapping. (SQM-1061)
Warning: Cannot infer functionality of libcell 'saed14rvt_frame_timing/SAEDRVT14_FDNRBSBQ_V2_2' and will be excluded from sequential mapping. (SQM-1061)
Warning: Cannot infer functionality of libcell 'saed14rvt_frame_timing/SAEDRVT14_FDNRBSBQ_V2_4' and will be excluded from sequential mapping. (SQM-1061)
Warning: Cannot infer functionality of libcell 'saed14rvt_frame_timing/SAEDRVT14_FDPRBSBQ_V2_0P5' and will be excluded from sequential mapping. (SQM-1061)
Warning: Cannot infer functionality of libcell 'saed14rvt_frame_timing/SAEDRVT14_FDPRBSBQ_V2_1' and will be excluded from sequential mapping. (SQM-1061)
Warning: Cannot infer functionality of libcell 'saed14rvt_frame_timing/SAEDRVT14_FDPRBSBQ_V2_2' and will be excluded from sequential mapping. (SQM-1061)
Warning: Cannot infer functionality of libcell 'saed14rvt_frame_timing/SAEDRVT14_FDPRBSBQ_V2_4' and will be excluded from sequential mapping. (SQM-1061)
Warning: Mapping to scan cell 'SAEDRVT14_FSDPQB_V2LP_1' in library is not possible because cell has 'dont_use' attribute. (SQM-1067)
Warning: Mapping to scan cell 'SAEDRVT14_FSDPQ_V2LP_1' in library is not possible because cell has 'dont_use' attribute. (SQM-1067)
Warning: Mapping to scan cell 'SAEDRVT14_FSDPQ_V2LP_2' in library is not possible because cell has 'dont_use' attribute. (SQM-1067)
Warning: Cannot infer functionality of libcell 'saed14rvt_frame_timing/SAEDRVT14_FSDPRBSBQ_V2LP_0P5' and will be excluded from sequential mapping. (SQM-1061)
Warning: Cannot infer functionality of libcell 'saed14rvt_frame_timing/SAEDRVT14_FSDPRBSBQ_V2LP_2' and will be excluded from sequential mapping. (SQM-1061)
Warning: Skipping check for single_bit_degenerate attribute on the multibit libcell 'saed14rvt_frame_timing/SAEDRVT14_FSDN2_V2_0P5' since it is not a black-box. (SQM-1079)
Information: No single-bit representative was found for multibit lib cell 'saed14rvt_frame_timing/SAEDRVT14_FSDN2_V2_0P5'. (SQM-2004)
Warning: Skipping check for single_bit_degenerate attribute on the multibit libcell 'saed14rvt_frame_timing/SAEDRVT14_FSDN2_V2_1' since it is not a black-box. (SQM-1079)
Information: No single-bit representative was found for multibit lib cell 'saed14rvt_frame_timing/SAEDRVT14_FSDN2_V2_1'. (SQM-2004)
Warning: Skipping check for single_bit_degenerate attribute on the multibit libcell 'saed14rvt_frame_timing/SAEDRVT14_FSDN2_V2_2' since it is not a black-box. (SQM-1079)
Information: No single-bit representative was found for multibit lib cell 'saed14rvt_frame_timing/SAEDRVT14_FSDN2_V2_2'. (SQM-2004)
Warning: Skipping check for single_bit_degenerate attribute on the multibit libcell 'saed14rvt_frame_timing/SAEDRVT14_FSDN2_V2_4' since it is not a black-box. (SQM-1079)
Information: No single-bit representative was found for multibit lib cell 'saed14rvt_frame_timing/SAEDRVT14_FSDN2_V2_4'. (SQM-2004)
Warning: Skipping check for single_bit_degenerate attribute on the multibit libcell 'saed14rvt_frame_timing/SAEDRVT14_FSDN4_V2_0P5' since it is not a black-box. (SQM-1079)
Information: No single-bit representative was found for multibit lib cell 'saed14rvt_frame_timing/SAEDRVT14_FSDN4_V2_0P5'. (SQM-2004)
Information: No single-bit representative was found for multibit lib cell 'saed14rvt_frame_timing/SAEDRVT14_FSDN4_V2_1'. (SQM-2004)
Information: No single-bit representative was found for multibit lib cell 'saed14rvt_frame_timing/SAEDRVT14_FSDN4_V2_2'. (SQM-2004)
Information: No single-bit representative was found for multibit lib cell 'saed14rvt_frame_timing/SAEDRVT14_FSDN4_V2_4'. (SQM-2004)
Warning: Found 8 multibit sequential library cells that have missing/added attributes or have restrictions that prevent them from banking. (SQM-1053)
Information: Result of compile_fusion / logic_opto / Register Retiming (FLW-8500)
Information: No instance marked for retiming. (RTM-1031)
Information: 6 out of 16 SQM-1061 messages were not printed due to limit 10 (after 'compile_fusion' at task2.tcl:52) (MSG-3913)
Information: 10 out of 13 SQM-1067 messages were not printed due to limit 3 (after 'compile_fusion' at task2.tcl:52) (MSG-3913)
Information: 3 out of 8 SQM-1079 messages were not printed due to limit 5 (after 'compile_fusion' at task2.tcl:52) (MSG-3913)
Warning: Cannot infer functionality of libcell 'saed14rvt_frame_timing/SAEDRVT14_FDNRBSBQ_V2_0P5' and will be excluded from sequential mapping. (SQM-1061)
Warning: Cannot infer functionality of libcell 'saed14rvt_frame_timing/SAEDRVT14_FDNRBSBQ_V2_1' and will be excluded from sequential mapping. (SQM-1061)
Warning: Cannot infer functionality of libcell 'saed14rvt_frame_timing/SAEDRVT14_FDNRBSBQ_V2_2' and will be excluded from sequential mapping. (SQM-1061)
Warning: Cannot infer functionality of libcell 'saed14rvt_frame_timing/SAEDRVT14_FDNRBSBQ_V2_4' and will be excluded from sequential mapping. (SQM-1061)
Warning: Cannot infer functionality of libcell 'saed14rvt_frame_timing/SAEDRVT14_FDPRBSBQ_V2_0P5' and will be excluded from sequential mapping. (SQM-1061)
Warning: Cannot infer functionality of libcell 'saed14rvt_frame_timing/SAEDRVT14_FDPRBSBQ_V2_1' and will be excluded from sequential mapping. (SQM-1061)
Warning: Cannot infer functionality of libcell 'saed14rvt_frame_timing/SAEDRVT14_FDPRBSBQ_V2_2' and will be excluded from sequential mapping. (SQM-1061)
Warning: Cannot infer functionality of libcell 'saed14rvt_frame_timing/SAEDRVT14_FDPRBSBQ_V2_4' and will be excluded from sequential mapping. (SQM-1061)
Warning: Mapping to scan cell 'SAEDRVT14_FSDPQB_V2LP_1' in library is not possible because cell has 'dont_use' attribute. (SQM-1067)
Warning: Mapping to scan cell 'SAEDRVT14_FSDPQ_V2LP_1' in library is not possible because cell has 'dont_use' attribute. (SQM-1067)
Warning: Mapping to scan cell 'SAEDRVT14_FSDPQ_V2LP_2' in library is not possible because cell has 'dont_use' attribute. (SQM-1067)
Warning: Cannot infer functionality of libcell 'saed14rvt_frame_timing/SAEDRVT14_FSDPRBSBQ_V2LP_0P5' and will be excluded from sequential mapping. (SQM-1061)
Warning: Cannot infer functionality of libcell 'saed14rvt_frame_timing/SAEDRVT14_FSDPRBSBQ_V2LP_2' and will be excluded from sequential mapping. (SQM-1061)
Warning: Skipping check for single_bit_degenerate attribute on the multibit libcell 'saed14rvt_frame_timing/SAEDRVT14_FSDN2_V2_0P5' since it is not a black-box. (SQM-1079)
Information: No single-bit representative was found for multibit lib cell 'saed14rvt_frame_timing/SAEDRVT14_FSDN2_V2_0P5'. (SQM-2004)
Warning: Skipping check for single_bit_degenerate attribute on the multibit libcell 'saed14rvt_frame_timing/SAEDRVT14_FSDN2_V2_1' since it is not a black-box. (SQM-1079)
Information: No single-bit representative was found for multibit lib cell 'saed14rvt_frame_timing/SAEDRVT14_FSDN2_V2_1'. (SQM-2004)
Warning: Skipping check for single_bit_degenerate attribute on the multibit libcell 'saed14rvt_frame_timing/SAEDRVT14_FSDN2_V2_2' since it is not a black-box. (SQM-1079)
Information: No single-bit representative was found for multibit lib cell 'saed14rvt_frame_timing/SAEDRVT14_FSDN2_V2_2'. (SQM-2004)
Warning: Skipping check for single_bit_degenerate attribute on the multibit libcell 'saed14rvt_frame_timing/SAEDRVT14_FSDN2_V2_4' since it is not a black-box. (SQM-1079)
Information: No single-bit representative was found for multibit lib cell 'saed14rvt_frame_timing/SAEDRVT14_FSDN2_V2_4'. (SQM-2004)
Warning: Skipping check for single_bit_degenerate attribute on the multibit libcell 'saed14rvt_frame_timing/SAEDRVT14_FSDN4_V2_0P5' since it is not a black-box. (SQM-1079)
Information: No single-bit representative was found for multibit lib cell 'saed14rvt_frame_timing/SAEDRVT14_FSDN4_V2_0P5'. (SQM-2004)
Information: No single-bit representative was found for multibit lib cell 'saed14rvt_frame_timing/SAEDRVT14_FSDN4_V2_1'. (SQM-2004)
Information: No single-bit representative was found for multibit lib cell 'saed14rvt_frame_timing/SAEDRVT14_FSDN4_V2_2'. (SQM-2004)
Information: No single-bit representative was found for multibit lib cell 'saed14rvt_frame_timing/SAEDRVT14_FSDN4_V2_4'. (SQM-2004)
Warning: Found 8 multibit sequential library cells that have missing/added attributes or have restrictions that prevent them from banking. (SQM-1053)
Information: 6 out of 16 SQM-1061 messages were not printed due to limit 10 (after 'compile_fusion' at task2.tcl:52) (MSG-3913)
Information: 10 out of 13 SQM-1067 messages were not printed due to limit 3 (after 'compile_fusion' at task2.tcl:52) (MSG-3913)
Information: 3 out of 8 SQM-1079 messages were not printed due to limit 5 (after 'compile_fusion' at task2.tcl:52) (MSG-3913)
Information: Ending   compile_fusion / logic_opto / Register Retiming (FLW-8001)
Information: Time: 2025-06-18 12:58:20 / Session:  00:00:31 / Command:  00:00:24 / CPU:  00:00:31 / Memory: 1334 MB (FLW-8100)
Information: CPU Load: 6%, Ram Free: 38 GB, Swap Free: 1 GB, Work Disk Free: 308 GB, Tmp Disk Free: 308 GB (MSG-3995)
Warning: Cannot infer functionality of libcell 'saed14rvt_frame_timing/SAEDRVT14_FDNRBSBQ_V2_0P5' and will be excluded from sequential mapping. (SQM-1061)
Warning: Cannot infer functionality of libcell 'saed14rvt_frame_timing/SAEDRVT14_FDNRBSBQ_V2_1' and will be excluded from sequential mapping. (SQM-1061)
Warning: Cannot infer functionality of libcell 'saed14rvt_frame_timing/SAEDRVT14_FDNRBSBQ_V2_2' and will be excluded from sequential mapping. (SQM-1061)
Warning: Cannot infer functionality of libcell 'saed14rvt_frame_timing/SAEDRVT14_FDNRBSBQ_V2_4' and will be excluded from sequential mapping. (SQM-1061)
Warning: Cannot infer functionality of libcell 'saed14rvt_frame_timing/SAEDRVT14_FDPRBSBQ_V2_0P5' and will be excluded from sequential mapping. (SQM-1061)
Warning: Cannot infer functionality of libcell 'saed14rvt_frame_timing/SAEDRVT14_FDPRBSBQ_V2_1' and will be excluded from sequential mapping. (SQM-1061)
Warning: Cannot infer functionality of libcell 'saed14rvt_frame_timing/SAEDRVT14_FDPRBSBQ_V2_2' and will be excluded from sequential mapping. (SQM-1061)
Warning: Cannot infer functionality of libcell 'saed14rvt_frame_timing/SAEDRVT14_FDPRBSBQ_V2_4' and will be excluded from sequential mapping. (SQM-1061)
Warning: Mapping to scan cell 'SAEDRVT14_FSDPQB_V2LP_1' in library is not possible because cell has 'dont_use' attribute. (SQM-1067)
Warning: Mapping to scan cell 'SAEDRVT14_FSDPQ_V2LP_1' in library is not possible because cell has 'dont_use' attribute. (SQM-1067)
Warning: Mapping to scan cell 'SAEDRVT14_FSDPQ_V2LP_2' in library is not possible because cell has 'dont_use' attribute. (SQM-1067)
Warning: Cannot infer functionality of libcell 'saed14rvt_frame_timing/SAEDRVT14_FSDPRBSBQ_V2LP_0P5' and will be excluded from sequential mapping. (SQM-1061)
Warning: Cannot infer functionality of libcell 'saed14rvt_frame_timing/SAEDRVT14_FSDPRBSBQ_V2LP_2' and will be excluded from sequential mapping. (SQM-1061)
Warning: Skipping check for single_bit_degenerate attribute on the multibit libcell 'saed14rvt_frame_timing/SAEDRVT14_FSDN2_V2_0P5' since it is not a black-box. (SQM-1079)
Information: No single-bit representative was found for multibit lib cell 'saed14rvt_frame_timing/SAEDRVT14_FSDN2_V2_0P5'. (SQM-2004)
Warning: Skipping check for single_bit_degenerate attribute on the multibit libcell 'saed14rvt_frame_timing/SAEDRVT14_FSDN2_V2_1' since it is not a black-box. (SQM-1079)
Information: No single-bit representative was found for multibit lib cell 'saed14rvt_frame_timing/SAEDRVT14_FSDN2_V2_1'. (SQM-2004)
Warning: Skipping check for single_bit_degenerate attribute on the multibit libcell 'saed14rvt_frame_timing/SAEDRVT14_FSDN2_V2_2' since it is not a black-box. (SQM-1079)
Information: No single-bit representative was found for multibit lib cell 'saed14rvt_frame_timing/SAEDRVT14_FSDN2_V2_2'. (SQM-2004)
Warning: Skipping check for single_bit_degenerate attribute on the multibit libcell 'saed14rvt_frame_timing/SAEDRVT14_FSDN2_V2_4' since it is not a black-box. (SQM-1079)
Information: No single-bit representative was found for multibit lib cell 'saed14rvt_frame_timing/SAEDRVT14_FSDN2_V2_4'. (SQM-2004)
Warning: Skipping check for single_bit_degenerate attribute on the multibit libcell 'saed14rvt_frame_timing/SAEDRVT14_FSDN4_V2_0P5' since it is not a black-box. (SQM-1079)
Information: No single-bit representative was found for multibit lib cell 'saed14rvt_frame_timing/SAEDRVT14_FSDN4_V2_0P5'. (SQM-2004)
Information: No single-bit representative was found for multibit lib cell 'saed14rvt_frame_timing/SAEDRVT14_FSDN4_V2_1'. (SQM-2004)
Information: No single-bit representative was found for multibit lib cell 'saed14rvt_frame_timing/SAEDRVT14_FSDN4_V2_2'. (SQM-2004)
Information: No single-bit representative was found for multibit lib cell 'saed14rvt_frame_timing/SAEDRVT14_FSDN4_V2_4'. (SQM-2004)
Warning: Found 8 multibit sequential library cells that have missing/added attributes or have restrictions that prevent them from banking. (SQM-1053)
Information: Register Bits Before Sharing = 0, After Sharing = 0, Savings = 0 (SQM-2000)
Information: 6 out of 16 SQM-1061 messages were not printed due to limit 10 (after 'compile_fusion' at task2.tcl:52) (MSG-3913)
Information: 10 out of 13 SQM-1067 messages were not printed due to limit 3 (after 'compile_fusion' at task2.tcl:52) (MSG-3913)
Information: 3 out of 8 SQM-1079 messages were not printed due to limit 5 (after 'compile_fusion' at task2.tcl:52) (MSG-3913)
Information: Starting compile_fusion / logic_opto / Optimization (2) (FLW-8000)
Information: Time: 2025-06-18 12:58:22 / Session:  00:00:33 / Command:  00:00:26 / CPU:  00:00:34 / Memory: 1334 MB (FLW-8100)
Information: CPU Load: 6%, Ram Free: 38 GB, Swap Free: 1 GB, Work Disk Free: 308 GB, Tmp Disk Free: 308 GB (MSG-3995)
Warning: No clock routing rules were specified. Use set_clock_routing_rules to specify routing rules for accurate clock latency estimation. (OPT-902)
Warning: No clock routing rules were specified. Use set_clock_routing_rules to specify routing rules for accurate clock latency estimation. (OPT-902)
Information: Estimating clock gate latencies for scenario 'PowerSave_Slow'. (OPT-909)
Warning: No clock routing rules were specified. Use set_clock_routing_rules to specify routing rules for accurate clock latency estimation. (OPT-902)
Information: Estimating clock gate latencies for scenario 'Normal_Slow'. (OPT-909)
Information: Ending   compile_fusion / logic_opto / Optimization (2) (FLW-8001)
Information: Time: 2025-06-18 12:58:24 / Session:  00:00:34 / Command:  00:00:27 / CPU:  00:00:36 / Memory: 1334 MB (FLW-8100)
Information: CPU Load: 6%, Ram Free: 38 GB, Swap Free: 1 GB, Work Disk Free: 308 GB, Tmp Disk Free: 308 GB (MSG-3995)
Information: Starting compile_fusion / logic_opto / Auto-Floorplan (1) (FLW-8000)
Information: Time: 2025-06-18 12:58:24 / Session:  00:00:34 / Command:  00:00:27 / CPU:  00:00:36 / Memory: 1334 MB (FLW-8100)
Information: CPU Load: 6%, Ram Free: 38 GB, Swap Free: 1 GB, Work Disk Free: 308 GB, Tmp Disk Free: 308 GB (MSG-3995)
Information: Shaping unshaped voltage areas (AFP-1011)
Information: Placing unplaced pins (AFP-1007)
Information: Result of compile_fusion / logic_opto / Auto-Floorplan (1) (FLW-8500)
Information: Auto-Floorplan Summary (AFP-2023)
-------------------------------------------------------------------------------
              origin           area     boundary
core            user        1385.28   { {5 5} {5 33.8} {53.1 33.8} {53.1 5} }
die             user        2254.28   { {0 0} {0 38.8} {58.1 38.8} {58.1 0} }
-------------------------------------------------------------------------------

-------------------------------------------------------------------------------
objects             total        candidates          modified         preserved                 
voltage areas           0                 0                 0                 0
ios                     0                 0                 0                 0
macros                  0                 0                 0                 0
pins                  168                 0                 0                 0
-------------------------------------------------------------------------------
Information: Ending   compile_fusion / logic_opto / Auto-Floorplan (1) (FLW-8001)
Information: Time: 2025-06-18 12:58:24 / Session:  00:00:34 / Command:  00:00:27 / CPU:  00:00:36 / Memory: 1334 MB (FLW-8100)
Information: CPU Load: 6%, Ram Free: 38 GB, Swap Free: 1 GB, Work Disk Free: 308 GB, Tmp Disk Free: 308 GB (MSG-3995)
Information: Starting compile_fusion / logic_opto / Early Placement (FLW-8000)
Information: Time: 2025-06-18 12:58:24 / Session:  00:00:34 / Command:  00:00:27 / CPU:  00:00:36 / Memory: 1334 MB (FLW-8100)
Information: CPU Load: 6%, Ram Free: 38 GB, Swap Free: 1 GB, Work Disk Free: 308 GB, Tmp Disk Free: 308 GB (MSG-3995)
----------------------------------------------------------------
running create_placement
Corner Scaling is off, multiplier is 1.000000
ORB: timingScenario Normal_Slow timingCorner Slow
INFO: Using corner Fast for worst leakage corner
Using default layer M4
new cutoff lpd: 3.18383e-05
corner scaling: maxCornerId = 3
corner=Fast, tran factor=0.839605 (0.028406 / 0.033833)
corner=Typical, tran factor=0.945497 (0.031989 / 0.033833)
corner=Slow, tran factor=1.000000 (0.033833 / 0.033833)
ORB: Nominal = 0.0056185  Design MT = inf  Target = 0.0338329 (6.022 nominal)  MaxRC = 0.022324
ORB: Fast Target = 0.011791 ( 2.099 nominal )
ORB: stageDelay=0.026139, stageLength=1609839
nplLib: default vr hor dist = 322
nplLib: default vr ver dist = 322
nplLib: default vr buf size = 2
nplLib: default vr buf size = 1

Placement Options:
Effort:                        medium_effort       
Timing Driven:                 false               
Buffering Aware Timing Driven: false               
Seed locs:                     false               
Incremental:                   false               
Congestion:                    false               
Fix Macros:                    true                
Place Macros:                  false               
Channel Size Macros:           false               

Printing options for 'place.coarse.*' (non-default only)
place.coarse.continue_on_missing_scandef                :	 true                

Start transferring placement data.
****** Net weight manager: report ******
Weights included: Timing  
Number of nets with non-default weights: 1607
Timing factor = 1
Non-default weight range: (0.881053, 2.64316)
Information: Automatic repeater spreading is enabled.
Completed transferring placement data.
Running placement using 12 thread(s)
Information: Enhanced Auto Density Control is used. (PLACE-098)
Information: Enhanced auto density configuration is 13179.
Information: Automatic density control has selected the following settings: max_density 0.55, congestion_driven_max_util 0.87. (PLACE-027)
Information: HFW control 'off' invoked.
Creating placement from scratch.
coarse place 0% done.
coarse place 25% done.
coarse place 50% done.
coarse place 75% done.
coarse place 100% done.
Information: Coarse placer weighted wire length estimate = 1.12609e+08
Information: Extraction observers are detached as design net change threshold is reached.
Warning: No clock routing rules were specified. Use set_clock_routing_rules to specify routing rules for accurate clock latency estimation. (OPT-902)
Warning: No clock routing rules were specified. Use set_clock_routing_rules to specify routing rules for accurate clock latency estimation. (OPT-902)
Information: Estimating clock gate latencies for scenario 'PowerSave_Slow'. (OPT-909)
Warning: No clock routing rules were specified. Use set_clock_routing_rules to specify routing rules for accurate clock latency estimation. (OPT-902)
Information: Estimating clock gate latencies for scenario 'Normal_Slow'. (OPT-909)
----------------------------------------------------------------
Information: Ending   compile_fusion / logic_opto / Early Placement (FLW-8001)
Information: Time: 2025-06-18 12:58:25 / Session:  00:00:36 / Command:  00:00:29 / CPU:  00:00:39 / Memory: 1334 MB (FLW-8100)
Information: CPU Load: 7%, Ram Free: 38 GB, Swap Free: 1 GB, Work Disk Free: 308 GB, Tmp Disk Free: 308 GB (MSG-3995)
Information: The stitching and editing of coupling caps is turned OFF for design 'dut_toplevel.dlib:dut_toplevel/placement_and_optimization.design'. (TIM-125)
Information: Starting compile_fusion / logic_opto / Optimization (3) (FLW-8000)
Information: Time: 2025-06-18 12:58:27 / Session:  00:00:37 / Command:  00:00:31 / CPU:  00:00:42 / Memory: 1334 MB (FLW-8100)
Information: CPU Load: 7%, Ram Free: 38 GB, Swap Free: 1 GB, Work Disk Free: 308 GB, Tmp Disk Free: 308 GB (MSG-3995)
Information: Starting compile_fusion / logic_opto / Optimization (3) / Timing Optimization (FLW-8000)
Information: Time: 2025-06-18 12:58:27 / Session:  00:00:37 / Command:  00:00:31 / CPU:  00:00:42 / Memory: 1334 MB (FLW-8100)
Information: CPU Load: 7%, Ram Free: 38 GB, Swap Free: 1 GB, Work Disk Free: 308 GB, Tmp Disk Free: 308 GB (MSG-3995)
Warning: Cannot infer functionality of libcell 'saed14rvt_frame_timing/SAEDRVT14_FDNRBSBQ_V2_0P5' and will be excluded from sequential mapping. (SQM-1061)
Warning: Cannot infer functionality of libcell 'saed14rvt_frame_timing/SAEDRVT14_FDNRBSBQ_V2_1' and will be excluded from sequential mapping. (SQM-1061)
Warning: Cannot infer functionality of libcell 'saed14rvt_frame_timing/SAEDRVT14_FDNRBSBQ_V2_2' and will be excluded from sequential mapping. (SQM-1061)
Warning: Cannot infer functionality of libcell 'saed14rvt_frame_timing/SAEDRVT14_FDNRBSBQ_V2_4' and will be excluded from sequential mapping. (SQM-1061)
Warning: Cannot infer functionality of libcell 'saed14rvt_frame_timing/SAEDRVT14_FDPRBSBQ_V2_0P5' and will be excluded from sequential mapping. (SQM-1061)
Warning: Cannot infer functionality of libcell 'saed14rvt_frame_timing/SAEDRVT14_FDPRBSBQ_V2_1' and will be excluded from sequential mapping. (SQM-1061)
Warning: Cannot infer functionality of libcell 'saed14rvt_frame_timing/SAEDRVT14_FDPRBSBQ_V2_2' and will be excluded from sequential mapping. (SQM-1061)
Warning: Cannot infer functionality of libcell 'saed14rvt_frame_timing/SAEDRVT14_FDPRBSBQ_V2_4' and will be excluded from sequential mapping. (SQM-1061)
Warning: Mapping to scan cell 'SAEDRVT14_FSDPQB_V2LP_1' in library is not possible because cell has 'dont_use' attribute. (SQM-1067)
Warning: Mapping to scan cell 'SAEDRVT14_FSDPQ_V2LP_1' in library is not possible because cell has 'dont_use' attribute. (SQM-1067)
Warning: Mapping to scan cell 'SAEDRVT14_FSDPQ_V2LP_2' in library is not possible because cell has 'dont_use' attribute. (SQM-1067)
Warning: Cannot infer functionality of libcell 'saed14rvt_frame_timing/SAEDRVT14_FSDPRBSBQ_V2LP_0P5' and will be excluded from sequential mapping. (SQM-1061)
Warning: Cannot infer functionality of libcell 'saed14rvt_frame_timing/SAEDRVT14_FSDPRBSBQ_V2LP_2' and will be excluded from sequential mapping. (SQM-1061)
Warning: Skipping check for single_bit_degenerate attribute on the multibit libcell 'saed14rvt_frame_timing/SAEDRVT14_FSDN2_V2_0P5' since it is not a black-box. (SQM-1079)
Information: No single-bit representative was found for multibit lib cell 'saed14rvt_frame_timing/SAEDRVT14_FSDN2_V2_0P5'. (SQM-2004)
Warning: Skipping check for single_bit_degenerate attribute on the multibit libcell 'saed14rvt_frame_timing/SAEDRVT14_FSDN2_V2_1' since it is not a black-box. (SQM-1079)
Information: No single-bit representative was found for multibit lib cell 'saed14rvt_frame_timing/SAEDRVT14_FSDN2_V2_1'. (SQM-2004)
Warning: Skipping check for single_bit_degenerate attribute on the multibit libcell 'saed14rvt_frame_timing/SAEDRVT14_FSDN2_V2_2' since it is not a black-box. (SQM-1079)
Information: No single-bit representative was found for multibit lib cell 'saed14rvt_frame_timing/SAEDRVT14_FSDN2_V2_2'. (SQM-2004)
Warning: Skipping check for single_bit_degenerate attribute on the multibit libcell 'saed14rvt_frame_timing/SAEDRVT14_FSDN2_V2_4' since it is not a black-box. (SQM-1079)
Information: No single-bit representative was found for multibit lib cell 'saed14rvt_frame_timing/SAEDRVT14_FSDN2_V2_4'. (SQM-2004)
Warning: Skipping check for single_bit_degenerate attribute on the multibit libcell 'saed14rvt_frame_timing/SAEDRVT14_FSDN4_V2_0P5' since it is not a black-box. (SQM-1079)
Information: No single-bit representative was found for multibit lib cell 'saed14rvt_frame_timing/SAEDRVT14_FSDN4_V2_0P5'. (SQM-2004)
Information: No single-bit representative was found for multibit lib cell 'saed14rvt_frame_timing/SAEDRVT14_FSDN4_V2_1'. (SQM-2004)
Information: No single-bit representative was found for multibit lib cell 'saed14rvt_frame_timing/SAEDRVT14_FSDN4_V2_2'. (SQM-2004)
Information: No single-bit representative was found for multibit lib cell 'saed14rvt_frame_timing/SAEDRVT14_FSDN4_V2_4'. (SQM-2004)
Warning: Found 8 multibit sequential library cells that have missing/added attributes or have restrictions that prevent them from banking. (SQM-1053)
Information: No single-bit representative was found for multibit lib cell 'saed14rvt_frame_timing/SAEDRVT14_FSDN2_V2_0P5'. (SQM-2004)
Information: No single-bit representative was found for multibit lib cell 'saed14rvt_frame_timing/SAEDRVT14_FSDN2_V2_1'. (SQM-2004)
Warning: Found 8 multibit sequential library cells that have missing/added attributes or have restrictions that prevent them from banking. (SQM-1053)
Warning: Found 8 multibit sequential library cells that have missing/added attributes or have restrictions that prevent them from banking. (SQM-1053)
Warning: Found 8 multibit sequential library cells that have missing/added attributes or have restrictions that prevent them from banking. (SQM-1053)
Warning: Found 8 multibit sequential library cells that have missing/added attributes or have restrictions that prevent them from banking. (SQM-1053)
Warning: Found 8 multibit sequential library cells that have missing/added attributes or have restrictions that prevent them from banking. (SQM-1053)
Warning: Found 8 multibit sequential library cells that have missing/added attributes or have restrictions that prevent them from banking. (SQM-1053)
Warning: Found 8 multibit sequential library cells that have missing/added attributes or have restrictions that prevent them from banking. (SQM-1053)
Warning: Found 8 multibit sequential library cells that have missing/added attributes or have restrictions that prevent them from banking. (SQM-1053)
Warning: Found 8 multibit sequential library cells that have missing/added attributes or have restrictions that prevent them from banking. (SQM-1053)
Information: 2 out of 12 SQM-1053 messages were not printed due to limit 10 (after 'compile_fusion' at task2.tcl:52) (MSG-3913)
Information: 182 out of 192 SQM-1061 messages were not printed due to limit 10 (after 'compile_fusion' at task2.tcl:52) (MSG-3913)
Information: 153 out of 156 SQM-1067 messages were not printed due to limit 3 (after 'compile_fusion' at task2.tcl:52) (MSG-3913)
Information: 91 out of 96 SQM-1079 messages were not printed due to limit 5 (after 'compile_fusion' at task2.tcl:52) (MSG-3913)
Information: 86 out of 96 SQM-2004 messages were not printed due to limit 10 (after 'compile_fusion' at task2.tcl:52) (MSG-3913)
Information: Ending   compile_fusion / logic_opto / Optimization (3) / Timing Optimization (FLW-8001)
Information: Time: 2025-06-18 12:58:28 / Session:  00:00:39 / Command:  00:00:32 / CPU:  00:00:44 / Memory: 1347 MB (FLW-8100)
Information: CPU Load: 7%, Ram Free: 38 GB, Swap Free: 1 GB, Work Disk Free: 308 GB, Tmp Disk Free: 308 GB (MSG-3995)
Information: Ending   compile_fusion / logic_opto / Optimization (3) (FLW-8001)
Information: Time: 2025-06-18 12:58:29 / Session:  00:00:39 / Command:  00:00:32 / CPU:  00:00:45 / Memory: 1347 MB (FLW-8100)
Information: CPU Load: 7%, Ram Free: 38 GB, Swap Free: 1 GB, Work Disk Free: 308 GB, Tmp Disk Free: 308 GB (MSG-3995)
Information: Starting compile_fusion / logic_opto / Optimization (4) (FLW-8000)
Information: Time: 2025-06-18 12:58:29 / Session:  00:00:39 / Command:  00:00:32 / CPU:  00:00:45 / Memory: 1347 MB (FLW-8100)
Information: CPU Load: 7%, Ram Free: 38 GB, Swap Free: 1 GB, Work Disk Free: 308 GB, Tmp Disk Free: 308 GB (MSG-3995)
Information: Starting compile_fusion / logic_opto / Optimization (4) / Logic Simplification and Register Optimization (FLW-8000)
Information: Time: 2025-06-18 12:58:29 / Session:  00:00:39 / Command:  00:00:32 / CPU:  00:00:45 / Memory: 1347 MB (FLW-8100)
Information: CPU Load: 7%, Ram Free: 38 GB, Swap Free: 1 GB, Work Disk Free: 308 GB, Tmp Disk Free: 308 GB (MSG-3995)
Information: Ending   compile_fusion / logic_opto / Optimization (4) / Logic Simplification and Register Optimization (FLW-8001)
Information: Time: 2025-06-18 12:58:29 / Session:  00:00:39 / Command:  00:00:32 / CPU:  00:00:45 / Memory: 1347 MB (FLW-8100)
Information: CPU Load: 7%, Ram Free: 38 GB, Swap Free: 1 GB, Work Disk Free: 308 GB, Tmp Disk Free: 308 GB (MSG-3995)
Information: Ending   compile_fusion / logic_opto / Optimization (4) (FLW-8001)
Information: Time: 2025-06-18 12:58:32 / Session:  00:00:43 / Command:  00:00:36 / CPU:  00:00:51 / Memory: 1347 MB (FLW-8100)
Information: CPU Load: 7%, Ram Free: 38 GB, Swap Free: 1 GB, Work Disk Free: 308 GB, Tmp Disk Free: 308 GB (MSG-3995)
Information: Starting compile_fusion / logic_opto / Optimization (5) (FLW-8000)
Information: Time: 2025-06-18 12:58:32 / Session:  00:00:43 / Command:  00:00:36 / CPU:  00:00:51 / Memory: 1347 MB (FLW-8100)
Information: CPU Load: 7%, Ram Free: 38 GB, Swap Free: 1 GB, Work Disk Free: 308 GB, Tmp Disk Free: 308 GB (MSG-3995)
Information: Starting compile_fusion / logic_opto / Optimization (5) / Logic Simplification and Register Optimization (FLW-8000)
Information: Time: 2025-06-18 12:58:32 / Session:  00:00:43 / Command:  00:00:36 / CPU:  00:00:51 / Memory: 1347 MB (FLW-8100)
Information: CPU Load: 7%, Ram Free: 38 GB, Swap Free: 1 GB, Work Disk Free: 308 GB, Tmp Disk Free: 308 GB (MSG-3995)
Information: Ending   compile_fusion / logic_opto / Optimization (5) / Logic Simplification and Register Optimization (FLW-8001)
Information: Time: 2025-06-18 12:58:32 / Session:  00:00:43 / Command:  00:00:36 / CPU:  00:00:51 / Memory: 1347 MB (FLW-8100)
Information: CPU Load: 7%, Ram Free: 38 GB, Swap Free: 1 GB, Work Disk Free: 308 GB, Tmp Disk Free: 308 GB (MSG-3995)
Information: Ending   compile_fusion / logic_opto / Optimization (5) (FLW-8001)
Information: Time: 2025-06-18 12:58:32 / Session:  00:00:43 / Command:  00:00:36 / CPU:  00:00:51 / Memory: 1347 MB (FLW-8100)
Information: CPU Load: 7%, Ram Free: 38 GB, Swap Free: 1 GB, Work Disk Free: 308 GB, Tmp Disk Free: 308 GB (MSG-3995)
Information: Starting compile_fusion / logic_opto / Auto-Floorplan (2) (FLW-8000)
Information: Time: 2025-06-18 12:58:32 / Session:  00:00:43 / Command:  00:00:36 / CPU:  00:00:51 / Memory: 1347 MB (FLW-8100)
Information: CPU Load: 7%, Ram Free: 38 GB, Swap Free: 1 GB, Work Disk Free: 308 GB, Tmp Disk Free: 308 GB (MSG-3995)
Information: Shaping unshaped voltage areas (AFP-1011)
Information: Placing unplaced pins (AFP-1007)
Information: Result of compile_fusion / logic_opto / Auto-Floorplan (2) (FLW-8500)
Information: Auto-Floorplan Summary (AFP-2023)
-------------------------------------------------------------------------------
              origin           area     boundary
core            user        1385.28   { {5 5} {5 33.8} {53.1 33.8} {53.1 5} }
die             user        2254.28   { {0 0} {0 38.8} {58.1 38.8} {58.1 0} }
-------------------------------------------------------------------------------

-------------------------------------------------------------------------------
objects             total        candidates          modified         preserved                 
voltage areas           0                 0                 0                 0
ios                     0                 0                 0                 0
macros                  0                 0                 0                 0
pins                  168                 0                 0                 0
-------------------------------------------------------------------------------
Information: Ending   compile_fusion / logic_opto / Auto-Floorplan (2) (FLW-8001)
Information: Time: 2025-06-18 12:58:32 / Session:  00:00:43 / Command:  00:00:36 / CPU:  00:00:51 / Memory: 1347 MB (FLW-8100)
Information: CPU Load: 7%, Ram Free: 38 GB, Swap Free: 1 GB, Work Disk Free: 308 GB, Tmp Disk Free: 308 GB (MSG-3995)
Information: Starting compile_fusion / logic_opto / Secondary PG connections (FLW-8000)
Information: Time: 2025-06-18 12:58:32 / Session:  00:00:43 / Command:  00:00:36 / CPU:  00:00:51 / Memory: 1347 MB (FLW-8100)
Information: CPU Load: 7%, Ram Free: 38 GB, Swap Free: 1 GB, Work Disk Free: 308 GB, Tmp Disk Free: 308 GB (MSG-3995)
Information: Secondary PG:  Secondary PG connections skipped because it is not a UPF design (FLW-1247)
Information: Ending   compile_fusion / logic_opto / Secondary PG connections (FLW-8001)
Information: Time: 2025-06-18 12:58:32 / Session:  00:00:43 / Command:  00:00:36 / CPU:  00:00:51 / Memory: 1347 MB (FLW-8100)
Information: CPU Load: 7%, Ram Free: 38 GB, Swap Free: 1 GB, Work Disk Free: 308 GB, Tmp Disk Free: 308 GB (MSG-3995)
Compile-fusion optimization summary            SETUP-COST    R2R-COST HOLD-COST LDRC-COST          AREA     LEAKAGE     INSTCNT            ELAPSE       MEM
Compile-fusion                                          -           -         -         -        905.23           -        1177              0.01      1346
Scenario Normal_Fast is cellEm
Scenario PowerSave_Fast is cellEm
Info: update em.
Information: Activity propagation will be performed for scenario Normal_Fast.
Information: Doing activity propagation for mode 'Normal' and corner 'Fast' with effort level 'medium'. (POW-024)
Information: Timer-derived activity data is cached on scenario Normal_Fast (POW-052)
Information: Running switching activity propagation with 12 threads!

 **** Information : No. of simulation cycles = 6 ****
Information: Propagated activity on scenario Normal_Slow identical to that on Normal_Fast (POW-006)
Information: Propagated activity on scenario Normal_Typical identical to that on Normal_Fast (POW-006)
Information: Activity propagation will be performed for scenario PowerSave_Fast.
Information: Doing activity propagation for mode 'PowerSave' and corner 'Fast' with effort level 'medium'. (POW-024)
Information: Timer-derived activity data is cached on scenario PowerSave_Fast (POW-052)
Information: Running switching activity propagation with 12 threads!

 **** Information : No. of simulation cycles = 6 ****
Information: Propagated activity on scenario PowerSave_Slow identical to that on PowerSave_Fast (POW-006)
Information: Propagated activity on scenario PowerSave_Typical identical to that on PowerSave_Fast (POW-006)
Information: Activity for scenario Normal_Fast was cached, no propagation required. (POW-005)
Information: Activity for scenario Normal_Slow was cached, no propagation required. (POW-005)
Information: Activity for scenario Normal_Typical was cached, no propagation required. (POW-005)
Information: Activity for scenario PowerSave_Fast was cached, no propagation required. (POW-005)
Information: Activity for scenario PowerSave_Slow was cached, no propagation required. (POW-005)
Information: Activity for scenario PowerSave_Typical was cached, no propagation required. (POW-005)
CTS Cell EM initialization finished
Scenario Normal_Fast is cellEm
Scenario PowerSave_Fast is cellEm
Info: update em.
Information: Activity for scenario Normal_Fast was cached, no propagation required. (POW-005)
Information: Activity for scenario Normal_Slow was cached, no propagation required. (POW-005)
Information: Activity for scenario Normal_Typical was cached, no propagation required. (POW-005)
Information: Activity for scenario PowerSave_Fast was cached, no propagation required. (POW-005)
CTS Cell EM initialization finished
Warning: No clock routing rules were specified. Use set_clock_routing_rules to specify routing rules for accurate clock latency estimation. (OPT-902)
Warning: No clock routing rules were specified. Use set_clock_routing_rules to specify routing rules for accurate clock latency estimation. (OPT-902)
Information: Estimating clock gate latencies for scenario 'PowerSave_Typical'. (OPT-909)
Warning: No clock routing rules were specified. Use set_clock_routing_rules to specify routing rules for accurate clock latency estimation. (OPT-902)
Information: Estimating clock gate latencies for scenario 'PowerSave_Slow'. (OPT-909)
Warning: No clock routing rules were specified. Use set_clock_routing_rules to specify routing rules for accurate clock latency estimation. (OPT-902)
Information: Estimating clock gate latencies for scenario 'PowerSave_Fast'. (OPT-909)
Warning: No clock routing rules were specified. Use set_clock_routing_rules to specify routing rules for accurate clock latency estimation. (OPT-902)
Information: Estimating clock gate latencies for scenario 'Normal_Typical'. (OPT-909)
Warning: No clock routing rules were specified. Use set_clock_routing_rules to specify routing rules for accurate clock latency estimation. (OPT-902)
Information: Estimating clock gate latencies for scenario 'Normal_Slow'. (OPT-909)
Warning: No clock routing rules were specified. Use set_clock_routing_rules to specify routing rules for accurate clock latency estimation. (OPT-902)
Information: Estimating clock gate latencies for scenario 'Normal_Fast'. (OPT-909)
Information: 2 out of 12 POW-005 messages were not printed due to limit 10 (after 'compile_fusion' at task2.tcl:52) (MSG-3913)
Information: Ending   compile_fusion / logic_opto (FLW-8001)
Information: Time: 2025-06-18 12:58:36 / Session:  00:00:46 / Command:  00:00:39 / CPU:  00:01:11 / Memory: 1347 MB (FLW-8100)
Information: CPU Load: 7%, Ram Free: 38 GB, Swap Free: 1 GB, Work Disk Free: 308 GB, Tmp Disk Free: 308 GB (MSG-3995)

Information: >>>>>>> 6 unique error and warning message tags while observing compile_fusion / logic_opto: (MSG-3100)
Information: #prnt #trgr #lmt    Tag  Level     Format (or last printed message)                                (MSG-3036)
Information:     2     2  0 FLW-2224  WARNING   Warning: Duplicate callback function set for step 'fc/logic_... (MSG-3032)
Information:    60   248  5 SQM-1079  WARNING   Warning: Skipping check for single_bit_degenerate attribute ... (MSG-3032)
Information:    36   403  3 SQM-1067  WARNING   Warning: Mapping to scan cell 'SAEDRVT14_FSDPQ_V2LP_2' in li... (MSG-3032)
Information:   120   496 10 SQM-1061  WARNING   Warning: Cannot infer functionality of libcell 'saed14rvt_fr... (MSG-3032)
Information:    30    31 10 SQM-1053  WARNING   Warning: Found 8 multibit sequential library cells that have... (MSG-3032)
Information:    16     8  0 OPT-902   WARNING   Warning: No clock routing rules were specified. Use set_cloc... (MSG-3032)
Information:   264  1188  4        6  <------   Total sum of messages (MSG-3038)
Information: >>>>>>> Summary: 1188 error&warning MSGs observed during compile_fusion / logic_opto (MSG-3103)

----------------------------------------------------------------------------------------------------------
Information: Starting compile_fusion / initial_place (FLW-8000)
Information: Time: 2025-06-18 12:58:36 / Session:  00:00:46 / Command:  00:00:39 / CPU:  00:01:11 / Memory: 1347 MB (FLW-8100)
Information: CPU Load: 7%, Ram Free: 38 GB, Swap Free: 1 GB, Work Disk Free: 308 GB, Tmp Disk Free: 308 GB (MSG-3995)
----------------------------------------------------------------------------------------------------------
Information: Timer using 12 threads
[Tim-Power] Info: Cleared Leakage libCell cache.
Information: The stitching and editing of coupling caps is turned OFF for design 'dut_toplevel.dlib:dut_toplevel/placement_and_optimization.design'. (TIM-125)
************************************************************
Timer Settings:
Delay Calculation Style:                   auto
Signal Integrity Analysis:                 disabled
Timing Window Analysis:                    disabled
Advanced Waveform Propagation:             disabled
Variation Type:                            fixed_derate
Clock Reconvergence Pessimism Removal:     disabled
Advanced Receiver Model:                   disabled
LLE:                                       disabled
ML Acceleration:                           off
************************************************************
Number of Site types in the design = 1
Setting up Chip Core
Chip Core shape: (50000 50000) (531000 338000)
Number of VARs = 1
Number of unique PDs = 1
Number of Power Domains = 1
Number of Voltage Areas = 1
Number of supply Nets = 2
Number of used supplies = 0
Blocked VAs: 
Information: Change threshold for extractor is reset. (FLW-1300)
Information: Starting compile_fusion / initial_place / Load Design (FLW-8000)
Information: Time: 2025-06-18 12:58:38 / Session:  00:00:48 / Command:  00:00:41 / CPU:  00:01:16 / Memory: 1347 MB (FLW-8100)
Information: CPU Load: 7%, Ram Free: 38 GB, Swap Free: 1 GB, Work Disk Free: 308 GB, Tmp Disk Free: 308 GB (MSG-3995)
Information: Ending   compile_fusion / initial_place / Load Design (FLW-8001)
Information: Time: 2025-06-18 12:58:38 / Session:  00:00:48 / Command:  00:00:41 / CPU:  00:01:16 / Memory: 1347 MB (FLW-8100)
Information: CPU Load: 7%, Ram Free: 38 GB, Swap Free: 1 GB, Work Disk Free: 308 GB, Tmp Disk Free: 308 GB (MSG-3995)
Information: Starting compile_fusion / initial_place / pre-placement setup (FLW-8000)
Information: Time: 2025-06-18 12:58:38 / Session:  00:00:48 / Command:  00:00:41 / CPU:  00:01:16 / Memory: 1347 MB (FLW-8100)
Information: CPU Load: 7%, Ram Free: 38 GB, Swap Free: 1 GB, Work Disk Free: 308 GB, Tmp Disk Free: 308 GB (MSG-3995)
Information: Ending   compile_fusion / initial_place / pre-placement setup (FLW-8001)
Information: Time: 2025-06-18 12:58:38 / Session:  00:00:48 / Command:  00:00:41 / CPU:  00:01:16 / Memory: 1347 MB (FLW-8100)
Information: CPU Load: 7%, Ram Free: 38 GB, Swap Free: 1 GB, Work Disk Free: 308 GB, Tmp Disk Free: 308 GB (MSG-3995)
Information: Starting compile_fusion / initial_place / Initial Placement (FLW-8000)
Information: Time: 2025-06-18 12:58:38 / Session:  00:00:48 / Command:  00:00:41 / CPU:  00:01:16 / Memory: 1347 MB (FLW-8100)
Information: CPU Load: 7%, Ram Free: 38 GB, Swap Free: 1 GB, Work Disk Free: 308 GB, Tmp Disk Free: 308 GB (MSG-3995)
----------------------------------------------------------------
running create_placement
Information:  initializing PDM....
PDM initilization successfull...
Information:  uninitializing PDM....
PDM uninitilization successfull...
Corner Scaling is off, multiplier is 1.000000
ORB: timingScenario Normal_Slow timingCorner Slow
INFO: Using corner Fast for worst leakage corner
Using default layer M4
new cutoff lpd: 3.18383e-05
corner scaling: maxCornerId = 3
corner=Fast, tran factor=0.839605 (0.028406 / 0.033833)
corner=Typical, tran factor=0.945497 (0.031989 / 0.033833)
corner=Slow, tran factor=1.000000 (0.033833 / 0.033833)
ORB: Nominal = 0.0056185  Design MT = inf  Target = 0.0338329 (6.022 nominal)  MaxRC = 0.022324
ORB: Fast Target = 0.011791 ( 2.099 nominal )
ORB: stageDelay=0.026139, stageLength=1609839
nplLib: default vr hor dist = 322
nplLib: default vr ver dist = 322
nplLib: default vr buf size = 2
nplLib: default vr buf size = 1
Information: Activity propagation will be performed for scenario Normal_Typical.
Information: Activity propagation will be performed for scenario PowerSave_Slow.
Information: Doing activity propagation for mode 'Normal' and corner 'Typical' with effort level 'medium'. (POW-024)
Information: Timer-derived activity data is cached on scenario Normal_Typical (POW-052)
Information: Running switching activity propagation with 12 threads!

 **** Information : No. of simulation cycles = 6 ****
Information: Doing activity propagation for mode 'PowerSave' and corner 'Slow' with effort level 'medium'. (POW-024)
Information: Timer-derived activity data is cached on scenario PowerSave_Slow (POW-052)
Information: Running switching activity propagation with 12 threads!

 **** Information : No. of simulation cycles = 6 ****
Information: Propagated activity on scenario PowerSave_Typical identical to that on PowerSave_Slow (POW-006)
Information: Propagated activity on scenario PowerSave_Fast identical to that on PowerSave_Slow (POW-006)
Information: Propagated activity on scenario Normal_Slow identical to that on Normal_Typical (POW-006)
Information: Propagated activity on scenario Normal_Fast identical to that on Normal_Slow (POW-006)
****** eLpp estimated wire length 
6.89876% of the net wire length are clock nets
0% of the clock net wire length has no activity
Clock net wire length: 8.15294e+06
Total net wire length: 1.1818e+08
****** eLpp weights (no caps)
Number of nets: 1607, of which 1595 non-clock nets
Number of nets with 0 toggle rate: 0
Max toggle rate = 0.576191, average toggle rate = 0.0107107
Max non-clock toggle rate = 0.0471191
eLpp weight range = (0.00875584, 53.7959)
*** 3 nets are filtered out

Placement Options:
Effort:                        high_effort         
Timing Driven:                 false               
Buffering Aware Timing Driven: false               
Seed locs:                     false               
Incremental:                   false               
Congestion:                    false               
Fix Macros:                    true                
Place Macros:                  false               
Channel Size Macros:           false               

Printing options for 'place.coarse.*' (non-default only)
place.coarse.continue_on_missing_scandef                :	 true                

Start transferring placement data.
****** Net weight manager: report ******
Weights included: eLpp  Timing  
Number of nets with non-default weights: 1607
Amt power = 0.1
Timing factor = 1
Non-default weight range: (0.793666, 6.17238)
Information: Automatic repeater spreading is enabled.
Information: The stitching and editing of coupling caps is turned OFF for design 'dut_toplevel.dlib:dut_toplevel/placement_and_optimization.design'. (TIM-125)
Completed transferring placement data.
Running placement using 12 thread(s)
Information: Enhanced Auto Density Control is used. (PLACE-098)
Information: Enhanced auto density configuration is 13179.
Information: Automatic density control has selected the following settings: max_density 0.55, congestion_driven_max_util 0.87. (PLACE-027)
Information: HFW control 'off' invoked.
Creating placement from scratch.
coarse place 0% done.
coarse place 14% done.
coarse place 29% done.
coarse place 43% done.
Information: Coarse placer weighted wire length estimate = 9.84714e+07
Information: Extraction observers are detached as design net change threshold is reached.
Warning: No clock routing rules were specified. Use set_clock_routing_rules to specify routing rules for accurate clock latency estimation. (OPT-902)
Warning: No clock routing rules were specified. Use set_clock_routing_rules to specify routing rules for accurate clock latency estimation. (OPT-902)
Information: Estimating clock gate latencies for scenario 'PowerSave_Slow'. (OPT-909)
Warning: No clock routing rules were specified. Use set_clock_routing_rules to specify routing rules for accurate clock latency estimation. (OPT-902)
Information: Estimating clock gate latencies for scenario 'Normal_Slow'. (OPT-909)
----------------------------------------------------------------
----------------------------------------------------------------
running create_placement
CGRW: permuting timing equivalent pins only
Corner Scaling is off, multiplier is 1.000000
ORB: timingScenario Normal_Slow timingCorner Slow
INFO: Using corner Fast for worst leakage corner
Using default layer M4
new cutoff lpd: 3.18383e-05
corner scaling: maxCornerId = 3
corner=Fast, tran factor=0.839605 (0.028406 / 0.033833)
corner=Typical, tran factor=0.945497 (0.031989 / 0.033833)
corner=Slow, tran factor=1.000000 (0.033833 / 0.033833)
ORB: Nominal = 0.0056185  Design MT = inf  Target = 0.0338329 (6.022 nominal)  MaxRC = 0.022324
ORB: Fast Target = 0.011791 ( 2.099 nominal )
ORB: stageDelay=0.026139, stageLength=1609839
nplLib: default vr hor dist = 322
nplLib: default vr ver dist = 322
nplLib: default vr buf size = 2
nplLib: default vr buf size = 1
Info: e-eLpp used with low effort

Placement Options:
Effort:                        medium_effort       
Timing Driven:                 true                
Buffering Aware Timing Driven: true                
Seed locs:                     true                
Incremental:                   false               
Congestion:                    false               
Fix Macros:                    true                
Place Macros:                  false               
Channel Size Macros:           false               

Printing options for 'place.coarse.*' (non-default only)
place.coarse.continue_on_missing_scandef                :	 true                

Start transferring placement data.
****** eLpp estimated wire length 
5.01341% of the net wire length are clock nets
0% of the clock net wire length has no activity
Clock net wire length: 5.03837e+06
Total net wire length: 1.00498e+08
****** eLpp weights (no caps)
Number of nets: 1607, of which 1595 non-clock nets
Number of nets with 0 toggle rate: 0
Max toggle rate = 0.576191, average toggle rate = 0.0107107
Max non-clock toggle rate = 0.0471191
eLpp weight range = (0.00875584, 53.7959)
*** 3 nets are filtered out
****** Net weight manager: report ******
Weights included: eLpp  Timing  
Number of nets with non-default weights: 1607
Amt power = 0.1
Timing factor = 1
Non-default weight range: (0.793666, 6.17238)
Information: Automatic repeater spreading is enabled.
Information: The stitching and editing of coupling caps is turned OFF for design 'dut_toplevel.dlib:dut_toplevel/placement_and_optimization.design'. (TIM-125)
Restructuring in 1 hierarchies
CGRW: importing permutable pins & pairs, size 8 and above
Information: Automatic timing control is enabled.
checking app option clockgate_objective_weight : none
Using worst RC corner 'Slow' for buffer aware analysis.
DTDP placement: scenario=Normal_Slow
Completed transferring placement data.
Running placement using 12 thread(s)
Information: Enhanced Auto Density Control is used. (PLACE-098)
Information: Enhanced auto density configuration is 13179.
Information: Automatic density control has selected the following settings: max_density 0.55, congestion_driven_max_util 0.87. (PLACE-027)
Information: HFW control 'off' invoked.
coarse place 0% done.
Selected 273 sequential cells for slack balancing.
coarse place 20% done.
coarse place 40% done.
coarse place 60% done.
coarse place 80% done.
coarse place 100% done.
Information: Coarse placer weighted wire length estimate = 1.13735e+08
Information: Extraction observers are detached as design net change threshold is reached.
Stored 0 bounds for preserving balanced registers 
Warning: No clock routing rules were specified. Use set_clock_routing_rules to specify routing rules for accurate clock latency estimation. (OPT-902)
Warning: No clock routing rules were specified. Use set_clock_routing_rules to specify routing rules for accurate clock latency estimation. (OPT-902)
Information: Estimating clock gate latencies for scenario 'PowerSave_Slow'. (OPT-909)
Warning: No clock routing rules were specified. Use set_clock_routing_rules to specify routing rules for accurate clock latency estimation. (OPT-902)
Information: Estimating clock gate latencies for scenario 'Normal_Slow'. (OPT-909)
----------------------------------------------------------------
Information: Ending   compile_fusion / initial_place / Initial Placement (FLW-8001)
Information: Time: 2025-06-18 12:58:43 / Session:  00:00:54 / Command:  00:00:47 / CPU:  00:01:39 / Memory: 1347 MB (FLW-8100)
Information: CPU Load: 15%, Ram Free: 38 GB, Swap Free: 1 GB, Work Disk Free: 308 GB, Tmp Disk Free: 308 GB (MSG-3995)
Information: Placing unplaced pins (AFP-1007)
Scenario Normal_Fast is cellEm
Scenario PowerSave_Fast is cellEm
Information: The stitching and editing of coupling caps is turned OFF for design 'dut_toplevel.dlib:dut_toplevel/placement_and_optimization.design'. (TIM-125)
Info: update em.
Information: Activity propagation will be performed for scenario Normal_Fast.
Information: Doing activity propagation for mode 'Normal' and corner 'Fast' with effort level 'medium'. (POW-024)
Information: Timer-derived activity data is cached on scenario Normal_Fast (POW-052)
Information: Running switching activity propagation with 12 threads!

 **** Information : No. of simulation cycles = 6 ****
Information: Propagated activity on scenario Normal_Slow identical to that on Normal_Fast (POW-006)
Information: Propagated activity on scenario Normal_Typical identical to that on Normal_Fast (POW-006)
Information: Activity propagation will be performed for scenario PowerSave_Fast.
Information: Doing activity propagation for mode 'PowerSave' and corner 'Fast' with effort level 'medium'. (POW-024)
Information: Timer-derived activity data is cached on scenario PowerSave_Fast (POW-052)
Information: Running switching activity propagation with 12 threads!

 **** Information : No. of simulation cycles = 6 ****
Information: Propagated activity on scenario PowerSave_Slow identical to that on PowerSave_Fast (POW-006)
Information: Propagated activity on scenario PowerSave_Typical identical to that on PowerSave_Fast (POW-006)
Information: Activity for scenario Normal_Fast was cached, no propagation required. (POW-005)
Information: Activity for scenario Normal_Slow was cached, no propagation required. (POW-005)
Information: Activity for scenario Normal_Typical was cached, no propagation required. (POW-005)
Information: Activity for scenario PowerSave_Fast was cached, no propagation required. (POW-005)
Information: Activity for scenario PowerSave_Slow was cached, no propagation required. (POW-005)
Information: Activity for scenario PowerSave_Typical was cached, no propagation required. (POW-005)
CTS Cell EM initialization finished
Scenario Normal_Fast is cellEm
Scenario PowerSave_Fast is cellEm
Info: update em.
Information: Activity for scenario Normal_Fast was cached, no propagation required. (POW-005)
Information: Activity for scenario Normal_Slow was cached, no propagation required. (POW-005)
Information: Activity for scenario Normal_Typical was cached, no propagation required. (POW-005)
Information: Activity for scenario PowerSave_Fast was cached, no propagation required. (POW-005)
CTS Cell EM initialization finished
Warning: No clock routing rules were specified. Use set_clock_routing_rules to specify routing rules for accurate clock latency estimation. (OPT-902)
Warning: No clock routing rules were specified. Use set_clock_routing_rules to specify routing rules for accurate clock latency estimation. (OPT-902)
Information: Estimating clock gate latencies for scenario 'PowerSave_Typical'. (OPT-909)
Warning: No clock routing rules were specified. Use set_clock_routing_rules to specify routing rules for accurate clock latency estimation. (OPT-902)
Information: Estimating clock gate latencies for scenario 'PowerSave_Slow'. (OPT-909)
Warning: No clock routing rules were specified. Use set_clock_routing_rules to specify routing rules for accurate clock latency estimation. (OPT-902)
Information: Estimating clock gate latencies for scenario 'PowerSave_Fast'. (OPT-909)
Warning: No clock routing rules were specified. Use set_clock_routing_rules to specify routing rules for accurate clock latency estimation. (OPT-902)
Information: Estimating clock gate latencies for scenario 'Normal_Typical'. (OPT-909)
Warning: No clock routing rules were specified. Use set_clock_routing_rules to specify routing rules for accurate clock latency estimation. (OPT-902)
Information: Estimating clock gate latencies for scenario 'Normal_Slow'. (OPT-909)
Warning: No clock routing rules were specified. Use set_clock_routing_rules to specify routing rules for accurate clock latency estimation. (OPT-902)
Information: Estimating clock gate latencies for scenario 'Normal_Fast'. (OPT-909)
Information: 2 out of 12 POW-005 messages were not printed due to limit 10 (after 'compile_fusion' at task2.tcl:52) (MSG-3913)
Information: Ending   compile_fusion / initial_place (FLW-8001)
Information: Time: 2025-06-18 12:58:47 / Session:  00:00:57 / Command:  00:00:50 / CPU:  00:01:58 / Memory: 1347 MB (FLW-8100)
Information: CPU Load: 21%, Ram Free: 38 GB, Swap Free: 1 GB, Work Disk Free: 308 GB, Tmp Disk Free: 308 GB (MSG-3995)

Information: >>>>>>> 1 unique error and warning message tags while observing compile_fusion / initial_place: (MSG-3100)
Information: #prnt #trgr #lmt    Tag  Level     Format (or last printed message)                                (MSG-3036)
Information:    29     6  0 OPT-902   WARNING   Warning: No clock routing rules were specified. Use set_cloc... (MSG-3032)
Information:    29     6  0        1  <------   Total sum of messages (MSG-3038)
Information: >>>>>>> Summary: 6 error&warning MSGs observed during compile_fusion / initial_place (MSG-3103)

----------------------------------------------------------------------------------------------------------
Information: Starting compile_fusion / initial_drc (FLW-8000)
Information: Time: 2025-06-18 12:58:47 / Session:  00:00:57 / Command:  00:00:50 / CPU:  00:01:58 / Memory: 1347 MB (FLW-8100)
Information: CPU Load: 21%, Ram Free: 38 GB, Swap Free: 1 GB, Work Disk Free: 308 GB, Tmp Disk Free: 308 GB (MSG-3995)
----------------------------------------------------------------------------------------------------------
Information: Change threshold for extractor is reset. (FLW-1300)
Information: Timer using 12 threads
Information: The stitching and editing of coupling caps is turned OFF for design 'dut_toplevel.dlib:dut_toplevel/placement_and_optimization.design'. (TIM-125)
************************************************************
Timer Settings:
Delay Calculation Style:                   auto
Signal Integrity Analysis:                 disabled
Timing Window Analysis:                    disabled
Advanced Waveform Propagation:             disabled
Variation Type:                            fixed_derate
Clock Reconvergence Pessimism Removal:     disabled
Advanced Receiver Model:                   disabled
LLE:                                       disabled
ML Acceleration:                           off
************************************************************
Information: Starting compile_fusion / initial_drc / Load Design (FLW-8000)
Information: Time: 2025-06-18 12:58:47 / Session:  00:00:57 / Command:  00:00:51 / CPU:  00:02:00 / Memory: 1347 MB (FLW-8100)
Information: CPU Load: 21%, Ram Free: 38 GB, Swap Free: 1 GB, Work Disk Free: 308 GB, Tmp Disk Free: 308 GB (MSG-3995)
Number of Site types in the design = 1
Setting up Chip Core
Chip Core shape: (50000 50000) (531000 338000)
Number of VARs = 1
Number of unique PDs = 1
Number of Power Domains = 1
Number of Voltage Areas = 1
Number of supply Nets = 2
Number of used supplies = 0
Blocked VAs: 
Information: Initializing classic cellmap without advanced rules enabled and without PDC enabled
Information: The following app options are used in cellmap
        place.legalize.enable_color_aware_placement : false
        place.legalize.use_nll_query_cm : false
        place.legalize.enable_advanced_legalizer : false
        place.legalize.enable_prerouted_net_check : true
        place.legalize.enable_advanced_prerouted_net_check : false
        place.legalize.always_continue : true
        place.legalize.limit_legality_checks : false
        place.common.pnet_aware_density : 1.0000
        place.common.pnet_aware_min_width : 0.0000
        place.common.pnet_aware_layers : {}
        place.common.use_placement_model : false
        place.common.enable_advanced_placement_model : true
        cts.placement.cell_spacing_rule_style : maximum
Warning: Library cell saed14rvt_frame_timing:SAEDRVT14_ISOFSDPQ_PECO_8.frame is missing supply pins. Its power structure cannot be determined. (LGL-050)
Warning: Library cell saed14rvt_frame_timing:SAEDRVT14_DCAP_PV1ECO_12.frame is missing supply pins. Its power structure cannot be determined. (LGL-050)
Total 0.0076 seconds to build cellmap data
INFO: creating 22(r) x 33(c) GridCells YDim 1.8 XDim 1.8
INFO: number of GridCells (0xe3745140): 726
INFO: creating 22(r) x 33(c) GridCells YDim 1.8 XDim 1.8
INFO: number of GridCells (0xe3745140): 726
Total 0.0149 seconds to load 1655 cell instances into cellmap, 1177 cells are off site row
Moveable cells: 1177; Application fixed cells: 0; Macro cells: 0; User fixed cells: 478
Average cell width 1.2818, cell height 0.6000, cell area 0.7691 for total 1177 placed and application fixed cells
Information: Enabling scaled virtual route (VR) (FLW-5761)
Information: Enabling light RDE flow Mode (FLW-5761)
Information: The stitching and editing of coupling caps is turned OFF for design 'dut_toplevel.dlib:dut_toplevel/placement_and_optimization.design'. (TIM-125)
Information: Ending   compile_fusion / initial_drc / Load Design (FLW-8001)
Information: Time: 2025-06-18 12:58:49 / Session:  00:00:59 / Command:  00:00:53 / CPU:  00:02:16 / Memory: 1347 MB (FLW-8100)
Information: CPU Load: 21%, Ram Free: 38 GB, Swap Free: 1 GB, Work Disk Free: 308 GB, Tmp Disk Free: 308 GB (MSG-3995)
Information: The stitching and editing of coupling caps is turned OFF for design 'dut_toplevel.dlib:dut_toplevel/placement_and_optimization.design'. (TIM-125)
Information: Starting compile_fusion / initial_drc / Global Route (FLW-8000)
Information: Time: 2025-06-18 12:58:49 / Session:  00:01:00 / Command:  00:00:53 / CPU:  00:02:16 / Memory: 1347 MB (FLW-8100)
Information: CPU Load: 21%, Ram Free: 38 GB, Swap Free: 1 GB, Work Disk Free: 308 GB, Tmp Disk Free: 308 GB (MSG-3995)
Information: Ending   compile_fusion / initial_drc / Global Route (FLW-8001)
Information: Time: 2025-06-18 12:58:49 / Session:  00:01:00 / Command:  00:00:53 / CPU:  00:02:16 / Memory: 1347 MB (FLW-8100)
Information: CPU Load: 21%, Ram Free: 38 GB, Swap Free: 1 GB, Work Disk Free: 308 GB, Tmp Disk Free: 308 GB (MSG-3995)
Information: Starting compile_fusion / initial_drc / Automatic Register Splitting (FLW-8000)
Information: Time: 2025-06-18 12:58:49 / Session:  00:01:00 / Command:  00:00:53 / CPU:  00:02:16 / Memory: 1347 MB (FLW-8100)
Information: CPU Load: 21%, Ram Free: 38 GB, Swap Free: 1 GB, Work Disk Free: 308 GB, Tmp Disk Free: 308 GB (MSG-3995)
Information: Ending   compile_fusion / initial_drc / Automatic Register Splitting (FLW-8001)
Information: Time: 2025-06-18 12:58:49 / Session:  00:01:00 / Command:  00:00:53 / CPU:  00:02:16 / Memory: 1347 MB (FLW-8100)
Information: CPU Load: 21%, Ram Free: 38 GB, Swap Free: 1 GB, Work Disk Free: 308 GB, Tmp Disk Free: 308 GB (MSG-3995)
Information: Starting compile_fusion / initial_drc / High Fanout Synthesis (FLW-8000)
Information: Time: 2025-06-18 12:58:49 / Session:  00:01:00 / Command:  00:00:53 / CPU:  00:02:16 / Memory: 1347 MB (FLW-8100)
Information: CPU Load: 21%, Ram Free: 38 GB, Swap Free: 1 GB, Work Disk Free: 308 GB, Tmp Disk Free: 308 GB (MSG-3995)
min assign layer = M4
Corner Scaling is off, multiplier is 1.000000
Zbuf-HFS: gathering all scenarios
orb constraints: using power mt scenarios
ORB: timingScenario PowerSave_Slow timingCorner Slow
INFO: Using corner Fast for worst leakage corner
Using default layer M4
new cutoff lpd: 3.18383e-05
corner scaling: maxCornerId = 3
corner=Fast, tran factor=0.839605 (0.028406 / 0.033833)
corner=Typical, tran factor=0.945497 (0.031989 / 0.033833)
corner=Slow, tran factor=1.000000 (0.033833 / 0.033833)
ORB: Nominal = 0.0056185  Design MT = inf  Target = 0.0338329 (6.022 nominal)  MaxRC = 0.022324
ORB: Fast Target = 0.011791 ( 2.099 nominal )
ORB: stageDelay=0.026139, stageLength=1609839
INFO: Using corner Fast for worst leakage corner
Using default layer M4
new cutoff lpd: 3.18383e-05
corner scaling: maxCornerId = 3
corner=Fast, tran factor=0.839605 (0.028406 / 0.033833)
corner=Typical, tran factor=0.945497 (0.031989 / 0.033833)
corner=Slow, tran factor=1.000000 (0.033833 / 0.033833)
INFO: Using corner Fast for worst leakage corner
Using default layer M4
new cutoff lpd: 3.18383e-05
corner scaling: maxCornerId = 3
corner=Fast, tran factor=0.839605 (0.028406 / 0.033833)
corner=Typical, tran factor=0.945497 (0.031989 / 0.033833)
corner=Slow, tran factor=1.000000 (0.033833 / 0.033833)
INFO: Using corner Fast for worst leakage corner
Using default layer M4
new cutoff lpd: 3.18383e-05
corner scaling: maxCornerId = 3
corner=Fast, tran factor=0.839605 (0.028406 / 0.033833)
corner=Typical, tran factor=0.945497 (0.031989 / 0.033833)
corner=Slow, tran factor=1.000000 (0.033833 / 0.033833)
INFO: Using corner Fast for worst leakage corner
Using default layer M4
new cutoff lpd: 3.18383e-05
corner scaling: maxCornerId = 3
corner=Fast, tran factor=0.839605 (0.028406 / 0.033833)
corner=Typical, tran factor=0.945497 (0.031989 / 0.033833)
corner=Slow, tran factor=1.000000 (0.033833 / 0.033833)
INFO: Using corner Fast for worst leakage corner
Using default layer M4
new cutoff lpd: 3.18383e-05
corner scaling: maxCornerId = 3
corner=Fast, tran factor=0.839605 (0.028406 / 0.033833)
corner=Typical, tran factor=0.945497 (0.031989 / 0.033833)
corner=Slow, tran factor=1.000000 (0.033833 / 0.033833)
INFO: Using corner Fast for worst leakage corner
Using default layer M4
new cutoff lpd: 3.18383e-05
corner scaling: maxCornerId = 3
corner=Fast, tran factor=0.839605 (0.028406 / 0.033833)
corner=Typical, tran factor=0.945497 (0.031989 / 0.033833)
corner=Slow, tran factor=1.000000 (0.033833 / 0.033833)
INFO: Using corner Fast for worst leakage corner
Using default layer M4
new cutoff lpd: 3.18383e-05
corner scaling: maxCornerId = 3
corner=Fast, tran factor=0.839605 (0.028406 / 0.033833)
corner=Typical, tran factor=0.945497 (0.031989 / 0.033833)
corner=Slow, tran factor=1.000000 (0.033833 / 0.033833)
INFO: Using corner Fast for worst leakage corner
Using default layer M4
new cutoff lpd: 3.18383e-05
corner scaling: maxCornerId = 3
corner=Fast, tran factor=0.839605 (0.028406 / 0.033833)
corner=Typical, tran factor=0.945497 (0.031989 / 0.033833)
corner=Slow, tran factor=1.000000 (0.033833 / 0.033833)
INFO: Using corner Fast for worst leakage corner
Using default layer M4
new cutoff lpd: 3.18383e-05
corner scaling: maxCornerId = 3
corner=Fast, tran factor=0.839605 (0.028406 / 0.033833)
corner=Typical, tran factor=0.945497 (0.031989 / 0.033833)
corner=Slow, tran factor=1.000000 (0.033833 / 0.033833)
INFO: Using corner Fast for worst leakage corner
Using default layer M4
new cutoff lpd: 3.18383e-05
corner scaling: maxCornerId = 3
corner=Fast, tran factor=0.839605 (0.028406 / 0.033833)
corner=Typical, tran factor=0.945497 (0.031989 / 0.033833)
corner=Slow, tran factor=1.000000 (0.033833 / 0.033833)
INFO: Using corner Fast for worst leakage corner
Using default layer M4
new cutoff lpd: 3.18383e-05
corner scaling: maxCornerId = 3
corner=Fast, tran factor=0.839605 (0.028406 / 0.033833)
corner=Typical, tran factor=0.945497 (0.031989 / 0.033833)
corner=Slow, tran factor=1.000000 (0.033833 / 0.033833)
Collecting Drivers ...  
Design max_transition = inf
Design max_capacitance = inf
GRE layer bins: None, M4
WINFO: 1607 None; 0 M4; 0 Total
Running clock data isolation flow.
Found 0 buffer-tree drivers
No violators found
Running tristate isolation flow.
TSI: added 0 repeaters
Running mv isolation flow.
Found 0 buffer-tree drivers
No violators found
Found 5 buffer-tree drivers

Roi-HfsDrc SN: 1798569713 435980330 0 1 (300.000000)

Processing Buffer Trees  (ROI) ... 

    [1]  10% ...
    [2]  20% ...
    [3]  30% ...
    [4]  40% ...
    [5]  50% ...
    [5] 100% Done

                  Deleted        Added
------------ ------------ ------------
    Buffers:            0           14
  Inverters:            3            4
------------ ------------ ------------
      Total:            3           18
------------ ------------ ------------

Number of Drivers Sized: 4 [80.00%]

                      P: 3 [60.00%]
                      N: 1 [20.00%]

WINFO: 1622 None; 0 M4; 0 Total
Information: The net parasitics of block dut_toplevel are cleared. (TIM-123)
Information: The stitching and editing of coupling caps is turned OFF for design 'dut_toplevel.dlib:dut_toplevel/placement_and_optimization.design'. (TIM-125)
WINFO: 1622 None; 0 M4; 0 Total
Zbuf-RUNTIME (Hr:Min:Sec)  CPU 0 hr : 0 min : 2.43 sec ELAPSE 0 hr : 0 min : 0.96 sec
Zbuf-RUNTIME         (Min) CPU 0 min ELAPSE 0 min
ZBuf-MEM(max-mem) total 1379092 K / inuse 1231484 K
Information: Result of compile_fusion / initial_drc / High Fanout Synthesis (FLW-8500)
Information: Top 10 transition violators after high fanout synthesis (HFS-1000)
Slack     Fanout  Scenario    Driver                                                       

Compile-fusion optimization summary            SETUP-COST    R2R-COST HOLD-COST LDRC-COST          AREA     LEAKAGE     INSTCNT            ELAPSE       MEM
Compile-fusion                                       0.00        0.00         -         0        916.99  36104816.00        1192              0.02      1346
Information: Ending   compile_fusion / initial_drc / High Fanout Synthesis (FLW-8001)
Information: Time: 2025-06-18 12:58:50 / Session:  00:01:01 / Command:  00:00:54 / CPU:  00:02:19 / Memory: 1347 MB (FLW-8100)
Information: CPU Load: 21%, Ram Free: 38 GB, Swap Free: 1 GB, Work Disk Free: 308 GB, Tmp Disk Free: 308 GB (MSG-3995)
Information: The net parasitics of block dut_toplevel are cleared. (TIM-123)
Information: Ending   compile_fusion / initial_drc (FLW-8001)
Information: Time: 2025-06-18 12:58:50 / Session:  00:01:01 / Command:  00:00:54 / CPU:  00:02:20 / Memory: 1347 MB (FLW-8100)
Information: CPU Load: 21%, Ram Free: 38 GB, Swap Free: 1 GB, Work Disk Free: 308 GB, Tmp Disk Free: 308 GB (MSG-3995)

Information: >>>>>>> 1 unique error and warning message tags while observing compile_fusion / initial_drc: (MSG-3100)
Information: #prnt #trgr #lmt    Tag  Level     Format (or last printed message)                                (MSG-3036)
Information:     2     2  5 LGL-050   WARNING   Warning: Library cell saed14rvt_frame_timing:SAEDRVT14_DCAP_... (MSG-3032)
Information:     2     2  1        1  <------   Total sum of messages (MSG-3038)
Information: >>>>>>> Summary: 2 error&warning MSGs observed during compile_fusion / initial_drc (MSG-3103)

----------------------------------------------------------------------------------------------------------
Information: Starting compile_fusion / initial_opto (FLW-8000)
Information: Time: 2025-06-18 12:58:50 / Session:  00:01:01 / Command:  00:00:54 / CPU:  00:02:20 / Memory: 1347 MB (FLW-8100)
Information: CPU Load: 21%, Ram Free: 38 GB, Swap Free: 1 GB, Work Disk Free: 308 GB, Tmp Disk Free: 308 GB (MSG-3995)
----------------------------------------------------------------------------------------------------------
Information: Change threshold for extractor is reset. (FLW-1300)
Information: Timer using 12 threads
[Tim-Power] Info: Cleared Leakage libCell cache.
flowStepUpsInPbo:: using optEnvMonitor()
Information: Initializing classic cellmap without advanced rules enabled and without PDC enabled
Information: The following app options are used in cellmap
        place.legalize.enable_color_aware_placement : false
        place.legalize.use_nll_query_cm : false
        place.legalize.enable_advanced_legalizer : false
        place.legalize.enable_prerouted_net_check : true
        place.legalize.enable_advanced_prerouted_net_check : false
        place.legalize.always_continue : true
        place.legalize.limit_legality_checks : false
        place.common.pnet_aware_density : 1.0000
        place.common.pnet_aware_min_width : 0.0000
        place.common.pnet_aware_layers : {}
        place.common.use_placement_model : false
        place.common.enable_advanced_placement_model : true
        cts.placement.cell_spacing_rule_style : maximum
Warning: Library cell saed14rvt_frame_timing:SAEDRVT14_ISOFSDPQ_PECO_8.frame is missing supply pins. Its power structure cannot be determined. (LGL-050)
Warning: Library cell saed14rvt_frame_timing:SAEDRVT14_DCAP_PV1ECO_12.frame is missing supply pins. Its power structure cannot be determined. (LGL-050)
Total 0.0077 seconds to build cellmap data
INFO: compile_fusion is running in balanced flow mode
Warning: Cannot find any max transition constraint on the design. (OPT-070)
INFO: Leakage Power Aware Optimization Enabled
Information: The automatic clock gate timing flow is activated. Clock latencies set on clock gate cells will be automatically adjusted by an estimate for latency. (CGT-4005)
INFO: EarlyGR flow is not enabled.
.INFO: disable CRPR-based timing. 
Information: The stitching and editing of coupling caps is turned OFF for design 'dut_toplevel.dlib:dut_toplevel/placement_and_optimization.design'. (TIM-125)
Number of Site types in the design = 1
Setting up Chip Core
Chip Core shape: (50000 50000) (531000 338000)
Number of VARs = 1
Number of unique PDs = 1
Number of Power Domains = 1
Number of Voltage Areas = 1
Number of supply Nets = 2
Number of used supplies = 0
Blocked VAs: 

compile command begin                   CPU:   148 s (  0.04 hr )  ELAPSE:    62 s (  0.02 hr )  MEM-PEAK:  1346 MB
Warning: Cannot find any max transition constraint on the design. (OPT-070)
Information: The stitching and editing of coupling caps is turned OFF for design 'dut_toplevel.dlib:dut_toplevel/placement_and_optimization.design'. (TIM-125)
************************************************************
Timer Settings:
Delay Calculation Style:                   auto
Signal Integrity Analysis:                 disabled
Timing Window Analysis:                    disabled
Advanced Waveform Propagation:             disabled
Variation Type:                            fixed_derate
Clock Reconvergence Pessimism Removal:     disabled
Advanced Receiver Model:                   disabled
LLE:                                       disabled
ML Acceleration:                           off
************************************************************
Info: update em.

compile timing update complete          CPU:   149 s (  0.04 hr )  ELAPSE:    62 s (  0.02 hr )  MEM-PEAK:  1346 MB

compile initial QoR
___________________
Scenario Mapping Table
1: Normal_Fast
2: Normal_Slow
3: Normal_Typical
4: PowerSave_Fast
5: PowerSave_Slow
6: PowerSave_Typical

Pathgroup Mapping Table
1: **default**
2: **async_default**
3: **clock_gating_default**
4: **in2reg_default**
5: **reg2out_default**
6: **in2out_default**
7: clk

-------------------------------------------------------------------------------------------------------------------------------------------------------------
PATHGROUP QOR 
-------------------------------------------------------------------------------------------------------------------------------------------------------------
Scene  PG      WNS        TNS    NSV      WHV        THV    NHV
    1   1   0.0000     0.0000      0        -          -      -
    1   2   0.0000     0.0000      0        -          -      -
    1   3   0.0000     0.0000      0        -          -      -
    1   4   0.0000     0.0000      0        -          -      -
    1   5   0.0000     0.0000      0        -          -      -
    1   6   0.0000     0.0000      0        -          -      -
    1   7   0.0000     0.0000      0        -          -      -
    2   1   0.0000     0.0000      0        -          -      -
    2   2   0.0000     0.0000      0        -          -      -
    2   3   0.0000     0.0000      0        -          -      -
    2   4   0.0000     0.0000      0        -          -      -
    2   5   0.0000     0.0000      0        -          -      -
    2   6   0.0000     0.0000      0        -          -      -
    2   7   0.0975     0.2520      4        -          -      -
    3   1   0.0000     0.0000      0        -          -      -
    3   2   0.0000     0.0000      0        -          -      -
    3   3   0.0000     0.0000      0        -          -      -
    3   4   0.0000     0.0000      0        -          -      -
    3   5   0.0000     0.0000      0        -          -      -
    3   6   0.0000     0.0000      0        -          -      -
    3   7   0.0000     0.0000      0        -          -      -
    4   1   0.0000     0.0000      0        -          -      -
    4   2   0.0000     0.0000      0        -          -      -
    4   3   0.0000     0.0000      0        -          -      -
    4   4   0.0000     0.0000      0        -          -      -
    4   5   0.0000     0.0000      0        -          -      -
    4   6   0.0000     0.0000      0        -          -      -
    4   7   0.0000     0.0000      0        -          -      -
    5   1   0.0000     0.0000      0        -          -      -
    5   2   0.0000     0.0000      0        -          -      -
    5   3   0.0000     0.0000      0        -          -      -
    5   4   0.0000     0.0000      0        -          -      -
    5   5   0.0000     0.0000      0        -          -      -
    5   6   0.0000     0.0000      0        -          -      -
    5   7   0.0000     0.0000      0        -          -      -
    6   1   0.0000     0.0000      0        -          -      -
    6   2   0.0000     0.0000      0        -          -      -
    6   3   0.0000     0.0000      0        -          -      -
    6   4   0.0000     0.0000      0        -          -      -
    6   5   0.0000     0.0000      0        -          -      -
    6   6   0.0000     0.0000      0        -          -      -
    6   7   0.0000     0.0000      0        -          -      -
----------------------------------------------------------------------------------------------------------------------------------------------------------------------
SCENARIO QOR 
----------------------------------------------------------------------------------------------------------------------------------------------------------------------
Scene  PG      WNS        TNS   R2RTNS    NSV      WHV        THV    NHV  MaxTrnV   MaxTranC  MaxCapV    Leakage     CellEMV
    1   *   0.0000     0.0000   0.0000      0        -          -      -        0     0.0000        0 36104816.0           0
    2   *   0.0975     0.2520   0.2520      4        -          -      -        0     0.0000        0  18465.119           0
    3   *   0.0000     0.0000   0.0000      0        -          -      -        0     0.0000        0 343781.969           0
    4   *   0.0000     0.0000   0.0000      0        -          -      -        0     0.0000        0 36104816.0           0
    5   *   0.0000     0.0000   0.0000      0        -          -      -        0     0.0000        0  18465.119           0
    6   *   0.0000     0.0000   0.0000      0        -          -      -        0     0.0000        0 343781.969           0
----------------------------------------------------------------------------------------------------------------------------------------------------------------------
DESIGN QOR 
----------------------------------------------------------------------------------------------------------------------------------------------------------------------
Scene  PG      WNS        TNS   R2RTNS    NSV      WHV        THV    NHV  MaxTrnV   MaxTranC  MaxCapV    Leakage         Area    InstCnt     BufCnt     InvCnt     CellEMV
    *   *   0.0975     0.2520   0.2520      4   0.0000     0.0000      0        0     0.0000        0 36104816.0       916.99       1192         14         24           0
----------------------------------------------------------------------------------------------------------------------------------------------------------------------

compile initial QoR Summary       WNS        TNS   R2RTNS    NSV      WHV        THV    NHV  MaxTrnV  MaxCapV    Leakage         Area    InstCnt
compile initial QoR Summary    0.0975     0.2520   0.2520      4   0.0000     0.0000      0        0        0 36104816.0       916.99       1192
Information: The netlist change observers are disabled for incremental extraction. (TIM-126)
INFO: using 12 threads
compile initialization complete         CPU:   165 s (  0.05 hr )  ELAPSE:    64 s (  0.02 hr )  MEM-PEAK:  1346 MB
compile optimization summary            SETUP-COST    R2R-COST HOLD-COST LDRC-COST          AREA     LEAKAGE     INSTCNT            ELAPSE       MEM
Warning: Cannot find any max transition constraint on the design. (OPT-070)
Information: The netlist change observers are enabled for incremental extraction. (TIM-127)

[Tim-Power] Info: Cleared Leakage libCell cache.
Information: Initializing classic cellmap without advanced rules enabled and without PDC enabled
Information: The following app options are used in cellmap
        place.legalize.enable_color_aware_placement : false
        place.legalize.use_nll_query_cm : false
        place.legalize.enable_advanced_legalizer : false
        place.legalize.enable_prerouted_net_check : false
        place.legalize.enable_advanced_prerouted_net_check : false
        place.legalize.always_continue : true
        place.legalize.limit_legality_checks : false
        place.common.pnet_aware_density : 1.0000
        place.common.pnet_aware_min_width : 0.0000
        place.common.pnet_aware_layers : {}
        place.common.use_placement_model : false
        place.common.enable_advanced_placement_model : true
        cts.placement.cell_spacing_rule_style : maximum
Warning: Library cell saed14rvt_frame_timing:SAEDRVT14_ISOFSDPQ_PECO_8.frame is missing supply pins. Its power structure cannot be determined. (LGL-050)
Warning: Library cell saed14rvt_frame_timing:SAEDRVT14_DCAP_PV1ECO_12.frame is missing supply pins. Its power structure cannot be determined. (LGL-050)
Total 0.0085 seconds to build cellmap data
INFO: creating 22(r) x 33(c) GridCells YDim 1.8 XDim 1.8
INFO: number of GridCells (0xe2867a40): 726
INFO: creating 22(r) x 33(c) GridCells YDim 1.8 XDim 1.8
INFO: number of GridCells (0xe2867a40): 726
Total 0.0151 seconds to load 1670 cell instances into cellmap, 1174 cells are off site row
Moveable cells: 1192; Application fixed cells: 0; Macro cells: 0; User fixed cells: 478
Average cell width 1.2821, cell height 0.6000, cell area 0.7693 for total 1192 placed and application fixed cells
Information: Starting compile_fusion / initial_opto / Optimization (1) (FLW-8000)
Information: Time: 2025-06-18 12:58:56 / Session:  00:01:06 / Command:  00:00:59 / CPU:  00:03:00 / Memory: 1347 MB (FLW-8100)
Information: CPU Load: 27%, Ram Free: 38 GB, Swap Free: 1 GB, Work Disk Free: 308 GB, Tmp Disk Free: 308 GB (MSG-3995)
Information: Starting compile_fusion / initial_opto / Optimization (1) / Timing Optimization (FLW-8000)
Information: Time: 2025-06-18 12:58:56 / Session:  00:01:06 / Command:  00:00:59 / CPU:  00:03:00 / Memory: 1347 MB (FLW-8100)
Information: CPU Load: 27%, Ram Free: 38 GB, Swap Free: 1 GB, Work Disk Free: 308 GB, Tmp Disk Free: 308 GB (MSG-3995)
Disable clock slack update for ideal clocks
Warning: Restoring scoped app option 'ropt.rbuf_subtree_crit_range' to original value 'unset' (from current value '-1', which is different from the scoped value '-1.0'). (FLW-2892)
Disable clock slack update for ideal clocks
Corner Scaling is off, multiplier is 1.000000
Using default layer M4
new cutoff lpd: 3.18383e-05
corner scaling: maxCornerId = 3
corner=Fast, tran factor=0.839605 (0.028406 / 0.033833)
corner=Typical, tran factor=0.945497 (0.031989 / 0.033833)
corner=Slow, tran factor=1.000000 (0.033833 / 0.033833)
Warning: Restoring scoped app option 'ropt.rbuf_subtree_crit_range' to original value 'unset' (from current value '-1', which is different from the scoped value '-1.0'). (FLW-2892)
Disable clock slack update for ideal clocks
Warning: Restoring scoped app option 'ropt.rbuf_subtree_crit_range' to original value 'unset' (from current value '-1', which is different from the scoped value '-1.0'). (FLW-2892)
Disable clock slack update for ideal clocks
Warning: Restoring scoped app option 'ropt.rbuf_subtree_crit_range' to original value 'unset' (from current value '-1', which is different from the scoped value '-1.0'). (FLW-2892)
Disable clock slack update for ideal clocks
Warning: Restoring scoped app option 'ropt.rbuf_subtree_crit_range' to original value 'unset' (from current value '-1', which is different from the scoped value '-1.0'). (FLW-2892)
Information: Ending   compile_fusion / initial_opto / Optimization (1) / Timing Optimization (FLW-8001)
Information: Time: 2025-06-18 12:59:02 / Session:  00:01:12 / Command:  00:01:05 / CPU:  00:03:07 / Memory: 1456 MB (FLW-8100)
Information: CPU Load: 26%, Ram Free: 38 GB, Swap Free: 1 GB, Work Disk Free: 308 GB, Tmp Disk Free: 308 GB (MSG-3995)
Warning: Restoring scoped app option 'xform.commit_density_threshold' to original value 'unset' (from current value '1.1', which is different from the scoped value '1.100000'). (FLW-2892)
Warning: Restoring scoped app option 'ropt.rutil_density_threshold' to original value 'unset' (from current value '1.1', which is different from the scoped value '1.100000'). (FLW-2892)
Warning: Restoring scoped app option 'opt.internal.levfilter_arec_slack' to original value 'unset' (from current value '-1', which is different from the scoped value '-1.0'). (FLW-2892)
Disable clock slack update for ideal clocks
Warning: Restoring scoped app option 'ropt.rbuf_subtree_crit_range' to original value 'unset' (from current value '-1', which is different from the scoped value '-1.0'). (FLW-2892)
Information: Ending   compile_fusion / initial_opto / Optimization (1) (FLW-8001)
Information: Time: 2025-06-18 12:59:06 / Session:  00:01:17 / Command:  00:01:10 / CPU:  00:03:13 / Memory: 1468 MB (FLW-8100)
Information: CPU Load: 24%, Ram Free: 38 GB, Swap Free: 1 GB, Work Disk Free: 308 GB, Tmp Disk Free: 308 GB (MSG-3995)
----------------------------------------------------------------
running create_placement
Corner Scaling is off, multiplier is 1.000000
ORB: timingScenario Normal_Slow timingCorner Slow
INFO: Using corner Fast for worst leakage corner
Using default layer M4
new cutoff lpd: 3.18383e-05
corner scaling: maxCornerId = 3
corner=Fast, tran factor=0.839605 (0.028406 / 0.033833)
corner=Typical, tran factor=0.945497 (0.031989 / 0.033833)
corner=Slow, tran factor=1.000000 (0.033833 / 0.033833)
ORB: Nominal = 0.0056185  Design MT = inf  Target = 0.0338329 (6.022 nominal)  MaxRC = 0.022324
ORB: Fast Target = 0.011791 ( 2.099 nominal )
ORB: stageDelay=0.026139, stageLength=1609839
nplLib: default vr hor dist = 322
nplLib: default vr ver dist = 322
nplLib: default vr buf size = 2
nplLib: default vr buf size = 1

Placement Options:
Effort:                        medium_effort       
Timing Driven:                 false               
Buffering Aware Timing Driven: false               
Seed locs:                     true                
Incremental:                   false               
Congestion:                    false               
Fix Macros:                    true                
Place Macros:                  false               
Channel Size Macros:           false               

Printing options for 'place.coarse.*' (non-default only)
place.coarse.continue_on_missing_scandef                :	 true                

Start transferring placement data.
Added 0 bounds for preserving balanced registers
****** Net weight manager: report ******
Weights included: Timing  
Number of nets with non-default weights: 1620
Timing factor = 1
Non-default weight range: (0.89191, 2.67573)
Information: Automatic repeater spreading is enabled.
Information: The net parasitics of block dut_toplevel are cleared. (TIM-123)
Completed transferring placement data.
Running placement using 12 thread(s)
Information: Enhanced Auto Density Control is used. (PLACE-098)
Information: Enhanced auto density configuration is 13179.
Information: Automatic density control has selected the following settings: max_density 0.55, congestion_driven_max_util 0.87. (PLACE-027)
Information: HFW control 'off' invoked.
coarse place 50% done.
coarse place 75% done.
coarse place 100% done.
Information: Coarse placer weighted wire length estimate = 1.08619e+08
Information: Extraction observers are detached as design net change threshold is reached.
Warning: No clock routing rules were specified. Use set_clock_routing_rules to specify routing rules for accurate clock latency estimation. (OPT-902)
Warning: No clock routing rules were specified. Use set_clock_routing_rules to specify routing rules for accurate clock latency estimation. (OPT-902)
Information: Estimating clock gate latencies for scenario 'PowerSave_Typical'. (OPT-909)
Warning: No clock routing rules were specified. Use set_clock_routing_rules to specify routing rules for accurate clock latency estimation. (OPT-902)
Information: Estimating clock gate latencies for scenario 'PowerSave_Slow'. (OPT-909)
Warning: No clock routing rules were specified. Use set_clock_routing_rules to specify routing rules for accurate clock latency estimation. (OPT-902)
Information: Estimating clock gate latencies for scenario 'PowerSave_Fast'. (OPT-909)
Warning: No clock routing rules were specified. Use set_clock_routing_rules to specify routing rules for accurate clock latency estimation. (OPT-902)
Information: Estimating clock gate latencies for scenario 'Normal_Typical'. (OPT-909)
Warning: No clock routing rules were specified. Use set_clock_routing_rules to specify routing rules for accurate clock latency estimation. (OPT-902)
Information: Estimating clock gate latencies for scenario 'Normal_Slow'. (OPT-909)
Warning: No clock routing rules were specified. Use set_clock_routing_rules to specify routing rules for accurate clock latency estimation. (OPT-902)
Information: Estimating clock gate latencies for scenario 'Normal_Fast'. (OPT-909)
----------------------------------------------------------------
Information: Starting compile_fusion / initial_opto / Timing and Congestion Driven Placement (FLW-8000)
Information: Time: 2025-06-18 12:59:08 / Session:  00:01:19 / Command:  00:01:12 / CPU:  00:03:18 / Memory: 1468 MB (FLW-8100)
Information: CPU Load: 24%, Ram Free: 38 GB, Swap Free: 1 GB, Work Disk Free: 308 GB, Tmp Disk Free: 308 GB (MSG-3995)
----------------------------------------------------------------
----------------------------------------------------------------
Running congestion-aware direct-timing-driven placement
Information: Current block utilization is '0.66150', effective utilization is '0.74468'. (OPT-055)
chip utilization before DTDP: 0.74
Start Timing-driven placement
Start transferring placement data.
Warning: To enable pin track alignment feature, the advanced legalizer has to be turned on using app option "place.legalize.enable_advanced_legalizer".
Warning: Pin track alignment feature will be disabled in this run
Information: Initializing classic cellmap without advanced rules enabled and without PDC enabled
Information: The following app options are used in cellmap
        place.legalize.enable_color_aware_placement : false
        place.legalize.use_nll_query_cm : false
        place.legalize.enable_advanced_legalizer : false
        place.legalize.enable_prerouted_net_check : true
        place.legalize.enable_advanced_prerouted_net_check : false
        place.legalize.always_continue : true
        place.legalize.limit_legality_checks : false
        place.common.pnet_aware_density : 1.0000
        place.common.pnet_aware_min_width : 0.0000
        place.common.pnet_aware_layers : {}
        place.common.use_placement_model : false
        place.common.enable_advanced_placement_model : true
        cts.placement.cell_spacing_rule_style : maximum
Warning: Library cell saed14rvt_frame_timing:SAEDRVT14_ISOFSDPQ_PECO_8.frame is missing supply pins. Its power structure cannot be determined. (LGL-050)
Warning: Library cell saed14rvt_frame_timing:SAEDRVT14_DCAP_PV1ECO_12.frame is missing supply pins. Its power structure cannot be determined. (LGL-050)
Total 0.0084 seconds to build cellmap data
Snapped 1190 standard cells to the nearest cellrow to improve the accuracy of congestion analysis.
Start Global Route ... 
[Init] Elapsed real time: 0:00:00 
[Init] Elapsed cpu  time: sys=0:00:00 usr=0:00:00 total=0:00:00
[Init] Stage (MB): Used    0  Alloctr    0  Proc    0 
[Init] Total (MB): Used    7  Alloctr    7  Proc 6088 
Printing options for 'route.common.*'

Printing options for 'route.global.*'
global.deterministic                                    :	 on                  
global.timing_driven                                    :	 false               

Begin global routing.
Warning: Cell contains tie connections which are not connected to real PG. (ZRT-511)
Cell Min-Routing-Layer = M1
Cell Max-Routing-Layer = MRDL
Turn off antenna since no rule is specified
Information: Option route.detail.force_end_on_preferred_grid will be ignored since none of the layers have preferred grid. (ZRT-703)
Skipping 1 internal pins that are not physical. Set route.common.verbose_level to > 0 and run routing command to get skipped pin names.
Info: number of net_type_blockage: 0 
Information: Via ladder engine would be activated for pattern must join connection in certain commands. Please refer to man-page for the command list. (ZRT-619)
Via on layer (VIA1) needs more than one tracks
Warning: Layer M1 default pitch 0.074 may be too small to handle up/down via. Note, that minimum requirements are "wire/via-down 0.074" & "wire/via-up 0.078". (ZRT-026)
Via on layer (VIA1) needs more than one tracks
Warning: Layer M2 default pitch 0.060 may be too small to handle up/down via. Note, that minimum requirements are "wire/via-down 0.078" & "wire/via-up 0.060". (ZRT-026)
Via on layer (VIA4) needs more than one tracks
Warning: Layer M5 default pitch 0.100 may be too small to handle up/down via. Note, that minimum requirements are "wire/via-down 0.125" & "wire/via-up 0.100". (ZRT-026)
Via on layer (VIA7) needs more than one tracks
Warning: Layer M7 default pitch 0.100 may be too small to handle up/down via. Note, that minimum requirements are "wire/via-down 0.100" & "wire/via-up 0.107". (ZRT-026)
Wire on layer (M8) needs more than one tracks
Via on layer (VIA7) needs more than one tracks
Via on layer (VIA8) needs more than one tracks
Warning: Layer M8 default pitch 0.100 may be too small to handle up/down via. Note, that minimum requirements are "wire/via-down 0.107" & "wire/via-up 0.135". (ZRT-026)
Wire on layer (M9) needs more than one tracks
Via on layer (VIA8) needs more than one tracks
Via on layer (VIARDL) needs more than one tracks
Warning: Layer M9 default pitch 0.100 may be too small to handle up/down via. Note, that minimum requirements are "wire/via-down 0.135" & "wire/via-up 1.570". (ZRT-026)
Via on layer (VIARDL) needs more than one tracks
Warning: Layer MRDL default pitch 4.000 may be too small to handle up/down via. Note, that minimum requirements are "wire/via-down 4.500" & "wire/via-up 4.000". (ZRT-026)
Transition layer name: M7(6)
Transition layer name: M8(7)
Information: When applicable Min-max layer allow_pin_connection mode will allow paths of length 0.90 outside the layer range. (ZRT-707)
Information: When applicable Min-max layer allow_pin_connection mode will allow paths of length 0.90 outside the layer range on clock nets. (ZRT-718)
Information: When applicable layer based tapering will taper up to 0.00 in distance from the pin. (ZRT-706)
Warning: Standard cell pin SAEDRVT14_ADDH_0P5/CO has no valid via regions. (ZRT-044)
Warning: Cell DP_OP_33_12155_941_J1/U_468 is placed overlapping with other cells at {{34.674 7.400} {36.376 8.000}}. (ZRT-763)
Current Stage stats:
[End of Read DB] Elapsed real time: 0:00:00 
[End of Read DB] Elapsed cpu  time: sys=0:00:00 usr=0:00:00 total=0:00:00
[End of Read DB] Stage (MB): Used   32  Alloctr   33  Proc  -32 
[End of Read DB] Total (MB): Used   39  Alloctr   40  Proc 6056 
Constructing data structure ...
Design statistics:
Design Bounding Box (0.00um,0.00um,58.10um,38.80um)
Number of routing layers = 10
layer M1, dir Ver, min width = 0.034um, min space = 0.026um pitch = 0.074um
layer M2, dir Hor, min width = 0.034um, min space = 0.026um pitch = 0.06um
layer M3, dir Ver, min width = 0.034um, min space = 0.026um pitch = 0.074um
layer M4, dir Hor, min width = 0.06um, min space = 0.04um pitch = 0.1um
layer M5, dir Ver, min width = 0.06um, min space = 0.04um pitch = 0.1um
layer M6, dir Hor, min width = 0.06um, min space = 0.04um pitch = 0.1um
layer M7, dir Ver, min width = 0.06um, min space = 0.04um pitch = 0.1um
layer M8, dir Hor, min width = 0.06um, min space = 0.04um pitch = 0.1um
layer M9, dir Ver, min width = 0.06um, min space = 0.04um pitch = 0.1um
layer MRDL, dir Hor, min width = 2um, min space = 2um pitch = 4um
Current Stage stats:
[End of Build Tech Data] Elapsed real time: 0:00:00 
[End of Build Tech Data] Elapsed cpu  time: sys=0:00:00 usr=0:00:00 total=0:00:00
[End of Build Tech Data] Stage (MB): Used    0  Alloctr    0  Proc    0 
[End of Build Tech Data] Total (MB): Used   40  Alloctr   41  Proc 6056 
Net statistics:
Total number of nets     = 1623
Number of nets to route  = 1618
4 nets are fully connected,
 of which 4 are detail routed and 0 are global routed.
Net length statistics: 
Net Count(Ignore Fully Rted) 1619, Total Half Perimeter Wire Length (HPWL) 11087 microns
HPWL   0 ~   50 microns: Net Count     1613	Total HPWL        10753 microns
HPWL  50 ~  100 microns: Net Count        6	Total HPWL          334 microns
HPWL 100 ~  200 microns: Net Count        0	Total HPWL            0 microns
HPWL 200 ~  300 microns: Net Count        0	Total HPWL            0 microns
HPWL 300 ~  400 microns: Net Count        0	Total HPWL            0 microns
HPWL 400 ~  500 microns: Net Count        0	Total HPWL            0 microns
HPWL 500 ~  600 microns: Net Count        0	Total HPWL            0 microns
HPWL 600 ~  700 microns: Net Count        0	Total HPWL            0 microns
HPWL 700 ~  800 microns: Net Count        0	Total HPWL            0 microns
HPWL 800 ~  900 microns: Net Count        0	Total HPWL            0 microns
HPWL 900 ~ 1000 microns: Net Count        0	Total HPWL            0 microns
HPWL     > 1000 microns: Net Count        0	Total HPWL            0 microns
Current Stage stats:
[End of Build All Nets] Elapsed real time: 0:00:00 
[End of Build All Nets] Elapsed cpu  time: sys=0:00:00 usr=0:00:00 total=0:00:00
[End of Build All Nets] Stage (MB): Used    1  Alloctr    1  Proc    0 
[End of Build All Nets] Total (MB): Used   41  Alloctr   43  Proc 6056 
Number of partitions: 1 (1 x 1)
Size of partitions: 96 gCells x 64 gCells
Average gCell capacity  3.06	 on layer (1)	 M1
Average gCell capacity  8.49	 on layer (2)	 M2
Average gCell capacity  7.83	 on layer (3)	 M3
Average gCell capacity  5.84	 on layer (4)	 M4
Average gCell capacity  5.47	 on layer (5)	 M5
Average gCell capacity  4.56	 on layer (6)	 M6
Average gCell capacity  4.74	 on layer (7)	 M7
Average gCell capacity  6.05	 on layer (8)	 M8
Average gCell capacity  6.04	 on layer (9)	 M9
Average gCell capacity  0.12	 on layer (10)	 MRDL
Average number of tracks per gCell 8.19	 on layer (1)	 M1
Average number of tracks per gCell 10.12	 on layer (2)	 M2
Average number of tracks per gCell 8.19	 on layer (3)	 M3
Average number of tracks per gCell 6.08	 on layer (4)	 M4
Average number of tracks per gCell 6.06	 on layer (5)	 M5
Average number of tracks per gCell 6.08	 on layer (6)	 M6
Average number of tracks per gCell 6.06	 on layer (7)	 M7
Average number of tracks per gCell 6.08	 on layer (8)	 M8
Average number of tracks per gCell 6.06	 on layer (9)	 M9
Average number of tracks per gCell 0.16	 on layer (10)	 MRDL
Number of gCells = 61440
Current Stage stats:
[End of Build Congestion Map] Elapsed real time: 0:00:00 
[End of Build Congestion Map] Elapsed cpu  time: sys=0:00:00 usr=0:00:00 total=0:00:00
[End of Build Congestion Map] Stage (MB): Used    2  Alloctr    2  Proc    0 
[End of Build Congestion Map] Total (MB): Used   43  Alloctr   45  Proc 6056 
Number of partitions: 1 (1 x 1)
Size of partitions: 96 gCells x 64 gCells
Current Stage stats:
[End of Add Nets Demand] Elapsed real time: 0:00:00 
[End of Add Nets Demand] Elapsed cpu  time: sys=0:00:00 usr=0:00:00 total=0:00:00
[End of Add Nets Demand] Stage (MB): Used    0  Alloctr    0  Proc    0 
[End of Add Nets Demand] Total (MB): Used   43  Alloctr   45  Proc 6056 
Number of user frozen nets = 0
Total stats:
[End of Build Data] Elapsed real time: 0:00:00 
[End of Build Data] Elapsed cpu  time: sys=0:00:00 usr=0:00:00 total=0:00:00
[End of Build Data] Stage (MB): Used    4  Alloctr    4  Proc    0 
[End of Build Data] Total (MB): Used   43  Alloctr   45  Proc 6056 
Number of partitions: 1 (1 x 1)
Size of partitions: 96 gCells x 64 gCells
Current Stage stats:
[End of Blocked Pin Detection] Elapsed real time: 0:00:00 
[End of Blocked Pin Detection] Elapsed cpu  time: sys=0:00:00 usr=0:00:00 total=0:00:00
[End of Blocked Pin Detection] Stage (MB): Used  104  Alloctr  104  Proc   80 
[End of Blocked Pin Detection] Total (MB): Used  147  Alloctr  149  Proc 6136 
Information: Using 12 threads for routing. (ZRT-444)
Information: Placement fast mode ON
Information: Multiple gcell levels ON
Information: Buffer distance is estimated to be ~271.0000um (451 gCells)

Start GR phase 0
Number of partitions: 1 (1 x 1)
Size of partitions: 96 gCells x 64 gCells
[rtAllBotParts] Elapsed real time: 0:00:00 
[rtAllBotParts] Elapsed cpu  time: sys=0:00:00 usr=0:00:00 total=0:00:00
[rtTop] Elapsed real time: 0:00:00 
[rtTop] Elapsed cpu  time: sys=0:00:00 usr=0:00:00 total=0:00:00
Current Stage stats:
[End of Initial Routing] Elapsed real time: 0:00:00 
[End of Initial Routing] Elapsed cpu  time: sys=0:00:00 usr=0:00:00 total=0:00:00
[End of Initial Routing] Stage (MB): Used    0  Alloctr    0  Proc    0 
[End of Initial Routing] Total (MB): Used  148  Alloctr  150  Proc 6136 
Initial. Routing result:
Initial. Both Dirs: Dmd-Cap  =     0 Max = 0 GRCs =     0 (0.00%)
Initial. H routing: Dmd-Cap  =     0 Max = 0 (GRCs =  0) GRCs =     0 (0.00%)
Initial. V routing: Dmd-Cap  =     0 Max = 0 (GRCs =  0) GRCs =     0 (0.00%)
Initial. Both Dirs: Overflow =   104 Max = 6 GRCs =   106 (0.86%)
Initial. H routing: Overflow =    76 Max = 6 (GRCs =  1) GRCs =    64 (1.04%)
Initial. V routing: Overflow =    28 Max = 2 (GRCs =  8) GRCs =    42 (0.68%)
Initial. M1         Overflow =     0 Max = 0 (GRCs =  0) GRCs =     0 (0.00%)
Initial. M2         Overflow =    76 Max = 6 (GRCs =  1) GRCs =    64 (1.04%)
Initial. M3         Overflow =    28 Max = 2 (GRCs =  8) GRCs =    42 (0.68%)
Initial. M4         Overflow =     0 Max = 0 (GRCs =  0) GRCs =     0 (0.00%)
Initial. M5         Overflow =     0 Max = 0 (GRCs =  0) GRCs =     0 (0.00%)
Initial. M6         Overflow =     0 Max = 0 (GRCs =  0) GRCs =     0 (0.00%)
Initial. M7         Overflow =     0 Max = 0 (GRCs =  0) GRCs =     0 (0.00%)
Initial. M8         Overflow =     0 Max = 0 (GRCs =  0) GRCs =     0 (0.00%)
Initial. M9         Overflow =     0 Max = 0 (GRCs =  0) GRCs =     0 (0.00%)
Initial. MRDL       Overflow =     0 Max = 0 (GRCs =  0) GRCs =     0 (0.00%)

Initial. Total Wire Length = 10919.88
Initial. Layer M1 wire length = 0.00
Initial. Layer M2 wire length = 3956.06
Initial. Layer M3 wire length = 4708.45
Initial. Layer M4 wire length = 2095.99
Initial. Layer M5 wire length = 159.38
Initial. Layer M6 wire length = 0.00
Initial. Layer M7 wire length = 0.00
Initial. Layer M8 wire length = 0.00
Initial. Layer M9 wire length = 0.00
Initial. Layer MRDL wire length = 0.00
Initial. Total Number of Contacts = 7941
Initial. Via VIA1_Base count = 2697
Initial. Via VIA2_Base count = 4836
Initial. Via VIA34SQ_C count = 385
Initial. Via VIA4SQ count = 23
Initial. Via VIA5SQ_C count = 0
Initial. Via VIA67SQ_C count = 0
Initial. Via VIA78SQ_C count = 0
Initial. Via VIA89_C count = 0
Initial. Via VIA9RDL count = 0
Initial. completed.

Start GR phase 1
Wed Jun 18 12:59:09 2025
Number of partitions: 1 (1 x 1)
Size of partitions: 96 gCells x 64 gCells
[rtAllParts] Elapsed real time: 0:00:00 
[rtAllParts] Elapsed cpu  time: sys=0:00:00 usr=0:00:00 total=0:00:00
Number of partitions: 1 (1 x 1)
Size of partitions: 96 gCells x 64 gCells
[updNetsDmd] Elapsed real time: 0:00:00 
[updNetsDmd] Elapsed cpu  time: sys=0:00:00 usr=0:00:00 total=0:00:00
Current Stage stats:
[End of Phase1 Routing] Elapsed real time: 0:00:00 
[End of Phase1 Routing] Elapsed cpu  time: sys=0:00:00 usr=0:00:00 total=0:00:00
[End of Phase1 Routing] Stage (MB): Used    0  Alloctr    0  Proc    0 
[End of Phase1 Routing] Total (MB): Used  148  Alloctr  150  Proc 6136 
phase1. Routing result:
phase1. Both Dirs: Dmd-Cap  =     0 Max = 0 GRCs =     0 (0.00%)
phase1. H routing: Dmd-Cap  =     0 Max = 0 (GRCs =  0) GRCs =     0 (0.00%)
phase1. V routing: Dmd-Cap  =     0 Max = 0 (GRCs =  0) GRCs =     0 (0.00%)
phase1. Both Dirs: Overflow =     0 Max = 0 GRCs =     0 (0.00%)
phase1. H routing: Overflow =     0 Max = 0 (GRCs =  0) GRCs =     0 (0.00%)
phase1. V routing: Overflow =     0 Max = 0 (GRCs =  0) GRCs =     0 (0.00%)
phase1. M1         Overflow =     0 Max = 0 (GRCs =  0) GRCs =     0 (0.00%)
phase1. M2         Overflow =     0 Max = 0 (GRCs =  0) GRCs =     0 (0.00%)
phase1. M3         Overflow =     0 Max = 0 (GRCs =  0) GRCs =     0 (0.00%)
phase1. M4         Overflow =     0 Max = 0 (GRCs =  0) GRCs =     0 (0.00%)
phase1. M5         Overflow =     0 Max = 0 (GRCs =  0) GRCs =     0 (0.00%)
phase1. M6         Overflow =     0 Max = 0 (GRCs =  0) GRCs =     0 (0.00%)
phase1. M7         Overflow =     0 Max = 0 (GRCs =  0) GRCs =     0 (0.00%)
phase1. M8         Overflow =     0 Max = 0 (GRCs =  0) GRCs =     0 (0.00%)
phase1. M9         Overflow =     0 Max = 0 (GRCs =  0) GRCs =     0 (0.00%)
phase1. MRDL       Overflow =     0 Max = 0 (GRCs =  0) GRCs =     0 (0.00%)

phase1. Total Wire Length = 10948.61
phase1. Layer M1 wire length = 0.00
phase1. Layer M2 wire length = 3847.06
phase1. Layer M3 wire length = 4647.89
phase1. Layer M4 wire length = 2232.51
phase1. Layer M5 wire length = 218.82
phase1. Layer M6 wire length = 2.33
phase1. Layer M7 wire length = 0.00
phase1. Layer M8 wire length = 0.00
phase1. Layer M9 wire length = 0.00
phase1. Layer MRDL wire length = 0.00
phase1. Total Number of Contacts = 8052
phase1. Via VIA1_Base count = 2697
phase1. Via VIA2_Base count = 4825
phase1. Via VIA34SQ_C count = 477
phase1. Via VIA4SQ count = 51
phase1. Via VIA5SQ_C count = 2
phase1. Via VIA67SQ_C count = 0
phase1. Via VIA78SQ_C count = 0
phase1. Via VIA89_C count = 0
phase1. Via VIA9RDL count = 0
phase1. completed.
[End of Whole Chip Routing] Elapsed real time: 0:00:00 
[End of Whole Chip Routing] Elapsed cpu  time: sys=0:00:00 usr=0:00:00 total=0:00:00
[End of Whole Chip Routing] Stage (MB): Used  109  Alloctr  109  Proc   80 
[End of Whole Chip Routing] Total (MB): Used  148  Alloctr  150  Proc 6136 

Congestion utilization per direction:
Average vertical track utilization   =  6.25 %
Peak    vertical track utilization   = 41.67 %
Average horizontal track utilization =  8.11 %
Peak    horizontal track utilization = 46.43 %

[End of Global Routing] Elapsed real time: 0:00:00 
[End of Global Routing] Elapsed cpu  time: sys=0:00:00 usr=0:00:00 total=0:00:00
[End of Global Routing] Stage (MB): Used  107  Alloctr  108  Proc   80 
[End of Global Routing] Total (MB): Used  147  Alloctr  149  Proc 6136 
Updating the database ...
Updating congestion ...
[End of dbOut] Elapsed real time: 0:00:00 
[End of dbOut] Elapsed cpu  time: sys=0:00:00 usr=0:00:00 total=0:00:00
[End of dbOut] Stage (MB): Used  -32  Alloctr  -33  Proc    0 
[End of dbOut] Total (MB): Used   36  Alloctr   37  Proc 6136 
time.estimate_sized_nets true
Doing RDE Capture
Information: Design dut_toplevel has 1623 nets, 1618 global routed, 0 detail routed. (NEX-024)
Information: The stitching and editing of coupling caps is turned OFF for design 'dut_toplevel.dlib:dut_toplevel/placement_and_optimization.design'. (TIM-125)

RDE Information
RDE Design         : dut_toplevel.dlib:dut_toplevel/placement_and_optimization.design
RDE Module         : dut_toplevel
RDE TechName       : minTLU
RDE Version        : 1.90
Product Version    : fc V-2023.12 Nov 23, 2023
No. of Res Corners : 3
No. of Cap Corners : 3
RDE Capture Stage  : NONE
RDE Capture DB     : GR
Max layer ID       : 10
Max via layer ID   : 9
DB1                : 10000
gCell Size         : 2.3375 um
Merge Fanout       : 1
Via Model          : 3
large Gcell Grid   : 0
Disable clock capture       : 1
RDE congestion map          : (-8320, -8320 -> 589320, 396320)
RDE Effort Level            : medium
RDE Layer Length Adjustment : false
RDE from                    : CAPTURE
Using per-layer congestion maps for congestion reduction.
Information: 0.02% of design has horizontal routing density above target_routing_density of 0.80.
Information: 0.34% of design has vertical routing density above target_routing_density of 0.80.
Completed transferring placement data.
Running placement using 12 thread(s)
Information: Enhanced Auto Density Control is used. (PLACE-098)
Information: Enhanced auto density configuration is 13179.
Information: Automatic density control has selected the following settings: max_density 0.65, congestion_driven_max_util 0.89. (PLACE-027)
Information: HFW control 'off' invoked.
coarse place 100% done.
Information: Reducing cell density for 0.0% of the movable cells to alleviate congestion. This changes the average cell density in non-congested areas from 0.720 to 0.720. (PLACE-030)
Completed Timing-driven placement, Elapsed time =   0: 0: 1 
Moved 0 out of 1668 cells, ratio = 0.000000
----------------------------------------------------------------
----------------------------------------------------------------
----------------------------------------------------------------
Running congestion-aware direct-timing-driven placement
Start Timing-driven placement
Information: RDE mode is turned on. (TIM-124)
Information: The stitching and editing of coupling caps is turned OFF for design 'dut_toplevel.dlib:dut_toplevel/placement_and_optimization.design'. (TIM-125)
Corner Scaling is off, multiplier is 1.000000
ORB: timingScenario Normal_Slow timingCorner Slow
INFO: Using corner Fast for worst leakage corner
Using default layer M4
new cutoff lpd: 3.18383e-05
corner scaling: maxCornerId = 3
corner=Fast, tran factor=0.839605 (0.028406 / 0.033833)
corner=Typical, tran factor=0.945497 (0.031989 / 0.033833)
corner=Slow, tran factor=1.000000 (0.033833 / 0.033833)
ORB: Nominal = 0.0056185  Design MT = inf  Target = 0.0338329 (6.022 nominal)  MaxRC = 0.022324
ORB: Fast Target = 0.011791 ( 2.099 nominal )
ORB: stageDelay=0.026139, stageLength=1609839
nplLib: default vr hor dist = 322
nplLib: default vr ver dist = 322
nplLib: default vr buf size = 2
nplLib: default vr buf size = 1

Placement Options:
Effort:                        medium_effort       
Timing Driven:                 true                
Buffering Aware Timing Driven: false               
Seed locs:                     true                
Incremental:                   false               
Congestion:                    true                
Congestion Effort:             medium              
Fix Macros:                    true                
Place Macros:                  false               
Channel Size Macros:           false               

Printing options for 'place.coarse.*' (non-default only)
place.coarse.continue_on_missing_scandef                :	 true                

Information: Activity propagation will be performed for scenario Normal_Typical.
Information: Activity propagation will be performed for scenario PowerSave_Slow.
Information: Doing activity propagation for mode 'Normal' and corner 'Typical' with effort level 'medium'. (POW-024)
Information: Timer-derived activity data is cached on scenario Normal_Typical (POW-052)
Information: Running switching activity propagation with 12 threads!

 **** Information : No. of simulation cycles = 6 ****
Information: Doing activity propagation for mode 'PowerSave' and corner 'Slow' with effort level 'medium'. (POW-024)
Information: Timer-derived activity data is cached on scenario PowerSave_Slow (POW-052)
Information: Running switching activity propagation with 12 threads!

 **** Information : No. of simulation cycles = 6 ****
Information: Propagated activity on scenario PowerSave_Typical identical to that on PowerSave_Slow (POW-006)
Information: Propagated activity on scenario PowerSave_Fast identical to that on PowerSave_Slow (POW-006)
Information: Propagated activity on scenario Normal_Slow identical to that on Normal_Typical (POW-006)
Information: Propagated activity on scenario Normal_Fast identical to that on Normal_Slow (POW-006)
****** eLpp estimated wire length 
6.11399% of the net wire length are clock nets
0% of the clock net wire length has no activity
Clock net wire length: 6.99665e+06
Total net wire length: 1.14437e+08
****** eLpp weights (with caps)
Number of nets: 1620, of which 1608 non-clock nets
Number of nets with 0 toggle rate: 0
Max toggle rate = 0.576191, average toggle rate = 0.010874
Max non-clock toggle rate = 0.0471191
eLpp weight range = (0.00536127, 32.9396)
*** 6 nets are filtered out
Start transferring placement data.
****** Net weight manager: report ******
Weights included: eLpp  Timing  
Number of nets with non-default weights: 1620
Amt power = 0.1
Timing factor = 1
Non-default weight range: (0.804777, 4.09821)
Information: Automatic repeater spreading is enabled.
Information: Automatic timing control is enabled.
checking app option clockgate_objective_weight : none
DTDP placement: scenario=Normal_Slow
Information: The net parasitics of block dut_toplevel are cleared. (TIM-123)
Completed transferring placement data.
Running placement using 12 thread(s)
Information: Enhanced Auto Density Control is used. (PLACE-098)
Information: Enhanced auto density configuration is 13179.
Information: Automatic density control has selected the following settings: max_density 0.65, congestion_driven_max_util 0.89. (PLACE-027)
Information: HFW control 'off' invoked.
coarse place 40% done.
coarse place 60% done.
coarse place 80% done.
coarse place 100% done.
Information: Coarse placer weighted wire length estimate = 1.02238e+08
Information: Extraction observers are detached as design net change threshold is reached.
Warning: No clock routing rules were specified. Use set_clock_routing_rules to specify routing rules for accurate clock latency estimation. (OPT-902)
Warning: No clock routing rules were specified. Use set_clock_routing_rules to specify routing rules for accurate clock latency estimation. (OPT-902)
Information: Estimating clock gate latencies for scenario 'PowerSave_Slow'. (OPT-909)
Warning: No clock routing rules were specified. Use set_clock_routing_rules to specify routing rules for accurate clock latency estimation. (OPT-902)
Information: Estimating clock gate latencies for scenario 'Normal_Slow'. (OPT-909)
Completed Timing-driven placement, Elapsed time =   0: 0: 3 
Moved 1190 out of 1668 cells, ratio = 0.713429
Total displacement = 1803.051636(um)
Max displacement = 6.107500(um), place_optHFSBUF_1833_437 (21.462000, 29.481300, 4) => (16.758301, 29.113501, 2)
Displacement histogram:
  0 ~  10% cells displacement <=      0.38(um)
  0 ~  20% cells displacement <=      0.67(um)
  0 ~  30% cells displacement <=      0.91(um)
  0 ~  40% cells displacement <=      1.10(um)
  0 ~  50% cells displacement <=      1.31(um)
  0 ~  60% cells displacement <=      1.62(um)
  0 ~  70% cells displacement <=      1.89(um)
  0 ~  80% cells displacement <=      2.29(um)
  0 ~  90% cells displacement <=      2.85(um)
  0 ~ 100% cells displacement <=      6.11(um)
----------------------------------------------------------------
Information: Ending   compile_fusion / initial_opto / Timing and Congestion Driven Placement (FLW-8001)
Information: Time: 2025-06-18 12:59:13 / Session:  00:01:23 / Command:  00:01:17 / CPU:  00:03:39 / Memory: 1549 MB (FLW-8100)
Information: CPU Load: 23%, Ram Free: 38 GB, Swap Free: 1 GB, Work Disk Free: 308 GB, Tmp Disk Free: 308 GB (MSG-3995)
Information: Starting compile_fusion / initial_opto / Scan Reordering (FLW-8000)
Information: Time: 2025-06-18 12:59:13 / Session:  00:01:23 / Command:  00:01:17 / CPU:  00:03:39 / Memory: 1549 MB (FLW-8100)
Information: CPU Load: 23%, Ram Free: 38 GB, Swap Free: 1 GB, Work Disk Free: 308 GB, Tmp Disk Free: 308 GB (MSG-3995)
Warning: SCANDEF based Optimization skipped: No ScanDEF chains found. (DFT-1991)
Information: Ending   compile_fusion / initial_opto / Scan Reordering (FLW-8001)
Information: Time: 2025-06-18 12:59:13 / Session:  00:01:23 / Command:  00:01:17 / CPU:  00:03:39 / Memory: 1549 MB (FLW-8100)
Information: CPU Load: 23%, Ram Free: 38 GB, Swap Free: 1 GB, Work Disk Free: 308 GB, Tmp Disk Free: 308 GB (MSG-3995)
COST: WSV 1
Information: Enabling light RDE (FLW-5761)
Information: Enabling light RDE flow Mode (FLW-5761)
Information: The stitching and editing of coupling caps is turned OFF for design 'dut_toplevel.dlib:dut_toplevel/placement_and_optimization.design'. (TIM-125)
Information: Starting compile_fusion / initial_opto / Optimization (2) (FLW-8000)
Information: Time: 2025-06-18 12:59:13 / Session:  00:01:24 / Command:  00:01:17 / CPU:  00:03:40 / Memory: 1549 MB (FLW-8100)
Information: CPU Load: 23%, Ram Free: 38 GB, Swap Free: 1 GB, Work Disk Free: 308 GB, Tmp Disk Free: 308 GB (MSG-3995)
Warning: No clock routing rules were specified. Use set_clock_routing_rules to specify routing rules for accurate clock latency estimation. (OPT-902)
Warning: No clock routing rules were specified. Use set_clock_routing_rules to specify routing rules for accurate clock latency estimation. (OPT-902)
Information: Estimating clock gate latencies for scenario 'PowerSave_Slow'. (OPT-909)
Warning: No clock routing rules were specified. Use set_clock_routing_rules to specify routing rules for accurate clock latency estimation. (OPT-902)
Information: Estimating clock gate latencies for scenario 'Normal_Slow'. (OPT-909)
Information: Ending   compile_fusion / initial_opto / Optimization (2) (FLW-8001)
Information: Time: 2025-06-18 12:59:14 / Session:  00:01:25 / Command:  00:01:18 / CPU:  00:03:42 / Memory: 1549 MB (FLW-8100)
Information: CPU Load: 22%, Ram Free: 38 GB, Swap Free: 1 GB, Work Disk Free: 308 GB, Tmp Disk Free: 308 GB (MSG-3995)
Information: Starting compile_fusion / initial_opto / Scan Synthesis (FLW-8000)
Information: Time: 2025-06-18 12:59:14 / Session:  00:01:25 / Command:  00:01:18 / CPU:  00:03:42 / Memory: 1549 MB (FLW-8100)
Information: CPU Load: 22%, Ram Free: 38 GB, Swap Free: 1 GB, Work Disk Free: 308 GB, Tmp Disk Free: 308 GB (MSG-3995)
Information: Ending   compile_fusion / initial_opto / Scan Synthesis (FLW-8001)
Information: Time: 2025-06-18 12:59:14 / Session:  00:01:25 / Command:  00:01:18 / CPU:  00:03:42 / Memory: 1549 MB (FLW-8100)
Information: CPU Load: 22%, Ram Free: 38 GB, Swap Free: 1 GB, Work Disk Free: 308 GB, Tmp Disk Free: 308 GB (MSG-3995)
Information: Starting compile_fusion / initial_opto / DRC Optimization (FLW-8000)
Information: Time: 2025-06-18 12:59:14 / Session:  00:01:25 / Command:  00:01:18 / CPU:  00:03:42 / Memory: 1549 MB (FLW-8100)
Information: CPU Load: 22%, Ram Free: 38 GB, Swap Free: 1 GB, Work Disk Free: 308 GB, Tmp Disk Free: 308 GB (MSG-3995)
min assign layer = M4
Corner Scaling is off, multiplier is 1.000000
Zbuf-HFS: gathering all scenarios
Information: Initializing classic cellmap without advanced rules enabled and without PDC enabled
Information: The following app options are used in cellmap
        place.legalize.enable_color_aware_placement : false
        place.legalize.use_nll_query_cm : false
        place.legalize.enable_advanced_legalizer : false
        place.legalize.enable_prerouted_net_check : true
        place.legalize.enable_advanced_prerouted_net_check : false
        place.legalize.always_continue : true
        place.legalize.limit_legality_checks : false
        place.common.pnet_aware_density : 1.0000
        place.common.pnet_aware_min_width : 0.0000
        place.common.pnet_aware_layers : {}
        place.common.use_placement_model : false
        place.common.enable_advanced_placement_model : true
        cts.placement.cell_spacing_rule_style : maximum
Warning: Library cell saed14rvt_frame_timing:SAEDRVT14_ISOFSDPQ_PECO_8.frame is missing supply pins. Its power structure cannot be determined. (LGL-050)
Warning: Library cell saed14rvt_frame_timing:SAEDRVT14_DCAP_PV1ECO_12.frame is missing supply pins. Its power structure cannot be determined. (LGL-050)
Total 0.0079 seconds to build cellmap data
INFO: creating 22(r) x 33(c) GridCells YDim 1.8 XDim 1.8
INFO: number of GridCells (0xc2362c00): 726
INFO: creating 22(r) x 33(c) GridCells YDim 1.8 XDim 1.8
INFO: number of GridCells (0xc2362c00): 726
Total 0.0149 seconds to load 1668 cell instances into cellmap, 1190 cells are off site row
Moveable cells: 1190; Application fixed cells: 0; Macro cells: 0; User fixed cells: 478
Average cell width 1.2834, cell height 0.6000, cell area 0.7700 for total 1190 placed and application fixed cells
orb constraints: using power mt scenarios
ORB: timingScenario Normal_Slow timingCorner Slow
INFO: Using corner Fast for worst leakage corner
Using default layer M4
new cutoff lpd: 3.18383e-05
corner scaling: maxCornerId = 3
corner=Fast, tran factor=0.839605 (0.028406 / 0.033833)
corner=Typical, tran factor=0.945497 (0.031989 / 0.033833)
corner=Slow, tran factor=1.000000 (0.033833 / 0.033833)
ORB: Nominal = 0.0056185  Design MT = inf  Target = 0.0338329 (6.022 nominal)  MaxRC = 0.022324
ORB: Fast Target = 0.011791 ( 2.099 nominal )
ORB: stageDelay=0.026139, stageLength=1609839
INFO: Using corner Fast for worst leakage corner
Using default layer M4
new cutoff lpd: 3.18383e-05
corner scaling: maxCornerId = 3
corner=Fast, tran factor=0.839605 (0.028406 / 0.033833)
corner=Typical, tran factor=0.945497 (0.031989 / 0.033833)
corner=Slow, tran factor=1.000000 (0.033833 / 0.033833)
INFO: Using corner Fast for worst leakage corner
Using default layer M4
new cutoff lpd: 3.18383e-05
corner scaling: maxCornerId = 3
corner=Fast, tran factor=0.839605 (0.028406 / 0.033833)
corner=Typical, tran factor=0.945497 (0.031989 / 0.033833)
corner=Slow, tran factor=1.000000 (0.033833 / 0.033833)
INFO: Using corner Fast for worst leakage corner
Using default layer M4
new cutoff lpd: 3.18383e-05
corner scaling: maxCornerId = 3
corner=Fast, tran factor=0.839605 (0.028406 / 0.033833)
corner=Typical, tran factor=0.945497 (0.031989 / 0.033833)
corner=Slow, tran factor=1.000000 (0.033833 / 0.033833)
INFO: Using corner Fast for worst leakage corner
Using default layer M4
new cutoff lpd: 3.18383e-05
corner scaling: maxCornerId = 3
corner=Fast, tran factor=0.839605 (0.028406 / 0.033833)
corner=Typical, tran factor=0.945497 (0.031989 / 0.033833)
corner=Slow, tran factor=1.000000 (0.033833 / 0.033833)
INFO: Using corner Fast for worst leakage corner
Using default layer M4
new cutoff lpd: 3.18383e-05
corner scaling: maxCornerId = 3
corner=Fast, tran factor=0.839605 (0.028406 / 0.033833)
corner=Typical, tran factor=0.945497 (0.031989 / 0.033833)
corner=Slow, tran factor=1.000000 (0.033833 / 0.033833)
INFO: Using corner Fast for worst leakage corner
Using default layer M4
new cutoff lpd: 3.18383e-05
corner scaling: maxCornerId = 3
corner=Fast, tran factor=0.839605 (0.028406 / 0.033833)
corner=Typical, tran factor=0.945497 (0.031989 / 0.033833)
corner=Slow, tran factor=1.000000 (0.033833 / 0.033833)
INFO: Using corner Fast for worst leakage corner
Using default layer M4
new cutoff lpd: 3.18383e-05
corner scaling: maxCornerId = 3
corner=Fast, tran factor=0.839605 (0.028406 / 0.033833)
corner=Typical, tran factor=0.945497 (0.031989 / 0.033833)
corner=Slow, tran factor=1.000000 (0.033833 / 0.033833)
INFO: Using corner Fast for worst leakage corner
Using default layer M4
new cutoff lpd: 3.18383e-05
corner scaling: maxCornerId = 3
corner=Fast, tran factor=0.839605 (0.028406 / 0.033833)
corner=Typical, tran factor=0.945497 (0.031989 / 0.033833)
corner=Slow, tran factor=1.000000 (0.033833 / 0.033833)
INFO: Using corner Fast for worst leakage corner
Using default layer M4
new cutoff lpd: 3.18383e-05
corner scaling: maxCornerId = 3
corner=Fast, tran factor=0.839605 (0.028406 / 0.033833)
corner=Typical, tran factor=0.945497 (0.031989 / 0.033833)
corner=Slow, tran factor=1.000000 (0.033833 / 0.033833)
INFO: Using corner Fast for worst leakage corner
Using default layer M4
new cutoff lpd: 3.18383e-05
corner scaling: maxCornerId = 3
corner=Fast, tran factor=0.839605 (0.028406 / 0.033833)
corner=Typical, tran factor=0.945497 (0.031989 / 0.033833)
corner=Slow, tran factor=1.000000 (0.033833 / 0.033833)
INFO: Using corner Fast for worst leakage corner
Using default layer M4
new cutoff lpd: 3.18383e-05
corner scaling: maxCornerId = 3
corner=Fast, tran factor=0.839605 (0.028406 / 0.033833)
corner=Typical, tran factor=0.945497 (0.031989 / 0.033833)
corner=Slow, tran factor=1.000000 (0.033833 / 0.033833)
Collecting Drivers ...  
Design max_transition = inf
Design max_capacitance = inf
GRE layer bins: None, M4
WINFO: 1620 None; 0 M4; 0 Total
Found 0 buffer-tree drivers
No violators found
WINFO: 1620 None; 0 M4; 0 Total
WINFO: 1620 None; 0 M4; 0 Total
Zbuf-RUNTIME (Hr:Min:Sec)  CPU 0 hr : 0 min : 0.78 sec ELAPSE 0 hr : 0 min : 0.67 sec
Zbuf-RUNTIME         (Min) CPU 0 min ELAPSE 0 min
ZBuf-MEM(max-mem) total 0 K / inuse 0 K
Information: Result of compile_fusion / initial_opto / DRC Optimization (FLW-8500)
Information: Top 10 transition violators after high fanout synthesis (HFS-1000)
Slack     Fanout  Scenario    Driver                                                       

Compile-fusion optimization summary            SETUP-COST    R2R-COST HOLD-COST LDRC-COST          AREA     LEAKAGE     INSTCNT            ELAPSE       MEM
Compile-fusion                                       0.00        0.00         -         0        916.33  35859040.00        1190              0.02      1548
Information: Ending   compile_fusion / initial_opto / DRC Optimization (FLW-8001)
Information: Time: 2025-06-18 12:59:15 / Session:  00:01:26 / Command:  00:01:19 / CPU:  00:03:43 / Memory: 1549 MB (FLW-8100)
Information: CPU Load: 22%, Ram Free: 38 GB, Swap Free: 1 GB, Work Disk Free: 308 GB, Tmp Disk Free: 308 GB (MSG-3995)
Information: Starting compile_fusion / initial_opto / Incremental High Fanout Synthesis (FLW-8000)
Information: Time: 2025-06-18 12:59:15 / Session:  00:01:26 / Command:  00:01:19 / CPU:  00:03:43 / Memory: 1549 MB (FLW-8100)
Information: CPU Load: 22%, Ram Free: 38 GB, Swap Free: 1 GB, Work Disk Free: 308 GB, Tmp Disk Free: 308 GB (MSG-3995)
Isolated 0 ports, skipped 0 ports
Already Isolated 0 ports, Deleted 0 existing Isolation cells 
Information: Initializing classic cellmap without advanced rules enabled and without PDC enabled
Information: The following app options are used in cellmap
        place.legalize.enable_color_aware_placement : false
        place.legalize.use_nll_query_cm : false
        place.legalize.enable_advanced_legalizer : false
        place.legalize.enable_prerouted_net_check : true
        place.legalize.enable_advanced_prerouted_net_check : false
        place.legalize.always_continue : true
        place.legalize.limit_legality_checks : false
        place.common.pnet_aware_density : 1.0000
        place.common.pnet_aware_min_width : 0.0000
        place.common.pnet_aware_layers : {}
        place.common.use_placement_model : false
        place.common.enable_advanced_placement_model : true
        cts.placement.cell_spacing_rule_style : maximum
Warning: Library cell saed14rvt_frame_timing:SAEDRVT14_ISOFSDPQ_PECO_8.frame is missing supply pins. Its power structure cannot be determined. (LGL-050)
Warning: Library cell saed14rvt_frame_timing:SAEDRVT14_DCAP_PV1ECO_12.frame is missing supply pins. Its power structure cannot be determined. (LGL-050)
Total 0.0087 seconds to build cellmap data
INFO: creating 22(r) x 33(c) GridCells YDim 1.8 XDim 1.8
INFO: number of GridCells (0xe484b200): 726
INFO: creating 22(r) x 33(c) GridCells YDim 1.8 XDim 1.8
INFO: number of GridCells (0xe484b200): 726
Total 0.0143 seconds to load 1668 cell instances into cellmap, 1190 cells are off site row
Moveable cells: 1190; Application fixed cells: 0; Macro cells: 0; User fixed cells: 478
Average cell width 1.2834, cell height 0.6000, cell area 0.7700 for total 1190 placed and application fixed cells
Warning: Skipping pin tapfiller!SAEDRVT14_TAPDS!71/VDD. Reason - Power/Ground pin. (OPT-069)
Warning: Skipping pin tapfiller!SAEDRVT14_TAPDS!70/VDD. Reason - Power/Ground pin. (OPT-069)
Warning: Skipping pin tapfiller!SAEDRVT14_TAPDS!69/VDD. Reason - Power/Ground pin. (OPT-069)
Warning: Skipping pin tapfiller!SAEDRVT14_TAPDS!68/VDD. Reason - Power/Ground pin. (OPT-069)
Warning: Skipping pin tapfiller!SAEDRVT14_TAPDS!67/VDD. Reason - Power/Ground pin. (OPT-069)
Warning: Skipping pin tapfiller!SAEDRVT14_TAPDS!66/VDD. Reason - Power/Ground pin. (OPT-069)
Warning: Skipping pin tapfiller!SAEDRVT14_TAPDS!65/VDD. Reason - Power/Ground pin. (OPT-069)
Warning: Skipping pin tapfiller!SAEDRVT14_TAPDS!64/VDD. Reason - Power/Ground pin. (OPT-069)
Warning: Skipping pin tapfiller!SAEDRVT14_TAPDS!63/VDD. Reason - Power/Ground pin. (OPT-069)
Warning: Skipping pin tapfiller!SAEDRVT14_TAPDS!62/VDD. Reason - Power/Ground pin. (OPT-069)
Note - message 'OPT-069' limit (10) exceeded. Remainder will be suppressed.
INFO: total number of constant pins: 667
INFO: constant pins which are scan-pins: 656
INFO: constant pins that are not scan-pins: 11
Information: Ending   compile_fusion / initial_opto / Incremental High Fanout Synthesis (FLW-8001)
Information: Time: 2025-06-18 12:59:15 / Session:  00:01:26 / Command:  00:01:19 / CPU:  00:03:43 / Memory: 1549 MB (FLW-8100)
Information: CPU Load: 22%, Ram Free: 38 GB, Swap Free: 1 GB, Work Disk Free: 308 GB, Tmp Disk Free: 308 GB (MSG-3995)
Information: Starting compile_fusion / initial_opto / Optimization (3) (FLW-8000)
Information: Time: 2025-06-18 12:59:15 / Session:  00:01:26 / Command:  00:01:19 / CPU:  00:03:43 / Memory: 1549 MB (FLW-8100)
Information: CPU Load: 22%, Ram Free: 38 GB, Swap Free: 1 GB, Work Disk Free: 308 GB, Tmp Disk Free: 308 GB (MSG-3995)
Disable clock slack update for ideal clocks
Warning: Restoring scoped app option 'ropt.rbuf_subtree_crit_range' to original value 'unset' (from current value '-1', which is different from the scoped value '-1.0'). (FLW-2892)
Information: Starting compile_fusion / initial_opto / Optimization (3) / Global Sizing and Buffering (FLW-8000)
Information: Time: 2025-06-18 12:59:15 / Session:  00:01:26 / Command:  00:01:19 / CPU:  00:03:43 / Memory: 1549 MB (FLW-8100)
Information: CPU Load: 22%, Ram Free: 38 GB, Swap Free: 1 GB, Work Disk Free: 308 GB, Tmp Disk Free: 308 GB (MSG-3995)
Disable clock slack update for ideal clocks
bmap: stepx = stepy = 30000
creating bmap
DB units per micron : 10000
Warning: Restoring scoped app option 'ropt.rbuf_subtree_crit_range' to original value 'unset' (from current value '-1', which is different from the scoped value '-1.0'). (FLW-2892)
Information: Ending   compile_fusion / initial_opto / Optimization (3) / Global Sizing and Buffering (FLW-8001)
Information: Time: 2025-06-18 12:59:16 / Session:  00:01:26 / Command:  00:01:19 / CPU:  00:03:43 / Memory: 1549 MB (FLW-8100)
Information: CPU Load: 22%, Ram Free: 38 GB, Swap Free: 1 GB, Work Disk Free: 308 GB, Tmp Disk Free: 308 GB (MSG-3995)
Information: Starting compile_fusion / initial_opto / Optimization (3) / Macro Skewing (FLW-8000)
Information: Time: 2025-06-18 12:59:16 / Session:  00:01:26 / Command:  00:01:19 / CPU:  00:03:43 / Memory: 1549 MB (FLW-8100)
Information: CPU Load: 22%, Ram Free: 38 GB, Swap Free: 1 GB, Work Disk Free: 308 GB, Tmp Disk Free: 308 GB (MSG-3995)
Compile-fusion optimization summary            SETUP-COST    R2R-COST HOLD-COST LDRC-COST          AREA     LEAKAGE     INSTCNT            ELAPSE       MEM
Compile-fusion                                       0.00        0.00         -         0        922.68  36179868.00        1203              0.02      1548
Information: Ending   compile_fusion / initial_opto / Optimization (3) / Macro Skewing (FLW-8001)
Information: Time: 2025-06-18 12:59:16 / Session:  00:01:26 / Command:  00:01:19 / CPU:  00:03:44 / Memory: 1549 MB (FLW-8100)
Information: CPU Load: 22%, Ram Free: 38 GB, Swap Free: 1 GB, Work Disk Free: 308 GB, Tmp Disk Free: 308 GB (MSG-3995)
Warning: No clock routing rules were specified. Use set_clock_routing_rules to specify routing rules for accurate clock latency estimation. (OPT-902)
Warning: No clock routing rules were specified. Use set_clock_routing_rules to specify routing rules for accurate clock latency estimation. (OPT-902)
Information: Estimating clock gate latencies for scenario 'PowerSave_Slow'. (OPT-909)
Warning: No clock routing rules were specified. Use set_clock_routing_rules to specify routing rules for accurate clock latency estimation. (OPT-902)
Information: Estimating clock gate latencies for scenario 'Normal_Slow'. (OPT-909)
Compile-fusion optimization summary            SETUP-COST    R2R-COST HOLD-COST LDRC-COST          AREA     LEAKAGE     INSTCNT            ELAPSE       MEM
Compile-fusion                                       0.00        0.00         -         0        922.68  36179868.00        1203              0.02      1548
Information: Result of compile_fusion / initial_opto / Clock Gate Re-structuring (FLW-8500)
--------------------------------------------------------------------------------
|                             Clock Gating Options                             |
--------------------------------------------------------------------------------
|         Objects         |    Minimum Bitwidth     |      Maximum Fanout      |
--------------------------+-------------------------+---------------------------
|   top-level (design)    |          3 (d)          |      Unlimited (d)       |
--------------------------------------------------------------------------------

Number of Pre-Existing Clock Gates with dont touch attribute: 0
Number of ICG library cells with CTS purpose: 19
--------------------------------------------------------------------------------
                          Tool Gated Register Summary                           
--------------------------------------------------------------------------------
Clock Gating Type                   | Number of   | Register Count | Equivalent 
                                    | Clock Gates |                | Bitwidth   
--------------------------------------------------------------------------------
Regular Clock Gating                |          11 |            319 |        319
--------------------------------------------------------------------------------
--------------------------------------------------------------------------------
                 Regular Clock Gating Ungated Register Summary                  
--------------------------------------------------------------------------------
 Ungated Reason                                            | Count | Bitwidth   
--------------------------------------------------------------------------------
 Enable is Constant One.                                   |     2 |        2
 Partial Minimum Bitwidth Not Met.                         |     7 |        7
--------------------------------------------------------------------------------
Warning: No clock routing rules were specified. Use set_clock_routing_rules to specify routing rules for accurate clock latency estimation. (OPT-902)
Warning: No clock routing rules were specified. Use set_clock_routing_rules to specify routing rules for accurate clock latency estimation. (OPT-902)
Information: Estimating clock gate latencies for scenario 'PowerSave_Slow'. (OPT-909)
Warning: No clock routing rules were specified. Use set_clock_routing_rules to specify routing rules for accurate clock latency estimation. (OPT-902)
Information: Estimating clock gate latencies for scenario 'Normal_Slow'. (OPT-909)
Information: Starting compile_fusion / initial_opto / Optimization (3) / Timing Optimization (FLW-8000)
Information: Time: 2025-06-18 12:59:18 / Session:  00:01:28 / Command:  00:01:22 / CPU:  00:03:48 / Memory: 1549 MB (FLW-8100)
Information: CPU Load: 22%, Ram Free: 38 GB, Swap Free: 1 GB, Work Disk Free: 308 GB, Tmp Disk Free: 308 GB (MSG-3995)
Information: Ending   compile_fusion / initial_opto / Optimization (3) / Timing Optimization (FLW-8001)
Information: Time: 2025-06-18 12:59:18 / Session:  00:01:28 / Command:  00:01:22 / CPU:  00:03:48 / Memory: 1549 MB (FLW-8100)
Information: CPU Load: 22%, Ram Free: 38 GB, Swap Free: 1 GB, Work Disk Free: 308 GB, Tmp Disk Free: 308 GB (MSG-3995)
Information: Ending   compile_fusion / initial_opto / Optimization (3) (FLW-8001)
Information: Time: 2025-06-18 12:59:18 / Session:  00:01:28 / Command:  00:01:22 / CPU:  00:03:48 / Memory: 1549 MB (FLW-8100)
Information: CPU Load: 22%, Ram Free: 38 GB, Swap Free: 1 GB, Work Disk Free: 308 GB, Tmp Disk Free: 308 GB (MSG-3995)
Scenario Normal_Fast is cellEm
Scenario PowerSave_Fast is cellEm
Info: update em.
Information: Activity propagation will be performed for scenario Normal_Fast.
Information: Doing activity propagation for mode 'Normal' and corner 'Fast' with effort level 'medium'. (POW-024)
Information: Timer-derived activity data is cached on scenario Normal_Fast (POW-052)
Information: Running switching activity propagation with 12 threads!

 **** Information : No. of simulation cycles = 6 ****
Information: Propagated activity on scenario Normal_Slow identical to that on Normal_Fast (POW-006)
Information: Propagated activity on scenario Normal_Typical identical to that on Normal_Fast (POW-006)
Information: Activity propagation will be performed for scenario PowerSave_Fast.
Information: Doing activity propagation for mode 'PowerSave' and corner 'Fast' with effort level 'medium'. (POW-024)
Information: Timer-derived activity data is cached on scenario PowerSave_Fast (POW-052)
Information: Running switching activity propagation with 12 threads!

 **** Information : No. of simulation cycles = 6 ****
Information: Propagated activity on scenario PowerSave_Slow identical to that on PowerSave_Fast (POW-006)
Information: Propagated activity on scenario PowerSave_Typical identical to that on PowerSave_Fast (POW-006)
Information: Activity for scenario Normal_Fast was cached, no propagation required. (POW-005)
Information: Activity for scenario Normal_Slow was cached, no propagation required. (POW-005)
Information: Activity for scenario Normal_Typical was cached, no propagation required. (POW-005)
Information: Activity for scenario PowerSave_Fast was cached, no propagation required. (POW-005)
Information: Activity for scenario PowerSave_Slow was cached, no propagation required. (POW-005)
Information: Activity for scenario PowerSave_Typical was cached, no propagation required. (POW-005)
CTS Cell EM initialization finished
Scenario Normal_Fast is cellEm
Scenario PowerSave_Fast is cellEm
Info: update em.
Information: Activity for scenario Normal_Fast was cached, no propagation required. (POW-005)
Information: Activity for scenario Normal_Slow was cached, no propagation required. (POW-005)
Information: Activity for scenario Normal_Typical was cached, no propagation required. (POW-005)
Information: Activity for scenario PowerSave_Fast was cached, no propagation required. (POW-005)
CTS Cell EM initialization finished
Warning: No clock routing rules were specified. Use set_clock_routing_rules to specify routing rules for accurate clock latency estimation. (OPT-902)
Warning: No clock routing rules were specified. Use set_clock_routing_rules to specify routing rules for accurate clock latency estimation. (OPT-902)
Information: Estimating clock gate latencies for scenario 'PowerSave_Typical'. (OPT-909)
Warning: No clock routing rules were specified. Use set_clock_routing_rules to specify routing rules for accurate clock latency estimation. (OPT-902)
Information: Estimating clock gate latencies for scenario 'PowerSave_Slow'. (OPT-909)
Warning: No clock routing rules were specified. Use set_clock_routing_rules to specify routing rules for accurate clock latency estimation. (OPT-902)
Information: Estimating clock gate latencies for scenario 'PowerSave_Fast'. (OPT-909)
Warning: No clock routing rules were specified. Use set_clock_routing_rules to specify routing rules for accurate clock latency estimation. (OPT-902)
Information: Estimating clock gate latencies for scenario 'Normal_Typical'. (OPT-909)
Warning: No clock routing rules were specified. Use set_clock_routing_rules to specify routing rules for accurate clock latency estimation. (OPT-902)
Information: Estimating clock gate latencies for scenario 'Normal_Slow'. (OPT-909)
Warning: No clock routing rules were specified. Use set_clock_routing_rules to specify routing rules for accurate clock latency estimation. (OPT-902)
Information: Estimating clock gate latencies for scenario 'Normal_Fast'. (OPT-909)
Information: 2 out of 12 POW-005 messages were not printed due to limit 10 (after 'compile_fusion' at task2.tcl:52) (MSG-3913)
Information: The net parasitics of block dut_toplevel are cleared. (TIM-123)
Information: Timer using 12 threads
Warning: Cannot find any max transition constraint on the design. (OPT-070)
INFO: Leakage Power Aware Optimization Enabled
Information: The automatic clock gate timing flow is activated. Clock latencies set on clock gate cells will be automatically adjusted by an estimate for latency. (CGT-4005)



INFO: Skipping FTB cleanup in end of npo flow.
Enable dominated scenarios
[Tim-Power] Info: Cleared Leakage libCell cache.
Co-efficient Ratio Summary:
4.193421604890  6.578038198934  2.479639202471  7.744187940401  0.485050000353  3.179565833784  5.567214754587  2.894454387461  6.565921217863  9.017937505874  6.714051400933  9.863420198174  6.078232164085  2.744209741123  8.318117004907  9.699225026083
2.464623959709  1.382370246420  9.387184044813  3.142429806669  0.968752789964  6.613180723294  4.146578793224  7.876358918112  2.191135103696  0.963734141094  5.310529043881  3.840441653763  3.750315253169  7.663459242299  6.212203567950  7.759678473967
Warning: By turning on the ropt.skip_final_timing_update app option, you are skipping the full timing update at the end and the final qor printing. Doing so will make all timing values from this point not up-to-date until you run a full timing update!
compile command statistics  CPU=107 sec (0.03 hr) ELAPSED=31 sec (0.01 hr) MEM-PEAK=1.512 GB
[Tim-Power] Info: Cleared Leakage libCell cache.
Information: RDE mode is turned on. (TIM-124)
INFO: compile_fusion is running in balanced flow mode
Warning: Cannot find any max transition constraint on the design. (OPT-070)
INFO: Leakage Power Aware Optimization Enabled
Information: The automatic clock gate timing flow is activated. Clock latencies set on clock gate cells will be automatically adjusted by an estimate for latency. (CGT-4005)
INFO: EarlyGR flow is not enabled.
.INFO: disable CRPR-based timing. 
Information: The stitching and editing of coupling caps is turned OFF for design 'dut_toplevel.dlib:dut_toplevel/placement_and_optimization.design'. (TIM-125)
Number of Site types in the design = 1
Setting up Chip Core
Chip Core shape: (50000 50000) (531000 338000)
Number of VARs = 1
Number of unique PDs = 1
Number of Power Domains = 1
Number of Voltage Areas = 1
Number of supply Nets = 2
Number of used supplies = 0
Blocked VAs: 

Compile-fusion command begin                   CPU:   256 s (  0.07 hr )  ELAPSE:    93 s (  0.03 hr )  MEM-PEAK:  1548 MB
Warning: Cannot find any max transition constraint on the design. (OPT-070)
Information: The stitching and editing of coupling caps is turned OFF for design 'dut_toplevel.dlib:dut_toplevel/placement_and_optimization.design'. (TIM-125)
************************************************************
Timer Settings:
Delay Calculation Style:                   auto
Signal Integrity Analysis:                 disabled
Timing Window Analysis:                    disabled
Advanced Waveform Propagation:             disabled
Variation Type:                            fixed_derate
Clock Reconvergence Pessimism Removal:     disabled
Advanced Receiver Model:                   disabled
LLE:                                       disabled
ML Acceleration:                           off
************************************************************
Info: update em.

Compile-fusion timing update complete          CPU:   257 s (  0.07 hr )  ELAPSE:    93 s (  0.03 hr )  MEM-PEAK:  1548 MB

Compile-fusion initial QoR
__________________________
Scenario Mapping Table
1: Normal_Fast
2: Normal_Slow
3: Normal_Typical
4: PowerSave_Fast
5: PowerSave_Slow
6: PowerSave_Typical

Pathgroup Mapping Table
1: **default**
2: **async_default**
3: **clock_gating_default**
4: **in2reg_default**
5: **reg2out_default**
6: **in2out_default**
7: clk

-------------------------------------------------------------------------------------------------------------------------------------------------------------
PATHGROUP QOR 
-------------------------------------------------------------------------------------------------------------------------------------------------------------
Scene  PG      WNS        TNS    NSV      WHV        THV    NHV
    1   1   0.0000     0.0000      0        -          -      -
    1   2   0.0000     0.0000      0        -          -      -
    1   3   0.0000     0.0000      0        -          -      -
    1   4   0.0000     0.0000      0        -          -      -
    1   5   0.0000     0.0000      0        -          -      -
    1   6   0.0000     0.0000      0        -          -      -
    1   7   0.0000     0.0000      0        -          -      -
    2   1   0.0000     0.0000      0        -          -      -
    2   2   0.0000     0.0000      0        -          -      -
    2   3   0.0000     0.0000      0        -          -      -
    2   4   0.0000     0.0000      0        -          -      -
    2   5   0.0000     0.0000      0        -          -      -
    2   6   0.0000     0.0000      0        -          -      -
    2   7   0.0000     0.0000      0        -          -      -
    3   1   0.0000     0.0000      0        -          -      -
    3   2   0.0000     0.0000      0        -          -      -
    3   3   0.0000     0.0000      0        -          -      -
    3   4   0.0000     0.0000      0        -          -      -
    3   5   0.0000     0.0000      0        -          -      -
    3   6   0.0000     0.0000      0        -          -      -
    3   7   0.0000     0.0000      0        -          -      -
    4   1   0.0000     0.0000      0        -          -      -
    4   2   0.0000     0.0000      0        -          -      -
    4   3   0.0000     0.0000      0        -          -      -
    4   4   0.0000     0.0000      0        -          -      -
    4   5   0.0000     0.0000      0        -          -      -
    4   6   0.0000     0.0000      0        -          -      -
    4   7   0.0000     0.0000      0        -          -      -
    5   1   0.0000     0.0000      0        -          -      -
    5   2   0.0000     0.0000      0        -          -      -
    5   3   0.0000     0.0000      0        -          -      -
    5   4   0.0000     0.0000      0        -          -      -
    5   5   0.0000     0.0000      0        -          -      -
    5   6   0.0000     0.0000      0        -          -      -
    5   7   0.0000     0.0000      0        -          -      -
    6   1   0.0000     0.0000      0        -          -      -
    6   2   0.0000     0.0000      0        -          -      -
    6   3   0.0000     0.0000      0        -          -      -
    6   4   0.0000     0.0000      0        -          -      -
    6   5   0.0000     0.0000      0        -          -      -
    6   6   0.0000     0.0000      0        -          -      -
    6   7   0.0000     0.0000      0        -          -      -
----------------------------------------------------------------------------------------------------------------------------------------------------------------------
SCENARIO QOR 
----------------------------------------------------------------------------------------------------------------------------------------------------------------------
Scene  PG      WNS        TNS   R2RTNS    NSV      WHV        THV    NHV  MaxTrnV   MaxTranC  MaxCapV    Leakage     CellEMV
    1   *   0.0000     0.0000   0.0000      0        -          -      -        0     0.0000        0 35859040.0           0
    2   *   0.0000     0.0000   0.0000      0        -          -      -        0     0.0000        0  18279.855           0
    3   *   0.0000     0.0000   0.0000      0        -          -      -        0     0.0000        0 341428.219           0
    4   *   0.0000     0.0000   0.0000      0        -          -      -        0     0.0000        0 35859040.0           0
    5   *   0.0000     0.0000   0.0000      0        -          -      -        0     0.0000        0  18279.855           0
    6   *   0.0000     0.0000   0.0000      0        -          -      -        0     0.0000        0 341428.219           0
----------------------------------------------------------------------------------------------------------------------------------------------------------------------
DESIGN QOR 
----------------------------------------------------------------------------------------------------------------------------------------------------------------------
Scene  PG      WNS        TNS   R2RTNS    NSV      WHV        THV    NHV  MaxTrnV   MaxTranC  MaxCapV    Leakage         Area    InstCnt     BufCnt     InvCnt     CellEMV
    *   *   0.0000     0.0000   0.0000      0   0.0000     0.0000      0        0     0.0000        0 35859040.0       922.68       1203         14         22           0
----------------------------------------------------------------------------------------------------------------------------------------------------------------------

Compile-fusion initial QoR Summary       WNS        TNS   R2RTNS    NSV      WHV        THV    NHV  MaxTrnV  MaxCapV    Leakage         Area    InstCnt
Compile-fusion initial QoR Summary    0.0000     0.0000   0.0000      0   0.0000     0.0000      0        0        0 35859040.0       922.68       1203
Information: The netlist change observers are disabled for incremental extraction. (TIM-126)
INFO: using 12 threads
Compile-fusion initialization complete         CPU:   275 s (  0.08 hr )  ELAPSE:    95 s (  0.03 hr )  MEM-PEAK:  1548 MB
Compile-fusion optimization summary            SETUP-COST    R2R-COST HOLD-COST LDRC-COST          AREA     LEAKAGE     INSTCNT            ELAPSE       MEM
Warning: Cannot find any max transition constraint on the design. (OPT-070)
Information: The netlist change observers are enabled for incremental extraction. (TIM-127)

Information: Starting compile_fusion / initial_opto / Optimization (4) (FLW-8000)
Information: Time: 2025-06-18 12:59:24 / Session:  00:01:35 / Command:  00:01:28 / CPU:  00:04:27 / Memory: 1549 MB (FLW-8100)
Information: CPU Load: 29%, Ram Free: 38 GB, Swap Free: 1 GB, Work Disk Free: 308 GB, Tmp Disk Free: 308 GB (MSG-3995)

Information: Initializing classic cellmap without advanced rules enabled and without PDC enabled
Information: The following app options are used in cellmap
        place.legalize.enable_color_aware_placement : false
        place.legalize.use_nll_query_cm : false
        place.legalize.enable_advanced_legalizer : false
        place.legalize.enable_prerouted_net_check : false
        place.legalize.enable_advanced_prerouted_net_check : false
        place.legalize.always_continue : true
        place.legalize.limit_legality_checks : false
        place.common.pnet_aware_density : 1.0000
        place.common.pnet_aware_min_width : 0.0000
        place.common.pnet_aware_layers : {}
        place.common.use_placement_model : false
        place.common.enable_advanced_placement_model : true
        cts.placement.cell_spacing_rule_style : maximum
Warning: Library cell saed14rvt_frame_timing:SAEDRVT14_ISOFSDPQ_PECO_8.frame is missing supply pins. Its power structure cannot be determined. (LGL-050)
Warning: Library cell saed14rvt_frame_timing:SAEDRVT14_DCAP_PV1ECO_12.frame is missing supply pins. Its power structure cannot be determined. (LGL-050)
Total 0.0084 seconds to build cellmap data
INFO: creating 22(r) x 33(c) GridCells YDim 1.8 XDim 1.8
INFO: number of GridCells (0xb8a215c0): 726
INFO: creating 22(r) x 33(c) GridCells YDim 1.8 XDim 1.8
INFO: number of GridCells (0xb8a215c0): 726
Total 0.0146 seconds to load 1681 cell instances into cellmap, 1190 cells are off site row
Moveable cells: 1203; Application fixed cells: 0; Macro cells: 0; User fixed cells: 478
Average cell width 1.2783, cell height 0.6000, cell area 0.7670 for total 1203 placed and application fixed cells
Compile-fusion optimization Phase 3 Iter  1          0.00        0.00      0.00         -        922.68  35859040.00        1203              0.03      1548
INFO: New Levelizer turned on

Disable clock slack update for ideal clocks
Compile-fusion optimization Phase 4 Iter  1          0.00        0.00      0.00         -        912.38  33914524.00        1203              0.03      1548
INFO: cellmap features:  adv-rules=(N), pdc=(N), clock-rules=(Y)

Information: Ending   compile_fusion / initial_opto / Optimization (4) (FLW-8001)
Information: Time: 2025-06-18 12:59:25 / Session:  00:01:36 / Command:  00:01:29 / CPU:  00:04:34 / Memory: 1549 MB (FLW-8100)
Information: CPU Load: 27%, Ram Free: 38 GB, Swap Free: 1 GB, Work Disk Free: 308 GB, Tmp Disk Free: 308 GB (MSG-3995)

Information: Starting compile_fusion / initial_opto / Legalization (FLW-8000)
Information: Time: 2025-06-18 12:59:25 / Session:  00:01:36 / Command:  00:01:29 / CPU:  00:04:34 / Memory: 1549 MB (FLW-8100)
Information: CPU Load: 27%, Ram Free: 38 GB, Swap Free: 1 GB, Work Disk Free: 308 GB, Tmp Disk Free: 308 GB (MSG-3995)
nplDplc2Placer::setParam(effort,1)
nplDplc2Placer::setParam(debug,0)
nplDplc2Placer::setParam(site_check,2)
nplDplc2Placer::setParam(app_firm_wgt,0)

Legalizing Top Level Design dut_toplevel ... 
Information: Initializing classic cellmap without advanced rules enabled and without PDC enabled
Information: The following app options are used in cellmap
        place.legalize.enable_color_aware_placement : false
        place.legalize.use_nll_query_cm : false
        place.legalize.enable_advanced_legalizer : false
        place.legalize.enable_prerouted_net_check : false
        place.legalize.enable_advanced_prerouted_net_check : false
        place.legalize.always_continue : true
        place.legalize.limit_legality_checks : false
        place.common.pnet_aware_density : 1.0000
        place.common.pnet_aware_min_width : 0.0000
        place.common.pnet_aware_layers : {}
        place.common.use_placement_model : false
        place.common.enable_advanced_placement_model : true
        cts.placement.cell_spacing_rule_style : maximum
Warning: Library cell saed14rvt_frame_timing:SAEDRVT14_ISOFSDPQ_PECO_8.frame is missing supply pins. Its power structure cannot be determined. (LGL-050)
Warning: Library cell saed14rvt_frame_timing:SAEDRVT14_DCAP_PV1ECO_12.frame is missing supply pins. Its power structure cannot be determined. (LGL-050)
Total 0.0077 seconds to build cellmap data
=====> Processed 79 ref cells (23 fillers) from library

Bounds/Regions In This Design:
        Area    Num Cells  Exclusive Name
 (square um)
     1385.28         1681        Yes DEFAULT_VA

Warning: max_legality_failures=5000 ignored.
	To use it, set limit_legality_checks to true.
Warning: max_legality_check_range=500 ignored.
	To use it, set limit_legality_checks to true.
Starting legalizer.
Warning: Exclusive bound 'DEFAULT' has no cells.
Optimizing Exclusive Bound 'DEFAULT_VA' (2/2)
    Done Exclusive Bound 'DEFAULT_VA' (2/2) (0 sec)
Legalization complete (0 total sec)

****************************************
  Report : Placement Attempts
  Site   : unit
****************************************

number of cells:                   1681
number of references:                79
number of site rows:                 48
number of locations attempted:    29098
number of locations failed:           0  (0.0%)

Legality of references at locations:
0 references had failures.

Legality of references in rows:
0 references had row failures.

****************************************
  Report : Cell Displacements
****************************************

number of cells aggregated:        1203 (20548 total sites)
avg row height over cells:        0.600 um
rms cell displacement:            0.220 um ( 0.37 row height)
rms weighted cell displacement:   0.220 um ( 0.37 row height)
max cell displacement:            1.202 um ( 2.00 row height)
avg cell displacement:            0.163 um ( 0.27 row height)
avg weighted cell displacement:   0.163 um ( 0.27 row height)
number of cells moved:             1069
number of large displacements:        0
large displacement threshold:     3.000 row height

Displacements of worst 10 cells:
Cell: math_wrapper_INST/out_data_r_reg[21] (SAEDRVT14_FSDPRBQ_V2_0P5)
  Input location: (13.954,24.2)
  Legal location: (14.028,23)
  Displacement:   1.202 um ( 2.00 row height)
Cell: math_wrapper_INST/out_data_r_reg[22] (SAEDRVT14_FSDPRBQ_V2_0P5)
  Input location: (14.028,25.4)
  Legal location: (14.028,24.2)
  Displacement:   1.200 um ( 2.00 row height)
Cell: ctmi_2169 (SAEDRVT14_AO22_0P5)
  Input location: (15.6035,14.3429)
  Legal location: (15.878,15.2)
  Displacement:   0.900 um ( 1.50 row height)
Cell: place_optoptlc_469 (SAEDRVT14_TIE0_4)
  Input location: (7.664,28.4)
  Legal location: (8.33,27.8)
  Displacement:   0.896 um ( 1.49 row height)
Cell: math_wrapper_INST/out_data_r_reg[35] (SAEDRVT14_FSDPRBQ_V2_0P5)
  Input location: (12.03,21.2)
  Legal location: (11.142,21.2)
  Displacement:   0.888 um ( 1.48 row height)
Cell: dut_fifo_INST/fifo_data_r_reg[1][19] (SAEDRVT14_FSDPRBQ_V2_0P5)
  Input location: (14.8161,15.2418)
  Legal location: (14.25,14.6)
  Displacement:   0.856 um ( 1.43 row height)
Cell: ctmi_2212 (SAEDRVT14_AO221_0P5)
  Input location: (15.0595,31.9817)
  Legal location: (15.878,32)
  Displacement:   0.819 um ( 1.36 row height)
Cell: ctmi_2194 (SAEDRVT14_AO221_0P5)
  Input location: (5.898,27.6449)
  Legal location: (5.888,28.4)
  Displacement:   0.755 um ( 1.26 row height)
Cell: DP_OP_33_12155_941_J1/U_750 (SAEDRVT14_ADDF_V1_0P5)
  Input location: (14.0118,21.1283)
  Legal location: (13.288,21.2)
  Displacement:   0.727 um ( 1.21 row height)
Cell: DP_OP_33_12155_941_J1/U_745 (SAEDRVT14_ADDF_V1_0P5)
  Input location: (15.4571,22.9894)
  Legal location: (15.878,22.4)
  Displacement:   0.724 um ( 1.21 row height)

Information: Extraction observers are detached as design net change threshold is reached.
Information: The net parasitics of block dut_toplevel are cleared. (TIM-123)
Information: Ending   compile_fusion / initial_opto / Legalization (FLW-8001)
Information: Time: 2025-06-18 12:59:26 / Session:  00:01:36 / Command:  00:01:29 / CPU:  00:04:35 / Memory: 1549 MB (FLW-8100)
Information: CPU Load: 27%, Ram Free: 38 GB, Swap Free: 1 GB, Work Disk Free: 308 GB, Tmp Disk Free: 308 GB (MSG-3995)
Information: The stitching and editing of coupling caps is turned OFF for design 'dut_toplevel.dlib:dut_toplevel/placement_and_optimization.design'. (TIM-125)

Compile-fusion optimization Phase 7 Iter  1          0.00        0.00      0.00         0        912.33  33369948.00        1203              0.03      1548
Warning: No clock routing rules were specified. Use set_clock_routing_rules to specify routing rules for accurate clock latency estimation. (OPT-902)
Warning: No clock routing rules were specified. Use set_clock_routing_rules to specify routing rules for accurate clock latency estimation. (OPT-902)
Information: Estimating clock gate latencies for scenario 'PowerSave_Typical'. (OPT-909)
Warning: No clock routing rules were specified. Use set_clock_routing_rules to specify routing rules for accurate clock latency estimation. (OPT-902)
Information: Estimating clock gate latencies for scenario 'PowerSave_Slow'. (OPT-909)
Warning: No clock routing rules were specified. Use set_clock_routing_rules to specify routing rules for accurate clock latency estimation. (OPT-902)
Information: Estimating clock gate latencies for scenario 'PowerSave_Fast'. (OPT-909)
Warning: No clock routing rules were specified. Use set_clock_routing_rules to specify routing rules for accurate clock latency estimation. (OPT-902)
Information: Estimating clock gate latencies for scenario 'Normal_Typical'. (OPT-909)
Warning: No clock routing rules were specified. Use set_clock_routing_rules to specify routing rules for accurate clock latency estimation. (OPT-902)
Information: Estimating clock gate latencies for scenario 'Normal_Slow'. (OPT-909)
Warning: No clock routing rules were specified. Use set_clock_routing_rules to specify routing rules for accurate clock latency estimation. (OPT-902)
Information: Estimating clock gate latencies for scenario 'Normal_Fast'. (OPT-909)

Information: Starting compile_fusion / initial_opto / Optimization (5) (FLW-8000)
Information: Time: 2025-06-18 12:59:27 / Session:  00:01:38 / Command:  00:01:31 / CPU:  00:04:41 / Memory: 1549 MB (FLW-8100)
Information: CPU Load: 27%, Ram Free: 38 GB, Swap Free: 1 GB, Work Disk Free: 308 GB, Tmp Disk Free: 308 GB (MSG-3995)

Information: Initializing classic cellmap without advanced rules enabled and without PDC enabled
Information: The following app options are used in cellmap
        place.legalize.enable_color_aware_placement : false
        place.legalize.use_nll_query_cm : false
        place.legalize.enable_advanced_legalizer : false
        place.legalize.enable_prerouted_net_check : false
        place.legalize.enable_advanced_prerouted_net_check : false
        place.legalize.always_continue : true
        place.legalize.limit_legality_checks : false
        place.common.pnet_aware_density : 1.0000
        place.common.pnet_aware_min_width : 0.0000
        place.common.pnet_aware_layers : {}
        place.common.use_placement_model : false
        place.common.enable_advanced_placement_model : true
        cts.placement.cell_spacing_rule_style : maximum
Warning: Library cell saed14rvt_frame_timing:SAEDRVT14_ISOFSDPQ_PECO_8.frame is missing supply pins. Its power structure cannot be determined. (LGL-050)
Warning: Library cell saed14rvt_frame_timing:SAEDRVT14_DCAP_PV1ECO_12.frame is missing supply pins. Its power structure cannot be determined. (LGL-050)
Total 0.0092 seconds to build cellmap data
INFO: creating 22(r) x 33(c) GridCells YDim 1.8 XDim 1.8
INFO: number of GridCells (0xe30e00c0): 726
INFO: creating 22(r) x 33(c) GridCells YDim 1.8 XDim 1.8
INFO: number of GridCells (0xe30e00c0): 726
Total 0.0158 seconds to load 1681 cell instances into cellmap
Moveable cells: 1203; Application fixed cells: 0; Macro cells: 0; User fixed cells: 478
Average cell width 1.2640, cell height 0.6000, cell area 0.7584 for total 1203 placed and application fixed cells
Compile-fusion optimization Phase 9 Iter  1          0.00        0.00      0.00         0        912.33  33369948.00        1203              0.03      1548
INFO: total number of constant pins: 667
INFO: constant pins which are scan-pins: 656
INFO: constant pins that are not scan-pins: 11

Compile-fusion optimization Phase 10 Iter  1         0.00        0.00      0.00         0        918.19  33690500.00        1215              0.03      1548
Isolated 0 ports, skipped 0 ports
Already Isolated 0 ports, Deleted 0 existing Isolation cells 

Compile-fusion optimization Phase 11 Iter  1         0.00        0.00      0.00         0        918.19  33690500.00        1215              0.03      1548
INFO: Advanced Scenario Reduction (ASR) enabled.


Compile-fusion optimization Phase 13 Iter  1         0.00        0.00      0.00         0        918.19  33690500.00        1215              0.03      1548

Compile-fusion optimization Phase 14 Iter  1         0.00        0.00      0.00         0        918.19  33690500.00        1215              0.03      1548
Number of Site types in the design = 1
INFO: Skipping activation of hold scenarios prior to CUS.
CCD app option: ccd.targeted_ccd_path_groups:  **clock_gating_default**
Target path group: scenario Normal_Fast pathgroup **clock_gating_default**
Target path group: scenario Normal_Slow pathgroup **clock_gating_default**
Target path group: scenario Normal_Typical pathgroup **clock_gating_default**
Target path group: scenario PowerSave_Fast pathgroup **clock_gating_default**
Target path group: scenario PowerSave_Slow pathgroup **clock_gating_default**
Target path group: scenario PowerSave_Typical pathgroup **clock_gating_default**
Information: CCD will use corner Slow for honoring max prepone/postpone limits

Summary of messages during CTS:
===============================================================
  Tag   Count  Type           Description
---------------------------------------------------------------
 No error or warning message.
Warning: No clock routing rules were specified. Use set_clock_routing_rules to specify routing rules for accurate clock latency estimation. (OPT-902)
Warning: No clock routing rules were specified. Use set_clock_routing_rules to specify routing rules for accurate clock latency estimation. (OPT-902)
Information: Estimating clock gate latencies for scenario 'PowerSave_Typical'. (OPT-909)
Warning: No clock routing rules were specified. Use set_clock_routing_rules to specify routing rules for accurate clock latency estimation. (OPT-902)
Information: Estimating clock gate latencies for scenario 'PowerSave_Slow'. (OPT-909)
Warning: No clock routing rules were specified. Use set_clock_routing_rules to specify routing rules for accurate clock latency estimation. (OPT-902)
Information: Estimating clock gate latencies for scenario 'PowerSave_Fast'. (OPT-909)
Warning: No clock routing rules were specified. Use set_clock_routing_rules to specify routing rules for accurate clock latency estimation. (OPT-902)
Information: Estimating clock gate latencies for scenario 'Normal_Typical'. (OPT-909)
Warning: No clock routing rules were specified. Use set_clock_routing_rules to specify routing rules for accurate clock latency estimation. (OPT-902)
Information: Estimating clock gate latencies for scenario 'Normal_Slow'. (OPT-909)
Warning: No clock routing rules were specified. Use set_clock_routing_rules to specify routing rules for accurate clock latency estimation. (OPT-902)
Information: Estimating clock gate latencies for scenario 'Normal_Fast'. (OPT-909)
INFO: Skipping deactivation of hold scenarios after CUS.
Number of Site types in the design = 1
Compile-fusion optimization Phase 14 Iter  2         0.00        0.00      0.00         0        918.19  33690500.00        1215              0.03      1548
Compile-fusion optimization Phase 14 Iter  3         0.00        0.00      0.00         0        918.19  33690500.00        1215              0.03      1548
Compile-fusion optimization Phase 14 Iter  4         0.00        0.00      0.00         0        918.19  33690500.00        1215              0.03      1548
Compile-fusion optimization Phase 14 Iter  5         0.00        0.00      0.00         0        918.19  33690500.00        1215              0.03      1548
Corner Scaling is off, multiplier is 1.000000
Using default layer M4
new cutoff lpd: 3.18383e-05
corner scaling: maxCornerId = 3
corner=Fast, tran factor=0.839605 (0.028406 / 0.033833)
corner=Typical, tran factor=0.945497 (0.031989 / 0.033833)
corner=Slow, tran factor=1.000000 (0.033833 / 0.033833)
bmap: stepx = stepy = 30000
creating bmap
DB units per micron : 10000
Compile-fusion optimization Phase 14 Iter  6         0.00        0.00      0.00         0        918.28  33692340.00        1215              0.03      1548
Compile-fusion optimization Phase 14 Iter  7         0.00        0.00      0.00         0        918.28  33692340.00        1215              0.03      1548

Disable clock slack update for ideal clocks
Warning: Restoring scoped app option 'ropt.rbuf_subtree_crit_range' to original value 'unset' (from current value '-1', which is different from the scoped value '-1.0'). (FLW-2892)
Disable clock slack update for ideal clocks
Warning: Restoring scoped app option 'ropt.rbuf_subtree_crit_range' to original value 'unset' (from current value '-1', which is different from the scoped value '-1.0'). (FLW-2892)

Disable clock slack update for ideal clocks
Compile-fusion optimization Phase 16 Iter  1         0.00        0.00      0.00         0        918.28  33692340.00        1215              0.03      1548
INFO: cellmap features:  adv-rules=(N), pdc=(N), clock-rules=(Y)

Compile-fusion optimization Phase 17 Iter  1         0.00        0.00      0.00         0        918.28  33692340.00        1215              0.03      1548
INFO: New Levelizer turned on
Layer Demotion Info:
Bin                       OptDist       MinLen      BeforeCount       AfterCount        Diff
-----------------------------------------------------------------------------------------
None                         89.5          0.0             1645             1645           0
M4                           99.9          9.0                0                0           0
-----------------------------------------------------------------------------------------
Total Demoted Nets:             0


Information: Skipping dirty design check since timing is met or no cells in design
Compile-fusion optimization Phase 18 Iter  1         0.00        0.00      0.00         0        918.28  33692340.00        1215              0.03      1548
Number of Site types in the design = 1
INFO: Skipping activation of hold scenarios prior to CUS.
CCD app option: ccd.targeted_ccd_path_groups:  **clock_gating_default**
Target path group: scenario Normal_Fast pathgroup **clock_gating_default**
Target path group: scenario Normal_Slow pathgroup **clock_gating_default**
Target path group: scenario Normal_Typical pathgroup **clock_gating_default**
Target path group: scenario PowerSave_Fast pathgroup **clock_gating_default**
Target path group: scenario PowerSave_Slow pathgroup **clock_gating_default**
Target path group: scenario PowerSave_Typical pathgroup **clock_gating_default**
Information: CCD will use corner Slow for honoring max prepone/postpone limits

Summary of messages during CTS:
===============================================================
  Tag   Count  Type           Description
---------------------------------------------------------------
 No error or warning message.
Warning: No clock routing rules were specified. Use set_clock_routing_rules to specify routing rules for accurate clock latency estimation. (OPT-902)
Warning: No clock routing rules were specified. Use set_clock_routing_rules to specify routing rules for accurate clock latency estimation. (OPT-902)
Information: Estimating clock gate latencies for scenario 'PowerSave_Typical'. (OPT-909)
Warning: No clock routing rules were specified. Use set_clock_routing_rules to specify routing rules for accurate clock latency estimation. (OPT-902)
Information: Estimating clock gate latencies for scenario 'PowerSave_Slow'. (OPT-909)
Warning: No clock routing rules were specified. Use set_clock_routing_rules to specify routing rules for accurate clock latency estimation. (OPT-902)
Information: Estimating clock gate latencies for scenario 'PowerSave_Fast'. (OPT-909)
Warning: No clock routing rules were specified. Use set_clock_routing_rules to specify routing rules for accurate clock latency estimation. (OPT-902)
Information: Estimating clock gate latencies for scenario 'Normal_Typical'. (OPT-909)
Warning: No clock routing rules were specified. Use set_clock_routing_rules to specify routing rules for accurate clock latency estimation. (OPT-902)
Information: Estimating clock gate latencies for scenario 'Normal_Slow'. (OPT-909)
Warning: No clock routing rules were specified. Use set_clock_routing_rules to specify routing rules for accurate clock latency estimation. (OPT-902)
Information: Estimating clock gate latencies for scenario 'Normal_Fast'. (OPT-909)
INFO: Skipping deactivation of hold scenarios after CUS.
Number of Site types in the design = 1
Compile-fusion optimization Phase 18 Iter  2         0.00        0.00      0.00         0        918.28  33692340.00        1215              0.03      1548
Compile-fusion optimization summary            SETUP-COST    R2R-COST HOLD-COST LDRC-COST          AREA     LEAKAGE     INSTCNT            ELAPSE       MEM
Compile-fusion optimization Phase 18 Iter  3         0.00        0.00      0.00         0        918.28  33692340.00        1215              0.03      1548
Compile-fusion optimization Phase 18 Iter  4         0.00        0.00      0.00         0        918.28  33692340.00        1215              0.03      1548
Compile-fusion optimization Phase 18 Iter  5         0.00        0.00      0.00         0        918.28  33692340.00        1215              0.03      1548
Compile-fusion optimization Phase 18 Iter  6         0.00        0.00      0.00         0        918.28  33692340.00        1215              0.03      1548
Compile-fusion optimization Phase 18 Iter  7         0.00        0.00      0.00         0        918.28  33692340.00        1215              0.03      1548
Compile-fusion optimization Phase 18 Iter  8         0.00        0.00      0.00         0        918.28  33692340.00        1215              0.03      1548
Compile-fusion optimization Phase 18 Iter  9         0.00        0.00      0.00         0        918.28  33692340.00        1215              0.03      1548
Compile-fusion optimization Phase 18 Iter 10         0.00        0.00      0.00         0        918.28  33692340.00        1215              0.03      1548
Compile-fusion optimization Phase 18 Iter 11         0.00        0.00      0.00         0        918.28  33692340.00        1215              0.03      1548
Number of Site types in the design = 1
INFO: Skipping activation of hold scenarios prior to CUS.
CCD app option: ccd.targeted_ccd_path_groups:  **clock_gating_default**
Target path group: scenario Normal_Fast pathgroup **clock_gating_default**
Target path group: scenario Normal_Slow pathgroup **clock_gating_default**
Target path group: scenario Normal_Typical pathgroup **clock_gating_default**
Target path group: scenario PowerSave_Fast pathgroup **clock_gating_default**
Target path group: scenario PowerSave_Slow pathgroup **clock_gating_default**
Target path group: scenario PowerSave_Typical pathgroup **clock_gating_default**
Information: CCD will use corner Slow for honoring max prepone/postpone limits

Summary of messages during CTS:
===============================================================
  Tag   Count  Type           Description
---------------------------------------------------------------
 No error or warning message.
Warning: No clock routing rules were specified. Use set_clock_routing_rules to specify routing rules for accurate clock latency estimation. (OPT-902)
Warning: No clock routing rules were specified. Use set_clock_routing_rules to specify routing rules for accurate clock latency estimation. (OPT-902)
Information: Estimating clock gate latencies for scenario 'PowerSave_Typical'. (OPT-909)
Warning: No clock routing rules were specified. Use set_clock_routing_rules to specify routing rules for accurate clock latency estimation. (OPT-902)
Information: Estimating clock gate latencies for scenario 'PowerSave_Slow'. (OPT-909)
Warning: No clock routing rules were specified. Use set_clock_routing_rules to specify routing rules for accurate clock latency estimation. (OPT-902)
Information: Estimating clock gate latencies for scenario 'PowerSave_Fast'. (OPT-909)
Warning: No clock routing rules were specified. Use set_clock_routing_rules to specify routing rules for accurate clock latency estimation. (OPT-902)
Information: Estimating clock gate latencies for scenario 'Normal_Typical'. (OPT-909)
Warning: No clock routing rules were specified. Use set_clock_routing_rules to specify routing rules for accurate clock latency estimation. (OPT-902)
Information: Estimating clock gate latencies for scenario 'Normal_Slow'. (OPT-909)
Warning: No clock routing rules were specified. Use set_clock_routing_rules to specify routing rules for accurate clock latency estimation. (OPT-902)
Information: Estimating clock gate latencies for scenario 'Normal_Fast'. (OPT-909)
INFO: Skipping deactivation of hold scenarios after CUS.
Number of Site types in the design = 1
Compile-fusion optimization Phase 18 Iter 12         0.00        0.00      0.00         0        918.28  33692340.00        1215              0.03      1548
Corner Scaling is off, multiplier is 1.000000
Using default layer M4
new cutoff lpd: 3.18383e-05
corner scaling: maxCornerId = 3
corner=Fast, tran factor=0.839605 (0.028406 / 0.033833)
corner=Typical, tran factor=0.945497 (0.031989 / 0.033833)
corner=Slow, tran factor=1.000000 (0.033833 / 0.033833)
bmap: stepx = stepy = 30000
creating bmap
DB units per micron : 10000
Compile-fusion optimization Phase 18 Iter 13         0.00        0.00      0.00         0        918.28  33692340.00        1215              0.03      1548
Compile-fusion optimization Phase 18 Iter 14         0.00        0.00      0.00         0        918.28  33692340.00        1215              0.03      1548
Compile-fusion optimization Phase 18 Iter 15         0.00        0.00      0.00         0        918.28  33692340.00        1215              0.03      1548
Compile-fusion optimization Phase 18 Iter 16         0.00        0.00      0.00         0        918.28  33692340.00        1215              0.03      1548
Compile-fusion optimization Phase 18 Iter 17         0.00        0.00      0.00         0        918.28  33692340.00        1215              0.03      1548
Compile-fusion optimization Phase 18 Iter 18         0.00        0.00      0.00         0        918.28  33692340.00        1215              0.03      1548
Compile-fusion optimization Phase 18 Iter 19         0.00        0.00      0.00         0        918.28  33692340.00        1215              0.03      1548
Compile-fusion optimization Phase 18 Iter 20         0.00        0.00      0.00         0        918.28  33692340.00        1215              0.03      1548
Compile-fusion optimization Phase 18 Iter 21         0.00        0.00      0.00         0        918.28  33692340.00        1215              0.03      1548
Compile-fusion optimization Phase 18 Iter 22         0.00        0.00      0.00         0        918.28  33692340.00        1215              0.03      1548
Compile-fusion optimization Phase 18 Iter 23         0.00        0.00      0.00         0        918.28  33692340.00        1215              0.03      1548
Compile-fusion optimization Phase 18 Iter 24         0.00        0.00      0.00         0        918.28  33692340.00        1215              0.03      1548
Compile-fusion optimization Phase 18 Iter 25         0.00        0.00      0.00         0        918.28  33692340.00        1215              0.03      1548

Compile-fusion optimization Phase 19 Iter  1         0.00        0.00      0.00         0        918.28  33692340.00        1215              0.03      1548

Compile-fusion optimization Phase 20 Iter  1         0.00        0.00      0.00         0        918.28  33692340.00        1215              0.03      1548
INFO: New Levelizer turned on
Compile-fusion optimization Phase 20 Iter  2         0.00        0.00      0.00         0        918.19  33683044.00        1215              0.03      1548
INFO: New Levelizer turned on

Disable clock slack update for ideal clocks
Compile-fusion optimization Phase 21 Iter  1         0.00        0.00      0.00         0        918.15  33675516.00        1215              0.03      1548
INFO: cellmap features:  adv-rules=(N), pdc=(N), clock-rules=(Y)

Compile-fusion optimization Phase 22 Iter  1         0.00        0.00      0.00         0        918.10  33667968.00        1215              0.03      1548
Warning: Restoring scoped app option 'xform.commit_density_threshold' to original value 'unset' (from current value '1.1', which is different from the scoped value '1.100000'). (FLW-2892)
Warning: Restoring scoped app option 'ropt.rutil_density_threshold' to original value 'unset' (from current value '1.1', which is different from the scoped value '1.100000'). (FLW-2892)
Warning: Restoring scoped app option 'opt.internal.levfilter_arec_slack' to original value 'unset' (from current value '-1', which is different from the scoped value '-1.0'). (FLW-2892)

Disable clock slack update for ideal clocks
Compile-fusion optimization Phase 23 Iter  1         0.00        0.00      0.00         0        918.10  33667968.00        1215              0.03      1548
INFO: cellmap features:  adv-rules=(N), pdc=(N), clock-rules=(Y)

Compile-fusion optimization summary            SETUP-COST    R2R-COST HOLD-COST LDRC-COST          AREA     LEAKAGE     INSTCNT            ELAPSE       MEM
Compile-fusion optimization Phase 24 Iter  1         0.00        0.00      0.00         0        918.10  33660352.00        1215              0.03      1548
ISR-INFO:  Running path margin based recovery (target = 0.0000, multiplier = 0.7000, mode = 0)
INFO: New Levelizer turned on
Knee-Processing :  cumEst: 0.00046234 cumPct:    83.61 estdown: 0.00009066 cumUp:   45 numDown:  199 status= valid
Knee-Processing :  cumEst: 0.00055268 cumPct:    99.94 estdown: 0.00000032 cumUp:   98 numDown:  146 status= valid
Knee-Processing :  cumEst: 0.00055300 cumPct:   100.00 estdown: 0.00000000 cumUp:  830 numDown:    0 status= valid


Compile-fusion optimization Phase 26 Iter  1         0.00        0.00      0.00         0        918.10  33660352.00        1215              0.03      1548
LAO is disable, refresh para
Information: The net parasitics of block dut_toplevel are cleared. (TIM-123)
Information: The stitching and editing of coupling caps is turned OFF for design 'dut_toplevel.dlib:dut_toplevel/placement_and_optimization.design'. (TIM-125)

Compile-fusion optimization Phase 27 Iter  1         0.00        0.00      0.00         0        918.10  33660352.00        1215              0.03      1548
INFO: New Levelizer turned on
Layer Demotion Info:
Bin                       OptDist       MinLen      BeforeCount       AfterCount        Diff
-----------------------------------------------------------------------------------------
None                         89.5          0.0             1645             1645           0
M4                           99.9          9.0                0                0           0
-----------------------------------------------------------------------------------------
Total Demoted Nets:             0


Compile-fusion optimization Phase 28 Iter  1         0.00        0.00      0.00         0        918.10  33660352.00        1215              0.03      1548

Compile-fusion optimization Phase 29 Iter  1         0.00        0.00      0.00         0        918.10  33660352.00        1215              0.03      1548
Compile-fusion optimization Phase 29 Iter  2         0.00        0.00      0.00         0        918.10  33660352.00        1215              0.03      1548
Compile-fusion optimization Phase 29 Iter  3         0.00        0.00      0.00         0        918.10  33660352.00        1215              0.03      1548
Compile-fusion optimization Phase 29 Iter  4         0.00        0.00      0.00         0        918.10  33660352.00        1215              0.03      1548
Compile-fusion optimization Phase 29 Iter  5         0.00        0.00      0.00         0        918.10  33660352.00        1215              0.03      1548
Compile-fusion optimization Phase 29 Iter  6         0.00        0.00      0.00         0        918.10  33660352.00        1215              0.03      1548
Compile-fusion optimization Phase 29 Iter  7         0.00        0.00      0.00         0        918.10  33660352.00        1215              0.03      1548
Compile-fusion optimization Phase 29 Iter  8         0.00        0.00      0.00         0        918.10  33660352.00        1215              0.03      1548
Compile-fusion optimization Phase 29 Iter  9         0.00        0.00      0.00         0        918.10  33660352.00        1215              0.03      1548
Compile-fusion optimization Phase 29 Iter 10         0.00        0.00      0.00         0        918.10  33660352.00        1215              0.03      1548
Corner Scaling is off, multiplier is 1.000000
Using default layer M4
new cutoff lpd: 3.18383e-05
corner scaling: maxCornerId = 3
corner=Fast, tran factor=0.839605 (0.028406 / 0.033833)
corner=Typical, tran factor=0.945497 (0.031989 / 0.033833)
corner=Slow, tran factor=1.000000 (0.033833 / 0.033833)
bmap: stepx = stepy = 30000
creating bmap
DB units per micron : 10000
Compile-fusion optimization Phase 29 Iter 11         0.00        0.00      0.00         0        918.10  33660352.00        1215              0.03      1548
Compile-fusion optimization Phase 29 Iter 12         0.00        0.00      0.00         0        918.10  33660352.00        1215              0.03      1548
Compile-fusion optimization Phase 29 Iter 13         0.00        0.00      0.00         0        918.10  33660352.00        1215              0.03      1548
Compile-fusion optimization Phase 29 Iter 14         0.00        0.00      0.00         0        918.10  33660352.00        1215              0.03      1548
Compile-fusion optimization Phase 29 Iter 15         0.00        0.00      0.00         0        918.10  33660352.00        1215              0.03      1548
Compile-fusion optimization Phase 29 Iter 16         0.00        0.00      0.00         0        918.10  33660352.00        1215              0.03      1548

Disable clock slack update for ideal clocks
INFO:  SEQ DEL WNS is protecting TNS
INFO:  SEQ DEL WNS is protecting TNS
Compile-fusion optimization Phase 30 Iter  1         0.00        0.00      0.00         0        918.10  33660352.00        1215              0.03      1548
INFO: cellmap features:  adv-rules=(N), pdc=(N), clock-rules=(Y)

Compile-fusion optimization Phase 31 Iter  1         0.00        0.00      0.00         0        918.15  33667960.00        1215              0.03      1548
INFO: New Levelizer turned on
Compile-fusion optimization Phase 31 Iter  2         0.00        0.00      0.00         0        918.15  33667960.00        1215              0.03      1548
Compile-fusion optimization Phase 31 Iter  3         0.00        0.00      0.00         0        918.19  33670192.00        1215              0.03      1548
Compile-fusion optimization Phase 31 Iter  4         0.00        0.00      0.00         0        918.19  33670192.00        1215              0.03      1548



Compile-fusion optimization Phase 34 Iter  1         0.00        0.00      0.00         0        918.19  33670192.00        1215              0.03      1548

Information: Ending   compile_fusion / initial_opto / Optimization (5) (FLW-8001)
Information: Time: 2025-06-18 12:59:44 / Session:  00:01:54 / Command:  00:01:47 / CPU:  00:05:28 / Memory: 1549 MB (FLW-8100)
Information: CPU Load: 26%, Ram Free: 38 GB, Swap Free: 1 GB, Work Disk Free: 308 GB, Tmp Disk Free: 308 GB (MSG-3995)

Compile-fusion optimization Phase 36 Iter  1         0.00        0.00      0.00         0        918.19  33670192.00        1215              0.03      1548


Compile-fusion optimization complete                 0.00        0.00      0.00         0        918.19  33670192.00        1215              0.03      1548
[Tim-Power] Info: Cleared Leakage libCell cache.
Information: The net parasitics of block dut_toplevel are cleared. (TIM-123)
Co-efficient Ratio Summary:
4.193421605155  6.578038173730  2.479639287277  7.744187540401  0.485050000353  3.179565833784  5.567214754587  2.894454387461  6.565921217863  9.017937505874  6.689574800933  9.863421766480  6.078243264085  2.744209741123  8.318117804907  9.699225026083
2.464623950064  1.382370221226  9.387184029619  3.142429406669  0.968752789964  6.613180723294  4.146578793224  7.876358918112  2.191135103696  0.963734141094  5.285042443881  3.840442221079  3.750326353169  7.663459242299  6.212203367950  7.759678473967
7.862243056717  0.402387977150  0.032845095897  0.596111512371  4.701287396892  7.205135512169  8.278351398268  1.183725190997  3.334436408244  5.867609731622  0.464246785364  9.669800126222  7.591507647087  7.632107793266  7.679070263326  9.831314288630
1.878805817962  3.230072343573  1.226270037360  7.050450594780  2.403928173631  6.139852544054  4.100210066110  1.274718589655  4.570746653063  5.624878808820  0.152741053678  4.759124641371  5.409147226377  2.609824052834  0.626144738674  6.381676652919
9.187474022439  0.513656796665  5.027570618506  6.119813546103  6.181472312107  1.581675365776  7.486041822107  9.584562469756  2.041727387119  3.921160867338  3.986372482345  9.472449135517  3.368504694994  4.897112949020  6.860141444452  2.000104051691
9.095345907607  2.197041709530  0.915900067461  5.466092408426  8.142690055883  4.607193265224  8.244463794567  3.504870705451  1.682716012888  7.173433818510  2.265456508373  3.617843905791  8.946892937652  1.169960932707  4.529948856262  3.090979409795
5.580726136911  1.131397763538  0.721709625272  7.515947517690  0.649322209371  1.017031043513  5.811519666269  5.826730883342  4.349383292435  0.216216018317  2.948036222527  7.311147915212  0.823639441628  0.356162686693  8.022011769284  2.603132585844
5.024802551381  1.359359521371  5.407563451229  2.804123577518  1.265300052200  0.417760313533  1.833872465081  6.448557737188  4.848373112548  2.936801155033  1.907388924225  4.212396549728  9.007747570112  3.308108578452  5.607473309985  8.514743640423
2.764676979452  9.324216938798  1.551199989915  2.300508302625  0.754685030179  1.961421411696  2.781303341418  3.355375155650  9.437909893602  9.136702742545  2.389259208464  9.978462204319  7.467578234047  3.171275121421  9.815922940044  4.331414637138
0.413524984389  3.309910198637  7.452798206121  1.902827024529  5.623407259547  7.269363008696  3.367403103784  7.093641515702  7.411336156476  6.944246076650  8.598515921087  4.802170456584  3.894522963832  4.531611819342  1.605157857803  8.173730247963
9.287277774436  7.540401048523  0.000353317974  5.833784656721  4.754587289445  4.387461656592  1.217863901793  7.505874310467  0.800933986343  9.509851707812  6.223035274420  8.341114640013  5.604028469922  5.026084646462  3.950066338237  0.221226938718
4.029619314261  9.406669096894  2.789964661337  0.723294514657  8.793224787635  8.918112219113  5.103696096373  4.141094270014  8.443881384045  0.064440475020  9.312119766345  8.842280430422  1.167071275967  8.473968186224  3.056719240238  7.977150003284
5.095897059630  1.512371470147  7.396892720532  5.512169927835  1.398268118372  5.190997333443  6.408244586760  9.731622717389  4.385364966981  9.999761859148  0.606037763210  6.393257576109  8.063447483131  4.288631587880  5.817920523007  2.343539122627
0.037326705045  0.494780240392  8.173631613985  2.544054410021  0.066110127471  8.589655457074  6.653063562487  8.808820782685  7.253678475913  3.418263640902  0.285501260982  3.652825880696  2.538795138167  6.652910318747  4.022497251365  6.796621502757
0.618562611981  3.446103618147  2.312107158167  5.365776748604  1.822107958456  2.469756204172  7.387119392116  0.867338065048  8.682345947245  8.902409436848  7.653128489711  1.549011404096  9.244573700010  4.051692309534  5.907681419704  1.709512091590
0.067443546609  2.308426814269  0.055883460719  3.265224824446  3.794567350487  0.705451168271  6.012888717343  3.718510993956  2.708373361785  2.772683994677  5.996886116996  9.532798270976  6.656383809097  9.409796958072  6.136995313139  7.763510072170
9.625254751594  7.417690064932  2.209371101703  1.043513581151  9.666269582673  0.883342434938  3.292435021621  6.918317961214  2.422527731115  6.782104182351  2.400852035616  1.286684620283  9.569305760313  2.585845902480  2.551365335935  9.521353540756
3.451201280412  3.477518126530  0.052200041776  0.313533183387  2.465081644855  7.737188484837  3.112548293680  1.055033867149  4.124225421230  5.316610000762  0.539346330810  7.178443388729  1.109006351474  3.640424676467  6.979436132421  6.938770155119
9.989997230050  8.202625075468  5.030179196142  1.411696278130  3.341418335537  5.155650943790  9.893602913670  2.642545902020  9.208464997847  1.495117846745  0.093271317127  4.721412709574  0.740165933141  4.637139441352  4.984363530991  0.198619745279
8.206103190282  7.924529562340  7.259547726936  3.008696336740  3.103784709364  1.515702741133  6.156476694424  6.976650523956  5.921087480218  9.647382489440  4.720383053161  0.419333974263  5.657924317373  0.247964328727  7.774410954040  1.048505000035
3.317956583372  4.556721475452  7.289445438740  1.656592221786  3.901793750587  4.310467080093  3.986343950985  1.607812396408  5.274420834112  3.831811660490  0.225618302608  3.246453105327  4.138358522122  6.938719802961  9.314244140666  9.096875278996
4.661318072323  4.414657879326  4.787635891815  2.219113610369  6.096373414109  4.270014844388  1.384045006444  0.375020605316  9.766345884229  9.621220216795  3.031653647396  7.786215115992  7.040359297715  0.003285909589  7.059613351237  1.470128739689
2.720513551257  9.827835139867  8.118372519030  7.333443740824  4.586760973162  2.717389438536  4.966981999976  1.759148734708  7.763210639326  6.767907906332  9.249166628863  0.187871391013  8.323128734353  9.122628403732  6.705047249478  0.240392817363
1.613985254446  4.410021006652  0.127471858906  5.457074765306  3.562487880882  0.782685725367  8.475913341826  3.540902792637  7.260982365283  4.062614353867  7.994192865291  9.918738212560  5.051486179662  1.502758461856  2.611983544610  3.618147231210
7.158167536518  6.748604182251  7.958456246916  6.204172838711  9.392116086733  8.065048868234  5.947245890240  9.336848439499  4.489711154902  0.686014024445  5.566045605169  1.909525300089  9.219825670951  2.091591406744  3.546601430842  6.814269005588
3.460719326565  4.824446379499  7.350487070588  1.168271701288  8.717343371851  0.993956270837  3.361785277268  3.894677263765  2.116996953270  7.452994765626  5.665022140979  5.558063423910  3.113250276351  0.072171362525  4.751596941769  0.064932220937
1.101703104394  3.581151966669  9.582673088377  2.434938429243  5.021621691831  7.961214242252  7.731115678210  4.082351914162  8.035616128669  3.802201056928  7.526348458584  4.502471065457  3.135056452135  3.540757745120  1.280414547751  8.126530005220
0.041776031396  3.183387246541  1.644855773751  8.484837411254  8.293680105503  3.867149412422  5.421230531661  0.900762727011  2.330810717845  2.560747210998  8.117409564042  3.276458407264  4.932542193877  0.155110398999  7.230052020262  5.075468503017
9.196142141102  6.278130334184  8.335537515508  0.943790089360  2.913670264254  5.902020920846  4.997847149511  7.746745773404  7.317127472142  1.981592174004  7.799176663713  8.041343208757  1.330012519861  9.745270220610  3.190284992452  9.562340725954
7.726936300869  6.336740310378  4.709364151570  2.741133615647  6.694424697665  0.523956592108  7.480218964738  2.389440146383  2.453161041934  2.160515665780  6.173069024796  3.928718581199  8.754161604850  5.000036731795  6.583370655672  1.475458728944
5.438746165659  2.121786390179  3.750587431046  7.080093398634  3.950985160781  2.396408527442  0.834112383181  1.560490796992  2.502608324646  2.395006413823  0.389131893871  8.402952740626  2.940787409687  5.278997866131  8.072321641465  7.879322478763
5.891811221911  3.510369609637  3.414109427001  4.844388138404  5.006444037502  0.605316976634  5.884229962122  0.116795077596  7.847396778622  4.305671704023  1.054724200328  4.509570514163  1.151358647012  8.739680672051  3.551218182783  5.139826811837
2.519099733344  3.640824458676  0.973162271738  9.438536496698  1.999976175914  8.734708776321  0.639326676790  7.806332698313  1.428863018788  0.581792832300  0.591362112262  7.003723489706  5.049599524039  2.817364561398  5.254407641002  1.006611012747
1.858965545707  4.665306356248  7.880882078268  5.725367847591  3.341826354090  2.792637726098  2.365283406261  4.253867463816  7.665291991874  7.402249505136  8.936671350275  7.061847070390  1.344731861814  7.231211115816  7.536579874860  4.182210795845
6.246975620417  2.738711939211  6.086733806504  8.868234594724  5.890240933684  8.439499448971  1.154902068601  4.924445220001  0.405169190953  4.590768921970  7.437960409159  0.006735163862  9.230963181426  9.005589746071  9.326524682444  6.379456735048
7.070545116827  1.601288871734  3.371851099395  6.270837336178  5.277268389467  7.263765211699  6.953270745299  4.665626230909  7.940979555807  2.613699311313  2.033360207217  0.962516284351  4.741880506493  2.220938510170  3.104353558115  1.966626958267
Information: The stitching and editing of coupling caps is turned OFF for design 'dut_toplevel.dlib:dut_toplevel/placement_and_optimization.design'. (TIM-125)

Compile-fusion final QoR
________________________
Scenario Mapping Table
1: Normal_Fast
2: Normal_Slow
3: Normal_Typical
4: PowerSave_Fast
5: PowerSave_Slow
6: PowerSave_Typical

Pathgroup Mapping Table
1: **default**
2: **async_default**
3: **clock_gating_default**
4: **in2reg_default**
5: **reg2out_default**
6: **in2out_default**
7: clk

-------------------------------------------------------------------------------------------------------------------------------------------------------------
PATHGROUP QOR 
-------------------------------------------------------------------------------------------------------------------------------------------------------------
Scene  PG      WNS        TNS    NSV      WHV        THV    NHV
    1   1   0.0000     0.0000      0        -          -      -
    1   2   0.0000     0.0000      0        -          -      -
    1   3   0.0000     0.0000      0        -          -      -
    1   4   0.0000     0.0000      0        -          -      -
    1   5   0.0000     0.0000      0        -          -      -
    1   6   0.0000     0.0000      0        -          -      -
    1   7   0.0000     0.0000      0        -          -      -
    2   1   0.0000     0.0000      0        -          -      -
    2   2   0.0000     0.0000      0        -          -      -
    2   3   0.0000     0.0000      0        -          -      -
    2   4   0.0000     0.0000      0        -          -      -
    2   5   0.0000     0.0000      0        -          -      -
    2   6   0.0000     0.0000      0        -          -      -
    2   7   0.0000     0.0000      0        -          -      -
    3   1   0.0000     0.0000      0        -          -      -
    3   2   0.0000     0.0000      0        -          -      -
    3   3   0.0000     0.0000      0        -          -      -
    3   4   0.0000     0.0000      0        -          -      -
    3   5   0.0000     0.0000      0        -          -      -
    3   6   0.0000     0.0000      0        -          -      -
    3   7   0.0000     0.0000      0        -          -      -
    4   1   0.0000     0.0000      0        -          -      -
    4   2   0.0000     0.0000      0        -          -      -
    4   3   0.0000     0.0000      0        -          -      -
    4   4   0.0000     0.0000      0        -          -      -
    4   5   0.0000     0.0000      0        -          -      -
    4   6   0.0000     0.0000      0        -          -      -
    4   7   0.0000     0.0000      0        -          -      -
    5   1   0.0000     0.0000      0        -          -      -
    5   2   0.0000     0.0000      0        -          -      -
    5   3   0.0000     0.0000      0        -          -      -
    5   4   0.0000     0.0000      0        -          -      -
    5   5   0.0000     0.0000      0        -          -      -
    5   6   0.0000     0.0000      0        -          -      -
    5   7   0.0000     0.0000      0        -          -      -
    6   1   0.0000     0.0000      0        -          -      -
    6   2   0.0000     0.0000      0        -          -      -
    6   3   0.0000     0.0000      0        -          -      -
    6   4   0.0000     0.0000      0        -          -      -
    6   5   0.0000     0.0000      0        -          -      -
    6   6   0.0000     0.0000      0        -          -      -
    6   7   0.0000     0.0000      0        -          -      -
----------------------------------------------------------------------------------------------------------------------------------------------------------------------
SCENARIO QOR 
----------------------------------------------------------------------------------------------------------------------------------------------------------------------
Scene  PG      WNS        TNS   R2RTNS    NSV      WHV        THV    NHV  MaxTrnV   MaxTranC  MaxCapV    Leakage     CellEMV
    1   *   0.0000     0.0000   0.0000      0        -          -      -        0     0.0000        0 33670192.0           0
    2   *   0.0000     0.0000   0.0000      0        -          -      -        0     0.0000        0  16724.732           0
    3   *   0.0000     0.0000   0.0000      0        -          -      -        0     0.0000        0 318688.594           0
    4   *   0.0000     0.0000   0.0000      0        -          -      -        0     0.0000        0 33670192.0           0
    5   *   0.0000     0.0000   0.0000      0        -          -      -        0     0.0000        0  16724.732           0
    6   *   0.0000     0.0000   0.0000      0        -          -      -        0     0.0000        0 318688.594           0
----------------------------------------------------------------------------------------------------------------------------------------------------------------------
DESIGN QOR 
----------------------------------------------------------------------------------------------------------------------------------------------------------------------
Scene  PG      WNS        TNS   R2RTNS    NSV      WHV        THV    NHV  MaxTrnV   MaxTranC  MaxCapV    Leakage         Area    InstCnt     BufCnt     InvCnt     CellEMV
    *   *   0.0000     0.0000   0.0000      0   0.0000     0.0000      0        0     0.0000        0 33670192.0       918.19       1215         14         22           0
----------------------------------------------------------------------------------------------------------------------------------------------------------------------

Compile-fusion final QoR Summary         WNS        TNS   R2RTNS    NSV      WHV        THV    NHV  MaxTrnV  MaxCapV    Leakage         Area    InstCnt
Compile-fusion final QoR Summary      0.0000     0.0000   0.0000      0   0.0000     0.0000      0        0        0 33670192.0       918.19       1215

Compile-fusion command complete                CPU:   338 s (  0.09 hr )  ELAPSE:   116 s (  0.03 hr )  MEM-PEAK:  1548 MB
Compile-fusion command statistics  CPU=82 sec (0.02 hr) ELAPSED=23 sec (0.01 hr) MEM-PEAK=1.512 GB
[Tim-Power] Info: Cleared Leakage libCell cache.

[Tim-Power] Info: Cleared Leakage libCell cache.
Information: Summary of UPF Cells (UPF-532)
*******************************************************************************
                            Summary of UPF Cells                               
*******************************************************************************
This is NOT a UPF design.
UPF is NOT loaded.
UPF is NOT committed.
-------------------------------------------------------------------------------
*******************************************************************************
                        End of Summary of UPF Cells                            
*******************************************************************************
Information: Ending   compile_fusion / initial_opto (FLW-8001)
Information: Time: 2025-06-18 12:59:45 / Session:  00:01:56 / Command:  00:01:49 / CPU:  00:05:31 / Memory: 1549 MB (FLW-8100)
Information: CPU Load: 25%, Ram Free: 38 GB, Swap Free: 1 GB, Work Disk Free: 308 GB, Tmp Disk Free: 308 GB (MSG-3995)

Information: >>>>>>> 9 unique error and warning message tags while observing compile_fusion / initial_opto: (MSG-3100)
Information: #prnt #trgr #lmt    Tag  Level     Format (or last printed message)                                (MSG-3036)
Information:     1     1  0 DFT-1991  WARNING   Warning: SCANDEF based Optimization skipped: No ScanDEF chai... (MSG-3032)
Information:    16    16  0 FLW-2892  WARNING   Warning: Restoring scoped app option 'opt.internal.levfilter... (MSG-3032)
Information:     1     1  0 ZRT-511   WARNING   Warning: Cell contains tie connections which are not connect... (MSG-3032)
Information:     7     7  0 ZRT-026   WARNING   Warning: Layer MRDL default pitch 4.000 may be too small to ... (MSG-3032)
Information:    10    10  0 OPT-069   WARNING   Warning: Skipping pin tapfiller!SAEDRVT14_TAPDS!62/VDD. Reas... (MSG-3032)
Information:     1     1  0 ZRT-763   WARNING   Warning: Cell DP_OP_33_12155_941_J1/U_468 is placed overlapp... (MSG-3032)
Information:     7     7  0 OPT-070   WARNING   Warning: Cannot find any max transition constraint on the de... (MSG-3032)
Information:    83    20  0 OPT-902   WARNING   Warning: No clock routing rules were specified. Use set_cloc... (MSG-3032)
Information:    18    16  5 LGL-050   WARNING   Warning: Library cell saed14rvt_frame_timing:SAEDRVT14_DCAP_... (MSG-3032)
Information:   144    79  1        9  <------   Total sum of messages (MSG-3038)
Information: >>>>>>> Summary: 79 error&warning MSGs observed during compile_fusion / initial_opto (MSG-3103)

Information: The net parasitics of block dut_toplevel are cleared. (TIM-123)
INFO: End environment monitoring: recipes
INFO: Restored 0 timer status, 8 app options, 0 tcl gvars, 0 env vars
Information: >>>>>>> 16 unique error and warning message tags while observing fusion: (MSG-3100)
Information: #prnt #trgr #lmt    Tag  Level     Format (or last printed message)                                (MSG-3036)
Information:     2     2  0 FLW-2224  WARNING   Warning: Duplicate callback function set for step 'fc/logic_... (MSG-3032)
Information:    60   272  5 SQM-1079  WARNING   Warning: Skipping check for single_bit_degenerate attribute ... (MSG-3032)
Information:     1     1  1 SQM-1074  WARNING   Warning: Shift register Inferencing is enabled so only head ... (MSG-3032)
Information:    36   442  3 SQM-1067  WARNING   Warning: Mapping to scan cell 'SAEDRVT14_FSDPQ_V2LP_2' in li... (MSG-3032)
Information:   120   544 10 SQM-1061  WARNING   Warning: Cannot infer functionality of libcell 'saed14rvt_fr... (MSG-3032)
Information:    30    34 10 SQM-1053  WARNING   Warning: Found 8 multibit sequential library cells that have... (MSG-3032)
Information:     1     1  1 SQM-1034  WARNING   Warning: No cell bus will be mapped to multibit because mult... (MSG-3032)
Information:     1     1  0 DFT-1991  WARNING   Warning: SCANDEF based Optimization skipped: No ScanDEF chai... (MSG-3032)
Information:    16    16  0 FLW-2892  WARNING   Warning: Restoring scoped app option 'opt.internal.levfilter... (MSG-3032)
Information:     1     1  0 ZRT-511   WARNING   Warning: Cell contains tie connections which are not connect... (MSG-3032)
Information:     7     7  0 ZRT-026   WARNING   Warning: Layer MRDL default pitch 4.000 may be too small to ... (MSG-3032)
Information:    10    10  0 OPT-069   WARNING   Warning: Skipping pin tapfiller!SAEDRVT14_TAPDS!62/VDD. Reas... (MSG-3032)
Information:     1     1  0 ZRT-763   WARNING   Warning: Cell DP_OP_33_12155_941_J1/U_468 is placed overlapp... (MSG-3032)
Information:     7     7  0 OPT-070   WARNING   Warning: Cannot find any max transition constraint on the de... (MSG-3032)
Information:    83    34  0 OPT-902   WARNING   Warning: No clock routing rules were specified. Use set_cloc... (MSG-3032)
Information:    18    18  5 LGL-050   WARNING   Warning: Library cell saed14rvt_frame_timing:SAEDRVT14_DCAP_... (MSG-3032)
Information:   394  1391  7       16  <------   Total sum of messages (MSG-3038)
Information: >>>>>>> Summary: 1391 error&warning MSGs observed during fusion (MSG-3103)
Information: Ending   'compile_fusion -to initial_opto' (FLW-8001)
Information: Time: 2025-06-18 12:59:45 / Session:  00:01:56 / Command:  00:01:49 / CPU:  00:05:32 / Memory: 1549 MB (FLW-8100)
Information: CPU Load: 25%, Ram Free: 38 GB, Swap Free: 1 GB, Work Disk Free: 308 GB, Tmp Disk Free: 308 GB (MSG-3995)
1
#### Classic placement and optimization flow
set DesignStage classic_placement
classic_placement
# create coarse placement
reset_placement
----------------------------------------------------------------
Running reset_placement
Unplacing cells...
Information: Extraction observers are detached as design net change threshold is reached.
----------------------------------------------------------------
1
create_placement \
	-timing_driven \
	-congestion \
	-congestion_effort medium \
	-buffering_aware_timing_driven
Information: Starting 'create_placement' (FLW-8000)
Information: Time: 2025-06-18 12:59:45 / Session:  00:01:56 / Command:  00:00:00 / CPU:  00:00:00 / Memory: 1549 MB (FLW-8100)
Information: The stitching and editing of coupling caps is turned OFF for design 'dut_toplevel.dlib:dut_toplevel/placement_and_optimization.design'. (TIM-125)
Information: The RC mode used is RDE for design 'dut_toplevel'. (NEX-022)
Information: Design Average RC for design dut_toplevel  (NEX-011)
Information: r = 2.057309 ohm/um, via_r = 1.199439 ohm/cut, c = 0.098432 ff/um, cc = 0.000000 ff/um (X dir) (NEX-017)
Information: r = 2.671150 ohm/um, via_r = 0.915479 ohm/cut, c = 0.099230 ff/um, cc = 0.000000 ff/um (Y dir) (NEX-017)
Information: Update timing completed net estimation for all the timing graph nets (TIM-111)
Information: Net estimation statistics: timing graph nets = 1645, routed nets = 0, across physical hierarchy nets = 0, parasitics cached nets = 0, delay annotated nets = 0, parasitics annotated nets = 0, multi-voltage nets = 0. (TIM-112)

Create Placement Options:
Effort:                        high_effort         
Timing Driven:                 true                
Buffering Aware Timing Driven: true                
Seed locs:                     false               
Incremental:                   false               
Congestion:                    true                
Congestion Effort:             medium              
Fix Macros:                    true                
Place Macros:                  false               
Channel Size Macros:           false               

Printing options for 'place.coarse.*' (non-default only)
place.coarse.continue_on_missing_scandef                :	 true                

Scenario Normal_Fast is cellEm
Scenario PowerSave_Fast is cellEm
Info: update em.
Information: Activity propagation will be performed for scenario Normal_Fast.
Information: Doing activity propagation for mode 'Normal' and corner 'Fast' with effort level 'medium'. (POW-024)
Information: Timer-derived activity data is cached on scenario Normal_Fast (POW-052)
Information: Running switching activity propagation with 12 threads!

 **** Information : No. of simulation cycles = 6 ****
Information: Propagated activity on scenario Normal_Slow identical to that on Normal_Fast (POW-006)
Information: Propagated activity on scenario Normal_Typical identical to that on Normal_Fast (POW-006)
Information: Activity propagation will be performed for scenario PowerSave_Fast.
Information: Doing activity propagation for mode 'PowerSave' and corner 'Fast' with effort level 'medium'. (POW-024)
Information: Timer-derived activity data is cached on scenario PowerSave_Fast (POW-052)
Information: Running switching activity propagation with 12 threads!

 **** Information : No. of simulation cycles = 6 ****
Information: Propagated activity on scenario PowerSave_Slow identical to that on PowerSave_Fast (POW-006)
Information: Propagated activity on scenario PowerSave_Typical identical to that on PowerSave_Fast (POW-006)
Information: Activity for scenario Normal_Fast was cached, no propagation required. (POW-005)
Information: Activity for scenario Normal_Slow was cached, no propagation required. (POW-005)
Information: Activity for scenario Normal_Typical was cached, no propagation required. (POW-005)
Information: Activity for scenario PowerSave_Fast was cached, no propagation required. (POW-005)
Information: Activity for scenario PowerSave_Slow was cached, no propagation required. (POW-005)
Information: Activity for scenario PowerSave_Typical was cached, no propagation required. (POW-005)
CTS Cell EM initialization finished
Scenario Normal_Fast is cellEm
Scenario PowerSave_Fast is cellEm
Info: update em.
Information: Activity for scenario Normal_Fast was cached, no propagation required. (POW-005)
Information: Activity for scenario Normal_Slow was cached, no propagation required. (POW-005)
Information: Activity for scenario Normal_Typical was cached, no propagation required. (POW-005)
Information: Activity for scenario PowerSave_Fast was cached, no propagation required. (POW-005)
CTS Cell EM initialization finished
Warning: No clock routing rules were specified. Use set_clock_routing_rules to specify routing rules for accurate clock latency estimation. (OPT-902)
Information:  initializing PDM....
PDM initilization successfull...
Information: The stitching and editing of coupling caps is turned OFF for design 'dut_toplevel.dlib:dut_toplevel/placement_and_optimization.design'. (TIM-125)
Information: The RC mode used is RDE for design 'dut_toplevel'. (NEX-022)
Information: Design Average RC for design dut_toplevel  (NEX-011)
Information: r = 2.057309 ohm/um, via_r = 1.199439 ohm/cut, c = 0.098432 ff/um, cc = 0.000000 ff/um (X dir) (NEX-017)
Information: r = 2.671150 ohm/um, via_r = 0.915479 ohm/cut, c = 0.099230 ff/um, cc = 0.000000 ff/um (Y dir) (NEX-017)
Information: Update timing completed net estimation for all the timing graph nets (TIM-111)
Information: Net estimation statistics: timing graph nets = 1645, routed nets = 0, across physical hierarchy nets = 0, parasitics cached nets = 0, delay annotated nets = 0, parasitics annotated nets = 0, multi-voltage nets = 0. (TIM-112)
Information:  uninitializing PDM....
PDM uninitilization successfull...
CGRW: permuting timing equivalent pins only
Corner Scaling is off, multiplier is 1.000000
ORB: timingScenario Normal_Slow timingCorner Slow
INFO: Using corner Fast for worst leakage corner
Using default layer M4
new cutoff lpd: 3.18383e-05
corner scaling: maxCornerId = 3
corner=Fast, tran factor=0.839605 (0.028406 / 0.033833)
corner=Typical, tran factor=0.945497 (0.031989 / 0.033833)
corner=Slow, tran factor=1.000000 (0.033833 / 0.033833)
ORB: Nominal = 0.0056185  Design MT = inf  Target = 0.0338329 (6.022 nominal)  MaxRC = 0.022324
ORB: Fast Target = 0.011791 ( 2.099 nominal )
ORB: stageDelay=0.026139, stageLength=1609839
nplLib: default vr hor dist = 322
nplLib: default vr ver dist = 322
nplLib: default vr buf size = 2
nplLib: default vr buf size = 1
Info: embedded eLpp will optimize for scenario Normal_Fast
Info: embedded eLpp will optimize for scenario Normal_Slow
Info: embedded eLpp will optimize for scenario Normal_Typical
Info: embedded eLpp will optimize for scenario PowerSave_Fast
Info: embedded eLpp will optimize for scenario PowerSave_Slow
Info: embedded eLpp will optimize for scenario PowerSave_Typical
Info: e-eLpp used with low effort
Start transferring placement data.
Information: The stitching and editing of coupling caps is turned OFF for design 'dut_toplevel.dlib:dut_toplevel/placement_and_optimization.design'. (TIM-125)
Information: The RC mode used is RDE for design 'dut_toplevel'. (NEX-022)
Information: Design Average RC for design dut_toplevel  (NEX-011)
Information: r = 2.057309 ohm/um, via_r = 1.199439 ohm/cut, c = 0.098432 ff/um, cc = 0.000000 ff/um (X dir) (NEX-017)
Information: r = 2.671150 ohm/um, via_r = 0.915479 ohm/cut, c = 0.099230 ff/um, cc = 0.000000 ff/um (Y dir) (NEX-017)
Information: Update timing completed net estimation for all the timing graph nets (TIM-111)
Information: Net estimation statistics: timing graph nets = 1645, routed nets = 0, across physical hierarchy nets = 0, parasitics cached nets = 0, delay annotated nets = 0, parasitics annotated nets = 0, multi-voltage nets = 0. (TIM-112)
****** eLpp estimated wire length 
0.279184% of the net wire length are clock nets
0% of the clock net wire length has no activity
Clock net wire length: 290594
Total net wire length: 1.04087e+08
****** eLpp weights (no caps)
Number of nets: 1645, of which 1633 non-clock nets
Number of nets with 0 toggle rate: 25
Max toggle rate = 0.576191, average toggle rate = 0.0107087
Max non-clock toggle rate = 0.0471191
eLpp weight range = (0, 53.8056)
*** 2 nets are filtered out
****** Net weight manager: report ******
Weights included: eLpp  PostEffort  
Number of nets with non-default weights: 1645
Amt power = 0.1
Non-default weight range: (0.9, 10.2806)
Information: Automatic repeater spreading is enabled.
Restructuring in 1 hierarchies
CGRW: importing permutable pins & pairs, size 8 and above
Information: Automatic timing control is enabled.
checking app option clockgate_objective_weight : none
Information: Clock gate latency aware placement is enabled. (PLACE-085)
Using worst RC corner 'Slow' for buffer aware analysis.
Scenario Normal_Fast is cellEm
Scenario PowerSave_Fast is cellEm
Info: update em.
Note - message 'POW-005' limit (20) exceeded. Remainder will be suppressed.
CTS Cell EM initialization finished
Scenario Normal_Fast is cellEm
Scenario PowerSave_Fast is cellEm
Info: update em.
CTS Cell EM initialization finished
Scenario Normal_Fast is cellEm
Scenario PowerSave_Fast is cellEm
Info: update em.
CTS Cell EM initialization finished
DTDP placement: scenario=Normal_Slow
Scenario Normal_Fast is cellEm
Scenario PowerSave_Fast is cellEm
Info: update em.
CTS Cell EM initialization finished
Scenario Normal_Fast is cellEm
Scenario PowerSave_Fast is cellEm
Info: update em.
CTS Cell EM initialization finished
Factor(3) = 1
Factor(2) = 0.759846
Factor(1) = 0.591828
Factor(BASE) = 1
skew 0 name=clk included=1
Completed transferring placement data.
Running placement using 12 thread(s)
Information: Enhanced Auto Density Control is used. (PLACE-098)
Information: Enhanced auto density configuration is 13179.
Information: Automatic density control has selected the following settings: max_density 0.60, congestion_driven_max_util 0.87. (PLACE-027)
Information: HFW control 'on' invoked.
Creating placement from scratch.
coarse place 0% done.
Selected 0 sequential cells for slack balancing.
coarse place 10% done.
coarse place 20% done.
coarse place 30% done.
coarse place 40% done.
coarse place 50% done.
coarse place 60% done.
coarse place 70% done.
coarse place 80% done.
coarse place 90% done.
coarse place 100% done.
Information: Coarse placer weighted wire length estimate = 1.36487e+08
Information: Extraction observers are detached as design net change threshold is reached.
Stored 0 bounds for preserving balanced registers 
Scenario Normal_Fast is cellEm
Scenario PowerSave_Fast is cellEm
Information: The stitching and editing of coupling caps is turned OFF for design 'dut_toplevel.dlib:dut_toplevel/placement_and_optimization.design'. (TIM-125)
Information: The RC mode used is RDE for design 'dut_toplevel'. (NEX-022)
Information: Design Average RC for design dut_toplevel  (NEX-011)
Information: r = 2.057309 ohm/um, via_r = 1.199439 ohm/cut, c = 0.134159 ff/um, cc = 0.000000 ff/um (X dir) (NEX-017)
Information: r = 2.669338 ohm/um, via_r = 0.909198 ohm/cut, c = 0.125020 ff/um, cc = 0.000000 ff/um (Y dir) (NEX-017)
Information: Update timing completed net estimation for all the timing graph nets (TIM-111)
Information: Net estimation statistics: timing graph nets = 1645, routed nets = 0, across physical hierarchy nets = 0, parasitics cached nets = 1645, delay annotated nets = 0, parasitics annotated nets = 0, multi-voltage nets = 0. (TIM-112)
Info: update em.
CTS Cell EM initialization finished
Information: The value of option cts.compile.enable_cell_relocation has been overridden to "leaf_only" to support latency-driven placement. (CTS-973)
Scenario Normal_Fast is cellEm
Scenario PowerSave_Fast is cellEm
Info: update em.
CTS Cell EM initialization finished
Warning: No clock routing rules were specified. Use set_clock_routing_rules to specify routing rules for accurate clock latency estimation. (OPT-902)
Warning: No clock routing rules were specified. Use set_clock_routing_rules to specify routing rules for accurate clock latency estimation. (OPT-902)
Information: Estimating clock gate latencies for scenario 'PowerSave_Typical'. (OPT-909)
Warning: No clock routing rules were specified. Use set_clock_routing_rules to specify routing rules for accurate clock latency estimation. (OPT-902)
Information: Estimating clock gate latencies for scenario 'PowerSave_Slow'. (OPT-909)
Warning: No clock routing rules were specified. Use set_clock_routing_rules to specify routing rules for accurate clock latency estimation. (OPT-902)
Information: Estimating clock gate latencies for scenario 'PowerSave_Fast'. (OPT-909)
Warning: No clock routing rules were specified. Use set_clock_routing_rules to specify routing rules for accurate clock latency estimation. (OPT-902)
Information: Estimating clock gate latencies for scenario 'Normal_Typical'. (OPT-909)
Warning: No clock routing rules were specified. Use set_clock_routing_rules to specify routing rules for accurate clock latency estimation. (OPT-902)
Information: Estimating clock gate latencies for scenario 'Normal_Slow'. (OPT-909)
Warning: No clock routing rules were specified. Use set_clock_routing_rules to specify routing rules for accurate clock latency estimation. (OPT-902)
Information: Estimating clock gate latencies for scenario 'Normal_Fast'. (OPT-909)
Start DFT optimization
START_CMD: optimize_dft        CPU:    422 s ( 0.12 hr) ELAPSE:    129 s ( 0.04 hr) MEM-PEAK:  1548 Mb Wed Jun 18 12:59:58 2025
DFT optimization is skipped due to no scan chains were found
END_CMD: optimize_dft          CPU:    422 s ( 0.12 hr) ELAPSE:    129 s ( 0.04 hr) MEM-PEAK:  1548 Mb Wed Jun 18 12:59:58 2025
End DFT optimization
Start transferring placement data.
Warning: To enable pin track alignment feature, the advanced legalizer has to be turned on using app option "place.legalize.enable_advanced_legalizer".
Warning: Pin track alignment feature will be disabled in this run
Information: Initializing classic cellmap without advanced rules enabled and without PDC enabled
Information: The following app options are used in cellmap
        place.legalize.enable_color_aware_placement : false
        place.legalize.use_nll_query_cm : false
        place.legalize.enable_advanced_legalizer : false
        place.legalize.enable_prerouted_net_check : true
        place.legalize.enable_advanced_prerouted_net_check : false
        place.legalize.always_continue : true
        place.legalize.limit_legality_checks : false
        place.common.pnet_aware_density : 1.0000
        place.common.pnet_aware_min_width : 0.0000
        place.common.pnet_aware_layers : {}
        place.common.use_placement_model : false
        place.common.enable_advanced_placement_model : true
        cts.placement.cell_spacing_rule_style : maximum
Warning: Library cell saed14rvt_frame_timing:SAEDRVT14_ISOFSDPQ_PECO_8.frame is missing supply pins. Its power structure cannot be determined. (LGL-050)
Warning: Library cell saed14rvt_frame_timing:SAEDRVT14_DCAP_PV1ECO_12.frame is missing supply pins. Its power structure cannot be determined. (LGL-050)
Total 0.0084 seconds to build cellmap data
Information: Extraction observers are detached as design net change threshold is reached.
Snapped 1215 standard cells to the nearest cellrow to improve the accuracy of congestion analysis.
Start Global Route ... 
[Init] Elapsed real time: 0:00:00 
[Init] Elapsed cpu  time: sys=0:00:00 usr=0:00:00 total=0:00:00
[Init] Stage (MB): Used    0  Alloctr    0  Proc    0 
[Init] Total (MB): Used    7  Alloctr    8  Proc 6167 
Printing options for 'route.common.*'

Printing options for 'route.global.*'
global.timing_driven                                    :	 false               

Begin global routing.
Cell Min-Routing-Layer = M1
Cell Max-Routing-Layer = MRDL
Turn off antenna since no rule is specified
Information: Option route.detail.force_end_on_preferred_grid will be ignored since none of the layers have preferred grid. (ZRT-703)
Skipping 1 internal pins that are not physical. Set route.common.verbose_level to > 0 and run routing command to get skipped pin names.
Info: number of net_type_blockage: 0 
Information: Via ladder engine would be activated for pattern must join connection in certain commands. Please refer to man-page for the command list. (ZRT-619)
Via on layer (VIA1) needs more than one tracks
Warning: Layer M1 default pitch 0.074 may be too small to handle up/down via. Note, that minimum requirements are "wire/via-down 0.074" & "wire/via-up 0.078". (ZRT-026)
Via on layer (VIA1) needs more than one tracks
Warning: Layer M2 default pitch 0.060 may be too small to handle up/down via. Note, that minimum requirements are "wire/via-down 0.078" & "wire/via-up 0.060". (ZRT-026)
Via on layer (VIA4) needs more than one tracks
Warning: Layer M5 default pitch 0.100 may be too small to handle up/down via. Note, that minimum requirements are "wire/via-down 0.125" & "wire/via-up 0.100". (ZRT-026)
Via on layer (VIA7) needs more than one tracks
Warning: Layer M7 default pitch 0.100 may be too small to handle up/down via. Note, that minimum requirements are "wire/via-down 0.100" & "wire/via-up 0.107". (ZRT-026)
Wire on layer (M8) needs more than one tracks
Via on layer (VIA7) needs more than one tracks
Via on layer (VIA8) needs more than one tracks
Warning: Layer M8 default pitch 0.100 may be too small to handle up/down via. Note, that minimum requirements are "wire/via-down 0.107" & "wire/via-up 0.135". (ZRT-026)
Wire on layer (M9) needs more than one tracks
Via on layer (VIA8) needs more than one tracks
Via on layer (VIARDL) needs more than one tracks
Warning: Layer M9 default pitch 0.100 may be too small to handle up/down via. Note, that minimum requirements are "wire/via-down 0.135" & "wire/via-up 1.570". (ZRT-026)
Via on layer (VIARDL) needs more than one tracks
Warning: Layer MRDL default pitch 4.000 may be too small to handle up/down via. Note, that minimum requirements are "wire/via-down 4.500" & "wire/via-up 4.000". (ZRT-026)
Transition layer name: M7(6)
Transition layer name: M8(7)
Information: When applicable Min-max layer allow_pin_connection mode will allow paths of length 0.90 outside the layer range. (ZRT-707)
Information: When applicable Min-max layer allow_pin_connection mode will allow paths of length 0.90 outside the layer range on clock nets. (ZRT-718)
Information: When applicable layer based tapering will taper up to 0.00 in distance from the pin. (ZRT-706)
Warning: Standard cell pin SAEDRVT14_BUF_ECO_1/A has no valid via regions. (ZRT-044)
Warning: Standard cell pin SAEDRVT14_ADDH_0P5/CO has no valid via regions. (ZRT-044)
Warning: Cell DP_OP_33_12155_941_J1/U_480 is placed overlapping with other cells at {{33.934 7.400} {35.636 8.000}}. (ZRT-763)
Current Stage stats:
[End of Read DB] Elapsed real time: 0:00:00 
[End of Read DB] Elapsed cpu  time: sys=0:00:00 usr=0:00:00 total=0:00:00
[End of Read DB] Stage (MB): Used   32  Alloctr   32  Proc  -32 
[End of Read DB] Total (MB): Used   39  Alloctr   41  Proc 6135 
Constructing data structure ...
Design statistics:
Design Bounding Box (0.00um,0.00um,58.10um,38.80um)
Number of routing layers = 10
layer M1, dir Ver, min width = 0.034um, min space = 0.026um pitch = 0.074um
layer M2, dir Hor, min width = 0.034um, min space = 0.026um pitch = 0.06um
layer M3, dir Ver, min width = 0.034um, min space = 0.026um pitch = 0.074um
layer M4, dir Hor, min width = 0.06um, min space = 0.04um pitch = 0.1um
layer M5, dir Ver, min width = 0.06um, min space = 0.04um pitch = 0.1um
layer M6, dir Hor, min width = 0.06um, min space = 0.04um pitch = 0.1um
layer M7, dir Ver, min width = 0.06um, min space = 0.04um pitch = 0.1um
layer M8, dir Hor, min width = 0.06um, min space = 0.04um pitch = 0.1um
layer M9, dir Ver, min width = 0.06um, min space = 0.04um pitch = 0.1um
layer MRDL, dir Hor, min width = 2um, min space = 2um pitch = 4um
Current Stage stats:
[End of Build Tech Data] Elapsed real time: 0:00:00 
[End of Build Tech Data] Elapsed cpu  time: sys=0:00:00 usr=0:00:00 total=0:00:00
[End of Build Tech Data] Stage (MB): Used    0  Alloctr    0  Proc    0 
[End of Build Tech Data] Total (MB): Used   40  Alloctr   42  Proc 6135 
Net statistics:
Total number of nets     = 1647
Number of nets to route  = 1645
2 nets are fully connected,
 of which 2 are detail routed and 0 are global routed.
Net length statistics: 
Net Count(Ignore Fully Rted) 1645, Total Half Perimeter Wire Length (HPWL) 11612 microns
HPWL   0 ~   50 microns: Net Count     1643	Total HPWL        11492 microns
HPWL  50 ~  100 microns: Net Count        2	Total HPWL          121 microns
HPWL 100 ~  200 microns: Net Count        0	Total HPWL            0 microns
HPWL 200 ~  300 microns: Net Count        0	Total HPWL            0 microns
HPWL 300 ~  400 microns: Net Count        0	Total HPWL            0 microns
HPWL 400 ~  500 microns: Net Count        0	Total HPWL            0 microns
HPWL 500 ~  600 microns: Net Count        0	Total HPWL            0 microns
HPWL 600 ~  700 microns: Net Count        0	Total HPWL            0 microns
HPWL 700 ~  800 microns: Net Count        0	Total HPWL            0 microns
HPWL 800 ~  900 microns: Net Count        0	Total HPWL            0 microns
HPWL 900 ~ 1000 microns: Net Count        0	Total HPWL            0 microns
HPWL     > 1000 microns: Net Count        0	Total HPWL            0 microns
Current Stage stats:
[End of Build All Nets] Elapsed real time: 0:00:00 
[End of Build All Nets] Elapsed cpu  time: sys=0:00:00 usr=0:00:00 total=0:00:00
[End of Build All Nets] Stage (MB): Used    1  Alloctr    1  Proc    0 
[End of Build All Nets] Total (MB): Used   41  Alloctr   43  Proc 6135 
Number of partitions: 1 (1 x 1)
Size of partitions: 96 gCells x 64 gCells
Average gCell capacity  3.06	 on layer (1)	 M1
Average gCell capacity  8.50	 on layer (2)	 M2
Average gCell capacity  7.83	 on layer (3)	 M3
Average gCell capacity  5.84	 on layer (4)	 M4
Average gCell capacity  5.47	 on layer (5)	 M5
Average gCell capacity  4.56	 on layer (6)	 M6
Average gCell capacity  4.74	 on layer (7)	 M7
Average gCell capacity  6.05	 on layer (8)	 M8
Average gCell capacity  6.04	 on layer (9)	 M9
Average gCell capacity  0.12	 on layer (10)	 MRDL
Average number of tracks per gCell 8.19	 on layer (1)	 M1
Average number of tracks per gCell 10.12	 on layer (2)	 M2
Average number of tracks per gCell 8.19	 on layer (3)	 M3
Average number of tracks per gCell 6.08	 on layer (4)	 M4
Average number of tracks per gCell 6.06	 on layer (5)	 M5
Average number of tracks per gCell 6.08	 on layer (6)	 M6
Average number of tracks per gCell 6.06	 on layer (7)	 M7
Average number of tracks per gCell 6.08	 on layer (8)	 M8
Average number of tracks per gCell 6.06	 on layer (9)	 M9
Average number of tracks per gCell 0.16	 on layer (10)	 MRDL
Number of gCells = 61440
Current Stage stats:
[End of Build Congestion Map] Elapsed real time: 0:00:00 
[End of Build Congestion Map] Elapsed cpu  time: sys=0:00:00 usr=0:00:00 total=0:00:00
[End of Build Congestion Map] Stage (MB): Used    2  Alloctr    2  Proc    0 
[End of Build Congestion Map] Total (MB): Used   43  Alloctr   45  Proc 6135 
Number of partitions: 1 (1 x 1)
Size of partitions: 96 gCells x 64 gCells
Current Stage stats:
[End of Add Nets Demand] Elapsed real time: 0:00:00 
[End of Add Nets Demand] Elapsed cpu  time: sys=0:00:00 usr=0:00:00 total=0:00:00
[End of Add Nets Demand] Stage (MB): Used    0  Alloctr    0  Proc    0 
[End of Add Nets Demand] Total (MB): Used   43  Alloctr   45  Proc 6135 
Number of user frozen nets = 0
Total stats:
[End of Build Data] Elapsed real time: 0:00:00 
[End of Build Data] Elapsed cpu  time: sys=0:00:00 usr=0:00:00 total=0:00:00
[End of Build Data] Stage (MB): Used    4  Alloctr    4  Proc    0 
[End of Build Data] Total (MB): Used   43  Alloctr   45  Proc 6135 
Number of partitions: 1 (1 x 1)
Size of partitions: 96 gCells x 64 gCells
Current Stage stats:
[End of Blocked Pin Detection] Elapsed real time: 0:00:00 
[End of Blocked Pin Detection] Elapsed cpu  time: sys=0:00:00 usr=0:00:00 total=0:00:00
[End of Blocked Pin Detection] Stage (MB): Used  104  Alloctr  104  Proc    0 
[End of Blocked Pin Detection] Total (MB): Used  147  Alloctr  149  Proc 6135 
Information: Using 12 threads for routing. (ZRT-444)
Information: Placement fast mode ON
Information: Multiple gcell levels ON
Information: Buffer distance is estimated to be ~271.0000um (451 gCells)

Start GR phase 0
Number of partitions: 1 (1 x 1)
Size of partitions: 96 gCells x 64 gCells
[rtAllBotParts] Elapsed real time: 0:00:00 
[rtAllBotParts] Elapsed cpu  time: sys=0:00:00 usr=0:00:00 total=0:00:00
[rtTop] Elapsed real time: 0:00:00 
[rtTop] Elapsed cpu  time: sys=0:00:00 usr=0:00:00 total=0:00:00
Current Stage stats:
[End of Initial Routing] Elapsed real time: 0:00:00 
[End of Initial Routing] Elapsed cpu  time: sys=0:00:00 usr=0:00:00 total=0:00:00
[End of Initial Routing] Stage (MB): Used    0  Alloctr    1  Proc    0 
[End of Initial Routing] Total (MB): Used  148  Alloctr  150  Proc 6135 
Initial. Routing result:
Initial. Both Dirs: Dmd-Cap  =     0 Max = 0 GRCs =     0 (0.00%)
Initial. H routing: Dmd-Cap  =     0 Max = 0 (GRCs =  0) GRCs =     0 (0.00%)
Initial. V routing: Dmd-Cap  =     0 Max = 0 (GRCs =  0) GRCs =     0 (0.00%)
Initial. Both Dirs: Overflow =    74 Max = 7 GRCs =    85 (0.69%)
Initial. H routing: Overflow =    66 Max = 7 (GRCs =  1) GRCs =    62 (1.01%)
Initial. V routing: Overflow =     8 Max = 2 (GRCs =  1) GRCs =    23 (0.37%)
Initial. M1         Overflow =     0 Max = 0 (GRCs =  0) GRCs =     0 (0.00%)
Initial. M2         Overflow =    66 Max = 7 (GRCs =  1) GRCs =    62 (1.01%)
Initial. M3         Overflow =     8 Max = 2 (GRCs =  1) GRCs =    23 (0.37%)
Initial. M4         Overflow =     0 Max = 0 (GRCs =  0) GRCs =     0 (0.00%)
Initial. M5         Overflow =     0 Max = 0 (GRCs =  0) GRCs =     0 (0.00%)
Initial. M6         Overflow =     0 Max = 0 (GRCs =  0) GRCs =     0 (0.00%)
Initial. M7         Overflow =     0 Max = 0 (GRCs =  0) GRCs =     0 (0.00%)
Initial. M8         Overflow =     0 Max = 0 (GRCs =  0) GRCs =     0 (0.00%)
Initial. M9         Overflow =     0 Max = 0 (GRCs =  0) GRCs =     0 (0.00%)
Initial. MRDL       Overflow =     0 Max = 0 (GRCs =  0) GRCs =     0 (0.00%)

Initial. Total Wire Length = 11448.33
Initial. Layer M1 wire length = 0.00
Initial. Layer M2 wire length = 4282.78
Initial. Layer M3 wire length = 5052.93
Initial. Layer M4 wire length = 1988.28
Initial. Layer M5 wire length = 124.34
Initial. Layer M6 wire length = 0.00
Initial. Layer M7 wire length = 0.00
Initial. Layer M8 wire length = 0.00
Initial. Layer M9 wire length = 0.00
Initial. Layer MRDL wire length = 0.00
Initial. Total Number of Contacts = 8378
Initial. Via VIA1_Base count = 2817
Initial. Via VIA2_Base count = 5181
Initial. Via VIA34SQ_C count = 367
Initial. Via VIA4SQ count = 13
Initial. Via VIA5SQ_C count = 0
Initial. Via VIA67SQ_C count = 0
Initial. Via VIA78SQ_C count = 0
Initial. Via VIA89_C count = 0
Initial. Via VIA9RDL count = 0
Initial. completed.

Start GR phase 1
Wed Jun 18 12:59:59 2025
Number of partitions: 1 (1 x 1)
Size of partitions: 96 gCells x 64 gCells
[rtAllParts] Elapsed real time: 0:00:00 
[rtAllParts] Elapsed cpu  time: sys=0:00:00 usr=0:00:00 total=0:00:00
Number of partitions: 1 (1 x 1)
Size of partitions: 96 gCells x 64 gCells
[updNetsDmd] Elapsed real time: 0:00:00 
[updNetsDmd] Elapsed cpu  time: sys=0:00:00 usr=0:00:00 total=0:00:00
Current Stage stats:
[End of Phase1 Routing] Elapsed real time: 0:00:00 
[End of Phase1 Routing] Elapsed cpu  time: sys=0:00:00 usr=0:00:00 total=0:00:00
[End of Phase1 Routing] Stage (MB): Used    0  Alloctr    0  Proc    0 
[End of Phase1 Routing] Total (MB): Used  148  Alloctr  150  Proc 6135 
phase1. Routing result:
phase1. Both Dirs: Dmd-Cap  =     0 Max = 0 GRCs =     0 (0.00%)
phase1. H routing: Dmd-Cap  =     0 Max = 0 (GRCs =  0) GRCs =     0 (0.00%)
phase1. V routing: Dmd-Cap  =     0 Max = 0 (GRCs =  0) GRCs =     0 (0.00%)
phase1. Both Dirs: Overflow =     1 Max = 1 GRCs =     1 (0.01%)
phase1. H routing: Overflow =     1 Max = 1 (GRCs =  1) GRCs =     1 (0.02%)
phase1. V routing: Overflow =     0 Max = 0 (GRCs =  0) GRCs =     0 (0.00%)
phase1. M1         Overflow =     0 Max = 0 (GRCs =  0) GRCs =     0 (0.00%)
phase1. M2         Overflow =     1 Max = 1 (GRCs =  1) GRCs =     1 (0.02%)
phase1. M3         Overflow =     0 Max = 0 (GRCs =  0) GRCs =     0 (0.00%)
phase1. M4         Overflow =     0 Max = 0 (GRCs =  0) GRCs =     0 (0.00%)
phase1. M5         Overflow =     0 Max = 0 (GRCs =  0) GRCs =     0 (0.00%)
phase1. M6         Overflow =     0 Max = 0 (GRCs =  0) GRCs =     0 (0.00%)
phase1. M7         Overflow =     0 Max = 0 (GRCs =  0) GRCs =     0 (0.00%)
phase1. M8         Overflow =     0 Max = 0 (GRCs =  0) GRCs =     0 (0.00%)
phase1. M9         Overflow =     0 Max = 0 (GRCs =  0) GRCs =     0 (0.00%)
phase1. MRDL       Overflow =     0 Max = 0 (GRCs =  0) GRCs =     0 (0.00%)

phase1. Total Wire Length = 11476.42
phase1. Layer M1 wire length = 0.00
phase1. Layer M2 wire length = 4167.49
phase1. Layer M3 wire length = 5038.64
phase1. Layer M4 wire length = 2129.86
phase1. Layer M5 wire length = 140.44
phase1. Layer M6 wire length = 0.00
phase1. Layer M7 wire length = 0.00
phase1. Layer M8 wire length = 0.00
phase1. Layer M9 wire length = 0.00
phase1. Layer MRDL wire length = 0.00
phase1. Total Number of Contacts = 8473
phase1. Via VIA1_Base count = 2817
phase1. Via VIA2_Base count = 5195
phase1. Via VIA34SQ_C count = 442
phase1. Via VIA4SQ count = 19
phase1. Via VIA5SQ_C count = 0
phase1. Via VIA67SQ_C count = 0
phase1. Via VIA78SQ_C count = 0
phase1. Via VIA89_C count = 0
phase1. Via VIA9RDL count = 0
phase1. completed.
[End of Whole Chip Routing] Elapsed real time: 0:00:00 
[End of Whole Chip Routing] Elapsed cpu  time: sys=0:00:00 usr=0:00:00 total=0:00:00
[End of Whole Chip Routing] Stage (MB): Used  109  Alloctr  109  Proc    0 
[End of Whole Chip Routing] Total (MB): Used  148  Alloctr  150  Proc 6135 

Congestion utilization per direction:
Average vertical track utilization   =  6.60 %
Peak    vertical track utilization   = 37.50 %
Average horizontal track utilization =  8.34 %
Peak    horizontal track utilization = 52.00 %

[End of Global Routing] Elapsed real time: 0:00:00 
[End of Global Routing] Elapsed cpu  time: sys=0:00:00 usr=0:00:00 total=0:00:00
[End of Global Routing] Stage (MB): Used  108  Alloctr  108  Proc    0 
[End of Global Routing] Total (MB): Used  147  Alloctr  149  Proc 6135 
Writing out congestion map...
Updating congestion ...
Updating congestion ...
[End of dbOut] Elapsed real time: 0:00:00 
[End of dbOut] Elapsed cpu  time: sys=0:00:00 usr=0:00:00 total=0:00:00
[End of dbOut] Stage (MB): Used  -32  Alloctr  -33  Proc    0 
[End of dbOut] Total (MB): Used   36  Alloctr   37  Proc 6135 
Using per-layer congestion maps for congestion reduction.
Information: 0.00% of design has horizontal routing density above target_routing_density of 0.80.
Information: 0.47% of design has vertical routing density above target_routing_density of 0.80.
Completed transferring placement data.
Running placement using 12 thread(s)
Information: Enhanced Auto Density Control is used. (PLACE-098)
Information: Enhanced auto density configuration is 13179.
Information: Automatic density control has selected the following settings: max_density 0.60, congestion_driven_max_util 0.87. (PLACE-027)
Information: HFW control 'on' invoked.
coarse place 100% done.
Information: Reducing cell density for 0.0% of the movable cells to alleviate congestion. This changes the average cell density in non-congested areas from 0.721 to 0.721. (PLACE-030)
Stored 0 bounds for preserving balanced registers 
Information: Estimating clock gate latencies after non timing-driven (non latency-aware) placement.
Scenario Normal_Fast is cellEm
Scenario PowerSave_Fast is cellEm
Information: The RC mode used is RDE for design 'dut_toplevel'. (NEX-022)
Information: Update timing completed net estimation for all the timing graph nets (TIM-111)
Information: Net estimation statistics: timing graph nets = 1645, routed nets = 0, across physical hierarchy nets = 0, parasitics cached nets = 1645, delay annotated nets = 0, parasitics annotated nets = 0, multi-voltage nets = 0. (TIM-112)
Info: update em.
Information: Activity propagation will be performed for scenario Normal_Fast.
Information: Doing activity propagation for mode 'Normal' and corner 'Fast' with effort level 'medium'. (POW-024)
Information: Timer-derived activity data is cached on scenario Normal_Fast (POW-052)
Information: Running switching activity propagation with 12 threads!

 **** Information : No. of simulation cycles = 6 ****
Information: Propagated activity on scenario Normal_Slow identical to that on Normal_Fast (POW-006)
Information: Propagated activity on scenario Normal_Typical identical to that on Normal_Fast (POW-006)
Information: Activity propagation will be performed for scenario PowerSave_Fast.
Information: Doing activity propagation for mode 'PowerSave' and corner 'Fast' with effort level 'medium'. (POW-024)
Information: Timer-derived activity data is cached on scenario PowerSave_Fast (POW-052)
Information: Running switching activity propagation with 12 threads!

 **** Information : No. of simulation cycles = 6 ****
Information: Propagated activity on scenario PowerSave_Slow identical to that on PowerSave_Fast (POW-006)
Information: Propagated activity on scenario PowerSave_Typical identical to that on PowerSave_Fast (POW-006)
CTS Cell EM initialization finished
Information: The value of option cts.compile.enable_cell_relocation has been overridden to "leaf_only" to support latency-driven placement. (CTS-973)
Scenario Normal_Fast is cellEm
Scenario PowerSave_Fast is cellEm
Info: update em.
CTS Cell EM initialization finished
Warning: No clock routing rules were specified. Use set_clock_routing_rules to specify routing rules for accurate clock latency estimation. (OPT-902)
Warning: No clock routing rules were specified. Use set_clock_routing_rules to specify routing rules for accurate clock latency estimation. (OPT-902)
Information: Estimating clock gate latencies for scenario 'PowerSave_Typical'. (OPT-909)
Warning: No clock routing rules were specified. Use set_clock_routing_rules to specify routing rules for accurate clock latency estimation. (OPT-902)
Information: Estimating clock gate latencies for scenario 'PowerSave_Slow'. (OPT-909)
Warning: No clock routing rules were specified. Use set_clock_routing_rules to specify routing rules for accurate clock latency estimation. (OPT-902)
Information: Estimating clock gate latencies for scenario 'PowerSave_Fast'. (OPT-909)
Warning: No clock routing rules were specified. Use set_clock_routing_rules to specify routing rules for accurate clock latency estimation. (OPT-902)
Information: Estimating clock gate latencies for scenario 'Normal_Typical'. (OPT-909)
Warning: No clock routing rules were specified. Use set_clock_routing_rules to specify routing rules for accurate clock latency estimation. (OPT-902)
Information: Estimating clock gate latencies for scenario 'Normal_Slow'. (OPT-909)
Warning: No clock routing rules were specified. Use set_clock_routing_rules to specify routing rules for accurate clock latency estimation. (OPT-902)
Information: Estimating clock gate latencies for scenario 'Normal_Fast'. (OPT-909)
Scenario Normal_Fast is cellEm
Scenario PowerSave_Fast is cellEm
Info: update em.
CTS Cell EM initialization finished
Information: The value of option cts.compile.enable_cell_relocation has been overridden to "leaf_only" to support latency-driven placement. (CTS-973)
Scenario Normal_Fast is cellEm
Scenario PowerSave_Fast is cellEm
Info: update em.
CTS Cell EM initialization finished
Warning: No clock routing rules were specified. Use set_clock_routing_rules to specify routing rules for accurate clock latency estimation. (OPT-902)
CGRW: permuting timing equivalent pins only
Corner Scaling is off, multiplier is 1.000000
ORB: timingScenario Normal_Slow timingCorner Slow
INFO: Using corner Fast for worst leakage corner
Using default layer M4
new cutoff lpd: 3.18383e-05
corner scaling: maxCornerId = 3
corner=Fast, tran factor=0.839605 (0.028406 / 0.033833)
corner=Typical, tran factor=0.945497 (0.031989 / 0.033833)
corner=Slow, tran factor=1.000000 (0.033833 / 0.033833)
ORB: Nominal = 0.0056185  Design MT = inf  Target = 0.0338329 (6.022 nominal)  MaxRC = 0.022324
ORB: Fast Target = 0.011791 ( 2.099 nominal )
ORB: stageDelay=0.026139, stageLength=1609839
nplLib: default vr hor dist = 322
nplLib: default vr ver dist = 322
nplLib: default vr buf size = 2
nplLib: default vr buf size = 1
Info: embedded eLpp will optimize for scenario Normal_Fast
Info: embedded eLpp will optimize for scenario Normal_Slow
Info: embedded eLpp will optimize for scenario Normal_Typical
Info: embedded eLpp will optimize for scenario PowerSave_Fast
Info: embedded eLpp will optimize for scenario PowerSave_Slow
Info: embedded eLpp will optimize for scenario PowerSave_Typical
Info: e-eLpp used with low effort
Start transferring placement data.
****** eLpp estimated wire length 
4.34979% of the net wire length are clock nets
0% of the clock net wire length has no activity
Clock net wire length: 5.21026e+06
Total net wire length: 1.19782e+08
****** eLpp weights (no caps)
Number of nets: 1645, of which 1633 non-clock nets
Number of nets with 0 toggle rate: 25
Max toggle rate = 0.576191, average toggle rate = 0.0107087
Max non-clock toggle rate = 0.0471191
eLpp weight range = (0, 53.8056)
*** 2 nets are filtered out
****** Net weight manager: report ******
Weights included: eLpp  PostEffort  
Number of nets with non-default weights: 1645
Amt power = 0.1
Non-default weight range: (0.9, 10.2806)
Information: Automatic repeater spreading is enabled.
Restructuring in 1 hierarchies
CGRW: importing permutable pins & pairs, size 8 and above
Information: Automatic timing control is enabled.
checking app option clockgate_objective_weight : none
Information: Clock gate latency aware placement is enabled. (PLACE-085)
Using worst RC corner 'Slow' for buffer aware analysis.
Scenario Normal_Fast is cellEm
Scenario PowerSave_Fast is cellEm
Info: update em.
CTS Cell EM initialization finished
Scenario Normal_Fast is cellEm
Scenario PowerSave_Fast is cellEm
Info: update em.
CTS Cell EM initialization finished
Information: The value of option cts.compile.enable_cell_relocation has been overridden to "leaf_only" to support latency-driven placement. (CTS-973)
Scenario Normal_Fast is cellEm
Scenario PowerSave_Fast is cellEm
Info: update em.
CTS Cell EM initialization finished
DTDP placement: scenario=Normal_Slow
Scenario Normal_Fast is cellEm
Scenario PowerSave_Fast is cellEm
Info: update em.
CTS Cell EM initialization finished
Scenario Normal_Fast is cellEm
Scenario PowerSave_Fast is cellEm
Info: update em.
CTS Cell EM initialization finished
Factor(3) = 1
Factor(2) = 0.759846
Factor(1) = 0.591828
Factor(BASE) = 1
Information: The net parasitics of block dut_toplevel are cleared. (TIM-123)
skew 2430 name=clk included=1
Completed transferring placement data.
Running placement using 12 thread(s)
Information: Enhanced Auto Density Control is used. (PLACE-098)
Information: Enhanced auto density configuration is 13179.
Information: Automatic density control has selected the following settings: max_density 0.60, congestion_driven_max_util 0.87. (PLACE-027)
Information: HFW control 'on' invoked.
coarse place 50% done.
coarse place 60% done.
coarse place 70% done.
coarse place 80% done.
coarse place 90% done.
coarse place 100% done.
Information: Coarse placer weighted wire length estimate = 1.36503e+08
Information: Extraction observers are detached as design net change threshold is reached.
Stored 0 bounds for preserving balanced registers 
Scenario Normal_Fast is cellEm
Scenario PowerSave_Fast is cellEm
Information: The stitching and editing of coupling caps is turned OFF for design 'dut_toplevel.dlib:dut_toplevel/placement_and_optimization.design'. (TIM-125)
Information: The RC mode used is RDE for design 'dut_toplevel'. (NEX-022)
Information: Design Average RC for design dut_toplevel  (NEX-011)
Information: r = 2.057309 ohm/um, via_r = 1.199439 ohm/cut, c = 0.134123 ff/um, cc = 0.000000 ff/um (X dir) (NEX-017)
Information: r = 2.669338 ohm/um, via_r = 0.909198 ohm/cut, c = 0.123726 ff/um, cc = 0.000000 ff/um (Y dir) (NEX-017)
Information: Update timing completed net estimation for all the timing graph nets (TIM-111)
Information: Net estimation statistics: timing graph nets = 1645, routed nets = 0, across physical hierarchy nets = 0, parasitics cached nets = 1645, delay annotated nets = 0, parasitics annotated nets = 0, multi-voltage nets = 0. (TIM-112)
Info: update em.
CTS Cell EM initialization finished
Information: The value of option cts.compile.enable_cell_relocation has been overridden to "leaf_only" to support latency-driven placement. (CTS-973)
Scenario Normal_Fast is cellEm
Scenario PowerSave_Fast is cellEm
Info: update em.
CTS Cell EM initialization finished
Warning: No clock routing rules were specified. Use set_clock_routing_rules to specify routing rules for accurate clock latency estimation. (OPT-902)
Warning: No clock routing rules were specified. Use set_clock_routing_rules to specify routing rules for accurate clock latency estimation. (OPT-902)
Information: Estimating clock gate latencies for scenario 'PowerSave_Typical'. (OPT-909)
Warning: No clock routing rules were specified. Use set_clock_routing_rules to specify routing rules for accurate clock latency estimation. (OPT-902)
Information: Estimating clock gate latencies for scenario 'PowerSave_Slow'. (OPT-909)
Warning: No clock routing rules were specified. Use set_clock_routing_rules to specify routing rules for accurate clock latency estimation. (OPT-902)
Information: Estimating clock gate latencies for scenario 'PowerSave_Fast'. (OPT-909)
Warning: No clock routing rules were specified. Use set_clock_routing_rules to specify routing rules for accurate clock latency estimation. (OPT-902)
Information: Estimating clock gate latencies for scenario 'Normal_Typical'. (OPT-909)
Warning: No clock routing rules were specified. Use set_clock_routing_rules to specify routing rules for accurate clock latency estimation. (OPT-902)
Information: Estimating clock gate latencies for scenario 'Normal_Slow'. (OPT-909)
Warning: No clock routing rules were specified. Use set_clock_routing_rules to specify routing rules for accurate clock latency estimation. (OPT-902)
Information: Estimating clock gate latencies for scenario 'Normal_Fast'. (OPT-909)
Start DFT optimization
START_CMD: optimize_dft        CPU:    466 s ( 0.13 hr) ELAPSE:    139 s ( 0.04 hr) MEM-PEAK:  1548 Mb Wed Jun 18 13:00:08 2025
DFT optimization is skipped due to no scan chains were found
END_CMD: optimize_dft          CPU:    466 s ( 0.13 hr) ELAPSE:    139 s ( 0.04 hr) MEM-PEAK:  1548 Mb Wed Jun 18 13:00:08 2025
End DFT optimization
Start TieCellOpt
Number of Site types in the design = 1
Setting up Chip Core
Chip Core shape: (50000 50000) (531000 338000)
Number of VARs = 1
Number of unique PDs = 1
Number of Power Domains = 1
Number of Voltage Areas = 1
Number of supply Nets = 2
Number of used supplies = 0
Blocked VAs: 
------------------------
Begin tie-cell insertion
INFO: debug level = 0
INFO: max fanout = 999
INFO: max diameter (in user unit) = 12.00
INFO: Available logic one lib cells: SAEDRVT14_TIE1_PV1ECO_1 SAEDRVT14_TIE1_V1_2 SAEDRVT14_TIE1_V1ECO_1 SAEDRVT14_TIE1_4 
INFO: Available logic zero lib cells: SAEDRVT14_TIE0_PV1ECO_1 SAEDRVT14_TIE0_4 SAEDRVT14_TIE0_V1_2 
INFO: Tie cell support for abstract block enabled
INFO: Found 0 nets with max_cap violations
INFO: Found 0 nets with max_diameter violations
INFO: Found 0 nets with max_fanout violations
INFO: ripping up old tie-cells.
INFO: Found 25 tie-low cells with 667 load pins
INFO: Number of nets with violations: 25
Information: Initializing classic cellmap without advanced rules enabled and without PDC enabled
Information: The following app options are used in cellmap
        place.legalize.enable_color_aware_placement : false
        place.legalize.use_nll_query_cm : false
        place.legalize.enable_advanced_legalizer : false
        place.legalize.enable_prerouted_net_check : true
        place.legalize.enable_advanced_prerouted_net_check : false
        place.legalize.always_continue : true
        place.legalize.limit_legality_checks : false
        place.common.pnet_aware_density : 1.0000
        place.common.pnet_aware_min_width : 0.0000
        place.common.pnet_aware_layers : {}
        place.common.use_placement_model : false
        place.common.enable_advanced_placement_model : true
        cts.placement.cell_spacing_rule_style : maximum
Warning: Library cell saed14rvt_frame_timing:SAEDRVT14_ISOFSDPQ_PECO_8.frame is missing supply pins. Its power structure cannot be determined. (LGL-050)
Warning: Library cell saed14rvt_frame_timing:SAEDRVT14_DCAP_PV1ECO_12.frame is missing supply pins. Its power structure cannot be determined. (LGL-050)
Total 0.0082 seconds to build cellmap data
INFO: creating 13(r) x 20(c) GridCells YDim 3 XDim 3
INFO: number of GridCells (0xd94fe2d8): 260
INFO: creating 13(r) x 20(c) GridCells YDim 3 XDim 3
INFO: number of GridCells (0xd94fe2d8): 260
Total 0.0155 seconds to load 1693 cell instances into cellmap, 1215 cells are off site row
Moveable cells: 1215; Application fixed cells: 0; Macro cells: 0; User fixed cells: 478
Average cell width 1.2595, cell height 0.6000, cell area 0.7557 for total 1215 placed and application fixed cells
INFO: Removed 25 tie-low cells
INFO: total number of constant pins: 667
INFO: constant pins which are scan-pins: 656
INFO: constant pins that are not scan-pins: 11
INFO: Added 13 tie-low cells
End TieCellOpt
Information: Ending   'create_placement' (FLW-8001)
Information: Time: 2025-06-18 13:00:08 / Session:  00:02:19 / Command:  00:00:22 / CPU:  00:01:15 / Memory: 1549 MB (FLW-8100)
1
legalize_placement
Information: Starting 'legalize_placement' (FLW-8000)
Information: Time: 2025-06-18 13:00:08 / Session:  00:02:19 / Command:  00:00:00 / CPU:  00:00:00 / Memory: 1549 MB (FLW-8100)
nplDplc2Placer::setParam(effort,1)
nplDplc2Placer::setParam(debug,0)
nplDplc2Placer::setParam(site_check,2)
nplDplc2Placer::setParam(app_firm_wgt,0)
Warning: Routing direction of metal layer PO is neither "horizontal" nor "vertical".  PDC checks will not be performed on this layer. (PDC-003)
PDC app_options settings =========
	place.legalize.enable_prerouted_net_check: 1
	place.legalize.num_tracks_for_access_check: 1
	place.legalize.use_eol_spacing_for_access_check: 0
	place.legalize.allow_touch_track_for_access_check: 1
	place.legalize.reduce_conservatism_in_eol_check: 0
	place.legalize.preroute_shape_merge_distance: 0.0
	place.legalize.enable_non_preferred_direction_span_check: 0

Layer M1: cached 0 shapes out of 49 total shapes.
Layer M2: cached 588 shapes out of 588 total shapes.
Layer M3: cached 588 shapes out of 588 total shapes.
Cached 1764 vias out of 2618 total vias.

Legalizing Top Level Design dut_toplevel ... 
Information: Initializing classic cellmap without advanced rules enabled and without PDC enabled
Information: The following app options are used in cellmap
        place.legalize.enable_color_aware_placement : false
        place.legalize.use_nll_query_cm : false
        place.legalize.enable_advanced_legalizer : false
        place.legalize.enable_prerouted_net_check : true
        place.legalize.enable_advanced_prerouted_net_check : false
        place.legalize.always_continue : true
        place.legalize.limit_legality_checks : false
        place.common.pnet_aware_density : 1.0000
        place.common.pnet_aware_min_width : 0.0000
        place.common.pnet_aware_layers : {}
        place.common.use_placement_model : false
        place.common.enable_advanced_placement_model : true
        cts.placement.cell_spacing_rule_style : maximum
Warning: Library cell saed14rvt_frame_timing:SAEDRVT14_ISOFSDPQ_PECO_8.frame is missing supply pins. Its power structure cannot be determined. (LGL-050)
Note - message 'LGL-050' limit (5) exceeded. Remainder will be suppressed.
Total 0.0080 seconds to build cellmap data
Information: Creating classic rule checker.
Warning: Routing direction of metal layer PO is neither "horizontal" nor "vertical".  PDC checks will not be performed on this layer. (PDC-003)
=====> Processed 78 ref cells (23 fillers) from library

Bounds/Regions In This Design:
        Area    Num Cells  Exclusive Name
 (square um)
     1385.28         1681        Yes DEFAULT_VA

Starting legalizer.
Warning: Exclusive bound 'DEFAULT' has no cells.
Optimizing Exclusive Bound 'DEFAULT_VA' (2/2)
    Done Exclusive Bound 'DEFAULT_VA' (2/2) (0 sec)
Legalization complete (0 total sec)

****************************************
  Report : Placement Attempts
  Site   : unit
****************************************

number of cells:                   1681
number of references:                78
number of site rows:                 48
number of locations attempted:    21850
number of locations failed:         807  (3.7%)

Legality of references at locations:
1 references had failures.

Worst 1 references by total failures:
 CELLS       UNFLIPPED                       FLIPPED                REFERENCE NAME
         ATTEMPTS  FAILURES            ATTEMPTS  FAILURES           
    18       1064       410 ( 38.5%)        520       397 ( 76.3%)  SAEDRVT14_ADDH_0P5

Worst 1 references by failure rate:
 CELLS       UNFLIPPED                       FLIPPED                REFERENCE NAME
         ATTEMPTS  FAILURES            ATTEMPTS  FAILURES           
    18       1064       410 ( 38.5%)        520       397 ( 76.3%)  SAEDRVT14_ADDH_0P5

Legality of references in rows:
0 references had row failures.

****************************************
  Report : Cell Displacements
****************************************

number of cells aggregated:        1203 (20548 total sites)
avg row height over cells:        0.600 um
rms cell displacement:            0.237 um ( 0.40 row height)
rms weighted cell displacement:   0.237 um ( 0.40 row height)
max cell displacement:            1.156 um ( 1.93 row height)
avg cell displacement:            0.198 um ( 0.33 row height)
avg weighted cell displacement:   0.198 um ( 0.33 row height)
number of cells moved:             1202
number of large displacements:        0
large displacement threshold:     3.000 row height

Displacements of worst 10 cells:
Cell: DP_OP_33_12155_941_J1/U_667 (SAEDRVT14_ADDF_V1_0P5)
  Input location: (17.4074,19.9555)
  Legal location: (17.432,18.8)
  Displacement:   1.156 um ( 1.93 row height)
Cell: DP_OP_33_12155_941_J1/U_432 (SAEDRVT14_ADDH_0P5)
  Input location: (27.2697,10.4696)
  Legal location: (26.238,10.4)
  Displacement:   1.034 um ( 1.72 row height)
Cell: DP_OP_33_12155_941_J1/U_487 (SAEDRVT14_ADDH_0P5)
  Input location: (39.1785,9.3818)
  Legal location: (38.226,9.2)
  Displacement:   0.970 um ( 1.62 row height)
Cell: place_optoptlc_547 (SAEDRVT14_TIE0_4)
  Input location: (16.692,15.2)
  Legal location: (15.952,15.8)
  Displacement:   0.953 um ( 1.59 row height)
Cell: ctmi_2121 (SAEDRVT14_ND2_CDC_0P5)
  Input location: (41.7202,29.3128)
  Legal location: (41.704,30.2)
  Displacement:   0.887 um ( 1.48 row height)
Cell: DP_OP_33_12155_941_J1/U_528 (SAEDRVT14_ADDF_V1_0P5)
  Input location: (44.0966,10.6376)
  Legal location: (43.258,10.4)
  Displacement:   0.872 um ( 1.45 row height)
Cell: DP_OP_33_12155_941_J1/ctmi_2344 (SAEDRVT14_NR2_1)
  Input location: (25.5339,9.4278)
  Legal location: (24.758,9.8)
  Displacement:   0.861 um ( 1.43 row height)
Cell: DP_OP_33_12155_941_J1/ctmi_2318 (SAEDRVT14_NR2_1)
  Input location: (24.8417,9.9349)
  Legal location: (24.018,9.8)
  Displacement:   0.835 um ( 1.39 row height)
Cell: DP_OP_33_12155_941_J1/ctmi_2386 (SAEDRVT14_NR2_MM_0P5)
  Input location: (30.9634,14.2486)
  Legal location: (30.234,14.6)
  Displacement:   0.810 um ( 1.35 row height)
Cell: DP_OP_33_12155_941_J1/ctmi_2370 (SAEDRVT14_NR2_1)
  Input location: (29.6526,15.5112)
  Legal location: (30.382,15.2)
  Displacement:   0.793 um ( 1.32 row height)

Information: Extraction observers are detached as design net change threshold is reached.
Legalization succeeded.
Total Legalizer CPU: 0.308
Total Legalizer Wall Time: 0.308
----------------------------------------------------------------
Information: Ending   'legalize_placement' (FLW-8001)
Information: Time: 2025-06-18 13:00:09 / Session:  00:02:19 / Command:  00:00:00 / CPU:  00:00:00 / Memory: 1549 MB (FLW-8100)
1
# place_opt
place_opt
Information: Starting 'place_opt' (FLW-8000)
Information: Time: 2025-06-18 13:00:09 / Session:  00:02:19 / Command:  00:00:00 / CPU:  00:00:00 / Memory: 1549 MB (FLW-8100)
Information: The command 'place_opt' cleared the undo history. (UNDO-016)
INFO: place_opt is running in balanced flow mode
Warning: Cannot find any max transition constraint on the design. (OPT-070)
Info: Enabling UPS place_opt flow
INFO: EarlyGR flow is not enabled.
.INFO: disable CRPR-based timing. 
Number of Site types in the design = 1
Setting up Chip Core
Chip Core shape: (50000 50000) (531000 338000)
Number of VARs = 1
Number of unique PDs = 1
Number of Power Domains = 1
Number of Voltage Areas = 1
Number of supply Nets = 2
Number of used supplies = 0
Blocked VAs: 
Information: The value of option cts.compile.enable_cell_relocation has been overridden to "leaf_only" to support latency-driven placement. (CTS-973)
Warning: No clock routing rules were specified. Use set_clock_routing_rules to specify routing rules for accurate clock latency estimation. (OPT-902)
Warning: No clock routing rules were specified. Use set_clock_routing_rules to specify routing rules for accurate clock latency estimation. (OPT-902)
Information: Estimating clock gate latencies for scenario 'PowerSave_Typical'. (OPT-909)
Warning: No clock routing rules were specified. Use set_clock_routing_rules to specify routing rules for accurate clock latency estimation. (OPT-902)
Information: Estimating clock gate latencies for scenario 'PowerSave_Slow'. (OPT-909)
Warning: No clock routing rules were specified. Use set_clock_routing_rules to specify routing rules for accurate clock latency estimation. (OPT-902)
Information: Estimating clock gate latencies for scenario 'PowerSave_Fast'. (OPT-909)
Warning: No clock routing rules were specified. Use set_clock_routing_rules to specify routing rules for accurate clock latency estimation. (OPT-902)
Information: Estimating clock gate latencies for scenario 'Normal_Typical'. (OPT-909)
Warning: No clock routing rules were specified. Use set_clock_routing_rules to specify routing rules for accurate clock latency estimation. (OPT-902)
Information: Estimating clock gate latencies for scenario 'Normal_Slow'. (OPT-909)
Warning: No clock routing rules were specified. Use set_clock_routing_rules to specify routing rules for accurate clock latency estimation. (OPT-902)
Information: Estimating clock gate latencies for scenario 'Normal_Fast'. (OPT-909)

----------------------------------------------------------------------------------------------------------
Information: Starting place_opt / final_place (FLW-8000)
Information: Time: 2025-06-18 13:00:11 / Session:  00:02:21 / Command:  00:00:02 / CPU:  00:00:04 / Memory: 1549 MB (FLW-8100)
----------------------------------------------------------------------------------------------------------

Information: The RC mode used is RDE for design 'dut_toplevel'. (NEX-022)
Information: Update timing completed net estimation for all the timing graph nets (TIM-111)
Information: Net estimation statistics: timing graph nets = 1633, routed nets = 0, across physical hierarchy nets = 0, parasitics cached nets = 1633, delay annotated nets = 0, parasitics annotated nets = 0, multi-voltage nets = 0. (TIM-112)


    Scenario Normal_Fast  WNS = 0.000000, TNS = 0.000000, NVP = 0
    Scenario Normal_Slow  WNS = 0.130719, TNS = 0.420373, NVP = 5
    Scenario Normal_Typical  WNS = 0.000000, TNS = 0.000000, NVP = 0
    Scenario PowerSave_Fast  WNS = 0.000000, TNS = 0.000000, NVP = 0
    Scenario PowerSave_Slow  WNS = 0.000000, TNS = 0.000000, NVP = 0
    Scenario PowerSave_Typical  WNS = 0.000000, TNS = 0.000000, NVP = 0

     ELAPSED  WORST NEG TOTAL NEG              MAX       MAX     BUFFER    INVERTER   LVTH      LVTH      PEAK   
      TIME      SLACK     SLACK     AREA    TRAN COST CAP COST    COUNT     COUNT     COUNT    PERCENT   MEMORY  
    --------- --------- --------- --------- --------- --------- --------- --------- --------- --------- ---------
      0:02:21     0.131     0.420  1024.752     0.000     2.252        14        22         0     0.000      1548 


Place-opt optimization summary            SETUP-COST    R2R-COST HOLD-COST LDRC-COST          AREA     LEAKAGE     INSTCNT            ELAPSE       MEM
Place-opt optimization Phase 4 Iter  1          0.42        0.42         -         -        912.33  33670192.00        1203              0.04      1548


Information: Starting place_opt / final_place / Optimization (FLW-8000)
Information: Time: 2025-06-18 13:00:11 / Session:  00:02:21 / Command:  00:00:02 / CPU:  00:00:07 / Memory: 1549 MB (FLW-8100)

Place-opt command begin                   CPU:   422 s (  0.12 hr )  ELAPSE:   142 s (  0.04 hr )  MEM-PEAK:  1548 MB
Warning: Cannot find any max transition constraint on the design. (OPT-070)
Info: update em.

Place-opt timing update complete          CPU:   422 s (  0.12 hr )  ELAPSE:   142 s (  0.04 hr )  MEM-PEAK:  1548 MB

Place-opt initial QoR
_____________________
Scenario Mapping Table
1: Normal_Fast
2: Normal_Slow
3: Normal_Typical
4: PowerSave_Fast
5: PowerSave_Slow
6: PowerSave_Typical

Pathgroup Mapping Table
1: **default**
2: **async_default**
3: **clock_gating_default**
4: **in2reg_default**
5: **reg2out_default**
6: **in2out_default**
7: clk

-------------------------------------------------------------------------------------------------------------------------------------------------------------
PATHGROUP QOR 
-------------------------------------------------------------------------------------------------------------------------------------------------------------
Scene  PG      WNS        TNS    NSV      WHV        THV    NHV
    1   1   0.0000     0.0000      0        -          -      -
    1   2   0.0000     0.0000      0        -          -      -
    1   3   0.0000     0.0000      0        -          -      -
    1   4   0.0000     0.0000      0        -          -      -
    1   5   0.0000     0.0000      0        -          -      -
    1   6   0.0000     0.0000      0        -          -      -
    1   7   0.0000     0.0000      0        -          -      -
    2   1   0.0000     0.0000      0        -          -      -
    2   2   0.0000     0.0000      0        -          -      -
    2   3   0.0000     0.0000      0        -          -      -
    2   4   0.0000     0.0000      0        -          -      -
    2   5   0.0000     0.0000      0        -          -      -
    2   6   0.0000     0.0000      0        -          -      -
    2   7   0.1307     0.4204      5        -          -      -
    3   1   0.0000     0.0000      0        -          -      -
    3   2   0.0000     0.0000      0        -          -      -
    3   3   0.0000     0.0000      0        -          -      -
    3   4   0.0000     0.0000      0        -          -      -
    3   5   0.0000     0.0000      0        -          -      -
    3   6   0.0000     0.0000      0        -          -      -
    3   7   0.0000     0.0000      0        -          -      -
    4   1   0.0000     0.0000      0        -          -      -
    4   2   0.0000     0.0000      0        -          -      -
    4   3   0.0000     0.0000      0        -          -      -
    4   4   0.0000     0.0000      0        -          -      -
    4   5   0.0000     0.0000      0        -          -      -
    4   6   0.0000     0.0000      0        -          -      -
    4   7   0.0000     0.0000      0        -          -      -
    5   1   0.0000     0.0000      0        -          -      -
    5   2   0.0000     0.0000      0        -          -      -
    5   3   0.0000     0.0000      0        -          -      -
    5   4   0.0000     0.0000      0        -          -      -
    5   5   0.0000     0.0000      0        -          -      -
    5   6   0.0000     0.0000      0        -          -      -
    5   7   0.0000     0.0000      0        -          -      -
    6   1   0.0000     0.0000      0        -          -      -
    6   2   0.0000     0.0000      0        -          -      -
    6   3   0.0000     0.0000      0        -          -      -
    6   4   0.0000     0.0000      0        -          -      -
    6   5   0.0000     0.0000      0        -          -      -
    6   6   0.0000     0.0000      0        -          -      -
    6   7   0.0000     0.0000      0        -          -      -
----------------------------------------------------------------------------------------------------------------------------------------------------------------------
SCENARIO QOR 
----------------------------------------------------------------------------------------------------------------------------------------------------------------------
Scene  PG      WNS        TNS   R2RTNS    NSV      WHV        THV    NHV  MaxTrnV   MaxTranC  MaxCapV    Leakage     CellEMV
    1   *   0.0000     0.0000   0.0000      0        -          -      -        0     0.0000        0 33670192.0           0
    2   *   0.1307     0.4204   0.4204      5        -          -      -        0     0.0000        1  16724.732           0
    3   *   0.0000     0.0000   0.0000      0        -          -      -        0     0.0000        0 318688.594           0
    4   *   0.0000     0.0000   0.0000      0        -          -      -        0     0.0000        0 33670192.0           0
    5   *   0.0000     0.0000   0.0000      0        -          -      -        0     0.0000        1  16724.732           0
    6   *   0.0000     0.0000   0.0000      0        -          -      -        0     0.0000        0 318688.594           0
----------------------------------------------------------------------------------------------------------------------------------------------------------------------
DESIGN QOR 
----------------------------------------------------------------------------------------------------------------------------------------------------------------------
Scene  PG      WNS        TNS   R2RTNS    NSV      WHV        THV    NHV  MaxTrnV   MaxTranC  MaxCapV    Leakage         Area    InstCnt     BufCnt     InvCnt     CellEMV
    *   *   0.1307     0.4204   0.4204      5   0.0000     0.0000      0        0     0.0000        1 33670192.0       912.33       1203         14         22           0
----------------------------------------------------------------------------------------------------------------------------------------------------------------------

Place-opt initial QoR Summary       WNS        TNS   R2RTNS    NSV      WHV        THV    NHV  MaxTrnV  MaxCapV    Leakage         Area    InstCnt
Place-opt initial QoR Summary    0.1307     0.4204   0.4204      5   0.0000     0.0000      0        0        1 33670192.0       912.33       1203
Information: The netlist change observers are disabled for incremental extraction. (TIM-126)
INFO: using 12 threads
Place-opt initialization complete         CPU:   439 s (  0.12 hr )  ELAPSE:   144 s (  0.04 hr )  MEM-PEAK:  1548 MB
Place-opt optimization summary            SETUP-COST    R2R-COST HOLD-COST LDRC-COST          AREA     LEAKAGE     INSTCNT            ELAPSE       MEM
Warning: Cannot find any max transition constraint on the design. (OPT-070)
Information: The netlist change observers are enabled for incremental extraction. (TIM-127)

Information: Initializing classic cellmap without advanced rules enabled and without PDC enabled
Information: The following app options are used in cellmap
        place.legalize.enable_color_aware_placement : false
        place.legalize.use_nll_query_cm : false
        place.legalize.enable_advanced_legalizer : false
        place.legalize.enable_prerouted_net_check : true
        place.legalize.enable_advanced_prerouted_net_check : false
        place.legalize.always_continue : true
        place.legalize.limit_legality_checks : false
        place.common.pnet_aware_density : 1.0000
        place.common.pnet_aware_min_width : 0.0000
        place.common.pnet_aware_layers : {}
        place.common.use_placement_model : false
        place.common.enable_advanced_placement_model : true
        cts.placement.cell_spacing_rule_style : maximum
Warning: Library cell saed14rvt_frame_timing:SAEDRVT14_ISOFSDPQ_PECO_8.frame is missing supply pins. Its power structure cannot be determined. (LGL-050)
Warning: Library cell saed14rvt_frame_timing:SAEDRVT14_DCAP_PV1ECO_12.frame is missing supply pins. Its power structure cannot be determined. (LGL-050)
Total 0.0077 seconds to build cellmap data
INFO: creating 22(r) x 33(c) GridCells YDim 1.8 XDim 1.8
INFO: number of GridCells (0xb8fcdb00): 726
INFO: creating 22(r) x 33(c) GridCells YDim 1.8 XDim 1.8
INFO: number of GridCells (0xb8fcdb00): 726
Total 0.0171 seconds to load 1681 cell instances into cellmap
Moveable cells: 1203; Application fixed cells: 0; Macro cells: 0; User fixed cells: 478
Average cell width 1.2640, cell height 0.6000, cell area 0.7584 for total 1203 placed and application fixed cells
Place-opt optimization Phase 8 Iter  1          0.42        0.42      0.00         1        912.33  33670192.00        1203              0.04      1548
Corner Scaling is off, multiplier is 1.000000
Corner Scaling is off, multiplier is 1.000000
Using default layer M4
corner scaling: maxCornerId = 3
corner=Fast, tran factor=0.839605 (0.028406 / 0.033833)
corner=Typical, tran factor=0.945497 (0.031989 / 0.033833)
corner=Slow, tran factor=1.000000 (0.033833 / 0.033833)
bmap: stepx = stepy = 30000
creating bmap
DB units per micron : 10000
INFO: New Levelizer turned on
Place-opt optimization Phase 8 Iter  2          0.42        0.42      0.00         1        912.33  33670192.00        1203              0.04      1548

Place-opt optimization Phase 9 Iter  1          0.42        0.42      0.00         1        912.33  33679192.00        1203              0.04      1548

Information: Ending   place_opt / final_place / Optimization (FLW-8001)
Information: Time: 2025-06-18 13:00:15 / Session:  00:02:25 / Command:  00:00:06 / CPU:  00:00:33 / Memory: 1549 MB (FLW-8100)

Information: Starting place_opt / final_place / Timing and Congestion Driven Placement with Legalization (FLW-8000)
Information: Time: 2025-06-18 13:00:15 / Session:  00:02:25 / Command:  00:00:06 / CPU:  00:00:33 / Memory: 1549 MB (FLW-8100)
Place-opt optimization Phase 11 Iter  1         0.42        0.42      0.00         1        912.33  33679192.00        1203              0.04      1548
Running final (timing-driven) placement step.
----------------------------------------------------------------
Running congestion-aware direct-timing-driven placement
Start Timing-driven placement
Start transferring placement data.
Warning: To enable pin track alignment feature, the advanced legalizer has to be turned on using app option "place.legalize.enable_advanced_legalizer".
Warning: Pin track alignment feature will be disabled in this run
Information: Initializing classic cellmap without advanced rules enabled and without PDC enabled
Information: The following app options are used in cellmap
        place.legalize.enable_color_aware_placement : false
        place.legalize.use_nll_query_cm : false
        place.legalize.enable_advanced_legalizer : false
        place.legalize.enable_prerouted_net_check : true
        place.legalize.enable_advanced_prerouted_net_check : false
        place.legalize.always_continue : true
        place.legalize.limit_legality_checks : false
        place.common.pnet_aware_density : 1.0000
        place.common.pnet_aware_min_width : 0.0000
        place.common.pnet_aware_layers : {}
        place.common.use_placement_model : false
        place.common.enable_advanced_placement_model : true
        cts.placement.cell_spacing_rule_style : maximum
Warning: Library cell saed14rvt_frame_timing:SAEDRVT14_ISOFSDPQ_PECO_8.frame is missing supply pins. Its power structure cannot be determined. (LGL-050)
Warning: Library cell saed14rvt_frame_timing:SAEDRVT14_DCAP_PV1ECO_12.frame is missing supply pins. Its power structure cannot be determined. (LGL-050)
Total 0.0083 seconds to build cellmap data
Snapped 1203 standard cells to the nearest cellrow to improve the accuracy of congestion analysis.
Start Global Route ... 
[Init] Elapsed real time: 0:00:00 
[Init] Elapsed cpu  time: sys=0:00:00 usr=0:00:00 total=0:00:00
[Init] Stage (MB): Used    0  Alloctr    0  Proc    0 
[Init] Total (MB): Used    7  Alloctr    8  Proc 6271 
Printing options for 'route.common.*'

Printing options for 'route.global.*'
global.deterministic                                    :	 on                  
global.timing_driven                                    :	 false               

Begin global routing.
Cell Min-Routing-Layer = M1
Cell Max-Routing-Layer = MRDL
Turn off antenna since no rule is specified
Information: Option route.detail.force_end_on_preferred_grid will be ignored since none of the layers have preferred grid. (ZRT-703)
Skipping 1 internal pins that are not physical. Set route.common.verbose_level to > 0 and run routing command to get skipped pin names.
Info: number of net_type_blockage: 0 
Information: Via ladder engine would be activated for pattern must join connection in certain commands. Please refer to man-page for the command list. (ZRT-619)
Via on layer (VIA1) needs more than one tracks
Warning: Layer M1 default pitch 0.074 may be too small to handle up/down via. Note, that minimum requirements are "wire/via-down 0.074" & "wire/via-up 0.078". (ZRT-026)
Via on layer (VIA1) needs more than one tracks
Warning: Layer M2 default pitch 0.060 may be too small to handle up/down via. Note, that minimum requirements are "wire/via-down 0.078" & "wire/via-up 0.060". (ZRT-026)
Via on layer (VIA4) needs more than one tracks
Warning: Layer M5 default pitch 0.100 may be too small to handle up/down via. Note, that minimum requirements are "wire/via-down 0.125" & "wire/via-up 0.100". (ZRT-026)
Via on layer (VIA7) needs more than one tracks
Warning: Layer M7 default pitch 0.100 may be too small to handle up/down via. Note, that minimum requirements are "wire/via-down 0.100" & "wire/via-up 0.107". (ZRT-026)
Wire on layer (M8) needs more than one tracks
Via on layer (VIA7) needs more than one tracks
Via on layer (VIA8) needs more than one tracks
Warning: Layer M8 default pitch 0.100 may be too small to handle up/down via. Note, that minimum requirements are "wire/via-down 0.107" & "wire/via-up 0.135". (ZRT-026)
Wire on layer (M9) needs more than one tracks
Via on layer (VIA8) needs more than one tracks
Via on layer (VIARDL) needs more than one tracks
Warning: Layer M9 default pitch 0.100 may be too small to handle up/down via. Note, that minimum requirements are "wire/via-down 0.135" & "wire/via-up 1.570". (ZRT-026)
Via on layer (VIARDL) needs more than one tracks
Warning: Layer MRDL default pitch 4.000 may be too small to handle up/down via. Note, that minimum requirements are "wire/via-down 4.500" & "wire/via-up 4.000". (ZRT-026)
Transition layer name: M7(6)
Transition layer name: M8(7)
Information: When applicable Min-max layer allow_pin_connection mode will allow paths of length 0.90 outside the layer range. (ZRT-707)
Information: When applicable Min-max layer allow_pin_connection mode will allow paths of length 0.90 outside the layer range on clock nets. (ZRT-718)
Information: When applicable layer based tapering will taper up to 0.00 in distance from the pin. (ZRT-706)
Warning: Standard cell pin SAEDRVT14_BUF_ECO_1/A has no valid via regions. (ZRT-044)
Warning: Standard cell pin SAEDRVT14_ADDH_0P5/CO has no valid via regions. (ZRT-044)
Current Stage stats:
[End of Read DB] Elapsed real time: 0:00:00 
[End of Read DB] Elapsed cpu  time: sys=0:00:00 usr=0:00:00 total=0:00:00
[End of Read DB] Stage (MB): Used   32  Alloctr   32  Proc  -32 
[End of Read DB] Total (MB): Used   39  Alloctr   41  Proc 6239 
Constructing data structure ...
Design statistics:
Design Bounding Box (0.00um,0.00um,58.10um,38.80um)
Number of routing layers = 10
layer M1, dir Ver, min width = 0.034um, min space = 0.026um pitch = 0.074um
layer M2, dir Hor, min width = 0.034um, min space = 0.026um pitch = 0.06um
layer M3, dir Ver, min width = 0.034um, min space = 0.026um pitch = 0.074um
layer M4, dir Hor, min width = 0.06um, min space = 0.04um pitch = 0.1um
layer M5, dir Ver, min width = 0.06um, min space = 0.04um pitch = 0.1um
layer M6, dir Hor, min width = 0.06um, min space = 0.04um pitch = 0.1um
layer M7, dir Ver, min width = 0.06um, min space = 0.04um pitch = 0.1um
layer M8, dir Hor, min width = 0.06um, min space = 0.04um pitch = 0.1um
layer M9, dir Ver, min width = 0.06um, min space = 0.04um pitch = 0.1um
layer MRDL, dir Hor, min width = 2um, min space = 2um pitch = 4um
Current Stage stats:
[End of Build Tech Data] Elapsed real time: 0:00:00 
[End of Build Tech Data] Elapsed cpu  time: sys=0:00:00 usr=0:00:00 total=0:00:00
[End of Build Tech Data] Stage (MB): Used    0  Alloctr    0  Proc    0 
[End of Build Tech Data] Total (MB): Used   40  Alloctr   41  Proc 6239 
Net statistics:
Total number of nets     = 1635
Number of nets to route  = 1633
2 nets are fully connected,
 of which 2 are detail routed and 0 are global routed.
Net length statistics: 
Net Count(Ignore Fully Rted) 1633, Total Half Perimeter Wire Length (HPWL) 11383 microns
HPWL   0 ~   50 microns: Net Count     1630	Total HPWL        11212 microns
HPWL  50 ~  100 microns: Net Count        3	Total HPWL          172 microns
HPWL 100 ~  200 microns: Net Count        0	Total HPWL            0 microns
HPWL 200 ~  300 microns: Net Count        0	Total HPWL            0 microns
HPWL 300 ~  400 microns: Net Count        0	Total HPWL            0 microns
HPWL 400 ~  500 microns: Net Count        0	Total HPWL            0 microns
HPWL 500 ~  600 microns: Net Count        0	Total HPWL            0 microns
HPWL 600 ~  700 microns: Net Count        0	Total HPWL            0 microns
HPWL 700 ~  800 microns: Net Count        0	Total HPWL            0 microns
HPWL 800 ~  900 microns: Net Count        0	Total HPWL            0 microns
HPWL 900 ~ 1000 microns: Net Count        0	Total HPWL            0 microns
HPWL     > 1000 microns: Net Count        0	Total HPWL            0 microns
Current Stage stats:
[End of Build All Nets] Elapsed real time: 0:00:00 
[End of Build All Nets] Elapsed cpu  time: sys=0:00:00 usr=0:00:00 total=0:00:00
[End of Build All Nets] Stage (MB): Used    1  Alloctr    1  Proc    0 
[End of Build All Nets] Total (MB): Used   41  Alloctr   43  Proc 6239 
Number of partitions: 1 (1 x 1)
Size of partitions: 96 gCells x 64 gCells
Average gCell capacity  3.06	 on layer (1)	 M1
Average gCell capacity  8.49	 on layer (2)	 M2
Average gCell capacity  7.83	 on layer (3)	 M3
Average gCell capacity  5.84	 on layer (4)	 M4
Average gCell capacity  5.47	 on layer (5)	 M5
Average gCell capacity  4.56	 on layer (6)	 M6
Average gCell capacity  4.74	 on layer (7)	 M7
Average gCell capacity  6.05	 on layer (8)	 M8
Average gCell capacity  6.04	 on layer (9)	 M9
Average gCell capacity  0.12	 on layer (10)	 MRDL
Average number of tracks per gCell 8.19	 on layer (1)	 M1
Average number of tracks per gCell 10.12	 on layer (2)	 M2
Average number of tracks per gCell 8.19	 on layer (3)	 M3
Average number of tracks per gCell 6.08	 on layer (4)	 M4
Average number of tracks per gCell 6.06	 on layer (5)	 M5
Average number of tracks per gCell 6.08	 on layer (6)	 M6
Average number of tracks per gCell 6.06	 on layer (7)	 M7
Average number of tracks per gCell 6.08	 on layer (8)	 M8
Average number of tracks per gCell 6.06	 on layer (9)	 M9
Average number of tracks per gCell 0.16	 on layer (10)	 MRDL
Number of gCells = 61440
Current Stage stats:
[End of Build Congestion Map] Elapsed real time: 0:00:00 
[End of Build Congestion Map] Elapsed cpu  time: sys=0:00:00 usr=0:00:00 total=0:00:00
[End of Build Congestion Map] Stage (MB): Used    2  Alloctr    2  Proc    0 
[End of Build Congestion Map] Total (MB): Used   43  Alloctr   45  Proc 6239 
Number of partitions: 1 (1 x 1)
Size of partitions: 96 gCells x 64 gCells
Current Stage stats:
[End of Add Nets Demand] Elapsed real time: 0:00:00 
[End of Add Nets Demand] Elapsed cpu  time: sys=0:00:00 usr=0:00:00 total=0:00:00
[End of Add Nets Demand] Stage (MB): Used    0  Alloctr    0  Proc    0 
[End of Add Nets Demand] Total (MB): Used   43  Alloctr   45  Proc 6239 
Number of user frozen nets = 0
Total stats:
[End of Build Data] Elapsed real time: 0:00:00 
[End of Build Data] Elapsed cpu  time: sys=0:00:00 usr=0:00:00 total=0:00:00
[End of Build Data] Stage (MB): Used    4  Alloctr    4  Proc    0 
[End of Build Data] Total (MB): Used   43  Alloctr   45  Proc 6239 
Number of partitions: 1 (1 x 1)
Size of partitions: 96 gCells x 64 gCells
Current Stage stats:
[End of Blocked Pin Detection] Elapsed real time: 0:00:00 
[End of Blocked Pin Detection] Elapsed cpu  time: sys=0:00:00 usr=0:00:00 total=0:00:00
[End of Blocked Pin Detection] Stage (MB): Used  104  Alloctr  104  Proc    0 
[End of Blocked Pin Detection] Total (MB): Used  147  Alloctr  149  Proc 6239 
Information: Using 12 threads for routing. (ZRT-444)
Information: Placement fast mode ON
Information: Multiple gcell levels ON
Information: Buffer distance is estimated to be ~271.0000um (451 gCells)

Start GR phase 0
Number of partitions: 1 (1 x 1)
Size of partitions: 96 gCells x 64 gCells
[rtAllBotParts] Elapsed real time: 0:00:00 
[rtAllBotParts] Elapsed cpu  time: sys=0:00:00 usr=0:00:00 total=0:00:00
[rtTop] Elapsed real time: 0:00:00 
[rtTop] Elapsed cpu  time: sys=0:00:00 usr=0:00:00 total=0:00:00
Current Stage stats:
[End of Initial Routing] Elapsed real time: 0:00:00 
[End of Initial Routing] Elapsed cpu  time: sys=0:00:00 usr=0:00:00 total=0:00:00
[End of Initial Routing] Stage (MB): Used    1  Alloctr    1  Proc    0 
[End of Initial Routing] Total (MB): Used  148  Alloctr  150  Proc 6239 
Initial. Routing result:
Initial. Both Dirs: Dmd-Cap  =     0 Max = 0 GRCs =     0 (0.00%)
Initial. H routing: Dmd-Cap  =     0 Max = 0 (GRCs =  0) GRCs =     0 (0.00%)
Initial. V routing: Dmd-Cap  =     0 Max = 0 (GRCs =  0) GRCs =     0 (0.00%)
Initial. Both Dirs: Overflow =    53 Max = 4 GRCs =    77 (0.63%)
Initial. H routing: Overflow =    41 Max = 4 (GRCs =  1) GRCs =    50 (0.81%)
Initial. V routing: Overflow =    12 Max = 2 (GRCs =  2) GRCs =    27 (0.44%)
Initial. M1         Overflow =     0 Max = 0 (GRCs =  0) GRCs =     0 (0.00%)
Initial. M2         Overflow =    41 Max = 4 (GRCs =  1) GRCs =    50 (0.81%)
Initial. M3         Overflow =    12 Max = 2 (GRCs =  2) GRCs =    27 (0.44%)
Initial. M4         Overflow =     0 Max = 0 (GRCs =  0) GRCs =     0 (0.00%)
Initial. M5         Overflow =     0 Max = 0 (GRCs =  0) GRCs =     0 (0.00%)
Initial. M6         Overflow =     0 Max = 0 (GRCs =  0) GRCs =     0 (0.00%)
Initial. M7         Overflow =     0 Max = 0 (GRCs =  0) GRCs =     0 (0.00%)
Initial. M8         Overflow =     0 Max = 0 (GRCs =  0) GRCs =     0 (0.00%)
Initial. M9         Overflow =     0 Max = 0 (GRCs =  0) GRCs =     0 (0.00%)
Initial. MRDL       Overflow =     0 Max = 0 (GRCs =  0) GRCs =     0 (0.00%)

Initial. Total Wire Length = 11277.77
Initial. Layer M1 wire length = 0.00
Initial. Layer M2 wire length = 4162.17
Initial. Layer M3 wire length = 5014.16
Initial. Layer M4 wire length = 1977.27
Initial. Layer M5 wire length = 124.16
Initial. Layer M6 wire length = 0.00
Initial. Layer M7 wire length = 0.00
Initial. Layer M8 wire length = 0.00
Initial. Layer M9 wire length = 0.00
Initial. Layer MRDL wire length = 0.00
Initial. Total Number of Contacts = 8407
Initial. Via VIA1_Base count = 2806
Initial. Via VIA2_Base count = 5207
Initial. Via VIA34SQ_C count = 377
Initial. Via VIA4SQ count = 17
Initial. Via VIA5SQ_C count = 0
Initial. Via VIA67SQ_C count = 0
Initial. Via VIA78SQ_C count = 0
Initial. Via VIA89_C count = 0
Initial. Via VIA9RDL count = 0
Initial. completed.

Start GR phase 1
Wed Jun 18 13:00:16 2025
Number of partitions: 1 (1 x 1)
Size of partitions: 96 gCells x 64 gCells
[rtAllParts] Elapsed real time: 0:00:00 
[rtAllParts] Elapsed cpu  time: sys=0:00:00 usr=0:00:00 total=0:00:00
Number of partitions: 1 (1 x 1)
Size of partitions: 96 gCells x 64 gCells
[updNetsDmd] Elapsed real time: 0:00:00 
[updNetsDmd] Elapsed cpu  time: sys=0:00:00 usr=0:00:00 total=0:00:00
Current Stage stats:
[End of Phase1 Routing] Elapsed real time: 0:00:00 
[End of Phase1 Routing] Elapsed cpu  time: sys=0:00:00 usr=0:00:00 total=0:00:00
[End of Phase1 Routing] Stage (MB): Used    0  Alloctr    0  Proc    0 
[End of Phase1 Routing] Total (MB): Used  148  Alloctr  150  Proc 6239 
phase1. Routing result:
phase1. Both Dirs: Dmd-Cap  =     0 Max = 0 GRCs =     0 (0.00%)
phase1. H routing: Dmd-Cap  =     0 Max = 0 (GRCs =  0) GRCs =     0 (0.00%)
phase1. V routing: Dmd-Cap  =     0 Max = 0 (GRCs =  0) GRCs =     0 (0.00%)
phase1. Both Dirs: Overflow =     1 Max = 1 GRCs =     2 (0.02%)
phase1. H routing: Overflow =     1 Max = 1 (GRCs =  2) GRCs =     2 (0.03%)
phase1. V routing: Overflow =     0 Max = 0 (GRCs =  0) GRCs =     0 (0.00%)
phase1. M1         Overflow =     0 Max = 0 (GRCs =  0) GRCs =     0 (0.00%)
phase1. M2         Overflow =     1 Max = 1 (GRCs =  2) GRCs =     2 (0.03%)
phase1. M3         Overflow =     0 Max = 0 (GRCs =  0) GRCs =     0 (0.00%)
phase1. M4         Overflow =     0 Max = 0 (GRCs =  0) GRCs =     0 (0.00%)
phase1. M5         Overflow =     0 Max = 0 (GRCs =  0) GRCs =     0 (0.00%)
phase1. M6         Overflow =     0 Max = 0 (GRCs =  0) GRCs =     0 (0.00%)
phase1. M7         Overflow =     0 Max = 0 (GRCs =  0) GRCs =     0 (0.00%)
phase1. M8         Overflow =     0 Max = 0 (GRCs =  0) GRCs =     0 (0.00%)
phase1. M9         Overflow =     0 Max = 0 (GRCs =  0) GRCs =     0 (0.00%)
phase1. MRDL       Overflow =     0 Max = 0 (GRCs =  0) GRCs =     0 (0.00%)

phase1. Total Wire Length = 11295.61
phase1. Layer M1 wire length = 0.00
phase1. Layer M2 wire length = 4041.23
phase1. Layer M3 wire length = 4997.19
phase1. Layer M4 wire length = 2107.62
phase1. Layer M5 wire length = 149.57
phase1. Layer M6 wire length = 0.00
phase1. Layer M7 wire length = 0.00
phase1. Layer M8 wire length = 0.00
phase1. Layer M9 wire length = 0.00
phase1. Layer MRDL wire length = 0.00
phase1. Total Number of Contacts = 8497
phase1. Via VIA1_Base count = 2806
phase1. Via VIA2_Base count = 5210
phase1. Via VIA34SQ_C count = 453
phase1. Via VIA4SQ count = 28
phase1. Via VIA5SQ_C count = 0
phase1. Via VIA67SQ_C count = 0
phase1. Via VIA78SQ_C count = 0
phase1. Via VIA89_C count = 0
phase1. Via VIA9RDL count = 0
phase1. completed.
[End of Whole Chip Routing] Elapsed real time: 0:00:00 
[End of Whole Chip Routing] Elapsed cpu  time: sys=0:00:00 usr=0:00:00 total=0:00:00
[End of Whole Chip Routing] Stage (MB): Used  109  Alloctr  109  Proc    0 
[End of Whole Chip Routing] Total (MB): Used  148  Alloctr  150  Proc 6239 

Congestion utilization per direction:
Average vertical track utilization   =  6.55 %
Peak    vertical track utilization   = 35.00 %
Average horizontal track utilization =  8.21 %
Peak    horizontal track utilization = 47.62 %

[End of Global Routing] Elapsed real time: 0:00:00 
[End of Global Routing] Elapsed cpu  time: sys=0:00:00 usr=0:00:00 total=0:00:00
[End of Global Routing] Stage (MB): Used  108  Alloctr  108  Proc    0 
[End of Global Routing] Total (MB): Used  147  Alloctr  149  Proc 6239 
Writing out congestion map...
Updating congestion ...
Updating congestion ...
[End of dbOut] Elapsed real time: 0:00:00 
[End of dbOut] Elapsed cpu  time: sys=0:00:00 usr=0:00:00 total=0:00:00
[End of dbOut] Stage (MB): Used  -32  Alloctr  -33  Proc    0 
[End of dbOut] Total (MB): Used   36  Alloctr   37  Proc 6239 
Using per-layer congestion maps for congestion reduction.
Information: 0.00% of design has horizontal routing density above target_routing_density of 0.80.
Information: 0.39% of design has vertical routing density above target_routing_density of 0.80.
Completed transferring placement data.
Running placement using 12 thread(s)
Information: Enhanced Auto Density Control is used. (PLACE-098)
Information: Enhanced auto density configuration is 13179.
Information: Automatic density control has selected the following settings: max_density 0.70, congestion_driven_max_util 0.89. (PLACE-027)
Information: HFW control 'on' invoked.
coarse place 100% done.
Information: Reducing cell density for 0.0% of the movable cells to alleviate congestion. This changes the average cell density in non-congested areas from 0.717 to 0.717. (PLACE-030)
Information: The value of option cts.compile.enable_cell_relocation has been overridden to "leaf_only" to support latency-driven placement. (CTS-973)
Warning: No clock routing rules were specified. Use set_clock_routing_rules to specify routing rules for accurate clock latency estimation. (OPT-902)
CGRW: permuting timing equivalent pins only
Corner Scaling is off, multiplier is 1.000000
ORB: timingScenario Normal_Slow timingCorner Slow
INFO: No active leakage scenarios. Leakage will be turned off
Using default layer M4
corner scaling: maxCornerId = 3
corner=Fast, tran factor=0.839605 (0.028406 / 0.033833)
corner=Typical, tran factor=0.945497 (0.031989 / 0.033833)
corner=Slow, tran factor=1.000000 (0.033833 / 0.033833)
ORB: Nominal = 0.0056185  Design MT = inf  Target = 0.0338329 (6.022 nominal)  MaxRC = 0.022324
ORB: Fast Target = 0.011791 ( 2.099 nominal )
ORB: stageDelay=0.026139, stageLength=1609839
nplLib: default vr hor dist = 322
nplLib: default vr ver dist = 322
nplLib: default vr buf size = 2
nplLib: default vr buf size = 1

Placement Options:
Effort:                        high_effort         
Timing Driven:                 true                
Buffering Aware Timing Driven: false               
Seed locs:                     true                
Incremental:                   false               
Congestion:                    true                
Congestion Effort:             high                
Fix Macros:                    true                
Place Macros:                  false               
Channel Size Macros:           false               

Printing options for 'place.coarse.*' (non-default only)
place.coarse.continue_on_missing_scandef                :	 true                

Information: Activity propagation will be performed for scenario Normal_Typical.
Information: Activity propagation will be performed for scenario PowerSave_Slow.
Information: Doing activity propagation for mode 'Normal' and corner 'Typical' with effort level 'medium'. (POW-024)
Information: Timer-derived activity data is cached on scenario Normal_Typical (POW-052)
Information: Running switching activity propagation with 12 threads!

 **** Information : No. of simulation cycles = 6 ****
Information: Doing activity propagation for mode 'PowerSave' and corner 'Slow' with effort level 'medium'. (POW-024)
Information: Timer-derived activity data is cached on scenario PowerSave_Slow (POW-052)
Information: Running switching activity propagation with 12 threads!

 **** Information : No. of simulation cycles = 6 ****
Information: Propagated activity on scenario PowerSave_Typical identical to that on PowerSave_Slow (POW-006)
Information: Propagated activity on scenario PowerSave_Fast identical to that on PowerSave_Slow (POW-006)
Information: Propagated activity on scenario Normal_Slow identical to that on Normal_Typical (POW-006)
Information: Propagated activity on scenario Normal_Fast identical to that on Normal_Slow (POW-006)
****** eLpp estimated wire length 
4.6736% of the net wire length are clock nets
0% of the clock net wire length has no activity
Clock net wire length: 5.5292e+06
Total net wire length: 1.18307e+08
****** eLpp weights (with caps)
Number of nets: 1633, of which 1621 non-clock nets
Number of nets with 0 toggle rate: 13
Max toggle rate = 0.576191, average toggle rate = 0.0107874
Max non-clock toggle rate = 0.0471191
eLpp weight range = (0, 35.4572)
*** 2 nets are filtered out
Start transferring placement data.
****** Net weight manager: report ******
Weights included: eLpp  PostEffort  
Number of nets with non-default weights: 1633
Amt power = 0.1
Non-default weight range: (0.9, 8.44572)
Information: Automatic repeater spreading is enabled.
Information: Automatic timing control is enabled.
checking app option clockgate_objective_weight : none
Information: Clock gate latency aware placement is enabled. (PLACE-085)
Information: The value of option cts.compile.enable_cell_relocation has been overridden to "leaf_only" to support latency-driven placement. (CTS-973)
DTDP placement: scenario=Normal_Slow
Factor(3) = 1
Factor(2) = 0.759846
Factor(1) = 0.591828
Factor(BASE) = 1
Information: The stitching and editing of coupling caps is turned OFF for design 'dut_toplevel.dlib:dut_toplevel/placement_and_optimization.design'. (TIM-125)
Information: The net parasitics of block dut_toplevel are cleared. (TIM-123)
skew 2406 name=clk included=1
Completed transferring placement data.
Running placement using 12 thread(s)
Information: Enhanced Auto Density Control is used. (PLACE-098)
Information: Enhanced auto density configuration is 13179.
Information: Automatic density control has selected the following settings: max_density 0.70, congestion_driven_max_util 0.89. (PLACE-027)
Information: HFW control 'on' invoked.
coarse place 50% done.
coarse place 60% done.
coarse place 70% done.
coarse place 80% done.
coarse place 90% done.
coarse place 100% done.
Information: Coarse placer weighted wire length estimate = 1.25268e+08
Information: Extraction observers are detached as design net change threshold is reached.
Information: The value of option cts.compile.enable_cell_relocation has been overridden to "leaf_only" to support latency-driven placement. (CTS-973)
Warning: No clock routing rules were specified. Use set_clock_routing_rules to specify routing rules for accurate clock latency estimation. (OPT-902)
Warning: No clock routing rules were specified. Use set_clock_routing_rules to specify routing rules for accurate clock latency estimation. (OPT-902)
Information: Estimating clock gate latencies for scenario 'PowerSave_Typical'. (OPT-909)
Warning: No clock routing rules were specified. Use set_clock_routing_rules to specify routing rules for accurate clock latency estimation. (OPT-902)
Information: Estimating clock gate latencies for scenario 'PowerSave_Slow'. (OPT-909)
Warning: No clock routing rules were specified. Use set_clock_routing_rules to specify routing rules for accurate clock latency estimation. (OPT-902)
Information: Estimating clock gate latencies for scenario 'PowerSave_Fast'. (OPT-909)
Warning: No clock routing rules were specified. Use set_clock_routing_rules to specify routing rules for accurate clock latency estimation. (OPT-902)
Information: Estimating clock gate latencies for scenario 'Normal_Typical'. (OPT-909)
Warning: No clock routing rules were specified. Use set_clock_routing_rules to specify routing rules for accurate clock latency estimation. (OPT-902)
Information: Estimating clock gate latencies for scenario 'Normal_Slow'. (OPT-909)
Warning: No clock routing rules were specified. Use set_clock_routing_rules to specify routing rules for accurate clock latency estimation. (OPT-902)
Information: Estimating clock gate latencies for scenario 'Normal_Fast'. (OPT-909)
----------------------------------------------------------------
Fixing logic constant
Fixing logic constant
Information: The stitching and editing of coupling caps is turned OFF for design 'dut_toplevel.dlib:dut_toplevel/placement_and_optimization.design'. (TIM-125)
Information: The RC mode used is RDE for design 'dut_toplevel'. (NEX-022)
Information: Design Average RC for design dut_toplevel  (NEX-011)
Information: r = 2.057309 ohm/um, via_r = 1.199439 ohm/cut, c = 0.130594 ff/um, cc = 0.000000 ff/um (X dir) (NEX-017)
Information: r = 2.669360 ohm/um, via_r = 0.909275 ohm/cut, c = 0.123529 ff/um, cc = 0.000000 ff/um (Y dir) (NEX-017)
Information: Update timing completed net estimation for all the timing graph nets (TIM-111)
Information: Net estimation statistics: timing graph nets = 1633, routed nets = 0, across physical hierarchy nets = 0, parasitics cached nets = 1633, delay annotated nets = 0, parasitics annotated nets = 0, multi-voltage nets = 0. (TIM-112)
Information: Initializing classic cellmap without advanced rules enabled and without PDC enabled
Information: The following app options are used in cellmap
        place.legalize.enable_color_aware_placement : false
        place.legalize.use_nll_query_cm : false
        place.legalize.enable_advanced_legalizer : false
        place.legalize.enable_prerouted_net_check : true
        place.legalize.enable_advanced_prerouted_net_check : false
        place.legalize.always_continue : true
        place.legalize.limit_legality_checks : false
        place.common.pnet_aware_density : 1.0000
        place.common.pnet_aware_min_width : 0.0000
        place.common.pnet_aware_layers : {}
        place.common.use_placement_model : false
        place.common.enable_advanced_placement_model : true
        cts.placement.cell_spacing_rule_style : maximum
Warning: Library cell saed14rvt_frame_timing:SAEDRVT14_ISOFSDPQ_PECO_8.frame is missing supply pins. Its power structure cannot be determined. (LGL-050)
Total 0.0083 seconds to build cellmap data
INFO: creating 13(r) x 20(c) GridCells YDim 3 XDim 3
INFO: number of GridCells (0xe4269ee0): 260
INFO: creating 13(r) x 20(c) GridCells YDim 3 XDim 3
INFO: number of GridCells (0xe4269ee0): 260
Total 0.0164 seconds to load 1681 cell instances into cellmap, 1203 cells are off site row
Moveable cells: 1203; Application fixed cells: 0; Macro cells: 0; User fixed cells: 478
Average cell width 1.2640, cell height 0.6000, cell area 0.7584 for total 1203 placed and application fixed cells
INFO: total number of constant pins: 628
INFO: constant pins which are scan-pins: 617
INFO: constant pins that are not scan-pins: 11
Completed Timing-driven placement, Elapsed time =   0: 0: 7 
----------------------------------------------------------------
Running congestion-aware direct-timing-driven placement
Start Timing-driven placement
Information: Disabling integrated legalization, because it requires that the advanced legalizer is enabled.
Start transferring placement data.
Warning: To enable pin track alignment feature, the advanced legalizer has to be turned on using app option "place.legalize.enable_advanced_legalizer".
Warning: Pin track alignment feature will be disabled in this run
Information: Initializing classic cellmap without advanced rules enabled and without PDC enabled
Information: The following app options are used in cellmap
        place.legalize.enable_color_aware_placement : false
        place.legalize.use_nll_query_cm : false
        place.legalize.enable_advanced_legalizer : false
        place.legalize.enable_prerouted_net_check : true
        place.legalize.enable_advanced_prerouted_net_check : false
        place.legalize.always_continue : true
        place.legalize.limit_legality_checks : false
        place.common.pnet_aware_density : 1.0000
        place.common.pnet_aware_min_width : 0.0000
        place.common.pnet_aware_layers : {}
        place.common.use_placement_model : false
        place.common.enable_advanced_placement_model : true
        cts.placement.cell_spacing_rule_style : maximum
Total 0.0084 seconds to build cellmap data
Information: Extraction observers are detached as design net change threshold is reached.
Snapped 1215 standard cells to the nearest cellrow to improve the accuracy of congestion analysis.
Start Global Route ... 
[Init] Elapsed real time: 0:00:00 
[Init] Elapsed cpu  time: sys=0:00:00 usr=0:00:00 total=0:00:00
[Init] Stage (MB): Used    0  Alloctr    0  Proc    0 
[Init] Total (MB): Used    7  Alloctr    8  Proc 6271 
Printing options for 'route.common.*'

Printing options for 'route.global.*'
global.deterministic                                    :	 on                  
global.timing_driven                                    :	 false               

Begin global routing.
Cell Min-Routing-Layer = M1
Cell Max-Routing-Layer = MRDL
Turn off antenna since no rule is specified
Information: Option route.detail.force_end_on_preferred_grid will be ignored since none of the layers have preferred grid. (ZRT-703)
Skipping 1 internal pins that are not physical. Set route.common.verbose_level to > 0 and run routing command to get skipped pin names.
Info: number of net_type_blockage: 0 
Information: Via ladder engine would be activated for pattern must join connection in certain commands. Please refer to man-page for the command list. (ZRT-619)
Via on layer (VIA1) needs more than one tracks
Warning: Layer M1 default pitch 0.074 may be too small to handle up/down via. Note, that minimum requirements are "wire/via-down 0.074" & "wire/via-up 0.078". (ZRT-026)
Via on layer (VIA1) needs more than one tracks
Warning: Layer M2 default pitch 0.060 may be too small to handle up/down via. Note, that minimum requirements are "wire/via-down 0.078" & "wire/via-up 0.060". (ZRT-026)
Via on layer (VIA4) needs more than one tracks
Warning: Layer M5 default pitch 0.100 may be too small to handle up/down via. Note, that minimum requirements are "wire/via-down 0.125" & "wire/via-up 0.100". (ZRT-026)
Via on layer (VIA7) needs more than one tracks
Warning: Layer M7 default pitch 0.100 may be too small to handle up/down via. Note, that minimum requirements are "wire/via-down 0.100" & "wire/via-up 0.107". (ZRT-026)
Wire on layer (M8) needs more than one tracks
Via on layer (VIA7) needs more than one tracks
Via on layer (VIA8) needs more than one tracks
Warning: Layer M8 default pitch 0.100 may be too small to handle up/down via. Note, that minimum requirements are "wire/via-down 0.107" & "wire/via-up 0.135". (ZRT-026)
Wire on layer (M9) needs more than one tracks
Via on layer (VIA8) needs more than one tracks
Via on layer (VIARDL) needs more than one tracks
Warning: Layer M9 default pitch 0.100 may be too small to handle up/down via. Note, that minimum requirements are "wire/via-down 0.135" & "wire/via-up 1.570". (ZRT-026)
Via on layer (VIARDL) needs more than one tracks
Warning: Layer MRDL default pitch 4.000 may be too small to handle up/down via. Note, that minimum requirements are "wire/via-down 4.500" & "wire/via-up 4.000". (ZRT-026)
Transition layer name: M7(6)
Transition layer name: M8(7)
Information: When applicable Min-max layer allow_pin_connection mode will allow paths of length 0.90 outside the layer range. (ZRT-707)
Information: When applicable Min-max layer allow_pin_connection mode will allow paths of length 0.90 outside the layer range on clock nets. (ZRT-718)
Information: When applicable layer based tapering will taper up to 0.00 in distance from the pin. (ZRT-706)
Warning: Standard cell pin SAEDRVT14_BUF_ECO_1/A has no valid via regions. (ZRT-044)
Warning: Standard cell pin SAEDRVT14_ADDH_0P5/CO has no valid via regions. (ZRT-044)
Warning: Cell DP_OP_33_12155_941_J1/ctmi_2340 is placed overlapping with other cells at {{25.276 12.800} {25.646 13.400}}. (ZRT-763)
Current Stage stats:
[End of Read DB] Elapsed real time: 0:00:00 
[End of Read DB] Elapsed cpu  time: sys=0:00:00 usr=0:00:00 total=0:00:00
[End of Read DB] Stage (MB): Used   32  Alloctr   32  Proc  -32 
[End of Read DB] Total (MB): Used   39  Alloctr   41  Proc 6239 
Constructing data structure ...
Design statistics:
Design Bounding Box (0.00um,0.00um,58.10um,38.80um)
Number of routing layers = 10
layer M1, dir Ver, min width = 0.034um, min space = 0.026um pitch = 0.074um
layer M2, dir Hor, min width = 0.034um, min space = 0.026um pitch = 0.06um
layer M3, dir Ver, min width = 0.034um, min space = 0.026um pitch = 0.074um
layer M4, dir Hor, min width = 0.06um, min space = 0.04um pitch = 0.1um
layer M5, dir Ver, min width = 0.06um, min space = 0.04um pitch = 0.1um
layer M6, dir Hor, min width = 0.06um, min space = 0.04um pitch = 0.1um
layer M7, dir Ver, min width = 0.06um, min space = 0.04um pitch = 0.1um
layer M8, dir Hor, min width = 0.06um, min space = 0.04um pitch = 0.1um
layer M9, dir Ver, min width = 0.06um, min space = 0.04um pitch = 0.1um
layer MRDL, dir Hor, min width = 2um, min space = 2um pitch = 4um
Current Stage stats:
[End of Build Tech Data] Elapsed real time: 0:00:00 
[End of Build Tech Data] Elapsed cpu  time: sys=0:00:00 usr=0:00:00 total=0:00:00
[End of Build Tech Data] Stage (MB): Used    0  Alloctr    0  Proc    0 
[End of Build Tech Data] Total (MB): Used   40  Alloctr   42  Proc 6239 
Net statistics:
Total number of nets     = 1647
Number of nets to route  = 1644
3 nets are fully connected,
 of which 3 are detail routed and 0 are global routed.
Net length statistics: 
Net Count(Ignore Fully Rted) 1644, Total Half Perimeter Wire Length (HPWL) 10517 microns
HPWL   0 ~   50 microns: Net Count     1641	Total HPWL        10342 microns
HPWL  50 ~  100 microns: Net Count        3	Total HPWL          175 microns
HPWL 100 ~  200 microns: Net Count        0	Total HPWL            0 microns
HPWL 200 ~  300 microns: Net Count        0	Total HPWL            0 microns
HPWL 300 ~  400 microns: Net Count        0	Total HPWL            0 microns
HPWL 400 ~  500 microns: Net Count        0	Total HPWL            0 microns
HPWL 500 ~  600 microns: Net Count        0	Total HPWL            0 microns
HPWL 600 ~  700 microns: Net Count        0	Total HPWL            0 microns
HPWL 700 ~  800 microns: Net Count        0	Total HPWL            0 microns
HPWL 800 ~  900 microns: Net Count        0	Total HPWL            0 microns
HPWL 900 ~ 1000 microns: Net Count        0	Total HPWL            0 microns
HPWL     > 1000 microns: Net Count        0	Total HPWL            0 microns
Current Stage stats:
[End of Build All Nets] Elapsed real time: 0:00:00 
[End of Build All Nets] Elapsed cpu  time: sys=0:00:00 usr=0:00:00 total=0:00:00
[End of Build All Nets] Stage (MB): Used    1  Alloctr    1  Proc    0 
[End of Build All Nets] Total (MB): Used   41  Alloctr   43  Proc 6239 
Number of partitions: 1 (1 x 1)
Size of partitions: 96 gCells x 64 gCells
Average gCell capacity  3.06	 on layer (1)	 M1
Average gCell capacity  8.51	 on layer (2)	 M2
Average gCell capacity  7.83	 on layer (3)	 M3
Average gCell capacity  5.84	 on layer (4)	 M4
Average gCell capacity  5.47	 on layer (5)	 M5
Average gCell capacity  4.56	 on layer (6)	 M6
Average gCell capacity  4.74	 on layer (7)	 M7
Average gCell capacity  6.05	 on layer (8)	 M8
Average gCell capacity  6.04	 on layer (9)	 M9
Average gCell capacity  0.12	 on layer (10)	 MRDL
Average number of tracks per gCell 8.19	 on layer (1)	 M1
Average number of tracks per gCell 10.12	 on layer (2)	 M2
Average number of tracks per gCell 8.19	 on layer (3)	 M3
Average number of tracks per gCell 6.08	 on layer (4)	 M4
Average number of tracks per gCell 6.06	 on layer (5)	 M5
Average number of tracks per gCell 6.08	 on layer (6)	 M6
Average number of tracks per gCell 6.06	 on layer (7)	 M7
Average number of tracks per gCell 6.08	 on layer (8)	 M8
Average number of tracks per gCell 6.06	 on layer (9)	 M9
Average number of tracks per gCell 0.16	 on layer (10)	 MRDL
Number of gCells = 61440
Current Stage stats:
[End of Build Congestion Map] Elapsed real time: 0:00:00 
[End of Build Congestion Map] Elapsed cpu  time: sys=0:00:00 usr=0:00:00 total=0:00:00
[End of Build Congestion Map] Stage (MB): Used    2  Alloctr    2  Proc    0 
[End of Build Congestion Map] Total (MB): Used   43  Alloctr   45  Proc 6239 
Number of partitions: 1 (1 x 1)
Size of partitions: 96 gCells x 64 gCells
Current Stage stats:
[End of Add Nets Demand] Elapsed real time: 0:00:00 
[End of Add Nets Demand] Elapsed cpu  time: sys=0:00:00 usr=0:00:00 total=0:00:00
[End of Add Nets Demand] Stage (MB): Used    0  Alloctr    0  Proc    0 
[End of Add Nets Demand] Total (MB): Used   43  Alloctr   45  Proc 6239 
Number of user frozen nets = 0
Total stats:
[End of Build Data] Elapsed real time: 0:00:00 
[End of Build Data] Elapsed cpu  time: sys=0:00:00 usr=0:00:00 total=0:00:00
[End of Build Data] Stage (MB): Used    4  Alloctr    4  Proc    0 
[End of Build Data] Total (MB): Used   43  Alloctr   45  Proc 6239 
Number of partitions: 1 (1 x 1)
Size of partitions: 96 gCells x 64 gCells
Current Stage stats:
[End of Blocked Pin Detection] Elapsed real time: 0:00:00 
[End of Blocked Pin Detection] Elapsed cpu  time: sys=0:00:00 usr=0:00:00 total=0:00:00
[End of Blocked Pin Detection] Stage (MB): Used  104  Alloctr  104  Proc    0 
[End of Blocked Pin Detection] Total (MB): Used  147  Alloctr  149  Proc 6239 
Information: Using 12 threads for routing. (ZRT-444)
Information: Placement fast mode ON
Information: Multiple gcell levels ON
Information: Buffer distance is estimated to be ~271.0000um (451 gCells)

Start GR phase 0
Number of partitions: 1 (1 x 1)
Size of partitions: 96 gCells x 64 gCells
[rtAllBotParts] Elapsed real time: 0:00:00 
[rtAllBotParts] Elapsed cpu  time: sys=0:00:00 usr=0:00:00 total=0:00:00
[rtTop] Elapsed real time: 0:00:00 
[rtTop] Elapsed cpu  time: sys=0:00:00 usr=0:00:00 total=0:00:00
Current Stage stats:
[End of Initial Routing] Elapsed real time: 0:00:00 
[End of Initial Routing] Elapsed cpu  time: sys=0:00:00 usr=0:00:00 total=0:00:00
[End of Initial Routing] Stage (MB): Used    0  Alloctr    0  Proc    0 
[End of Initial Routing] Total (MB): Used  148  Alloctr  150  Proc 6239 
Initial. Routing result:
Initial. Both Dirs: Dmd-Cap  =     0 Max = 0 GRCs =     0 (0.00%)
Initial. H routing: Dmd-Cap  =     0 Max = 0 (GRCs =  0) GRCs =     0 (0.00%)
Initial. V routing: Dmd-Cap  =     0 Max = 0 (GRCs =  0) GRCs =     0 (0.00%)
Initial. Both Dirs: Overflow =    56 Max = 6 GRCs =    70 (0.57%)
Initial. H routing: Overflow =    44 Max = 6 (GRCs =  1) GRCs =    53 (0.86%)
Initial. V routing: Overflow =    12 Max = 2 (GRCs =  4) GRCs =    17 (0.28%)
Initial. M1         Overflow =     0 Max = 0 (GRCs =  0) GRCs =     0 (0.00%)
Initial. M2         Overflow =    44 Max = 6 (GRCs =  1) GRCs =    53 (0.86%)
Initial. M3         Overflow =    12 Max = 2 (GRCs =  4) GRCs =    17 (0.28%)
Initial. M4         Overflow =     0 Max = 0 (GRCs =  0) GRCs =     0 (0.00%)
Initial. M5         Overflow =     0 Max = 0 (GRCs =  0) GRCs =     0 (0.00%)
Initial. M6         Overflow =     0 Max = 0 (GRCs =  0) GRCs =     0 (0.00%)
Initial. M7         Overflow =     0 Max = 0 (GRCs =  0) GRCs =     0 (0.00%)
Initial. M8         Overflow =     0 Max = 0 (GRCs =  0) GRCs =     0 (0.00%)
Initial. M9         Overflow =     0 Max = 0 (GRCs =  0) GRCs =     0 (0.00%)
Initial. MRDL       Overflow =     0 Max = 0 (GRCs =  0) GRCs =     0 (0.00%)

Initial. Total Wire Length = 10231.04
Initial. Layer M1 wire length = 0.00
Initial. Layer M2 wire length = 3673.94
Initial. Layer M3 wire length = 4952.61
Initial. Layer M4 wire length = 1457.60
Initial. Layer M5 wire length = 146.88
Initial. Layer M6 wire length = 0.00
Initial. Layer M7 wire length = 0.00
Initial. Layer M8 wire length = 0.00
Initial. Layer M9 wire length = 0.00
Initial. Layer MRDL wire length = 0.00
Initial. Total Number of Contacts = 8191
Initial. Via VIA1_Base count = 2791
Initial. Via VIA2_Base count = 5078
Initial. Via VIA34SQ_C count = 301
Initial. Via VIA4SQ count = 21
Initial. Via VIA5SQ_C count = 0
Initial. Via VIA67SQ_C count = 0
Initial. Via VIA78SQ_C count = 0
Initial. Via VIA89_C count = 0
Initial. Via VIA9RDL count = 0
Initial. completed.

Start GR phase 1
Wed Jun 18 13:00:23 2025
Number of partitions: 1 (1 x 1)
Size of partitions: 96 gCells x 64 gCells
[rtAllParts] Elapsed real time: 0:00:00 
[rtAllParts] Elapsed cpu  time: sys=0:00:00 usr=0:00:00 total=0:00:00
Number of partitions: 1 (1 x 1)
Size of partitions: 96 gCells x 64 gCells
[updNetsDmd] Elapsed real time: 0:00:00 
[updNetsDmd] Elapsed cpu  time: sys=0:00:00 usr=0:00:00 total=0:00:00
Current Stage stats:
[End of Phase1 Routing] Elapsed real time: 0:00:00 
[End of Phase1 Routing] Elapsed cpu  time: sys=0:00:00 usr=0:00:00 total=0:00:00
[End of Phase1 Routing] Stage (MB): Used    0  Alloctr    0  Proc    0 
[End of Phase1 Routing] Total (MB): Used  148  Alloctr  150  Proc 6239 
phase1. Routing result:
phase1. Both Dirs: Dmd-Cap  =     0 Max = 0 GRCs =     0 (0.00%)
phase1. H routing: Dmd-Cap  =     0 Max = 0 (GRCs =  0) GRCs =     0 (0.00%)
phase1. V routing: Dmd-Cap  =     0 Max = 0 (GRCs =  0) GRCs =     0 (0.00%)
phase1. Both Dirs: Overflow =     0 Max = 0 GRCs =     0 (0.00%)
phase1. H routing: Overflow =     0 Max = 0 (GRCs =  0) GRCs =     0 (0.00%)
phase1. V routing: Overflow =     0 Max = 0 (GRCs =  0) GRCs =     0 (0.00%)
phase1. M1         Overflow =     0 Max = 0 (GRCs =  0) GRCs =     0 (0.00%)
phase1. M2         Overflow =     0 Max = 0 (GRCs =  0) GRCs =     0 (0.00%)
phase1. M3         Overflow =     0 Max = 0 (GRCs =  0) GRCs =     0 (0.00%)
phase1. M4         Overflow =     0 Max = 0 (GRCs =  0) GRCs =     0 (0.00%)
phase1. M5         Overflow =     0 Max = 0 (GRCs =  0) GRCs =     0 (0.00%)
phase1. M6         Overflow =     0 Max = 0 (GRCs =  0) GRCs =     0 (0.00%)
phase1. M7         Overflow =     0 Max = 0 (GRCs =  0) GRCs =     0 (0.00%)
phase1. M8         Overflow =     0 Max = 0 (GRCs =  0) GRCs =     0 (0.00%)
phase1. M9         Overflow =     0 Max = 0 (GRCs =  0) GRCs =     0 (0.00%)
phase1. MRDL       Overflow =     0 Max = 0 (GRCs =  0) GRCs =     0 (0.00%)

phase1. Total Wire Length = 10244.88
phase1. Layer M1 wire length = 0.00
phase1. Layer M2 wire length = 3570.60
phase1. Layer M3 wire length = 4919.69
phase1. Layer M4 wire length = 1569.96
phase1. Layer M5 wire length = 184.62
phase1. Layer M6 wire length = 0.00
phase1. Layer M7 wire length = 0.00
phase1. Layer M8 wire length = 0.00
phase1. Layer M9 wire length = 0.00
phase1. Layer MRDL wire length = 0.00
phase1. Total Number of Contacts = 8289
phase1. Via VIA1_Base count = 2791
phase1. Via VIA2_Base count = 5082
phase1. Via VIA34SQ_C count = 381
phase1. Via VIA4SQ count = 35
phase1. Via VIA5SQ_C count = 0
phase1. Via VIA67SQ_C count = 0
phase1. Via VIA78SQ_C count = 0
phase1. Via VIA89_C count = 0
phase1. Via VIA9RDL count = 0
phase1. completed.
[End of Whole Chip Routing] Elapsed real time: 0:00:00 
[End of Whole Chip Routing] Elapsed cpu  time: sys=0:00:00 usr=0:00:00 total=0:00:00
[End of Whole Chip Routing] Stage (MB): Used  109  Alloctr  109  Proc    0 
[End of Whole Chip Routing] Total (MB): Used  148  Alloctr  150  Proc 6239 

Congestion utilization per direction:
Average vertical track utilization   =  6.47 %
Peak    vertical track utilization   = 38.89 %
Average horizontal track utilization =  7.03 %
Peak    horizontal track utilization = 48.00 %

[End of Global Routing] Elapsed real time: 0:00:00 
[End of Global Routing] Elapsed cpu  time: sys=0:00:00 usr=0:00:00 total=0:00:00
[End of Global Routing] Stage (MB): Used  108  Alloctr  108  Proc    0 
[End of Global Routing] Total (MB): Used  147  Alloctr  149  Proc 6239 
Writing out congestion map...
Updating congestion ...
Updating congestion ...
[End of dbOut] Elapsed real time: 0:00:00 
[End of dbOut] Elapsed cpu  time: sys=0:00:00 usr=0:00:00 total=0:00:00
[End of dbOut] Stage (MB): Used  -32  Alloctr  -33  Proc    0 
[End of dbOut] Total (MB): Used   36  Alloctr   37  Proc 6239 
Using per-layer congestion maps for congestion reduction.
Information: 0.00% of design has horizontal routing density above target_routing_density of 0.80.
Information: 0.33% of design has vertical routing density above target_routing_density of 0.80.
Completed transferring placement data.
Running placement using 12 thread(s)
Information: Enhanced Auto Density Control is used. (PLACE-098)
Information: Enhanced auto density configuration is 13179.
Information: Automatic density control has selected the following settings: max_density 0.70, congestion_driven_max_util 0.89. (PLACE-027)
Information: HFW control 'on' invoked.
coarse place 100% done.
Information: Reducing cell density for 0.0% of the movable cells to alleviate congestion. This changes the average cell density in non-congested areas from 0.721 to 0.721. (PLACE-030)
Information: The value of option cts.compile.enable_cell_relocation has been overridden to "leaf_only" to support latency-driven placement. (CTS-973)
Warning: No clock routing rules were specified. Use set_clock_routing_rules to specify routing rules for accurate clock latency estimation. (OPT-902)
CGRW: permuting timing equivalent pins only
Corner Scaling is off, multiplier is 1.000000
ORB: timingScenario Normal_Slow timingCorner Slow
INFO: No active leakage scenarios. Leakage will be turned off
Using default layer M4
corner scaling: maxCornerId = 3
corner=Fast, tran factor=0.839605 (0.028406 / 0.033833)
corner=Typical, tran factor=0.945497 (0.031989 / 0.033833)
corner=Slow, tran factor=1.000000 (0.033833 / 0.033833)
ORB: Nominal = 0.0056185  Design MT = inf  Target = 0.0338329 (6.022 nominal)  MaxRC = 0.022324
ORB: Fast Target = 0.011791 ( 2.099 nominal )
ORB: stageDelay=0.026139, stageLength=1609839
nplLib: default vr hor dist = 322
nplLib: default vr ver dist = 322
nplLib: default vr buf size = 2
nplLib: default vr buf size = 1

Placement Options:
Effort:                        high_effort         
Timing Driven:                 true                
Buffering Aware Timing Driven: false               
Seed locs:                     true                
Incremental:                   false               
Congestion:                    true                
Congestion Effort:             high                
Fix Macros:                    true                
Place Macros:                  false               
Channel Size Macros:           false               

Printing options for 'place.coarse.*' (non-default only)
place.coarse.continue_on_missing_scandef                :	 true                

Information: Activity propagation will be performed for scenario Normal_Typical.
Information: Activity propagation will be performed for scenario PowerSave_Slow.
Information: Doing activity propagation for mode 'Normal' and corner 'Typical' with effort level 'medium'. (POW-024)
Information: Timer-derived activity data is cached on scenario Normal_Typical (POW-052)
Information: Running switching activity propagation with 12 threads!

 **** Information : No. of simulation cycles = 6 ****
Information: Doing activity propagation for mode 'PowerSave' and corner 'Slow' with effort level 'medium'. (POW-024)
Information: Timer-derived activity data is cached on scenario PowerSave_Slow (POW-052)
Information: Running switching activity propagation with 12 threads!

 **** Information : No. of simulation cycles = 6 ****
Information: Propagated activity on scenario PowerSave_Typical identical to that on PowerSave_Slow (POW-006)
Information: Propagated activity on scenario PowerSave_Fast identical to that on PowerSave_Slow (POW-006)
Information: Propagated activity on scenario Normal_Slow identical to that on Normal_Typical (POW-006)
Information: Propagated activity on scenario Normal_Fast identical to that on Normal_Slow (POW-006)
Information: The RC mode used is RDE for design 'dut_toplevel'. (NEX-022)
Information: Update timing completed net estimation for all the timing graph nets (TIM-111)
Information: Net estimation statistics: timing graph nets = 1645, routed nets = 0, across physical hierarchy nets = 0, parasitics cached nets = 1645, delay annotated nets = 0, parasitics annotated nets = 0, multi-voltage nets = 0. (TIM-112)
****** eLpp estimated wire length 
5.09229% of the net wire length are clock nets
0% of the clock net wire length has no activity
Clock net wire length: 5.50545e+06
Total net wire length: 1.08113e+08
****** eLpp weights (with caps)
Number of nets: 1645, of which 1633 non-clock nets
Number of nets with 0 toggle rate: 25
Max toggle rate = 0.576191, average toggle rate = 0.0107087
Max non-clock toggle rate = 0.0471191
eLpp weight range = (0, 34.662)
*** 2 nets are filtered out
Start transferring placement data.
****** Net weight manager: report ******
Weights included: eLpp  PostEffort  
Number of nets with non-default weights: 1645
Amt power = 0.1
Non-default weight range: (0.9, 8.3662)
Information: Automatic repeater spreading is enabled.
Information: Automatic timing control is enabled.
checking app option clockgate_objective_weight : none
Information: Clock gate latency aware placement is enabled. (PLACE-085)
Information: The value of option cts.compile.enable_cell_relocation has been overridden to "leaf_only" to support latency-driven placement. (CTS-973)
DTDP placement: scenario=Normal_Slow
Factor(3) = 1
Factor(2) = 0.759846
Factor(1) = 0.591828
Factor(BASE) = 1
Information: The stitching and editing of coupling caps is turned OFF for design 'dut_toplevel.dlib:dut_toplevel/placement_and_optimization.design'. (TIM-125)
Information: The net parasitics of block dut_toplevel are cleared. (TIM-123)
skew 2430 name=clk included=1
Completed transferring placement data.
Running placement using 12 thread(s)
Information: Enhanced Auto Density Control is used. (PLACE-098)
Information: Enhanced auto density configuration is 13179.
Information: Automatic density control has selected the following settings: max_density 0.70, congestion_driven_max_util 0.89. (PLACE-027)
Information: HFW control 'on' invoked.
coarse place 80% done.
coarse place 90% done.
coarse place 100% done.
Information: Coarse placer weighted wire length estimate = 1.28509e+08
Information: Extraction observers are detached as design net change threshold is reached.
Information: The value of option cts.compile.enable_cell_relocation has been overridden to "leaf_only" to support latency-driven placement. (CTS-973)
Warning: No clock routing rules were specified. Use set_clock_routing_rules to specify routing rules for accurate clock latency estimation. (OPT-902)
Warning: No clock routing rules were specified. Use set_clock_routing_rules to specify routing rules for accurate clock latency estimation. (OPT-902)
Information: Estimating clock gate latencies for scenario 'PowerSave_Typical'. (OPT-909)
Warning: No clock routing rules were specified. Use set_clock_routing_rules to specify routing rules for accurate clock latency estimation. (OPT-902)
Information: Estimating clock gate latencies for scenario 'PowerSave_Slow'. (OPT-909)
Warning: No clock routing rules were specified. Use set_clock_routing_rules to specify routing rules for accurate clock latency estimation. (OPT-902)
Information: Estimating clock gate latencies for scenario 'PowerSave_Fast'. (OPT-909)
Warning: No clock routing rules were specified. Use set_clock_routing_rules to specify routing rules for accurate clock latency estimation. (OPT-902)
Information: Estimating clock gate latencies for scenario 'Normal_Typical'. (OPT-909)
Warning: No clock routing rules were specified. Use set_clock_routing_rules to specify routing rules for accurate clock latency estimation. (OPT-902)
Information: Estimating clock gate latencies for scenario 'Normal_Slow'. (OPT-909)
Warning: No clock routing rules were specified. Use set_clock_routing_rules to specify routing rules for accurate clock latency estimation. (OPT-902)
Information: Estimating clock gate latencies for scenario 'Normal_Fast'. (OPT-909)
----------------------------------------------------------------
Fixing logic constant
Fixing logic constant
Information: The stitching and editing of coupling caps is turned OFF for design 'dut_toplevel.dlib:dut_toplevel/placement_and_optimization.design'. (TIM-125)
Information: The RC mode used is RDE for design 'dut_toplevel'. (NEX-022)
Information: Design Average RC for design dut_toplevel  (NEX-011)
Information: r = 2.057309 ohm/um, via_r = 1.199439 ohm/cut, c = 0.130636 ff/um, cc = 0.000000 ff/um (X dir) (NEX-017)
Information: r = 2.669338 ohm/um, via_r = 0.909198 ohm/cut, c = 0.124927 ff/um, cc = 0.000000 ff/um (Y dir) (NEX-017)
Information: Update timing completed net estimation for all the timing graph nets (TIM-111)
Information: Net estimation statistics: timing graph nets = 1645, routed nets = 0, across physical hierarchy nets = 0, parasitics cached nets = 1645, delay annotated nets = 0, parasitics annotated nets = 0, multi-voltage nets = 0. (TIM-112)
INFO: total number of constant pins: 0
INFO: constant pins which are scan-pins: 0
INFO: constant pins that are not scan-pins: 0
Completed Timing-driven placement, Elapsed time =   0: 0: 6 
----------------------------------------------------------------
Running legalize_placement
Information: Initializing classic cellmap without advanced rules enabled and without PDC enabled
Information: The following app options are used in cellmap
        place.legalize.enable_color_aware_placement : false
        place.legalize.use_nll_query_cm : false
        place.legalize.enable_advanced_legalizer : false
        place.legalize.enable_prerouted_net_check : true
        place.legalize.enable_advanced_prerouted_net_check : false
        place.legalize.always_continue : true
        place.legalize.limit_legality_checks : false
        place.common.pnet_aware_density : 1.0000
        place.common.pnet_aware_min_width : 0.0000
        place.common.pnet_aware_layers : {}
        place.common.use_placement_model : false
        place.common.enable_advanced_placement_model : true
        cts.placement.cell_spacing_rule_style : maximum
Total 0.0161 seconds to build cellmap data
INFO: creating 13(r) x 20(c) GridCells YDim 3 XDim 3
INFO: number of GridCells (0xbedde888): 260
INFO: creating 13(r) x 20(c) GridCells YDim 3 XDim 3
INFO: number of GridCells (0xbedde888): 260
Total 0.0318 seconds to load 1693 cell instances into cellmap, 1215 cells are off site row
Moveable cells: 1215; Application fixed cells: 0; Macro cells: 0; User fixed cells: 478
Average cell width 1.2595, cell height 0.6000, cell area 0.7557 for total 1215 placed and application fixed cells
Start Legalization
nplDplc2Placer::setParam(effort,1)
nplDplc2Placer::setParam(debug,0)
nplDplc2Placer::setParam(site_check,2)
nplDplc2Placer::setParam(app_firm_wgt,0)
Warning: Routing direction of metal layer PO is neither "horizontal" nor "vertical".  PDC checks will not be performed on this layer. (PDC-003)
PDC app_options settings =========
	place.legalize.enable_prerouted_net_check: 1
	place.legalize.num_tracks_for_access_check: 1
	place.legalize.use_eol_spacing_for_access_check: 0
	place.legalize.allow_touch_track_for_access_check: 1
	place.legalize.reduce_conservatism_in_eol_check: 0
	place.legalize.preroute_shape_merge_distance: 0.0
	place.legalize.enable_non_preferred_direction_span_check: 0

Layer M1: cached 0 shapes out of 49 total shapes.
Layer M2: cached 588 shapes out of 588 total shapes.
Layer M3: cached 588 shapes out of 588 total shapes.
Cached 1764 vias out of 2618 total vias.

Legalizing Top Level Design dut_toplevel ... 
Information: Initializing classic cellmap without advanced rules enabled and without PDC enabled
Information: The following app options are used in cellmap
        place.legalize.enable_color_aware_placement : false
        place.legalize.use_nll_query_cm : false
        place.legalize.enable_advanced_legalizer : false
        place.legalize.enable_prerouted_net_check : true
        place.legalize.enable_advanced_prerouted_net_check : false
        place.legalize.always_continue : true
        place.legalize.limit_legality_checks : false
        place.common.pnet_aware_density : 1.0000
        place.common.pnet_aware_min_width : 0.0000
        place.common.pnet_aware_layers : {}
        place.common.use_placement_model : false
        place.common.enable_advanced_placement_model : true
        cts.placement.cell_spacing_rule_style : maximum
Total 0.0163 seconds to build cellmap data
Information: Creating classic rule checker.
Warning: Routing direction of metal layer PO is neither "horizontal" nor "vertical".  PDC checks will not be performed on this layer. (PDC-003)
=====> Processed 78 ref cells (23 fillers) from library

Bounds/Regions In This Design:
        Area    Num Cells  Exclusive Name
 (square um)
     1385.28         1693        Yes DEFAULT_VA

Starting legalizer.
Warning: Exclusive bound 'DEFAULT' has no cells.
Optimizing Exclusive Bound 'DEFAULT_VA' (2/2)
    Done Exclusive Bound 'DEFAULT_VA' (2/2) (0 sec)
Legalization complete (0 total sec)

****************************************
  Report : Placement Attempts
  Site   : unit
****************************************

number of cells:                   1693
number of references:                78
number of site rows:                 48
number of locations attempted:    33354
number of locations failed:         786  (2.4%)

Legality of references at locations:
1 references had failures.

Worst 1 references by total failures:
 CELLS       UNFLIPPED                       FLIPPED                REFERENCE NAME
         ATTEMPTS  FAILURES            ATTEMPTS  FAILURES           
    18       1000       393 ( 39.3%)        760       393 ( 51.7%)  SAEDRVT14_ADDH_0P5

Worst 1 references by failure rate:
 CELLS       UNFLIPPED                       FLIPPED                REFERENCE NAME
         ATTEMPTS  FAILURES            ATTEMPTS  FAILURES           
    18       1000       393 ( 39.3%)        760       393 ( 51.7%)  SAEDRVT14_ADDH_0P5

Legality of references in rows:
0 references had row failures.

****************************************
  Report : Cell Displacements
****************************************

number of cells aggregated:        1215 (20680 total sites)
avg row height over cells:        0.600 um
rms cell displacement:            0.208 um ( 0.35 row height)
rms weighted cell displacement:   0.208 um ( 0.35 row height)
max cell displacement:            0.896 um ( 1.49 row height)
avg cell displacement:            0.178 um ( 0.30 row height)
avg weighted cell displacement:   0.178 um ( 0.30 row height)
number of cells moved:             1215
number of large displacements:        0
large displacement threshold:     3.000 row height

Displacements of worst 10 cells:
Cell: DP_OP_33_12155_941_J1/ctmi_2355 (SAEDRVT14_NR2_1)
  Input location: (25.4229,15.4961)
  Legal location: (25.424,14.6)
  Displacement:   0.896 um ( 1.49 row height)
Cell: DP_OP_33_12155_941_J1/ctmi_2494 (SAEDRVT14_NR2_1)
  Input location: (40.3141,16.6872)
  Legal location: (40.298,15.8)
  Displacement:   0.887 um ( 1.48 row height)
Cell: DP_OP_33_12155_941_J1/ctmi_2377 (SAEDRVT14_NR2_1)
  Input location: (31.6553,12.9888)
  Legal location: (31.344,12.2)
  Displacement:   0.848 um ( 1.41 row height)
Cell: ctmi_2215 (SAEDRVT14_AO22_0P5)
  Input location: (8.0413,25.9135)
  Legal location: (7.516,25.4)
  Displacement:   0.735 um ( 1.22 row height)
Cell: DP_OP_33_12155_941_J1/U_424 (SAEDRVT14_ADDH_0P5)
  Input location: (26.8942,10.6679)
  Legal location: (26.238,10.4)
  Displacement:   0.709 um ( 1.18 row height)
Cell: DP_OP_33_12155_941_J1/U_451 (SAEDRVT14_ADDH_0P5)
  Input location: (31.3125,11.6286)
  Legal location: (31.714,12.2)
  Displacement:   0.698 um ( 1.16 row height)
Cell: DP_OP_33_12155_941_J1/U_547 (SAEDRVT14_ADDF_V1_0P5)
  Input location: (44.0942,8.0254)
  Legal location: (44.368,7.4)
  Displacement:   0.683 um ( 1.14 row height)
Cell: DP_OP_33_12155_941_J1/ctmi_2615 (SAEDRVT14_NR2_1)
  Input location: (24.2077,17.9492)
  Legal location: (23.648,17.6)
  Displacement:   0.660 um ( 1.10 row height)
Cell: DP_OP_33_12155_941_J1/U_516 (SAEDRVT14_ADDH_0P5)
  Input location: (38.86,12.9194)
  Legal location: (38.226,12.8)
  Displacement:   0.645 um ( 1.08 row height)
Cell: dut_input_channel_control_0_INST/in_data_arb_r_reg[28] (SAEDRVT14_FSDPRBQ_V2_0P5)
  Input location: (46.6644,21.4481)
  Legal location: (47.254,21.2)
  Displacement:   0.640 um ( 1.07 row height)

Information: Extraction observers are detached as design net change threshold is reached.
Completed Legalization, Elapsed time =   0: 0: 0 
Moved 1215 out of 1693 cells, ratio = 0.717661
Total displacement = 264.480011(um)
Max displacement = 1.100100(um), DP_OP_33_12155_941_J1/ctmi_2377 (31.655300, 13.588800, 4) => (31.344000, 12.800000, 4)
Displacement histogram:
  0 ~  10% cells displacement <=      0.06(um)
  0 ~  20% cells displacement <=      0.10(um)
  0 ~  30% cells displacement <=      0.13(um)
  0 ~  40% cells displacement <=      0.17(um)
  0 ~  50% cells displacement <=      0.20(um)
  0 ~  60% cells displacement <=      0.24(um)
  0 ~  70% cells displacement <=      0.28(um)
  0 ~  80% cells displacement <=      0.31(um)
  0 ~  90% cells displacement <=      0.37(um)
  0 ~ 100% cells displacement <=      1.10(um)
Information: The net parasitics of block dut_toplevel are cleared. (TIM-123)
Legalization succeeded.
----------------------------------------------------------------
Information: The stitching and editing of coupling caps is turned OFF for design 'dut_toplevel.dlib:dut_toplevel/placement_and_optimization.design'. (TIM-125)
Information: The RC mode used is RDE for design 'dut_toplevel'. (NEX-022)
Information: Design Average RC for design dut_toplevel  (NEX-011)
Information: r = 2.057309 ohm/um, via_r = 1.199439 ohm/cut, c = 0.131815 ff/um, cc = 0.000000 ff/um (X dir) (NEX-017)
Information: r = 2.669338 ohm/um, via_r = 0.909198 ohm/cut, c = 0.124958 ff/um, cc = 0.000000 ff/um (Y dir) (NEX-017)
Information: Update timing completed net estimation for all the timing graph nets (TIM-111)
Information: Net estimation statistics: timing graph nets = 1645, routed nets = 0, across physical hierarchy nets = 0, parasitics cached nets = 1645, delay annotated nets = 0, parasitics annotated nets = 0, multi-voltage nets = 0. (TIM-112)
Information: Ending   place_opt / final_place / Timing and Congestion Driven Placement with Legalization (FLW-8001)
Information: Time: 2025-06-18 13:00:29 / Session:  00:02:39 / Command:  00:00:20 / CPU:  00:01:26 / Memory: 1549 MB (FLW-8100)


Place-opt optimization complete                 0.00        0.00      0.00         0        918.19  33358644.00        1215              0.04      1548
[Tim-Power] Info: Cleared Leakage libCell cache.
Co-efficient Ratio Summary:
4.193421605155  6.578038173730  2.479639287277  7.744187540401  0.485050000353  3.179565833784  5.567214754587  2.894454387461  6.565921217863  9.017937505874  6.461689000933  9.863420318053  6.078244464085  2.744209741123  8.318117804907  9.699225026083
2.464623950064  1.382370221226  9.387184029619  3.142429406669  0.968752789964  6.613180723294  4.146578793224  7.876358918112  2.191135103696  0.963734141094  5.067157643881  3.840441873642  3.750327553169  7.663459242299  6.212203367950  7.759678473967
7.862243056717  0.402387977150  0.032845095897  0.596111512371  4.701287396892  7.205135512169  8.278351398268  1.183725190997  3.334436408244  5.867609731622  0.430803585364  9.669800708963  7.591508847087  7.632107793266  7.679070263326  9.831314288630
1.878805820990  3.230072385566  1.226270079353  7.050450994780  2.403928173631  6.139852544054  4.100210066110  1.274718589655  4.570746653063  5.624878908820  0.183866453678  4.759124641371  5.409147226377  2.609824052834  0.626144738674  6.381676652919
9.187474035467  0.513656738658  5.027570650599  6.119813946103  6.181472312107  1.581675365776  7.486041822107  9.584562469756  2.041727387119  3.921160967338  3.917497882345  9.472449135517  3.368504694994  4.897112949020  6.860141444452  2.000104051691
9.095345910651  2.197041741549  0.915900009470  5.466092808426  8.142690055883  4.607193265224  8.244463794567  3.504870705451  1.682716012888  7.173433818510  2.296571908373  3.617843905791  8.946892937652  1.169960932707  4.529948856262  3.090979409795
5.580726149965  1.131397705547  0.721709667281  7.515947917690  0.649322209371  1.017031043513  5.811519666269  5.826730883342  4.349383292435  0.216216918317  2.979051622527  7.311147915212  0.823639441628  0.356162686693  8.022011769284  2.603132585844
5.024802564335  1.359359563380  5.407563493238  2.804123977518  1.265300052200  0.417760313533  1.833872465081  6.448557737188  4.848373112548  2.936801055033  1.938303324225  4.212396549728  9.007747570112  3.308108578452  5.607473309985  8.514743640423
2.764676982406  9.324216970707  1.551199921924  2.300508702625  0.754685030179  1.961421411696  2.781303341418  3.355375155650  9.437909893602  9.136702642545  2.387118408464  9.978462628225  7.467577034047  3.171275121421  9.815922940044  4.331414637138
0.413524984361  3.309910198619  7.452798206103  1.902827924529  5.623407259547  7.269363008696  3.367403103784  7.093641515702  7.411336156476  6.944246076650  8.564329321087  4.802170456584  3.894522963832  4.531611819342  1.605157857803  8.173730247963

Place-opt final QoR
___________________
Scenario Mapping Table
1: Normal_Fast
2: Normal_Slow
3: Normal_Typical
4: PowerSave_Fast
5: PowerSave_Slow
6: PowerSave_Typical

Pathgroup Mapping Table
1: **default**
2: **async_default**
3: **clock_gating_default**
4: **in2reg_default**
5: **reg2out_default**
6: **in2out_default**
7: clk

-------------------------------------------------------------------------------------------------------------------------------------------------------------
PATHGROUP QOR 
-------------------------------------------------------------------------------------------------------------------------------------------------------------
Scene  PG      WNS        TNS    NSV      WHV        THV    NHV
    1   1   0.0000     0.0000      0        -          -      -
    1   2   0.0000     0.0000      0        -          -      -
    1   3   0.0000     0.0000      0        -          -      -
    1   4   0.0000     0.0000      0        -          -      -
    1   5   0.0000     0.0000      0        -          -      -
    1   6   0.0000     0.0000      0        -          -      -
    1   7   0.0000     0.0000      0        -          -      -
    2   1   0.0000     0.0000      0        -          -      -
    2   2   0.0000     0.0000      0        -          -      -
    2   3   0.0000     0.0000      0        -          -      -
    2   4   0.0000     0.0000      0        -          -      -
    2   5   0.0000     0.0000      0        -          -      -
    2   6   0.0000     0.0000      0        -          -      -
    2   7   0.0000     0.0000      0        -          -      -
    3   1   0.0000     0.0000      0        -          -      -
    3   2   0.0000     0.0000      0        -          -      -
    3   3   0.0000     0.0000      0        -          -      -
    3   4   0.0000     0.0000      0        -          -      -
    3   5   0.0000     0.0000      0        -          -      -
    3   6   0.0000     0.0000      0        -          -      -
    3   7   0.0000     0.0000      0        -          -      -
    4   1   0.0000     0.0000      0        -          -      -
    4   2   0.0000     0.0000      0        -          -      -
    4   3   0.0000     0.0000      0        -          -      -
    4   4   0.0000     0.0000      0        -          -      -
    4   5   0.0000     0.0000      0        -          -      -
    4   6   0.0000     0.0000      0        -          -      -
    4   7   0.0000     0.0000      0        -          -      -
    5   1   0.0000     0.0000      0        -          -      -
    5   2   0.0000     0.0000      0        -          -      -
    5   3   0.0000     0.0000      0        -          -      -
    5   4   0.0000     0.0000      0        -          -      -
    5   5   0.0000     0.0000      0        -          -      -
    5   6   0.0000     0.0000      0        -          -      -
    5   7   0.0000     0.0000      0        -          -      -
    6   1   0.0000     0.0000      0        -          -      -
    6   2   0.0000     0.0000      0        -          -      -
    6   3   0.0000     0.0000      0        -          -      -
    6   4   0.0000     0.0000      0        -          -      -
    6   5   0.0000     0.0000      0        -          -      -
    6   6   0.0000     0.0000      0        -          -      -
    6   7   0.0000     0.0000      0        -          -      -
----------------------------------------------------------------------------------------------------------------------------------------------------------------------
SCENARIO QOR 
----------------------------------------------------------------------------------------------------------------------------------------------------------------------
Scene  PG      WNS        TNS   R2RTNS    NSV      WHV        THV    NHV  MaxTrnV   MaxTranC  MaxCapV    Leakage     CellEMV
    1   *   0.0000     0.0000   0.0000      0        -          -      -        0     0.0000        0 33358644.0           0
    2   *   0.0000     0.0000   0.0000      0        -          -      -        0     0.0000        1  17015.564           0
    3   *   0.0000     0.0000   0.0000      0        -          -      -        0     0.0000        0 317915.719           0
    4   *   0.0000     0.0000   0.0000      0        -          -      -        0     0.0000        0 33358644.0           0
    5   *   0.0000     0.0000   0.0000      0        -          -      -        0     0.0000        1  17015.564           0
    6   *   0.0000     0.0000   0.0000      0        -          -      -        0     0.0000        0 317915.719           0
----------------------------------------------------------------------------------------------------------------------------------------------------------------------
DESIGN QOR 
----------------------------------------------------------------------------------------------------------------------------------------------------------------------
Scene  PG      WNS        TNS   R2RTNS    NSV      WHV        THV    NHV  MaxTrnV   MaxTranC  MaxCapV    Leakage         Area    InstCnt     BufCnt     InvCnt     CellEMV
    *   *   0.0000     0.0000   0.0000      0   0.0000     0.0000      0        0     0.0000        1 33358644.0       918.19       1215         14         22           0
----------------------------------------------------------------------------------------------------------------------------------------------------------------------

Place-opt final QoR Summary         WNS        TNS   R2RTNS    NSV      WHV        THV    NHV  MaxTrnV  MaxCapV    Leakage         Area    InstCnt
Place-opt final QoR Summary      0.0000     0.0000   0.0000      0   0.0000     0.0000      0        0        1 33358644.0       918.19       1215

Place-opt command complete                CPU:   502 s (  0.14 hr )  ELAPSE:   160 s (  0.04 hr )  MEM-PEAK:  1548 MB
Place-opt command statistics  CPU=80 sec (0.02 hr) ELAPSED=18 sec (0.01 hr) MEM-PEAK=1.512 GB
[Tim-Power] Info: Cleared Leakage libCell cache.

Information: Ending   place_opt / final_place (FLW-8001)
Information: Time: 2025-06-18 13:00:29 / Session:  00:02:40 / Command:  00:00:20 / CPU:  00:01:27 / Memory: 1549 MB (FLW-8100)

Information: >>>>>>> 6 unique error and warning message tags while observing place_opt / final_place: (MSG-3100)
Information: #prnt #trgr #lmt    Tag  Level     Format (or last printed message)                                (MSG-3036)
Information:    28    14  0 ZRT-026   WARNING   Warning: Layer MRDL default pitch 4.000 may be too small to ... (MSG-3032)
Information:     4     2  0 PDC-003   WARNING   Warning: Routing direction of metal layer PO is neither "hor... (MSG-3032)
Information:     3     1  0 ZRT-763   WARNING   Warning: Cell DP_OP_33_12155_941_J1/ctmi_2340 is placed over... (MSG-3032)
Information:    10     2  0 OPT-070   WARNING   Warning: Cannot find any max transition constraint on the de... (MSG-3032)
Information:   129     6  0 OPT-902   WARNING   Warning: No clock routing rules were specified. Use set_cloc... (MSG-3032)
Information:    28     5  5 LGL-050   WARNING   Warning: Library cell saed14rvt_frame_timing:SAEDRVT14_ISOFS... (MSG-3032)
Information:   202    30  1        6  <------   Total sum of messages (MSG-3038)
Information: >>>>>>> Summary: 30 error&warning MSGs observed during place_opt / final_place (MSG-3103)
Information: 7 out of 12 LGL-050 messages were not printed due to limit 5 (after 'place_opt' at task2.tcl:71) (MSG-3913)


----------------------------------------------------------------------------------------------------------
Information: Starting place_opt / final_opto (FLW-8000)
Information: Time: 2025-06-18 13:00:29 / Session:  00:02:40 / Command:  00:00:20 / CPU:  00:01:27 / Memory: 1549 MB (FLW-8100)
----------------------------------------------------------------------------------------------------------

Place-opt command begin                   CPU:   502 s (  0.14 hr )  ELAPSE:   160 s (  0.04 hr )  MEM-PEAK:  1548 MB
Place-opt optimization Phase 15 Iter  1         0.00        0.00      0.00         0        918.19  33358644.00        1215              0.04      1548
Information: The net parasitics of block dut_toplevel are cleared. (TIM-123)
Information: The stitching and editing of coupling caps is turned OFF for design 'dut_toplevel.dlib:dut_toplevel/placement_and_optimization.design'. (TIM-125)
Number of Site types in the design = 1
Setting up Chip Core
Chip Core shape: (50000 50000) (531000 338000)
Number of VARs = 1
Number of unique PDs = 1
Number of Power Domains = 1
Number of Voltage Areas = 1
Number of supply Nets = 2
Number of used supplies = 0
Blocked VAs: 
Information: The RC mode used is RDE for design 'dut_toplevel'. (NEX-022)
Information: Design Average RC for design dut_toplevel  (NEX-011)
Information: r = 2.057309 ohm/um, via_r = 1.199439 ohm/cut, c = 0.131815 ff/um, cc = 0.000000 ff/um (X dir) (NEX-017)
Information: r = 2.669338 ohm/um, via_r = 0.909198 ohm/cut, c = 0.124958 ff/um, cc = 0.000000 ff/um (Y dir) (NEX-017)
Information: Update timing completed net estimation for all the timing graph nets (TIM-111)
Information: Net estimation statistics: timing graph nets = 1645, routed nets = 0, across physical hierarchy nets = 0, parasitics cached nets = 1645, delay annotated nets = 0, parasitics annotated nets = 0, multi-voltage nets = 0. (TIM-112)
Running final optimization step.

Place-opt optimization Phase 16 Iter  1         0.00        0.00      0.00         1        918.19  33358644.00        1215              0.04      1548
Warning: To enable pin track alignment feature, the advanced legalizer has to be turned on using app option "place.legalize.enable_advanced_legalizer".
Warning: Pin track alignment feature will be disabled in this run
Information: Initializing classic cellmap without advanced rules enabled and without PDC enabled
Information: The following app options are used in cellmap
        place.legalize.enable_color_aware_placement : false
        place.legalize.use_nll_query_cm : false
        place.legalize.enable_advanced_legalizer : false
        place.legalize.enable_prerouted_net_check : true
        place.legalize.enable_advanced_prerouted_net_check : false
        place.legalize.always_continue : true
        place.legalize.limit_legality_checks : false
        place.common.pnet_aware_density : 1.0000
        place.common.pnet_aware_min_width : 0.0000
        place.common.pnet_aware_layers : {}
        place.common.use_placement_model : false
        place.common.enable_advanced_placement_model : true
        cts.placement.cell_spacing_rule_style : maximum
Warning: Library cell saed14rvt_frame_timing:SAEDRVT14_ISOFSDPQ_PECO_8.frame is missing supply pins. Its power structure cannot be determined. (LGL-050)
Warning: Library cell saed14rvt_frame_timing:SAEDRVT14_DCAP_PV1ECO_12.frame is missing supply pins. Its power structure cannot be determined. (LGL-050)
Total 0.0081 seconds to build cellmap data
Snapped 1215 standard cells to the nearest cellrow to improve the accuracy of congestion analysis.
Running GR for RDE Capture
Warning: Please run the command "check_routability" before running Zroute commands. (ZRT-762)
Generating Timing information  
Information: The RC mode used is RDE for design 'dut_toplevel'. (NEX-022)
Information: Update timing completed net estimation for all the timing graph nets (TIM-111)
Information: Net estimation statistics: timing graph nets = 1645, routed nets = 0, across physical hierarchy nets = 0, parasitics cached nets = 1645, delay annotated nets = 0, parasitics annotated nets = 0, multi-voltage nets = 0. (TIM-112)
Design  Scenario Normal_Fast (Mode Normal Corner Fast)
Generating Timing information  ... Done
Information: The net parasitics of block dut_toplevel are cleared. (TIM-123)
[End of Generating Timing Information] Elapsed real time: 0:00:00 
[End of Generating Timing Information] Elapsed cpu  time: sys=0:00:00 usr=0:00:01 total=0:00:02
No cell change area manager for zroute
Start Global Route ... 
[Init] Elapsed real time: 0:00:00 
[Init] Elapsed cpu  time: sys=0:00:00 usr=0:00:00 total=0:00:00
[Init] Stage (MB): Used    0  Alloctr    0  Proc    0 
[Init] Total (MB): Used    7  Alloctr    8  Proc 6175 
Printing options for 'route.common.*'

Printing options for 'route.global.*'
global.deterministic                                    :	 on                  
global.effort_level                                     :	 medium              
global.timing_driven                                    :	 true                

Begin global routing.
Cell Min-Routing-Layer = M1
Cell Max-Routing-Layer = MRDL
Turn off antenna since no rule is specified
Information: Option route.detail.force_end_on_preferred_grid will be ignored since none of the layers have preferred grid. (ZRT-703)
Skipping 1 internal pins that are not physical. Set route.common.verbose_level to > 0 and run routing command to get skipped pin names.
Info: number of net_type_blockage: 0 
Information: Via ladder engine would be activated for pattern must join connection in certain commands. Please refer to man-page for the command list. (ZRT-619)
Via on layer (VIA1) needs more than one tracks
Warning: Layer M1 default pitch 0.074 may be too small to handle up/down via. Note, that minimum requirements are "wire/via-down 0.074" & "wire/via-up 0.078". (ZRT-026)
Via on layer (VIA1) needs more than one tracks
Warning: Layer M2 default pitch 0.060 may be too small to handle up/down via. Note, that minimum requirements are "wire/via-down 0.078" & "wire/via-up 0.060". (ZRT-026)
Via on layer (VIA4) needs more than one tracks
Warning: Layer M5 default pitch 0.100 may be too small to handle up/down via. Note, that minimum requirements are "wire/via-down 0.125" & "wire/via-up 0.100". (ZRT-026)
Via on layer (VIA7) needs more than one tracks
Warning: Layer M7 default pitch 0.100 may be too small to handle up/down via. Note, that minimum requirements are "wire/via-down 0.100" & "wire/via-up 0.107". (ZRT-026)
Wire on layer (M8) needs more than one tracks
Via on layer (VIA7) needs more than one tracks
Via on layer (VIA8) needs more than one tracks
Warning: Layer M8 default pitch 0.100 may be too small to handle up/down via. Note, that minimum requirements are "wire/via-down 0.107" & "wire/via-up 0.135". (ZRT-026)
Wire on layer (M9) needs more than one tracks
Via on layer (VIA8) needs more than one tracks
Via on layer (VIARDL) needs more than one tracks
Warning: Layer M9 default pitch 0.100 may be too small to handle up/down via. Note, that minimum requirements are "wire/via-down 0.135" & "wire/via-up 1.570". (ZRT-026)
Via on layer (VIARDL) needs more than one tracks
Warning: Layer MRDL default pitch 4.000 may be too small to handle up/down via. Note, that minimum requirements are "wire/via-down 4.500" & "wire/via-up 4.000". (ZRT-026)
Transition layer name: M7(6)
Transition layer name: M8(7)
Information: When applicable Min-max layer allow_pin_connection mode will allow paths of length 0.90 outside the layer range. (ZRT-707)
Information: When applicable Min-max layer allow_pin_connection mode will allow paths of length 0.90 outside the layer range on clock nets. (ZRT-718)
Information: When applicable layer based tapering will taper up to 0.00 in distance from the pin. (ZRT-706)
Warning: Standard cell pin SAEDRVT14_BUF_ECO_1/A has no valid via regions. (ZRT-044)
Warning: Standard cell pin SAEDRVT14_ADDH_0P5/CO has no valid via regions. (ZRT-044)
Current Stage stats:
[End of Read DB] Elapsed real time: 0:00:00 
[End of Read DB] Elapsed cpu  time: sys=0:00:00 usr=0:00:00 total=0:00:00
[End of Read DB] Stage (MB): Used   32  Alloctr   32  Proc  -32 
[End of Read DB] Total (MB): Used   39  Alloctr   41  Proc 6143 
Loading timing information to the router from design
Timing information loaded to the router.
[End of Loading Timing] Elapsed real time: 0:00:00 
[End of Loading Timing] Elapsed cpu  time: sys=0:00:00 usr=0:00:00 total=0:00:00
Constructing data structure ...
Design statistics:
Design Bounding Box (0.00um,0.00um,58.10um,38.80um)
Number of routing layers = 10
layer M1, dir Ver, min width = 0.034um, min space = 0.026um pitch = 0.074um
layer M2, dir Hor, min width = 0.034um, min space = 0.026um pitch = 0.06um
layer M3, dir Ver, min width = 0.034um, min space = 0.026um pitch = 0.074um
layer M4, dir Hor, min width = 0.06um, min space = 0.04um pitch = 0.1um
layer M5, dir Ver, min width = 0.06um, min space = 0.04um pitch = 0.1um
layer M6, dir Hor, min width = 0.06um, min space = 0.04um pitch = 0.1um
layer M7, dir Ver, min width = 0.06um, min space = 0.04um pitch = 0.1um
layer M8, dir Hor, min width = 0.06um, min space = 0.04um pitch = 0.1um
layer M9, dir Ver, min width = 0.06um, min space = 0.04um pitch = 0.1um
layer MRDL, dir Hor, min width = 2um, min space = 2um pitch = 4um
Current Stage stats:
[End of Build Tech Data] Elapsed real time: 0:00:00 
[End of Build Tech Data] Elapsed cpu  time: sys=0:00:00 usr=0:00:00 total=0:00:00
[End of Build Tech Data] Stage (MB): Used    0  Alloctr    0  Proc    0 
[End of Build Tech Data] Total (MB): Used   40  Alloctr   42  Proc 6143 
Net statistics:
Total number of nets     = 1647
Number of nets to route  = 1645
2 nets are fully connected,
 of which 2 are detail routed and 0 are global routed.
Net length statistics: 
Net Count(Ignore Fully Rted) 1645, Total Half Perimeter Wire Length (HPWL) 10568 microns
HPWL   0 ~   50 microns: Net Count     1642	Total HPWL        10393 microns
HPWL  50 ~  100 microns: Net Count        3	Total HPWL          175 microns
HPWL 100 ~  200 microns: Net Count        0	Total HPWL            0 microns
HPWL 200 ~  300 microns: Net Count        0	Total HPWL            0 microns
HPWL 300 ~  400 microns: Net Count        0	Total HPWL            0 microns
HPWL 400 ~  500 microns: Net Count        0	Total HPWL            0 microns
HPWL 500 ~  600 microns: Net Count        0	Total HPWL            0 microns
HPWL 600 ~  700 microns: Net Count        0	Total HPWL            0 microns
HPWL 700 ~  800 microns: Net Count        0	Total HPWL            0 microns
HPWL 800 ~  900 microns: Net Count        0	Total HPWL            0 microns
HPWL 900 ~ 1000 microns: Net Count        0	Total HPWL            0 microns
HPWL     > 1000 microns: Net Count        0	Total HPWL            0 microns
Current Stage stats:
[End of Build All Nets] Elapsed real time: 0:00:00 
[End of Build All Nets] Elapsed cpu  time: sys=0:00:00 usr=0:00:00 total=0:00:00
[End of Build All Nets] Stage (MB): Used    1  Alloctr    1  Proc    0 
[End of Build All Nets] Total (MB): Used   41  Alloctr   43  Proc 6143 
Number of partitions: 1 (1 x 1)
Size of partitions: 96 gCells x 64 gCells
Average gCell capacity  3.06	 on layer (1)	 M1
Average gCell capacity  8.50	 on layer (2)	 M2
Average gCell capacity  7.83	 on layer (3)	 M3
Average gCell capacity  5.84	 on layer (4)	 M4
Average gCell capacity  5.47	 on layer (5)	 M5
Average gCell capacity  4.56	 on layer (6)	 M6
Average gCell capacity  4.74	 on layer (7)	 M7
Average gCell capacity  6.05	 on layer (8)	 M8
Average gCell capacity  6.04	 on layer (9)	 M9
Average gCell capacity  0.12	 on layer (10)	 MRDL
Average number of tracks per gCell 8.19	 on layer (1)	 M1
Average number of tracks per gCell 10.12	 on layer (2)	 M2
Average number of tracks per gCell 8.19	 on layer (3)	 M3
Average number of tracks per gCell 6.08	 on layer (4)	 M4
Average number of tracks per gCell 6.06	 on layer (5)	 M5
Average number of tracks per gCell 6.08	 on layer (6)	 M6
Average number of tracks per gCell 6.06	 on layer (7)	 M7
Average number of tracks per gCell 6.08	 on layer (8)	 M8
Average number of tracks per gCell 6.06	 on layer (9)	 M9
Average number of tracks per gCell 0.16	 on layer (10)	 MRDL
Number of gCells = 61440
Current Stage stats:
[End of Build Congestion Map] Elapsed real time: 0:00:00 
[End of Build Congestion Map] Elapsed cpu  time: sys=0:00:00 usr=0:00:00 total=0:00:00
[End of Build Congestion Map] Stage (MB): Used    2  Alloctr    2  Proc    0 
[End of Build Congestion Map] Total (MB): Used   43  Alloctr   45  Proc 6143 
Number of partitions: 1 (1 x 1)
Size of partitions: 96 gCells x 64 gCells
Current Stage stats:
[End of Add Nets Demand] Elapsed real time: 0:00:00 
[End of Add Nets Demand] Elapsed cpu  time: sys=0:00:00 usr=0:00:00 total=0:00:00
[End of Add Nets Demand] Stage (MB): Used    0  Alloctr    0  Proc    0 
[End of Add Nets Demand] Total (MB): Used   44  Alloctr   46  Proc 6143 
Number of user frozen nets = 0
Timing criticality report: total 2 (0.12)% critical nets.
   Number of criticality 1 nets = 2 (0.12)%
Information: RC layer preference is turned on for this design. (ZRT-613)
Total stats:
[End of Build Data] Elapsed real time: 0:00:00 
[End of Build Data] Elapsed cpu  time: sys=0:00:00 usr=0:00:00 total=0:00:00
[End of Build Data] Stage (MB): Used    4  Alloctr    4  Proc    0 
[End of Build Data] Total (MB): Used   44  Alloctr   46  Proc 6143 
Number of partitions: 1 (1 x 1)
Size of partitions: 96 gCells x 64 gCells
Current Stage stats:
[End of Blocked Pin Detection] Elapsed real time: 0:00:00 
[End of Blocked Pin Detection] Elapsed cpu  time: sys=0:00:00 usr=0:00:00 total=0:00:00
[End of Blocked Pin Detection] Stage (MB): Used  104  Alloctr  104  Proc    0 
[End of Blocked Pin Detection] Total (MB): Used  148  Alloctr  150  Proc 6143 
Information: Using 12 threads for routing. (ZRT-444)
Information: Multiple gcell levels ON
Information: Buffer distance is estimated to be ~271.0000um (451 gCells)

Start GR phase 0
Number of partitions: 1 (1 x 1)
Size of partitions: 96 gCells x 64 gCells
[rtAllBotParts] Elapsed real time: 0:00:00 
[rtAllBotParts] Elapsed cpu  time: sys=0:00:00 usr=0:00:00 total=0:00:00
[rtTop] Elapsed real time: 0:00:00 
[rtTop] Elapsed cpu  time: sys=0:00:00 usr=0:00:00 total=0:00:00
Current Stage stats:
[End of Initial Routing] Elapsed real time: 0:00:00 
[End of Initial Routing] Elapsed cpu  time: sys=0:00:00 usr=0:00:00 total=0:00:00
[End of Initial Routing] Stage (MB): Used    1  Alloctr    1  Proc    0 
[End of Initial Routing] Total (MB): Used  149  Alloctr  151  Proc 6143 
Initial. Routing result:
Initial. Both Dirs: Dmd-Cap  =     0 Max = 0 GRCs =     0 (0.00%)
Initial. H routing: Dmd-Cap  =     0 Max = 0 (GRCs =  0) GRCs =     0 (0.00%)
Initial. V routing: Dmd-Cap  =     0 Max = 0 (GRCs =  0) GRCs =     0 (0.00%)
Initial. Both Dirs: Overflow =    48 Max = 3 GRCs =    57 (0.46%)
Initial. H routing: Overflow =    40 Max = 3 (GRCs =  3) GRCs =    44 (0.72%)
Initial. V routing: Overflow =     7 Max = 2 (GRCs =  2) GRCs =    13 (0.21%)
Initial. M1         Overflow =     0 Max = 0 (GRCs =  0) GRCs =     0 (0.00%)
Initial. M2         Overflow =    40 Max = 3 (GRCs =  3) GRCs =    44 (0.72%)
Initial. M3         Overflow =     7 Max = 2 (GRCs =  2) GRCs =    13 (0.21%)
Initial. M4         Overflow =     0 Max = 0 (GRCs =  0) GRCs =     0 (0.00%)
Initial. M5         Overflow =     0 Max = 0 (GRCs =  0) GRCs =     0 (0.00%)
Initial. M6         Overflow =     0 Max = 0 (GRCs =  0) GRCs =     0 (0.00%)
Initial. M7         Overflow =     0 Max = 0 (GRCs =  0) GRCs =     0 (0.00%)
Initial. M8         Overflow =     0 Max = 0 (GRCs =  0) GRCs =     0 (0.00%)
Initial. M9         Overflow =     0 Max = 0 (GRCs =  0) GRCs =     0 (0.00%)
Initial. MRDL       Overflow =     0 Max = 0 (GRCs =  0) GRCs =     0 (0.00%)


Density distribution:
Layer    0.0  0.1  0.2  0.3  0.4  0.5  0.6  0.7  0.8  0.9  1.0  1.1  1.2  > 1.2 
M1       100. 0.00 0.00 0.00 0.00 0.00 0.00 0.00 0.00 0.00 0.00 0.00 0.00 0.00
M2       47.0 21.4 6.36 10.0 2.23 5.01 2.96 2.05 1.66 0.33 0.52 0.20 0.05 0.05
M3       31.1 18.9 12.4 13.0 2.23 11.4 6.17 2.73 1.50 0.00 0.18 0.03 0.00 0.00
M4       54.9 36.6 0.00 7.44 0.00 0.65 0.28 0.00 0.02 0.00 0.00 0.00 0.00 0.00
M5       86.3 8.89 0.98 3.53 0.00 0.21 0.00 0.00 0.00 0.00 0.00 0.00 0.00 0.00
M6       100. 0.00 0.00 0.00 0.00 0.00 0.00 0.00 0.00 0.00 0.00 0.00 0.00 0.00
M7       100. 0.00 0.00 0.00 0.00 0.00 0.00 0.00 0.00 0.00 0.00 0.00 0.00 0.00
M8       100. 0.00 0.00 0.00 0.00 0.00 0.00 0.00 0.00 0.00 0.00 0.00 0.00 0.00
M9       100. 0.00 0.00 0.00 0.00 0.00 0.00 0.00 0.00 0.00 0.00 0.00 0.00 0.00
MRDL     100. 0.00 0.00 0.00 0.00 0.00 0.00 0.00 0.00 0.00 0.00 0.00 0.00 0.00
Total    81.7 8.71 2.01 3.45 0.45 1.76 0.95 0.48 0.32 0.03 0.07 0.02 0.00 0.00


Initial. Total Wire Length = 10304.65
Initial. Layer M1 wire length = 0.00
Initial. Layer M2 wire length = 3220.51
Initial. Layer M3 wire length = 4538.80
Initial. Layer M4 wire length = 1952.33
Initial. Layer M5 wire length = 593.00
Initial. Layer M6 wire length = 0.00
Initial. Layer M7 wire length = 0.00
Initial. Layer M8 wire length = 0.00
Initial. Layer M9 wire length = 0.00
Initial. Layer MRDL wire length = 0.00
Initial. Total Number of Contacts = 8493
Initial. Via VIA1_Base count = 2809
Initial. Via VIA2_Base count = 5153
Initial. Via VIA34SQ_C count = 438
Initial. Via VIA4SQ count = 93
Initial. Via VIA5SQ_C count = 0
Initial. Via VIA67SQ_C count = 0
Initial. Via VIA78SQ_C count = 0
Initial. Via VIA89_C count = 0
Initial. Via VIA9RDL count = 0
Initial. completed.

Start GR phase 1
Wed Jun 18 13:00:30 2025
Number of partitions: 1 (1 x 1)
Size of partitions: 96 gCells x 64 gCells
[rtAllParts] Elapsed real time: 0:00:00 
[rtAllParts] Elapsed cpu  time: sys=0:00:00 usr=0:00:00 total=0:00:00
Current Stage stats:
[End of Phase1 Routing] Elapsed real time: 0:00:00 
[End of Phase1 Routing] Elapsed cpu  time: sys=0:00:00 usr=0:00:00 total=0:00:00
[End of Phase1 Routing] Stage (MB): Used    0  Alloctr    0  Proc    0 
[End of Phase1 Routing] Total (MB): Used  149  Alloctr  151  Proc 6143 
phase1. Routing result:
phase1. Both Dirs: Dmd-Cap  =     0 Max = 0 GRCs =     0 (0.00%)
phase1. H routing: Dmd-Cap  =     0 Max = 0 (GRCs =  0) GRCs =     0 (0.00%)
phase1. V routing: Dmd-Cap  =     0 Max = 0 (GRCs =  0) GRCs =     0 (0.00%)
phase1. Both Dirs: Overflow =    26 Max = 3 GRCs =    27 (0.22%)
phase1. H routing: Overflow =    26 Max = 3 (GRCs =  1) GRCs =    27 (0.44%)
phase1. V routing: Overflow =     0 Max = 0 (GRCs =  0) GRCs =     0 (0.00%)
phase1. M1         Overflow =     0 Max = 0 (GRCs =  0) GRCs =     0 (0.00%)
phase1. M2         Overflow =    26 Max = 3 (GRCs =  1) GRCs =    27 (0.44%)
phase1. M3         Overflow =     0 Max = 0 (GRCs =  0) GRCs =     0 (0.00%)
phase1. M4         Overflow =     0 Max = 0 (GRCs =  0) GRCs =     0 (0.00%)
phase1. M5         Overflow =     0 Max = 0 (GRCs =  0) GRCs =     0 (0.00%)
phase1. M6         Overflow =     0 Max = 0 (GRCs =  0) GRCs =     0 (0.00%)
phase1. M7         Overflow =     0 Max = 0 (GRCs =  0) GRCs =     0 (0.00%)
phase1. M8         Overflow =     0 Max = 0 (GRCs =  0) GRCs =     0 (0.00%)
phase1. M9         Overflow =     0 Max = 0 (GRCs =  0) GRCs =     0 (0.00%)
phase1. MRDL       Overflow =     0 Max = 0 (GRCs =  0) GRCs =     0 (0.00%)


Density distribution:
Layer    0.0  0.1  0.2  0.3  0.4  0.5  0.6  0.7  0.8  0.9  1.0  1.1  1.2  > 1.2 
M1       100. 0.00 0.00 0.00 0.00 0.00 0.00 0.00 0.00 0.00 0.00 0.00 0.00 0.00
M2       47.1 21.3 6.53 10.2 2.16 5.09 2.90 1.99 1.74 0.34 0.34 0.18 0.02 0.03
M3       31.1 18.9 12.6 12.9 2.29 11.4 6.30 2.72 1.66 0.00 0.00 0.00 0.00 0.00
M4       54.2 36.4 0.00 7.89 0.00 0.90 0.41 0.00 0.08 0.00 0.00 0.00 0.00 0.00
M5       86.1 8.81 1.04 3.68 0.00 0.31 0.00 0.00 0.00 0.00 0.00 0.00 0.00 0.00
M6       100. 0.00 0.00 0.00 0.00 0.00 0.00 0.00 0.00 0.00 0.00 0.00 0.00 0.00
M7       100. 0.00 0.00 0.00 0.00 0.00 0.00 0.00 0.00 0.00 0.00 0.00 0.00 0.00
M8       100. 0.00 0.00 0.00 0.00 0.00 0.00 0.00 0.00 0.00 0.00 0.00 0.00 0.00
M9       100. 0.00 0.00 0.00 0.00 0.00 0.00 0.00 0.00 0.00 0.00 0.00 0.00 0.00
MRDL     100. 0.00 0.00 0.00 0.00 0.00 0.00 0.00 0.00 0.00 0.00 0.00 0.00 0.00
Total    81.6 8.66 2.05 3.52 0.45 1.79 0.97 0.48 0.35 0.03 0.03 0.02 0.00 0.00


phase1. Total Wire Length = 10308.41
phase1. Layer M1 wire length = 0.00
phase1. Layer M2 wire length = 3164.73
phase1. Layer M3 wire length = 4521.13
phase1. Layer M4 wire length = 2011.30
phase1. Layer M5 wire length = 611.26
phase1. Layer M6 wire length = 0.00
phase1. Layer M7 wire length = 0.00
phase1. Layer M8 wire length = 0.00
phase1. Layer M9 wire length = 0.00
phase1. Layer MRDL wire length = 0.00
phase1. Total Number of Contacts = 8573
phase1. Via VIA1_Base count = 2809
phase1. Via VIA2_Base count = 5162
phase1. Via VIA34SQ_C count = 501
phase1. Via VIA4SQ count = 101
phase1. Via VIA5SQ_C count = 0
phase1. Via VIA67SQ_C count = 0
phase1. Via VIA78SQ_C count = 0
phase1. Via VIA89_C count = 0
phase1. Via VIA9RDL count = 0
phase1. completed.
[End of Whole Chip Routing] Elapsed real time: 0:00:00 
[End of Whole Chip Routing] Elapsed cpu  time: sys=0:00:00 usr=0:00:00 total=0:00:00
[End of Whole Chip Routing] Stage (MB): Used  109  Alloctr  109  Proc    0 
[End of Whole Chip Routing] Total (MB): Used  149  Alloctr  151  Proc 6143 

Congestion utilization per direction:
Average vertical track utilization   =  9.58 %
Peak    vertical track utilization   = 47.37 %
Average horizontal track utilization =  9.66 %
Peak    horizontal track utilization = 60.87 %

[End of Global Routing] Elapsed real time: 0:00:00 
[End of Global Routing] Elapsed cpu  time: sys=0:00:00 usr=0:00:00 total=0:00:00
[End of Global Routing] Stage (MB): Used  108  Alloctr  108  Proc    0 
[End of Global Routing] Total (MB): Used  147  Alloctr  150  Proc 6143 
Updating the database ...
Updating congestion ...
Information: Extraction observers are detached as design net change threshold is reached.
[End of dbOut] Elapsed real time: 0:00:00 
[End of dbOut] Elapsed cpu  time: sys=0:00:00 usr=0:00:00 total=0:00:00
[End of dbOut] Stage (MB): Used  -33  Alloctr  -33  Proc    0 
[End of dbOut] Total (MB): Used   36  Alloctr   37  Proc 6143 
time.estimate_sized_nets true
Doing RDE Capture
Information: Freeing timing information from routing. (ZRT-574)
Information: Design dut_toplevel has 1647 nets, 1645 global routed, 0 detail routed. (NEX-024)
Information: The stitching and editing of coupling caps is turned OFF for design 'dut_toplevel.dlib:dut_toplevel/placement_and_optimization.design'. (TIM-125)

RDE Information
RDE Design         : dut_toplevel.dlib:dut_toplevel/placement_and_optimization.design
RDE Module         : dut_toplevel
RDE TechName       : minTLU
RDE Version        : 1.90
Product Version    : fc V-2023.12 Nov 23, 2023
No. of Res Corners : 3
No. of Cap Corners : 3
RDE Capture Stage  : NONE
RDE Capture DB     : GR
Max layer ID       : 10
Max via layer ID   : 9
DB1                : 10000
gCell Size         : 2.3375 um
Merge Fanout       : 1
Via Model          : 3
large Gcell Grid   : 0
Disable clock capture       : 1
RDE congestion map          : (-8320, -8320 -> 589320, 396320)
RDE Effort Level            : medium
RDE Layer Length Adjustment : false
RDE from                    : CAPTURE
Information: The stitching and editing of coupling caps is turned OFF for design 'dut_toplevel.dlib:dut_toplevel/placement_and_optimization.design'. (TIM-125)
Information: The RC mode used is RDE for design 'dut_toplevel'. (NEX-022)
Information: Design Average RC for design dut_toplevel  (NEX-011)
Information: r = 2.057309 ohm/um, via_r = 1.199439 ohm/cut, c = 0.131815 ff/um, cc = 0.000000 ff/um (X dir) (NEX-017)
Information: r = 2.669338 ohm/um, via_r = 0.909198 ohm/cut, c = 0.124958 ff/um, cc = 0.000000 ff/um (Y dir) (NEX-017)
Information: Update timing completed net estimation for all the timing graph nets (TIM-111)
Information: Net estimation statistics: timing graph nets = 1645, routed nets = 0, across physical hierarchy nets = 0, parasitics cached nets = 1645, delay annotated nets = 0, parasitics annotated nets = 0, multi-voltage nets = 0. (TIM-112)

Information: Starting place_opt / final_opto / Optimization (1) (FLW-8000)
Information: Time: 2025-06-18 13:00:31 / Session:  00:02:41 / Command:  00:00:22 / CPU:  00:01:33 / Memory: 1549 MB (FLW-8100)

Warning: Cannot find any max transition constraint on the design. (OPT-070)
Info: update em.

Place-opt timing update complete          CPU:   508 s (  0.14 hr )  ELAPSE:   162 s (  0.04 hr )  MEM-PEAK:  1548 MB

Place-opt initial QoR
_____________________
Scenario Mapping Table
1: Normal_Fast
2: Normal_Slow
3: Normal_Typical
4: PowerSave_Fast
5: PowerSave_Slow
6: PowerSave_Typical

Pathgroup Mapping Table
1: **default**
2: **async_default**
3: **clock_gating_default**
4: **in2reg_default**
5: **reg2out_default**
6: **in2out_default**
7: clk

-------------------------------------------------------------------------------------------------------------------------------------------------------------
PATHGROUP QOR 
-------------------------------------------------------------------------------------------------------------------------------------------------------------
Scene  PG      WNS        TNS    NSV      WHV        THV    NHV
    1   1   0.0000     0.0000      0        -          -      -
    1   2   0.0000     0.0000      0        -          -      -
    1   3   0.0000     0.0000      0        -          -      -
    1   4   0.0000     0.0000      0        -          -      -
    1   5   0.0000     0.0000      0        -          -      -
    1   6   0.0000     0.0000      0        -          -      -
    1   7   0.0000     0.0000      0        -          -      -
    2   1   0.0000     0.0000      0        -          -      -
    2   2   0.0000     0.0000      0        -          -      -
    2   3   0.0000     0.0000      0        -          -      -
    2   4   0.0000     0.0000      0        -          -      -
    2   5   0.0000     0.0000      0        -          -      -
    2   6   0.0000     0.0000      0        -          -      -
    2   7   0.0000     0.0000      0        -          -      -
    3   1   0.0000     0.0000      0        -          -      -
    3   2   0.0000     0.0000      0        -          -      -
    3   3   0.0000     0.0000      0        -          -      -
    3   4   0.0000     0.0000      0        -          -      -
    3   5   0.0000     0.0000      0        -          -      -
    3   6   0.0000     0.0000      0        -          -      -
    3   7   0.0000     0.0000      0        -          -      -
    4   1   0.0000     0.0000      0        -          -      -
    4   2   0.0000     0.0000      0        -          -      -
    4   3   0.0000     0.0000      0        -          -      -
    4   4   0.0000     0.0000      0        -          -      -
    4   5   0.0000     0.0000      0        -          -      -
    4   6   0.0000     0.0000      0        -          -      -
    4   7   0.0000     0.0000      0        -          -      -
    5   1   0.0000     0.0000      0        -          -      -
    5   2   0.0000     0.0000      0        -          -      -
    5   3   0.0000     0.0000      0        -          -      -
    5   4   0.0000     0.0000      0        -          -      -
    5   5   0.0000     0.0000      0        -          -      -
    5   6   0.0000     0.0000      0        -          -      -
    5   7   0.0000     0.0000      0        -          -      -
    6   1   0.0000     0.0000      0        -          -      -
    6   2   0.0000     0.0000      0        -          -      -
    6   3   0.0000     0.0000      0        -          -      -
    6   4   0.0000     0.0000      0        -          -      -
    6   5   0.0000     0.0000      0        -          -      -
    6   6   0.0000     0.0000      0        -          -      -
    6   7   0.0000     0.0000      0        -          -      -
----------------------------------------------------------------------------------------------------------------------------------------------------------------------
SCENARIO QOR 
----------------------------------------------------------------------------------------------------------------------------------------------------------------------
Scene  PG      WNS        TNS   R2RTNS    NSV      WHV        THV    NHV  MaxTrnV   MaxTranC  MaxCapV    Leakage     CellEMV
    1   *   0.0000     0.0000   0.0000      0        -          -      -        0     0.0000        0 33358644.0           0
    2   *   0.0000     0.0000   0.0000      0        -          -      -        0     0.0000        1  17015.564           0
    3   *   0.0000     0.0000   0.0000      0        -          -      -        0     0.0000        0 317915.719           0
    4   *   0.0000     0.0000   0.0000      0        -          -      -        0     0.0000        0 33358644.0           0
    5   *   0.0000     0.0000   0.0000      0        -          -      -        0     0.0000        1  17015.564           0
    6   *   0.0000     0.0000   0.0000      0        -          -      -        0     0.0000        0 317915.719           0
----------------------------------------------------------------------------------------------------------------------------------------------------------------------
DESIGN QOR 
----------------------------------------------------------------------------------------------------------------------------------------------------------------------
Scene  PG      WNS        TNS   R2RTNS    NSV      WHV        THV    NHV  MaxTrnV   MaxTranC  MaxCapV    Leakage         Area    InstCnt     BufCnt     InvCnt     CellEMV
    *   *   0.0000     0.0000   0.0000      0   0.0000     0.0000      0        0     0.0000        1 33358644.0       918.19       1215         14         22           0
----------------------------------------------------------------------------------------------------------------------------------------------------------------------

Place-opt initial QoR Summary       WNS        TNS   R2RTNS    NSV      WHV        THV    NHV  MaxTrnV  MaxCapV    Leakage         Area    InstCnt
Place-opt initial QoR Summary    0.0000     0.0000   0.0000      0   0.0000     0.0000      0        0        1 33358644.0       918.19       1215
Information: The netlist change observers are disabled for incremental extraction. (TIM-126)
INFO: using 12 threads
Place-opt initialization complete         CPU:   525 s (  0.15 hr )  ELAPSE:   164 s (  0.05 hr )  MEM-PEAK:  1548 MB
Place-opt optimization summary            SETUP-COST    R2R-COST HOLD-COST LDRC-COST          AREA     LEAKAGE     INSTCNT            ELAPSE       MEM
Warning: Cannot find any max transition constraint on the design. (OPT-070)
Information: The netlist change observers are enabled for incremental extraction. (TIM-127)

Information: Initializing classic cellmap without advanced rules enabled and without PDC enabled
Information: The following app options are used in cellmap
        place.legalize.enable_color_aware_placement : false
        place.legalize.use_nll_query_cm : false
        place.legalize.enable_advanced_legalizer : false
        place.legalize.enable_prerouted_net_check : true
        place.legalize.enable_advanced_prerouted_net_check : false
        place.legalize.always_continue : true
        place.legalize.limit_legality_checks : false
        place.common.pnet_aware_density : 1.0000
        place.common.pnet_aware_min_width : 0.0000
        place.common.pnet_aware_layers : {}
        place.common.use_placement_model : false
        place.common.enable_advanced_placement_model : true
        cts.placement.cell_spacing_rule_style : maximum
Warning: Library cell saed14rvt_frame_timing:SAEDRVT14_ISOFSDPQ_PECO_8.frame is missing supply pins. Its power structure cannot be determined. (LGL-050)
Warning: Library cell saed14rvt_frame_timing:SAEDRVT14_DCAP_PV1ECO_12.frame is missing supply pins. Its power structure cannot be determined. (LGL-050)
Total 0.0076 seconds to build cellmap data
INFO: creating 22(r) x 33(c) GridCells YDim 1.8 XDim 1.8
INFO: number of GridCells (0xdc31af00): 726
INFO: creating 22(r) x 33(c) GridCells YDim 1.8 XDim 1.8
INFO: number of GridCells (0xdc31af00): 726
Total 0.0162 seconds to load 1693 cell instances into cellmap
Moveable cells: 1215; Application fixed cells: 0; Macro cells: 0; User fixed cells: 478
Average cell width 1.2595, cell height 0.6000, cell area 0.7557 for total 1215 placed and application fixed cells
Place-opt optimization Phase 19 Iter  1         0.00        0.00      0.00         0        918.19  33358644.00        1215              0.05      1548
Information: The value of option cts.compile.enable_cell_relocation has been overridden to "leaf_only" to support latency-driven placement. (CTS-973)
Isolated 0 ports, skipped 0 ports
Already Isolated 0 ports, Deleted 0 existing Isolation cells 

Place-opt optimization Phase 20 Iter  1         0.00        0.00      0.00         0        918.19  33358644.00        1215              0.05      1548
Corner Scaling is off, multiplier is 1.000000
Corner Scaling is off, multiplier is 1.000000
Using default layer M4
corner scaling: maxCornerId = 3
corner=Fast, tran factor=0.839605 (0.028406 / 0.033833)
corner=Typical, tran factor=0.945497 (0.031989 / 0.033833)
corner=Slow, tran factor=1.000000 (0.033833 / 0.033833)
bmap: stepx = stepy = 30000
creating bmap
DB units per micron : 10000
INFO: New Levelizer turned on
Place-opt optimization Phase 20 Iter  2         0.00        0.00      0.00         0        918.19  33358644.00        1215              0.05      1548
Place-opt optimization Phase 20 Iter  3         0.00        0.00      0.00         0        918.19  33363144.00        1215              0.05      1548

CCL: Total Usage Adjustment : 1
INFO: Derive row count 16 from GR congestion map (64/4)
INFO: Derive col count 24 from GR congestion map (96/4)
Convert timing mode ...
Place-opt optimization Phase 21 Iter  1         0.00        0.00      0.00         0        918.19  33363144.00        1215              0.05      1548
Number of Site types in the design = 1
INFO: Skipping activation of hold scenarios prior to CUS.
Information: The value of option cts.compile.enable_cell_relocation has been overridden to "leaf_only" to support latency-driven placement. (CTS-973)
CCD app option: ccd.targeted_ccd_path_groups:  **clock_gating_default**
Target path group: scenario Normal_Fast pathgroup **clock_gating_default**
Target path group: scenario Normal_Slow pathgroup **clock_gating_default**
Target path group: scenario Normal_Typical pathgroup **clock_gating_default**
Target path group: scenario PowerSave_Fast pathgroup **clock_gating_default**
Target path group: scenario PowerSave_Slow pathgroup **clock_gating_default**
Target path group: scenario PowerSave_Typical pathgroup **clock_gating_default**
Information: CCD will use corner Slow for honoring max prepone/postpone limits

Summary of messages during CTS:
===============================================================
  Tag   Count  Type           Description
---------------------------------------------------------------
 No error or warning message.
Information: The value of option cts.compile.enable_cell_relocation has been overridden to "leaf_only" to support latency-driven placement. (CTS-973)
Warning: No clock routing rules were specified. Use set_clock_routing_rules to specify routing rules for accurate clock latency estimation. (OPT-902)
Warning: No clock routing rules were specified. Use set_clock_routing_rules to specify routing rules for accurate clock latency estimation. (OPT-902)
Information: Estimating clock gate latencies for scenario 'PowerSave_Typical'. (OPT-909)
Warning: No clock routing rules were specified. Use set_clock_routing_rules to specify routing rules for accurate clock latency estimation. (OPT-902)
Information: Estimating clock gate latencies for scenario 'PowerSave_Slow'. (OPT-909)
Warning: No clock routing rules were specified. Use set_clock_routing_rules to specify routing rules for accurate clock latency estimation. (OPT-902)
Information: Estimating clock gate latencies for scenario 'PowerSave_Fast'. (OPT-909)
Warning: No clock routing rules were specified. Use set_clock_routing_rules to specify routing rules for accurate clock latency estimation. (OPT-902)
Information: Estimating clock gate latencies for scenario 'Normal_Typical'. (OPT-909)
Warning: No clock routing rules were specified. Use set_clock_routing_rules to specify routing rules for accurate clock latency estimation. (OPT-902)
Information: Estimating clock gate latencies for scenario 'Normal_Slow'. (OPT-909)
Warning: No clock routing rules were specified. Use set_clock_routing_rules to specify routing rules for accurate clock latency estimation. (OPT-902)
Information: Estimating clock gate latencies for scenario 'Normal_Fast'. (OPT-909)
INFO: Skipping deactivation of hold scenarios after CUS.
Number of Site types in the design = 1
Place-opt optimization Phase 21 Iter  2         0.00        0.00      0.00         0        918.19  33363144.00        1215              0.05      1548
Place-opt optimization Phase 21 Iter  3         0.00        0.00      0.00         0        918.19  33363144.00        1215              0.05      1548
Place-opt optimization Phase 21 Iter  4         0.00        0.00      0.00         0        918.19  33363144.00        1215              0.05      1548
Place-opt optimization Phase 21 Iter  5         0.00        0.00      0.00         0        918.19  33363144.00        1215              0.05      1548
Number of Site types in the design = 1
INFO: Skipping activation of hold scenarios prior to CUS.
Information: The value of option cts.compile.enable_cell_relocation has been overridden to "leaf_only" to support latency-driven placement. (CTS-973)
CCD app option: ccd.targeted_ccd_path_groups:  **clock_gating_default**
Target path group: scenario Normal_Fast pathgroup **clock_gating_default**
Target path group: scenario Normal_Slow pathgroup **clock_gating_default**
Target path group: scenario Normal_Typical pathgroup **clock_gating_default**
Target path group: scenario PowerSave_Fast pathgroup **clock_gating_default**
Target path group: scenario PowerSave_Slow pathgroup **clock_gating_default**
Target path group: scenario PowerSave_Typical pathgroup **clock_gating_default**
Information: CCD will use corner Slow for honoring max prepone/postpone limits

Summary of messages during CTS:
===============================================================
  Tag   Count  Type           Description
---------------------------------------------------------------
 No error or warning message.
Information: The value of option cts.compile.enable_cell_relocation has been overridden to "leaf_only" to support latency-driven placement. (CTS-973)
Warning: No clock routing rules were specified. Use set_clock_routing_rules to specify routing rules for accurate clock latency estimation. (OPT-902)
Warning: No clock routing rules were specified. Use set_clock_routing_rules to specify routing rules for accurate clock latency estimation. (OPT-902)
Information: Estimating clock gate latencies for scenario 'PowerSave_Typical'. (OPT-909)
Warning: No clock routing rules were specified. Use set_clock_routing_rules to specify routing rules for accurate clock latency estimation. (OPT-902)
Information: Estimating clock gate latencies for scenario 'PowerSave_Slow'. (OPT-909)
Warning: No clock routing rules were specified. Use set_clock_routing_rules to specify routing rules for accurate clock latency estimation. (OPT-902)
Information: Estimating clock gate latencies for scenario 'PowerSave_Fast'. (OPT-909)
Warning: No clock routing rules were specified. Use set_clock_routing_rules to specify routing rules for accurate clock latency estimation. (OPT-902)
Information: Estimating clock gate latencies for scenario 'Normal_Typical'. (OPT-909)
Warning: No clock routing rules were specified. Use set_clock_routing_rules to specify routing rules for accurate clock latency estimation. (OPT-902)
Information: Estimating clock gate latencies for scenario 'Normal_Slow'. (OPT-909)
Warning: No clock routing rules were specified. Use set_clock_routing_rules to specify routing rules for accurate clock latency estimation. (OPT-902)
Information: Estimating clock gate latencies for scenario 'Normal_Fast'. (OPT-909)
INFO: Skipping deactivation of hold scenarios after CUS.
Number of Site types in the design = 1
Place-opt optimization Phase 21 Iter  6         0.00        0.00      0.00         0        918.19  33363144.00        1215              0.05      1548
Corner Scaling is off, multiplier is 1.000000
Using default layer M4
corner scaling: maxCornerId = 3
corner=Fast, tran factor=0.839605 (0.028406 / 0.033833)
corner=Typical, tran factor=0.945497 (0.031989 / 0.033833)
corner=Slow, tran factor=1.000000 (0.033833 / 0.033833)
bmap: stepx = stepy = 30000
creating bmap
DB units per micron : 10000
Place-opt optimization Phase 21 Iter  7         0.00        0.00      0.00         0        918.19  33363144.00        1215              0.05      1548
Place-opt optimization Phase 21 Iter  8         0.00        0.00      0.00         0        918.19  33363144.00        1215              0.05      1548
Place-opt optimization Phase 21 Iter  9         0.00        0.00      0.00         0        918.19  33363144.00        1215              0.05      1548
Place-opt optimization Phase 21 Iter 10         0.00        0.00      0.00         0        918.19  33363144.00        1215              0.05      1548
Place-opt optimization summary            SETUP-COST    R2R-COST HOLD-COST LDRC-COST          AREA     LEAKAGE     INSTCNT            ELAPSE       MEM
Place-opt optimization Phase 21 Iter 11         0.00        0.00      0.00         0        918.19  33363144.00        1215              0.05      1548

CCL: Total Usage Adjustment : 1
INFO: Derive row count 16 from GR congestion map (64/4)
INFO: Derive col count 24 from GR congestion map (96/4)
Convert timing mode ...
Place-opt optimization Phase 22 Iter  1         0.00        0.00      0.00         0        918.19  33363144.00        1215              0.05      1548

Disable clock slack update for ideal clocks
Place-opt optimization Phase 23 Iter  1         0.00        0.00      0.00         0        918.19  33363144.00        1215              0.05      1548
INFO: cellmap features:  adv-rules=(N), pdc=(N), clock-rules=(Y)

Place-opt optimization Phase 24 Iter  1         0.00        0.00      0.00         0        918.19  33363144.00        1215              0.05      1548
CCL: Total Usage Adjustment : 1
INFO: Derive row count 16 from GR congestion map (64/4)
INFO: Derive col count 24 from GR congestion map (96/4)
Convert timing mode ...
INFO: New Levelizer turned on
Layer Demotion Info:
Bin                       OptDist       MinLen      BeforeCount       AfterCount        Diff
-----------------------------------------------------------------------------------------
None                         89.5          0.0             1645             1645           0
M4                           99.9          9.0                0                0           0
-----------------------------------------------------------------------------------------
Total Demoted Nets:             0


Place-opt optimization Phase 25 Iter  1         0.00        0.00      0.00         0        918.19  33363144.00        1215              0.05      1548

Place-opt optimization Phase 26 Iter  1         0.00        0.00      0.00         0        918.19  33363144.00        1215              0.05      1548
INFO: New Levelizer turned on
Place-opt optimization Phase 26 Iter  2         0.00        0.00      0.00         0        917.66  33284008.00        1215              0.05      1548
INFO: New Levelizer turned on

Disable clock slack update for ideal clocks
Place-opt optimization Phase 27 Iter  1         0.00        0.00      0.00         0        917.44  33277806.00        1215              0.05      1548
INFO: cellmap features:  adv-rules=(N), pdc=(N), clock-rules=(Y)

Place-opt optimization Phase 28 Iter  1         0.00        0.00      0.00         0        917.44  33277806.00        1215              0.05      1548

Place-opt optimization Phase 29 Iter  1         0.00        0.00      0.00         0        917.44  33277806.00        1215              0.05      1548
INFO: New Levelizer turned on

Disable clock slack update for ideal clocks
Place-opt optimization Phase 30 Iter  1         0.00        0.00      0.00         0        917.44  33277806.00        1215              0.05      1548
INFO: cellmap features:  adv-rules=(N), pdc=(N), clock-rules=(Y)

Place-opt optimization Phase 31 Iter  1         0.00        0.00      0.00         0        917.44  33277806.00        1215              0.05      1548
INFO: New Levelizer turned on

Disable clock slack update for ideal clocks
INFO:  SEQ DEL WNS is protecting TNS
INFO:  SEQ DEL WNS is protecting TNS
Place-opt optimization Phase 32 Iter  1         0.00        0.00      0.00         0        917.44  33277806.00        1215              0.05      1548
INFO: cellmap features:  adv-rules=(N), pdc=(N), clock-rules=(Y)

CCL: Total Usage Adjustment : 1
INFO: Derive row count 16 from GR congestion map (64/4)
INFO: Derive col count 24 from GR congestion map (96/4)
Convert timing mode ...
Place-opt optimization Phase 33 Iter  1         0.00        0.00      0.00         0        917.44  33277806.00        1215              0.05      1548

Place-opt optimization Phase 34 Iter  1         0.00        0.00      0.00         0        917.44  33277806.00        1215              0.05      1548
INFO: total number of constant pins: 0
INFO: constant pins which are scan-pins: 0
INFO: constant pins that are not scan-pins: 0

Place-opt optimization Phase 35 Iter  1         0.00        0.00      0.00         0        917.44  33277806.00        1215              0.05      1548

Place-opt optimization Phase 36 Iter  1         0.00        0.00      0.00         0        917.44  33277806.00        1215              0.05      1548

Information: Ending   place_opt / final_opto / Optimization (1) (FLW-8001)
Information: Time: 2025-06-18 13:00:44 / Session:  00:02:54 / Command:  00:00:35 / CPU:  00:02:22 / Memory: 1549 MB (FLW-8100)

Information: Starting place_opt / final_opto / Legalization (1) (FLW-8000)
Information: Time: 2025-06-18 13:00:44 / Session:  00:02:54 / Command:  00:00:35 / CPU:  00:02:22 / Memory: 1549 MB (FLW-8100)

START_FUNC : legalize_placement_pre_run_core CPU :    556 s ( 0.15 hr) ELAPSE :    174 s ( 0.05 hr) MEM-PEAK :  1548 Mb
END_FUNC : legalize_placement_pre_run_core CPU :    556 s ( 0.15 hr) ELAPSE :    174 s ( 0.05 hr) MEM-PEAK :  1548 Mb
Place-opt optimization Phase 39 Iter  1         0.00        0.00      0.00         0        917.44  33277806.00        1215              0.05      1548
nplDplc2Placer::setParam(effort,1)
nplDplc2Placer::setParam(debug,0)
nplDplc2Placer::setParam(site_check,2)
nplDplc2Placer::setParam(app_firm_wgt,0)
Warning: Routing direction of metal layer PO is neither "horizontal" nor "vertical".  PDC checks will not be performed on this layer. (PDC-003)
PDC app_options settings =========
	place.legalize.enable_prerouted_net_check: 1
	place.legalize.num_tracks_for_access_check: 1
	place.legalize.use_eol_spacing_for_access_check: 0
	place.legalize.allow_touch_track_for_access_check: 1
	place.legalize.reduce_conservatism_in_eol_check: 0
	place.legalize.preroute_shape_merge_distance: 0.0
	place.legalize.enable_non_preferred_direction_span_check: 0

Layer M1: cached 0 shapes out of 49 total shapes.
Layer M2: cached 588 shapes out of 588 total shapes.
Layer M3: cached 588 shapes out of 588 total shapes.
Cached 1764 vias out of 2618 total vias.

Legalizing Top Level Design dut_toplevel ... 
Information: Initializing classic cellmap without advanced rules enabled and without PDC enabled
Information: The following app options are used in cellmap
        place.legalize.enable_color_aware_placement : false
        place.legalize.use_nll_query_cm : false
        place.legalize.enable_advanced_legalizer : false
        place.legalize.enable_prerouted_net_check : true
        place.legalize.enable_advanced_prerouted_net_check : false
        place.legalize.always_continue : true
        place.legalize.limit_legality_checks : false
        place.common.pnet_aware_density : 1.0000
        place.common.pnet_aware_min_width : 0.0000
        place.common.pnet_aware_layers : {}
        place.common.use_placement_model : false
        place.common.enable_advanced_placement_model : true
        cts.placement.cell_spacing_rule_style : maximum
Warning: Library cell saed14rvt_frame_timing:SAEDRVT14_ISOFSDPQ_PECO_8.frame is missing supply pins. Its power structure cannot be determined. (LGL-050)
Total 0.0079 seconds to build cellmap data
Information: Creating classic rule checker.
Warning: Routing direction of metal layer PO is neither "horizontal" nor "vertical".  PDC checks will not be performed on this layer. (PDC-003)
=====> Processed 76 ref cells (23 fillers) from library

Bounds/Regions In This Design:
        Area    Num Cells  Exclusive Name
 (square um)
     1385.28         1693        Yes DEFAULT_VA

Starting legalizer.
Warning: Exclusive bound 'DEFAULT' has no cells.
Optimizing Exclusive Bound 'DEFAULT_VA' (2/2)
    Done Exclusive Bound 'DEFAULT_VA' (2/2) (0 sec)
Legalization complete (0 total sec)

****************************************
  Report : Placement Attempts
  Site   : unit
****************************************

number of cells:                   1693
number of references:                76
number of site rows:                 48
number of locations attempted:    26749
number of locations failed:         218  (0.8%)

Legality of references at locations:
1 references had failures.

Worst 1 references by total failures:
 CELLS       UNFLIPPED                       FLIPPED                REFERENCE NAME
         ATTEMPTS  FAILURES            ATTEMPTS  FAILURES           
    18        352       114 ( 32.4%)        312       104 ( 33.3%)  SAEDRVT14_ADDH_0P5

Worst 1 references by failure rate:
 CELLS       UNFLIPPED                       FLIPPED                REFERENCE NAME
         ATTEMPTS  FAILURES            ATTEMPTS  FAILURES           
    18        352       114 ( 32.4%)        312       104 ( 33.3%)  SAEDRVT14_ADDH_0P5

Legality of references in rows:
0 references had row failures.

****************************************
  Report : Cell Displacements
****************************************

number of cells aggregated:        1215 (20663 total sites)
avg row height over cells:        0.600 um
rms cell displacement:            0.000 um ( 0.00 row height)
rms weighted cell displacement:   0.000 um ( 0.00 row height)
max cell displacement:            0.000 um ( 0.00 row height)
avg cell displacement:            0.000 um ( 0.00 row height)
avg weighted cell displacement:   0.000 um ( 0.00 row height)
number of cells moved:                0
number of large displacements:        0
large displacement threshold:     3.000 row height

Displacements of worst 10 cells:
Cell: DP_OP_33_12155_941_J1/U_409 (SAEDRVT14_ADDF_V1_0P5)
  Input location: (20.17,10.4)
  Legal location: (20.17,10.4)
  Displacement:   0.000 um ( 0.00 row height)
Cell: DP_OP_33_12155_941_J1/U_408 (SAEDRVT14_ADDF_V1_0P5)
  Input location: (23.426,12.8)
  Legal location: (23.426,12.8)
  Displacement:   0.000 um ( 0.00 row height)
Cell: DP_OP_33_12155_941_J1/U_407 (SAEDRVT14_ADDF_V1_0P5)
  Input location: (20.54,11)
  Legal location: (20.54,11)
  Displacement:   0.000 um ( 0.00 row height)
Cell: DP_OP_33_12155_941_J1/U_405 (SAEDRVT14_ADDF_V1_0P5)
  Input location: (20.54,12.8)
  Legal location: (20.54,12.8)
  Displacement:   0.000 um ( 0.00 row height)
Cell: DP_OP_33_12155_941_J1/U_398 (SAEDRVT14_ADDF_V1_0P5)
  Input location: (22.094,15.8)
  Legal location: (22.094,15.8)
  Displacement:   0.000 um ( 0.00 row height)
Cell: DP_OP_33_12155_941_J1/U_404 (SAEDRVT14_ADDF_V1_0P5)
  Input location: (23.352,14)
  Legal location: (23.352,14)
  Displacement:   0.000 um ( 0.00 row height)
Cell: DP_OP_33_12155_941_J1/U_403 (SAEDRVT14_ADDF_V1_0P5)
  Input location: (21.798,12.2)
  Legal location: (21.798,12.2)
  Displacement:   0.000 um ( 0.00 row height)
Cell: DP_OP_33_12155_941_J1/U_401 (SAEDRVT14_ADDF_V1_0P5)
  Input location: (23.426,15.2)
  Legal location: (23.426,15.2)
  Displacement:   0.000 um ( 0.00 row height)
Cell: DP_OP_33_12155_941_J1/U_400 (SAEDRVT14_ADDF_V1_0P5)
  Input location: (20.466,13.4)
  Legal location: (20.466,13.4)
  Displacement:   0.000 um ( 0.00 row height)
Cell: DP_OP_33_12155_941_J1/U_410 (SAEDRVT14_ADDF_V1_0P5)
  Input location: (20.096,12.2)
  Legal location: (20.096,12.2)
  Displacement:   0.000 um ( 0.00 row height)

Information: The net parasitics of block dut_toplevel are cleared. (TIM-123)
Information: The stitching and editing of coupling caps is turned OFF for design 'dut_toplevel.dlib:dut_toplevel/placement_and_optimization.design'. (TIM-125)
Information: The RC mode used is RDE for design 'dut_toplevel'. (NEX-022)
Information: Design Average RC for design dut_toplevel  (NEX-011)
Information: r = 2.057309 ohm/um, via_r = 1.199439 ohm/cut, c = 0.131815 ff/um, cc = 0.000000 ff/um (X dir) (NEX-017)
Information: r = 2.669338 ohm/um, via_r = 0.909198 ohm/cut, c = 0.124958 ff/um, cc = 0.000000 ff/um (Y dir) (NEX-017)
Information: Update timing completed net estimation for all the timing graph nets (TIM-111)
Information: Net estimation statistics: timing graph nets = 1645, routed nets = 0, across physical hierarchy nets = 0, parasitics cached nets = 1645, delay annotated nets = 0, parasitics annotated nets = 0, multi-voltage nets = 0. (TIM-112)

Information: Ending   place_opt / final_opto / Legalization (1) (FLW-8001)
Information: Time: 2025-06-18 13:00:45 / Session:  00:02:56 / Command:  00:00:36 / CPU:  00:02:25 / Memory: 1549 MB (FLW-8100)

Information: Starting place_opt / final_opto / Optimization (2) (FLW-8000)
Information: Time: 2025-06-18 13:00:46 / Session:  00:02:56 / Command:  00:00:36 / CPU:  00:02:25 / Memory: 1549 MB (FLW-8100)
INFO: Enabled CLO at stage after_LGL1.

Warning: Cannot find any max transition constraint on the design. (OPT-070)
INFO: place.legalize.enable_advanced_legalizer not set - need to revert CLO
INFO: First Place-opt did not mark run with CLO enabled/disabled property
INFO: Concurrent Legalization and Optimization (CLO) Reverted
Warning: Cannot find any max transition constraint on the design. (OPT-070)

Information: Initializing classic cellmap without advanced rules enabled and without PDC enabled
Information: The following app options are used in cellmap
        place.legalize.enable_color_aware_placement : false
        place.legalize.use_nll_query_cm : false
        place.legalize.enable_advanced_legalizer : false
        place.legalize.enable_prerouted_net_check : true
        place.legalize.enable_advanced_prerouted_net_check : false
        place.legalize.always_continue : true
        place.legalize.limit_legality_checks : false
        place.common.pnet_aware_density : 1.0000
        place.common.pnet_aware_min_width : 0.0000
        place.common.pnet_aware_layers : {}
        place.common.use_placement_model : false
        place.common.enable_advanced_placement_model : true
        cts.placement.cell_spacing_rule_style : maximum
Total 0.0075 seconds to build cellmap data
INFO: creating 22(r) x 33(c) GridCells YDim 1.8 XDim 1.8
INFO: number of GridCells (0xcb06e180): 726
INFO: creating 22(r) x 33(c) GridCells YDim 1.8 XDim 1.8
INFO: number of GridCells (0xcb06e180): 726
Total 0.0156 seconds to load 1693 cell instances into cellmap
Moveable cells: 1215; Application fixed cells: 0; Macro cells: 0; User fixed cells: 478
Average cell width 1.2585, cell height 0.6000, cell area 0.7551 for total 1215 placed and application fixed cells
Place-opt optimization Phase 43 Iter  1         0.00        0.00      0.00         0        917.44  33277806.00        1215              0.05      1548
CCL: Total Usage Adjustment : 1
INFO: Derive row count 16 from GR congestion map (64/4)
INFO: Derive col count 24 from GR congestion map (96/4)
Convert timing mode ...
INFO: New Levelizer turned on
Layer Demotion Info:
Bin                       OptDist       MinLen      BeforeCount       AfterCount        Diff
-----------------------------------------------------------------------------------------
None                         89.5          0.0             1645             1645           0
M4                           99.9          9.0                0                0           0
-----------------------------------------------------------------------------------------
Total Demoted Nets:             0


CCL: Total Usage Adjustment : 1
INFO: Derive row count 16 from GR congestion map (64/4)
INFO: Derive col count 24 from GR congestion map (96/4)
Convert timing mode ...
Place-opt optimization Phase 44 Iter  1         0.00        0.00      0.00         0        917.44  33277806.00        1215              0.05      1548
Place-opt optimization Phase 44 Iter  2         0.00        0.00      0.00         0        917.44  33277806.00        1215              0.05      1548
Place-opt optimization Phase 44 Iter  3         0.00        0.00      0.00         0        917.44  33277806.00        1215              0.05      1548
Corner Scaling is off, multiplier is 1.000000
Using default layer M4
corner scaling: maxCornerId = 3
corner=Fast, tran factor=0.839605 (0.028406 / 0.033833)
corner=Typical, tran factor=0.945497 (0.031989 / 0.033833)
corner=Slow, tran factor=1.000000 (0.033833 / 0.033833)
bmap: stepx = stepy = 30000
creating bmap
DB units per micron : 10000
Place-opt optimization Phase 44 Iter  4         0.00        0.00      0.00         0        917.44  33277806.00        1215              0.05      1548
Place-opt optimization Phase 44 Iter  5         0.00        0.00      0.00         0        917.44  33277806.00        1215              0.05      1548

Place-opt optimization Phase 45 Iter  1         0.00        0.00      0.00         0        917.44  33277806.00        1215              0.05      1548
Corner Scaling is off, multiplier is 1.000000
Corner Scaling is off, multiplier is 1.000000
Using default layer M4
corner scaling: maxCornerId = 3
corner=Fast, tran factor=0.839605 (0.028406 / 0.033833)
corner=Typical, tran factor=0.945497 (0.031989 / 0.033833)
corner=Slow, tran factor=1.000000 (0.033833 / 0.033833)
bmap: stepx = stepy = 30000
creating bmap
DB units per micron : 10000
INFO: New Levelizer turned on
Place-opt optimization Phase 45 Iter  2         0.00        0.00      0.00         0        917.44  33277806.00        1215              0.05      1548

Information: Ending   place_opt / final_opto / Optimization (2) (FLW-8001)
Information: Time: 2025-06-18 13:00:46 / Session:  00:02:57 / Command:  00:00:37 / CPU:  00:02:28 / Memory: 1549 MB (FLW-8100)

Information: Starting place_opt / final_opto / Legalization (2) (FLW-8000)
Information: Time: 2025-06-18 13:00:46 / Session:  00:02:57 / Command:  00:00:37 / CPU:  00:02:28 / Memory: 1549 MB (FLW-8100)

START_FUNC : legalize_placement_pre_run_core CPU :    563 s ( 0.16 hr) ELAPSE :    177 s ( 0.05 hr) MEM-PEAK :  1548 Mb
END_FUNC : legalize_placement_pre_run_core CPU :    563 s ( 0.16 hr) ELAPSE :    177 s ( 0.05 hr) MEM-PEAK :  1548 Mb
Place-opt optimization Phase 48 Iter  1         0.00        0.00      0.00         0        917.44  33277806.00        1215              0.05      1548
nplDplc2Placer::setParam(effort,1)
nplDplc2Placer::setParam(debug,0)
nplDplc2Placer::setParam(site_check,2)
nplDplc2Placer::setParam(app_firm_wgt,0)
Warning: Routing direction of metal layer PO is neither "horizontal" nor "vertical".  PDC checks will not be performed on this layer. (PDC-003)
PDC app_options settings =========
	place.legalize.enable_prerouted_net_check: 1
	place.legalize.num_tracks_for_access_check: 1
	place.legalize.use_eol_spacing_for_access_check: 0
	place.legalize.allow_touch_track_for_access_check: 1
	place.legalize.reduce_conservatism_in_eol_check: 0
	place.legalize.preroute_shape_merge_distance: 0.0
	place.legalize.enable_non_preferred_direction_span_check: 0

Layer M1: cached 0 shapes out of 49 total shapes.
Layer M2: cached 588 shapes out of 588 total shapes.
Layer M3: cached 588 shapes out of 588 total shapes.
Cached 1764 vias out of 2618 total vias.

Legalizing Top Level Design dut_toplevel ... 
Information: Initializing classic cellmap without advanced rules enabled and without PDC enabled
Information: The following app options are used in cellmap
        place.legalize.enable_color_aware_placement : false
        place.legalize.use_nll_query_cm : false
        place.legalize.enable_advanced_legalizer : false
        place.legalize.enable_prerouted_net_check : true
        place.legalize.enable_advanced_prerouted_net_check : false
        place.legalize.always_continue : true
        place.legalize.limit_legality_checks : false
        place.common.pnet_aware_density : 1.0000
        place.common.pnet_aware_min_width : 0.0000
        place.common.pnet_aware_layers : {}
        place.common.use_placement_model : false
        place.common.enable_advanced_placement_model : true
        cts.placement.cell_spacing_rule_style : maximum
Total 0.0086 seconds to build cellmap data
Information: Creating classic rule checker.
Warning: Routing direction of metal layer PO is neither "horizontal" nor "vertical".  PDC checks will not be performed on this layer. (PDC-003)
=====> Processed 76 ref cells (23 fillers) from library

Bounds/Regions In This Design:
        Area    Num Cells  Exclusive Name
 (square um)
     1385.28         1693        Yes DEFAULT_VA

Starting legalizer.
Warning: Exclusive bound 'DEFAULT' has no cells.
Optimizing Exclusive Bound 'DEFAULT_VA' (2/2)
    Done Exclusive Bound 'DEFAULT_VA' (2/2) (0 sec)
Legalization complete (0 total sec)

****************************************
  Report : Placement Attempts
  Site   : unit
****************************************

number of cells:                   1693
number of references:                76
number of site rows:                 48
number of locations attempted:    26749
number of locations failed:         218  (0.8%)

Legality of references at locations:
1 references had failures.

Worst 1 references by total failures:
 CELLS       UNFLIPPED                       FLIPPED                REFERENCE NAME
         ATTEMPTS  FAILURES            ATTEMPTS  FAILURES           
    18        352       114 ( 32.4%)        312       104 ( 33.3%)  SAEDRVT14_ADDH_0P5

Worst 1 references by failure rate:
 CELLS       UNFLIPPED                       FLIPPED                REFERENCE NAME
         ATTEMPTS  FAILURES            ATTEMPTS  FAILURES           
    18        352       114 ( 32.4%)        312       104 ( 33.3%)  SAEDRVT14_ADDH_0P5

Legality of references in rows:
0 references had row failures.

****************************************
  Report : Cell Displacements
****************************************

number of cells aggregated:        1215 (20663 total sites)
avg row height over cells:        0.600 um
rms cell displacement:            0.000 um ( 0.00 row height)
rms weighted cell displacement:   0.000 um ( 0.00 row height)
max cell displacement:            0.000 um ( 0.00 row height)
avg cell displacement:            0.000 um ( 0.00 row height)
avg weighted cell displacement:   0.000 um ( 0.00 row height)
number of cells moved:                0
number of large displacements:        0
large displacement threshold:     3.000 row height

Displacements of worst 10 cells:
Cell: DP_OP_33_12155_941_J1/U_409 (SAEDRVT14_ADDF_V1_0P5)
  Input location: (20.17,10.4)
  Legal location: (20.17,10.4)
  Displacement:   0.000 um ( 0.00 row height)
Cell: DP_OP_33_12155_941_J1/U_408 (SAEDRVT14_ADDF_V1_0P5)
  Input location: (23.426,12.8)
  Legal location: (23.426,12.8)
  Displacement:   0.000 um ( 0.00 row height)
Cell: DP_OP_33_12155_941_J1/U_407 (SAEDRVT14_ADDF_V1_0P5)
  Input location: (20.54,11)
  Legal location: (20.54,11)
  Displacement:   0.000 um ( 0.00 row height)
Cell: DP_OP_33_12155_941_J1/U_405 (SAEDRVT14_ADDF_V1_0P5)
  Input location: (20.54,12.8)
  Legal location: (20.54,12.8)
  Displacement:   0.000 um ( 0.00 row height)
Cell: DP_OP_33_12155_941_J1/U_398 (SAEDRVT14_ADDF_V1_0P5)
  Input location: (22.094,15.8)
  Legal location: (22.094,15.8)
  Displacement:   0.000 um ( 0.00 row height)
Cell: DP_OP_33_12155_941_J1/U_404 (SAEDRVT14_ADDF_V1_0P5)
  Input location: (23.352,14)
  Legal location: (23.352,14)
  Displacement:   0.000 um ( 0.00 row height)
Cell: DP_OP_33_12155_941_J1/U_403 (SAEDRVT14_ADDF_V1_0P5)
  Input location: (21.798,12.2)
  Legal location: (21.798,12.2)
  Displacement:   0.000 um ( 0.00 row height)
Cell: DP_OP_33_12155_941_J1/U_401 (SAEDRVT14_ADDF_V1_0P5)
  Input location: (23.426,15.2)
  Legal location: (23.426,15.2)
  Displacement:   0.000 um ( 0.00 row height)
Cell: DP_OP_33_12155_941_J1/U_400 (SAEDRVT14_ADDF_V1_0P5)
  Input location: (20.466,13.4)
  Legal location: (20.466,13.4)
  Displacement:   0.000 um ( 0.00 row height)
Cell: DP_OP_33_12155_941_J1/U_410 (SAEDRVT14_ADDF_V1_0P5)
  Input location: (20.096,12.2)
  Legal location: (20.096,12.2)
  Displacement:   0.000 um ( 0.00 row height)

Information: The net parasitics of block dut_toplevel are cleared. (TIM-123)
Information: The stitching and editing of coupling caps is turned OFF for design 'dut_toplevel.dlib:dut_toplevel/placement_and_optimization.design'. (TIM-125)
Information: The RC mode used is RDE for design 'dut_toplevel'. (NEX-022)
Information: Design Average RC for design dut_toplevel  (NEX-011)
Information: r = 2.057309 ohm/um, via_r = 1.199439 ohm/cut, c = 0.131815 ff/um, cc = 0.000000 ff/um (X dir) (NEX-017)
Information: r = 2.669338 ohm/um, via_r = 0.909198 ohm/cut, c = 0.124958 ff/um, cc = 0.000000 ff/um (Y dir) (NEX-017)
Information: Update timing completed net estimation for all the timing graph nets (TIM-111)
Information: Net estimation statistics: timing graph nets = 1645, routed nets = 0, across physical hierarchy nets = 0, parasitics cached nets = 1645, delay annotated nets = 0, parasitics annotated nets = 0, multi-voltage nets = 0. (TIM-112)

Information: Ending   place_opt / final_opto / Legalization (2) (FLW-8001)
Information: Time: 2025-06-18 13:00:48 / Session:  00:02:59 / Command:  00:00:39 / CPU:  00:02:31 / Memory: 1549 MB (FLW-8100)

Information: Initializing classic cellmap without advanced rules enabled and without PDC enabled
Information: The following app options are used in cellmap
        place.legalize.enable_color_aware_placement : false
        place.legalize.use_nll_query_cm : false
        place.legalize.enable_advanced_legalizer : false
        place.legalize.enable_prerouted_net_check : true
        place.legalize.enable_advanced_prerouted_net_check : false
        place.legalize.always_continue : true
        place.legalize.limit_legality_checks : false
        place.common.pnet_aware_density : 1.0000
        place.common.pnet_aware_min_width : 0.0000
        place.common.pnet_aware_layers : {}
        place.common.use_placement_model : false
        place.common.enable_advanced_placement_model : true
        cts.placement.cell_spacing_rule_style : maximum
Total 0.0096 seconds to build cellmap data
INFO: creating 22(r) x 33(c) GridCells YDim 1.8 XDim 1.8
INFO: number of GridCells (0xd2a649c0): 726
INFO: creating 22(r) x 33(c) GridCells YDim 1.8 XDim 1.8
INFO: number of GridCells (0xd2a649c0): 726
Total 0.0164 seconds to load 1693 cell instances into cellmap
Moveable cells: 1215; Application fixed cells: 0; Macro cells: 0; User fixed cells: 478
Average cell width 1.2585, cell height 0.6000, cell area 0.7551 for total 1215 placed and application fixed cells
Place-opt optimization Phase 50 Iter  1         0.00        0.00      0.00         0        917.44  33277806.00        1215              0.05      1548

Place-opt optimization Phase 51 Iter  1         0.00        0.00      0.00         0        917.44  33277806.00        1215              0.05      1548

Information: Ending   place_opt / final_opto (FLW-8001)
Information: Time: 2025-06-18 13:00:48 / Session:  00:02:59 / Command:  00:00:39 / CPU:  00:02:32 / Memory: 1549 MB (FLW-8100)

Information: >>>>>>> 6 unique error and warning message tags while observing place_opt / final_opto: (MSG-3100)
Information: #prnt #trgr #lmt    Tag  Level     Format (or last printed message)                                (MSG-3036)
Information:     1     1  0 ZRT-762   WARNING   Warning: Please run the command "check_routability" before r... (MSG-3032)
Information:    35     7  0 ZRT-026   WARNING   Warning: Layer MRDL default pitch 4.000 may be too small to ... (MSG-3032)
Information:     8     4  0 PDC-003   WARNING   Warning: Routing direction of metal layer PO is neither "hor... (MSG-3032)
Information:    14     4  0 OPT-070   WARNING   Warning: Cannot find any max transition constraint on the de... (MSG-3032)
Information:   143     4  0 OPT-902   WARNING   Warning: No clock routing rules were specified. Use set_cloc... (MSG-3032)
Information:    33     5  5 LGL-050   WARNING   Warning: Library cell saed14rvt_frame_timing:SAEDRVT14_ISOFS... (MSG-3032)
Information:   234    25  1        6  <------   Total sum of messages (MSG-3038)
Information: >>>>>>> Summary: 25 error&warning MSGs observed during place_opt / final_opto (MSG-3103)
Information: 7 out of 12 LGL-050 messages were not printed due to limit 5 (after 'place_opt' at task2.tcl:71) (MSG-3913)

Number of Site types in the design = 1
Setting up Chip Core
Chip Core shape: (50000 50000) (531000 338000)
Number of VARs = 1
Number of unique PDs = 1
Number of Power Domains = 1
Number of Voltage Areas = 1
Number of supply Nets = 2
Number of used supplies = 0
Blocked VAs: 
INFO: Running FTB cleanup in end of npo flow.
Enable dominated scenarios

Place-opt optimization summary            SETUP-COST    R2R-COST HOLD-COST LDRC-COST          AREA     LEAKAGE     INSTCNT            ELAPSE       MEM
Place-opt optimization complete                 0.00        0.00      0.00         0        917.44  33277806.00        1215              0.05      1548
[Tim-Power] Info: Cleared Leakage libCell cache.
Co-efficient Ratio Summary:
4.193421605155  6.578038173730  2.479639287277  7.744187540401  0.485050000353  3.179565833784  5.567214754587  2.894454387461  6.565921217863  9.017937605874  6.439434200933  9.863420318053  6.078244464085  2.744209741123  8.318117804907  9.699225026083
2.464623950064  1.382370221226  9.387184029619  3.142429406669  0.968752789964  6.613180723294  4.146578793224  7.876358918112  2.191135103696  0.963734241094  5.035902843881  3.840441873642  3.750327553169  7.663459242299  6.212203367950  7.759678473967
7.862243056717  0.402387977150  0.032845095897  0.596111512371  4.701287396892  7.205135512169  8.278351398268  1.183725190997  3.334436408244  5.867609831622  0.408658785364  9.669800708963  7.591508847087  7.632107793266  7.679070263326  9.831314288630
1.878805817928  3.230072343539  1.226270037326  7.050450494780  2.403928173631  6.139852544054  4.100210066110  1.274718589655  4.570746653063  5.624878908820  0.151611653678  4.759124227465  5.409148426377  2.609824052834  0.626144738674  6.381676652919
9.187474022495  0.513656796621  5.027570618562  6.119813446103  6.181472312107  1.581675365776  7.486041822107  9.584562469756  2.041727387119  3.921160967338  3.985242082345  9.472449711601  3.368505894994  4.897112949020  6.860141444452  2.000104051691
9.095345907689  2.197041709512  0.915900067443  5.466092308426  8.142690055883  4.607193265224  8.244463794567  3.504870705451  1.682716012888  7.173433818510  2.264326108373  3.617843581885  8.946893137652  1.169960932707  4.529948856262  3.090979409795
5.580726136993  1.131397763510  0.721709625254  7.515947417690  0.649322209371  1.017031043513  5.811519666269  5.826730883342  4.349383292435  0.216216018317  2.947906822527  7.311147591306  0.823630641628  0.356162686693  8.022011769284  2.603132585844
5.024802551363  1.359359521353  5.407563451201  2.804123477518  1.265300052200  0.417760313533  1.833872465081  6.448557737188  4.848373112548  2.936801155033  1.906258524225  4.212396125812  9.007748770112  3.308108578452  5.607473309985  8.514743640423
2.764676979434  9.324216938770  1.551199989997  2.300508202625  0.754685030179  1.961421411696  2.781303341418  3.355375155650  9.437909893602  9.136702642545  2.356513608464  9.978462204319  7.467578234047  3.171275121421  9.815922940044  4.331414637138
0.413524984361  3.309910198619  7.452798206103  1.902827924529  5.623407259547  7.269363008696  3.367403103784  7.093641515702  7.411336156476  6.944246976650  8.565879321087  4.802170456584  3.894522963832  4.531611819342  1.605157857803  8.173730247963
9.287277774418  7.540401048505  0.000353317956  5.833784556721  4.754587289445  4.387461656592  1.217863901793  7.505874310467  0.800933986343  9.509851607812  6.290399674420  8.341114640013  5.604028469922  5.026084646462  3.950066338237  0.221226938718
4.029619314242  9.406669096875  2.789964661318  0.723294414657  8.793224787635  8.918112219113  5.103696096373  4.141094270014  8.443881384045  0.064440375020  9.389473166345  8.842280430422  1.167071275967  8.473968186224  3.056719240238  7.977150003284
5.095897059611  1.512371470128  7.396892720513  5.512169827835  1.398268118372  5.190997333443  6.408244586760  9.731622717389  4.385364966981  9.999761759148  0.673391163210  6.393257576109  8.063447483131  4.288631587880  5.817920523007  2.343539122627
0.037326705045  0.494780240392  8.173631613985  2.544054410021  0.066110127471  8.589655457074  6.653063562487  8.808820782685  7.253678475913  3.418263540902  0.252681660982  3.652825871816  2.538795138167  6.652910318747  4.022497251365  6.796621502757
0.618562611981  3.446103618147  2.312107158167  5.365776748604  1.822107958456  2.469756204172  7.387119392116  0.867338065048  8.682345947245  8.902409336848  7.611674089711  1.549011329723  9.244573700010  4.051692309534  5.907681419704  1.709512091590
0.067443546609  2.308426814269  0.055883460719  3.265224824446  3.794567350487  0.705451168271  6.012888717343  3.718510993956  2.708373361785  2.772683894677  5.954332716996  9.532798195603  6.656383809097  9.409796958072  6.136995313139  7.763510072170
9.625254751594  7.417690064932  2.209371101703  1.043513581151  9.666269582673  0.883342434938  3.292435021621  6.918317961214  2.422527731115  6.782104082351  2.468308635616  1.286684545910  9.569305760313  2.585845902480  2.551365335935  9.521353540756
3.451201280412  3.477518126530  0.052200041776  0.313533183387  2.465081644855  7.737188484837  3.112548293680  1.055033867149  4.124225421230  5.316610900762  0.597892930810  7.178443203456  1.109006351474  3.640424676467  6.979436132421  6.938770155119
9.989997230050  8.202625075468  5.030179196142  1.411696278130  3.341418335537  5.155650943790  9.893602913670  2.642545902020  9.208464997847  1.495117746745  0.051727917127  4.721412624201  0.740165933141  4.637139441352  4.984363530991  0.198619745279
8.206103190282  7.924529562340  7.259547726936  3.008696336740  3.103784709364  1.515702741133  6.156476694424  6.976650523956  5.921087480218  9.647382389440  4.780512053161  0.419333803224  5.657924317373  0.247964328727  7.774410954040  1.048505000035
3.317956583378  4.556721475458  7.289445438746  1.656592121786  3.901793750587  4.310467080093  3.986343950985  1.607812396408  5.274420834112  3.831811560490  0.286602102608  3.246453038715  4.138358522122  6.938719802961  9.314244140666  9.096875278996
4.661318072329  4.414657879322  4.787635891811  2.219113510369  6.096373414109  4.270014844388  1.384045006444  0.375020605316  9.766345884229  9.621220116795  3.092647447396  7.786215048380  7.040359297715  0.003285909589  7.059613351237  1.470128739689
2.720513551216  9.827835139826  8.118372519099  7.333443640824  4.586760973162  2.717389438536  4.966981999976  1.759148734708  7.763210639326  6.767907806332  9.200811028863  0.187871224401  8.323128734353  9.122628403732  6.705047249478  0.240392817363
1.613985254405  4.410021006611  0.127471858965  5.457074665306  3.562487880882  0.782685725367  8.475913341826  3.540902792637  7.260982365283  4.062614253867  7.955847265291  9.918738145958  5.051486179662  1.502758461856  2.611983544610  3.618147231210
7.158167536577  6.748604182210  7.958456246975  6.204172738711  9.392116086733  8.065048868234  5.947245890240  9.336848439499  4.489711154902  0.686014924445  5.527790005169  1.909525233477  9.219825670951  2.091591406744  3.546601430842  6.814269005588
3.460719326522  4.824446379456  7.350487070545  1.168271601288  8.717343371851  0.993956270837  3.361785277268  3.894677263765  2.116996953270  7.452994665626  5.626777540979  5.558063356308  3.113250276351  0.072171362525  4.751596941769  0.064932220937
1.101703104351  3.581151966626  9.582673088334  2.434938329243  5.021621691831  7.961214242252  7.731115678210  4.082351914162  8.035616128669  3.802201956928  7.587093858584  4.502471998845  3.135056452135  3.540757745120  1.280414547751  8.126530005220
0.041776031353  3.183387246508  1.644855773718  8.484837311254  8.293680105503  3.867149412422  5.421230531661  0.900762727011  2.330810717845  2.560747110998  8.178154964042  3.276458330652  4.932542193877  0.155110398999  7.230052020262  5.075468503017
9.196142141169  6.278130334141  8.335537515565  0.943790989360  2.913670264254  5.902020920846  4.997847149511  7.746745773404  7.317127472142  1.981592074004  7.750821063713  8.041343131145  1.330012519861  9.745270220610  3.190284992452  9.562340725954
7.726936300869  6.336740310378  4.709364151570  2.741133615647  6.694424697665  0.523956592108  7.480218964738  2.389440146383  2.453161041934  2.160515565780  6.134053624796  3.928718410150  8.754161604850  5.000036731795  6.583370655672  1.475458728944
5.438746165659  2.121786390179  3.750587431046  7.080093398634  3.950985160781  2.396408527442  0.834112383181  1.560490796992  2.502608324646  2.395006413823  0.349802293871  8.402952674133  2.940787409687  5.278997866131  8.072321641465  7.879322478763
5.891811221911  3.510369609637  3.414109427001  4.844388138404  5.006444037502  0.605316976634  5.884229962122  0.116795077596  7.847396778622  4.305671704023  1.014495600328  4.509570448670  1.151358647012  8.739680672051  3.551218182783  5.139826811837
2.519099733344  3.640824458676  0.973162271738  9.438536496698  1.999976175914  8.734708776321  0.639326676790  7.806332698313  1.428863018788  0.581792832300  0.551033512262  7.003723313213  5.049599524039  2.817364561398  5.254407641002  1.006611012747
1.858965545707  4.665306356248  7.880882078268  5.725367847591  3.341826354090  2.792637726098  2.365283406261  4.253867463816  7.665291991874  7.402249505136  8.996342750275  7.061847904807  1.344731861814  7.231211115816  7.536579874860  4.182210795845
6.246975620417  2.738711939211  6.086733806504  8.868234594724  5.890240933684  8.439499448971  1.154902068601  4.924445220001  0.405169190953  4.590768921970  7.497631809159  0.006735097379  9.230963181426  9.005589746071  9.326524682444  6.379456735048
7.070545116827  1.601288871734  3.371851099395  6.270837336178  5.277268389467  7.263765211699  6.953270745299  4.665626230909  7.940979555807  2.613699311313  2.093031607217  0.962516118868  4.741880506493  2.220938510170  3.104353558115  1.966626958267
3.088334243493  8.329243502162  1.691831796121  4.242252773111  5.678210408235  1.914162803561  6.128669380220  1.956928426031  3.258584450248  0.255136313593  8.279815954075  6.345111861750  2.347872312653  0.005221404177  6.031355518338  7.246508164485
5.773718848483  7.311254829368  0.105503386714  9.412422542123  0.531661090076  2.727011233081  0.717845256074  7.110998585147  4.364042327646  7.697943493242  4.910557615511  9.998980466714  0.820383007546  8.503018319614  2.141161827813  0.334141833553
7.515565094379  0.989360291367  0.264254590202  0.920846499784  7.149511774674  5.773404731712  7.472142198159  2.074004443314  1.463713804135  2.498436133099  4.336541574527  9.820601052737  2.792573456234  0.725955172693  6.300861833674  0.310378470936
4.151570274113  3.615647669442  4.697665052395  6.592108748021  8.964738238944  0.146383245316  1.041934216051  5.565780381737  3.024796392872  7.777441875404  3.421530100003  5.331786391046  8.455793647545  8.728945943874  6.165651412178  6.390179375058

Place-opt final QoR
___________________
Scenario Mapping Table
1: Normal_Fast
2: Normal_Slow
3: Normal_Typical
4: PowerSave_Fast
5: PowerSave_Slow
6: PowerSave_Typical

Pathgroup Mapping Table
1: **default**
2: **async_default**
3: **clock_gating_default**
4: **in2reg_default**
5: **reg2out_default**
6: **in2out_default**
7: clk

-------------------------------------------------------------------------------------------------------------------------------------------------------------
PATHGROUP QOR 
-------------------------------------------------------------------------------------------------------------------------------------------------------------
Scene  PG      WNS        TNS    NSV      WHV        THV    NHV
    1   1   0.0000     0.0000      0   0.0000     0.0000      0
    1   2   0.0000     0.0000      0   0.0000     0.0000      0
    1   3   0.0000     0.0000      0   0.0000     0.0000      0
    1   4   0.0000     0.0000      0   0.0000     0.0000      0
    1   5   0.0000     0.0000      0   0.0000     0.0000      0
    1   6   0.0000     0.0000      0   0.0000     0.0000      0
    1   7   0.0000     0.0000      0   0.0000     0.0000      0
    2   1   0.0000     0.0000      0   0.0000     0.0000      0
    2   2   0.0000     0.0000      0   0.0000     0.0000      0
    2   3   0.0000     0.0000      0   0.0000     0.0000      0
    2   4   0.0000     0.0000      0   0.0000     0.0000      0
    2   5   0.0000     0.0000      0   0.0000     0.0000      0
    2   6   0.0000     0.0000      0   0.0000     0.0000      0
    2   7   0.0000     0.0000      0   0.0000     0.0000      0
    3   1   0.0000     0.0000      0   0.0000     0.0000      0
    3   2   0.0000     0.0000      0   0.0000     0.0000      0
    3   3   0.0000     0.0000      0   0.0000     0.0000      0
    3   4   0.0000     0.0000      0   0.0000     0.0000      0
    3   5   0.0000     0.0000      0   0.0000     0.0000      0
    3   6   0.0000     0.0000      0   0.0000     0.0000      0
    3   7   0.0000     0.0000      0   0.0000     0.0000      0
    4   1   0.0000     0.0000      0   0.0000     0.0000      0
    4   2   0.0000     0.0000      0   0.0000     0.0000      0
    4   3   0.0000     0.0000      0   0.0000     0.0000      0
    4   4   0.0000     0.0000      0   0.0000     0.0000      0
    4   5   0.0000     0.0000      0   0.0000     0.0000      0
    4   6   0.0000     0.0000      0   0.0000     0.0000      0
    4   7   0.0000     0.0000      0   0.0000     0.0000      0
    5   1   0.0000     0.0000      0   0.0000     0.0000      0
    5   2   0.0000     0.0000      0   0.0000     0.0000      0
    5   3   0.0000     0.0000      0   0.0000     0.0000      0
    5   4   0.0000     0.0000      0   0.0000     0.0000      0
    5   5   0.0000     0.0000      0   0.0000     0.0000      0
    5   6   0.0000     0.0000      0   0.0000     0.0000      0
    5   7   0.0000     0.0000      0   0.0000     0.0000      0
    6   1   0.0000     0.0000      0   0.0000     0.0000      0
    6   2   0.0000     0.0000      0   0.0000     0.0000      0
    6   3   0.0000     0.0000      0   0.0000     0.0000      0
    6   4   0.0000     0.0000      0   0.0000     0.0000      0
    6   5   0.0000     0.0000      0   0.0000     0.0000      0
    6   6   0.0000     0.0000      0   0.0000     0.0000      0
    6   7   0.0000     0.0000      0   0.0000     0.0000      0
----------------------------------------------------------------------------------------------------------------------------------------------------------------------
SCENARIO QOR 
----------------------------------------------------------------------------------------------------------------------------------------------------------------------
Scene  PG      WNS        TNS   R2RTNS    NSV      WHV        THV    NHV  MaxTrnV   MaxTranC  MaxCapV    Leakage     CellEMV
    1   *   0.0000     0.0000   0.0000      0   0.0000     0.0000      0        0     0.0000        0 33277806.0           0
    2   *   0.0000     0.0000   0.0000      0   0.0000     0.0000      0        0     0.0000        0  16992.283           0
    3   *   0.0000     0.0000   0.0000      0   0.0000     0.0000      0        0     0.0000        0 317142.969           0
    4   *   0.0000     0.0000   0.0000      0   0.0000     0.0000      0        0     0.0000        0 33277806.0           0
    5   *   0.0000     0.0000   0.0000      0   0.0000     0.0000      0        0     0.0000        0  16992.283           0
    6   *   0.0000     0.0000   0.0000      0   0.0000     0.0000      0        0     0.0000        0 317142.969           0
----------------------------------------------------------------------------------------------------------------------------------------------------------------------
DESIGN QOR 
----------------------------------------------------------------------------------------------------------------------------------------------------------------------
Scene  PG      WNS        TNS   R2RTNS    NSV      WHV        THV    NHV  MaxTrnV   MaxTranC  MaxCapV    Leakage         Area    InstCnt     BufCnt     InvCnt     CellEMV
    *   *   0.0000     0.0000   0.0000      0   0.0000     0.0000      0        0     0.0000        0 33277806.0       917.44       1215         14         22           0
----------------------------------------------------------------------------------------------------------------------------------------------------------------------

Place-opt final QoR Summary         WNS        TNS   R2RTNS    NSV      WHV        THV    NHV  MaxTrnV  MaxCapV    Leakage         Area    InstCnt
Place-opt final QoR Summary      0.0000     0.0000   0.0000      0   0.0000     0.0000      0        0        0 33277806.0       917.44       1215

Place-opt command complete                CPU:   570 s (  0.16 hr )  ELAPSE:   181 s (  0.05 hr )  MEM-PEAK:  1548 MB
Place-opt command statistics  CPU=67 sec (0.02 hr) ELAPSED=21 sec (0.01 hr) MEM-PEAK=1.512 GB
[Tim-Power] Info: Cleared Leakage libCell cache.
[Tim-Power] Info: Cleared Leakage libCell cache.
Information: Running auto PG connection. (NDM-099)
Information: Ending   'place_opt' (FLW-8001)
Information: Time: 2025-06-18 13:00:50 / Session:  00:03:00 / Command:  00:00:41 / CPU:  00:02:35 / Memory: 1549 MB (FLW-8100)
1
# Analyze the design
make_layout_screenshot ${DesignStage}
Load ICV ICCII menu file: /eda/synopsys/2023-24/RHELx86/ICV_2023.12/etc/tcl-u/Icc2Menu.tcl
 + VUE INFO: Please click View->IC Validator VUE in LayoutWindow menu
            to launch VUE.

 + VUE INFO: Found a usable port: 2446

To restart the GUI, type 'gui_start'.
analyzeDesign ${DesignStage}
generateReports ${DesignStage}
Generating reports for the design stage: classic_placement ...
[Tim-Power] Info: Cleared Leakage libCell cache.
Reports have been generated for the design stage: classic_placement.
#### Unified placement and optimization flow
set DesignStage unified_placement
unified_placement
reset_placement
----------------------------------------------------------------
Running reset_placement
Unplacing cells...
Information: Extraction observers are detached as design net change threshold is reached.
----------------------------------------------------------------
1
compile_fusion -to final_opto
Information: 3 out of 8 LGL-050 messages were not printed due to limit 5 (after 'compile_fusion' at task2.tcl:84) (MSG-3913)
Information: 116 out of 126 POW-005 messages were not printed due to limit 10 (after 'compile_fusion' at task2.tcl:84) (MSG-3913)
Information: 2 out of 12 POW-006 messages were not printed due to limit 10 (after 'compile_fusion' at task2.tcl:84) (MSG-3913)
Information: 843 out of 853 POW-046 messages were not printed due to limit 10 (after 'compile_fusion' at task2.tcl:84) (MSG-3913)
INFO: compile_fusion is running in balanced flow mode.
Information: Starting 'compile_fusion -to final_opto' (FLW-8000)
Information: Time: 2025-06-18 13:00:55 / Session:  00:03:06 / Command:  00:00:00 / CPU:  00:00:00 / Memory: 1691 MB (FLW-8100)
Information: CPU Load: 38%, Ram Free: 37 GB, Swap Free: 1 GB, Work Disk Free: 308 GB, Tmp Disk Free: 308 GB (MSG-3995)
CPU Load: 38%, Ram Free: 37 GB, Swap Free: 1 GB, Work Disk Free: 308 GB, Tmp Disk Free: 308 GB
INFO: Start environment monitoring: recipes
INFO: compile_fusion is running in balanced flow mode.
Information: The net parasitics of block dut_toplevel are cleared. (TIM-123)
Warning: Cannot infer functionality of libcell 'saed14rvt_frame_timing/SAEDRVT14_FDNRBSBQ_V2_0P5' and will be excluded from sequential mapping. (SQM-1061)
Warning: Cannot infer functionality of libcell 'saed14rvt_frame_timing/SAEDRVT14_FDNRBSBQ_V2_1' and will be excluded from sequential mapping. (SQM-1061)
Warning: Cannot infer functionality of libcell 'saed14rvt_frame_timing/SAEDRVT14_FDNRBSBQ_V2_2' and will be excluded from sequential mapping. (SQM-1061)
Warning: Cannot infer functionality of libcell 'saed14rvt_frame_timing/SAEDRVT14_FDNRBSBQ_V2_4' and will be excluded from sequential mapping. (SQM-1061)
Warning: Cannot infer functionality of libcell 'saed14rvt_frame_timing/SAEDRVT14_FDPRBSBQ_V2_0P5' and will be excluded from sequential mapping. (SQM-1061)
Warning: Cannot infer functionality of libcell 'saed14rvt_frame_timing/SAEDRVT14_FDPRBSBQ_V2_1' and will be excluded from sequential mapping. (SQM-1061)
Warning: Cannot infer functionality of libcell 'saed14rvt_frame_timing/SAEDRVT14_FDPRBSBQ_V2_2' and will be excluded from sequential mapping. (SQM-1061)
Warning: Cannot infer functionality of libcell 'saed14rvt_frame_timing/SAEDRVT14_FDPRBSBQ_V2_4' and will be excluded from sequential mapping. (SQM-1061)
Warning: Mapping to scan cell 'SAEDRVT14_FSDPQB_V2LP_1' in library is not possible because cell has 'dont_use' attribute. (SQM-1067)
Warning: Mapping to scan cell 'SAEDRVT14_FSDPQ_V2LP_1' in library is not possible because cell has 'dont_use' attribute. (SQM-1067)
Warning: Mapping to scan cell 'SAEDRVT14_FSDPQ_V2LP_2' in library is not possible because cell has 'dont_use' attribute. (SQM-1067)
Warning: Cannot infer functionality of libcell 'saed14rvt_frame_timing/SAEDRVT14_FSDPRBSBQ_V2LP_0P5' and will be excluded from sequential mapping. (SQM-1061)
Warning: Cannot infer functionality of libcell 'saed14rvt_frame_timing/SAEDRVT14_FSDPRBSBQ_V2LP_2' and will be excluded from sequential mapping. (SQM-1061)
Warning: Skipping check for single_bit_degenerate attribute on the multibit libcell 'saed14rvt_frame_timing/SAEDRVT14_FSDN2_V2_0P5' since it is not a black-box. (SQM-1079)
Information: No single-bit representative was found for multibit lib cell 'saed14rvt_frame_timing/SAEDRVT14_FSDN2_V2_0P5'. (SQM-2004)
Warning: Skipping check for single_bit_degenerate attribute on the multibit libcell 'saed14rvt_frame_timing/SAEDRVT14_FSDN2_V2_1' since it is not a black-box. (SQM-1079)
Information: No single-bit representative was found for multibit lib cell 'saed14rvt_frame_timing/SAEDRVT14_FSDN2_V2_1'. (SQM-2004)
Warning: Skipping check for single_bit_degenerate attribute on the multibit libcell 'saed14rvt_frame_timing/SAEDRVT14_FSDN2_V2_2' since it is not a black-box. (SQM-1079)
Information: No single-bit representative was found for multibit lib cell 'saed14rvt_frame_timing/SAEDRVT14_FSDN2_V2_2'. (SQM-2004)
Warning: Skipping check for single_bit_degenerate attribute on the multibit libcell 'saed14rvt_frame_timing/SAEDRVT14_FSDN2_V2_4' since it is not a black-box. (SQM-1079)
Information: No single-bit representative was found for multibit lib cell 'saed14rvt_frame_timing/SAEDRVT14_FSDN2_V2_4'. (SQM-2004)
Warning: Skipping check for single_bit_degenerate attribute on the multibit libcell 'saed14rvt_frame_timing/SAEDRVT14_FSDN4_V2_0P5' since it is not a black-box. (SQM-1079)
Information: No single-bit representative was found for multibit lib cell 'saed14rvt_frame_timing/SAEDRVT14_FSDN4_V2_0P5'. (SQM-2004)
Information: No single-bit representative was found for multibit lib cell 'saed14rvt_frame_timing/SAEDRVT14_FSDN4_V2_1'. (SQM-2004)
Information: No single-bit representative was found for multibit lib cell 'saed14rvt_frame_timing/SAEDRVT14_FSDN4_V2_2'. (SQM-2004)
Information: No single-bit representative was found for multibit lib cell 'saed14rvt_frame_timing/SAEDRVT14_FSDN4_V2_4'. (SQM-2004)
Warning: Found 8 multibit sequential library cells that have missing/added attributes or have restrictions that prevent them from banking. (SQM-1053)
0 sequential multibit library cells have restrictions (dont_use or dont_touch).
8 sequential multibit library cells have missing sequential mapping relevant attributes
Information: 6 out of 16 SQM-1061 messages were not printed due to limit 10 (after 'compile_fusion' at task2.tcl:84) (MSG-3913)
Information: 10 out of 13 SQM-1067 messages were not printed due to limit 3 (after 'compile_fusion' at task2.tcl:84) (MSG-3913)
Information: 3 out of 8 SQM-1079 messages were not printed due to limit 5 (after 'compile_fusion' at task2.tcl:84) (MSG-3913)
Information: The automatic clock gate timing flow is activated. Clock latencies set on clock gate cells will be automatically adjusted by an estimate for latency. (CGT-4005)
----------------------------------------------------------------------------------------------------------
Information: Starting compile_fusion / initial_map (FLW-8000)
Information: Time: 2025-06-18 13:00:56 / Session:  00:03:06 / Command:  00:00:00 / CPU:  00:00:00 / Memory: 1691 MB (FLW-8100)
Information: CPU Load: 38%, Ram Free: 37 GB, Swap Free: 1 GB, Work Disk Free: 308 GB, Tmp Disk Free: 308 GB (MSG-3995)
----------------------------------------------------------------------------------------------------------
Information: Starting compile_fusion / initial_map / Load Design (FLW-8000)
Information: Time: 2025-06-18 13:00:56 / Session:  00:03:06 / Command:  00:00:00 / CPU:  00:00:00 / Memory: 1691 MB (FLW-8100)
Information: CPU Load: 38%, Ram Free: 37 GB, Swap Free: 1 GB, Work Disk Free: 308 GB, Tmp Disk Free: 308 GB (MSG-3995)
Warning: Cannot infer functionality of libcell 'saed14rvt_frame_timing/SAEDRVT14_FDNRBSBQ_V2_0P5' and will be excluded from sequential mapping. (SQM-1061)
Warning: Cannot infer functionality of libcell 'saed14rvt_frame_timing/SAEDRVT14_FDNRBSBQ_V2_1' and will be excluded from sequential mapping. (SQM-1061)
Warning: Cannot infer functionality of libcell 'saed14rvt_frame_timing/SAEDRVT14_FDNRBSBQ_V2_2' and will be excluded from sequential mapping. (SQM-1061)
Warning: Cannot infer functionality of libcell 'saed14rvt_frame_timing/SAEDRVT14_FDNRBSBQ_V2_4' and will be excluded from sequential mapping. (SQM-1061)
Warning: Cannot infer functionality of libcell 'saed14rvt_frame_timing/SAEDRVT14_FDPRBSBQ_V2_0P5' and will be excluded from sequential mapping. (SQM-1061)
Warning: Cannot infer functionality of libcell 'saed14rvt_frame_timing/SAEDRVT14_FDPRBSBQ_V2_1' and will be excluded from sequential mapping. (SQM-1061)
Warning: Cannot infer functionality of libcell 'saed14rvt_frame_timing/SAEDRVT14_FDPRBSBQ_V2_2' and will be excluded from sequential mapping. (SQM-1061)
Warning: Cannot infer functionality of libcell 'saed14rvt_frame_timing/SAEDRVT14_FDPRBSBQ_V2_4' and will be excluded from sequential mapping. (SQM-1061)
Warning: Mapping to scan cell 'SAEDRVT14_FSDPQB_V2LP_1' in library is not possible because cell has 'dont_use' attribute. (SQM-1067)
Warning: Mapping to scan cell 'SAEDRVT14_FSDPQ_V2LP_1' in library is not possible because cell has 'dont_use' attribute. (SQM-1067)
Warning: Mapping to scan cell 'SAEDRVT14_FSDPQ_V2LP_2' in library is not possible because cell has 'dont_use' attribute. (SQM-1067)
Warning: Cannot infer functionality of libcell 'saed14rvt_frame_timing/SAEDRVT14_FSDPRBSBQ_V2LP_0P5' and will be excluded from sequential mapping. (SQM-1061)
Warning: Cannot infer functionality of libcell 'saed14rvt_frame_timing/SAEDRVT14_FSDPRBSBQ_V2LP_2' and will be excluded from sequential mapping. (SQM-1061)
Warning: Skipping check for single_bit_degenerate attribute on the multibit libcell 'saed14rvt_frame_timing/SAEDRVT14_FSDN2_V2_0P5' since it is not a black-box. (SQM-1079)
Information: No single-bit representative was found for multibit lib cell 'saed14rvt_frame_timing/SAEDRVT14_FSDN2_V2_0P5'. (SQM-2004)
Warning: Skipping check for single_bit_degenerate attribute on the multibit libcell 'saed14rvt_frame_timing/SAEDRVT14_FSDN2_V2_1' since it is not a black-box. (SQM-1079)
Information: No single-bit representative was found for multibit lib cell 'saed14rvt_frame_timing/SAEDRVT14_FSDN2_V2_1'. (SQM-2004)
Warning: Skipping check for single_bit_degenerate attribute on the multibit libcell 'saed14rvt_frame_timing/SAEDRVT14_FSDN2_V2_2' since it is not a black-box. (SQM-1079)
Information: No single-bit representative was found for multibit lib cell 'saed14rvt_frame_timing/SAEDRVT14_FSDN2_V2_2'. (SQM-2004)
Warning: Skipping check for single_bit_degenerate attribute on the multibit libcell 'saed14rvt_frame_timing/SAEDRVT14_FSDN2_V2_4' since it is not a black-box. (SQM-1079)
Information: No single-bit representative was found for multibit lib cell 'saed14rvt_frame_timing/SAEDRVT14_FSDN2_V2_4'. (SQM-2004)
Warning: Skipping check for single_bit_degenerate attribute on the multibit libcell 'saed14rvt_frame_timing/SAEDRVT14_FSDN4_V2_0P5' since it is not a black-box. (SQM-1079)
Information: No single-bit representative was found for multibit lib cell 'saed14rvt_frame_timing/SAEDRVT14_FSDN4_V2_0P5'. (SQM-2004)
Information: No single-bit representative was found for multibit lib cell 'saed14rvt_frame_timing/SAEDRVT14_FSDN4_V2_1'. (SQM-2004)
Information: No single-bit representative was found for multibit lib cell 'saed14rvt_frame_timing/SAEDRVT14_FSDN4_V2_2'. (SQM-2004)
Information: No single-bit representative was found for multibit lib cell 'saed14rvt_frame_timing/SAEDRVT14_FSDN4_V2_4'. (SQM-2004)
Warning: Found 8 multibit sequential library cells that have missing/added attributes or have restrictions that prevent them from banking. (SQM-1053)
0 sequential multibit library cells have restrictions (dont_use or dont_touch).
8 sequential multibit library cells have missing sequential mapping relevant attributes
Information: 6 out of 16 SQM-1061 messages were not printed due to limit 10 (after 'compile_fusion' at task2.tcl:84) (MSG-3913)
Information: 10 out of 13 SQM-1067 messages were not printed due to limit 3 (after 'compile_fusion' at task2.tcl:84) (MSG-3913)
Information: 3 out of 8 SQM-1079 messages were not printed due to limit 5 (after 'compile_fusion' at task2.tcl:84) (MSG-3913)
Information: Ending   compile_fusion / initial_map / Load Design (FLW-8001)
Information: Time: 2025-06-18 13:00:56 / Session:  00:03:06 / Command:  00:00:00 / CPU:  00:00:00 / Memory: 1691 MB (FLW-8100)
Information: CPU Load: 38%, Ram Free: 37 GB, Swap Free: 1 GB, Work Disk Free: 308 GB, Tmp Disk Free: 308 GB (MSG-3995)
Information: Starting compile_fusion / initial_map / MV Cell Insertion (FLW-8000)
Information: Time: 2025-06-18 13:00:56 / Session:  00:03:06 / Command:  00:00:00 / CPU:  00:00:00 / Memory: 1691 MB (FLW-8100)
Information: CPU Load: 38%, Ram Free: 37 GB, Swap Free: 1 GB, Work Disk Free: 308 GB, Tmp Disk Free: 308 GB (MSG-3995)
Information: Ending   compile_fusion / initial_map / MV Cell Insertion (FLW-8001)
Information: Time: 2025-06-18 13:00:56 / Session:  00:03:06 / Command:  00:00:00 / CPU:  00:00:00 / Memory: 1691 MB (FLW-8100)
Information: CPU Load: 38%, Ram Free: 37 GB, Swap Free: 1 GB, Work Disk Free: 308 GB, Tmp Disk Free: 308 GB (MSG-3995)
Information: Starting compile_fusion / initial_map / Logic Simplification (1) (FLW-8000)
Information: Time: 2025-06-18 13:00:56 / Session:  00:03:06 / Command:  00:00:00 / CPU:  00:00:00 / Memory: 1691 MB (FLW-8100)
Information: CPU Load: 38%, Ram Free: 37 GB, Swap Free: 1 GB, Work Disk Free: 308 GB, Tmp Disk Free: 308 GB (MSG-3995)
Information: Starting compile_fusion / initial_map / Logic Simplification (1) / Constant and Equal Register Detection (FLW-8000)
Information: Time: 2025-06-18 13:00:56 / Session:  00:03:06 / Command:  00:00:00 / CPU:  00:00:00 / Memory: 1691 MB (FLW-8100)
Information: CPU Load: 38%, Ram Free: 37 GB, Swap Free: 1 GB, Work Disk Free: 308 GB, Tmp Disk Free: 308 GB (MSG-3995)
Information: Register Bits Before Sharing = 328, After Sharing = 328, Savings = 0 (SQM-2000)
Information: Ending   compile_fusion / initial_map / Logic Simplification (1) / Constant and Equal Register Detection (FLW-8001)
Information: Time: 2025-06-18 13:00:58 / Session:  00:03:09 / Command:  00:00:03 / CPU:  00:00:03 / Memory: 1691 MB (FLW-8100)
Information: CPU Load: 38%, Ram Free: 37 GB, Swap Free: 1 GB, Work Disk Free: 308 GB, Tmp Disk Free: 308 GB (MSG-3995)
Information: Starting compile_fusion / initial_map / Logic Simplification (1) / Register Merging (FLW-8000)
Information: Time: 2025-06-18 13:00:58 / Session:  00:03:09 / Command:  00:00:03 / CPU:  00:00:03 / Memory: 1691 MB (FLW-8100)
Information: CPU Load: 38%, Ram Free: 37 GB, Swap Free: 1 GB, Work Disk Free: 308 GB, Tmp Disk Free: 308 GB (MSG-3995)
Information: Ending   compile_fusion / initial_map / Logic Simplification (1) / Register Merging (FLW-8001)
Information: Time: 2025-06-18 13:00:58 / Session:  00:03:09 / Command:  00:00:03 / CPU:  00:00:03 / Memory: 1691 MB (FLW-8100)
Information: CPU Load: 38%, Ram Free: 37 GB, Swap Free: 1 GB, Work Disk Free: 308 GB, Tmp Disk Free: 308 GB (MSG-3995)
Information: Starting compile_fusion / initial_map / Logic Simplification (1) / Constant Propagation and Register Optimization (FLW-8000)
Information: Time: 2025-06-18 13:00:58 / Session:  00:03:09 / Command:  00:00:03 / CPU:  00:00:03 / Memory: 1691 MB (FLW-8100)
Information: CPU Load: 38%, Ram Free: 37 GB, Swap Free: 1 GB, Work Disk Free: 308 GB, Tmp Disk Free: 308 GB (MSG-3995)
Information: Ending   compile_fusion / initial_map / Logic Simplification (1) / Constant Propagation and Register Optimization (FLW-8001)
Information: Time: 2025-06-18 13:00:58 / Session:  00:03:09 / Command:  00:00:03 / CPU:  00:00:03 / Memory: 1691 MB (FLW-8100)
Information: CPU Load: 38%, Ram Free: 37 GB, Swap Free: 1 GB, Work Disk Free: 308 GB, Tmp Disk Free: 308 GB (MSG-3995)
Information: Ending   compile_fusion / initial_map / Logic Simplification (1) (FLW-8001)
Information: Time: 2025-06-18 13:00:58 / Session:  00:03:09 / Command:  00:00:03 / CPU:  00:00:03 / Memory: 1691 MB (FLW-8100)
Information: CPU Load: 38%, Ram Free: 37 GB, Swap Free: 1 GB, Work Disk Free: 308 GB, Tmp Disk Free: 308 GB (MSG-3995)
Information: Starting compile_fusion / initial_map / High-Level Optimization and Technology Mapping (1) (FLW-8000)
Information: Time: 2025-06-18 13:00:58 / Session:  00:03:09 / Command:  00:00:03 / CPU:  00:00:03 / Memory: 1691 MB (FLW-8100)
Information: CPU Load: 38%, Ram Free: 37 GB, Swap Free: 1 GB, Work Disk Free: 308 GB, Tmp Disk Free: 308 GB (MSG-3995)
Information: Timer using 12 threads
Information: RDE mode is turned on. (TIM-124)
Information: Ending   compile_fusion / initial_map / High-Level Optimization and Technology Mapping (1) (FLW-8001)
Information: Time: 2025-06-18 13:00:59 / Session:  00:03:09 / Command:  00:00:03 / CPU:  00:00:04 / Memory: 1691 MB (FLW-8100)
Information: CPU Load: 38%, Ram Free: 37 GB, Swap Free: 1 GB, Work Disk Free: 308 GB, Tmp Disk Free: 308 GB (MSG-3995)
Information: Starting compile_fusion / initial_map / High-Level Optimization and Technology Mapping (2) (FLW-8000)
Information: Time: 2025-06-18 13:00:59 / Session:  00:03:09 / Command:  00:00:03 / CPU:  00:00:04 / Memory: 1691 MB (FLW-8100)
Information: CPU Load: 38%, Ram Free: 37 GB, Swap Free: 1 GB, Work Disk Free: 308 GB, Tmp Disk Free: 308 GB (MSG-3995)
Warning: No cell bus will be mapped to multibit because multibit mapping has been disabled by user. (SQM-1034)
Warning: Shift register Inferencing is enabled so only head flop will be replaced with scan cell and not all registers in shift register chains are scan replaced. (SQM-1074)
Information: Ending   compile_fusion / initial_map / High-Level Optimization and Technology Mapping (2) (FLW-8001)
Information: Time: 2025-06-18 13:00:59 / Session:  00:03:09 / Command:  00:00:03 / CPU:  00:00:05 / Memory: 1691 MB (FLW-8100)
Information: CPU Load: 38%, Ram Free: 37 GB, Swap Free: 1 GB, Work Disk Free: 308 GB, Tmp Disk Free: 308 GB (MSG-3995)
Information: Starting compile_fusion / initial_map / DFT Core Wrapper Analysis (FLW-8000)
Information: Time: 2025-06-18 13:00:59 / Session:  00:03:09 / Command:  00:00:03 / CPU:  00:00:05 / Memory: 1691 MB (FLW-8100)
Information: CPU Load: 38%, Ram Free: 37 GB, Swap Free: 1 GB, Work Disk Free: 308 GB, Tmp Disk Free: 308 GB (MSG-3995)
Information: Ending   compile_fusion / initial_map / DFT Core Wrapper Analysis (FLW-8001)
Information: Time: 2025-06-18 13:00:59 / Session:  00:03:09 / Command:  00:00:03 / CPU:  00:00:05 / Memory: 1691 MB (FLW-8100)
Information: CPU Load: 38%, Ram Free: 37 GB, Swap Free: 1 GB, Work Disk Free: 308 GB, Tmp Disk Free: 308 GB (MSG-3995)
Information: Starting compile_fusion / initial_map / Logic Simplification (2) (FLW-8000)
Information: Time: 2025-06-18 13:00:59 / Session:  00:03:10 / Command:  00:00:03 / CPU:  00:00:05 / Memory: 1691 MB (FLW-8100)
Information: CPU Load: 38%, Ram Free: 37 GB, Swap Free: 1 GB, Work Disk Free: 308 GB, Tmp Disk Free: 308 GB (MSG-3995)
Information: Register Bits Before Sharing = 328, After Sharing = 328, Savings = 0 (SQM-2000)
Information: Starting compile_fusion / initial_map / Logic Simplification (2) / Constant Propagation and Register Optimization (FLW-8000)
Information: Time: 2025-06-18 13:00:59 / Session:  00:03:10 / Command:  00:00:04 / CPU:  00:00:06 / Memory: 1691 MB (FLW-8100)
Information: CPU Load: 38%, Ram Free: 37 GB, Swap Free: 1 GB, Work Disk Free: 308 GB, Tmp Disk Free: 308 GB (MSG-3995)
Information: Ending   compile_fusion / initial_map / Logic Simplification (2) / Constant Propagation and Register Optimization (FLW-8001)
Information: Time: 2025-06-18 13:00:59 / Session:  00:03:10 / Command:  00:00:04 / CPU:  00:00:06 / Memory: 1691 MB (FLW-8100)
Information: CPU Load: 38%, Ram Free: 37 GB, Swap Free: 1 GB, Work Disk Free: 308 GB, Tmp Disk Free: 308 GB (MSG-3995)
Information: Ending   compile_fusion / initial_map / Logic Simplification (2) (FLW-8001)
Information: Time: 2025-06-18 13:00:59 / Session:  00:03:10 / Command:  00:00:04 / CPU:  00:00:06 / Memory: 1691 MB (FLW-8100)
Information: CPU Load: 38%, Ram Free: 37 GB, Swap Free: 1 GB, Work Disk Free: 308 GB, Tmp Disk Free: 308 GB (MSG-3995)
Information: Result of compile_fusion / initial_map / Clock Gate Insertion (FLW-8500)
--------------------------------------------------------------------------------
|                             Clock Gating Options                             |
--------------------------------------------------------------------------------
|         Objects         |    Minimum Bitwidth     |      Maximum Fanout      |
--------------------------+-------------------------+---------------------------
|   top-level (design)    |          3 (d)          |      Unlimited (d)       |
--------------------------------------------------------------------------------

Number of Pre-Existing Clock Gates with dont touch attribute: 0
Number of ICG library cells with CTS purpose: 19
--------------------------------------------------------------------------------
                          Tool Gated Register Summary                           
--------------------------------------------------------------------------------
Clock Gating Type                   | Number of   | Register Count | Equivalent 
                                    | Clock Gates |                | Bitwidth   
--------------------------------------------------------------------------------
Regular Clock Gating                |          11 |            319 |        319
--------------------------------------------------------------------------------
--------------------------------------------------------------------------------
                 Regular Clock Gating Ungated Register Summary                  
--------------------------------------------------------------------------------
 Ungated Reason                                            | Count | Bitwidth   
--------------------------------------------------------------------------------
 Enable is Constant One.                                   |     2 |        2
 Partial Minimum Bitwidth Not Met.                         |     7 |        7
--------------------------------------------------------------------------------
Compile-fusion optimization summary            SETUP-COST    R2R-COST HOLD-COST LDRC-COST          AREA     LEAKAGE     INSTCNT            ELAPSE       MEM
Compile-fusion                                          -           -         -         -        901.19           -        1175              0.05      1691
Information: Ending   compile_fusion / initial_map (FLW-8001)
Information: Time: 2025-06-18 13:00:59 / Session:  00:03:10 / Command:  00:00:04 / CPU:  00:00:06 / Memory: 1691 MB (FLW-8100)
Information: CPU Load: 44%, Ram Free: 37 GB, Swap Free: 1 GB, Work Disk Free: 308 GB, Tmp Disk Free: 308 GB (MSG-3995)

Information: >>>>>>> 6 unique error and warning message tags while observing compile_fusion / initial_map: (MSG-3100)
Information: #prnt #trgr #lmt    Tag  Level     Format (or last printed message)                                (MSG-3036)
Information:    70     8  5 SQM-1079  WARNING   Warning: Skipping check for single_bit_degenerate attribute ... (MSG-3032)
Information:     2     1  1 SQM-1074  WARNING   Warning: Shift register Inferencing is enabled so only head ... (MSG-3032)
Information:    42    13  3 SQM-1067  WARNING   Warning: Mapping to scan cell 'SAEDRVT14_FSDPQ_V2LP_2' in li... (MSG-3032)
Information:   140    16 10 SQM-1061  WARNING   Warning: Cannot infer functionality of libcell 'saed14rvt_fr... (MSG-3032)
Information:    32     1 10 SQM-1053  WARNING   Warning: Found 8 multibit sequential library cells that have... (MSG-3032)
Information:     2     1  1 SQM-1034  WARNING   Warning: No cell bus will be mapped to multibit because mult... (MSG-3032)
Information:   288    40  6        6  <------   Total sum of messages (MSG-3038)
Information: >>>>>>> Summary: 40 error&warning MSGs observed during compile_fusion / initial_map (MSG-3103)

----------------------------------------------------------------------------------------------------------
Information: Starting compile_fusion / logic_opto (FLW-8000)
Information: Time: 2025-06-18 13:00:59 / Session:  00:03:10 / Command:  00:00:04 / CPU:  00:00:06 / Memory: 1691 MB (FLW-8100)
Information: CPU Load: 44%, Ram Free: 37 GB, Swap Free: 1 GB, Work Disk Free: 308 GB, Tmp Disk Free: 308 GB (MSG-3995)
----------------------------------------------------------------------------------------------------------
Information: Starting compile_fusion / logic_opto / Load Design (FLW-8000)
Information: Time: 2025-06-18 13:00:59 / Session:  00:03:10 / Command:  00:00:04 / CPU:  00:00:06 / Memory: 1691 MB (FLW-8100)
Information: CPU Load: 44%, Ram Free: 37 GB, Swap Free: 1 GB, Work Disk Free: 308 GB, Tmp Disk Free: 308 GB (MSG-3995)
Information: Change threshold for extractor is reset. (FLW-1300)
Information: RDE mode is turned on. (TIM-124)
Information: The stitching and editing of coupling caps is turned OFF for design 'dut_toplevel.dlib:dut_toplevel/placement_and_optimization.design'. (TIM-125)
Information: Ending   compile_fusion / logic_opto / Load Design (FLW-8001)
Information: Time: 2025-06-18 13:01:00 / Session:  00:03:10 / Command:  00:00:04 / CPU:  00:00:09 / Memory: 1691 MB (FLW-8100)
Information: CPU Load: 44%, Ram Free: 37 GB, Swap Free: 1 GB, Work Disk Free: 308 GB, Tmp Disk Free: 308 GB (MSG-3995)
Information: Starting compile_fusion / logic_opto / Clock Gate Re-structuring (FLW-8000)
Information: Time: 2025-06-18 13:01:00 / Session:  00:03:10 / Command:  00:00:04 / CPU:  00:00:09 / Memory: 1691 MB (FLW-8100)
Information: CPU Load: 44%, Ram Free: 37 GB, Swap Free: 1 GB, Work Disk Free: 308 GB, Tmp Disk Free: 308 GB (MSG-3995)
Information: Result of compile_fusion / logic_opto / Clock Gate Re-structuring (FLW-8500)
Number of Pre-Existing Clock Gates with dont touch attribute: 0
Number of ICG library cells with CTS purpose: 19
--------------------------------------------------------------------------------
                          Tool Gated Register Summary                           
--------------------------------------------------------------------------------
Clock Gating Type                   | Number of   | Register Count | Equivalent 
                                    | Clock Gates |                | Bitwidth   
--------------------------------------------------------------------------------
Regular Clock Gating                |          11 |            319 |        319
--------------------------------------------------------------------------------
--------------------------------------------------------------------------------
                 Regular Clock Gating Ungated Register Summary                  
--------------------------------------------------------------------------------
 Ungated Reason                                            | Count | Bitwidth   
--------------------------------------------------------------------------------
 Enable is Constant One.                                   |     2 |        2
 Partial Minimum Bitwidth Not Met.                         |     7 |        7
--------------------------------------------------------------------------------
Information: Ending   compile_fusion / logic_opto / Clock Gate Re-structuring (FLW-8001)
Information: Time: 2025-06-18 13:01:00 / Session:  00:03:10 / Command:  00:00:04 / CPU:  00:00:09 / Memory: 1691 MB (FLW-8100)
Information: CPU Load: 44%, Ram Free: 37 GB, Swap Free: 1 GB, Work Disk Free: 308 GB, Tmp Disk Free: 308 GB (MSG-3995)
Warning: Duplicate callback function set for step 'fc/logic_opto/dwProcessPrecond1' (FLW-2224)
Warning: Duplicate callback function set for step 'fc/logic_opto/dwProcessPrecond1' (FLW-2224)
Information: Starting compile_fusion / logic_opto / Optimization (1) (FLW-8000)
Information: Time: 2025-06-18 13:01:00 / Session:  00:03:10 / Command:  00:00:04 / CPU:  00:00:09 / Memory: 1691 MB (FLW-8100)
Information: CPU Load: 44%, Ram Free: 37 GB, Swap Free: 1 GB, Work Disk Free: 308 GB, Tmp Disk Free: 308 GB (MSG-3995)
Information: The stitching and editing of coupling caps is turned OFF for design 'dut_toplevel.dlib:dut_toplevel/placement_and_optimization.design'. (TIM-125)
Information: Starting compile_fusion / logic_opto / Optimization (1) / Logic Simplification and Register Optimization (FLW-8000)
Information: Time: 2025-06-18 13:01:01 / Session:  00:03:12 / Command:  00:00:06 / CPU:  00:00:11 / Memory: 1691 MB (FLW-8100)
Information: CPU Load: 44%, Ram Free: 38 GB, Swap Free: 1 GB, Work Disk Free: 308 GB, Tmp Disk Free: 308 GB (MSG-3995)
Warning: Cannot infer functionality of libcell 'saed14rvt_frame_timing/SAEDRVT14_FDNRBSBQ_V2_0P5' and will be excluded from sequential mapping. (SQM-1061)
Warning: Cannot infer functionality of libcell 'saed14rvt_frame_timing/SAEDRVT14_FDNRBSBQ_V2_1' and will be excluded from sequential mapping. (SQM-1061)
Warning: Cannot infer functionality of libcell 'saed14rvt_frame_timing/SAEDRVT14_FDNRBSBQ_V2_2' and will be excluded from sequential mapping. (SQM-1061)
Warning: Cannot infer functionality of libcell 'saed14rvt_frame_timing/SAEDRVT14_FDNRBSBQ_V2_4' and will be excluded from sequential mapping. (SQM-1061)
Warning: Cannot infer functionality of libcell 'saed14rvt_frame_timing/SAEDRVT14_FDPRBSBQ_V2_0P5' and will be excluded from sequential mapping. (SQM-1061)
Warning: Cannot infer functionality of libcell 'saed14rvt_frame_timing/SAEDRVT14_FDPRBSBQ_V2_1' and will be excluded from sequential mapping. (SQM-1061)
Warning: Cannot infer functionality of libcell 'saed14rvt_frame_timing/SAEDRVT14_FDPRBSBQ_V2_2' and will be excluded from sequential mapping. (SQM-1061)
Warning: Cannot infer functionality of libcell 'saed14rvt_frame_timing/SAEDRVT14_FDPRBSBQ_V2_4' and will be excluded from sequential mapping. (SQM-1061)
Warning: Mapping to scan cell 'SAEDRVT14_FSDPQB_V2LP_1' in library is not possible because cell has 'dont_use' attribute. (SQM-1067)
Warning: Mapping to scan cell 'SAEDRVT14_FSDPQ_V2LP_1' in library is not possible because cell has 'dont_use' attribute. (SQM-1067)
Warning: Mapping to scan cell 'SAEDRVT14_FSDPQ_V2LP_2' in library is not possible because cell has 'dont_use' attribute. (SQM-1067)
Warning: Cannot infer functionality of libcell 'saed14rvt_frame_timing/SAEDRVT14_FSDPRBSBQ_V2LP_0P5' and will be excluded from sequential mapping. (SQM-1061)
Warning: Cannot infer functionality of libcell 'saed14rvt_frame_timing/SAEDRVT14_FSDPRBSBQ_V2LP_2' and will be excluded from sequential mapping. (SQM-1061)
Warning: Skipping check for single_bit_degenerate attribute on the multibit libcell 'saed14rvt_frame_timing/SAEDRVT14_FSDN2_V2_0P5' since it is not a black-box. (SQM-1079)
Information: No single-bit representative was found for multibit lib cell 'saed14rvt_frame_timing/SAEDRVT14_FSDN2_V2_0P5'. (SQM-2004)
Warning: Skipping check for single_bit_degenerate attribute on the multibit libcell 'saed14rvt_frame_timing/SAEDRVT14_FSDN2_V2_1' since it is not a black-box. (SQM-1079)
Information: No single-bit representative was found for multibit lib cell 'saed14rvt_frame_timing/SAEDRVT14_FSDN2_V2_1'. (SQM-2004)
Warning: Skipping check for single_bit_degenerate attribute on the multibit libcell 'saed14rvt_frame_timing/SAEDRVT14_FSDN2_V2_2' since it is not a black-box. (SQM-1079)
Information: No single-bit representative was found for multibit lib cell 'saed14rvt_frame_timing/SAEDRVT14_FSDN2_V2_2'. (SQM-2004)
Warning: Skipping check for single_bit_degenerate attribute on the multibit libcell 'saed14rvt_frame_timing/SAEDRVT14_FSDN2_V2_4' since it is not a black-box. (SQM-1079)
Information: No single-bit representative was found for multibit lib cell 'saed14rvt_frame_timing/SAEDRVT14_FSDN2_V2_4'. (SQM-2004)
Warning: Skipping check for single_bit_degenerate attribute on the multibit libcell 'saed14rvt_frame_timing/SAEDRVT14_FSDN4_V2_0P5' since it is not a black-box. (SQM-1079)
Information: No single-bit representative was found for multibit lib cell 'saed14rvt_frame_timing/SAEDRVT14_FSDN4_V2_0P5'. (SQM-2004)
Information: No single-bit representative was found for multibit lib cell 'saed14rvt_frame_timing/SAEDRVT14_FSDN4_V2_1'. (SQM-2004)
Information: No single-bit representative was found for multibit lib cell 'saed14rvt_frame_timing/SAEDRVT14_FSDN4_V2_2'. (SQM-2004)
Information: No single-bit representative was found for multibit lib cell 'saed14rvt_frame_timing/SAEDRVT14_FSDN4_V2_4'. (SQM-2004)
Warning: Found 8 multibit sequential library cells that have missing/added attributes or have restrictions that prevent them from banking. (SQM-1053)
Information: 6 out of 16 SQM-1061 messages were not printed due to limit 10 (after 'compile_fusion' at task2.tcl:84) (MSG-3913)
Information: 10 out of 13 SQM-1067 messages were not printed due to limit 3 (after 'compile_fusion' at task2.tcl:84) (MSG-3913)
Information: 3 out of 8 SQM-1079 messages were not printed due to limit 5 (after 'compile_fusion' at task2.tcl:84) (MSG-3913)
Information: Ending   compile_fusion / logic_opto / Optimization (1) / Logic Simplification and Register Optimization (FLW-8001)
Information: Time: 2025-06-18 13:01:01 / Session:  00:03:12 / Command:  00:00:06 / CPU:  00:00:11 / Memory: 1691 MB (FLW-8100)
Information: CPU Load: 44%, Ram Free: 38 GB, Swap Free: 1 GB, Work Disk Free: 308 GB, Tmp Disk Free: 308 GB (MSG-3995)
Information: The value of option cts.compile.enable_cell_relocation has been overridden to "leaf_only" to support latency-driven placement. (CTS-973)
Warning: No clock routing rules were specified. Use set_clock_routing_rules to specify routing rules for accurate clock latency estimation. (OPT-902)
Warning: No clock routing rules were specified. Use set_clock_routing_rules to specify routing rules for accurate clock latency estimation. (OPT-902)
Information: Estimating clock gate latencies for scenario 'PowerSave_Slow'. (OPT-909)
Warning: No clock routing rules were specified. Use set_clock_routing_rules to specify routing rules for accurate clock latency estimation. (OPT-902)
Information: Estimating clock gate latencies for scenario 'Normal_Slow'. (OPT-909)
Warning: Cannot infer functionality of libcell 'saed14rvt_frame_timing/SAEDRVT14_FDNRBSBQ_V2_0P5' and will be excluded from sequential mapping. (SQM-1061)
Warning: Cannot infer functionality of libcell 'saed14rvt_frame_timing/SAEDRVT14_FDNRBSBQ_V2_1' and will be excluded from sequential mapping. (SQM-1061)
Warning: Cannot infer functionality of libcell 'saed14rvt_frame_timing/SAEDRVT14_FDNRBSBQ_V2_2' and will be excluded from sequential mapping. (SQM-1061)
Warning: Cannot infer functionality of libcell 'saed14rvt_frame_timing/SAEDRVT14_FDNRBSBQ_V2_4' and will be excluded from sequential mapping. (SQM-1061)
Warning: Cannot infer functionality of libcell 'saed14rvt_frame_timing/SAEDRVT14_FDPRBSBQ_V2_0P5' and will be excluded from sequential mapping. (SQM-1061)
Warning: Cannot infer functionality of libcell 'saed14rvt_frame_timing/SAEDRVT14_FDPRBSBQ_V2_1' and will be excluded from sequential mapping. (SQM-1061)
Warning: Cannot infer functionality of libcell 'saed14rvt_frame_timing/SAEDRVT14_FDPRBSBQ_V2_2' and will be excluded from sequential mapping. (SQM-1061)
Warning: Cannot infer functionality of libcell 'saed14rvt_frame_timing/SAEDRVT14_FDPRBSBQ_V2_4' and will be excluded from sequential mapping. (SQM-1061)
Warning: Mapping to scan cell 'SAEDRVT14_FSDPQB_V2LP_1' in library is not possible because cell has 'dont_use' attribute. (SQM-1067)
Warning: Mapping to scan cell 'SAEDRVT14_FSDPQ_V2LP_1' in library is not possible because cell has 'dont_use' attribute. (SQM-1067)
Warning: Mapping to scan cell 'SAEDRVT14_FSDPQ_V2LP_2' in library is not possible because cell has 'dont_use' attribute. (SQM-1067)
Warning: Cannot infer functionality of libcell 'saed14rvt_frame_timing/SAEDRVT14_FSDPRBSBQ_V2LP_0P5' and will be excluded from sequential mapping. (SQM-1061)
Warning: Cannot infer functionality of libcell 'saed14rvt_frame_timing/SAEDRVT14_FSDPRBSBQ_V2LP_2' and will be excluded from sequential mapping. (SQM-1061)
Warning: Skipping check for single_bit_degenerate attribute on the multibit libcell 'saed14rvt_frame_timing/SAEDRVT14_FSDN2_V2_0P5' since it is not a black-box. (SQM-1079)
Information: No single-bit representative was found for multibit lib cell 'saed14rvt_frame_timing/SAEDRVT14_FSDN2_V2_0P5'. (SQM-2004)
Warning: Skipping check for single_bit_degenerate attribute on the multibit libcell 'saed14rvt_frame_timing/SAEDRVT14_FSDN2_V2_1' since it is not a black-box. (SQM-1079)
Information: No single-bit representative was found for multibit lib cell 'saed14rvt_frame_timing/SAEDRVT14_FSDN2_V2_1'. (SQM-2004)
Warning: Skipping check for single_bit_degenerate attribute on the multibit libcell 'saed14rvt_frame_timing/SAEDRVT14_FSDN2_V2_2' since it is not a black-box. (SQM-1079)
Information: No single-bit representative was found for multibit lib cell 'saed14rvt_frame_timing/SAEDRVT14_FSDN2_V2_2'. (SQM-2004)
Warning: Skipping check for single_bit_degenerate attribute on the multibit libcell 'saed14rvt_frame_timing/SAEDRVT14_FSDN2_V2_4' since it is not a black-box. (SQM-1079)
Information: No single-bit representative was found for multibit lib cell 'saed14rvt_frame_timing/SAEDRVT14_FSDN2_V2_4'. (SQM-2004)
Warning: Skipping check for single_bit_degenerate attribute on the multibit libcell 'saed14rvt_frame_timing/SAEDRVT14_FSDN4_V2_0P5' since it is not a black-box. (SQM-1079)
Information: No single-bit representative was found for multibit lib cell 'saed14rvt_frame_timing/SAEDRVT14_FSDN4_V2_0P5'. (SQM-2004)
Information: No single-bit representative was found for multibit lib cell 'saed14rvt_frame_timing/SAEDRVT14_FSDN4_V2_1'. (SQM-2004)
Information: No single-bit representative was found for multibit lib cell 'saed14rvt_frame_timing/SAEDRVT14_FSDN4_V2_2'. (SQM-2004)
Information: No single-bit representative was found for multibit lib cell 'saed14rvt_frame_timing/SAEDRVT14_FSDN4_V2_4'. (SQM-2004)
Warning: Found 8 multibit sequential library cells that have missing/added attributes or have restrictions that prevent them from banking. (SQM-1053)
Information: 6 out of 16 SQM-1061 messages were not printed due to limit 10 (after 'compile_fusion' at task2.tcl:84) (MSG-3913)
Information: 10 out of 13 SQM-1067 messages were not printed due to limit 3 (after 'compile_fusion' at task2.tcl:84) (MSG-3913)
Information: 3 out of 8 SQM-1079 messages were not printed due to limit 5 (after 'compile_fusion' at task2.tcl:84) (MSG-3913)
Information: Starting compile_fusion / logic_opto / Optimization (1) / Timing Optimization and DesignWare Reselection (FLW-8000)
Information: Time: 2025-06-18 13:01:03 / Session:  00:03:13 / Command:  00:00:07 / CPU:  00:00:13 / Memory: 1691 MB (FLW-8100)
Information: CPU Load: 44%, Ram Free: 38 GB, Swap Free: 1 GB, Work Disk Free: 308 GB, Tmp Disk Free: 308 GB (MSG-3995)
Warning: Cannot infer functionality of libcell 'saed14rvt_frame_timing/SAEDRVT14_FDNRBSBQ_V2_0P5' and will be excluded from sequential mapping. (SQM-1061)
Warning: Cannot infer functionality of libcell 'saed14rvt_frame_timing/SAEDRVT14_FDNRBSBQ_V2_1' and will be excluded from sequential mapping. (SQM-1061)
Warning: Cannot infer functionality of libcell 'saed14rvt_frame_timing/SAEDRVT14_FDNRBSBQ_V2_2' and will be excluded from sequential mapping. (SQM-1061)
Warning: Cannot infer functionality of libcell 'saed14rvt_frame_timing/SAEDRVT14_FDNRBSBQ_V2_4' and will be excluded from sequential mapping. (SQM-1061)
Warning: Cannot infer functionality of libcell 'saed14rvt_frame_timing/SAEDRVT14_FDPRBSBQ_V2_0P5' and will be excluded from sequential mapping. (SQM-1061)
Warning: Cannot infer functionality of libcell 'saed14rvt_frame_timing/SAEDRVT14_FDPRBSBQ_V2_1' and will be excluded from sequential mapping. (SQM-1061)
Warning: Cannot infer functionality of libcell 'saed14rvt_frame_timing/SAEDRVT14_FDPRBSBQ_V2_2' and will be excluded from sequential mapping. (SQM-1061)
Warning: Cannot infer functionality of libcell 'saed14rvt_frame_timing/SAEDRVT14_FDPRBSBQ_V2_4' and will be excluded from sequential mapping. (SQM-1061)
Warning: Mapping to scan cell 'SAEDRVT14_FSDPQB_V2LP_1' in library is not possible because cell has 'dont_use' attribute. (SQM-1067)
Warning: Mapping to scan cell 'SAEDRVT14_FSDPQ_V2LP_1' in library is not possible because cell has 'dont_use' attribute. (SQM-1067)
Warning: Mapping to scan cell 'SAEDRVT14_FSDPQ_V2LP_2' in library is not possible because cell has 'dont_use' attribute. (SQM-1067)
Warning: Cannot infer functionality of libcell 'saed14rvt_frame_timing/SAEDRVT14_FSDPRBSBQ_V2LP_0P5' and will be excluded from sequential mapping. (SQM-1061)
Warning: Cannot infer functionality of libcell 'saed14rvt_frame_timing/SAEDRVT14_FSDPRBSBQ_V2LP_2' and will be excluded from sequential mapping. (SQM-1061)
Warning: Skipping check for single_bit_degenerate attribute on the multibit libcell 'saed14rvt_frame_timing/SAEDRVT14_FSDN2_V2_0P5' since it is not a black-box. (SQM-1079)
Information: No single-bit representative was found for multibit lib cell 'saed14rvt_frame_timing/SAEDRVT14_FSDN2_V2_0P5'. (SQM-2004)
Warning: Skipping check for single_bit_degenerate attribute on the multibit libcell 'saed14rvt_frame_timing/SAEDRVT14_FSDN2_V2_1' since it is not a black-box. (SQM-1079)
Information: No single-bit representative was found for multibit lib cell 'saed14rvt_frame_timing/SAEDRVT14_FSDN2_V2_1'. (SQM-2004)
Warning: Skipping check for single_bit_degenerate attribute on the multibit libcell 'saed14rvt_frame_timing/SAEDRVT14_FSDN2_V2_2' since it is not a black-box. (SQM-1079)
Information: No single-bit representative was found for multibit lib cell 'saed14rvt_frame_timing/SAEDRVT14_FSDN2_V2_2'. (SQM-2004)
Warning: Skipping check for single_bit_degenerate attribute on the multibit libcell 'saed14rvt_frame_timing/SAEDRVT14_FSDN2_V2_4' since it is not a black-box. (SQM-1079)
Information: No single-bit representative was found for multibit lib cell 'saed14rvt_frame_timing/SAEDRVT14_FSDN2_V2_4'. (SQM-2004)
Warning: Skipping check for single_bit_degenerate attribute on the multibit libcell 'saed14rvt_frame_timing/SAEDRVT14_FSDN4_V2_0P5' since it is not a black-box. (SQM-1079)
Information: No single-bit representative was found for multibit lib cell 'saed14rvt_frame_timing/SAEDRVT14_FSDN4_V2_0P5'. (SQM-2004)
Information: No single-bit representative was found for multibit lib cell 'saed14rvt_frame_timing/SAEDRVT14_FSDN4_V2_1'. (SQM-2004)
Information: No single-bit representative was found for multibit lib cell 'saed14rvt_frame_timing/SAEDRVT14_FSDN4_V2_2'. (SQM-2004)
Information: No single-bit representative was found for multibit lib cell 'saed14rvt_frame_timing/SAEDRVT14_FSDN4_V2_4'. (SQM-2004)
Warning: Found 8 multibit sequential library cells that have missing/added attributes or have restrictions that prevent them from banking. (SQM-1053)
Information: No single-bit representative was found for multibit lib cell 'saed14rvt_frame_timing/SAEDRVT14_FSDN2_V2_0P5'. (SQM-2004)
Information: No single-bit representative was found for multibit lib cell 'saed14rvt_frame_timing/SAEDRVT14_FSDN2_V2_1'. (SQM-2004)
Warning: Found 8 multibit sequential library cells that have missing/added attributes or have restrictions that prevent them from banking. (SQM-1053)
Warning: Found 8 multibit sequential library cells that have missing/added attributes or have restrictions that prevent them from banking. (SQM-1053)
Warning: Found 8 multibit sequential library cells that have missing/added attributes or have restrictions that prevent them from banking. (SQM-1053)
Warning: Found 8 multibit sequential library cells that have missing/added attributes or have restrictions that prevent them from banking. (SQM-1053)
Warning: Found 8 multibit sequential library cells that have missing/added attributes or have restrictions that prevent them from banking. (SQM-1053)
Warning: Found 8 multibit sequential library cells that have missing/added attributes or have restrictions that prevent them from banking. (SQM-1053)
Warning: Found 8 multibit sequential library cells that have missing/added attributes or have restrictions that prevent them from banking. (SQM-1053)
Warning: Found 8 multibit sequential library cells that have missing/added attributes or have restrictions that prevent them from banking. (SQM-1053)
Warning: Found 8 multibit sequential library cells that have missing/added attributes or have restrictions that prevent them from banking. (SQM-1053)
Information: 2 out of 12 SQM-1053 messages were not printed due to limit 10 (after 'compile_fusion' at task2.tcl:84) (MSG-3913)
Information: 182 out of 192 SQM-1061 messages were not printed due to limit 10 (after 'compile_fusion' at task2.tcl:84) (MSG-3913)
Information: 153 out of 156 SQM-1067 messages were not printed due to limit 3 (after 'compile_fusion' at task2.tcl:84) (MSG-3913)
Information: 91 out of 96 SQM-1079 messages were not printed due to limit 5 (after 'compile_fusion' at task2.tcl:84) (MSG-3913)
Information: 86 out of 96 SQM-2004 messages were not printed due to limit 10 (after 'compile_fusion' at task2.tcl:84) (MSG-3913)
Information: Ending   compile_fusion / logic_opto / Optimization (1) / Timing Optimization and DesignWare Reselection (FLW-8001)
Information: Time: 2025-06-18 13:01:04 / Session:  00:03:15 / Command:  00:00:09 / CPU:  00:00:16 / Memory: 1691 MB (FLW-8100)
Information: CPU Load: 48%, Ram Free: 38 GB, Swap Free: 1 GB, Work Disk Free: 308 GB, Tmp Disk Free: 308 GB (MSG-3995)
Information: Ending   compile_fusion / logic_opto / Optimization (1) (FLW-8001)
Information: Time: 2025-06-18 13:01:04 / Session:  00:03:15 / Command:  00:00:09 / CPU:  00:00:16 / Memory: 1691 MB (FLW-8100)
Information: CPU Load: 48%, Ram Free: 38 GB, Swap Free: 1 GB, Work Disk Free: 308 GB, Tmp Disk Free: 308 GB (MSG-3995)
Information: Starting compile_fusion / logic_opto / Register Retiming (FLW-8000)
Information: Time: 2025-06-18 13:01:04 / Session:  00:03:15 / Command:  00:00:09 / CPU:  00:00:16 / Memory: 1691 MB (FLW-8100)
Information: CPU Load: 48%, Ram Free: 38 GB, Swap Free: 1 GB, Work Disk Free: 308 GB, Tmp Disk Free: 308 GB (MSG-3995)
Warning: Cannot infer functionality of libcell 'saed14rvt_frame_timing/SAEDRVT14_FDNRBSBQ_V2_0P5' and will be excluded from sequential mapping. (SQM-1061)
Warning: Cannot infer functionality of libcell 'saed14rvt_frame_timing/SAEDRVT14_FDNRBSBQ_V2_1' and will be excluded from sequential mapping. (SQM-1061)
Warning: Cannot infer functionality of libcell 'saed14rvt_frame_timing/SAEDRVT14_FDNRBSBQ_V2_2' and will be excluded from sequential mapping. (SQM-1061)
Warning: Cannot infer functionality of libcell 'saed14rvt_frame_timing/SAEDRVT14_FDNRBSBQ_V2_4' and will be excluded from sequential mapping. (SQM-1061)
Warning: Cannot infer functionality of libcell 'saed14rvt_frame_timing/SAEDRVT14_FDPRBSBQ_V2_0P5' and will be excluded from sequential mapping. (SQM-1061)
Warning: Cannot infer functionality of libcell 'saed14rvt_frame_timing/SAEDRVT14_FDPRBSBQ_V2_1' and will be excluded from sequential mapping. (SQM-1061)
Warning: Cannot infer functionality of libcell 'saed14rvt_frame_timing/SAEDRVT14_FDPRBSBQ_V2_2' and will be excluded from sequential mapping. (SQM-1061)
Warning: Cannot infer functionality of libcell 'saed14rvt_frame_timing/SAEDRVT14_FDPRBSBQ_V2_4' and will be excluded from sequential mapping. (SQM-1061)
Warning: Mapping to scan cell 'SAEDRVT14_FSDPQB_V2LP_1' in library is not possible because cell has 'dont_use' attribute. (SQM-1067)
Warning: Mapping to scan cell 'SAEDRVT14_FSDPQ_V2LP_1' in library is not possible because cell has 'dont_use' attribute. (SQM-1067)
Warning: Mapping to scan cell 'SAEDRVT14_FSDPQ_V2LP_2' in library is not possible because cell has 'dont_use' attribute. (SQM-1067)
Warning: Cannot infer functionality of libcell 'saed14rvt_frame_timing/SAEDRVT14_FSDPRBSBQ_V2LP_0P5' and will be excluded from sequential mapping. (SQM-1061)
Warning: Cannot infer functionality of libcell 'saed14rvt_frame_timing/SAEDRVT14_FSDPRBSBQ_V2LP_2' and will be excluded from sequential mapping. (SQM-1061)
Warning: Skipping check for single_bit_degenerate attribute on the multibit libcell 'saed14rvt_frame_timing/SAEDRVT14_FSDN2_V2_0P5' since it is not a black-box. (SQM-1079)
Information: No single-bit representative was found for multibit lib cell 'saed14rvt_frame_timing/SAEDRVT14_FSDN2_V2_0P5'. (SQM-2004)
Warning: Skipping check for single_bit_degenerate attribute on the multibit libcell 'saed14rvt_frame_timing/SAEDRVT14_FSDN2_V2_1' since it is not a black-box. (SQM-1079)
Information: No single-bit representative was found for multibit lib cell 'saed14rvt_frame_timing/SAEDRVT14_FSDN2_V2_1'. (SQM-2004)
Warning: Skipping check for single_bit_degenerate attribute on the multibit libcell 'saed14rvt_frame_timing/SAEDRVT14_FSDN2_V2_2' since it is not a black-box. (SQM-1079)
Information: No single-bit representative was found for multibit lib cell 'saed14rvt_frame_timing/SAEDRVT14_FSDN2_V2_2'. (SQM-2004)
Warning: Skipping check for single_bit_degenerate attribute on the multibit libcell 'saed14rvt_frame_timing/SAEDRVT14_FSDN2_V2_4' since it is not a black-box. (SQM-1079)
Information: No single-bit representative was found for multibit lib cell 'saed14rvt_frame_timing/SAEDRVT14_FSDN2_V2_4'. (SQM-2004)
Warning: Skipping check for single_bit_degenerate attribute on the multibit libcell 'saed14rvt_frame_timing/SAEDRVT14_FSDN4_V2_0P5' since it is not a black-box. (SQM-1079)
Information: No single-bit representative was found for multibit lib cell 'saed14rvt_frame_timing/SAEDRVT14_FSDN4_V2_0P5'. (SQM-2004)
Information: No single-bit representative was found for multibit lib cell 'saed14rvt_frame_timing/SAEDRVT14_FSDN4_V2_1'. (SQM-2004)
Information: No single-bit representative was found for multibit lib cell 'saed14rvt_frame_timing/SAEDRVT14_FSDN4_V2_2'. (SQM-2004)
Information: No single-bit representative was found for multibit lib cell 'saed14rvt_frame_timing/SAEDRVT14_FSDN4_V2_4'. (SQM-2004)
Warning: Found 8 multibit sequential library cells that have missing/added attributes or have restrictions that prevent them from banking. (SQM-1053)
Information: 6 out of 16 SQM-1061 messages were not printed due to limit 10 (after 'compile_fusion' at task2.tcl:84) (MSG-3913)
Information: 10 out of 13 SQM-1067 messages were not printed due to limit 3 (after 'compile_fusion' at task2.tcl:84) (MSG-3913)
Information: 3 out of 8 SQM-1079 messages were not printed due to limit 5 (after 'compile_fusion' at task2.tcl:84) (MSG-3913)
Warning: Cannot infer functionality of libcell 'saed14rvt_frame_timing/SAEDRVT14_FDNRBSBQ_V2_0P5' and will be excluded from sequential mapping. (SQM-1061)
Warning: Cannot infer functionality of libcell 'saed14rvt_frame_timing/SAEDRVT14_FDNRBSBQ_V2_1' and will be excluded from sequential mapping. (SQM-1061)
Warning: Cannot infer functionality of libcell 'saed14rvt_frame_timing/SAEDRVT14_FDNRBSBQ_V2_2' and will be excluded from sequential mapping. (SQM-1061)
Warning: Cannot infer functionality of libcell 'saed14rvt_frame_timing/SAEDRVT14_FDNRBSBQ_V2_4' and will be excluded from sequential mapping. (SQM-1061)
Warning: Cannot infer functionality of libcell 'saed14rvt_frame_timing/SAEDRVT14_FDPRBSBQ_V2_0P5' and will be excluded from sequential mapping. (SQM-1061)
Warning: Cannot infer functionality of libcell 'saed14rvt_frame_timing/SAEDRVT14_FDPRBSBQ_V2_1' and will be excluded from sequential mapping. (SQM-1061)
Warning: Cannot infer functionality of libcell 'saed14rvt_frame_timing/SAEDRVT14_FDPRBSBQ_V2_2' and will be excluded from sequential mapping. (SQM-1061)
Warning: Cannot infer functionality of libcell 'saed14rvt_frame_timing/SAEDRVT14_FDPRBSBQ_V2_4' and will be excluded from sequential mapping. (SQM-1061)
Warning: Mapping to scan cell 'SAEDRVT14_FSDPQB_V2LP_1' in library is not possible because cell has 'dont_use' attribute. (SQM-1067)
Warning: Mapping to scan cell 'SAEDRVT14_FSDPQ_V2LP_1' in library is not possible because cell has 'dont_use' attribute. (SQM-1067)
Warning: Mapping to scan cell 'SAEDRVT14_FSDPQ_V2LP_2' in library is not possible because cell has 'dont_use' attribute. (SQM-1067)
Warning: Cannot infer functionality of libcell 'saed14rvt_frame_timing/SAEDRVT14_FSDPRBSBQ_V2LP_0P5' and will be excluded from sequential mapping. (SQM-1061)
Warning: Cannot infer functionality of libcell 'saed14rvt_frame_timing/SAEDRVT14_FSDPRBSBQ_V2LP_2' and will be excluded from sequential mapping. (SQM-1061)
Warning: Skipping check for single_bit_degenerate attribute on the multibit libcell 'saed14rvt_frame_timing/SAEDRVT14_FSDN2_V2_0P5' since it is not a black-box. (SQM-1079)
Information: No single-bit representative was found for multibit lib cell 'saed14rvt_frame_timing/SAEDRVT14_FSDN2_V2_0P5'. (SQM-2004)
Warning: Skipping check for single_bit_degenerate attribute on the multibit libcell 'saed14rvt_frame_timing/SAEDRVT14_FSDN2_V2_1' since it is not a black-box. (SQM-1079)
Information: No single-bit representative was found for multibit lib cell 'saed14rvt_frame_timing/SAEDRVT14_FSDN2_V2_1'. (SQM-2004)
Warning: Skipping check for single_bit_degenerate attribute on the multibit libcell 'saed14rvt_frame_timing/SAEDRVT14_FSDN2_V2_2' since it is not a black-box. (SQM-1079)
Information: No single-bit representative was found for multibit lib cell 'saed14rvt_frame_timing/SAEDRVT14_FSDN2_V2_2'. (SQM-2004)
Warning: Skipping check for single_bit_degenerate attribute on the multibit libcell 'saed14rvt_frame_timing/SAEDRVT14_FSDN2_V2_4' since it is not a black-box. (SQM-1079)
Information: No single-bit representative was found for multibit lib cell 'saed14rvt_frame_timing/SAEDRVT14_FSDN2_V2_4'. (SQM-2004)
Warning: Skipping check for single_bit_degenerate attribute on the multibit libcell 'saed14rvt_frame_timing/SAEDRVT14_FSDN4_V2_0P5' since it is not a black-box. (SQM-1079)
Information: No single-bit representative was found for multibit lib cell 'saed14rvt_frame_timing/SAEDRVT14_FSDN4_V2_0P5'. (SQM-2004)
Information: No single-bit representative was found for multibit lib cell 'saed14rvt_frame_timing/SAEDRVT14_FSDN4_V2_1'. (SQM-2004)
Information: No single-bit representative was found for multibit lib cell 'saed14rvt_frame_timing/SAEDRVT14_FSDN4_V2_2'. (SQM-2004)
Information: No single-bit representative was found for multibit lib cell 'saed14rvt_frame_timing/SAEDRVT14_FSDN4_V2_4'. (SQM-2004)
Warning: Found 8 multibit sequential library cells that have missing/added attributes or have restrictions that prevent them from banking. (SQM-1053)
Information: 6 out of 16 SQM-1061 messages were not printed due to limit 10 (after 'compile_fusion' at task2.tcl:84) (MSG-3913)
Information: 10 out of 13 SQM-1067 messages were not printed due to limit 3 (after 'compile_fusion' at task2.tcl:84) (MSG-3913)
Information: 3 out of 8 SQM-1079 messages were not printed due to limit 5 (after 'compile_fusion' at task2.tcl:84) (MSG-3913)
Warning: Cannot infer functionality of libcell 'saed14rvt_frame_timing/SAEDRVT14_FDNRBSBQ_V2_0P5' and will be excluded from sequential mapping. (SQM-1061)
Warning: Cannot infer functionality of libcell 'saed14rvt_frame_timing/SAEDRVT14_FDNRBSBQ_V2_1' and will be excluded from sequential mapping. (SQM-1061)
Warning: Cannot infer functionality of libcell 'saed14rvt_frame_timing/SAEDRVT14_FDNRBSBQ_V2_2' and will be excluded from sequential mapping. (SQM-1061)
Warning: Cannot infer functionality of libcell 'saed14rvt_frame_timing/SAEDRVT14_FDNRBSBQ_V2_4' and will be excluded from sequential mapping. (SQM-1061)
Warning: Cannot infer functionality of libcell 'saed14rvt_frame_timing/SAEDRVT14_FDPRBSBQ_V2_0P5' and will be excluded from sequential mapping. (SQM-1061)
Warning: Cannot infer functionality of libcell 'saed14rvt_frame_timing/SAEDRVT14_FDPRBSBQ_V2_1' and will be excluded from sequential mapping. (SQM-1061)
Warning: Cannot infer functionality of libcell 'saed14rvt_frame_timing/SAEDRVT14_FDPRBSBQ_V2_2' and will be excluded from sequential mapping. (SQM-1061)
Warning: Cannot infer functionality of libcell 'saed14rvt_frame_timing/SAEDRVT14_FDPRBSBQ_V2_4' and will be excluded from sequential mapping. (SQM-1061)
Warning: Mapping to scan cell 'SAEDRVT14_FSDPQB_V2LP_1' in library is not possible because cell has 'dont_use' attribute. (SQM-1067)
Warning: Mapping to scan cell 'SAEDRVT14_FSDPQ_V2LP_1' in library is not possible because cell has 'dont_use' attribute. (SQM-1067)
Warning: Mapping to scan cell 'SAEDRVT14_FSDPQ_V2LP_2' in library is not possible because cell has 'dont_use' attribute. (SQM-1067)
Warning: Cannot infer functionality of libcell 'saed14rvt_frame_timing/SAEDRVT14_FSDPRBSBQ_V2LP_0P5' and will be excluded from sequential mapping. (SQM-1061)
Warning: Cannot infer functionality of libcell 'saed14rvt_frame_timing/SAEDRVT14_FSDPRBSBQ_V2LP_2' and will be excluded from sequential mapping. (SQM-1061)
Warning: Skipping check for single_bit_degenerate attribute on the multibit libcell 'saed14rvt_frame_timing/SAEDRVT14_FSDN2_V2_0P5' since it is not a black-box. (SQM-1079)
Information: No single-bit representative was found for multibit lib cell 'saed14rvt_frame_timing/SAEDRVT14_FSDN2_V2_0P5'. (SQM-2004)
Warning: Skipping check for single_bit_degenerate attribute on the multibit libcell 'saed14rvt_frame_timing/SAEDRVT14_FSDN2_V2_1' since it is not a black-box. (SQM-1079)
Information: No single-bit representative was found for multibit lib cell 'saed14rvt_frame_timing/SAEDRVT14_FSDN2_V2_1'. (SQM-2004)
Warning: Skipping check for single_bit_degenerate attribute on the multibit libcell 'saed14rvt_frame_timing/SAEDRVT14_FSDN2_V2_2' since it is not a black-box. (SQM-1079)
Information: No single-bit representative was found for multibit lib cell 'saed14rvt_frame_timing/SAEDRVT14_FSDN2_V2_2'. (SQM-2004)
Warning: Skipping check for single_bit_degenerate attribute on the multibit libcell 'saed14rvt_frame_timing/SAEDRVT14_FSDN2_V2_4' since it is not a black-box. (SQM-1079)
Information: No single-bit representative was found for multibit lib cell 'saed14rvt_frame_timing/SAEDRVT14_FSDN2_V2_4'. (SQM-2004)
Warning: Skipping check for single_bit_degenerate attribute on the multibit libcell 'saed14rvt_frame_timing/SAEDRVT14_FSDN4_V2_0P5' since it is not a black-box. (SQM-1079)
Information: No single-bit representative was found for multibit lib cell 'saed14rvt_frame_timing/SAEDRVT14_FSDN4_V2_0P5'. (SQM-2004)
Information: No single-bit representative was found for multibit lib cell 'saed14rvt_frame_timing/SAEDRVT14_FSDN4_V2_1'. (SQM-2004)
Information: No single-bit representative was found for multibit lib cell 'saed14rvt_frame_timing/SAEDRVT14_FSDN4_V2_2'. (SQM-2004)
Information: No single-bit representative was found for multibit lib cell 'saed14rvt_frame_timing/SAEDRVT14_FSDN4_V2_4'. (SQM-2004)
Warning: Found 8 multibit sequential library cells that have missing/added attributes or have restrictions that prevent them from banking. (SQM-1053)
Information: Result of compile_fusion / logic_opto / Register Retiming (FLW-8500)
Information: No instance marked for retiming. (RTM-1031)
Information: 6 out of 16 SQM-1061 messages were not printed due to limit 10 (after 'compile_fusion' at task2.tcl:84) (MSG-3913)
Information: 10 out of 13 SQM-1067 messages were not printed due to limit 3 (after 'compile_fusion' at task2.tcl:84) (MSG-3913)
Information: 3 out of 8 SQM-1079 messages were not printed due to limit 5 (after 'compile_fusion' at task2.tcl:84) (MSG-3913)
Warning: Cannot infer functionality of libcell 'saed14rvt_frame_timing/SAEDRVT14_FDNRBSBQ_V2_0P5' and will be excluded from sequential mapping. (SQM-1061)
Warning: Cannot infer functionality of libcell 'saed14rvt_frame_timing/SAEDRVT14_FDNRBSBQ_V2_1' and will be excluded from sequential mapping. (SQM-1061)
Warning: Cannot infer functionality of libcell 'saed14rvt_frame_timing/SAEDRVT14_FDNRBSBQ_V2_2' and will be excluded from sequential mapping. (SQM-1061)
Warning: Cannot infer functionality of libcell 'saed14rvt_frame_timing/SAEDRVT14_FDNRBSBQ_V2_4' and will be excluded from sequential mapping. (SQM-1061)
Warning: Cannot infer functionality of libcell 'saed14rvt_frame_timing/SAEDRVT14_FDPRBSBQ_V2_0P5' and will be excluded from sequential mapping. (SQM-1061)
Warning: Cannot infer functionality of libcell 'saed14rvt_frame_timing/SAEDRVT14_FDPRBSBQ_V2_1' and will be excluded from sequential mapping. (SQM-1061)
Warning: Cannot infer functionality of libcell 'saed14rvt_frame_timing/SAEDRVT14_FDPRBSBQ_V2_2' and will be excluded from sequential mapping. (SQM-1061)
Warning: Cannot infer functionality of libcell 'saed14rvt_frame_timing/SAEDRVT14_FDPRBSBQ_V2_4' and will be excluded from sequential mapping. (SQM-1061)
Warning: Mapping to scan cell 'SAEDRVT14_FSDPQB_V2LP_1' in library is not possible because cell has 'dont_use' attribute. (SQM-1067)
Warning: Mapping to scan cell 'SAEDRVT14_FSDPQ_V2LP_1' in library is not possible because cell has 'dont_use' attribute. (SQM-1067)
Warning: Mapping to scan cell 'SAEDRVT14_FSDPQ_V2LP_2' in library is not possible because cell has 'dont_use' attribute. (SQM-1067)
Warning: Cannot infer functionality of libcell 'saed14rvt_frame_timing/SAEDRVT14_FSDPRBSBQ_V2LP_0P5' and will be excluded from sequential mapping. (SQM-1061)
Warning: Cannot infer functionality of libcell 'saed14rvt_frame_timing/SAEDRVT14_FSDPRBSBQ_V2LP_2' and will be excluded from sequential mapping. (SQM-1061)
Warning: Skipping check for single_bit_degenerate attribute on the multibit libcell 'saed14rvt_frame_timing/SAEDRVT14_FSDN2_V2_0P5' since it is not a black-box. (SQM-1079)
Information: No single-bit representative was found for multibit lib cell 'saed14rvt_frame_timing/SAEDRVT14_FSDN2_V2_0P5'. (SQM-2004)
Warning: Skipping check for single_bit_degenerate attribute on the multibit libcell 'saed14rvt_frame_timing/SAEDRVT14_FSDN2_V2_1' since it is not a black-box. (SQM-1079)
Information: No single-bit representative was found for multibit lib cell 'saed14rvt_frame_timing/SAEDRVT14_FSDN2_V2_1'. (SQM-2004)
Warning: Skipping check for single_bit_degenerate attribute on the multibit libcell 'saed14rvt_frame_timing/SAEDRVT14_FSDN2_V2_2' since it is not a black-box. (SQM-1079)
Information: No single-bit representative was found for multibit lib cell 'saed14rvt_frame_timing/SAEDRVT14_FSDN2_V2_2'. (SQM-2004)
Warning: Skipping check for single_bit_degenerate attribute on the multibit libcell 'saed14rvt_frame_timing/SAEDRVT14_FSDN2_V2_4' since it is not a black-box. (SQM-1079)
Information: No single-bit representative was found for multibit lib cell 'saed14rvt_frame_timing/SAEDRVT14_FSDN2_V2_4'. (SQM-2004)
Warning: Skipping check for single_bit_degenerate attribute on the multibit libcell 'saed14rvt_frame_timing/SAEDRVT14_FSDN4_V2_0P5' since it is not a black-box. (SQM-1079)
Information: No single-bit representative was found for multibit lib cell 'saed14rvt_frame_timing/SAEDRVT14_FSDN4_V2_0P5'. (SQM-2004)
Information: No single-bit representative was found for multibit lib cell 'saed14rvt_frame_timing/SAEDRVT14_FSDN4_V2_1'. (SQM-2004)
Information: No single-bit representative was found for multibit lib cell 'saed14rvt_frame_timing/SAEDRVT14_FSDN4_V2_2'. (SQM-2004)
Information: No single-bit representative was found for multibit lib cell 'saed14rvt_frame_timing/SAEDRVT14_FSDN4_V2_4'. (SQM-2004)
Warning: Found 8 multibit sequential library cells that have missing/added attributes or have restrictions that prevent them from banking. (SQM-1053)
Information: 6 out of 16 SQM-1061 messages were not printed due to limit 10 (after 'compile_fusion' at task2.tcl:84) (MSG-3913)
Information: 10 out of 13 SQM-1067 messages were not printed due to limit 3 (after 'compile_fusion' at task2.tcl:84) (MSG-3913)
Information: 3 out of 8 SQM-1079 messages were not printed due to limit 5 (after 'compile_fusion' at task2.tcl:84) (MSG-3913)
Information: Ending   compile_fusion / logic_opto / Register Retiming (FLW-8001)
Information: Time: 2025-06-18 13:01:13 / Session:  00:03:23 / Command:  00:00:17 / CPU:  00:00:24 / Memory: 1691 MB (FLW-8100)
Information: CPU Load: 45%, Ram Free: 38 GB, Swap Free: 1 GB, Work Disk Free: 308 GB, Tmp Disk Free: 308 GB (MSG-3995)
Warning: Cannot infer functionality of libcell 'saed14rvt_frame_timing/SAEDRVT14_FDNRBSBQ_V2_0P5' and will be excluded from sequential mapping. (SQM-1061)
Warning: Cannot infer functionality of libcell 'saed14rvt_frame_timing/SAEDRVT14_FDNRBSBQ_V2_1' and will be excluded from sequential mapping. (SQM-1061)
Warning: Cannot infer functionality of libcell 'saed14rvt_frame_timing/SAEDRVT14_FDNRBSBQ_V2_2' and will be excluded from sequential mapping. (SQM-1061)
Warning: Cannot infer functionality of libcell 'saed14rvt_frame_timing/SAEDRVT14_FDNRBSBQ_V2_4' and will be excluded from sequential mapping. (SQM-1061)
Warning: Cannot infer functionality of libcell 'saed14rvt_frame_timing/SAEDRVT14_FDPRBSBQ_V2_0P5' and will be excluded from sequential mapping. (SQM-1061)
Warning: Cannot infer functionality of libcell 'saed14rvt_frame_timing/SAEDRVT14_FDPRBSBQ_V2_1' and will be excluded from sequential mapping. (SQM-1061)
Warning: Cannot infer functionality of libcell 'saed14rvt_frame_timing/SAEDRVT14_FDPRBSBQ_V2_2' and will be excluded from sequential mapping. (SQM-1061)
Warning: Cannot infer functionality of libcell 'saed14rvt_frame_timing/SAEDRVT14_FDPRBSBQ_V2_4' and will be excluded from sequential mapping. (SQM-1061)
Warning: Mapping to scan cell 'SAEDRVT14_FSDPQB_V2LP_1' in library is not possible because cell has 'dont_use' attribute. (SQM-1067)
Warning: Mapping to scan cell 'SAEDRVT14_FSDPQ_V2LP_1' in library is not possible because cell has 'dont_use' attribute. (SQM-1067)
Warning: Mapping to scan cell 'SAEDRVT14_FSDPQ_V2LP_2' in library is not possible because cell has 'dont_use' attribute. (SQM-1067)
Warning: Cannot infer functionality of libcell 'saed14rvt_frame_timing/SAEDRVT14_FSDPRBSBQ_V2LP_0P5' and will be excluded from sequential mapping. (SQM-1061)
Warning: Cannot infer functionality of libcell 'saed14rvt_frame_timing/SAEDRVT14_FSDPRBSBQ_V2LP_2' and will be excluded from sequential mapping. (SQM-1061)
Warning: Skipping check for single_bit_degenerate attribute on the multibit libcell 'saed14rvt_frame_timing/SAEDRVT14_FSDN2_V2_0P5' since it is not a black-box. (SQM-1079)
Information: No single-bit representative was found for multibit lib cell 'saed14rvt_frame_timing/SAEDRVT14_FSDN2_V2_0P5'. (SQM-2004)
Warning: Skipping check for single_bit_degenerate attribute on the multibit libcell 'saed14rvt_frame_timing/SAEDRVT14_FSDN2_V2_1' since it is not a black-box. (SQM-1079)
Information: No single-bit representative was found for multibit lib cell 'saed14rvt_frame_timing/SAEDRVT14_FSDN2_V2_1'. (SQM-2004)
Warning: Skipping check for single_bit_degenerate attribute on the multibit libcell 'saed14rvt_frame_timing/SAEDRVT14_FSDN2_V2_2' since it is not a black-box. (SQM-1079)
Information: No single-bit representative was found for multibit lib cell 'saed14rvt_frame_timing/SAEDRVT14_FSDN2_V2_2'. (SQM-2004)
Warning: Skipping check for single_bit_degenerate attribute on the multibit libcell 'saed14rvt_frame_timing/SAEDRVT14_FSDN2_V2_4' since it is not a black-box. (SQM-1079)
Information: No single-bit representative was found for multibit lib cell 'saed14rvt_frame_timing/SAEDRVT14_FSDN2_V2_4'. (SQM-2004)
Warning: Skipping check for single_bit_degenerate attribute on the multibit libcell 'saed14rvt_frame_timing/SAEDRVT14_FSDN4_V2_0P5' since it is not a black-box. (SQM-1079)
Information: No single-bit representative was found for multibit lib cell 'saed14rvt_frame_timing/SAEDRVT14_FSDN4_V2_0P5'. (SQM-2004)
Information: No single-bit representative was found for multibit lib cell 'saed14rvt_frame_timing/SAEDRVT14_FSDN4_V2_1'. (SQM-2004)
Information: No single-bit representative was found for multibit lib cell 'saed14rvt_frame_timing/SAEDRVT14_FSDN4_V2_2'. (SQM-2004)
Information: No single-bit representative was found for multibit lib cell 'saed14rvt_frame_timing/SAEDRVT14_FSDN4_V2_4'. (SQM-2004)
Warning: Found 8 multibit sequential library cells that have missing/added attributes or have restrictions that prevent them from banking. (SQM-1053)
Information: Register Bits Before Sharing = 0, After Sharing = 0, Savings = 0 (SQM-2000)
Information: 6 out of 16 SQM-1061 messages were not printed due to limit 10 (after 'compile_fusion' at task2.tcl:84) (MSG-3913)
Information: 10 out of 13 SQM-1067 messages were not printed due to limit 3 (after 'compile_fusion' at task2.tcl:84) (MSG-3913)
Information: 3 out of 8 SQM-1079 messages were not printed due to limit 5 (after 'compile_fusion' at task2.tcl:84) (MSG-3913)
Information: Starting compile_fusion / logic_opto / Optimization (2) (FLW-8000)
Information: Time: 2025-06-18 13:01:15 / Session:  00:03:26 / Command:  00:00:20 / CPU:  00:00:26 / Memory: 1691 MB (FLW-8100)
Information: CPU Load: 42%, Ram Free: 38 GB, Swap Free: 1 GB, Work Disk Free: 308 GB, Tmp Disk Free: 308 GB (MSG-3995)
Information: The value of option cts.compile.enable_cell_relocation has been overridden to "leaf_only" to support latency-driven placement. (CTS-973)
Warning: No clock routing rules were specified. Use set_clock_routing_rules to specify routing rules for accurate clock latency estimation. (OPT-902)
Warning: No clock routing rules were specified. Use set_clock_routing_rules to specify routing rules for accurate clock latency estimation. (OPT-902)
Information: Estimating clock gate latencies for scenario 'PowerSave_Slow'. (OPT-909)
Warning: No clock routing rules were specified. Use set_clock_routing_rules to specify routing rules for accurate clock latency estimation. (OPT-902)
Information: Estimating clock gate latencies for scenario 'Normal_Slow'. (OPT-909)
Information: Ending   compile_fusion / logic_opto / Optimization (2) (FLW-8001)
Information: Time: 2025-06-18 13:01:16 / Session:  00:03:27 / Command:  00:00:21 / CPU:  00:00:29 / Memory: 1691 MB (FLW-8100)
Information: CPU Load: 42%, Ram Free: 38 GB, Swap Free: 1 GB, Work Disk Free: 308 GB, Tmp Disk Free: 308 GB (MSG-3995)
Information: Starting compile_fusion / logic_opto / Auto-Floorplan (1) (FLW-8000)
Information: Time: 2025-06-18 13:01:16 / Session:  00:03:27 / Command:  00:00:21 / CPU:  00:00:29 / Memory: 1691 MB (FLW-8100)
Information: CPU Load: 42%, Ram Free: 38 GB, Swap Free: 1 GB, Work Disk Free: 308 GB, Tmp Disk Free: 308 GB (MSG-3995)
Information: Shaping unshaped voltage areas (AFP-1011)
Information: Placing unplaced pins (AFP-1007)
Information: Result of compile_fusion / logic_opto / Auto-Floorplan (1) (FLW-8500)
Information: Auto-Floorplan Summary (AFP-2023)
-------------------------------------------------------------------------------
              origin           area     boundary
core            user        1385.28   { {5 5} {5 33.8} {53.1 33.8} {53.1 5} }
die             user        2254.28   { {0 0} {0 38.8} {58.1 38.8} {58.1 0} }
-------------------------------------------------------------------------------

-------------------------------------------------------------------------------
objects             total        candidates          modified         preserved                 
voltage areas           0                 0                 0                 0
ios                     0                 0                 0                 0
macros                  0                 0                 0                 0
pins                  168                 0                 0                 0
-------------------------------------------------------------------------------
Information: Ending   compile_fusion / logic_opto / Auto-Floorplan (1) (FLW-8001)
Information: Time: 2025-06-18 13:01:16 / Session:  00:03:27 / Command:  00:00:21 / CPU:  00:00:29 / Memory: 1691 MB (FLW-8100)
Information: CPU Load: 42%, Ram Free: 38 GB, Swap Free: 1 GB, Work Disk Free: 308 GB, Tmp Disk Free: 308 GB (MSG-3995)
Information: Starting compile_fusion / logic_opto / Early Placement (FLW-8000)
Information: Time: 2025-06-18 13:01:16 / Session:  00:03:27 / Command:  00:00:21 / CPU:  00:00:29 / Memory: 1691 MB (FLW-8100)
Information: CPU Load: 42%, Ram Free: 38 GB, Swap Free: 1 GB, Work Disk Free: 308 GB, Tmp Disk Free: 308 GB (MSG-3995)
----------------------------------------------------------------
running create_placement
Corner Scaling is off, multiplier is 1.000000
ORB: timingScenario Normal_Slow timingCorner Slow
INFO: Using corner Fast for worst leakage corner
Using default layer M4
new cutoff lpd: 3.18383e-05
corner scaling: maxCornerId = 3
corner=Fast, tran factor=0.839605 (0.028406 / 0.033833)
corner=Typical, tran factor=0.945497 (0.031989 / 0.033833)
corner=Slow, tran factor=1.000000 (0.033833 / 0.033833)
ORB: Nominal = 0.0056185  Design MT = inf  Target = 0.0338329 (6.022 nominal)  MaxRC = 0.022324
ORB: Fast Target = 0.011791 ( 2.099 nominal )
ORB: stageDelay=0.026139, stageLength=1609839
nplLib: default vr hor dist = 322
nplLib: default vr ver dist = 322
nplLib: default vr buf size = 2
nplLib: default vr buf size = 1

Placement Options:
Effort:                        medium_effort       
Timing Driven:                 false               
Buffering Aware Timing Driven: false               
Seed locs:                     false               
Incremental:                   false               
Congestion:                    false               
Fix Macros:                    true                
Place Macros:                  false               
Channel Size Macros:           false               

Printing options for 'place.coarse.*' (non-default only)
place.coarse.continue_on_missing_scandef                :	 true                

Start transferring placement data.
****** Net weight manager: report ******
Weights included: Timing  
Number of nets with non-default weights: 1606
Timing factor = 1
Non-default weight range: (0.881036, 2.64311)
Information: Automatic repeater spreading is enabled.
Completed transferring placement data.
Running placement using 12 thread(s)
Information: Enhanced Auto Density Control is used. (PLACE-098)
Information: Enhanced auto density configuration is 13179.
Information: Automatic density control has selected the following settings: max_density 0.55, congestion_driven_max_util 0.87. (PLACE-027)
Information: HFW control 'off' invoked.
Creating placement from scratch.
coarse place 0% done.
coarse place 25% done.
coarse place 50% done.
coarse place 75% done.
coarse place 100% done.
Information: Coarse placer weighted wire length estimate = 1.12723e+08
Information: Extraction observers are detached as design net change threshold is reached.
Warning: No clock routing rules were specified. Use set_clock_routing_rules to specify routing rules for accurate clock latency estimation. (OPT-902)
Warning: No clock routing rules were specified. Use set_clock_routing_rules to specify routing rules for accurate clock latency estimation. (OPT-902)
Information: Estimating clock gate latencies for scenario 'PowerSave_Slow'. (OPT-909)
Warning: No clock routing rules were specified. Use set_clock_routing_rules to specify routing rules for accurate clock latency estimation. (OPT-902)
Information: Estimating clock gate latencies for scenario 'Normal_Slow'. (OPT-909)
----------------------------------------------------------------
Information: Ending   compile_fusion / logic_opto / Early Placement (FLW-8001)
Information: Time: 2025-06-18 13:01:18 / Session:  00:03:29 / Command:  00:00:22 / CPU:  00:00:31 / Memory: 1691 MB (FLW-8100)
Information: CPU Load: 42%, Ram Free: 38 GB, Swap Free: 1 GB, Work Disk Free: 308 GB, Tmp Disk Free: 308 GB (MSG-3995)
Information: The stitching and editing of coupling caps is turned OFF for design 'dut_toplevel.dlib:dut_toplevel/placement_and_optimization.design'. (TIM-125)
Information: Starting compile_fusion / logic_opto / Optimization (3) (FLW-8000)
Information: Time: 2025-06-18 13:01:19 / Session:  00:03:30 / Command:  00:00:24 / CPU:  00:00:34 / Memory: 1691 MB (FLW-8100)
Information: CPU Load: 47%, Ram Free: 38 GB, Swap Free: 1 GB, Work Disk Free: 308 GB, Tmp Disk Free: 308 GB (MSG-3995)
Information: Starting compile_fusion / logic_opto / Optimization (3) / Timing Optimization (FLW-8000)
Information: Time: 2025-06-18 13:01:19 / Session:  00:03:30 / Command:  00:00:24 / CPU:  00:00:34 / Memory: 1691 MB (FLW-8100)
Information: CPU Load: 47%, Ram Free: 38 GB, Swap Free: 1 GB, Work Disk Free: 308 GB, Tmp Disk Free: 308 GB (MSG-3995)
Warning: Cannot infer functionality of libcell 'saed14rvt_frame_timing/SAEDRVT14_FDNRBSBQ_V2_0P5' and will be excluded from sequential mapping. (SQM-1061)
Warning: Cannot infer functionality of libcell 'saed14rvt_frame_timing/SAEDRVT14_FDNRBSBQ_V2_1' and will be excluded from sequential mapping. (SQM-1061)
Warning: Cannot infer functionality of libcell 'saed14rvt_frame_timing/SAEDRVT14_FDNRBSBQ_V2_2' and will be excluded from sequential mapping. (SQM-1061)
Warning: Cannot infer functionality of libcell 'saed14rvt_frame_timing/SAEDRVT14_FDNRBSBQ_V2_4' and will be excluded from sequential mapping. (SQM-1061)
Warning: Cannot infer functionality of libcell 'saed14rvt_frame_timing/SAEDRVT14_FDPRBSBQ_V2_0P5' and will be excluded from sequential mapping. (SQM-1061)
Warning: Cannot infer functionality of libcell 'saed14rvt_frame_timing/SAEDRVT14_FDPRBSBQ_V2_1' and will be excluded from sequential mapping. (SQM-1061)
Warning: Cannot infer functionality of libcell 'saed14rvt_frame_timing/SAEDRVT14_FDPRBSBQ_V2_2' and will be excluded from sequential mapping. (SQM-1061)
Warning: Cannot infer functionality of libcell 'saed14rvt_frame_timing/SAEDRVT14_FDPRBSBQ_V2_4' and will be excluded from sequential mapping. (SQM-1061)
Warning: Mapping to scan cell 'SAEDRVT14_FSDPQB_V2LP_1' in library is not possible because cell has 'dont_use' attribute. (SQM-1067)
Warning: Mapping to scan cell 'SAEDRVT14_FSDPQ_V2LP_1' in library is not possible because cell has 'dont_use' attribute. (SQM-1067)
Warning: Mapping to scan cell 'SAEDRVT14_FSDPQ_V2LP_2' in library is not possible because cell has 'dont_use' attribute. (SQM-1067)
Warning: Cannot infer functionality of libcell 'saed14rvt_frame_timing/SAEDRVT14_FSDPRBSBQ_V2LP_0P5' and will be excluded from sequential mapping. (SQM-1061)
Warning: Cannot infer functionality of libcell 'saed14rvt_frame_timing/SAEDRVT14_FSDPRBSBQ_V2LP_2' and will be excluded from sequential mapping. (SQM-1061)
Warning: Skipping check for single_bit_degenerate attribute on the multibit libcell 'saed14rvt_frame_timing/SAEDRVT14_FSDN2_V2_0P5' since it is not a black-box. (SQM-1079)
Information: No single-bit representative was found for multibit lib cell 'saed14rvt_frame_timing/SAEDRVT14_FSDN2_V2_0P5'. (SQM-2004)
Warning: Skipping check for single_bit_degenerate attribute on the multibit libcell 'saed14rvt_frame_timing/SAEDRVT14_FSDN2_V2_1' since it is not a black-box. (SQM-1079)
Information: No single-bit representative was found for multibit lib cell 'saed14rvt_frame_timing/SAEDRVT14_FSDN2_V2_1'. (SQM-2004)
Warning: Skipping check for single_bit_degenerate attribute on the multibit libcell 'saed14rvt_frame_timing/SAEDRVT14_FSDN2_V2_2' since it is not a black-box. (SQM-1079)
Information: No single-bit representative was found for multibit lib cell 'saed14rvt_frame_timing/SAEDRVT14_FSDN2_V2_2'. (SQM-2004)
Warning: Skipping check for single_bit_degenerate attribute on the multibit libcell 'saed14rvt_frame_timing/SAEDRVT14_FSDN2_V2_4' since it is not a black-box. (SQM-1079)
Information: No single-bit representative was found for multibit lib cell 'saed14rvt_frame_timing/SAEDRVT14_FSDN2_V2_4'. (SQM-2004)
Warning: Skipping check for single_bit_degenerate attribute on the multibit libcell 'saed14rvt_frame_timing/SAEDRVT14_FSDN4_V2_0P5' since it is not a black-box. (SQM-1079)
Information: No single-bit representative was found for multibit lib cell 'saed14rvt_frame_timing/SAEDRVT14_FSDN4_V2_0P5'. (SQM-2004)
Information: No single-bit representative was found for multibit lib cell 'saed14rvt_frame_timing/SAEDRVT14_FSDN4_V2_1'. (SQM-2004)
Information: No single-bit representative was found for multibit lib cell 'saed14rvt_frame_timing/SAEDRVT14_FSDN4_V2_2'. (SQM-2004)
Information: No single-bit representative was found for multibit lib cell 'saed14rvt_frame_timing/SAEDRVT14_FSDN4_V2_4'. (SQM-2004)
Warning: Found 8 multibit sequential library cells that have missing/added attributes or have restrictions that prevent them from banking. (SQM-1053)
Information: No single-bit representative was found for multibit lib cell 'saed14rvt_frame_timing/SAEDRVT14_FSDN2_V2_0P5'. (SQM-2004)
Information: No single-bit representative was found for multibit lib cell 'saed14rvt_frame_timing/SAEDRVT14_FSDN2_V2_1'. (SQM-2004)
Warning: Found 8 multibit sequential library cells that have missing/added attributes or have restrictions that prevent them from banking. (SQM-1053)
Warning: Found 8 multibit sequential library cells that have missing/added attributes or have restrictions that prevent them from banking. (SQM-1053)
Warning: Found 8 multibit sequential library cells that have missing/added attributes or have restrictions that prevent them from banking. (SQM-1053)
Warning: Found 8 multibit sequential library cells that have missing/added attributes or have restrictions that prevent them from banking. (SQM-1053)
Warning: Found 8 multibit sequential library cells that have missing/added attributes or have restrictions that prevent them from banking. (SQM-1053)
Warning: Found 8 multibit sequential library cells that have missing/added attributes or have restrictions that prevent them from banking. (SQM-1053)
Warning: Found 8 multibit sequential library cells that have missing/added attributes or have restrictions that prevent them from banking. (SQM-1053)
Warning: Found 8 multibit sequential library cells that have missing/added attributes or have restrictions that prevent them from banking. (SQM-1053)
Warning: Found 8 multibit sequential library cells that have missing/added attributes or have restrictions that prevent them from banking. (SQM-1053)
Information: 2 out of 12 SQM-1053 messages were not printed due to limit 10 (after 'compile_fusion' at task2.tcl:84) (MSG-3913)
Information: 182 out of 192 SQM-1061 messages were not printed due to limit 10 (after 'compile_fusion' at task2.tcl:84) (MSG-3913)
Information: 153 out of 156 SQM-1067 messages were not printed due to limit 3 (after 'compile_fusion' at task2.tcl:84) (MSG-3913)
Information: 91 out of 96 SQM-1079 messages were not printed due to limit 5 (after 'compile_fusion' at task2.tcl:84) (MSG-3913)
Information: 86 out of 96 SQM-2004 messages were not printed due to limit 10 (after 'compile_fusion' at task2.tcl:84) (MSG-3913)
Information: Ending   compile_fusion / logic_opto / Optimization (3) / Timing Optimization (FLW-8001)
Information: Time: 2025-06-18 13:01:21 / Session:  00:03:32 / Command:  00:00:25 / CPU:  00:00:36 / Memory: 1691 MB (FLW-8100)
Information: CPU Load: 47%, Ram Free: 38 GB, Swap Free: 1 GB, Work Disk Free: 308 GB, Tmp Disk Free: 308 GB (MSG-3995)
Information: Ending   compile_fusion / logic_opto / Optimization (3) (FLW-8001)
Information: Time: 2025-06-18 13:01:21 / Session:  00:03:32 / Command:  00:00:26 / CPU:  00:00:37 / Memory: 1691 MB (FLW-8100)
Information: CPU Load: 47%, Ram Free: 38 GB, Swap Free: 1 GB, Work Disk Free: 308 GB, Tmp Disk Free: 308 GB (MSG-3995)
Information: Starting compile_fusion / logic_opto / Optimization (4) (FLW-8000)
Information: Time: 2025-06-18 13:01:21 / Session:  00:03:32 / Command:  00:00:26 / CPU:  00:00:37 / Memory: 1691 MB (FLW-8100)
Information: CPU Load: 47%, Ram Free: 38 GB, Swap Free: 1 GB, Work Disk Free: 308 GB, Tmp Disk Free: 308 GB (MSG-3995)
Information: Starting compile_fusion / logic_opto / Optimization (4) / Logic Simplification and Register Optimization (FLW-8000)
Information: Time: 2025-06-18 13:01:21 / Session:  00:03:32 / Command:  00:00:26 / CPU:  00:00:37 / Memory: 1691 MB (FLW-8100)
Information: CPU Load: 47%, Ram Free: 38 GB, Swap Free: 1 GB, Work Disk Free: 308 GB, Tmp Disk Free: 308 GB (MSG-3995)
Information: Ending   compile_fusion / logic_opto / Optimization (4) / Logic Simplification and Register Optimization (FLW-8001)
Information: Time: 2025-06-18 13:01:21 / Session:  00:03:32 / Command:  00:00:26 / CPU:  00:00:37 / Memory: 1691 MB (FLW-8100)
Information: CPU Load: 47%, Ram Free: 38 GB, Swap Free: 1 GB, Work Disk Free: 308 GB, Tmp Disk Free: 308 GB (MSG-3995)
Information: Ending   compile_fusion / logic_opto / Optimization (4) (FLW-8001)
Information: Time: 2025-06-18 13:01:25 / Session:  00:03:35 / Command:  00:00:29 / CPU:  00:00:43 / Memory: 1691 MB (FLW-8100)
Information: CPU Load: 44%, Ram Free: 38 GB, Swap Free: 1 GB, Work Disk Free: 308 GB, Tmp Disk Free: 308 GB (MSG-3995)
Information: Starting compile_fusion / logic_opto / Optimization (5) (FLW-8000)
Information: Time: 2025-06-18 13:01:25 / Session:  00:03:35 / Command:  00:00:29 / CPU:  00:00:43 / Memory: 1691 MB (FLW-8100)
Information: CPU Load: 44%, Ram Free: 38 GB, Swap Free: 1 GB, Work Disk Free: 308 GB, Tmp Disk Free: 308 GB (MSG-3995)
Information: Starting compile_fusion / logic_opto / Optimization (5) / Logic Simplification and Register Optimization (FLW-8000)
Information: Time: 2025-06-18 13:01:25 / Session:  00:03:35 / Command:  00:00:29 / CPU:  00:00:43 / Memory: 1691 MB (FLW-8100)
Information: CPU Load: 44%, Ram Free: 38 GB, Swap Free: 1 GB, Work Disk Free: 308 GB, Tmp Disk Free: 308 GB (MSG-3995)
Information: Ending   compile_fusion / logic_opto / Optimization (5) / Logic Simplification and Register Optimization (FLW-8001)
Information: Time: 2025-06-18 13:01:25 / Session:  00:03:35 / Command:  00:00:29 / CPU:  00:00:43 / Memory: 1691 MB (FLW-8100)
Information: CPU Load: 44%, Ram Free: 38 GB, Swap Free: 1 GB, Work Disk Free: 308 GB, Tmp Disk Free: 308 GB (MSG-3995)
Information: Ending   compile_fusion / logic_opto / Optimization (5) (FLW-8001)
Information: Time: 2025-06-18 13:01:25 / Session:  00:03:35 / Command:  00:00:29 / CPU:  00:00:43 / Memory: 1691 MB (FLW-8100)
Information: CPU Load: 44%, Ram Free: 38 GB, Swap Free: 1 GB, Work Disk Free: 308 GB, Tmp Disk Free: 308 GB (MSG-3995)
Information: Starting compile_fusion / logic_opto / Auto-Floorplan (2) (FLW-8000)
Information: Time: 2025-06-18 13:01:25 / Session:  00:03:35 / Command:  00:00:29 / CPU:  00:00:43 / Memory: 1691 MB (FLW-8100)
Information: CPU Load: 44%, Ram Free: 38 GB, Swap Free: 1 GB, Work Disk Free: 308 GB, Tmp Disk Free: 308 GB (MSG-3995)
Information: Shaping unshaped voltage areas (AFP-1011)
Information: Placing unplaced pins (AFP-1007)
Information: Result of compile_fusion / logic_opto / Auto-Floorplan (2) (FLW-8500)
Information: Auto-Floorplan Summary (AFP-2023)
-------------------------------------------------------------------------------
              origin           area     boundary
core            user        1385.28   { {5 5} {5 33.8} {53.1 33.8} {53.1 5} }
die             user        2254.28   { {0 0} {0 38.8} {58.1 38.8} {58.1 0} }
-------------------------------------------------------------------------------

-------------------------------------------------------------------------------
objects             total        candidates          modified         preserved                 
voltage areas           0                 0                 0                 0
ios                     0                 0                 0                 0
macros                  0                 0                 0                 0
pins                  168                 0                 0                 0
-------------------------------------------------------------------------------
Information: Ending   compile_fusion / logic_opto / Auto-Floorplan (2) (FLW-8001)
Information: Time: 2025-06-18 13:01:25 / Session:  00:03:35 / Command:  00:00:29 / CPU:  00:00:43 / Memory: 1691 MB (FLW-8100)
Information: CPU Load: 44%, Ram Free: 38 GB, Swap Free: 1 GB, Work Disk Free: 308 GB, Tmp Disk Free: 308 GB (MSG-3995)
Information: Starting compile_fusion / logic_opto / Secondary PG connections (FLW-8000)
Information: Time: 2025-06-18 13:01:25 / Session:  00:03:35 / Command:  00:00:29 / CPU:  00:00:43 / Memory: 1691 MB (FLW-8100)
Information: CPU Load: 44%, Ram Free: 38 GB, Swap Free: 1 GB, Work Disk Free: 308 GB, Tmp Disk Free: 308 GB (MSG-3995)
Information: Secondary PG:  Secondary PG connections skipped because it is not a UPF design (FLW-1247)
Information: Ending   compile_fusion / logic_opto / Secondary PG connections (FLW-8001)
Information: Time: 2025-06-18 13:01:25 / Session:  00:03:35 / Command:  00:00:29 / CPU:  00:00:43 / Memory: 1691 MB (FLW-8100)
Information: CPU Load: 44%, Ram Free: 38 GB, Swap Free: 1 GB, Work Disk Free: 308 GB, Tmp Disk Free: 308 GB (MSG-3995)
Compile-fusion optimization summary            SETUP-COST    R2R-COST HOLD-COST LDRC-COST          AREA     LEAKAGE     INSTCNT            ELAPSE       MEM
Compile-fusion                                          -           -         -         -        904.92           -        1176              0.06      1691
Scenario Normal_Fast is cellEm
Scenario PowerSave_Fast is cellEm
Info: update em.
Information: Activity propagation will be performed for scenario Normal_Fast.
Information: Doing activity propagation for mode 'Normal' and corner 'Fast' with effort level 'medium'. (POW-024)
Information: Timer-derived activity data is cached on scenario Normal_Fast (POW-052)
Information: Running switching activity propagation with 12 threads!

 **** Information : No. of simulation cycles = 6 ****
Information: Propagated activity on scenario Normal_Slow identical to that on Normal_Fast (POW-006)
Information: Propagated activity on scenario Normal_Typical identical to that on Normal_Fast (POW-006)
Information: Activity propagation will be performed for scenario PowerSave_Fast.
Information: Doing activity propagation for mode 'PowerSave' and corner 'Fast' with effort level 'medium'. (POW-024)
Information: Timer-derived activity data is cached on scenario PowerSave_Fast (POW-052)
Information: Running switching activity propagation with 12 threads!

 **** Information : No. of simulation cycles = 6 ****
Information: Propagated activity on scenario PowerSave_Slow identical to that on PowerSave_Fast (POW-006)
Information: Propagated activity on scenario PowerSave_Typical identical to that on PowerSave_Fast (POW-006)
Information: Activity for scenario Normal_Fast was cached, no propagation required. (POW-005)
Information: Activity for scenario Normal_Slow was cached, no propagation required. (POW-005)
Information: Activity for scenario Normal_Typical was cached, no propagation required. (POW-005)
Information: Activity for scenario PowerSave_Fast was cached, no propagation required. (POW-005)
Information: Activity for scenario PowerSave_Slow was cached, no propagation required. (POW-005)
Information: Activity for scenario PowerSave_Typical was cached, no propagation required. (POW-005)
CTS Cell EM initialization finished
Scenario Normal_Fast is cellEm
Scenario PowerSave_Fast is cellEm
Info: update em.
Information: Activity for scenario Normal_Fast was cached, no propagation required. (POW-005)
Information: Activity for scenario Normal_Slow was cached, no propagation required. (POW-005)
Information: Activity for scenario Normal_Typical was cached, no propagation required. (POW-005)
Information: Activity for scenario PowerSave_Fast was cached, no propagation required. (POW-005)
CTS Cell EM initialization finished
Warning: No clock routing rules were specified. Use set_clock_routing_rules to specify routing rules for accurate clock latency estimation. (OPT-902)
Warning: No clock routing rules were specified. Use set_clock_routing_rules to specify routing rules for accurate clock latency estimation. (OPT-902)
Information: Estimating clock gate latencies for scenario 'PowerSave_Typical'. (OPT-909)
Warning: No clock routing rules were specified. Use set_clock_routing_rules to specify routing rules for accurate clock latency estimation. (OPT-902)
Information: Estimating clock gate latencies for scenario 'PowerSave_Slow'. (OPT-909)
Warning: No clock routing rules were specified. Use set_clock_routing_rules to specify routing rules for accurate clock latency estimation. (OPT-902)
Information: Estimating clock gate latencies for scenario 'PowerSave_Fast'. (OPT-909)
Warning: No clock routing rules were specified. Use set_clock_routing_rules to specify routing rules for accurate clock latency estimation. (OPT-902)
Information: Estimating clock gate latencies for scenario 'Normal_Typical'. (OPT-909)
Warning: No clock routing rules were specified. Use set_clock_routing_rules to specify routing rules for accurate clock latency estimation. (OPT-902)
Information: Estimating clock gate latencies for scenario 'Normal_Slow'. (OPT-909)
Warning: No clock routing rules were specified. Use set_clock_routing_rules to specify routing rules for accurate clock latency estimation. (OPT-902)
Information: Estimating clock gate latencies for scenario 'Normal_Fast'. (OPT-909)
Information: 2 out of 12 POW-005 messages were not printed due to limit 10 (after 'compile_fusion' at task2.tcl:84) (MSG-3913)
Information: Ending   compile_fusion / logic_opto (FLW-8001)
Information: Time: 2025-06-18 13:01:28 / Session:  00:03:39 / Command:  00:00:33 / CPU:  00:01:02 / Memory: 1691 MB (FLW-8100)
Information: CPU Load: 44%, Ram Free: 38 GB, Swap Free: 1 GB, Work Disk Free: 308 GB, Tmp Disk Free: 308 GB (MSG-3995)

Information: >>>>>>> 6 unique error and warning message tags while observing compile_fusion / logic_opto: (MSG-3100)
Information: #prnt #trgr #lmt    Tag  Level     Format (or last printed message)                                (MSG-3036)
Information:     4     2  0 FLW-2224  WARNING   Warning: Duplicate callback function set for step 'fc/logic_... (MSG-3032)
Information:   115   248  5 SQM-1079  WARNING   Warning: Skipping check for single_bit_degenerate attribute ... (MSG-3032)
Information:    69   403  3 SQM-1067  WARNING   Warning: Mapping to scan cell 'SAEDRVT14_FSDPQ_V2LP_2' in li... (MSG-3032)
Information:   230   496 10 SQM-1061  WARNING   Warning: Cannot infer functionality of libcell 'saed14rvt_fr... (MSG-3032)
Information:    59    31 10 SQM-1053  WARNING   Warning: Found 8 multibit sequential library cells that have... (MSG-3032)
Information:   159     8  0 OPT-902   WARNING   Warning: No clock routing rules were specified. Use set_cloc... (MSG-3032)
Information:   636  1188  4        6  <------   Total sum of messages (MSG-3038)
Information: >>>>>>> Summary: 1188 error&warning MSGs observed during compile_fusion / logic_opto (MSG-3103)

----------------------------------------------------------------------------------------------------------
Information: Starting compile_fusion / initial_place (FLW-8000)
Information: Time: 2025-06-18 13:01:28 / Session:  00:03:39 / Command:  00:00:33 / CPU:  00:01:02 / Memory: 1691 MB (FLW-8100)
Information: CPU Load: 44%, Ram Free: 38 GB, Swap Free: 1 GB, Work Disk Free: 308 GB, Tmp Disk Free: 308 GB (MSG-3995)
----------------------------------------------------------------------------------------------------------
Information: Timer using 12 threads
Information: RDE mode is turned on. (TIM-124)
[Tim-Power] Info: Cleared Leakage libCell cache.
Information: The stitching and editing of coupling caps is turned OFF for design 'dut_toplevel.dlib:dut_toplevel/placement_and_optimization.design'. (TIM-125)
************************************************************
Timer Settings:
Delay Calculation Style:                   auto
Signal Integrity Analysis:                 disabled
Timing Window Analysis:                    disabled
Advanced Waveform Propagation:             disabled
Variation Type:                            fixed_derate
Clock Reconvergence Pessimism Removal:     disabled
Advanced Receiver Model:                   disabled
LLE:                                       disabled
ML Acceleration:                           off
************************************************************
Number of Site types in the design = 1
Setting up Chip Core
Chip Core shape: (50000 50000) (531000 338000)
Number of VARs = 1
Number of unique PDs = 1
Number of Power Domains = 1
Number of Voltage Areas = 1
Number of supply Nets = 2
Number of used supplies = 0
Blocked VAs: 
Information: Change threshold for extractor is reset. (FLW-1300)
Information: Starting compile_fusion / initial_place / Load Design (FLW-8000)
Information: Time: 2025-06-18 13:01:30 / Session:  00:03:41 / Command:  00:00:34 / CPU:  00:01:08 / Memory: 1691 MB (FLW-8100)
Information: CPU Load: 41%, Ram Free: 38 GB, Swap Free: 1 GB, Work Disk Free: 308 GB, Tmp Disk Free: 308 GB (MSG-3995)
Information: Ending   compile_fusion / initial_place / Load Design (FLW-8001)
Information: Time: 2025-06-18 13:01:30 / Session:  00:03:41 / Command:  00:00:34 / CPU:  00:01:08 / Memory: 1691 MB (FLW-8100)
Information: CPU Load: 41%, Ram Free: 38 GB, Swap Free: 1 GB, Work Disk Free: 308 GB, Tmp Disk Free: 308 GB (MSG-3995)
Information: Starting compile_fusion / initial_place / pre-placement setup (FLW-8000)
Information: Time: 2025-06-18 13:01:30 / Session:  00:03:41 / Command:  00:00:34 / CPU:  00:01:08 / Memory: 1691 MB (FLW-8100)
Information: CPU Load: 41%, Ram Free: 38 GB, Swap Free: 1 GB, Work Disk Free: 308 GB, Tmp Disk Free: 308 GB (MSG-3995)
Information: Ending   compile_fusion / initial_place / pre-placement setup (FLW-8001)
Information: Time: 2025-06-18 13:01:30 / Session:  00:03:41 / Command:  00:00:35 / CPU:  00:01:08 / Memory: 1691 MB (FLW-8100)
Information: CPU Load: 41%, Ram Free: 38 GB, Swap Free: 1 GB, Work Disk Free: 308 GB, Tmp Disk Free: 308 GB (MSG-3995)
Information: Starting compile_fusion / initial_place / Initial Placement (FLW-8000)
Information: Time: 2025-06-18 13:01:30 / Session:  00:03:41 / Command:  00:00:35 / CPU:  00:01:08 / Memory: 1691 MB (FLW-8100)
Information: CPU Load: 41%, Ram Free: 38 GB, Swap Free: 1 GB, Work Disk Free: 308 GB, Tmp Disk Free: 308 GB (MSG-3995)
----------------------------------------------------------------
running create_placement
Information:  initializing PDM....
PDM initilization successfull...
Information:  uninitializing PDM....
PDM uninitilization successfull...
Corner Scaling is off, multiplier is 1.000000
ORB: timingScenario Normal_Slow timingCorner Slow
INFO: Using corner Fast for worst leakage corner
Using default layer M4
new cutoff lpd: 3.18383e-05
corner scaling: maxCornerId = 3
corner=Fast, tran factor=0.839605 (0.028406 / 0.033833)
corner=Typical, tran factor=0.945497 (0.031989 / 0.033833)
corner=Slow, tran factor=1.000000 (0.033833 / 0.033833)
ORB: Nominal = 0.0056185  Design MT = inf  Target = 0.0338329 (6.022 nominal)  MaxRC = 0.022324
ORB: Fast Target = 0.011791 ( 2.099 nominal )
ORB: stageDelay=0.026139, stageLength=1609839
nplLib: default vr hor dist = 322
nplLib: default vr ver dist = 322
nplLib: default vr buf size = 2
nplLib: default vr buf size = 1
Information: Activity propagation will be performed for scenario Normal_Fast.
Information: Activity propagation will be performed for scenario PowerSave_Fast.
Information: Doing activity propagation for mode 'Normal' and corner 'Fast' with effort level 'medium'. (POW-024)
Information: Timer-derived activity data is cached on scenario Normal_Fast (POW-052)
Information: Running switching activity propagation with 12 threads!

 **** Information : No. of simulation cycles = 6 ****
Information: Doing activity propagation for mode 'PowerSave' and corner 'Fast' with effort level 'medium'. (POW-024)
Information: Timer-derived activity data is cached on scenario PowerSave_Fast (POW-052)
Information: Running switching activity propagation with 12 threads!

 **** Information : No. of simulation cycles = 6 ****
Information: Propagated activity on scenario Normal_Slow identical to that on Normal_Fast (POW-006)
Information: Propagated activity on scenario PowerSave_Slow identical to that on PowerSave_Fast (POW-006)
Information: Propagated activity on scenario Normal_Typical identical to that on Normal_Fast (POW-006)
Information: Propagated activity on scenario PowerSave_Typical identical to that on PowerSave_Fast (POW-006)
****** eLpp estimated wire length 
6.76366% of the net wire length are clock nets
0% of the clock net wire length has no activity
Clock net wire length: 7.97608e+06
Total net wire length: 1.17925e+08
****** eLpp weights (no caps)
Number of nets: 1606, of which 1594 non-clock nets
Number of nets with 0 toggle rate: 0
Max toggle rate = 0.576191, average toggle rate = 0.010742
Max non-clock toggle rate = 0.0471191
eLpp weight range = (0.00873031, 53.6391)
*** 3 nets are filtered out

Placement Options:
Effort:                        high_effort         
Timing Driven:                 false               
Buffering Aware Timing Driven: false               
Seed locs:                     false               
Incremental:                   false               
Congestion:                    false               
Fix Macros:                    true                
Place Macros:                  false               
Channel Size Macros:           false               

Printing options for 'place.coarse.*' (non-default only)
place.coarse.continue_on_missing_scandef                :	 true                

Start transferring placement data.
****** Net weight manager: report ******
Weights included: eLpp  Timing  
Number of nets with non-default weights: 1606
Amt power = 0.1
Timing factor = 1
Non-default weight range: (0.793765, 6.1568)
Information: Automatic repeater spreading is enabled.
Information: The stitching and editing of coupling caps is turned OFF for design 'dut_toplevel.dlib:dut_toplevel/placement_and_optimization.design'. (TIM-125)
Completed transferring placement data.
Running placement using 12 thread(s)
Information: Enhanced Auto Density Control is used. (PLACE-098)
Information: Enhanced auto density configuration is 13179.
Information: Automatic density control has selected the following settings: max_density 0.55, congestion_driven_max_util 0.87. (PLACE-027)
Information: HFW control 'off' invoked.
Creating placement from scratch.
coarse place 0% done.
coarse place 14% done.
coarse place 29% done.
coarse place 43% done.
Information: Coarse placer weighted wire length estimate = 9.83387e+07
Information: Extraction observers are detached as design net change threshold is reached.
Warning: No clock routing rules were specified. Use set_clock_routing_rules to specify routing rules for accurate clock latency estimation. (OPT-902)
Warning: No clock routing rules were specified. Use set_clock_routing_rules to specify routing rules for accurate clock latency estimation. (OPT-902)
Information: Estimating clock gate latencies for scenario 'PowerSave_Slow'. (OPT-909)
Warning: No clock routing rules were specified. Use set_clock_routing_rules to specify routing rules for accurate clock latency estimation. (OPT-902)
Information: Estimating clock gate latencies for scenario 'Normal_Slow'. (OPT-909)
----------------------------------------------------------------
----------------------------------------------------------------
running create_placement
CGRW: permuting timing equivalent pins only
Corner Scaling is off, multiplier is 1.000000
ORB: timingScenario Normal_Slow timingCorner Slow
INFO: Using corner Fast for worst leakage corner
Using default layer M4
new cutoff lpd: 3.18383e-05
corner scaling: maxCornerId = 3
corner=Fast, tran factor=0.839605 (0.028406 / 0.033833)
corner=Typical, tran factor=0.945497 (0.031989 / 0.033833)
corner=Slow, tran factor=1.000000 (0.033833 / 0.033833)
ORB: Nominal = 0.0056185  Design MT = inf  Target = 0.0338329 (6.022 nominal)  MaxRC = 0.022324
ORB: Fast Target = 0.011791 ( 2.099 nominal )
ORB: stageDelay=0.026139, stageLength=1609839
nplLib: default vr hor dist = 322
nplLib: default vr ver dist = 322
nplLib: default vr buf size = 2
nplLib: default vr buf size = 1
Info: e-eLpp used with low effort

Placement Options:
Effort:                        medium_effort       
Timing Driven:                 true                
Buffering Aware Timing Driven: true                
Seed locs:                     true                
Incremental:                   false               
Congestion:                    false               
Fix Macros:                    true                
Place Macros:                  false               
Channel Size Macros:           false               

Printing options for 'place.coarse.*' (non-default only)
place.coarse.continue_on_missing_scandef                :	 true                

Start transferring placement data.
****** eLpp estimated wire length 
4.93328% of the net wire length are clock nets
0% of the clock net wire length has no activity
Clock net wire length: 4.95018e+06
Total net wire length: 1.00343e+08
****** eLpp weights (no caps)
Number of nets: 1606, of which 1594 non-clock nets
Number of nets with 0 toggle rate: 0
Max toggle rate = 0.576191, average toggle rate = 0.010742
Max non-clock toggle rate = 0.0471191
eLpp weight range = (0.00873031, 53.6391)
*** 3 nets are filtered out
****** Net weight manager: report ******
Weights included: eLpp  Timing  
Number of nets with non-default weights: 1606
Amt power = 0.1
Timing factor = 1
Non-default weight range: (0.793765, 6.1568)
Information: Automatic repeater spreading is enabled.
Information: The stitching and editing of coupling caps is turned OFF for design 'dut_toplevel.dlib:dut_toplevel/placement_and_optimization.design'. (TIM-125)
Restructuring in 1 hierarchies
CGRW: importing permutable pins & pairs, size 8 and above
Information: Automatic timing control is enabled.
checking app option clockgate_objective_weight : none
Using worst RC corner 'Slow' for buffer aware analysis.
DTDP placement: scenario=Normal_Slow
Completed transferring placement data.
Running placement using 12 thread(s)
Information: Enhanced Auto Density Control is used. (PLACE-098)
Information: Enhanced auto density configuration is 13179.
Information: Automatic density control has selected the following settings: max_density 0.55, congestion_driven_max_util 0.87. (PLACE-027)
Information: HFW control 'off' invoked.
coarse place 0% done.
Selected 273 sequential cells for slack balancing.
coarse place 20% done.
coarse place 40% done.
coarse place 60% done.
coarse place 80% done.
coarse place 100% done.
Information: Coarse placer weighted wire length estimate = 1.13499e+08
Information: Extraction observers are detached as design net change threshold is reached.
Stored 0 bounds for preserving balanced registers 
Warning: No clock routing rules were specified. Use set_clock_routing_rules to specify routing rules for accurate clock latency estimation. (OPT-902)
Warning: No clock routing rules were specified. Use set_clock_routing_rules to specify routing rules for accurate clock latency estimation. (OPT-902)
Information: Estimating clock gate latencies for scenario 'PowerSave_Slow'. (OPT-909)
Warning: No clock routing rules were specified. Use set_clock_routing_rules to specify routing rules for accurate clock latency estimation. (OPT-902)
Information: Estimating clock gate latencies for scenario 'Normal_Slow'. (OPT-909)
----------------------------------------------------------------
Information: Ending   compile_fusion / initial_place / Initial Placement (FLW-8001)
Information: Time: 2025-06-18 13:01:36 / Session:  00:03:46 / Command:  00:00:40 / CPU:  00:01:31 / Memory: 1691 MB (FLW-8100)
Information: CPU Load: 45%, Ram Free: 38 GB, Swap Free: 1 GB, Work Disk Free: 308 GB, Tmp Disk Free: 308 GB (MSG-3995)
Information: Placing unplaced pins (AFP-1007)
Scenario Normal_Fast is cellEm
Scenario PowerSave_Fast is cellEm
Information: The stitching and editing of coupling caps is turned OFF for design 'dut_toplevel.dlib:dut_toplevel/placement_and_optimization.design'. (TIM-125)
Info: update em.
Information: Activity propagation will be performed for scenario Normal_Fast.
Information: Doing activity propagation for mode 'Normal' and corner 'Fast' with effort level 'medium'. (POW-024)
Information: Timer-derived activity data is cached on scenario Normal_Fast (POW-052)
Information: Running switching activity propagation with 12 threads!

 **** Information : No. of simulation cycles = 6 ****
Information: Propagated activity on scenario Normal_Slow identical to that on Normal_Fast (POW-006)
Information: Propagated activity on scenario Normal_Typical identical to that on Normal_Fast (POW-006)
Information: Activity propagation will be performed for scenario PowerSave_Fast.
Information: Doing activity propagation for mode 'PowerSave' and corner 'Fast' with effort level 'medium'. (POW-024)
Information: Timer-derived activity data is cached on scenario PowerSave_Fast (POW-052)
Information: Running switching activity propagation with 12 threads!

 **** Information : No. of simulation cycles = 6 ****
Information: Propagated activity on scenario PowerSave_Slow identical to that on PowerSave_Fast (POW-006)
Information: Propagated activity on scenario PowerSave_Typical identical to that on PowerSave_Fast (POW-006)
Information: Activity for scenario Normal_Fast was cached, no propagation required. (POW-005)
Information: Activity for scenario Normal_Slow was cached, no propagation required. (POW-005)
Information: Activity for scenario Normal_Typical was cached, no propagation required. (POW-005)
Information: Activity for scenario PowerSave_Fast was cached, no propagation required. (POW-005)
Information: Activity for scenario PowerSave_Slow was cached, no propagation required. (POW-005)
Information: Activity for scenario PowerSave_Typical was cached, no propagation required. (POW-005)
CTS Cell EM initialization finished
Scenario Normal_Fast is cellEm
Scenario PowerSave_Fast is cellEm
Info: update em.
Information: Activity for scenario Normal_Fast was cached, no propagation required. (POW-005)
Information: Activity for scenario Normal_Slow was cached, no propagation required. (POW-005)
Information: Activity for scenario Normal_Typical was cached, no propagation required. (POW-005)
Information: Activity for scenario PowerSave_Fast was cached, no propagation required. (POW-005)
CTS Cell EM initialization finished
Warning: No clock routing rules were specified. Use set_clock_routing_rules to specify routing rules for accurate clock latency estimation. (OPT-902)
Warning: No clock routing rules were specified. Use set_clock_routing_rules to specify routing rules for accurate clock latency estimation. (OPT-902)
Information: Estimating clock gate latencies for scenario 'PowerSave_Typical'. (OPT-909)
Warning: No clock routing rules were specified. Use set_clock_routing_rules to specify routing rules for accurate clock latency estimation. (OPT-902)
Information: Estimating clock gate latencies for scenario 'PowerSave_Slow'. (OPT-909)
Warning: No clock routing rules were specified. Use set_clock_routing_rules to specify routing rules for accurate clock latency estimation. (OPT-902)
Information: Estimating clock gate latencies for scenario 'PowerSave_Fast'. (OPT-909)
Warning: No clock routing rules were specified. Use set_clock_routing_rules to specify routing rules for accurate clock latency estimation. (OPT-902)
Information: Estimating clock gate latencies for scenario 'Normal_Typical'. (OPT-909)
Warning: No clock routing rules were specified. Use set_clock_routing_rules to specify routing rules for accurate clock latency estimation. (OPT-902)
Information: Estimating clock gate latencies for scenario 'Normal_Slow'. (OPT-909)
Warning: No clock routing rules were specified. Use set_clock_routing_rules to specify routing rules for accurate clock latency estimation. (OPT-902)
Information: Estimating clock gate latencies for scenario 'Normal_Fast'. (OPT-909)
Information: 2 out of 12 POW-005 messages were not printed due to limit 10 (after 'compile_fusion' at task2.tcl:84) (MSG-3913)
Information: Ending   compile_fusion / initial_place (FLW-8001)
Information: Time: 2025-06-18 13:01:39 / Session:  00:03:50 / Command:  00:00:44 / CPU:  00:01:50 / Memory: 1691 MB (FLW-8100)
Information: CPU Load: 45%, Ram Free: 38 GB, Swap Free: 1 GB, Work Disk Free: 308 GB, Tmp Disk Free: 308 GB (MSG-3995)

Information: >>>>>>> 1 unique error and warning message tags while observing compile_fusion / initial_place: (MSG-3100)
Information: #prnt #trgr #lmt    Tag  Level     Format (or last printed message)                                (MSG-3036)
Information:   172     6  0 OPT-902   WARNING   Warning: No clock routing rules were specified. Use set_cloc... (MSG-3032)
Information:   172     6  0        1  <------   Total sum of messages (MSG-3038)
Information: >>>>>>> Summary: 6 error&warning MSGs observed during compile_fusion / initial_place (MSG-3103)

----------------------------------------------------------------------------------------------------------
Information: Starting compile_fusion / initial_drc (FLW-8000)
Information: Time: 2025-06-18 13:01:39 / Session:  00:03:50 / Command:  00:00:44 / CPU:  00:01:50 / Memory: 1691 MB (FLW-8100)
Information: CPU Load: 45%, Ram Free: 38 GB, Swap Free: 1 GB, Work Disk Free: 308 GB, Tmp Disk Free: 308 GB (MSG-3995)
----------------------------------------------------------------------------------------------------------
Information: Change threshold for extractor is reset. (FLW-1300)
Information: Timer using 12 threads
Information: RDE mode is turned on. (TIM-124)
Information: The stitching and editing of coupling caps is turned OFF for design 'dut_toplevel.dlib:dut_toplevel/placement_and_optimization.design'. (TIM-125)
************************************************************
Timer Settings:
Delay Calculation Style:                   auto
Signal Integrity Analysis:                 disabled
Timing Window Analysis:                    disabled
Advanced Waveform Propagation:             disabled
Variation Type:                            fixed_derate
Clock Reconvergence Pessimism Removal:     disabled
Advanced Receiver Model:                   disabled
LLE:                                       disabled
ML Acceleration:                           off
************************************************************
Information: Starting compile_fusion / initial_drc / Load Design (FLW-8000)
Information: Time: 2025-06-18 13:01:40 / Session:  00:03:50 / Command:  00:00:44 / CPU:  00:01:52 / Memory: 1691 MB (FLW-8100)
Information: CPU Load: 50%, Ram Free: 38 GB, Swap Free: 1 GB, Work Disk Free: 308 GB, Tmp Disk Free: 308 GB (MSG-3995)
Number of Site types in the design = 1
Setting up Chip Core
Chip Core shape: (50000 50000) (531000 338000)
Number of VARs = 1
Number of unique PDs = 1
Number of Power Domains = 1
Number of Voltage Areas = 1
Number of supply Nets = 2
Number of used supplies = 0
Blocked VAs: 
Information: Initializing classic cellmap without advanced rules enabled and without PDC enabled
Information: The following app options are used in cellmap
        place.legalize.enable_color_aware_placement : false
        place.legalize.use_nll_query_cm : false
        place.legalize.enable_advanced_legalizer : false
        place.legalize.enable_prerouted_net_check : true
        place.legalize.enable_advanced_prerouted_net_check : false
        place.legalize.always_continue : true
        place.legalize.limit_legality_checks : false
        place.common.pnet_aware_density : 1.0000
        place.common.pnet_aware_min_width : 0.0000
        place.common.pnet_aware_layers : {}
        place.common.use_placement_model : false
        place.common.enable_advanced_placement_model : true
        cts.placement.cell_spacing_rule_style : maximum
Warning: Library cell saed14rvt_frame_timing:SAEDRVT14_ISOFSDPQ_PECO_8.frame is missing supply pins. Its power structure cannot be determined. (LGL-050)
Warning: Library cell saed14rvt_frame_timing:SAEDRVT14_DCAP_PV1ECO_12.frame is missing supply pins. Its power structure cannot be determined. (LGL-050)
Total 0.0078 seconds to build cellmap data
INFO: creating 22(r) x 33(c) GridCells YDim 1.8 XDim 1.8
INFO: number of GridCells (0xe9c1f740): 726
INFO: creating 22(r) x 33(c) GridCells YDim 1.8 XDim 1.8
INFO: number of GridCells (0xe9c1f740): 726
Total 0.0153 seconds to load 1654 cell instances into cellmap, 1176 cells are off site row
Moveable cells: 1176; Application fixed cells: 0; Macro cells: 0; User fixed cells: 478
Average cell width 1.2825, cell height 0.6000, cell area 0.7695 for total 1176 placed and application fixed cells
Information: Enabling light RDE (FLW-5761)
Information: Enabling light RDE flow Mode (FLW-5761)
Information: The stitching and editing of coupling caps is turned OFF for design 'dut_toplevel.dlib:dut_toplevel/placement_and_optimization.design'. (TIM-125)
Information: Ending   compile_fusion / initial_drc / Load Design (FLW-8001)
Information: Time: 2025-06-18 13:01:42 / Session:  00:03:52 / Command:  00:00:46 / CPU:  00:02:07 / Memory: 1691 MB (FLW-8100)
Information: CPU Load: 50%, Ram Free: 38 GB, Swap Free: 1 GB, Work Disk Free: 308 GB, Tmp Disk Free: 308 GB (MSG-3995)
Information: The stitching and editing of coupling caps is turned OFF for design 'dut_toplevel.dlib:dut_toplevel/placement_and_optimization.design'. (TIM-125)
Information: Starting compile_fusion / initial_drc / Global Route (FLW-8000)
Information: Time: 2025-06-18 13:01:42 / Session:  00:03:52 / Command:  00:00:46 / CPU:  00:02:08 / Memory: 1691 MB (FLW-8100)
Information: CPU Load: 50%, Ram Free: 38 GB, Swap Free: 1 GB, Work Disk Free: 308 GB, Tmp Disk Free: 308 GB (MSG-3995)
Information: Ending   compile_fusion / initial_drc / Global Route (FLW-8001)
Information: Time: 2025-06-18 13:01:42 / Session:  00:03:52 / Command:  00:00:46 / CPU:  00:02:08 / Memory: 1691 MB (FLW-8100)
Information: CPU Load: 50%, Ram Free: 38 GB, Swap Free: 1 GB, Work Disk Free: 308 GB, Tmp Disk Free: 308 GB (MSG-3995)
Information: Starting compile_fusion / initial_drc / Automatic Register Splitting (FLW-8000)
Information: Time: 2025-06-18 13:01:42 / Session:  00:03:52 / Command:  00:00:46 / CPU:  00:02:08 / Memory: 1691 MB (FLW-8100)
Information: CPU Load: 50%, Ram Free: 38 GB, Swap Free: 1 GB, Work Disk Free: 308 GB, Tmp Disk Free: 308 GB (MSG-3995)
Information: Ending   compile_fusion / initial_drc / Automatic Register Splitting (FLW-8001)
Information: Time: 2025-06-18 13:01:42 / Session:  00:03:52 / Command:  00:00:46 / CPU:  00:02:08 / Memory: 1691 MB (FLW-8100)
Information: CPU Load: 50%, Ram Free: 38 GB, Swap Free: 1 GB, Work Disk Free: 308 GB, Tmp Disk Free: 308 GB (MSG-3995)
Information: Starting compile_fusion / initial_drc / High Fanout Synthesis (FLW-8000)
Information: Time: 2025-06-18 13:01:42 / Session:  00:03:52 / Command:  00:00:46 / CPU:  00:02:08 / Memory: 1691 MB (FLW-8100)
Information: CPU Load: 50%, Ram Free: 38 GB, Swap Free: 1 GB, Work Disk Free: 308 GB, Tmp Disk Free: 308 GB (MSG-3995)
min assign layer = M4
Corner Scaling is off, multiplier is 1.000000
Zbuf-HFS: gathering all scenarios
orb constraints: using power mt scenarios
ORB: timingScenario PowerSave_Slow timingCorner Slow
INFO: Using corner Fast for worst leakage corner
Using default layer M4
new cutoff lpd: 3.18383e-05
corner scaling: maxCornerId = 3
corner=Fast, tran factor=0.839605 (0.028406 / 0.033833)
corner=Typical, tran factor=0.945497 (0.031989 / 0.033833)
corner=Slow, tran factor=1.000000 (0.033833 / 0.033833)
ORB: Nominal = 0.0056185  Design MT = inf  Target = 0.0338329 (6.022 nominal)  MaxRC = 0.022324
ORB: Fast Target = 0.011791 ( 2.099 nominal )
ORB: stageDelay=0.026139, stageLength=1609839
INFO: Using corner Fast for worst leakage corner
Using default layer M4
new cutoff lpd: 3.18383e-05
corner scaling: maxCornerId = 3
corner=Fast, tran factor=0.839605 (0.028406 / 0.033833)
corner=Typical, tran factor=0.945497 (0.031989 / 0.033833)
corner=Slow, tran factor=1.000000 (0.033833 / 0.033833)
INFO: Using corner Fast for worst leakage corner
Using default layer M4
new cutoff lpd: 3.18383e-05
corner scaling: maxCornerId = 3
corner=Fast, tran factor=0.839605 (0.028406 / 0.033833)
corner=Typical, tran factor=0.945497 (0.031989 / 0.033833)
corner=Slow, tran factor=1.000000 (0.033833 / 0.033833)
INFO: Using corner Fast for worst leakage corner
Using default layer M4
new cutoff lpd: 3.18383e-05
corner scaling: maxCornerId = 3
corner=Fast, tran factor=0.839605 (0.028406 / 0.033833)
corner=Typical, tran factor=0.945497 (0.031989 / 0.033833)
corner=Slow, tran factor=1.000000 (0.033833 / 0.033833)
INFO: Using corner Fast for worst leakage corner
Using default layer M4
new cutoff lpd: 3.18383e-05
corner scaling: maxCornerId = 3
corner=Fast, tran factor=0.839605 (0.028406 / 0.033833)
corner=Typical, tran factor=0.945497 (0.031989 / 0.033833)
corner=Slow, tran factor=1.000000 (0.033833 / 0.033833)
INFO: Using corner Fast for worst leakage corner
Using default layer M4
new cutoff lpd: 3.18383e-05
corner scaling: maxCornerId = 3
corner=Fast, tran factor=0.839605 (0.028406 / 0.033833)
corner=Typical, tran factor=0.945497 (0.031989 / 0.033833)
corner=Slow, tran factor=1.000000 (0.033833 / 0.033833)
INFO: Using corner Fast for worst leakage corner
Using default layer M4
new cutoff lpd: 3.18383e-05
corner scaling: maxCornerId = 3
corner=Fast, tran factor=0.839605 (0.028406 / 0.033833)
corner=Typical, tran factor=0.945497 (0.031989 / 0.033833)
corner=Slow, tran factor=1.000000 (0.033833 / 0.033833)
INFO: Using corner Fast for worst leakage corner
Using default layer M4
new cutoff lpd: 3.18383e-05
corner scaling: maxCornerId = 3
corner=Fast, tran factor=0.839605 (0.028406 / 0.033833)
corner=Typical, tran factor=0.945497 (0.031989 / 0.033833)
corner=Slow, tran factor=1.000000 (0.033833 / 0.033833)
INFO: Using corner Fast for worst leakage corner
Using default layer M4
new cutoff lpd: 3.18383e-05
corner scaling: maxCornerId = 3
corner=Fast, tran factor=0.839605 (0.028406 / 0.033833)
corner=Typical, tran factor=0.945497 (0.031989 / 0.033833)
corner=Slow, tran factor=1.000000 (0.033833 / 0.033833)
INFO: Using corner Fast for worst leakage corner
Using default layer M4
new cutoff lpd: 3.18383e-05
corner scaling: maxCornerId = 3
corner=Fast, tran factor=0.839605 (0.028406 / 0.033833)
corner=Typical, tran factor=0.945497 (0.031989 / 0.033833)
corner=Slow, tran factor=1.000000 (0.033833 / 0.033833)
INFO: Using corner Fast for worst leakage corner
Using default layer M4
new cutoff lpd: 3.18383e-05
corner scaling: maxCornerId = 3
corner=Fast, tran factor=0.839605 (0.028406 / 0.033833)
corner=Typical, tran factor=0.945497 (0.031989 / 0.033833)
corner=Slow, tran factor=1.000000 (0.033833 / 0.033833)
INFO: Using corner Fast for worst leakage corner
Using default layer M4
new cutoff lpd: 3.18383e-05
corner scaling: maxCornerId = 3
corner=Fast, tran factor=0.839605 (0.028406 / 0.033833)
corner=Typical, tran factor=0.945497 (0.031989 / 0.033833)
corner=Slow, tran factor=1.000000 (0.033833 / 0.033833)
Collecting Drivers ...  
Design max_transition = inf
Design max_capacitance = inf
GRE layer bins: None, M4
WINFO: 1606 None; 0 M4; 0 Total
Running clock data isolation flow.
Found 0 buffer-tree drivers
No violators found
Running tristate isolation flow.
TSI: added 0 repeaters
Running mv isolation flow.
Found 0 buffer-tree drivers
No violators found
Found 5 buffer-tree drivers

Roi-HfsDrc SN: 1798569713 435980330 0 1 (300.000000)

Processing Buffer Trees  (ROI) ... 

    [1]  10% ...
    [2]  20% ...
    [3]  30% ...
    [4]  40% ...
    [5]  50% ...
    [5] 100% Done

                  Deleted        Added
------------ ------------ ------------
    Buffers:            0           13
  Inverters:            2            3
------------ ------------ ------------
      Total:            2           16
------------ ------------ ------------

Number of Drivers Sized: 3 [60.00%]

                      P: 2 [40.00%]
                      N: 1 [20.00%]

WINFO: 1620 None; 0 M4; 0 Total
Information: The net parasitics of block dut_toplevel are cleared. (TIM-123)
Information: The stitching and editing of coupling caps is turned OFF for design 'dut_toplevel.dlib:dut_toplevel/placement_and_optimization.design'. (TIM-125)
WINFO: 1620 None; 0 M4; 0 Total
Zbuf-RUNTIME (Hr:Min:Sec)  CPU 0 hr : 0 min : 2.47 sec ELAPSE 0 hr : 0 min : 0.94 sec
Zbuf-RUNTIME         (Min) CPU 0 min ELAPSE 0 min
ZBuf-MEM(max-mem) total 1731692 K / inuse 1328788 K
Information: Result of compile_fusion / initial_drc / High Fanout Synthesis (FLW-8500)
Information: Top 10 transition violators after high fanout synthesis (HFS-1000)
Slack     Fanout  Scenario    Driver                                                       

Compile-fusion optimization summary            SETUP-COST    R2R-COST HOLD-COST LDRC-COST          AREA     LEAKAGE     INSTCNT            ELAPSE       MEM
Compile-fusion                                       0.00        0.00         -         0        916.86  36047080.00        1190              0.06      1691
Information: Ending   compile_fusion / initial_drc / High Fanout Synthesis (FLW-8001)
Information: Time: 2025-06-18 13:01:43 / Session:  00:03:53 / Command:  00:00:47 / CPU:  00:02:11 / Memory: 1691 MB (FLW-8100)
Information: CPU Load: 50%, Ram Free: 38 GB, Swap Free: 1 GB, Work Disk Free: 308 GB, Tmp Disk Free: 308 GB (MSG-3995)
Information: The net parasitics of block dut_toplevel are cleared. (TIM-123)
Information: Ending   compile_fusion / initial_drc (FLW-8001)
Information: Time: 2025-06-18 13:01:43 / Session:  00:03:53 / Command:  00:00:47 / CPU:  00:02:11 / Memory: 1691 MB (FLW-8100)
Information: CPU Load: 50%, Ram Free: 38 GB, Swap Free: 1 GB, Work Disk Free: 308 GB, Tmp Disk Free: 308 GB (MSG-3995)

Information: >>>>>>> 1 unique error and warning message tags while observing compile_fusion / initial_drc: (MSG-3100)
Information: #prnt #trgr #lmt    Tag  Level     Format (or last printed message)                                (MSG-3036)
Information:    35     2  5 LGL-050   WARNING   Warning: Library cell saed14rvt_frame_timing:SAEDRVT14_DCAP_... (MSG-3032)
Information:    35     2  1        1  <------   Total sum of messages (MSG-3038)
Information: >>>>>>> Summary: 2 error&warning MSGs observed during compile_fusion / initial_drc (MSG-3103)

----------------------------------------------------------------------------------------------------------
Information: Starting compile_fusion / initial_opto (FLW-8000)
Information: Time: 2025-06-18 13:01:43 / Session:  00:03:53 / Command:  00:00:47 / CPU:  00:02:11 / Memory: 1691 MB (FLW-8100)
Information: CPU Load: 50%, Ram Free: 38 GB, Swap Free: 1 GB, Work Disk Free: 308 GB, Tmp Disk Free: 308 GB (MSG-3995)
----------------------------------------------------------------------------------------------------------
Information: Change threshold for extractor is reset. (FLW-1300)
Information: Timer using 12 threads
Information: RDE mode is turned on. (TIM-124)
[Tim-Power] Info: Cleared Leakage libCell cache.
flowStepUpsInPbo:: using optEnvMonitor()
Information: Initializing classic cellmap without advanced rules enabled and without PDC enabled
Information: The following app options are used in cellmap
        place.legalize.enable_color_aware_placement : false
        place.legalize.use_nll_query_cm : false
        place.legalize.enable_advanced_legalizer : false
        place.legalize.enable_prerouted_net_check : true
        place.legalize.enable_advanced_prerouted_net_check : false
        place.legalize.always_continue : true
        place.legalize.limit_legality_checks : false
        place.common.pnet_aware_density : 1.0000
        place.common.pnet_aware_min_width : 0.0000
        place.common.pnet_aware_layers : {}
        place.common.use_placement_model : false
        place.common.enable_advanced_placement_model : true
        cts.placement.cell_spacing_rule_style : maximum
Warning: Library cell saed14rvt_frame_timing:SAEDRVT14_ISOFSDPQ_PECO_8.frame is missing supply pins. Its power structure cannot be determined. (LGL-050)
Warning: Library cell saed14rvt_frame_timing:SAEDRVT14_DCAP_PV1ECO_12.frame is missing supply pins. Its power structure cannot be determined. (LGL-050)
Total 0.0102 seconds to build cellmap data
INFO: compile_fusion is running in balanced flow mode
Warning: Cannot find any max transition constraint on the design. (OPT-070)
INFO: Leakage Power Aware Optimization Enabled
Information: The automatic clock gate timing flow is activated. Clock latencies set on clock gate cells will be automatically adjusted by an estimate for latency. (CGT-4005)
INFO: EarlyGR flow is not enabled.
.INFO: disable CRPR-based timing. 
Information: The stitching and editing of coupling caps is turned OFF for design 'dut_toplevel.dlib:dut_toplevel/placement_and_optimization.design'. (TIM-125)
Number of Site types in the design = 1
Setting up Chip Core
Chip Core shape: (50000 50000) (531000 338000)
Number of VARs = 1
Number of unique PDs = 1
Number of Power Domains = 1
Number of Voltage Areas = 1
Number of supply Nets = 2
Number of used supplies = 0
Blocked VAs: 

compile command begin                   CPU:   723 s (  0.20 hr )  ELAPSE:   234 s (  0.07 hr )  MEM-PEAK:  1691 MB
Warning: Cannot find any max transition constraint on the design. (OPT-070)
Information: The stitching and editing of coupling caps is turned OFF for design 'dut_toplevel.dlib:dut_toplevel/placement_and_optimization.design'. (TIM-125)
************************************************************
Timer Settings:
Delay Calculation Style:                   auto
Signal Integrity Analysis:                 disabled
Timing Window Analysis:                    disabled
Advanced Waveform Propagation:             disabled
Variation Type:                            fixed_derate
Clock Reconvergence Pessimism Removal:     disabled
Advanced Receiver Model:                   disabled
LLE:                                       disabled
ML Acceleration:                           off
************************************************************
Info: update em.

compile timing update complete          CPU:   724 s (  0.20 hr )  ELAPSE:   235 s (  0.07 hr )  MEM-PEAK:  1691 MB

compile initial QoR
___________________
Scenario Mapping Table
1: Normal_Fast
2: Normal_Slow
3: Normal_Typical
4: PowerSave_Fast
5: PowerSave_Slow
6: PowerSave_Typical

Pathgroup Mapping Table
1: **default**
2: **async_default**
3: **clock_gating_default**
4: **in2reg_default**
5: **reg2out_default**
6: **in2out_default**
7: clk

-------------------------------------------------------------------------------------------------------------------------------------------------------------
PATHGROUP QOR 
-------------------------------------------------------------------------------------------------------------------------------------------------------------
Scene  PG      WNS        TNS    NSV      WHV        THV    NHV
    1   1   0.0000     0.0000      0        -          -      -
    1   2   0.0000     0.0000      0        -          -      -
    1   3   0.0000     0.0000      0        -          -      -
    1   4   0.0000     0.0000      0        -          -      -
    1   5   0.0000     0.0000      0        -          -      -
    1   6   0.0000     0.0000      0        -          -      -
    1   7   0.0000     0.0000      0        -          -      -
    2   1   0.0000     0.0000      0        -          -      -
    2   2   0.0000     0.0000      0        -          -      -
    2   3   0.0000     0.0000      0        -          -      -
    2   4   0.0000     0.0000      0        -          -      -
    2   5   0.0000     0.0000      0        -          -      -
    2   6   0.0000     0.0000      0        -          -      -
    2   7   0.1389     0.4502      5        -          -      -
    3   1   0.0000     0.0000      0        -          -      -
    3   2   0.0000     0.0000      0        -          -      -
    3   3   0.0000     0.0000      0        -          -      -
    3   4   0.0000     0.0000      0        -          -      -
    3   5   0.0000     0.0000      0        -          -      -
    3   6   0.0000     0.0000      0        -          -      -
    3   7   0.0000     0.0000      0        -          -      -
    4   1   0.0000     0.0000      0        -          -      -
    4   2   0.0000     0.0000      0        -          -      -
    4   3   0.0000     0.0000      0        -          -      -
    4   4   0.0000     0.0000      0        -          -      -
    4   5   0.0000     0.0000      0        -          -      -
    4   6   0.0000     0.0000      0        -          -      -
    4   7   0.0000     0.0000      0        -          -      -
    5   1   0.0000     0.0000      0        -          -      -
    5   2   0.0000     0.0000      0        -          -      -
    5   3   0.0000     0.0000      0        -          -      -
    5   4   0.0000     0.0000      0        -          -      -
    5   5   0.0000     0.0000      0        -          -      -
    5   6   0.0000     0.0000      0        -          -      -
    5   7   0.0000     0.0000      0        -          -      -
    6   1   0.0000     0.0000      0        -          -      -
    6   2   0.0000     0.0000      0        -          -      -
    6   3   0.0000     0.0000      0        -          -      -
    6   4   0.0000     0.0000      0        -          -      -
    6   5   0.0000     0.0000      0        -          -      -
    6   6   0.0000     0.0000      0        -          -      -
    6   7   0.0000     0.0000      0        -          -      -
----------------------------------------------------------------------------------------------------------------------------------------------------------------------
SCENARIO QOR 
----------------------------------------------------------------------------------------------------------------------------------------------------------------------
Scene  PG      WNS        TNS   R2RTNS    NSV      WHV        THV    NHV  MaxTrnV   MaxTranC  MaxCapV    Leakage     CellEMV
    1   *   0.0000     0.0000   0.0000      0        -          -      -        0     0.0000        0 36047080.0           0
    2   *   0.1389     0.4502   0.4502      5        -          -      -        0     0.0000        0  18410.086           0
    3   *   0.0000     0.0000   0.0000      0        -          -      -        0     0.0000        0 342951.719           0
    4   *   0.0000     0.0000   0.0000      0        -          -      -        0     0.0000        0 36047080.0           0
    5   *   0.0000     0.0000   0.0000      0        -          -      -        0     0.0000        0  18410.086           0
    6   *   0.0000     0.0000   0.0000      0        -          -      -        0     0.0000        0 342951.719           0
----------------------------------------------------------------------------------------------------------------------------------------------------------------------
DESIGN QOR 
----------------------------------------------------------------------------------------------------------------------------------------------------------------------
Scene  PG      WNS        TNS   R2RTNS    NSV      WHV        THV    NHV  MaxTrnV   MaxTranC  MaxCapV    Leakage         Area    InstCnt     BufCnt     InvCnt     CellEMV
    *   *   0.1389     0.4502   0.4502      5   0.0000     0.0000      0        0     0.0000        0 36047080.0       916.86       1190         13         23           0
----------------------------------------------------------------------------------------------------------------------------------------------------------------------

compile initial QoR Summary       WNS        TNS   R2RTNS    NSV      WHV        THV    NHV  MaxTrnV  MaxCapV    Leakage         Area    InstCnt
compile initial QoR Summary    0.1389     0.4502   0.4502      5   0.0000     0.0000      0        0        0 36047080.0       916.86       1190
Information: The netlist change observers are disabled for incremental extraction. (TIM-126)
INFO: using 12 threads
compile initialization complete         CPU:   740 s (  0.21 hr )  ELAPSE:   236 s (  0.07 hr )  MEM-PEAK:  1691 MB
compile optimization summary            SETUP-COST    R2R-COST HOLD-COST LDRC-COST          AREA     LEAKAGE     INSTCNT            ELAPSE       MEM
Warning: Cannot find any max transition constraint on the design. (OPT-070)
Information: The netlist change observers are enabled for incremental extraction. (TIM-127)

[Tim-Power] Info: Cleared Leakage libCell cache.
Information: Initializing classic cellmap without advanced rules enabled and without PDC enabled
Information: The following app options are used in cellmap
        place.legalize.enable_color_aware_placement : false
        place.legalize.use_nll_query_cm : false
        place.legalize.enable_advanced_legalizer : false
        place.legalize.enable_prerouted_net_check : false
        place.legalize.enable_advanced_prerouted_net_check : false
        place.legalize.always_continue : true
        place.legalize.limit_legality_checks : false
        place.common.pnet_aware_density : 1.0000
        place.common.pnet_aware_min_width : 0.0000
        place.common.pnet_aware_layers : {}
        place.common.use_placement_model : false
        place.common.enable_advanced_placement_model : true
        cts.placement.cell_spacing_rule_style : maximum
Warning: Library cell saed14rvt_frame_timing:SAEDRVT14_ISOFSDPQ_PECO_8.frame is missing supply pins. Its power structure cannot be determined. (LGL-050)
Warning: Library cell saed14rvt_frame_timing:SAEDRVT14_DCAP_PV1ECO_12.frame is missing supply pins. Its power structure cannot be determined. (LGL-050)
Total 0.0083 seconds to build cellmap data
INFO: creating 22(r) x 33(c) GridCells YDim 1.8 XDim 1.8
INFO: number of GridCells (0xdea6a9c0): 726
INFO: creating 22(r) x 33(c) GridCells YDim 1.8 XDim 1.8
INFO: number of GridCells (0xdea6a9c0): 726
Total 0.0150 seconds to load 1668 cell instances into cellmap, 1174 cells are off site row
Moveable cells: 1190; Application fixed cells: 0; Macro cells: 0; User fixed cells: 478
Average cell width 1.2841, cell height 0.6000, cell area 0.7705 for total 1190 placed and application fixed cells
Information: Starting compile_fusion / initial_opto / Optimization (1) (FLW-8000)
Information: Time: 2025-06-18 13:01:48 / Session:  00:03:59 / Command:  00:00:52 / CPU:  00:02:50 / Memory: 1691 MB (FLW-8100)
Information: CPU Load: 46%, Ram Free: 38 GB, Swap Free: 1 GB, Work Disk Free: 308 GB, Tmp Disk Free: 308 GB (MSG-3995)
Information: Starting compile_fusion / initial_opto / Optimization (1) / Timing Optimization (FLW-8000)
Information: Time: 2025-06-18 13:01:48 / Session:  00:03:59 / Command:  00:00:52 / CPU:  00:02:51 / Memory: 1691 MB (FLW-8100)
Information: CPU Load: 46%, Ram Free: 38 GB, Swap Free: 1 GB, Work Disk Free: 308 GB, Tmp Disk Free: 308 GB (MSG-3995)
Disable clock slack update for ideal clocks
Warning: Restoring scoped app option 'ropt.rbuf_subtree_crit_range' to original value 'unset' (from current value '-1', which is different from the scoped value '-1.0'). (FLW-2892)
Disable clock slack update for ideal clocks
Corner Scaling is off, multiplier is 1.000000
Using default layer M4
new cutoff lpd: 3.18383e-05
corner scaling: maxCornerId = 3
corner=Fast, tran factor=0.839605 (0.028406 / 0.033833)
corner=Typical, tran factor=0.945497 (0.031989 / 0.033833)
corner=Slow, tran factor=1.000000 (0.033833 / 0.033833)
Warning: Restoring scoped app option 'ropt.rbuf_subtree_crit_range' to original value 'unset' (from current value '-1', which is different from the scoped value '-1.0'). (FLW-2892)
Disable clock slack update for ideal clocks
Warning: Restoring scoped app option 'ropt.rbuf_subtree_crit_range' to original value 'unset' (from current value '-1', which is different from the scoped value '-1.0'). (FLW-2892)
Disable clock slack update for ideal clocks
Warning: Restoring scoped app option 'ropt.rbuf_subtree_crit_range' to original value 'unset' (from current value '-1', which is different from the scoped value '-1.0'). (FLW-2892)
Disable clock slack update for ideal clocks
Warning: Restoring scoped app option 'ropt.rbuf_subtree_crit_range' to original value 'unset' (from current value '-1', which is different from the scoped value '-1.0'). (FLW-2892)
Information: Ending   compile_fusion / initial_opto / Optimization (1) / Timing Optimization (FLW-8001)
Information: Time: 2025-06-18 13:01:54 / Session:  00:04:04 / Command:  00:00:58 / CPU:  00:02:58 / Memory: 1691 MB (FLW-8100)
Information: CPU Load: 43%, Ram Free: 38 GB, Swap Free: 1 GB, Work Disk Free: 308 GB, Tmp Disk Free: 308 GB (MSG-3995)
Warning: Restoring scoped app option 'xform.commit_density_threshold' to original value 'unset' (from current value '1.1', which is different from the scoped value '1.100000'). (FLW-2892)
Warning: Restoring scoped app option 'ropt.rutil_density_threshold' to original value 'unset' (from current value '1.1', which is different from the scoped value '1.100000'). (FLW-2892)
Warning: Restoring scoped app option 'opt.internal.levfilter_arec_slack' to original value 'unset' (from current value '-1', which is different from the scoped value '-1.0'). (FLW-2892)
Disable clock slack update for ideal clocks
Warning: Restoring scoped app option 'ropt.rbuf_subtree_crit_range' to original value 'unset' (from current value '-1', which is different from the scoped value '-1.0'). (FLW-2892)
Information: Ending   compile_fusion / initial_opto / Optimization (1) (FLW-8001)
Information: Time: 2025-06-18 13:01:59 / Session:  00:04:09 / Command:  00:01:03 / CPU:  00:03:04 / Memory: 1691 MB (FLW-8100)
Information: CPU Load: 40%, Ram Free: 38 GB, Swap Free: 1 GB, Work Disk Free: 308 GB, Tmp Disk Free: 308 GB (MSG-3995)
----------------------------------------------------------------
running create_placement
Corner Scaling is off, multiplier is 1.000000
ORB: timingScenario Normal_Slow timingCorner Slow
INFO: Using corner Fast for worst leakage corner
Using default layer M4
new cutoff lpd: 3.18383e-05
corner scaling: maxCornerId = 3
corner=Fast, tran factor=0.839605 (0.028406 / 0.033833)
corner=Typical, tran factor=0.945497 (0.031989 / 0.033833)
corner=Slow, tran factor=1.000000 (0.033833 / 0.033833)
ORB: Nominal = 0.0056185  Design MT = inf  Target = 0.0338329 (6.022 nominal)  MaxRC = 0.022324
ORB: Fast Target = 0.011791 ( 2.099 nominal )
ORB: stageDelay=0.026139, stageLength=1609839
nplLib: default vr hor dist = 322
nplLib: default vr ver dist = 322
nplLib: default vr buf size = 2
nplLib: default vr buf size = 1

Placement Options:
Effort:                        medium_effort       
Timing Driven:                 false               
Buffering Aware Timing Driven: false               
Seed locs:                     true                
Incremental:                   false               
Congestion:                    false               
Fix Macros:                    true                
Place Macros:                  false               
Channel Size Macros:           false               

Printing options for 'place.coarse.*' (non-default only)
place.coarse.continue_on_missing_scandef                :	 true                

Start transferring placement data.
Added 0 bounds for preserving balanced registers
****** Net weight manager: report ******
Weights included: Timing  
Number of nets with non-default weights: 1618
Timing factor = 1
Non-default weight range: (0.891789, 2.67537)
Information: Automatic repeater spreading is enabled.
Information: The net parasitics of block dut_toplevel are cleared. (TIM-123)
Completed transferring placement data.
Running placement using 12 thread(s)
Information: Enhanced Auto Density Control is used. (PLACE-098)
Information: Enhanced auto density configuration is 13179.
Information: Automatic density control has selected the following settings: max_density 0.55, congestion_driven_max_util 0.87. (PLACE-027)
Information: HFW control 'off' invoked.
coarse place 50% done.
coarse place 75% done.
coarse place 100% done.
Information: Coarse placer weighted wire length estimate = 1.08323e+08
Information: Extraction observers are detached as design net change threshold is reached.
Warning: No clock routing rules were specified. Use set_clock_routing_rules to specify routing rules for accurate clock latency estimation. (OPT-902)
Warning: No clock routing rules were specified. Use set_clock_routing_rules to specify routing rules for accurate clock latency estimation. (OPT-902)
Information: Estimating clock gate latencies for scenario 'PowerSave_Typical'. (OPT-909)
Warning: No clock routing rules were specified. Use set_clock_routing_rules to specify routing rules for accurate clock latency estimation. (OPT-902)
Information: Estimating clock gate latencies for scenario 'PowerSave_Slow'. (OPT-909)
Warning: No clock routing rules were specified. Use set_clock_routing_rules to specify routing rules for accurate clock latency estimation. (OPT-902)
Information: Estimating clock gate latencies for scenario 'PowerSave_Fast'. (OPT-909)
Warning: No clock routing rules were specified. Use set_clock_routing_rules to specify routing rules for accurate clock latency estimation. (OPT-902)
Information: Estimating clock gate latencies for scenario 'Normal_Typical'. (OPT-909)
Warning: No clock routing rules were specified. Use set_clock_routing_rules to specify routing rules for accurate clock latency estimation. (OPT-902)
Information: Estimating clock gate latencies for scenario 'Normal_Slow'. (OPT-909)
Warning: No clock routing rules were specified. Use set_clock_routing_rules to specify routing rules for accurate clock latency estimation. (OPT-902)
Information: Estimating clock gate latencies for scenario 'Normal_Fast'. (OPT-909)
----------------------------------------------------------------
Information: Starting compile_fusion / initial_opto / Timing and Congestion Driven Placement (FLW-8000)
Information: Time: 2025-06-18 13:02:01 / Session:  00:04:11 / Command:  00:01:05 / CPU:  00:03:09 / Memory: 1691 MB (FLW-8100)
Information: CPU Load: 38%, Ram Free: 38 GB, Swap Free: 1 GB, Work Disk Free: 308 GB, Tmp Disk Free: 308 GB (MSG-3995)
----------------------------------------------------------------
----------------------------------------------------------------
Running congestion-aware direct-timing-driven placement
Information: Current block utilization is '0.66140', effective utilization is '0.74487'. (OPT-055)
chip utilization before DTDP: 0.74
Start Timing-driven placement
Start transferring placement data.
Warning: To enable pin track alignment feature, the advanced legalizer has to be turned on using app option "place.legalize.enable_advanced_legalizer".
Warning: Pin track alignment feature will be disabled in this run
Information: Initializing classic cellmap without advanced rules enabled and without PDC enabled
Information: The following app options are used in cellmap
        place.legalize.enable_color_aware_placement : false
        place.legalize.use_nll_query_cm : false
        place.legalize.enable_advanced_legalizer : false
        place.legalize.enable_prerouted_net_check : true
        place.legalize.enable_advanced_prerouted_net_check : false
        place.legalize.always_continue : true
        place.legalize.limit_legality_checks : false
        place.common.pnet_aware_density : 1.0000
        place.common.pnet_aware_min_width : 0.0000
        place.common.pnet_aware_layers : {}
        place.common.use_placement_model : false
        place.common.enable_advanced_placement_model : true
        cts.placement.cell_spacing_rule_style : maximum
Warning: Library cell saed14rvt_frame_timing:SAEDRVT14_ISOFSDPQ_PECO_8.frame is missing supply pins. Its power structure cannot be determined. (LGL-050)
Warning: Library cell saed14rvt_frame_timing:SAEDRVT14_DCAP_PV1ECO_12.frame is missing supply pins. Its power structure cannot be determined. (LGL-050)
Total 0.0082 seconds to build cellmap data
Snapped 1188 standard cells to the nearest cellrow to improve the accuracy of congestion analysis.
Start Global Route ... 
[Init] Elapsed real time: 0:00:00 
[Init] Elapsed cpu  time: sys=0:00:00 usr=0:00:00 total=0:00:00
[Init] Stage (MB): Used    0  Alloctr    0  Proc    0 
[Init] Total (MB): Used    7  Alloctr    8  Proc 6488 
Printing options for 'route.common.*'

Printing options for 'route.global.*'
global.deterministic                                    :	 on                  
global.timing_driven                                    :	 false               

Begin global routing.
Warning: Cell contains tie connections which are not connected to real PG. (ZRT-511)
Cell Min-Routing-Layer = M1
Cell Max-Routing-Layer = MRDL
Turn off antenna since no rule is specified
Information: Option route.detail.force_end_on_preferred_grid will be ignored since none of the layers have preferred grid. (ZRT-703)
Skipping 1 internal pins that are not physical. Set route.common.verbose_level to > 0 and run routing command to get skipped pin names.
Info: number of net_type_blockage: 0 
Information: Via ladder engine would be activated for pattern must join connection in certain commands. Please refer to man-page for the command list. (ZRT-619)
Via on layer (VIA1) needs more than one tracks
Warning: Layer M1 default pitch 0.074 may be too small to handle up/down via. Note, that minimum requirements are "wire/via-down 0.074" & "wire/via-up 0.078". (ZRT-026)
Via on layer (VIA1) needs more than one tracks
Warning: Layer M2 default pitch 0.060 may be too small to handle up/down via. Note, that minimum requirements are "wire/via-down 0.078" & "wire/via-up 0.060". (ZRT-026)
Via on layer (VIA4) needs more than one tracks
Warning: Layer M5 default pitch 0.100 may be too small to handle up/down via. Note, that minimum requirements are "wire/via-down 0.125" & "wire/via-up 0.100". (ZRT-026)
Via on layer (VIA7) needs more than one tracks
Warning: Layer M7 default pitch 0.100 may be too small to handle up/down via. Note, that minimum requirements are "wire/via-down 0.100" & "wire/via-up 0.107". (ZRT-026)
Wire on layer (M8) needs more than one tracks
Via on layer (VIA7) needs more than one tracks
Via on layer (VIA8) needs more than one tracks
Warning: Layer M8 default pitch 0.100 may be too small to handle up/down via. Note, that minimum requirements are "wire/via-down 0.107" & "wire/via-up 0.135". (ZRT-026)
Wire on layer (M9) needs more than one tracks
Via on layer (VIA8) needs more than one tracks
Via on layer (VIARDL) needs more than one tracks
Warning: Layer M9 default pitch 0.100 may be too small to handle up/down via. Note, that minimum requirements are "wire/via-down 0.135" & "wire/via-up 1.570". (ZRT-026)
Via on layer (VIARDL) needs more than one tracks
Warning: Layer MRDL default pitch 4.000 may be too small to handle up/down via. Note, that minimum requirements are "wire/via-down 4.500" & "wire/via-up 4.000". (ZRT-026)
Transition layer name: M7(6)
Transition layer name: M8(7)
Information: When applicable Min-max layer allow_pin_connection mode will allow paths of length 0.90 outside the layer range. (ZRT-707)
Information: When applicable Min-max layer allow_pin_connection mode will allow paths of length 0.90 outside the layer range on clock nets. (ZRT-718)
Information: When applicable layer based tapering will taper up to 0.00 in distance from the pin. (ZRT-706)
Warning: Standard cell pin SAEDRVT14_ADDH_0P5/CO has no valid via regions. (ZRT-044)
Warning: Cell ctmi_2149 is placed overlapping with other cells at {{14.472 8.000} {15.360 8.600}}. (ZRT-763)
Current Stage stats:
[End of Read DB] Elapsed real time: 0:00:00 
[End of Read DB] Elapsed cpu  time: sys=0:00:00 usr=0:00:00 total=0:00:00
[End of Read DB] Stage (MB): Used   32  Alloctr   33  Proc  -32 
[End of Read DB] Total (MB): Used   39  Alloctr   41  Proc 6456 
Constructing data structure ...
Design statistics:
Design Bounding Box (0.00um,0.00um,58.10um,38.80um)
Number of routing layers = 10
layer M1, dir Ver, min width = 0.034um, min space = 0.026um pitch = 0.074um
layer M2, dir Hor, min width = 0.034um, min space = 0.026um pitch = 0.06um
layer M3, dir Ver, min width = 0.034um, min space = 0.026um pitch = 0.074um
layer M4, dir Hor, min width = 0.06um, min space = 0.04um pitch = 0.1um
layer M5, dir Ver, min width = 0.06um, min space = 0.04um pitch = 0.1um
layer M6, dir Hor, min width = 0.06um, min space = 0.04um pitch = 0.1um
layer M7, dir Ver, min width = 0.06um, min space = 0.04um pitch = 0.1um
layer M8, dir Hor, min width = 0.06um, min space = 0.04um pitch = 0.1um
layer M9, dir Ver, min width = 0.06um, min space = 0.04um pitch = 0.1um
layer MRDL, dir Hor, min width = 2um, min space = 2um pitch = 4um
Current Stage stats:
[End of Build Tech Data] Elapsed real time: 0:00:00 
[End of Build Tech Data] Elapsed cpu  time: sys=0:00:00 usr=0:00:00 total=0:00:00
[End of Build Tech Data] Stage (MB): Used    0  Alloctr    0  Proc    0 
[End of Build Tech Data] Total (MB): Used   40  Alloctr   42  Proc 6456 
Net statistics:
Total number of nets     = 1621
Number of nets to route  = 1617
3 nets are fully connected,
 of which 3 are detail routed and 0 are global routed.
Net length statistics: 
Net Count(Ignore Fully Rted) 1618, Total Half Perimeter Wire Length (HPWL) 11114 microns
HPWL   0 ~   50 microns: Net Count     1609	Total HPWL        10603 microns
HPWL  50 ~  100 microns: Net Count        9	Total HPWL          511 microns
HPWL 100 ~  200 microns: Net Count        0	Total HPWL            0 microns
HPWL 200 ~  300 microns: Net Count        0	Total HPWL            0 microns
HPWL 300 ~  400 microns: Net Count        0	Total HPWL            0 microns
HPWL 400 ~  500 microns: Net Count        0	Total HPWL            0 microns
HPWL 500 ~  600 microns: Net Count        0	Total HPWL            0 microns
HPWL 600 ~  700 microns: Net Count        0	Total HPWL            0 microns
HPWL 700 ~  800 microns: Net Count        0	Total HPWL            0 microns
HPWL 800 ~  900 microns: Net Count        0	Total HPWL            0 microns
HPWL 900 ~ 1000 microns: Net Count        0	Total HPWL            0 microns
HPWL     > 1000 microns: Net Count        0	Total HPWL            0 microns
Current Stage stats:
[End of Build All Nets] Elapsed real time: 0:00:00 
[End of Build All Nets] Elapsed cpu  time: sys=0:00:00 usr=0:00:00 total=0:00:00
[End of Build All Nets] Stage (MB): Used    1  Alloctr    1  Proc    0 
[End of Build All Nets] Total (MB): Used   41  Alloctr   43  Proc 6456 
Number of partitions: 1 (1 x 1)
Size of partitions: 96 gCells x 64 gCells
Average gCell capacity  3.06	 on layer (1)	 M1
Average gCell capacity  8.48	 on layer (2)	 M2
Average gCell capacity  7.83	 on layer (3)	 M3
Average gCell capacity  5.84	 on layer (4)	 M4
Average gCell capacity  5.47	 on layer (5)	 M5
Average gCell capacity  4.56	 on layer (6)	 M6
Average gCell capacity  4.74	 on layer (7)	 M7
Average gCell capacity  6.05	 on layer (8)	 M8
Average gCell capacity  6.04	 on layer (9)	 M9
Average gCell capacity  0.12	 on layer (10)	 MRDL
Average number of tracks per gCell 8.19	 on layer (1)	 M1
Average number of tracks per gCell 10.12	 on layer (2)	 M2
Average number of tracks per gCell 8.19	 on layer (3)	 M3
Average number of tracks per gCell 6.08	 on layer (4)	 M4
Average number of tracks per gCell 6.06	 on layer (5)	 M5
Average number of tracks per gCell 6.08	 on layer (6)	 M6
Average number of tracks per gCell 6.06	 on layer (7)	 M7
Average number of tracks per gCell 6.08	 on layer (8)	 M8
Average number of tracks per gCell 6.06	 on layer (9)	 M9
Average number of tracks per gCell 0.16	 on layer (10)	 MRDL
Number of gCells = 61440
Current Stage stats:
[End of Build Congestion Map] Elapsed real time: 0:00:00 
[End of Build Congestion Map] Elapsed cpu  time: sys=0:00:00 usr=0:00:00 total=0:00:00
[End of Build Congestion Map] Stage (MB): Used    2  Alloctr    2  Proc    0 
[End of Build Congestion Map] Total (MB): Used   44  Alloctr   46  Proc 6456 
Number of partitions: 1 (1 x 1)
Size of partitions: 96 gCells x 64 gCells
Current Stage stats:
[End of Add Nets Demand] Elapsed real time: 0:00:00 
[End of Add Nets Demand] Elapsed cpu  time: sys=0:00:00 usr=0:00:00 total=0:00:00
[End of Add Nets Demand] Stage (MB): Used    0  Alloctr    0  Proc    0 
[End of Add Nets Demand] Total (MB): Used   44  Alloctr   46  Proc 6456 
Number of user frozen nets = 0
Total stats:
[End of Build Data] Elapsed real time: 0:00:00 
[End of Build Data] Elapsed cpu  time: sys=0:00:00 usr=0:00:00 total=0:00:00
[End of Build Data] Stage (MB): Used    4  Alloctr    4  Proc    0 
[End of Build Data] Total (MB): Used   44  Alloctr   46  Proc 6456 
Number of partitions: 1 (1 x 1)
Size of partitions: 96 gCells x 64 gCells
Current Stage stats:
[End of Blocked Pin Detection] Elapsed real time: 0:00:00 
[End of Blocked Pin Detection] Elapsed cpu  time: sys=0:00:00 usr=0:00:00 total=0:00:00
[End of Blocked Pin Detection] Stage (MB): Used  104  Alloctr  104  Proc    0 
[End of Blocked Pin Detection] Total (MB): Used  148  Alloctr  150  Proc 6456 
Information: Using 12 threads for routing. (ZRT-444)
Information: Placement fast mode ON
Information: Multiple gcell levels ON
Information: Buffer distance is estimated to be ~271.0000um (451 gCells)

Start GR phase 0
Number of partitions: 1 (1 x 1)
Size of partitions: 96 gCells x 64 gCells
[rtAllBotParts] Elapsed real time: 0:00:00 
[rtAllBotParts] Elapsed cpu  time: sys=0:00:00 usr=0:00:00 total=0:00:00
[rtTop] Elapsed real time: 0:00:00 
[rtTop] Elapsed cpu  time: sys=0:00:00 usr=0:00:00 total=0:00:00
Current Stage stats:
[End of Initial Routing] Elapsed real time: 0:00:00 
[End of Initial Routing] Elapsed cpu  time: sys=0:00:00 usr=0:00:00 total=0:00:00
[End of Initial Routing] Stage (MB): Used    0  Alloctr    0  Proc    0 
[End of Initial Routing] Total (MB): Used  149  Alloctr  151  Proc 6456 
Initial. Routing result:
Initial. Both Dirs: Dmd-Cap  =     0 Max = 0 GRCs =     0 (0.00%)
Initial. H routing: Dmd-Cap  =     0 Max = 0 (GRCs =  0) GRCs =     0 (0.00%)
Initial. V routing: Dmd-Cap  =     0 Max = 0 (GRCs =  0) GRCs =     0 (0.00%)
Initial. Both Dirs: Overflow =   107 Max = 9 GRCs =    82 (0.67%)
Initial. H routing: Overflow =    83 Max = 9 (GRCs =  1) GRCs =    56 (0.91%)
Initial. V routing: Overflow =    23 Max = 3 (GRCs =  1) GRCs =    26 (0.42%)
Initial. M1         Overflow =     0 Max = 0 (GRCs =  0) GRCs =     0 (0.00%)
Initial. M2         Overflow =    83 Max = 9 (GRCs =  1) GRCs =    56 (0.91%)
Initial. M3         Overflow =    23 Max = 3 (GRCs =  1) GRCs =    26 (0.42%)
Initial. M4         Overflow =     0 Max = 0 (GRCs =  0) GRCs =     0 (0.00%)
Initial. M5         Overflow =     0 Max = 0 (GRCs =  0) GRCs =     0 (0.00%)
Initial. M6         Overflow =     0 Max = 0 (GRCs =  0) GRCs =     0 (0.00%)
Initial. M7         Overflow =     0 Max = 0 (GRCs =  0) GRCs =     0 (0.00%)
Initial. M8         Overflow =     0 Max = 0 (GRCs =  0) GRCs =     0 (0.00%)
Initial. M9         Overflow =     0 Max = 0 (GRCs =  0) GRCs =     0 (0.00%)
Initial. MRDL       Overflow =     0 Max = 0 (GRCs =  0) GRCs =     0 (0.00%)

Initial. Total Wire Length = 10961.10
Initial. Layer M1 wire length = 0.00
Initial. Layer M2 wire length = 3895.84
Initial. Layer M3 wire length = 4773.49
Initial. Layer M4 wire length = 2147.45
Initial. Layer M5 wire length = 144.33
Initial. Layer M6 wire length = 0.00
Initial. Layer M7 wire length = 0.00
Initial. Layer M8 wire length = 0.00
Initial. Layer M9 wire length = 0.00
Initial. Layer MRDL wire length = 0.00
Initial. Total Number of Contacts = 7946
Initial. Via VIA1_Base count = 2705
Initial. Via VIA2_Base count = 4830
Initial. Via VIA34SQ_C count = 384
Initial. Via VIA4SQ count = 27
Initial. Via VIA5SQ_C count = 0
Initial. Via VIA67SQ_C count = 0
Initial. Via VIA78SQ_C count = 0
Initial. Via VIA89_C count = 0
Initial. Via VIA9RDL count = 0
Initial. completed.

Start GR phase 1
Wed Jun 18 13:02:01 2025
Number of partitions: 1 (1 x 1)
Size of partitions: 96 gCells x 64 gCells
[rtAllParts] Elapsed real time: 0:00:00 
[rtAllParts] Elapsed cpu  time: sys=0:00:00 usr=0:00:00 total=0:00:00
Number of partitions: 1 (1 x 1)
Size of partitions: 96 gCells x 64 gCells
[updNetsDmd] Elapsed real time: 0:00:00 
[updNetsDmd] Elapsed cpu  time: sys=0:00:00 usr=0:00:00 total=0:00:00
Current Stage stats:
[End of Phase1 Routing] Elapsed real time: 0:00:00 
[End of Phase1 Routing] Elapsed cpu  time: sys=0:00:00 usr=0:00:00 total=0:00:00
[End of Phase1 Routing] Stage (MB): Used    0  Alloctr    0  Proc    0 
[End of Phase1 Routing] Total (MB): Used  149  Alloctr  151  Proc 6456 
phase1. Routing result:
phase1. Both Dirs: Dmd-Cap  =     0 Max = 0 GRCs =     0 (0.00%)
phase1. H routing: Dmd-Cap  =     0 Max = 0 (GRCs =  0) GRCs =     0 (0.00%)
phase1. V routing: Dmd-Cap  =     0 Max = 0 (GRCs =  0) GRCs =     0 (0.00%)
phase1. Both Dirs: Overflow =     0 Max = 0 GRCs =     0 (0.00%)
phase1. H routing: Overflow =     0 Max = 0 (GRCs =  0) GRCs =     0 (0.00%)
phase1. V routing: Overflow =     0 Max = 0 (GRCs =  0) GRCs =     0 (0.00%)
phase1. M1         Overflow =     0 Max = 0 (GRCs =  0) GRCs =     0 (0.00%)
phase1. M2         Overflow =     0 Max = 0 (GRCs =  0) GRCs =     0 (0.00%)
phase1. M3         Overflow =     0 Max = 0 (GRCs =  0) GRCs =     0 (0.00%)
phase1. M4         Overflow =     0 Max = 0 (GRCs =  0) GRCs =     0 (0.00%)
phase1. M5         Overflow =     0 Max = 0 (GRCs =  0) GRCs =     0 (0.00%)
phase1. M6         Overflow =     0 Max = 0 (GRCs =  0) GRCs =     0 (0.00%)
phase1. M7         Overflow =     0 Max = 0 (GRCs =  0) GRCs =     0 (0.00%)
phase1. M8         Overflow =     0 Max = 0 (GRCs =  0) GRCs =     0 (0.00%)
phase1. M9         Overflow =     0 Max = 0 (GRCs =  0) GRCs =     0 (0.00%)
phase1. MRDL       Overflow =     0 Max = 0 (GRCs =  0) GRCs =     0 (0.00%)

phase1. Total Wire Length = 10979.17
phase1. Layer M1 wire length = 0.00
phase1. Layer M2 wire length = 3814.30
phase1. Layer M3 wire length = 4715.88
phase1. Layer M4 wire length = 2238.12
phase1. Layer M5 wire length = 210.86
phase1. Layer M6 wire length = 0.00
phase1. Layer M7 wire length = 0.00
phase1. Layer M8 wire length = 0.00
phase1. Layer M9 wire length = 0.00
phase1. Layer MRDL wire length = 0.00
phase1. Total Number of Contacts = 8039
phase1. Via VIA1_Base count = 2705
phase1. Via VIA2_Base count = 4821
phase1. Via VIA34SQ_C count = 455
phase1. Via VIA4SQ count = 58
phase1. Via VIA5SQ_C count = 0
phase1. Via VIA67SQ_C count = 0
phase1. Via VIA78SQ_C count = 0
phase1. Via VIA89_C count = 0
phase1. Via VIA9RDL count = 0
phase1. completed.
[End of Whole Chip Routing] Elapsed real time: 0:00:00 
[End of Whole Chip Routing] Elapsed cpu  time: sys=0:00:00 usr=0:00:00 total=0:00:00
[End of Whole Chip Routing] Stage (MB): Used  109  Alloctr  109  Proc    0 
[End of Whole Chip Routing] Total (MB): Used  149  Alloctr  151  Proc 6456 

Congestion utilization per direction:
Average vertical track utilization   =  6.30 %
Peak    vertical track utilization   = 34.62 %
Average horizontal track utilization =  8.07 %
Peak    horizontal track utilization = 48.00 %

[End of Global Routing] Elapsed real time: 0:00:00 
[End of Global Routing] Elapsed cpu  time: sys=0:00:00 usr=0:00:00 total=0:00:00
[End of Global Routing] Stage (MB): Used  107  Alloctr  108  Proc    0 
[End of Global Routing] Total (MB): Used  147  Alloctr  149  Proc 6456 
Updating the database ...
Updating congestion ...
[End of dbOut] Elapsed real time: 0:00:00 
[End of dbOut] Elapsed cpu  time: sys=0:00:00 usr=0:00:00 total=0:00:00
[End of dbOut] Stage (MB): Used  -32  Alloctr  -33  Proc    0 
[End of dbOut] Total (MB): Used   36  Alloctr   37  Proc 6456 
time.estimate_sized_nets true
Doing RDE Capture
Information: Design dut_toplevel has 1621 nets, 1617 global routed, 0 detail routed. (NEX-024)
Information: The stitching and editing of coupling caps is turned OFF for design 'dut_toplevel.dlib:dut_toplevel/placement_and_optimization.design'. (TIM-125)

RDE Information
RDE Design         : dut_toplevel.dlib:dut_toplevel/placement_and_optimization.design
RDE Module         : dut_toplevel
RDE TechName       : minTLU
RDE Version        : 1.90
Product Version    : fc V-2023.12 Nov 23, 2023
No. of Res Corners : 3
No. of Cap Corners : 3
RDE Capture Stage  : NONE
RDE Capture DB     : GR
Max layer ID       : 10
Max via layer ID   : 9
DB1                : 10000
gCell Size         : 2.3375 um
Merge Fanout       : 1
Via Model          : 3
large Gcell Grid   : 0
Disable clock capture       : 1
RDE congestion map          : (-8320, -8320 -> 589320, 396320)
RDE Effort Level            : medium
RDE Layer Length Adjustment : false
RDE from                    : CAPTURE
Using per-layer congestion maps for congestion reduction.
Information: 0.02% of design has horizontal routing density above target_routing_density of 0.80.
Information: 0.44% of design has vertical routing density above target_routing_density of 0.80.
Completed transferring placement data.
Running placement using 12 thread(s)
Information: Enhanced Auto Density Control is used. (PLACE-098)
Information: Enhanced auto density configuration is 13179.
Information: Automatic density control has selected the following settings: max_density 0.65, congestion_driven_max_util 0.89. (PLACE-027)
Information: HFW control 'off' invoked.
coarse place 100% done.
Information: Reducing cell density for 0.0% of the movable cells to alleviate congestion. This changes the average cell density in non-congested areas from 0.720 to 0.720. (PLACE-030)
Completed Timing-driven placement, Elapsed time =   0: 0: 1 
Moved 0 out of 1666 cells, ratio = 0.000000
----------------------------------------------------------------
----------------------------------------------------------------
----------------------------------------------------------------
Running congestion-aware direct-timing-driven placement
Start Timing-driven placement
Information: The stitching and editing of coupling caps is turned OFF for design 'dut_toplevel.dlib:dut_toplevel/placement_and_optimization.design'. (TIM-125)
Corner Scaling is off, multiplier is 1.000000
ORB: timingScenario Normal_Slow timingCorner Slow
INFO: Using corner Fast for worst leakage corner
Using default layer M4
new cutoff lpd: 3.18383e-05
corner scaling: maxCornerId = 3
corner=Fast, tran factor=0.839605 (0.028406 / 0.033833)
corner=Typical, tran factor=0.945497 (0.031989 / 0.033833)
corner=Slow, tran factor=1.000000 (0.033833 / 0.033833)
ORB: Nominal = 0.0056185  Design MT = inf  Target = 0.0338329 (6.022 nominal)  MaxRC = 0.022324
ORB: Fast Target = 0.011791 ( 2.099 nominal )
ORB: stageDelay=0.026139, stageLength=1609839
nplLib: default vr hor dist = 322
nplLib: default vr ver dist = 322
nplLib: default vr buf size = 2
nplLib: default vr buf size = 1

Placement Options:
Effort:                        medium_effort       
Timing Driven:                 true                
Buffering Aware Timing Driven: false               
Seed locs:                     true                
Incremental:                   false               
Congestion:                    true                
Congestion Effort:             medium              
Fix Macros:                    true                
Place Macros:                  false               
Channel Size Macros:           false               

Printing options for 'place.coarse.*' (non-default only)
place.coarse.continue_on_missing_scandef                :	 true                

Information: Activity propagation will be performed for scenario Normal_Fast.
Information: Activity propagation will be performed for scenario PowerSave_Fast.
Information: Doing activity propagation for mode 'Normal' and corner 'Fast' with effort level 'medium'. (POW-024)
Information: Timer-derived activity data is cached on scenario Normal_Fast (POW-052)
Information: Running switching activity propagation with 12 threads!

 **** Information : No. of simulation cycles = 6 ****
Information: Doing activity propagation for mode 'PowerSave' and corner 'Fast' with effort level 'medium'. (POW-024)
Information: Timer-derived activity data is cached on scenario PowerSave_Fast (POW-052)
Information: Running switching activity propagation with 12 threads!

 **** Information : No. of simulation cycles = 6 ****
Information: Propagated activity on scenario Normal_Slow identical to that on Normal_Fast (POW-006)
Information: Propagated activity on scenario PowerSave_Slow identical to that on PowerSave_Fast (POW-006)
Information: Propagated activity on scenario Normal_Typical identical to that on Normal_Fast (POW-006)
Information: Propagated activity on scenario PowerSave_Typical identical to that on PowerSave_Fast (POW-006)
****** eLpp estimated wire length 
6.12753% of the net wire length are clock nets
0% of the clock net wire length has no activity
Clock net wire length: 7.01154e+06
Total net wire length: 1.14427e+08
****** eLpp weights (with caps)
Number of nets: 1618, of which 1606 non-clock nets
Number of nets with 0 toggle rate: 0
Max toggle rate = 0.576191, average toggle rate = 0.0108809
Max non-clock toggle rate = 0.0471191
eLpp weight range = (0.00535353, 32.8921)
*** 5 nets are filtered out
Start transferring placement data.
****** Net weight manager: report ******
Weights included: eLpp  Timing  
Number of nets with non-default weights: 1618
Amt power = 0.1
Timing factor = 1
Non-default weight range: (0.805671, 4.09434)
Information: Automatic repeater spreading is enabled.
Information: Automatic timing control is enabled.
checking app option clockgate_objective_weight : none
DTDP placement: scenario=Normal_Slow
Information: The net parasitics of block dut_toplevel are cleared. (TIM-123)
Completed transferring placement data.
Running placement using 12 thread(s)
Information: Enhanced Auto Density Control is used. (PLACE-098)
Information: Enhanced auto density configuration is 13179.
Information: Automatic density control has selected the following settings: max_density 0.65, congestion_driven_max_util 0.89. (PLACE-027)
Information: HFW control 'off' invoked.
coarse place 40% done.
coarse place 60% done.
coarse place 80% done.
coarse place 100% done.
Information: Coarse placer weighted wire length estimate = 1.03131e+08
Information: Extraction observers are detached as design net change threshold is reached.
Warning: No clock routing rules were specified. Use set_clock_routing_rules to specify routing rules for accurate clock latency estimation. (OPT-902)
Warning: No clock routing rules were specified. Use set_clock_routing_rules to specify routing rules for accurate clock latency estimation. (OPT-902)
Information: Estimating clock gate latencies for scenario 'PowerSave_Slow'. (OPT-909)
Warning: No clock routing rules were specified. Use set_clock_routing_rules to specify routing rules for accurate clock latency estimation. (OPT-902)
Information: Estimating clock gate latencies for scenario 'Normal_Slow'. (OPT-909)
Completed Timing-driven placement, Elapsed time =   0: 0: 3 
Moved 1188 out of 1666 cells, ratio = 0.713085
Total displacement = 1822.711548(um)
Max displacement = 9.778800(um), place_optHFSBUF_2787_657 (48.396198, 25.233700, 4) => (50.847698, 16.870399, 2)
Displacement histogram:
  0 ~  10% cells displacement <=      0.43(um)
  0 ~  20% cells displacement <=      0.71(um)
  0 ~  30% cells displacement <=      0.93(um)
  0 ~  40% cells displacement <=      1.12(um)
  0 ~  50% cells displacement <=      1.35(um)
  0 ~  60% cells displacement <=      1.59(um)
  0 ~  70% cells displacement <=      1.90(um)
  0 ~  80% cells displacement <=      2.25(um)
  0 ~  90% cells displacement <=      2.81(um)
  0 ~ 100% cells displacement <=      9.78(um)
----------------------------------------------------------------
Information: Ending   compile_fusion / initial_opto / Timing and Congestion Driven Placement (FLW-8001)
Information: Time: 2025-06-18 13:02:05 / Session:  00:04:16 / Command:  00:01:09 / CPU:  00:03:28 / Memory: 1691 MB (FLW-8100)
Information: CPU Load: 35%, Ram Free: 38 GB, Swap Free: 1 GB, Work Disk Free: 308 GB, Tmp Disk Free: 308 GB (MSG-3995)
Information: Starting compile_fusion / initial_opto / Scan Reordering (FLW-8000)
Information: Time: 2025-06-18 13:02:05 / Session:  00:04:16 / Command:  00:01:09 / CPU:  00:03:28 / Memory: 1691 MB (FLW-8100)
Information: CPU Load: 35%, Ram Free: 38 GB, Swap Free: 1 GB, Work Disk Free: 308 GB, Tmp Disk Free: 308 GB (MSG-3995)
Warning: SCANDEF based Optimization skipped: No ScanDEF chains found. (DFT-1991)
Information: Ending   compile_fusion / initial_opto / Scan Reordering (FLW-8001)
Information: Time: 2025-06-18 13:02:05 / Session:  00:04:16 / Command:  00:01:09 / CPU:  00:03:28 / Memory: 1691 MB (FLW-8100)
Information: CPU Load: 35%, Ram Free: 38 GB, Swap Free: 1 GB, Work Disk Free: 308 GB, Tmp Disk Free: 308 GB (MSG-3995)
COST: WSV 1
Information: Enabling light RDE (FLW-5761)
Information: Enabling light RDE flow Mode (FLW-5761)
Information: The stitching and editing of coupling caps is turned OFF for design 'dut_toplevel.dlib:dut_toplevel/placement_and_optimization.design'. (TIM-125)
Information: Starting compile_fusion / initial_opto / Optimization (2) (FLW-8000)
Information: Time: 2025-06-18 13:02:06 / Session:  00:04:16 / Command:  00:01:10 / CPU:  00:03:29 / Memory: 1691 MB (FLW-8100)
Information: CPU Load: 35%, Ram Free: 38 GB, Swap Free: 1 GB, Work Disk Free: 308 GB, Tmp Disk Free: 308 GB (MSG-3995)
Warning: No clock routing rules were specified. Use set_clock_routing_rules to specify routing rules for accurate clock latency estimation. (OPT-902)
Warning: No clock routing rules were specified. Use set_clock_routing_rules to specify routing rules for accurate clock latency estimation. (OPT-902)
Information: Estimating clock gate latencies for scenario 'PowerSave_Slow'. (OPT-909)
Warning: No clock routing rules were specified. Use set_clock_routing_rules to specify routing rules for accurate clock latency estimation. (OPT-902)
Information: Estimating clock gate latencies for scenario 'Normal_Slow'. (OPT-909)
Information: Ending   compile_fusion / initial_opto / Optimization (2) (FLW-8001)
Information: Time: 2025-06-18 13:02:07 / Session:  00:04:17 / Command:  00:01:11 / CPU:  00:03:31 / Memory: 1691 MB (FLW-8100)
Information: CPU Load: 35%, Ram Free: 38 GB, Swap Free: 1 GB, Work Disk Free: 308 GB, Tmp Disk Free: 308 GB (MSG-3995)
Information: Starting compile_fusion / initial_opto / Scan Synthesis (FLW-8000)
Information: Time: 2025-06-18 13:02:07 / Session:  00:04:17 / Command:  00:01:11 / CPU:  00:03:31 / Memory: 1691 MB (FLW-8100)
Information: CPU Load: 35%, Ram Free: 38 GB, Swap Free: 1 GB, Work Disk Free: 308 GB, Tmp Disk Free: 308 GB (MSG-3995)
Information: Ending   compile_fusion / initial_opto / Scan Synthesis (FLW-8001)
Information: Time: 2025-06-18 13:02:07 / Session:  00:04:17 / Command:  00:01:11 / CPU:  00:03:31 / Memory: 1691 MB (FLW-8100)
Information: CPU Load: 35%, Ram Free: 38 GB, Swap Free: 1 GB, Work Disk Free: 308 GB, Tmp Disk Free: 308 GB (MSG-3995)
Information: Starting compile_fusion / initial_opto / DRC Optimization (FLW-8000)
Information: Time: 2025-06-18 13:02:07 / Session:  00:04:17 / Command:  00:01:11 / CPU:  00:03:31 / Memory: 1691 MB (FLW-8100)
Information: CPU Load: 35%, Ram Free: 38 GB, Swap Free: 1 GB, Work Disk Free: 308 GB, Tmp Disk Free: 308 GB (MSG-3995)
min assign layer = M4
Corner Scaling is off, multiplier is 1.000000
Zbuf-HFS: gathering all scenarios
Information: Initializing classic cellmap without advanced rules enabled and without PDC enabled
Information: The following app options are used in cellmap
        place.legalize.enable_color_aware_placement : false
        place.legalize.use_nll_query_cm : false
        place.legalize.enable_advanced_legalizer : false
        place.legalize.enable_prerouted_net_check : true
        place.legalize.enable_advanced_prerouted_net_check : false
        place.legalize.always_continue : true
        place.legalize.limit_legality_checks : false
        place.common.pnet_aware_density : 1.0000
        place.common.pnet_aware_min_width : 0.0000
        place.common.pnet_aware_layers : {}
        place.common.use_placement_model : false
        place.common.enable_advanced_placement_model : true
        cts.placement.cell_spacing_rule_style : maximum
Warning: Library cell saed14rvt_frame_timing:SAEDRVT14_ISOFSDPQ_PECO_8.frame is missing supply pins. Its power structure cannot be determined. (LGL-050)
Warning: Library cell saed14rvt_frame_timing:SAEDRVT14_DCAP_PV1ECO_12.frame is missing supply pins. Its power structure cannot be determined. (LGL-050)
Total 0.0075 seconds to build cellmap data
INFO: creating 22(r) x 33(c) GridCells YDim 1.8 XDim 1.8
INFO: number of GridCells (0xdaa6dbc0): 726
INFO: creating 22(r) x 33(c) GridCells YDim 1.8 XDim 1.8
INFO: number of GridCells (0xdaa6dbc0): 726
Total 0.0151 seconds to load 1666 cell instances into cellmap, 1188 cells are off site row
Moveable cells: 1188; Application fixed cells: 0; Macro cells: 0; User fixed cells: 478
Average cell width 1.2853, cell height 0.6000, cell area 0.7712 for total 1188 placed and application fixed cells
orb constraints: using power mt scenarios
ORB: timingScenario Normal_Slow timingCorner Slow
INFO: Using corner Fast for worst leakage corner
Using default layer M4
new cutoff lpd: 3.18383e-05
corner scaling: maxCornerId = 3
corner=Fast, tran factor=0.839605 (0.028406 / 0.033833)
corner=Typical, tran factor=0.945497 (0.031989 / 0.033833)
corner=Slow, tran factor=1.000000 (0.033833 / 0.033833)
ORB: Nominal = 0.0056185  Design MT = inf  Target = 0.0338329 (6.022 nominal)  MaxRC = 0.022324
ORB: Fast Target = 0.011791 ( 2.099 nominal )
ORB: stageDelay=0.026139, stageLength=1609839
INFO: Using corner Fast for worst leakage corner
Using default layer M4
new cutoff lpd: 3.18383e-05
corner scaling: maxCornerId = 3
corner=Fast, tran factor=0.839605 (0.028406 / 0.033833)
corner=Typical, tran factor=0.945497 (0.031989 / 0.033833)
corner=Slow, tran factor=1.000000 (0.033833 / 0.033833)
INFO: Using corner Fast for worst leakage corner
Using default layer M4
new cutoff lpd: 3.18383e-05
corner scaling: maxCornerId = 3
corner=Fast, tran factor=0.839605 (0.028406 / 0.033833)
corner=Typical, tran factor=0.945497 (0.031989 / 0.033833)
corner=Slow, tran factor=1.000000 (0.033833 / 0.033833)
INFO: Using corner Fast for worst leakage corner
Using default layer M4
new cutoff lpd: 3.18383e-05
corner scaling: maxCornerId = 3
corner=Fast, tran factor=0.839605 (0.028406 / 0.033833)
corner=Typical, tran factor=0.945497 (0.031989 / 0.033833)
corner=Slow, tran factor=1.000000 (0.033833 / 0.033833)
INFO: Using corner Fast for worst leakage corner
Using default layer M4
new cutoff lpd: 3.18383e-05
corner scaling: maxCornerId = 3
corner=Fast, tran factor=0.839605 (0.028406 / 0.033833)
corner=Typical, tran factor=0.945497 (0.031989 / 0.033833)
corner=Slow, tran factor=1.000000 (0.033833 / 0.033833)
INFO: Using corner Fast for worst leakage corner
Using default layer M4
new cutoff lpd: 3.18383e-05
corner scaling: maxCornerId = 3
corner=Fast, tran factor=0.839605 (0.028406 / 0.033833)
corner=Typical, tran factor=0.945497 (0.031989 / 0.033833)
corner=Slow, tran factor=1.000000 (0.033833 / 0.033833)
INFO: Using corner Fast for worst leakage corner
Using default layer M4
new cutoff lpd: 3.18383e-05
corner scaling: maxCornerId = 3
corner=Fast, tran factor=0.839605 (0.028406 / 0.033833)
corner=Typical, tran factor=0.945497 (0.031989 / 0.033833)
corner=Slow, tran factor=1.000000 (0.033833 / 0.033833)
INFO: Using corner Fast for worst leakage corner
Using default layer M4
new cutoff lpd: 3.18383e-05
corner scaling: maxCornerId = 3
corner=Fast, tran factor=0.839605 (0.028406 / 0.033833)
corner=Typical, tran factor=0.945497 (0.031989 / 0.033833)
corner=Slow, tran factor=1.000000 (0.033833 / 0.033833)
INFO: Using corner Fast for worst leakage corner
Using default layer M4
new cutoff lpd: 3.18383e-05
corner scaling: maxCornerId = 3
corner=Fast, tran factor=0.839605 (0.028406 / 0.033833)
corner=Typical, tran factor=0.945497 (0.031989 / 0.033833)
corner=Slow, tran factor=1.000000 (0.033833 / 0.033833)
INFO: Using corner Fast for worst leakage corner
Using default layer M4
new cutoff lpd: 3.18383e-05
corner scaling: maxCornerId = 3
corner=Fast, tran factor=0.839605 (0.028406 / 0.033833)
corner=Typical, tran factor=0.945497 (0.031989 / 0.033833)
corner=Slow, tran factor=1.000000 (0.033833 / 0.033833)
INFO: Using corner Fast for worst leakage corner
Using default layer M4
new cutoff lpd: 3.18383e-05
corner scaling: maxCornerId = 3
corner=Fast, tran factor=0.839605 (0.028406 / 0.033833)
corner=Typical, tran factor=0.945497 (0.031989 / 0.033833)
corner=Slow, tran factor=1.000000 (0.033833 / 0.033833)
INFO: Using corner Fast for worst leakage corner
Using default layer M4
new cutoff lpd: 3.18383e-05
corner scaling: maxCornerId = 3
corner=Fast, tran factor=0.839605 (0.028406 / 0.033833)
corner=Typical, tran factor=0.945497 (0.031989 / 0.033833)
corner=Slow, tran factor=1.000000 (0.033833 / 0.033833)
Collecting Drivers ...  
Design max_transition = inf
Design max_capacitance = inf
GRE layer bins: None, M4
WINFO: 1618 None; 0 M4; 0 Total
Found 0 buffer-tree drivers
No violators found
WINFO: 1618 None; 0 M4; 0 Total
WINFO: 1618 None; 0 M4; 0 Total
Zbuf-RUNTIME (Hr:Min:Sec)  CPU 0 hr : 0 min : 0.78 sec ELAPSE 0 hr : 0 min : 0.67 sec
Zbuf-RUNTIME         (Min) CPU 0 min ELAPSE 0 min
ZBuf-MEM(max-mem) total 0 K / inuse 0 K
Information: Result of compile_fusion / initial_opto / DRC Optimization (FLW-8500)
Information: Top 10 transition violators after high fanout synthesis (HFS-1000)
Slack     Fanout  Scenario    Driver                                                       

Compile-fusion optimization summary            SETUP-COST    R2R-COST HOLD-COST LDRC-COST          AREA     LEAKAGE     INSTCNT            ELAPSE       MEM
Compile-fusion                                       0.00        0.00         -         0        916.19  35961388.00        1188              0.07      1691
Information: Ending   compile_fusion / initial_opto / DRC Optimization (FLW-8001)
Information: Time: 2025-06-18 13:02:07 / Session:  00:04:18 / Command:  00:01:12 / CPU:  00:03:32 / Memory: 1691 MB (FLW-8100)
Information: CPU Load: 35%, Ram Free: 38 GB, Swap Free: 1 GB, Work Disk Free: 308 GB, Tmp Disk Free: 308 GB (MSG-3995)
Information: Starting compile_fusion / initial_opto / Incremental High Fanout Synthesis (FLW-8000)
Information: Time: 2025-06-18 13:02:07 / Session:  00:04:18 / Command:  00:01:12 / CPU:  00:03:32 / Memory: 1691 MB (FLW-8100)
Information: CPU Load: 35%, Ram Free: 38 GB, Swap Free: 1 GB, Work Disk Free: 308 GB, Tmp Disk Free: 308 GB (MSG-3995)
Isolated 0 ports, skipped 0 ports
Already Isolated 0 ports, Deleted 0 existing Isolation cells 
Information: Initializing classic cellmap without advanced rules enabled and without PDC enabled
Information: The following app options are used in cellmap
        place.legalize.enable_color_aware_placement : false
        place.legalize.use_nll_query_cm : false
        place.legalize.enable_advanced_legalizer : false
        place.legalize.enable_prerouted_net_check : true
        place.legalize.enable_advanced_prerouted_net_check : false
        place.legalize.always_continue : true
        place.legalize.limit_legality_checks : false
        place.common.pnet_aware_density : 1.0000
        place.common.pnet_aware_min_width : 0.0000
        place.common.pnet_aware_layers : {}
        place.common.use_placement_model : false
        place.common.enable_advanced_placement_model : true
        cts.placement.cell_spacing_rule_style : maximum
Warning: Library cell saed14rvt_frame_timing:SAEDRVT14_ISOFSDPQ_PECO_8.frame is missing supply pins. Its power structure cannot be determined. (LGL-050)
Warning: Library cell saed14rvt_frame_timing:SAEDRVT14_DCAP_PV1ECO_12.frame is missing supply pins. Its power structure cannot be determined. (LGL-050)
Total 0.0078 seconds to build cellmap data
INFO: creating 22(r) x 33(c) GridCells YDim 1.8 XDim 1.8
INFO: number of GridCells (0xd976c240): 726
INFO: creating 22(r) x 33(c) GridCells YDim 1.8 XDim 1.8
INFO: number of GridCells (0xd976c240): 726
Total 0.0154 seconds to load 1666 cell instances into cellmap, 1188 cells are off site row
Moveable cells: 1188; Application fixed cells: 0; Macro cells: 0; User fixed cells: 478
Average cell width 1.2853, cell height 0.6000, cell area 0.7712 for total 1188 placed and application fixed cells
INFO: total number of constant pins: 667
INFO: constant pins which are scan-pins: 656
INFO: constant pins that are not scan-pins: 11
Information: Ending   compile_fusion / initial_opto / Incremental High Fanout Synthesis (FLW-8001)
Information: Time: 2025-06-18 13:02:08 / Session:  00:04:18 / Command:  00:01:12 / CPU:  00:03:32 / Memory: 1691 MB (FLW-8100)
Information: CPU Load: 35%, Ram Free: 38 GB, Swap Free: 1 GB, Work Disk Free: 308 GB, Tmp Disk Free: 308 GB (MSG-3995)
Information: Starting compile_fusion / initial_opto / Optimization (3) (FLW-8000)
Information: Time: 2025-06-18 13:02:08 / Session:  00:04:18 / Command:  00:01:12 / CPU:  00:03:32 / Memory: 1691 MB (FLW-8100)
Information: CPU Load: 35%, Ram Free: 38 GB, Swap Free: 1 GB, Work Disk Free: 308 GB, Tmp Disk Free: 308 GB (MSG-3995)
Disable clock slack update for ideal clocks
Warning: Restoring scoped app option 'ropt.rbuf_subtree_crit_range' to original value 'unset' (from current value '-1', which is different from the scoped value '-1.0'). (FLW-2892)
Information: Starting compile_fusion / initial_opto / Optimization (3) / Global Sizing and Buffering (FLW-8000)
Information: Time: 2025-06-18 13:02:08 / Session:  00:04:18 / Command:  00:01:12 / CPU:  00:03:32 / Memory: 1691 MB (FLW-8100)
Information: CPU Load: 35%, Ram Free: 38 GB, Swap Free: 1 GB, Work Disk Free: 308 GB, Tmp Disk Free: 308 GB (MSG-3995)
Disable clock slack update for ideal clocks
bmap: stepx = stepy = 30000
creating bmap
DB units per micron : 10000
Warning: Restoring scoped app option 'ropt.rbuf_subtree_crit_range' to original value 'unset' (from current value '-1', which is different from the scoped value '-1.0'). (FLW-2892)
Information: Ending   compile_fusion / initial_opto / Optimization (3) / Global Sizing and Buffering (FLW-8001)
Information: Time: 2025-06-18 13:02:08 / Session:  00:04:18 / Command:  00:01:12 / CPU:  00:03:32 / Memory: 1691 MB (FLW-8100)
Information: CPU Load: 35%, Ram Free: 38 GB, Swap Free: 1 GB, Work Disk Free: 308 GB, Tmp Disk Free: 308 GB (MSG-3995)
Information: Starting compile_fusion / initial_opto / Optimization (3) / Macro Skewing (FLW-8000)
Information: Time: 2025-06-18 13:02:08 / Session:  00:04:18 / Command:  00:01:12 / CPU:  00:03:32 / Memory: 1691 MB (FLW-8100)
Information: CPU Load: 35%, Ram Free: 38 GB, Swap Free: 1 GB, Work Disk Free: 308 GB, Tmp Disk Free: 308 GB (MSG-3995)
Compile-fusion optimization summary            SETUP-COST    R2R-COST HOLD-COST LDRC-COST          AREA     LEAKAGE     INSTCNT            ELAPSE       MEM
Compile-fusion                                       0.00        0.00         -         0        923.03  36282212.00        1202              0.07      1691
Information: Ending   compile_fusion / initial_opto / Optimization (3) / Macro Skewing (FLW-8001)
Information: Time: 2025-06-18 13:02:08 / Session:  00:04:18 / Command:  00:01:12 / CPU:  00:03:33 / Memory: 1691 MB (FLW-8100)
Information: CPU Load: 35%, Ram Free: 38 GB, Swap Free: 1 GB, Work Disk Free: 308 GB, Tmp Disk Free: 308 GB (MSG-3995)
Warning: No clock routing rules were specified. Use set_clock_routing_rules to specify routing rules for accurate clock latency estimation. (OPT-902)
Warning: No clock routing rules were specified. Use set_clock_routing_rules to specify routing rules for accurate clock latency estimation. (OPT-902)
Information: Estimating clock gate latencies for scenario 'PowerSave_Slow'. (OPT-909)
Warning: No clock routing rules were specified. Use set_clock_routing_rules to specify routing rules for accurate clock latency estimation. (OPT-902)
Information: Estimating clock gate latencies for scenario 'Normal_Slow'. (OPT-909)
Compile-fusion optimization summary            SETUP-COST    R2R-COST HOLD-COST LDRC-COST          AREA     LEAKAGE     INSTCNT            ELAPSE       MEM
Compile-fusion                                       0.00        0.00         -         0        923.03  36282212.00        1202              0.07      1691
Information: Result of compile_fusion / initial_opto / Clock Gate Re-structuring (FLW-8500)
--------------------------------------------------------------------------------
|                             Clock Gating Options                             |
--------------------------------------------------------------------------------
|         Objects         |    Minimum Bitwidth     |      Maximum Fanout      |
--------------------------+-------------------------+---------------------------
|   top-level (design)    |          3 (d)          |      Unlimited (d)       |
--------------------------------------------------------------------------------

Number of Pre-Existing Clock Gates with dont touch attribute: 0
Number of ICG library cells with CTS purpose: 19
--------------------------------------------------------------------------------
                          Tool Gated Register Summary                           
--------------------------------------------------------------------------------
Clock Gating Type                   | Number of   | Register Count | Equivalent 
                                    | Clock Gates |                | Bitwidth   
--------------------------------------------------------------------------------
Regular Clock Gating                |          11 |            319 |        319
--------------------------------------------------------------------------------
--------------------------------------------------------------------------------
                 Regular Clock Gating Ungated Register Summary                  
--------------------------------------------------------------------------------
 Ungated Reason                                            | Count | Bitwidth   
--------------------------------------------------------------------------------
 Enable is Constant One.                                   |     2 |        2
 Partial Minimum Bitwidth Not Met.                         |     7 |        7
--------------------------------------------------------------------------------
Warning: No clock routing rules were specified. Use set_clock_routing_rules to specify routing rules for accurate clock latency estimation. (OPT-902)
Warning: No clock routing rules were specified. Use set_clock_routing_rules to specify routing rules for accurate clock latency estimation. (OPT-902)
Information: Estimating clock gate latencies for scenario 'PowerSave_Slow'. (OPT-909)
Warning: No clock routing rules were specified. Use set_clock_routing_rules to specify routing rules for accurate clock latency estimation. (OPT-902)
Information: Estimating clock gate latencies for scenario 'Normal_Slow'. (OPT-909)
Information: Starting compile_fusion / initial_opto / Optimization (3) / Timing Optimization (FLW-8000)
Information: Time: 2025-06-18 13:02:10 / Session:  00:04:21 / Command:  00:01:15 / CPU:  00:03:37 / Memory: 1691 MB (FLW-8100)
Information: CPU Load: 33%, Ram Free: 38 GB, Swap Free: 1 GB, Work Disk Free: 308 GB, Tmp Disk Free: 308 GB (MSG-3995)
Information: Ending   compile_fusion / initial_opto / Optimization (3) / Timing Optimization (FLW-8001)
Information: Time: 2025-06-18 13:02:10 / Session:  00:04:21 / Command:  00:01:15 / CPU:  00:03:37 / Memory: 1691 MB (FLW-8100)
Information: CPU Load: 33%, Ram Free: 38 GB, Swap Free: 1 GB, Work Disk Free: 308 GB, Tmp Disk Free: 308 GB (MSG-3995)
Information: Ending   compile_fusion / initial_opto / Optimization (3) (FLW-8001)
Information: Time: 2025-06-18 13:02:10 / Session:  00:04:21 / Command:  00:01:15 / CPU:  00:03:37 / Memory: 1691 MB (FLW-8100)
Information: CPU Load: 33%, Ram Free: 38 GB, Swap Free: 1 GB, Work Disk Free: 308 GB, Tmp Disk Free: 308 GB (MSG-3995)
Scenario Normal_Fast is cellEm
Scenario PowerSave_Fast is cellEm
Info: update em.
Information: Activity propagation will be performed for scenario Normal_Fast.
Information: Doing activity propagation for mode 'Normal' and corner 'Fast' with effort level 'medium'. (POW-024)
Information: Timer-derived activity data is cached on scenario Normal_Fast (POW-052)
Information: Running switching activity propagation with 12 threads!

 **** Information : No. of simulation cycles = 6 ****
Information: Propagated activity on scenario Normal_Slow identical to that on Normal_Fast (POW-006)
Information: Propagated activity on scenario Normal_Typical identical to that on Normal_Fast (POW-006)
Information: Activity propagation will be performed for scenario PowerSave_Fast.
Information: Doing activity propagation for mode 'PowerSave' and corner 'Fast' with effort level 'medium'. (POW-024)
Information: Timer-derived activity data is cached on scenario PowerSave_Fast (POW-052)
Information: Running switching activity propagation with 12 threads!

 **** Information : No. of simulation cycles = 6 ****
Information: Propagated activity on scenario PowerSave_Slow identical to that on PowerSave_Fast (POW-006)
Information: Propagated activity on scenario PowerSave_Typical identical to that on PowerSave_Fast (POW-006)
Information: Activity for scenario Normal_Fast was cached, no propagation required. (POW-005)
Information: Activity for scenario Normal_Slow was cached, no propagation required. (POW-005)
Information: Activity for scenario Normal_Typical was cached, no propagation required. (POW-005)
Information: Activity for scenario PowerSave_Fast was cached, no propagation required. (POW-005)
Information: Activity for scenario PowerSave_Slow was cached, no propagation required. (POW-005)
Information: Activity for scenario PowerSave_Typical was cached, no propagation required. (POW-005)
CTS Cell EM initialization finished
Scenario Normal_Fast is cellEm
Scenario PowerSave_Fast is cellEm
Info: update em.
Information: Activity for scenario Normal_Fast was cached, no propagation required. (POW-005)
Information: Activity for scenario Normal_Slow was cached, no propagation required. (POW-005)
Information: Activity for scenario Normal_Typical was cached, no propagation required. (POW-005)
Information: Activity for scenario PowerSave_Fast was cached, no propagation required. (POW-005)
CTS Cell EM initialization finished
Warning: No clock routing rules were specified. Use set_clock_routing_rules to specify routing rules for accurate clock latency estimation. (OPT-902)
Warning: No clock routing rules were specified. Use set_clock_routing_rules to specify routing rules for accurate clock latency estimation. (OPT-902)
Information: Estimating clock gate latencies for scenario 'PowerSave_Typical'. (OPT-909)
Warning: No clock routing rules were specified. Use set_clock_routing_rules to specify routing rules for accurate clock latency estimation. (OPT-902)
Information: Estimating clock gate latencies for scenario 'PowerSave_Slow'. (OPT-909)
Warning: No clock routing rules were specified. Use set_clock_routing_rules to specify routing rules for accurate clock latency estimation. (OPT-902)
Information: Estimating clock gate latencies for scenario 'PowerSave_Fast'. (OPT-909)
Warning: No clock routing rules were specified. Use set_clock_routing_rules to specify routing rules for accurate clock latency estimation. (OPT-902)
Information: Estimating clock gate latencies for scenario 'Normal_Typical'. (OPT-909)
Warning: No clock routing rules were specified. Use set_clock_routing_rules to specify routing rules for accurate clock latency estimation. (OPT-902)
Information: Estimating clock gate latencies for scenario 'Normal_Slow'. (OPT-909)
Warning: No clock routing rules were specified. Use set_clock_routing_rules to specify routing rules for accurate clock latency estimation. (OPT-902)
Information: Estimating clock gate latencies for scenario 'Normal_Fast'. (OPT-909)
Information: 2 out of 12 POW-005 messages were not printed due to limit 10 (after 'compile_fusion' at task2.tcl:84) (MSG-3913)
Information: The net parasitics of block dut_toplevel are cleared. (TIM-123)
Information: Timer using 12 threads
Warning: Cannot find any max transition constraint on the design. (OPT-070)
INFO: Leakage Power Aware Optimization Enabled
Information: The automatic clock gate timing flow is activated. Clock latencies set on clock gate cells will be automatically adjusted by an estimate for latency. (CGT-4005)



INFO: Skipping FTB cleanup in end of npo flow.
Enable dominated scenarios
[Tim-Power] Info: Cleared Leakage libCell cache.
Co-efficient Ratio Summary:
4.193421605155  6.578038173730  2.479639287277  7.744187540401  0.485050000353  3.179565833784  5.567214754587  2.894454387461  6.565921217863  9.017937505874  6.421350400933  9.863420242560  6.078244464085  2.744209741123  8.318117804907  9.699225026083
2.464623963854  1.382370266249  9.387184064632  3.142429906669  0.968752789964  6.613180723294  4.146578793224  7.876358918112  2.191135103696  0.963734141094  5.304846443881  3.840441649339  3.750315053169  7.663459142299  6.212203467950  7.759678473967
7.862243069507  0.402387912173  0.032845030810  0.596111012371  4.701287396892  7.205135512169  8.278351398268  1.183725190997  3.334436408244  5.867609731622  0.777592385364  9.669800574650  7.591596347087  7.632107693266  7.679070363326  9.831314288630
Warning: By turning on the ropt.skip_final_timing_update app option, you are skipping the full timing update at the end and the final qor printing. Doing so will make all timing values from this point not up-to-date until you run a full timing update!
compile command statistics  CPU=104 sec (0.03 hr) ELAPSED=30 sec (0.01 hr) MEM-PEAK=1.651 GB
[Tim-Power] Info: Cleared Leakage libCell cache.
Information: RDE mode is turned on. (TIM-124)
INFO: compile_fusion is running in balanced flow mode
Warning: Cannot find any max transition constraint on the design. (OPT-070)
INFO: Leakage Power Aware Optimization Enabled
Information: The automatic clock gate timing flow is activated. Clock latencies set on clock gate cells will be automatically adjusted by an estimate for latency. (CGT-4005)
INFO: EarlyGR flow is not enabled.
.INFO: disable CRPR-based timing. 
Information: The stitching and editing of coupling caps is turned OFF for design 'dut_toplevel.dlib:dut_toplevel/placement_and_optimization.design'. (TIM-125)
Number of Site types in the design = 1
Setting up Chip Core
Chip Core shape: (50000 50000) (531000 338000)
Number of VARs = 1
Number of unique PDs = 1
Number of Power Domains = 1
Number of Voltage Areas = 1
Number of supply Nets = 2
Number of used supplies = 0
Blocked VAs: 

Compile-fusion command begin                   CPU:   828 s (  0.23 hr )  ELAPSE:   266 s (  0.07 hr )  MEM-PEAK:  1691 MB
Warning: Cannot find any max transition constraint on the design. (OPT-070)
Information: The stitching and editing of coupling caps is turned OFF for design 'dut_toplevel.dlib:dut_toplevel/placement_and_optimization.design'. (TIM-125)
************************************************************
Timer Settings:
Delay Calculation Style:                   auto
Signal Integrity Analysis:                 disabled
Timing Window Analysis:                    disabled
Advanced Waveform Propagation:             disabled
Variation Type:                            fixed_derate
Clock Reconvergence Pessimism Removal:     disabled
Advanced Receiver Model:                   disabled
LLE:                                       disabled
ML Acceleration:                           off
************************************************************
Info: update em.

Compile-fusion timing update complete          CPU:   829 s (  0.23 hr )  ELAPSE:   266 s (  0.07 hr )  MEM-PEAK:  1691 MB

Compile-fusion initial QoR
__________________________
Scenario Mapping Table
1: Normal_Fast
2: Normal_Slow
3: Normal_Typical
4: PowerSave_Fast
5: PowerSave_Slow
6: PowerSave_Typical

Pathgroup Mapping Table
1: **default**
2: **async_default**
3: **clock_gating_default**
4: **in2reg_default**
5: **reg2out_default**
6: **in2out_default**
7: clk

-------------------------------------------------------------------------------------------------------------------------------------------------------------
PATHGROUP QOR 
-------------------------------------------------------------------------------------------------------------------------------------------------------------
Scene  PG      WNS        TNS    NSV      WHV        THV    NHV
    1   1   0.0000     0.0000      0        -          -      -
    1   2   0.0000     0.0000      0        -          -      -
    1   3   0.0000     0.0000      0        -          -      -
    1   4   0.0000     0.0000      0        -          -      -
    1   5   0.0000     0.0000      0        -          -      -
    1   6   0.0000     0.0000      0        -          -      -
    1   7   0.0000     0.0000      0        -          -      -
    2   1   0.0000     0.0000      0        -          -      -
    2   2   0.0000     0.0000      0        -          -      -
    2   3   0.0000     0.0000      0        -          -      -
    2   4   0.0000     0.0000      0        -          -      -
    2   5   0.0000     0.0000      0        -          -      -
    2   6   0.0000     0.0000      0        -          -      -
    2   7   0.0000     0.0000      0        -          -      -
    3   1   0.0000     0.0000      0        -          -      -
    3   2   0.0000     0.0000      0        -          -      -
    3   3   0.0000     0.0000      0        -          -      -
    3   4   0.0000     0.0000      0        -          -      -
    3   5   0.0000     0.0000      0        -          -      -
    3   6   0.0000     0.0000      0        -          -      -
    3   7   0.0000     0.0000      0        -          -      -
    4   1   0.0000     0.0000      0        -          -      -
    4   2   0.0000     0.0000      0        -          -      -
    4   3   0.0000     0.0000      0        -          -      -
    4   4   0.0000     0.0000      0        -          -      -
    4   5   0.0000     0.0000      0        -          -      -
    4   6   0.0000     0.0000      0        -          -      -
    4   7   0.0000     0.0000      0        -          -      -
    5   1   0.0000     0.0000      0        -          -      -
    5   2   0.0000     0.0000      0        -          -      -
    5   3   0.0000     0.0000      0        -          -      -
    5   4   0.0000     0.0000      0        -          -      -
    5   5   0.0000     0.0000      0        -          -      -
    5   6   0.0000     0.0000      0        -          -      -
    5   7   0.0000     0.0000      0        -          -      -
    6   1   0.0000     0.0000      0        -          -      -
    6   2   0.0000     0.0000      0        -          -      -
    6   3   0.0000     0.0000      0        -          -      -
    6   4   0.0000     0.0000      0        -          -      -
    6   5   0.0000     0.0000      0        -          -      -
    6   6   0.0000     0.0000      0        -          -      -
    6   7   0.0000     0.0000      0        -          -      -
----------------------------------------------------------------------------------------------------------------------------------------------------------------------
SCENARIO QOR 
----------------------------------------------------------------------------------------------------------------------------------------------------------------------
Scene  PG      WNS        TNS   R2RTNS    NSV      WHV        THV    NHV  MaxTrnV   MaxTranC  MaxCapV    Leakage     CellEMV
    1   *   0.0000     0.0000   0.0000      0        -          -      -        0     0.0000        0 35961388.0           0
    2   *   0.0000     0.0000   0.0000      0        -          -      -        0     0.0000        0  18354.473           0
    3   *   0.0000     0.0000   0.0000      0        -          -      -        0     0.0000        0 342351.031           0
    4   *   0.0000     0.0000   0.0000      0        -          -      -        0     0.0000        0 35961388.0           0
    5   *   0.0000     0.0000   0.0000      0        -          -      -        0     0.0000        0  18354.473           0
    6   *   0.0000     0.0000   0.0000      0        -          -      -        0     0.0000        0 342351.031           0
----------------------------------------------------------------------------------------------------------------------------------------------------------------------
DESIGN QOR 
----------------------------------------------------------------------------------------------------------------------------------------------------------------------
Scene  PG      WNS        TNS   R2RTNS    NSV      WHV        THV    NHV  MaxTrnV   MaxTranC  MaxCapV    Leakage         Area    InstCnt     BufCnt     InvCnt     CellEMV
    *   *   0.0000     0.0000   0.0000      0   0.0000     0.0000      0        0     0.0000        0 35961388.0       923.03       1202         13         21           0
----------------------------------------------------------------------------------------------------------------------------------------------------------------------

Compile-fusion initial QoR Summary       WNS        TNS   R2RTNS    NSV      WHV        THV    NHV  MaxTrnV  MaxCapV    Leakage         Area    InstCnt
Compile-fusion initial QoR Summary    0.0000     0.0000   0.0000      0   0.0000     0.0000      0        0        0 35961388.0       923.03       1202
Information: The netlist change observers are disabled for incremental extraction. (TIM-126)
INFO: using 12 threads
Compile-fusion initialization complete         CPU:   846 s (  0.23 hr )  ELAPSE:   267 s (  0.07 hr )  MEM-PEAK:  1691 MB
Compile-fusion optimization summary            SETUP-COST    R2R-COST HOLD-COST LDRC-COST          AREA     LEAKAGE     INSTCNT            ELAPSE       MEM
Warning: Cannot find any max transition constraint on the design. (OPT-070)
Information: The netlist change observers are enabled for incremental extraction. (TIM-127)

Information: Starting compile_fusion / initial_opto / Optimization (4) (FLW-8000)
Information: Time: 2025-06-18 13:02:17 / Session:  00:04:27 / Command:  00:01:21 / CPU:  00:04:15 / Memory: 1691 MB (FLW-8100)
Information: CPU Load: 32%, Ram Free: 38 GB, Swap Free: 1 GB, Work Disk Free: 308 GB, Tmp Disk Free: 308 GB (MSG-3995)

Information: Initializing classic cellmap without advanced rules enabled and without PDC enabled
Information: The following app options are used in cellmap
        place.legalize.enable_color_aware_placement : false
        place.legalize.use_nll_query_cm : false
        place.legalize.enable_advanced_legalizer : false
        place.legalize.enable_prerouted_net_check : false
        place.legalize.enable_advanced_prerouted_net_check : false
        place.legalize.always_continue : true
        place.legalize.limit_legality_checks : false
        place.common.pnet_aware_density : 1.0000
        place.common.pnet_aware_min_width : 0.0000
        place.common.pnet_aware_layers : {}
        place.common.use_placement_model : false
        place.common.enable_advanced_placement_model : true
        cts.placement.cell_spacing_rule_style : maximum
Warning: Library cell saed14rvt_frame_timing:SAEDRVT14_ISOFSDPQ_PECO_8.frame is missing supply pins. Its power structure cannot be determined. (LGL-050)
Warning: Library cell saed14rvt_frame_timing:SAEDRVT14_DCAP_PV1ECO_12.frame is missing supply pins. Its power structure cannot be determined. (LGL-050)
Total 0.0083 seconds to build cellmap data
INFO: creating 22(r) x 33(c) GridCells YDim 1.8 XDim 1.8
INFO: number of GridCells (0xe8135740): 726
INFO: creating 22(r) x 33(c) GridCells YDim 1.8 XDim 1.8
INFO: number of GridCells (0xe8135740): 726
Total 0.0155 seconds to load 1680 cell instances into cellmap, 1188 cells are off site row
Moveable cells: 1202; Application fixed cells: 0; Macro cells: 0; User fixed cells: 478
Average cell width 1.2799, cell height 0.6000, cell area 0.7679 for total 1202 placed and application fixed cells
Compile-fusion optimization Phase 3 Iter  1          0.00        0.00      0.00         -        923.03  35961388.00        1202              0.07      1691
INFO: New Levelizer turned on

Disable clock slack update for ideal clocks
Compile-fusion optimization Phase 4 Iter  1          0.00        0.00      0.00         -        912.42  33894008.00        1202              0.07      1691
INFO: cellmap features:  adv-rules=(N), pdc=(N), clock-rules=(Y)

Information: Ending   compile_fusion / initial_opto / Optimization (4) (FLW-8001)
Information: Time: 2025-06-18 13:02:18 / Session:  00:04:28 / Command:  00:01:22 / CPU:  00:04:23 / Memory: 1691 MB (FLW-8100)
Information: CPU Load: 32%, Ram Free: 38 GB, Swap Free: 1 GB, Work Disk Free: 308 GB, Tmp Disk Free: 308 GB (MSG-3995)

Information: Starting compile_fusion / initial_opto / Legalization (FLW-8000)
Information: Time: 2025-06-18 13:02:18 / Session:  00:04:28 / Command:  00:01:22 / CPU:  00:04:23 / Memory: 1691 MB (FLW-8100)
Information: CPU Load: 32%, Ram Free: 38 GB, Swap Free: 1 GB, Work Disk Free: 308 GB, Tmp Disk Free: 308 GB (MSG-3995)
nplDplc2Placer::setParam(effort,1)
nplDplc2Placer::setParam(debug,0)
nplDplc2Placer::setParam(site_check,2)
nplDplc2Placer::setParam(app_firm_wgt,0)

Legalizing Top Level Design dut_toplevel ... 
Information: Initializing classic cellmap without advanced rules enabled and without PDC enabled
Information: The following app options are used in cellmap
        place.legalize.enable_color_aware_placement : false
        place.legalize.use_nll_query_cm : false
        place.legalize.enable_advanced_legalizer : false
        place.legalize.enable_prerouted_net_check : false
        place.legalize.enable_advanced_prerouted_net_check : false
        place.legalize.always_continue : true
        place.legalize.limit_legality_checks : false
        place.common.pnet_aware_density : 1.0000
        place.common.pnet_aware_min_width : 0.0000
        place.common.pnet_aware_layers : {}
        place.common.use_placement_model : false
        place.common.enable_advanced_placement_model : true
        cts.placement.cell_spacing_rule_style : maximum
Warning: Library cell saed14rvt_frame_timing:SAEDRVT14_ISOFSDPQ_PECO_8.frame is missing supply pins. Its power structure cannot be determined. (LGL-050)
Warning: Library cell saed14rvt_frame_timing:SAEDRVT14_DCAP_PV1ECO_12.frame is missing supply pins. Its power structure cannot be determined. (LGL-050)
Total 0.0080 seconds to build cellmap data
=====> Processed 79 ref cells (23 fillers) from library

Bounds/Regions In This Design:
        Area    Num Cells  Exclusive Name
 (square um)
     1385.28         1680        Yes DEFAULT_VA

Starting legalizer.
Warning: Exclusive bound 'DEFAULT' has no cells.
Optimizing Exclusive Bound 'DEFAULT_VA' (2/2)
    Done Exclusive Bound 'DEFAULT_VA' (2/2) (0 sec)
Legalization complete (0 total sec)

****************************************
  Report : Placement Attempts
  Site   : unit
****************************************

number of cells:                   1680
number of references:                79
number of site rows:                 48
number of locations attempted:    28594
number of locations failed:           0  (0.0%)

Legality of references at locations:
0 references had failures.

Legality of references in rows:
0 references had row failures.

****************************************
  Report : Cell Displacements
****************************************

number of cells aggregated:        1202 (20550 total sites)
avg row height over cells:        0.600 um
rms cell displacement:            0.213 um ( 0.36 row height)
rms weighted cell displacement:   0.213 um ( 0.36 row height)
max cell displacement:            1.023 um ( 1.70 row height)
avg cell displacement:            0.159 um ( 0.27 row height)
avg weighted cell displacement:   0.159 um ( 0.27 row height)
number of cells moved:             1026
number of large displacements:        0
large displacement threshold:     3.000 row height

Displacements of worst 10 cells:
Cell: ctmi_2154 (SAEDRVT14_AO221_0P5)
  Input location: (7.1414,9.6892)
  Legal location: (6.406,10.4)
  Displacement:   1.023 um ( 1.70 row height)
Cell: DP_OP_33_12155_941_J1/U_666 (SAEDRVT14_ADDF_V1_0P5)
  Input location: (14.5363,20.9437)
  Legal location: (14.028,21.8)
  Displacement:   0.996 um ( 1.66 row height)
Cell: DP_OP_33_12155_941_J1/ctmi_2392 (SAEDRVT14_NR2_1)
  Input location: (34.4901,13.191)
  Legal location: (35.266,12.8)
  Displacement:   0.869 um ( 1.45 row height)
Cell: DP_OP_33_12155_941_J1/ctmi_2600 (SAEDRVT14_NR2_1)
  Input location: (20.9299,17.3435)
  Legal location: (20.91,18.2)
  Displacement:   0.857 um ( 1.43 row height)
Cell: DP_OP_33_12155_941_J1/ctmi_2591 (SAEDRVT14_NR2_1)
  Input location: (23.3824,17.3714)
  Legal location: (24.166,17.6)
  Displacement:   0.816 um ( 1.36 row height)
Cell: dut_fifo_INST/fifo_data_r_reg[0][18] (SAEDRVT14_FSDPRBQ_V2_0P5)
  Input location: (14.0902,15.4089)
  Legal location: (14.102,14.6)
  Displacement:   0.809 um ( 1.35 row height)
Cell: ctmi_372 (SAEDRVT14_AOI222_0P5)
  Input location: (44.294,23)
  Legal location: (43.776,23.6)
  Displacement:   0.793 um ( 1.32 row height)
Cell: DP_OP_33_12155_941_J1/ctmi_2599 (SAEDRVT14_NR2_1)
  Input location: (21.7191,17.1708)
  Legal location: (21.724,16.4)
  Displacement:   0.771 um ( 1.28 row height)
Cell: DP_OP_33_12155_941_J1/U_557 (SAEDRVT14_ADDF_V1_0P5)
  Input location: (45.1268,18.7962)
  Legal location: (44.664,19.4)
  Displacement:   0.761 um ( 1.27 row height)
Cell: DP_OP_33_12155_941_J1/ctmi_2444 (SAEDRVT14_NR2_1)
  Input location: (42.4974,15.4327)
  Legal location: (41.852,15.8)
  Displacement:   0.743 um ( 1.24 row height)

Information: Extraction observers are detached as design net change threshold is reached.
Information: The net parasitics of block dut_toplevel are cleared. (TIM-123)
Information: Ending   compile_fusion / initial_opto / Legalization (FLW-8001)
Information: Time: 2025-06-18 13:02:18 / Session:  00:04:28 / Command:  00:01:22 / CPU:  00:04:23 / Memory: 1691 MB (FLW-8100)
Information: CPU Load: 32%, Ram Free: 38 GB, Swap Free: 1 GB, Work Disk Free: 308 GB, Tmp Disk Free: 308 GB (MSG-3995)
Information: The stitching and editing of coupling caps is turned OFF for design 'dut_toplevel.dlib:dut_toplevel/placement_and_optimization.design'. (TIM-125)

Compile-fusion optimization Phase 7 Iter  1          0.00        0.00      0.00         -        912.42  33364892.00        1202              0.07      1691
Warning: No clock routing rules were specified. Use set_clock_routing_rules to specify routing rules for accurate clock latency estimation. (OPT-902)
Warning: No clock routing rules were specified. Use set_clock_routing_rules to specify routing rules for accurate clock latency estimation. (OPT-902)
Information: Estimating clock gate latencies for scenario 'PowerSave_Typical'. (OPT-909)
Warning: No clock routing rules were specified. Use set_clock_routing_rules to specify routing rules for accurate clock latency estimation. (OPT-902)
Information: Estimating clock gate latencies for scenario 'PowerSave_Slow'. (OPT-909)
Warning: No clock routing rules were specified. Use set_clock_routing_rules to specify routing rules for accurate clock latency estimation. (OPT-902)
Information: Estimating clock gate latencies for scenario 'PowerSave_Fast'. (OPT-909)
Warning: No clock routing rules were specified. Use set_clock_routing_rules to specify routing rules for accurate clock latency estimation. (OPT-902)
Information: Estimating clock gate latencies for scenario 'Normal_Typical'. (OPT-909)
Warning: No clock routing rules were specified. Use set_clock_routing_rules to specify routing rules for accurate clock latency estimation. (OPT-902)
Information: Estimating clock gate latencies for scenario 'Normal_Slow'. (OPT-909)
Warning: No clock routing rules were specified. Use set_clock_routing_rules to specify routing rules for accurate clock latency estimation. (OPT-902)
Information: Estimating clock gate latencies for scenario 'Normal_Fast'. (OPT-909)

Information: Starting compile_fusion / initial_opto / Optimization (5) (FLW-8000)
Information: Time: 2025-06-18 13:02:20 / Session:  00:04:30 / Command:  00:01:24 / CPU:  00:04:29 / Memory: 1691 MB (FLW-8100)
Information: CPU Load: 33%, Ram Free: 38 GB, Swap Free: 1 GB, Work Disk Free: 308 GB, Tmp Disk Free: 308 GB (MSG-3995)

Information: Initializing classic cellmap without advanced rules enabled and without PDC enabled
Information: The following app options are used in cellmap
        place.legalize.enable_color_aware_placement : false
        place.legalize.use_nll_query_cm : false
        place.legalize.enable_advanced_legalizer : false
        place.legalize.enable_prerouted_net_check : false
        place.legalize.enable_advanced_prerouted_net_check : false
        place.legalize.always_continue : true
        place.legalize.limit_legality_checks : false
        place.common.pnet_aware_density : 1.0000
        place.common.pnet_aware_min_width : 0.0000
        place.common.pnet_aware_layers : {}
        place.common.use_placement_model : false
        place.common.enable_advanced_placement_model : true
        cts.placement.cell_spacing_rule_style : maximum
Warning: Library cell saed14rvt_frame_timing:SAEDRVT14_ISOFSDPQ_PECO_8.frame is missing supply pins. Its power structure cannot be determined. (LGL-050)
Warning: Library cell saed14rvt_frame_timing:SAEDRVT14_DCAP_PV1ECO_12.frame is missing supply pins. Its power structure cannot be determined. (LGL-050)
Total 0.0097 seconds to build cellmap data
INFO: creating 22(r) x 33(c) GridCells YDim 1.8 XDim 1.8
INFO: number of GridCells (0xde8b6b40): 726
INFO: creating 22(r) x 33(c) GridCells YDim 1.8 XDim 1.8
INFO: number of GridCells (0xde8b6b40): 726
Total 0.0160 seconds to load 1680 cell instances into cellmap
Moveable cells: 1202; Application fixed cells: 0; Macro cells: 0; User fixed cells: 478
Average cell width 1.2651, cell height 0.6000, cell area 0.7591 for total 1202 placed and application fixed cells
Compile-fusion optimization Phase 9 Iter  1          0.00        0.00      0.00         -        912.42  33364892.00        1202              0.08      1691
INFO: total number of constant pins: 505
INFO: constant pins which are scan-pins: 496
INFO: constant pins that are not scan-pins: 9

Compile-fusion optimization Phase 10 Iter  1         0.00        0.00      0.00         -        919.26  33526796.00        1216              0.08      1691
Isolated 0 ports, skipped 0 ports
Already Isolated 0 ports, Deleted 0 existing Isolation cells 

Compile-fusion optimization Phase 11 Iter  1         0.00        0.00      0.00         -        919.26  33526796.00        1216              0.08      1691
INFO: Advanced Scenario Reduction (ASR) enabled.


Compile-fusion optimization Phase 13 Iter  1         0.00        0.00      0.00         -        919.26  33526796.00        1216              0.08      1691

Compile-fusion optimization Phase 14 Iter  1         0.00        0.00      0.00         -        919.26  33526796.00        1216              0.08      1691
Number of Site types in the design = 1
INFO: Skipping activation of hold scenarios prior to CUS.
CCD app option: ccd.targeted_ccd_path_groups:  **clock_gating_default**
Target path group: scenario Normal_Fast pathgroup **clock_gating_default**
Target path group: scenario Normal_Slow pathgroup **clock_gating_default**
Target path group: scenario Normal_Typical pathgroup **clock_gating_default**
Target path group: scenario PowerSave_Fast pathgroup **clock_gating_default**
Target path group: scenario PowerSave_Slow pathgroup **clock_gating_default**
Target path group: scenario PowerSave_Typical pathgroup **clock_gating_default**
Information: CCD will use corner Slow for honoring max prepone/postpone limits
Uskew Characterizer: corner: Fast, scalingFactor: 0.592
Uskew Characterizer: corner: Slow, scalingFactor: 1.000
Uskew Characterizer: corner: Typical, scalingFactor: 0.760
@ CG solver holdWeight = 0.500000
@ CG solver setupWeight = 6.000000
@ CG solver delayCostWeight = 5.000000
@ CG solver zeroDirWeight = 5.000000
@ CG solver wnsWeight = 2400.000000

Summary of messages during CTS:
===============================================================
  Tag   Count  Type           Description
---------------------------------------------------------------
CTS-038    1  Warning  No clock routing rule is specified.
Warning: No clock routing rules were specified. Use set_clock_routing_rules to specify routing rules for accurate clock latency estimation. (OPT-902)
Warning: No clock routing rules were specified. Use set_clock_routing_rules to specify routing rules for accurate clock latency estimation. (OPT-902)
Information: Estimating clock gate latencies for scenario 'PowerSave_Typical'. (OPT-909)
Warning: No clock routing rules were specified. Use set_clock_routing_rules to specify routing rules for accurate clock latency estimation. (OPT-902)
Information: Estimating clock gate latencies for scenario 'PowerSave_Slow'. (OPT-909)
Warning: No clock routing rules were specified. Use set_clock_routing_rules to specify routing rules for accurate clock latency estimation. (OPT-902)
Information: Estimating clock gate latencies for scenario 'PowerSave_Fast'. (OPT-909)
Warning: No clock routing rules were specified. Use set_clock_routing_rules to specify routing rules for accurate clock latency estimation. (OPT-902)
Information: Estimating clock gate latencies for scenario 'Normal_Typical'. (OPT-909)
Warning: No clock routing rules were specified. Use set_clock_routing_rules to specify routing rules for accurate clock latency estimation. (OPT-902)
Information: Estimating clock gate latencies for scenario 'Normal_Slow'. (OPT-909)
Warning: No clock routing rules were specified. Use set_clock_routing_rules to specify routing rules for accurate clock latency estimation. (OPT-902)
Information: Estimating clock gate latencies for scenario 'Normal_Fast'. (OPT-909)
INFO: Skipping deactivation of hold scenarios after CUS.
Number of Site types in the design = 1
Compile-fusion optimization Phase 14 Iter  2         0.00        0.00      0.00         -        919.26  33526796.00        1216              0.08      1691
Compile-fusion optimization Phase 14 Iter  3         0.00        0.00      0.00         -        919.26  33526796.00        1216              0.08      1691
Compile-fusion optimization Phase 14 Iter  4         0.00        0.00      0.00         -        919.26  33526796.00        1216              0.08      1691
Compile-fusion optimization Phase 14 Iter  5         0.00        0.00      0.00         -        919.26  33526796.00        1216              0.08      1691
Corner Scaling is off, multiplier is 1.000000
Using default layer M4
new cutoff lpd: 3.18383e-05
corner scaling: maxCornerId = 3
corner=Fast, tran factor=0.839605 (0.028406 / 0.033833)
corner=Typical, tran factor=0.945497 (0.031989 / 0.033833)
corner=Slow, tran factor=1.000000 (0.033833 / 0.033833)
bmap: stepx = stepy = 30000
creating bmap
DB units per micron : 10000
Compile-fusion optimization Phase 14 Iter  6         0.00        0.00      0.00         -        919.26  33526796.00        1216              0.08      1691
Compile-fusion optimization Phase 14 Iter  7         0.00        0.00      0.00         -        919.26  33526796.00        1216              0.08      1691

Disable clock slack update for ideal clocks
Warning: Restoring scoped app option 'ropt.rbuf_subtree_crit_range' to original value 'unset' (from current value '-1', which is different from the scoped value '-1.0'). (FLW-2892)
Disable clock slack update for ideal clocks
Warning: Restoring scoped app option 'ropt.rbuf_subtree_crit_range' to original value 'unset' (from current value '-1', which is different from the scoped value '-1.0'). (FLW-2892)

Disable clock slack update for ideal clocks
Compile-fusion optimization Phase 16 Iter  1         0.00        0.00      0.00         -        919.26  33526796.00        1216              0.08      1691
INFO: cellmap features:  adv-rules=(N), pdc=(N), clock-rules=(Y)

Compile-fusion optimization summary            SETUP-COST    R2R-COST HOLD-COST LDRC-COST          AREA     LEAKAGE     INSTCNT            ELAPSE       MEM
Compile-fusion optimization Phase 17 Iter  1         0.00        0.00      0.00         -        919.26  33526796.00        1216              0.08      1691
INFO: New Levelizer turned on
Layer Demotion Info:
Bin                       OptDist       MinLen      BeforeCount       AfterCount        Diff
-----------------------------------------------------------------------------------------
None                         89.5          0.0             1646             1646           0
M4                           99.9          9.0                0                0           0
-----------------------------------------------------------------------------------------
Total Demoted Nets:             0


Information: Skipping dirty design check since timing is met or no cells in design
Compile-fusion optimization Phase 18 Iter  1         0.00        0.00      0.00         -        919.26  33526796.00        1216              0.08      1691
Number of Site types in the design = 1
INFO: Skipping activation of hold scenarios prior to CUS.
CCD app option: ccd.targeted_ccd_path_groups:  **clock_gating_default**
Target path group: scenario Normal_Fast pathgroup **clock_gating_default**
Target path group: scenario Normal_Slow pathgroup **clock_gating_default**
Target path group: scenario Normal_Typical pathgroup **clock_gating_default**
Target path group: scenario PowerSave_Fast pathgroup **clock_gating_default**
Target path group: scenario PowerSave_Slow pathgroup **clock_gating_default**
Target path group: scenario PowerSave_Typical pathgroup **clock_gating_default**
Information: CCD will use corner Slow for honoring max prepone/postpone limits

Summary of messages during CTS:
===============================================================
  Tag   Count  Type           Description
---------------------------------------------------------------
 No error or warning message.
Warning: No clock routing rules were specified. Use set_clock_routing_rules to specify routing rules for accurate clock latency estimation. (OPT-902)
Warning: No clock routing rules were specified. Use set_clock_routing_rules to specify routing rules for accurate clock latency estimation. (OPT-902)
Information: Estimating clock gate latencies for scenario 'PowerSave_Typical'. (OPT-909)
Warning: No clock routing rules were specified. Use set_clock_routing_rules to specify routing rules for accurate clock latency estimation. (OPT-902)
Information: Estimating clock gate latencies for scenario 'PowerSave_Slow'. (OPT-909)
Warning: No clock routing rules were specified. Use set_clock_routing_rules to specify routing rules for accurate clock latency estimation. (OPT-902)
Information: Estimating clock gate latencies for scenario 'PowerSave_Fast'. (OPT-909)
Warning: No clock routing rules were specified. Use set_clock_routing_rules to specify routing rules for accurate clock latency estimation. (OPT-902)
Information: Estimating clock gate latencies for scenario 'Normal_Typical'. (OPT-909)
Warning: No clock routing rules were specified. Use set_clock_routing_rules to specify routing rules for accurate clock latency estimation. (OPT-902)
Information: Estimating clock gate latencies for scenario 'Normal_Slow'. (OPT-909)
Warning: No clock routing rules were specified. Use set_clock_routing_rules to specify routing rules for accurate clock latency estimation. (OPT-902)
Information: Estimating clock gate latencies for scenario 'Normal_Fast'. (OPT-909)
INFO: Skipping deactivation of hold scenarios after CUS.
Number of Site types in the design = 1
Compile-fusion optimization Phase 18 Iter  2         0.00        0.00      0.00         -        919.26  33526796.00        1216              0.08      1691
Compile-fusion optimization Phase 18 Iter  3         0.00        0.00      0.00         -        919.26  33526796.00        1216              0.08      1691
Compile-fusion optimization Phase 18 Iter  4         0.00        0.00      0.00         -        919.26  33526796.00        1216              0.08      1691
Compile-fusion optimization Phase 18 Iter  5         0.00        0.00      0.00         -        919.26  33526796.00        1216              0.08      1691
Compile-fusion optimization Phase 18 Iter  6         0.00        0.00      0.00         -        919.26  33526796.00        1216              0.08      1691
Compile-fusion optimization Phase 18 Iter  7         0.00        0.00      0.00         -        919.26  33526796.00        1216              0.08      1691
Compile-fusion optimization Phase 18 Iter  8         0.00        0.00      0.00         -        919.26  33526796.00        1216              0.08      1691
Compile-fusion optimization Phase 18 Iter  9         0.00        0.00      0.00         -        919.26  33526796.00        1216              0.08      1691
Compile-fusion optimization Phase 18 Iter 10         0.00        0.00      0.00         -        919.26  33526796.00        1216              0.08      1691
Compile-fusion optimization Phase 18 Iter 11         0.00        0.00      0.00         -        919.26  33526796.00        1216              0.08      1691
Number of Site types in the design = 1
INFO: Skipping activation of hold scenarios prior to CUS.
CCD app option: ccd.targeted_ccd_path_groups:  **clock_gating_default**
Target path group: scenario Normal_Fast pathgroup **clock_gating_default**
Target path group: scenario Normal_Slow pathgroup **clock_gating_default**
Target path group: scenario Normal_Typical pathgroup **clock_gating_default**
Target path group: scenario PowerSave_Fast pathgroup **clock_gating_default**
Target path group: scenario PowerSave_Slow pathgroup **clock_gating_default**
Target path group: scenario PowerSave_Typical pathgroup **clock_gating_default**
Information: CCD will use corner Slow for honoring max prepone/postpone limits

Summary of messages during CTS:
===============================================================
  Tag   Count  Type           Description
---------------------------------------------------------------
 No error or warning message.
Warning: No clock routing rules were specified. Use set_clock_routing_rules to specify routing rules for accurate clock latency estimation. (OPT-902)
Warning: No clock routing rules were specified. Use set_clock_routing_rules to specify routing rules for accurate clock latency estimation. (OPT-902)
Information: Estimating clock gate latencies for scenario 'PowerSave_Typical'. (OPT-909)
Warning: No clock routing rules were specified. Use set_clock_routing_rules to specify routing rules for accurate clock latency estimation. (OPT-902)
Information: Estimating clock gate latencies for scenario 'PowerSave_Slow'. (OPT-909)
Warning: No clock routing rules were specified. Use set_clock_routing_rules to specify routing rules for accurate clock latency estimation. (OPT-902)
Information: Estimating clock gate latencies for scenario 'PowerSave_Fast'. (OPT-909)
Warning: No clock routing rules were specified. Use set_clock_routing_rules to specify routing rules for accurate clock latency estimation. (OPT-902)
Information: Estimating clock gate latencies for scenario 'Normal_Typical'. (OPT-909)
Warning: No clock routing rules were specified. Use set_clock_routing_rules to specify routing rules for accurate clock latency estimation. (OPT-902)
Information: Estimating clock gate latencies for scenario 'Normal_Slow'. (OPT-909)
Warning: No clock routing rules were specified. Use set_clock_routing_rules to specify routing rules for accurate clock latency estimation. (OPT-902)
Information: Estimating clock gate latencies for scenario 'Normal_Fast'. (OPT-909)
INFO: Skipping deactivation of hold scenarios after CUS.
Number of Site types in the design = 1
Compile-fusion optimization Phase 18 Iter 12         0.00        0.00      0.00         -        919.26  33526796.00        1216              0.08      1691
Corner Scaling is off, multiplier is 1.000000
Using default layer M4
new cutoff lpd: 3.18383e-05
corner scaling: maxCornerId = 3
corner=Fast, tran factor=0.839605 (0.028406 / 0.033833)
corner=Typical, tran factor=0.945497 (0.031989 / 0.033833)
corner=Slow, tran factor=1.000000 (0.033833 / 0.033833)
bmap: stepx = stepy = 30000
creating bmap
DB units per micron : 10000
Compile-fusion optimization Phase 18 Iter 13         0.00        0.00      0.00         -        919.26  33526796.00        1216              0.08      1691
Compile-fusion optimization Phase 18 Iter 14         0.00        0.00      0.00         -        919.26  33526796.00        1216              0.08      1691
Compile-fusion optimization Phase 18 Iter 15         0.00        0.00      0.00         -        919.26  33526796.00        1216              0.08      1691
Compile-fusion optimization Phase 18 Iter 16         0.00        0.00      0.00         -        919.26  33526796.00        1216              0.08      1691
Compile-fusion optimization Phase 18 Iter 17         0.00        0.00      0.00         -        919.26  33526796.00        1216              0.08      1691
Compile-fusion optimization Phase 18 Iter 18         0.00        0.00      0.00         -        919.26  33526796.00        1216              0.08      1691
Compile-fusion optimization Phase 18 Iter 19         0.00        0.00      0.00         -        919.26  33526796.00        1216              0.08      1691
Compile-fusion optimization Phase 18 Iter 20         0.00        0.00      0.00         -        919.26  33526796.00        1216              0.08      1691
Compile-fusion optimization Phase 18 Iter 21         0.00        0.00      0.00         -        919.26  33526796.00        1216              0.08      1691
Compile-fusion optimization Phase 18 Iter 22         0.00        0.00      0.00         -        919.26  33526796.00        1216              0.08      1691
Compile-fusion optimization Phase 18 Iter 23         0.00        0.00      0.00         -        919.26  33526796.00        1216              0.08      1691
Compile-fusion optimization Phase 18 Iter 24         0.00        0.00      0.00         -        919.26  33526796.00        1216              0.08      1691
Compile-fusion optimization Phase 18 Iter 25         0.00        0.00      0.00         -        919.26  33526796.00        1216              0.08      1691

Compile-fusion optimization Phase 19 Iter  1         0.00        0.00      0.00         -        919.26  33526796.00        1216              0.08      1691

Compile-fusion optimization Phase 20 Iter  1         0.00        0.00      0.00         -        919.26  33526796.00        1216              0.08      1691
INFO: New Levelizer turned on
Compile-fusion optimization Phase 20 Iter  2         0.00        0.00      0.00         -        918.15  33428564.00        1216              0.08      1691
INFO: New Levelizer turned on

Disable clock slack update for ideal clocks
Compile-fusion optimization summary            SETUP-COST    R2R-COST HOLD-COST LDRC-COST          AREA     LEAKAGE     INSTCNT            ELAPSE       MEM
Compile-fusion optimization Phase 21 Iter  1         0.00        0.00      0.00         -        917.93  33418748.00        1216              0.08      1691
INFO: cellmap features:  adv-rules=(N), pdc=(N), clock-rules=(Y)

Compile-fusion optimization Phase 22 Iter  1         0.00        0.00      0.00         -        917.88  33411198.00        1216              0.08      1691
Warning: Restoring scoped app option 'xform.commit_density_threshold' to original value 'unset' (from current value '1.1', which is different from the scoped value '1.100000'). (FLW-2892)
Warning: Restoring scoped app option 'ropt.rutil_density_threshold' to original value 'unset' (from current value '1.1', which is different from the scoped value '1.100000'). (FLW-2892)
Warning: Restoring scoped app option 'opt.internal.levfilter_arec_slack' to original value 'unset' (from current value '-1', which is different from the scoped value '-1.0'). (FLW-2892)

Disable clock slack update for ideal clocks
Compile-fusion optimization Phase 23 Iter  1         0.00        0.00      0.00         -        917.88  33411198.00        1216              0.08      1691
INFO: cellmap features:  adv-rules=(N), pdc=(N), clock-rules=(Y)

Compile-fusion optimization Phase 24 Iter  1         0.00        0.00      0.00         -        917.88  33399802.00        1216              0.08      1691
ISR-INFO:  Running path margin based recovery (target = 0.0000, multiplier = 0.7000, mode = 0)
INFO: New Levelizer turned on
Knee-Processing :  cumEst: 0.00052207 cumPct:    86.75 estdown: 0.00007974 cumUp:   51 numDown:  101 status= valid
Knee-Processing :  cumEst: 0.00060170 cumPct:    99.98 estdown: 0.00000011 cumUp:  100 numDown:   52 status= valid
Knee-Processing :  cumEst: 0.00060181 cumPct:   100.00 estdown: 0.00000000 cumUp:  877 numDown:    0 status= valid


Compile-fusion optimization Phase 26 Iter  1         0.00        0.00      0.00         -        917.88  33395302.00        1216              0.08      1691
LAO is disable, refresh para
Information: The net parasitics of block dut_toplevel are cleared. (TIM-123)
Information: The stitching and editing of coupling caps is turned OFF for design 'dut_toplevel.dlib:dut_toplevel/placement_and_optimization.design'. (TIM-125)

Compile-fusion optimization Phase 27 Iter  1         0.00        0.00      0.00         -        917.88  33395302.00        1216              0.08      1691
INFO: New Levelizer turned on
Layer Demotion Info:
Bin                       OptDist       MinLen      BeforeCount       AfterCount        Diff
-----------------------------------------------------------------------------------------
None                         89.5          0.0             1646             1646           0
M4                           99.9          9.0                0                0           0
-----------------------------------------------------------------------------------------
Total Demoted Nets:             0


Compile-fusion optimization Phase 28 Iter  1         0.00        0.00      0.00         -        917.88  33395302.00        1216              0.08      1691

Compile-fusion optimization Phase 29 Iter  1         0.00        0.00      0.00         -        917.88  33395302.00        1216              0.08      1691
Compile-fusion optimization Phase 29 Iter  2         0.00        0.00      0.00         -        917.88  33395302.00        1216              0.08      1691
Compile-fusion optimization Phase 29 Iter  3         0.00        0.00      0.00         -        917.88  33395302.00        1216              0.08      1691
Compile-fusion optimization Phase 29 Iter  4         0.00        0.00      0.00         -        917.88  33395302.00        1216              0.08      1691
Compile-fusion optimization Phase 29 Iter  5         0.00        0.00      0.00         -        917.88  33395302.00        1216              0.08      1691
Compile-fusion optimization Phase 29 Iter  6         0.00        0.00      0.00         -        917.88  33395302.00        1216              0.08      1691
Compile-fusion optimization Phase 29 Iter  7         0.00        0.00      0.00         -        917.88  33395302.00        1216              0.08      1691
Compile-fusion optimization Phase 29 Iter  8         0.00        0.00      0.00         -        917.88  33395302.00        1216              0.08      1691
Compile-fusion optimization Phase 29 Iter  9         0.00        0.00      0.00         -        917.88  33395302.00        1216              0.08      1691
Compile-fusion optimization Phase 29 Iter 10         0.00        0.00      0.00         -        917.88  33395302.00        1216              0.08      1691
Corner Scaling is off, multiplier is 1.000000
Using default layer M4
new cutoff lpd: 3.18383e-05
corner scaling: maxCornerId = 3
corner=Fast, tran factor=0.839605 (0.028406 / 0.033833)
corner=Typical, tran factor=0.945497 (0.031989 / 0.033833)
corner=Slow, tran factor=1.000000 (0.033833 / 0.033833)
bmap: stepx = stepy = 30000
creating bmap
DB units per micron : 10000
Compile-fusion optimization Phase 29 Iter 11         0.00        0.00      0.00         -        917.88  33395302.00        1216              0.08      1691
Compile-fusion optimization Phase 29 Iter 12         0.00        0.00      0.00         -        917.88  33395302.00        1216              0.08      1691
Compile-fusion optimization Phase 29 Iter 13         0.00        0.00      0.00         -        917.88  33395302.00        1216              0.08      1691
Compile-fusion optimization Phase 29 Iter 14         0.00        0.00      0.00         -        917.88  33395302.00        1216              0.08      1691
Compile-fusion optimization Phase 29 Iter 15         0.00        0.00      0.00         -        917.88  33395302.00        1216              0.08      1691
Compile-fusion optimization Phase 29 Iter 16         0.00        0.00      0.00         -        917.88  33395302.00        1216              0.08      1691

Disable clock slack update for ideal clocks
INFO:  SEQ DEL WNS is protecting TNS
INFO:  SEQ DEL WNS is protecting TNS
Compile-fusion optimization Phase 30 Iter  1         0.00        0.00      0.00         -        917.88  33395302.00        1216              0.08      1691
INFO: cellmap features:  adv-rules=(N), pdc=(N), clock-rules=(Y)

Compile-fusion optimization Phase 31 Iter  1         0.00        0.00      0.00         0        917.88  33395302.00        1216              0.08      1691
INFO: New Levelizer turned on
Compile-fusion optimization Phase 31 Iter  2         0.00        0.00      0.00         0        917.88  33395302.00        1216              0.08      1691
Compile-fusion optimization Phase 31 Iter  3         0.00        0.00      0.00         0        917.88  33395302.00        1216              0.08      1691



Compile-fusion optimization Phase 34 Iter  1         0.00        0.00      0.00         0        917.88  33395302.00        1216              0.08      1691

Information: Ending   compile_fusion / initial_opto / Optimization (5) (FLW-8001)
Information: Time: 2025-06-18 13:02:36 / Session:  00:04:47 / Command:  00:01:41 / CPU:  00:05:19 / Memory: 1691 MB (FLW-8100)
Information: CPU Load: 31%, Ram Free: 38 GB, Swap Free: 1 GB, Work Disk Free: 308 GB, Tmp Disk Free: 308 GB (MSG-3995)

Compile-fusion optimization Phase 36 Iter  1         0.00        0.00      0.00         0        917.88  33395302.00        1216              0.08      1691


Compile-fusion optimization summary            SETUP-COST    R2R-COST HOLD-COST LDRC-COST          AREA     LEAKAGE     INSTCNT            ELAPSE       MEM
Compile-fusion optimization complete                 0.00        0.00      0.00         0        917.88  33395302.00        1216              0.08      1691
[Tim-Power] Info: Cleared Leakage libCell cache.
Information: The net parasitics of block dut_toplevel are cleared. (TIM-123)
Co-efficient Ratio Summary:
4.193421605155  6.578038173730  2.479639287277  7.744187540401  0.485050000353  3.179565833784  5.567214754587  2.894454387461  6.565921217863  9.017937505874  6.690708600933  9.863421802913  6.078243164085  2.744209641123  8.318117704907  9.699225026083
2.464623950064  1.382370221226  9.387184029619  3.142429406669  0.968752789964  6.613180723294  4.146578793224  7.876358918112  2.191135103696  0.963734141094  5.296276243881  3.840442367502  3.750326253169  7.663459142299  6.212203267950  7.759678473967
7.862243056717  0.402387977150  0.032845095897  0.596111512371  4.701287396892  7.205135512169  8.278351398268  1.183725190997  3.334436408244  5.867609731622  0.452294185364  9.669800130659  7.591507547087  7.632107693266  7.679070163326  9.831314288630
1.878805817968  3.230072343579  1.226270037366  7.050450594780  2.403928173631  6.139852544054  4.100210066110  1.274718589655  4.570746653063  5.624878808820  0.152236453678  4.759124659151  5.409147126377  2.609824952834  0.626144638674  6.381676652919
9.187474022435  0.513656796661  5.027570618502  6.119813546103  6.181472312107  1.581675365776  7.486041822107  9.584562469756  2.041727387119  3.921160867338  3.986867882345  9.472449143397  3.368504594994  4.897112849020  6.860141344452  2.000104051691
9.095345907460  2.197041709393  0.915900067224  5.466092408426  8.142690055883  4.607193265224  8.244463794567  3.504870705451  1.682716012888  7.173433718510  2.265941908373  3.617843913571  8.946892837652  1.169960832707  4.529948756262  3.090979409795
5.580726136774  1.131397763391  0.721709625035  7.515947517690  0.649322209371  1.017031043513  5.811519666269  5.826730883342  4.349383292435  0.216216918317  2.948521622527  7.311147923092  0.823639341628  0.356162586693  8.022011669284  2.603132585844
5.024802551144  1.359359521134  5.407563451082  2.804123577518  1.265300052200  0.417760313533  1.833872465081  6.448557737188  4.848373112548  2.936801055033  1.907873324225  4.212396557508  9.007747470112  3.308108478452  5.607473209985  8.514743640423
2.764676979215  9.324216938551  1.551199989778  2.300508302625  0.754685030179  1.961421411696  2.781303341418  3.355375155650  9.437909893602  9.136702642545  2.372878808464  9.978462310870  7.467578334047  3.171275021421  9.815922840044  4.331414637138
0.413524984142  3.309910198490  7.452798206984  1.902827024529  5.623407259547  7.269363008696  3.367403103784  7.093641515702  7.411336156476  6.944246976650  8.581134521087  4.802170562045  3.894522063832  4.531611719342  1.605157757803  8.173730247963
9.287277774299  7.540401048386  0.000353317737  5.833784656721  4.754587289445  4.387461656592  1.217863901793  7.505874310467  0.800933986343  9.509851607812  6.216654874420  8.341114756574  5.604028569922  5.026084546462  3.950066238237  0.221226938718
4.029619314024  9.406669096657  2.789964661190  0.723294514657  8.793224787635  8.918112219113  5.103696096373  4.141094270014  8.443881384045  0.064440375020  9.305738366345  8.842280546983  1.167071375967  8.473968086224  3.056719140238  7.977150003284
5.095897059493  1.512371470900  7.396892720395  5.512169927835  1.398268118372  5.190997333443  6.408244586760  9.731622717389  4.385364966981  9.999761759148  0.699656363210  6.393257682660  8.063447583131  4.288631487880  5.817920423007  2.343539122627
0.037326705045  0.494780240392  8.173631613985  2.544054410021  0.066110127471  8.589655457074  6.653063562487  8.808820782685  7.253678475913  3.418263540902  0.278946860982  3.652825987377  2.538795238167  6.652910218747  4.022497151365  6.796621502757
0.618562611981  3.446103618147  2.312107158167  5.365776748604  1.822107958456  2.469756204172  7.387119392116  0.867338065048  8.682345947245  8.902409336848  7.646563089711  1.549011501777  9.244573800010  4.051692209534  5.907681319704  1.709512091590
0.067443546609  2.308426814269  0.055883460719  3.265224824446  3.794567350487  0.705451168271  6.012888717343  3.718510993956  2.708373361785  2.772683894677  5.989221716996  9.532798377657  6.656383909097  9.409796858072  6.136995213139  7.763510072170
9.625254751594  7.417690064932  2.209371101703  1.043513581151  9.666269582673  0.883342434938  3.292435021621  6.918317961214  2.422527731115  6.782104082351  2.493297635616  1.286684727964  9.569305860313  2.585845802480  2.551365235935  9.521353540756
3.451201280412  3.477518126530  0.052200041776  0.313533183387  2.465081644855  7.737188484837  3.112548293680  1.055033867149  4.124225421230  5.316610900762  0.522781930810  7.178443485400  1.109006451474  3.640424576467  6.979436032421  6.938770155119
9.989997230050  8.202625075468  5.030179196142  1.411696278130  3.341418335537  5.155650943790  9.893602913670  2.642545902020  9.208464997847  1.495117746745  0.086616917127  4.721412806255  0.740165033141  4.637139341352  4.984363430991  0.198619745279
8.206103190282  7.924529562340  7.259547726936  3.008696336740  3.103784709364  1.515702741133  6.156476694424  6.976650523956  5.921087480218  9.647382389440  4.704606253161  0.419333852075  5.657924417373  0.247964228727  7.774410854040  1.048505000035
3.317956583378  4.556721475458  7.289445438746  1.656592121786  3.901793750587  4.310467080093  3.986343950985  1.607812396408  5.274420834112  3.831811560490  0.200031302608  3.246453073129  4.138358622122  6.938719702961  9.314244040666  9.096875278996
4.661318072329  4.414657879322  4.787635891811  2.219113510369  6.096373414109  4.270014844388  1.384045006444  0.375020605316  9.766345884229  9.621220116795  3.016076647396  7.786215083794  7.040359397715  0.003285809589  7.059613251237  1.470128739689
2.720513551216  9.827835139826  8.118372519099  7.333443640824  4.586760973162  2.717389438536  4.966981999976  1.759148734708  7.763210639326  6.767907806332  9.212011628863  0.187871269815  8.323128834353  9.122628303732  6.705047149478  0.240392817363
1.613985254405  4.410021006611  0.127471858965  5.457074665306  3.562487880882  0.782685725367  8.475913341826  3.540902792637  7.260982365283  4.062614253867  7.967697865291  9.918738180362  5.051486279662  1.502758361856  2.611983444610  3.618147231210
7.158167536577  6.748604182210  7.958456246975  6.204172738711  9.392116086733  8.065048868234  5.947245890240  9.336848439499  4.489711154902  0.686014924445  5.539540605169  1.909525278881  9.219825770951  2.091591306744  3.546601330842  6.814269005588
3.460719326522  4.824446379456  7.350487070545  1.168271601288  8.717343371851  0.993956270837  3.361785277268  3.894677263765  2.116996953270  7.452994665626  5.638527140979  5.558063391712  3.113250376351  0.072171262525  4.751596841769  0.064932220937
1.101703104351  3.581151966626  9.582673088334  2.434938329243  5.021621691831  7.961214242252  7.731115678210  4.082351914162  8.035616128669  3.802201956928  7.599843458584  4.502471933259  3.135056552135  3.540757645120  1.280414447751  8.126530005220
0.041776031353  3.183387246508  1.644855773718  8.484837311254  8.293680105503  3.867149412422  5.421230531661  0.900762727011  2.330810717845  2.560747110998  8.180904564042  3.276458375066  4.932542293877  0.155110298999  7.230052920262  5.075468503017
9.196142141169  6.278130334141  8.335537515565  0.943790989360  2.913670264254  5.902020920846  4.997847149511  7.746745773404  7.317127472142  1.981592074004  7.762671663713  8.041343176559  1.330012619861  9.745270120610  3.190284892452  9.562340725954
7.726936300869  6.336740310378  4.709364151570  2.741133615647  6.694424697665  0.523956592108  7.480218964738  2.389440146383  2.453161041934  2.160515565780  6.146803224796  3.928718455564  8.754161704850  5.000036631795  6.583370555672  1.475458728944
5.438746165659  2.121786390179  3.750587431046  7.080093398634  3.950985160781  2.396408527442  0.834112383181  1.560490796992  2.502608324646  2.395006413823  0.351652893871  8.402952619547  2.940787509687  5.278997766131  8.072321541465  7.879322478763
5.891811221911  3.510369609637  3.414109427001  4.844388138404  5.006444037502  0.605316976634  5.884229962122  0.116795077596  7.847396778622  4.305671704023  1.026245200328  4.509570483084  1.151358747012  8.739680572051  3.551218082783  5.139826811837
2.519099733344  3.640824458676  0.973162271738  9.438536496698  1.999976175914  8.734708776321  0.639326676790  7.806332698313  1.428863018788  0.581792832300  0.563883112262  7.003723358627  5.049599624039  2.817364461398  5.254407541002  1.006611012747
1.858965545707  4.665306356248  7.880882078268  5.725367847591  3.341826354090  2.792637726098  2.365283406261  4.253867463816  7.665291991874  7.402249505136  8.908192350275  7.061847949211  1.344731961814  7.231211015816  7.536579774860  4.182210795845
6.246975620417  2.738711939211  6.086733806504  8.868234594724  5.890240933684  8.439499448971  1.154902068601  4.924445220001  0.405169190953  4.590768921970  7.409481409159  0.006735032783  9.230963281426  9.005589646071  9.326524582444  6.379456735048
7.070545116827  1.601288871734  3.371851099395  6.270837336178  5.277268389467  7.263765211699  6.953270745299  4.665626230909  7.940979555807  2.613699311313  2.005881207217  0.962516153272  4.741880606493  2.220938410170  3.104353458115  1.966626958267
Information: The stitching and editing of coupling caps is turned OFF for design 'dut_toplevel.dlib:dut_toplevel/placement_and_optimization.design'. (TIM-125)

Compile-fusion final QoR
________________________
Scenario Mapping Table
1: Normal_Fast
2: Normal_Slow
3: Normal_Typical
4: PowerSave_Fast
5: PowerSave_Slow
6: PowerSave_Typical

Pathgroup Mapping Table
1: **default**
2: **async_default**
3: **clock_gating_default**
4: **in2reg_default**
5: **reg2out_default**
6: **in2out_default**
7: clk

-------------------------------------------------------------------------------------------------------------------------------------------------------------
PATHGROUP QOR 
-------------------------------------------------------------------------------------------------------------------------------------------------------------
Scene  PG      WNS        TNS    NSV      WHV        THV    NHV
    1   1   0.0000     0.0000      0        -          -      -
    1   2   0.0000     0.0000      0        -          -      -
    1   3   0.0000     0.0000      0        -          -      -
    1   4   0.0000     0.0000      0        -          -      -
    1   5   0.0000     0.0000      0        -          -      -
    1   6   0.0000     0.0000      0        -          -      -
    1   7   0.0000     0.0000      0        -          -      -
    2   1   0.0000     0.0000      0        -          -      -
    2   2   0.0000     0.0000      0        -          -      -
    2   3   0.0000     0.0000      0        -          -      -
    2   4   0.0000     0.0000      0        -          -      -
    2   5   0.0000     0.0000      0        -          -      -
    2   6   0.0000     0.0000      0        -          -      -
    2   7   0.0000     0.0000      0        -          -      -
    3   1   0.0000     0.0000      0        -          -      -
    3   2   0.0000     0.0000      0        -          -      -
    3   3   0.0000     0.0000      0        -          -      -
    3   4   0.0000     0.0000      0        -          -      -
    3   5   0.0000     0.0000      0        -          -      -
    3   6   0.0000     0.0000      0        -          -      -
    3   7   0.0000     0.0000      0        -          -      -
    4   1   0.0000     0.0000      0        -          -      -
    4   2   0.0000     0.0000      0        -          -      -
    4   3   0.0000     0.0000      0        -          -      -
    4   4   0.0000     0.0000      0        -          -      -
    4   5   0.0000     0.0000      0        -          -      -
    4   6   0.0000     0.0000      0        -          -      -
    4   7   0.0000     0.0000      0        -          -      -
    5   1   0.0000     0.0000      0        -          -      -
    5   2   0.0000     0.0000      0        -          -      -
    5   3   0.0000     0.0000      0        -          -      -
    5   4   0.0000     0.0000      0        -          -      -
    5   5   0.0000     0.0000      0        -          -      -
    5   6   0.0000     0.0000      0        -          -      -
    5   7   0.0000     0.0000      0        -          -      -
    6   1   0.0000     0.0000      0        -          -      -
    6   2   0.0000     0.0000      0        -          -      -
    6   3   0.0000     0.0000      0        -          -      -
    6   4   0.0000     0.0000      0        -          -      -
    6   5   0.0000     0.0000      0        -          -      -
    6   6   0.0000     0.0000      0        -          -      -
    6   7   0.0000     0.0000      0        -          -      -
----------------------------------------------------------------------------------------------------------------------------------------------------------------------
SCENARIO QOR 
----------------------------------------------------------------------------------------------------------------------------------------------------------------------
Scene  PG      WNS        TNS   R2RTNS    NSV      WHV        THV    NHV  MaxTrnV   MaxTranC  MaxCapV    Leakage     CellEMV
    1   *   0.0000     0.0000   0.0000      0        -          -      -        0     0.0000        0 33395302.0           0
    2   *   0.0000     0.0000   0.0000      0        -          -      -        0     0.0000        0  16780.049           0
    3   *   0.0000     0.0000   0.0000      0        -          -      -        0     0.0000        0 316767.281           0
    4   *   0.0000     0.0000   0.0000      0        -          -      -        0     0.0000        0 33395302.0           0
    5   *   0.0000     0.0000   0.0000      0        -          -      -        0     0.0000        0  16780.049           0
    6   *   0.0000     0.0000   0.0000      0        -          -      -        0     0.0000        0 316767.281           0
----------------------------------------------------------------------------------------------------------------------------------------------------------------------
DESIGN QOR 
----------------------------------------------------------------------------------------------------------------------------------------------------------------------
Scene  PG      WNS        TNS   R2RTNS    NSV      WHV        THV    NHV  MaxTrnV   MaxTranC  MaxCapV    Leakage         Area    InstCnt     BufCnt     InvCnt     CellEMV
    *   *   0.0000     0.0000   0.0000      0   0.0000     0.0000      0        0     0.0000        0 33395302.0       917.88       1216         13         21           0
----------------------------------------------------------------------------------------------------------------------------------------------------------------------

Compile-fusion final QoR Summary         WNS        TNS   R2RTNS    NSV      WHV        THV    NHV  MaxTrnV  MaxCapV    Leakage         Area    InstCnt
Compile-fusion final QoR Summary      0.0000     0.0000   0.0000      0   0.0000     0.0000      0        0        0 33395302.0       917.88       1216

Compile-fusion command complete                CPU:   912 s (  0.25 hr )  ELAPSE:   289 s (  0.08 hr )  MEM-PEAK:  1691 MB
Compile-fusion command statistics  CPU=85 sec (0.02 hr) ELAPSED=23 sec (0.01 hr) MEM-PEAK=1.651 GB
[Tim-Power] Info: Cleared Leakage libCell cache.

[Tim-Power] Info: Cleared Leakage libCell cache.
Information: Summary of UPF Cells (UPF-532)
*******************************************************************************
                            Summary of UPF Cells                               
*******************************************************************************
This is NOT a UPF design.
UPF is NOT loaded.
UPF is NOT committed.
-------------------------------------------------------------------------------
*******************************************************************************
                        End of Summary of UPF Cells                            
*******************************************************************************
Information: Ending   compile_fusion / initial_opto (FLW-8001)
Information: Time: 2025-06-18 13:02:38 / Session:  00:04:48 / Command:  00:01:42 / CPU:  00:05:23 / Memory: 1691 MB (FLW-8100)
Information: CPU Load: 31%, Ram Free: 38 GB, Swap Free: 1 GB, Work Disk Free: 308 GB, Tmp Disk Free: 308 GB (MSG-3995)

Information: >>>>>>> 9 unique error and warning message tags while observing compile_fusion / initial_opto: (MSG-3100)
Information: #prnt #trgr #lmt    Tag  Level     Format (or last printed message)                                (MSG-3036)
Information:     2     1  0 DFT-1991  WARNING   Warning: SCANDEF based Optimization skipped: No ScanDEF chai... (MSG-3032)
Information:    32    16  0 FLW-2892  WARNING   Warning: Restoring scoped app option 'opt.internal.levfilter... (MSG-3032)
Information:     2     1  0 ZRT-511   WARNING   Warning: Cell contains tie connections which are not connect... (MSG-3032)
Information:    42     7  0 ZRT-026   WARNING   Warning: Layer MRDL default pitch 4.000 may be too small to ... (MSG-3032)
Information:     4     1  0 ZRT-763   WARNING   Warning: Cell ctmi_2149 is placed overlapping with other cel... (MSG-3032)
Information:     1     1  0 CTS-038   WARNING   Warning: No clock routing rule is specified. (CTS-038)          (MSG-3032)
Information:    21     7  0 OPT-070   WARNING   Warning: Cannot find any max transition constraint on the de... (MSG-3032)
Information:   226    20  0 OPT-902   WARNING   Warning: No clock routing rules were specified. Use set_cloc... (MSG-3032)
Information:    51    16  5 LGL-050   WARNING   Warning: Library cell saed14rvt_frame_timing:SAEDRVT14_DCAP_... (MSG-3032)
Information:   381    70  1        9  <------   Total sum of messages (MSG-3038)
Information: >>>>>>> Summary: 70 error&warning MSGs observed during compile_fusion / initial_opto (MSG-3103)

INFO: compile_fusion is running in balanced flow mode
Warning: Cannot find any max transition constraint on the design. (OPT-070)
INFO: Leakage Power Aware Optimization Enabled
Information: The automatic clock gate timing flow is activated. Clock latencies set on clock gate cells will be automatically adjusted by an estimate for latency. (CGT-4005)
INFO: EarlyGR flow is not enabled.
.INFO: disable CRPR-based timing. 
Number of Site types in the design = 1
Setting up Chip Core
Chip Core shape: (50000 50000) (531000 338000)
Number of VARs = 1
Number of unique PDs = 1
Number of Power Domains = 1
Number of Voltage Areas = 1
Number of supply Nets = 2
Number of used supplies = 0
Blocked VAs: 
CCD app option: ccd.targeted_ccd_path_groups:  **clock_gating_default**
Target path group: scenario Normal_Fast pathgroup **clock_gating_default**
Target path group: scenario Normal_Slow pathgroup **clock_gating_default**
Target path group: scenario Normal_Typical pathgroup **clock_gating_default**
Target path group: scenario PowerSave_Fast pathgroup **clock_gating_default**
Target path group: scenario PowerSave_Slow pathgroup **clock_gating_default**
Target path group: scenario PowerSave_Typical pathgroup **clock_gating_default**
Information: CCD will use corner Slow for honoring max prepone/postpone limits
Information: Useful skew copied/scaled 0 balance points and 0 clock latencies. (CCD-103)

Summary of messages during CTS:
===============================================================
  Tag   Count  Type           Description
---------------------------------------------------------------
 No error or warning message.

----------------------------------------------------------------------------------------------------------
Information: Starting compile_fusion / final_place (FLW-8000)
Information: Time: 2025-06-18 13:02:38 / Session:  00:04:49 / Command:  00:01:43 / CPU:  00:05:24 / Memory: 1691 MB (FLW-8100)
Information: CPU Load: 31%, Ram Free: 38 GB, Swap Free: 1 GB, Work Disk Free: 308 GB, Tmp Disk Free: 308 GB (MSG-3995)
----------------------------------------------------------------------------------------------------------



Compile-fusion optimization Phase 4 Iter  1          0.00        0.00         -         -        917.88  33395302.00        1216              0.08      1691


Information: Starting compile_fusion / final_place / Optimization (FLW-8000)
Information: Time: 2025-06-18 13:02:39 / Session:  00:04:49 / Command:  00:01:43 / CPU:  00:05:26 / Memory: 1691 MB (FLW-8100)
Information: CPU Load: 31%, Ram Free: 38 GB, Swap Free: 1 GB, Work Disk Free: 308 GB, Tmp Disk Free: 308 GB (MSG-3995)

Compile-fusion command begin                   CPU:   917 s (  0.25 hr )  ELAPSE:   290 s (  0.08 hr )  MEM-PEAK:  1691 MB
Warning: Cannot find any max transition constraint on the design. (OPT-070)
Info: update em.

Compile-fusion timing update complete          CPU:   917 s (  0.25 hr )  ELAPSE:   290 s (  0.08 hr )  MEM-PEAK:  1691 MB

Compile-fusion initial QoR
__________________________
Scenario Mapping Table
1: Normal_Fast
2: Normal_Slow
3: Normal_Typical
4: PowerSave_Fast
5: PowerSave_Slow
6: PowerSave_Typical

Pathgroup Mapping Table
1: **default**
2: **async_default**
3: **clock_gating_default**
4: **in2reg_default**
5: **reg2out_default**
6: **in2out_default**
7: clk

-------------------------------------------------------------------------------------------------------------------------------------------------------------
PATHGROUP QOR 
-------------------------------------------------------------------------------------------------------------------------------------------------------------
Scene  PG      WNS        TNS    NSV      WHV        THV    NHV
    1   1   0.0000     0.0000      0        -          -      -
    1   2   0.0000     0.0000      0        -          -      -
    1   3   0.0000     0.0000      0        -          -      -
    1   4   0.0000     0.0000      0        -          -      -
    1   5   0.0000     0.0000      0        -          -      -
    1   6   0.0000     0.0000      0        -          -      -
    1   7   0.0000     0.0000      0        -          -      -
    2   1   0.0000     0.0000      0        -          -      -
    2   2   0.0000     0.0000      0        -          -      -
    2   3   0.0000     0.0000      0        -          -      -
    2   4   0.0000     0.0000      0        -          -      -
    2   5   0.0000     0.0000      0        -          -      -
    2   6   0.0000     0.0000      0        -          -      -
    2   7   0.0000     0.0000      0        -          -      -
    3   1   0.0000     0.0000      0        -          -      -
    3   2   0.0000     0.0000      0        -          -      -
    3   3   0.0000     0.0000      0        -          -      -
    3   4   0.0000     0.0000      0        -          -      -
    3   5   0.0000     0.0000      0        -          -      -
    3   6   0.0000     0.0000      0        -          -      -
    3   7   0.0000     0.0000      0        -          -      -
    4   1   0.0000     0.0000      0        -          -      -
    4   2   0.0000     0.0000      0        -          -      -
    4   3   0.0000     0.0000      0        -          -      -
    4   4   0.0000     0.0000      0        -          -      -
    4   5   0.0000     0.0000      0        -          -      -
    4   6   0.0000     0.0000      0        -          -      -
    4   7   0.0000     0.0000      0        -          -      -
    5   1   0.0000     0.0000      0        -          -      -
    5   2   0.0000     0.0000      0        -          -      -
    5   3   0.0000     0.0000      0        -          -      -
    5   4   0.0000     0.0000      0        -          -      -
    5   5   0.0000     0.0000      0        -          -      -
    5   6   0.0000     0.0000      0        -          -      -
    5   7   0.0000     0.0000      0        -          -      -
    6   1   0.0000     0.0000      0        -          -      -
    6   2   0.0000     0.0000      0        -          -      -
    6   3   0.0000     0.0000      0        -          -      -
    6   4   0.0000     0.0000      0        -          -      -
    6   5   0.0000     0.0000      0        -          -      -
    6   6   0.0000     0.0000      0        -          -      -
    6   7   0.0000     0.0000      0        -          -      -
----------------------------------------------------------------------------------------------------------------------------------------------------------------------
SCENARIO QOR 
----------------------------------------------------------------------------------------------------------------------------------------------------------------------
Scene  PG      WNS        TNS   R2RTNS    NSV      WHV        THV    NHV  MaxTrnV   MaxTranC  MaxCapV    Leakage     CellEMV
    1   *   0.0000     0.0000   0.0000      0        -          -      -        0     0.0000        0 33395302.0           0
    2   *   0.0000     0.0000   0.0000      0        -          -      -        0     0.0000        0  16780.049           0
    3   *   0.0000     0.0000   0.0000      0        -          -      -        0     0.0000        0 316767.281           0
    4   *   0.0000     0.0000   0.0000      0        -          -      -        0     0.0000        0 33395302.0           0
    5   *   0.0000     0.0000   0.0000      0        -          -      -        0     0.0000        0  16780.049           0
    6   *   0.0000     0.0000   0.0000      0        -          -      -        0     0.0000        0 316767.281           0
----------------------------------------------------------------------------------------------------------------------------------------------------------------------
DESIGN QOR 
----------------------------------------------------------------------------------------------------------------------------------------------------------------------
Scene  PG      WNS        TNS   R2RTNS    NSV      WHV        THV    NHV  MaxTrnV   MaxTranC  MaxCapV    Leakage         Area    InstCnt     BufCnt     InvCnt     CellEMV
    *   *   0.0000     0.0000   0.0000      0   0.0000     0.0000      0        0     0.0000        0 33395302.0       917.88       1216         13         21           0
----------------------------------------------------------------------------------------------------------------------------------------------------------------------

Compile-fusion initial QoR Summary       WNS        TNS   R2RTNS    NSV      WHV        THV    NHV  MaxTrnV  MaxCapV    Leakage         Area    InstCnt
Compile-fusion initial QoR Summary    0.0000     0.0000   0.0000      0   0.0000     0.0000      0        0        0 33395302.0       917.88       1216
Information: The netlist change observers are disabled for incremental extraction. (TIM-126)
INFO: using 12 threads
Compile-fusion initialization complete         CPU:   933 s (  0.26 hr )  ELAPSE:   291 s (  0.08 hr )  MEM-PEAK:  1691 MB
Compile-fusion optimization summary            SETUP-COST    R2R-COST HOLD-COST LDRC-COST          AREA     LEAKAGE     INSTCNT            ELAPSE       MEM
Warning: Cannot find any max transition constraint on the design. (OPT-070)
Information: The netlist change observers are enabled for incremental extraction. (TIM-127)

Information: Initializing classic cellmap without advanced rules enabled and without PDC enabled
Information: The following app options are used in cellmap
        place.legalize.enable_color_aware_placement : false
        place.legalize.use_nll_query_cm : false
        place.legalize.enable_advanced_legalizer : false
        place.legalize.enable_prerouted_net_check : false
        place.legalize.enable_advanced_prerouted_net_check : false
        place.legalize.always_continue : true
        place.legalize.limit_legality_checks : false
        place.common.pnet_aware_density : 1.0000
        place.common.pnet_aware_min_width : 0.0000
        place.common.pnet_aware_layers : {}
        place.common.use_placement_model : false
        place.common.enable_advanced_placement_model : true
        cts.placement.cell_spacing_rule_style : maximum
Warning: Library cell saed14rvt_frame_timing:SAEDRVT14_ISOFSDPQ_PECO_8.frame is missing supply pins. Its power structure cannot be determined. (LGL-050)
Warning: Library cell saed14rvt_frame_timing:SAEDRVT14_DCAP_PV1ECO_12.frame is missing supply pins. Its power structure cannot be determined. (LGL-050)
Total 0.0085 seconds to build cellmap data
INFO: creating 22(r) x 33(c) GridCells YDim 1.8 XDim 1.8
INFO: number of GridCells (0xe2c70cc0): 726
INFO: creating 22(r) x 33(c) GridCells YDim 1.8 XDim 1.8
INFO: number of GridCells (0xe2c70cc0): 726
Total 0.0159 seconds to load 1694 cell instances into cellmap
Moveable cells: 1216; Application fixed cells: 0; Macro cells: 0; User fixed cells: 478
Average cell width 1.2581, cell height 0.6000, cell area 0.7548 for total 1216 placed and application fixed cells
Compile-fusion optimization Phase 8 Iter  1          0.00        0.00      0.00         0        917.88  33395302.00        1216              0.08      1691
Corner Scaling is off, multiplier is 1.000000
Corner Scaling is off, multiplier is 1.000000
Using default layer M4
new cutoff lpd: 3.18383e-05
corner scaling: maxCornerId = 3
corner=Fast, tran factor=0.839605 (0.028406 / 0.033833)
corner=Typical, tran factor=0.945497 (0.031989 / 0.033833)
corner=Slow, tran factor=1.000000 (0.033833 / 0.033833)
bmap: stepx = stepy = 30000
creating bmap
DB units per micron : 10000
INFO: New Levelizer turned on
Compile-fusion optimization Phase 8 Iter  2          0.00        0.00      0.00         0        917.88  33395302.00        1216              0.08      1691

Compile-fusion optimization Phase 9 Iter  1          0.00        0.00      0.00         0        917.88  33395302.00        1216              0.08      1691

Information: Ending   compile_fusion / final_place / Optimization (FLW-8001)
Information: Time: 2025-06-18 13:02:42 / Session:  00:04:53 / Command:  00:01:47 / CPU:  00:05:52 / Memory: 1691 MB (FLW-8100)
Information: CPU Load: 29%, Ram Free: 38 GB, Swap Free: 1 GB, Work Disk Free: 308 GB, Tmp Disk Free: 308 GB (MSG-3995)

Information: Starting compile_fusion / final_place / Timing and Congestion Driven Placement with Legalization (FLW-8000)
Information: Time: 2025-06-18 13:02:42 / Session:  00:04:53 / Command:  00:01:47 / CPU:  00:05:52 / Memory: 1691 MB (FLW-8100)
Information: CPU Load: 29%, Ram Free: 38 GB, Swap Free: 1 GB, Work Disk Free: 308 GB, Tmp Disk Free: 308 GB (MSG-3995)
Compile-fusion optimization Phase 11 Iter  1         0.00        0.00      0.00         0        917.88  33395302.00        1216              0.08      1691
Running final (timing-driven) placement step.
----------------------------------------------------------------
Running congestion-aware direct-timing-driven placement
Start Timing-driven placement
Information: Disabling integrated legalization, because it requires that the advanced legalizer is enabled.
Start transferring placement data.
Warning: To enable pin track alignment feature, the advanced legalizer has to be turned on using app option "place.legalize.enable_advanced_legalizer".
Warning: Pin track alignment feature will be disabled in this run
Information: Initializing classic cellmap without advanced rules enabled and without PDC enabled
Information: The following app options are used in cellmap
        place.legalize.enable_color_aware_placement : false
        place.legalize.use_nll_query_cm : false
        place.legalize.enable_advanced_legalizer : false
        place.legalize.enable_prerouted_net_check : true
        place.legalize.enable_advanced_prerouted_net_check : false
        place.legalize.always_continue : true
        place.legalize.limit_legality_checks : false
        place.common.pnet_aware_density : 1.0000
        place.common.pnet_aware_min_width : 0.0000
        place.common.pnet_aware_layers : {}
        place.common.use_placement_model : false
        place.common.enable_advanced_placement_model : true
        cts.placement.cell_spacing_rule_style : maximum
Warning: Library cell saed14rvt_frame_timing:SAEDRVT14_ISOFSDPQ_PECO_8.frame is missing supply pins. Its power structure cannot be determined. (LGL-050)
Warning: Library cell saed14rvt_frame_timing:SAEDRVT14_DCAP_PV1ECO_12.frame is missing supply pins. Its power structure cannot be determined. (LGL-050)
Total 0.0078 seconds to build cellmap data
Snapped 1216 standard cells to the nearest cellrow to improve the accuracy of congestion analysis.
Start Global Route ... 
[Init] Elapsed real time: 0:00:00 
[Init] Elapsed cpu  time: sys=0:00:00 usr=0:00:00 total=0:00:00
[Init] Stage (MB): Used    0  Alloctr    0  Proc    0 
[Init] Total (MB): Used    7  Alloctr    8  Proc 6488 
Printing options for 'route.common.*'

Printing options for 'route.global.*'
global.deterministic                                    :	 on                  
global.timing_driven                                    :	 false               

Begin global routing.
Cell Min-Routing-Layer = M1
Cell Max-Routing-Layer = MRDL
Turn off antenna since no rule is specified
Information: Option route.detail.force_end_on_preferred_grid will be ignored since none of the layers have preferred grid. (ZRT-703)
Skipping 1 internal pins that are not physical. Set route.common.verbose_level to > 0 and run routing command to get skipped pin names.
Info: number of net_type_blockage: 0 
Information: Via ladder engine would be activated for pattern must join connection in certain commands. Please refer to man-page for the command list. (ZRT-619)
Via on layer (VIA1) needs more than one tracks
Warning: Layer M1 default pitch 0.074 may be too small to handle up/down via. Note, that minimum requirements are "wire/via-down 0.074" & "wire/via-up 0.078". (ZRT-026)
Via on layer (VIA1) needs more than one tracks
Warning: Layer M2 default pitch 0.060 may be too small to handle up/down via. Note, that minimum requirements are "wire/via-down 0.078" & "wire/via-up 0.060". (ZRT-026)
Via on layer (VIA4) needs more than one tracks
Warning: Layer M5 default pitch 0.100 may be too small to handle up/down via. Note, that minimum requirements are "wire/via-down 0.125" & "wire/via-up 0.100". (ZRT-026)
Via on layer (VIA7) needs more than one tracks
Warning: Layer M7 default pitch 0.100 may be too small to handle up/down via. Note, that minimum requirements are "wire/via-down 0.100" & "wire/via-up 0.107". (ZRT-026)
Wire on layer (M8) needs more than one tracks
Via on layer (VIA7) needs more than one tracks
Via on layer (VIA8) needs more than one tracks
Warning: Layer M8 default pitch 0.100 may be too small to handle up/down via. Note, that minimum requirements are "wire/via-down 0.107" & "wire/via-up 0.135". (ZRT-026)
Wire on layer (M9) needs more than one tracks
Via on layer (VIA8) needs more than one tracks
Via on layer (VIARDL) needs more than one tracks
Warning: Layer M9 default pitch 0.100 may be too small to handle up/down via. Note, that minimum requirements are "wire/via-down 0.135" & "wire/via-up 1.570". (ZRT-026)
Via on layer (VIARDL) needs more than one tracks
Warning: Layer MRDL default pitch 4.000 may be too small to handle up/down via. Note, that minimum requirements are "wire/via-down 4.500" & "wire/via-up 4.000". (ZRT-026)
Transition layer name: M7(6)
Transition layer name: M8(7)
Information: When applicable Min-max layer allow_pin_connection mode will allow paths of length 0.90 outside the layer range. (ZRT-707)
Information: When applicable Min-max layer allow_pin_connection mode will allow paths of length 0.90 outside the layer range on clock nets. (ZRT-718)
Information: When applicable layer based tapering will taper up to 0.00 in distance from the pin. (ZRT-706)
Warning: Standard cell pin SAEDRVT14_ADDH_0P5/CO has no valid via regions. (ZRT-044)
Warning: Cell place_optoptlc_725 is placed overlapping with other cells at {{18.986 30.200} {19.800 30.800}}. (ZRT-763)
Current Stage stats:
[End of Read DB] Elapsed real time: 0:00:00 
[End of Read DB] Elapsed cpu  time: sys=0:00:00 usr=0:00:00 total=0:00:00
[End of Read DB] Stage (MB): Used   32  Alloctr   32  Proc  -32 
[End of Read DB] Total (MB): Used   39  Alloctr   41  Proc 6456 
Constructing data structure ...
Design statistics:
Design Bounding Box (0.00um,0.00um,58.10um,38.80um)
Number of routing layers = 10
layer M1, dir Ver, min width = 0.034um, min space = 0.026um pitch = 0.074um
layer M2, dir Hor, min width = 0.034um, min space = 0.026um pitch = 0.06um
layer M3, dir Ver, min width = 0.034um, min space = 0.026um pitch = 0.074um
layer M4, dir Hor, min width = 0.06um, min space = 0.04um pitch = 0.1um
layer M5, dir Ver, min width = 0.06um, min space = 0.04um pitch = 0.1um
layer M6, dir Hor, min width = 0.06um, min space = 0.04um pitch = 0.1um
layer M7, dir Ver, min width = 0.06um, min space = 0.04um pitch = 0.1um
layer M8, dir Hor, min width = 0.06um, min space = 0.04um pitch = 0.1um
layer M9, dir Ver, min width = 0.06um, min space = 0.04um pitch = 0.1um
layer MRDL, dir Hor, min width = 2um, min space = 2um pitch = 4um
Current Stage stats:
[End of Build Tech Data] Elapsed real time: 0:00:00 
[End of Build Tech Data] Elapsed cpu  time: sys=0:00:00 usr=0:00:00 total=0:00:00
[End of Build Tech Data] Stage (MB): Used    0  Alloctr    0  Proc    0 
[End of Build Tech Data] Total (MB): Used   40  Alloctr   41  Proc 6456 
Net statistics:
Total number of nets     = 1648
Number of nets to route  = 1646
2 nets are fully connected,
 of which 2 are detail routed and 0 are global routed.
Net length statistics: 
Net Count(Ignore Fully Rted) 1646, Total Half Perimeter Wire Length (HPWL) 10713 microns
HPWL   0 ~   50 microns: Net Count     1640	Total HPWL        10373 microns
HPWL  50 ~  100 microns: Net Count        6	Total HPWL          340 microns
HPWL 100 ~  200 microns: Net Count        0	Total HPWL            0 microns
HPWL 200 ~  300 microns: Net Count        0	Total HPWL            0 microns
HPWL 300 ~  400 microns: Net Count        0	Total HPWL            0 microns
HPWL 400 ~  500 microns: Net Count        0	Total HPWL            0 microns
HPWL 500 ~  600 microns: Net Count        0	Total HPWL            0 microns
HPWL 600 ~  700 microns: Net Count        0	Total HPWL            0 microns
HPWL 700 ~  800 microns: Net Count        0	Total HPWL            0 microns
HPWL 800 ~  900 microns: Net Count        0	Total HPWL            0 microns
HPWL 900 ~ 1000 microns: Net Count        0	Total HPWL            0 microns
HPWL     > 1000 microns: Net Count        0	Total HPWL            0 microns
Current Stage stats:
[End of Build All Nets] Elapsed real time: 0:00:00 
[End of Build All Nets] Elapsed cpu  time: sys=0:00:00 usr=0:00:00 total=0:00:00
[End of Build All Nets] Stage (MB): Used    1  Alloctr    1  Proc    0 
[End of Build All Nets] Total (MB): Used   41  Alloctr   43  Proc 6456 
Number of partitions: 1 (1 x 1)
Size of partitions: 96 gCells x 64 gCells
Average gCell capacity  3.06	 on layer (1)	 M1
Average gCell capacity  8.50	 on layer (2)	 M2
Average gCell capacity  7.83	 on layer (3)	 M3
Average gCell capacity  5.84	 on layer (4)	 M4
Average gCell capacity  5.47	 on layer (5)	 M5
Average gCell capacity  4.56	 on layer (6)	 M6
Average gCell capacity  4.74	 on layer (7)	 M7
Average gCell capacity  6.05	 on layer (8)	 M8
Average gCell capacity  6.04	 on layer (9)	 M9
Average gCell capacity  0.12	 on layer (10)	 MRDL
Average number of tracks per gCell 8.19	 on layer (1)	 M1
Average number of tracks per gCell 10.12	 on layer (2)	 M2
Average number of tracks per gCell 8.19	 on layer (3)	 M3
Average number of tracks per gCell 6.08	 on layer (4)	 M4
Average number of tracks per gCell 6.06	 on layer (5)	 M5
Average number of tracks per gCell 6.08	 on layer (6)	 M6
Average number of tracks per gCell 6.06	 on layer (7)	 M7
Average number of tracks per gCell 6.08	 on layer (8)	 M8
Average number of tracks per gCell 6.06	 on layer (9)	 M9
Average number of tracks per gCell 0.16	 on layer (10)	 MRDL
Number of gCells = 61440
Current Stage stats:
[End of Build Congestion Map] Elapsed real time: 0:00:00 
[End of Build Congestion Map] Elapsed cpu  time: sys=0:00:00 usr=0:00:00 total=0:00:00
[End of Build Congestion Map] Stage (MB): Used    2  Alloctr    2  Proc    0 
[End of Build Congestion Map] Total (MB): Used   43  Alloctr   45  Proc 6456 
Number of partitions: 1 (1 x 1)
Size of partitions: 96 gCells x 64 gCells
Current Stage stats:
[End of Add Nets Demand] Elapsed real time: 0:00:00 
[End of Add Nets Demand] Elapsed cpu  time: sys=0:00:00 usr=0:00:00 total=0:00:00
[End of Add Nets Demand] Stage (MB): Used    0  Alloctr    0  Proc    0 
[End of Add Nets Demand] Total (MB): Used   43  Alloctr   45  Proc 6456 
Number of user frozen nets = 0
Total stats:
[End of Build Data] Elapsed real time: 0:00:00 
[End of Build Data] Elapsed cpu  time: sys=0:00:00 usr=0:00:00 total=0:00:00
[End of Build Data] Stage (MB): Used    4  Alloctr    4  Proc    0 
[End of Build Data] Total (MB): Used   43  Alloctr   45  Proc 6456 
Number of partitions: 1 (1 x 1)
Size of partitions: 96 gCells x 64 gCells
Current Stage stats:
[End of Blocked Pin Detection] Elapsed real time: 0:00:00 
[End of Blocked Pin Detection] Elapsed cpu  time: sys=0:00:00 usr=0:00:00 total=0:00:00
[End of Blocked Pin Detection] Stage (MB): Used  104  Alloctr  104  Proc    0 
[End of Blocked Pin Detection] Total (MB): Used  147  Alloctr  149  Proc 6456 
Information: Using 12 threads for routing. (ZRT-444)
Information: Placement fast mode ON
Information: Multiple gcell levels ON
Information: Buffer distance is estimated to be ~271.0000um (451 gCells)

Start GR phase 0
Number of partitions: 1 (1 x 1)
Size of partitions: 96 gCells x 64 gCells
[rtAllBotParts] Elapsed real time: 0:00:00 
[rtAllBotParts] Elapsed cpu  time: sys=0:00:00 usr=0:00:00 total=0:00:00
[rtTop] Elapsed real time: 0:00:00 
[rtTop] Elapsed cpu  time: sys=0:00:00 usr=0:00:00 total=0:00:00
Current Stage stats:
[End of Initial Routing] Elapsed real time: 0:00:00 
[End of Initial Routing] Elapsed cpu  time: sys=0:00:00 usr=0:00:00 total=0:00:00
[End of Initial Routing] Stage (MB): Used    0  Alloctr    1  Proc    0 
[End of Initial Routing] Total (MB): Used  148  Alloctr  150  Proc 6456 
Initial. Routing result:
Initial. Both Dirs: Dmd-Cap  =     0 Max = 0 GRCs =     0 (0.00%)
Initial. H routing: Dmd-Cap  =     0 Max = 0 (GRCs =  0) GRCs =     0 (0.00%)
Initial. V routing: Dmd-Cap  =     0 Max = 0 (GRCs =  0) GRCs =     0 (0.00%)
Initial. Both Dirs: Overflow =    57 Max = 3 GRCs =    82 (0.67%)
Initial. H routing: Overflow =    43 Max = 3 (GRCs =  3) GRCs =    57 (0.93%)
Initial. V routing: Overflow =    14 Max = 2 (GRCs =  3) GRCs =    25 (0.41%)
Initial. M1         Overflow =     0 Max = 0 (GRCs =  0) GRCs =     0 (0.00%)
Initial. M2         Overflow =    43 Max = 3 (GRCs =  3) GRCs =    57 (0.93%)
Initial. M3         Overflow =    14 Max = 2 (GRCs =  3) GRCs =    25 (0.41%)
Initial. M4         Overflow =     0 Max = 0 (GRCs =  0) GRCs =     0 (0.00%)
Initial. M5         Overflow =     0 Max = 0 (GRCs =  0) GRCs =     0 (0.00%)
Initial. M6         Overflow =     0 Max = 0 (GRCs =  0) GRCs =     0 (0.00%)
Initial. M7         Overflow =     0 Max = 0 (GRCs =  0) GRCs =     0 (0.00%)
Initial. M8         Overflow =     0 Max = 0 (GRCs =  0) GRCs =     0 (0.00%)
Initial. M9         Overflow =     0 Max = 0 (GRCs =  0) GRCs =     0 (0.00%)
Initial. MRDL       Overflow =     0 Max = 0 (GRCs =  0) GRCs =     0 (0.00%)

Initial. Total Wire Length = 10715.45
Initial. Layer M1 wire length = 0.00
Initial. Layer M2 wire length = 3805.93
Initial. Layer M3 wire length = 4957.51
Initial. Layer M4 wire length = 1781.45
Initial. Layer M5 wire length = 170.56
Initial. Layer M6 wire length = 0.00
Initial. Layer M7 wire length = 0.00
Initial. Layer M8 wire length = 0.00
Initial. Layer M9 wire length = 0.00
Initial. Layer MRDL wire length = 0.00
Initial. Total Number of Contacts = 8383
Initial. Via VIA1_Base count = 2827
Initial. Via VIA2_Base count = 5185
Initial. Via VIA34SQ_C count = 342
Initial. Via VIA4SQ count = 29
Initial. Via VIA5SQ_C count = 0
Initial. Via VIA67SQ_C count = 0
Initial. Via VIA78SQ_C count = 0
Initial. Via VIA89_C count = 0
Initial. Via VIA9RDL count = 0
Initial. completed.

Start GR phase 1
Wed Jun 18 13:02:43 2025
Number of partitions: 1 (1 x 1)
Size of partitions: 96 gCells x 64 gCells
[rtAllParts] Elapsed real time: 0:00:00 
[rtAllParts] Elapsed cpu  time: sys=0:00:00 usr=0:00:00 total=0:00:00
Number of partitions: 1 (1 x 1)
Size of partitions: 96 gCells x 64 gCells
[updNetsDmd] Elapsed real time: 0:00:00 
[updNetsDmd] Elapsed cpu  time: sys=0:00:00 usr=0:00:00 total=0:00:00
Current Stage stats:
[End of Phase1 Routing] Elapsed real time: 0:00:00 
[End of Phase1 Routing] Elapsed cpu  time: sys=0:00:00 usr=0:00:00 total=0:00:00
[End of Phase1 Routing] Stage (MB): Used    0  Alloctr    0  Proc    0 
[End of Phase1 Routing] Total (MB): Used  148  Alloctr  150  Proc 6456 
phase1. Routing result:
phase1. Both Dirs: Dmd-Cap  =     0 Max = 0 GRCs =     0 (0.00%)
phase1. H routing: Dmd-Cap  =     0 Max = 0 (GRCs =  0) GRCs =     0 (0.00%)
phase1. V routing: Dmd-Cap  =     0 Max = 0 (GRCs =  0) GRCs =     0 (0.00%)
phase1. Both Dirs: Overflow =     1 Max = 1 GRCs =     1 (0.01%)
phase1. H routing: Overflow =     1 Max = 1 (GRCs =  1) GRCs =     1 (0.02%)
phase1. V routing: Overflow =     0 Max = 0 (GRCs =  0) GRCs =     0 (0.00%)
phase1. M1         Overflow =     0 Max = 0 (GRCs =  0) GRCs =     0 (0.00%)
phase1. M2         Overflow =     1 Max = 1 (GRCs =  1) GRCs =     1 (0.02%)
phase1. M3         Overflow =     0 Max = 0 (GRCs =  0) GRCs =     0 (0.00%)
phase1. M4         Overflow =     0 Max = 0 (GRCs =  0) GRCs =     0 (0.00%)
phase1. M5         Overflow =     0 Max = 0 (GRCs =  0) GRCs =     0 (0.00%)
phase1. M6         Overflow =     0 Max = 0 (GRCs =  0) GRCs =     0 (0.00%)
phase1. M7         Overflow =     0 Max = 0 (GRCs =  0) GRCs =     0 (0.00%)
phase1. M8         Overflow =     0 Max = 0 (GRCs =  0) GRCs =     0 (0.00%)
phase1. M9         Overflow =     0 Max = 0 (GRCs =  0) GRCs =     0 (0.00%)
phase1. MRDL       Overflow =     0 Max = 0 (GRCs =  0) GRCs =     0 (0.00%)

phase1. Total Wire Length = 10737.74
phase1. Layer M1 wire length = 0.00
phase1. Layer M2 wire length = 3725.07
phase1. Layer M3 wire length = 4903.01
phase1. Layer M4 wire length = 1876.13
phase1. Layer M5 wire length = 233.53
phase1. Layer M6 wire length = 0.00
phase1. Layer M7 wire length = 0.00
phase1. Layer M8 wire length = 0.00
phase1. Layer M9 wire length = 0.00
phase1. Layer MRDL wire length = 0.00
phase1. Total Number of Contacts = 8486
phase1. Via VIA1_Base count = 2827
phase1. Via VIA2_Base count = 5200
phase1. Via VIA34SQ_C count = 414
phase1. Via VIA4SQ count = 45
phase1. Via VIA5SQ_C count = 0
phase1. Via VIA67SQ_C count = 0
phase1. Via VIA78SQ_C count = 0
phase1. Via VIA89_C count = 0
phase1. Via VIA9RDL count = 0
phase1. completed.
[End of Whole Chip Routing] Elapsed real time: 0:00:00 
[End of Whole Chip Routing] Elapsed cpu  time: sys=0:00:00 usr=0:00:00 total=0:00:00
[End of Whole Chip Routing] Stage (MB): Used  109  Alloctr  109  Proc    0 
[End of Whole Chip Routing] Total (MB): Used  148  Alloctr  150  Proc 6456 

Congestion utilization per direction:
Average vertical track utilization   =  6.57 %
Peak    vertical track utilization   = 39.13 %
Average horizontal track utilization =  7.53 %
Peak    horizontal track utilization = 47.83 %

[End of Global Routing] Elapsed real time: 0:00:00 
[End of Global Routing] Elapsed cpu  time: sys=0:00:00 usr=0:00:00 total=0:00:00
[End of Global Routing] Stage (MB): Used  108  Alloctr  108  Proc    0 
[End of Global Routing] Total (MB): Used  147  Alloctr  149  Proc 6456 
Writing out congestion map...
Updating congestion ...
Updating congestion ...
[End of dbOut] Elapsed real time: 0:00:00 
[End of dbOut] Elapsed cpu  time: sys=0:00:00 usr=0:00:00 total=0:00:00
[End of dbOut] Stage (MB): Used  -32  Alloctr  -33  Proc    0 
[End of dbOut] Total (MB): Used   36  Alloctr   37  Proc 6456 
Using per-layer congestion maps for congestion reduction.
Information: 0.00% of design has horizontal routing density above target_routing_density of 0.80.
Information: 0.52% of design has vertical routing density above target_routing_density of 0.80.
Completed transferring placement data.
Running placement using 12 thread(s)
Information: Enhanced Auto Density Control is used. (PLACE-098)
Information: Enhanced auto density configuration is 13179.
Information: Automatic density control has selected the following settings: max_density 0.70, congestion_driven_max_util 0.89. (PLACE-027)
Information: HFW control 'on' invoked.
coarse place 100% done.
Information: Reducing cell density for 0.0% of the movable cells to alleviate congestion. This changes the average cell density in non-congested areas from 0.721 to 0.721. (PLACE-030)
CGRW: permuting timing equivalent pins only
Corner Scaling is off, multiplier is 1.000000
ORB: timingScenario Normal_Slow timingCorner Slow
INFO: Using corner Fast for worst leakage corner
Using default layer M4
new cutoff lpd: 3.18383e-05
corner scaling: maxCornerId = 3
corner=Fast, tran factor=0.839605 (0.028406 / 0.033833)
corner=Typical, tran factor=0.945497 (0.031989 / 0.033833)
corner=Slow, tran factor=1.000000 (0.033833 / 0.033833)
ORB: Nominal = 0.0056185  Design MT = inf  Target = 0.0338329 (6.022 nominal)  MaxRC = 0.022324
ORB: Fast Target = 0.011791 ( 2.099 nominal )
ORB: stageDelay=0.026139, stageLength=1609839
nplLib: default vr hor dist = 322
nplLib: default vr ver dist = 322
nplLib: default vr buf size = 2
nplLib: default vr buf size = 1

Placement Options:
Effort:                        medium_effort       
Timing Driven:                 true                
Buffering Aware Timing Driven: false               
Seed locs:                     true                
Incremental:                   false               
Congestion:                    true                
Congestion Effort:             medium              
Fix Macros:                    true                
Place Macros:                  false               
Channel Size Macros:           false               

Printing options for 'place.coarse.*' (non-default only)
place.coarse.continue_on_missing_scandef                :	 true                

Information: Activity propagation will be performed for scenario Normal_Fast.
Information: Activity propagation will be performed for scenario PowerSave_Fast.
Information: Doing activity propagation for mode 'Normal' and corner 'Fast' with effort level 'medium'. (POW-024)
Information: Timer-derived activity data is cached on scenario Normal_Fast (POW-052)
Information: Running switching activity propagation with 12 threads!

 **** Information : No. of simulation cycles = 6 ****
Information: Doing activity propagation for mode 'PowerSave' and corner 'Fast' with effort level 'medium'. (POW-024)
Information: Timer-derived activity data is cached on scenario PowerSave_Fast (POW-052)
Information: Running switching activity propagation with 12 threads!

 **** Information : No. of simulation cycles = 6 ****
Information: Propagated activity on scenario Normal_Slow identical to that on Normal_Fast (POW-006)
Information: Propagated activity on scenario PowerSave_Slow identical to that on PowerSave_Fast (POW-006)
Information: Propagated activity on scenario Normal_Typical identical to that on Normal_Fast (POW-006)
Information: Propagated activity on scenario PowerSave_Typical identical to that on PowerSave_Fast (POW-006)
****** eLpp estimated wire length 
6.1447% of the net wire length are clock nets
0% of the clock net wire length has no activity
Clock net wire length: 6.94989e+06
Total net wire length: 1.13104e+08
****** eLpp weights (with caps)
Number of nets: 1646, of which 1634 non-clock nets
Number of nets with 0 toggle rate: 28
Max toggle rate = 0.576191, average toggle rate = 0.0106958
Max non-clock toggle rate = 0.0471191
eLpp weight range = (0, 35.8045)
*** 2 nets are filtered out
Start transferring placement data.
****** Net weight manager: report ******
Weights included: eLpp  PostEffort  
Number of nets with non-default weights: 1646
Amt power = 0.1
Non-default weight range: (0.9, 8.48045)
Information: Automatic repeater spreading is enabled.
Information: Automatic timing control is enabled.
checking app option clockgate_objective_weight : none
DTDP placement: scenario=Normal_Fast
Information: The stitching and editing of coupling caps is turned OFF for design 'dut_toplevel.dlib:dut_toplevel/placement_and_optimization.design'. (TIM-125)
Information: The net parasitics of block dut_toplevel are cleared. (TIM-123)
Completed transferring placement data.
Running placement using 12 thread(s)
Information: Enhanced Auto Density Control is used. (PLACE-098)
Information: Enhanced auto density configuration is 13179.
Information: Automatic density control has selected the following settings: max_density 0.70, congestion_driven_max_util 0.89. (PLACE-027)
Information: HFW control 'on' invoked.
coarse place 40% done.
coarse place 60% done.
coarse place 80% done.
coarse place 100% done.
Information: Coarse placer weighted wire length estimate = 1.29324e+08
Information: Extraction observers are detached as design net change threshold is reached.
Warning: No clock routing rules were specified. Use set_clock_routing_rules to specify routing rules for accurate clock latency estimation. (OPT-902)
Warning: No clock routing rules were specified. Use set_clock_routing_rules to specify routing rules for accurate clock latency estimation. (OPT-902)
Information: Estimating clock gate latencies for scenario 'PowerSave_Typical'. (OPT-909)
Warning: No clock routing rules were specified. Use set_clock_routing_rules to specify routing rules for accurate clock latency estimation. (OPT-902)
Information: Estimating clock gate latencies for scenario 'PowerSave_Slow'. (OPT-909)
Warning: No clock routing rules were specified. Use set_clock_routing_rules to specify routing rules for accurate clock latency estimation. (OPT-902)
Information: Estimating clock gate latencies for scenario 'PowerSave_Fast'. (OPT-909)
Warning: No clock routing rules were specified. Use set_clock_routing_rules to specify routing rules for accurate clock latency estimation. (OPT-902)
Information: Estimating clock gate latencies for scenario 'Normal_Typical'. (OPT-909)
Warning: No clock routing rules were specified. Use set_clock_routing_rules to specify routing rules for accurate clock latency estimation. (OPT-902)
Information: Estimating clock gate latencies for scenario 'Normal_Slow'. (OPT-909)
Warning: No clock routing rules were specified. Use set_clock_routing_rules to specify routing rules for accurate clock latency estimation. (OPT-902)
Information: Estimating clock gate latencies for scenario 'Normal_Fast'. (OPT-909)
----------------------------------------------------------------
Fixing logic constant
Fixing logic constant
Information: The stitching and editing of coupling caps is turned OFF for design 'dut_toplevel.dlib:dut_toplevel/placement_and_optimization.design'. (TIM-125)
INFO: total number of constant pins: 0
INFO: constant pins which are scan-pins: 0
INFO: constant pins that are not scan-pins: 0
Completed Timing-driven placement, Elapsed time =   0: 0: 4 
----------------------------------------------------------------
Running legalize_placement
Information: Initializing classic cellmap without advanced rules enabled and without PDC enabled
Information: The following app options are used in cellmap
        place.legalize.enable_color_aware_placement : false
        place.legalize.use_nll_query_cm : false
        place.legalize.enable_advanced_legalizer : false
        place.legalize.enable_prerouted_net_check : true
        place.legalize.enable_advanced_prerouted_net_check : false
        place.legalize.always_continue : true
        place.legalize.limit_legality_checks : false
        place.common.pnet_aware_density : 1.0000
        place.common.pnet_aware_min_width : 0.0000
        place.common.pnet_aware_layers : {}
        place.common.use_placement_model : false
        place.common.enable_advanced_placement_model : true
        cts.placement.cell_spacing_rule_style : maximum
Warning: Library cell saed14rvt_frame_timing:SAEDRVT14_ISOFSDPQ_PECO_8.frame is missing supply pins. Its power structure cannot be determined. (LGL-050)
Warning: Library cell saed14rvt_frame_timing:SAEDRVT14_DCAP_PV1ECO_12.frame is missing supply pins. Its power structure cannot be determined. (LGL-050)
Total 0.0079 seconds to build cellmap data
INFO: creating 13(r) x 20(c) GridCells YDim 3 XDim 3
INFO: number of GridCells (0xc9be56c0): 260
INFO: creating 13(r) x 20(c) GridCells YDim 3 XDim 3
INFO: number of GridCells (0xc9be56c0): 260
Total 0.0160 seconds to load 1694 cell instances into cellmap, 1216 cells are off site row
Moveable cells: 1216; Application fixed cells: 0; Macro cells: 0; User fixed cells: 478
Average cell width 1.2581, cell height 0.6000, cell area 0.7548 for total 1216 placed and application fixed cells
Start Legalization
nplDplc2Placer::setParam(effort,1)
nplDplc2Placer::setParam(debug,0)
nplDplc2Placer::setParam(site_check,2)
nplDplc2Placer::setParam(app_firm_wgt,0)
Warning: Routing direction of metal layer PO is neither "horizontal" nor "vertical".  PDC checks will not be performed on this layer. (PDC-003)
PDC app_options settings =========
	place.legalize.enable_prerouted_net_check: 1
	place.legalize.num_tracks_for_access_check: 1
	place.legalize.use_eol_spacing_for_access_check: 0
	place.legalize.allow_touch_track_for_access_check: 1
	place.legalize.reduce_conservatism_in_eol_check: 0
	place.legalize.preroute_shape_merge_distance: 0.0
	place.legalize.enable_non_preferred_direction_span_check: 0

Layer M1: cached 0 shapes out of 49 total shapes.
Layer M2: cached 588 shapes out of 588 total shapes.
Layer M3: cached 588 shapes out of 588 total shapes.
Cached 1764 vias out of 2618 total vias.

Legalizing Top Level Design dut_toplevel ... 
Information: Initializing classic cellmap without advanced rules enabled and without PDC enabled
Information: The following app options are used in cellmap
        place.legalize.enable_color_aware_placement : false
        place.legalize.use_nll_query_cm : false
        place.legalize.enable_advanced_legalizer : false
        place.legalize.enable_prerouted_net_check : true
        place.legalize.enable_advanced_prerouted_net_check : false
        place.legalize.always_continue : true
        place.legalize.limit_legality_checks : false
        place.common.pnet_aware_density : 1.0000
        place.common.pnet_aware_min_width : 0.0000
        place.common.pnet_aware_layers : {}
        place.common.use_placement_model : false
        place.common.enable_advanced_placement_model : true
        cts.placement.cell_spacing_rule_style : maximum
Warning: Library cell saed14rvt_frame_timing:SAEDRVT14_ISOFSDPQ_PECO_8.frame is missing supply pins. Its power structure cannot be determined. (LGL-050)
Total 0.0076 seconds to build cellmap data
Information: Creating classic rule checker.
Warning: Routing direction of metal layer PO is neither "horizontal" nor "vertical".  PDC checks will not be performed on this layer. (PDC-003)
=====> Processed 75 ref cells (23 fillers) from library

Bounds/Regions In This Design:
        Area    Num Cells  Exclusive Name
 (square um)
     1385.28         1694        Yes DEFAULT_VA

Starting legalizer.
Warning: Exclusive bound 'DEFAULT' has no cells.
Optimizing Exclusive Bound 'DEFAULT_VA' (2/2)
    Done Exclusive Bound 'DEFAULT_VA' (2/2) (0 sec)
Legalization complete (0 total sec)

****************************************
  Report : Placement Attempts
  Site   : unit
****************************************

number of cells:                   1694
number of references:                75
number of site rows:                 48
number of locations attempted:    30635
number of locations failed:         448  (1.5%)

Legality of references at locations:
1 references had failures.

Worst 1 references by total failures:
 CELLS       UNFLIPPED                       FLIPPED                REFERENCE NAME
         ATTEMPTS  FAILURES            ATTEMPTS  FAILURES           
    18        549       230 ( 41.9%)        463       218 ( 47.1%)  SAEDRVT14_ADDH_0P5

Worst 1 references by failure rate:
 CELLS       UNFLIPPED                       FLIPPED                REFERENCE NAME
         ATTEMPTS  FAILURES            ATTEMPTS  FAILURES           
    18        549       230 ( 41.9%)        463       218 ( 47.1%)  SAEDRVT14_ADDH_0P5

Legality of references in rows:
0 references had row failures.

****************************************
  Report : Cell Displacements
****************************************

number of cells aggregated:        1216 (20673 total sites)
avg row height over cells:        0.600 um
rms cell displacement:            0.212 um ( 0.35 row height)
rms weighted cell displacement:   0.212 um ( 0.35 row height)
max cell displacement:            0.900 um ( 1.50 row height)
avg cell displacement:            0.181 um ( 0.30 row height)
avg weighted cell displacement:   0.181 um ( 0.30 row height)
number of cells moved:             1216
number of large displacements:        0
large displacement threshold:     3.000 row height

Displacements of worst 10 cells:
Cell: ctmi_2266 (SAEDRVT14_OA21_1)
  Input location: (29.1474,26.8995)
  Legal location: (29.124,26)
  Displacement:   0.900 um ( 1.50 row height)
Cell: DP_OP_33_12155_941_J1/ctmi_2446 (SAEDRVT14_NR2_1)
  Input location: (42.4485,16.0713)
  Legal location: (42.444,15.2)
  Displacement:   0.871 um ( 1.45 row height)
Cell: DP_OP_33_12155_941_J1/ctmi_2541 (SAEDRVT14_NR2_1)
  Input location: (33.2275,22.0661)
  Legal location: (33.194,21.2)
  Displacement:   0.867 um ( 1.44 row height)
Cell: ctmi_2180 (SAEDRVT14_AO221_0P5)
  Input location: (5.296,18.5454)
  Legal location: (5.296,19.4)
  Displacement:   0.855 um ( 1.42 row height)
Cell: DP_OP_33_12155_941_J1/ctmi_2477 (SAEDRVT14_NR2_1)
  Input location: (41.3116,16.019)
  Legal location: (41.334,15.2)
  Displacement:   0.819 um ( 1.37 row height)
Cell: ctmi_2200 (SAEDRVT14_AO221_0P5)
  Input location: (12.338,31.249)
  Legal location: (12.03,32)
  Displacement:   0.812 um ( 1.35 row height)
Cell: DP_OP_33_12155_941_J1/ctmi_2499 (SAEDRVT14_NR2_MM_0P5)
  Input location: (37.3338,21.3991)
  Legal location: (37.338,20.6)
  Displacement:   0.799 um ( 1.33 row height)
Cell: DP_OP_33_12155_941_J1/ctmi_2591 (SAEDRVT14_NR2_1)
  Input location: (23.2487,17.4638)
  Legal location: (23.278,18.2)
  Displacement:   0.737 um ( 1.23 row height)
Cell: ctmi_357 (SAEDRVT14_AOI222_1)
  Input location: (45.3095,21.0943)
  Legal location: (45.182,21.8)
  Displacement:   0.717 um ( 1.20 row height)
Cell: ctmi_358 (SAEDRVT14_AOI222_1)
  Input location: (45.2691,22.0582)
  Legal location: (45.848,22.4)
  Displacement:   0.672 um ( 1.12 row height)

Information: Extraction observers are detached as design net change threshold is reached.
Completed Legalization, Elapsed time =   0: 0: 0 
Moved 1216 out of 1694 cells, ratio = 0.717828
Total displacement = 266.221985(um)
Max displacement = 1.059000(um), ctmi_2200 (13.152000, 31.849001, 2) => (12.844000, 32.000000, 6)
Displacement histogram:
  0 ~  10% cells displacement <=      0.06(um)
  0 ~  20% cells displacement <=      0.10(um)
  0 ~  30% cells displacement <=      0.13(um)
  0 ~  40% cells displacement <=      0.17(um)
  0 ~  50% cells displacement <=      0.20(um)
  0 ~  60% cells displacement <=      0.25(um)
  0 ~  70% cells displacement <=      0.28(um)
  0 ~  80% cells displacement <=      0.31(um)
  0 ~  90% cells displacement <=      0.38(um)
  0 ~ 100% cells displacement <=      1.06(um)
Information: The net parasitics of block dut_toplevel are cleared. (TIM-123)
Legalization succeeded.
----------------------------------------------------------------
Information: The stitching and editing of coupling caps is turned OFF for design 'dut_toplevel.dlib:dut_toplevel/placement_and_optimization.design'. (TIM-125)
Information: Ending   compile_fusion / final_place / Timing and Congestion Driven Placement with Legalization (FLW-8001)
Information: Time: 2025-06-18 13:02:48 / Session:  00:04:58 / Command:  00:01:52 / CPU:  00:06:15 / Memory: 1691 MB (FLW-8100)
Information: CPU Load: 35%, Ram Free: 38 GB, Swap Free: 1 GB, Work Disk Free: 308 GB, Tmp Disk Free: 308 GB (MSG-3995)
Information: 1 out of 6 LGL-050 messages were not printed due to limit 5 (after 'compile_fusion' at task2.tcl:84) (MSG-3913)


Compile-fusion optimization complete                 0.00        0.00      0.00         0        917.88  33233412.00        1216              0.08      1691
[Tim-Power] Info: Cleared Leakage libCell cache.
Co-efficient Ratio Summary:
4.193421605155  6.578038173730  2.479639287277  7.744187540401  0.485050000353  3.179565833784  5.567214754587  2.894454387461  6.565921217863  9.017937505874  6.433100000933  9.863420287974  6.078244564085  2.744209641123  8.318117704907  9.699225026083
2.464623950064  1.382370221226  9.387184029619  3.142429406669  0.968752789964  6.613180723294  4.146578793224  7.876358918112  2.191135103696  0.963734141094  5.039678643881  3.840441742563  3.750327653169  7.663459142299  6.212203267950  7.759678473967
7.862243056717  0.402387977150  0.032845095897  0.596111512371  4.701287396892  7.205135512169  8.278351398268  1.183725190997  3.334436408244  5.867609731622  0.402324585364  9.669800677884  7.591508947087  7.632107693266  7.679070163326  9.831314288630
1.878805817928  3.230072343539  1.226270037326  7.050450494780  2.403928173631  6.139852544054  4.100210066110  1.274718589655  4.570746653063  5.624878808820  0.155387453678  4.759124196386  5.409148526377  2.609824952834  0.626144638674  6.381676652919
9.187474022495  0.513656796621  5.027570618562  6.119813446103  6.181472312107  1.581675365776  7.486041822107  9.584562469756  2.041727387119  3.921160867338  3.989918882345  9.472449680522  3.368505994994  4.897112849020  6.860141344452  2.000104051691
9.095345907689  2.197041709512  0.915900067443  5.466092308426  8.142690055883  4.607193265224  8.244463794567  3.504870705451  1.682716012888  7.173433718510  2.268092908373  3.617843450706  8.946893237652  1.169960832707  4.529948756262  3.090979409795
5.580726136993  1.131397763510  0.721709625254  7.515947417690  0.649322209371  1.017031043513  5.811519666269  5.826730883342  4.349383292435  0.216216918317  2.941672622527  7.311147460227  0.823630741628  0.356162586693  8.022011669284  2.603132585844
5.024802551363  1.359359521353  5.407563451201  2.804123477518  1.265300052200  0.417760313533  1.833872465081  6.448557737188  4.848373112548  2.936801055033  1.900924324225  4.212396094733  9.007748870112  3.308108478452  5.607473209985  8.514743640423
2.764676979434  9.324216938770  1.551199989997  2.300508202625  0.754685030179  1.961421411696  2.781303341418  3.355375155650  9.437909893602  9.136702642545  2.359739408464  9.978462173230  7.467578334047  3.171275021421  9.815922840044  4.331414637138
0.413524989942  3.309910196208  7.452798204792  1.902827224529  5.623407259547  7.269363008696  3.367403103784  7.093641515702  7.411336156476  6.944246976650  8.552806121087  4.802170325405  3.894522063832  4.531611719342  1.605157757803  8.173730247963

Compile-fusion final QoR
________________________
Scenario Mapping Table
1: Normal_Fast
2: Normal_Slow
3: Normal_Typical
4: PowerSave_Fast
5: PowerSave_Slow
6: PowerSave_Typical

Pathgroup Mapping Table
1: **default**
2: **async_default**
3: **clock_gating_default**
4: **in2reg_default**
5: **reg2out_default**
6: **in2out_default**
7: clk

-------------------------------------------------------------------------------------------------------------------------------------------------------------
PATHGROUP QOR 
-------------------------------------------------------------------------------------------------------------------------------------------------------------
Scene  PG      WNS        TNS    NSV      WHV        THV    NHV
    1   1   0.0000     0.0000      0        -          -      -
    1   2   0.0000     0.0000      0        -          -      -
    1   3   0.0000     0.0000      0        -          -      -
    1   4   0.0000     0.0000      0        -          -      -
    1   5   0.0000     0.0000      0        -          -      -
    1   6   0.0000     0.0000      0        -          -      -
    1   7   0.0000     0.0000      0        -          -      -
    2   1   0.0000     0.0000      0        -          -      -
    2   2   0.0000     0.0000      0        -          -      -
    2   3   0.0000     0.0000      0        -          -      -
    2   4   0.0000     0.0000      0        -          -      -
    2   5   0.0000     0.0000      0        -          -      -
    2   6   0.0000     0.0000      0        -          -      -
    2   7   0.0568     0.0870      3        -          -      -
    3   1   0.0000     0.0000      0        -          -      -
    3   2   0.0000     0.0000      0        -          -      -
    3   3   0.0000     0.0000      0        -          -      -
    3   4   0.0000     0.0000      0        -          -      -
    3   5   0.0000     0.0000      0        -          -      -
    3   6   0.0000     0.0000      0        -          -      -
    3   7   0.0000     0.0000      0        -          -      -
    4   1   0.0000     0.0000      0        -          -      -
    4   2   0.0000     0.0000      0        -          -      -
    4   3   0.0000     0.0000      0        -          -      -
    4   4   0.0000     0.0000      0        -          -      -
    4   5   0.0000     0.0000      0        -          -      -
    4   6   0.0000     0.0000      0        -          -      -
    4   7   0.0000     0.0000      0        -          -      -
    5   1   0.0000     0.0000      0        -          -      -
    5   2   0.0000     0.0000      0        -          -      -
    5   3   0.0000     0.0000      0        -          -      -
    5   4   0.0000     0.0000      0        -          -      -
    5   5   0.0000     0.0000      0        -          -      -
    5   6   0.0000     0.0000      0        -          -      -
    5   7   0.0000     0.0000      0        -          -      -
    6   1   0.0000     0.0000      0        -          -      -
    6   2   0.0000     0.0000      0        -          -      -
    6   3   0.0000     0.0000      0        -          -      -
    6   4   0.0000     0.0000      0        -          -      -
    6   5   0.0000     0.0000      0        -          -      -
    6   6   0.0000     0.0000      0        -          -      -
    6   7   0.0000     0.0000      0        -          -      -
----------------------------------------------------------------------------------------------------------------------------------------------------------------------
SCENARIO QOR 
----------------------------------------------------------------------------------------------------------------------------------------------------------------------
Scene  PG      WNS        TNS   R2RTNS    NSV      WHV        THV    NHV  MaxTrnV   MaxTranC  MaxCapV    Leakage     CellEMV
    1   *   0.0000     0.0000   0.0000      0        -          -      -        0     0.0000        0 33233412.0           0
    2   *   0.0568     0.0870   0.0870      3        -          -      -        0     0.0000        0  16986.623           0
    3   *   0.0000     0.0000   0.0000      0        -          -      -        0     0.0000        0 316707.594           0
    4   *   0.0000     0.0000   0.0000      0        -          -      -        0     0.0000        0 33233412.0           0
    5   *   0.0000     0.0000   0.0000      0        -          -      -        0     0.0000        0  16986.623           0
    6   *   0.0000     0.0000   0.0000      0        -          -      -        0     0.0000        0 316707.594           0
----------------------------------------------------------------------------------------------------------------------------------------------------------------------
DESIGN QOR 
----------------------------------------------------------------------------------------------------------------------------------------------------------------------
Scene  PG      WNS        TNS   R2RTNS    NSV      WHV        THV    NHV  MaxTrnV   MaxTranC  MaxCapV    Leakage         Area    InstCnt     BufCnt     InvCnt     CellEMV
    *   *   0.0568     0.0870   0.0870      3   0.0000     0.0000      0        0     0.0000        0 33233412.0       917.88       1216         13         21           0
----------------------------------------------------------------------------------------------------------------------------------------------------------------------

Compile-fusion final QoR Summary         WNS        TNS   R2RTNS    NSV      WHV        THV    NHV  MaxTrnV  MaxCapV    Leakage         Area    InstCnt
Compile-fusion final QoR Summary      0.0568     0.0870   0.0870      3   0.0000     0.0000      0        0        0 33233412.0       917.88       1216

Compile-fusion command complete                CPU:   967 s (  0.27 hr )  ELAPSE:   300 s (  0.08 hr )  MEM-PEAK:  1691 MB
Compile-fusion command statistics  CPU=50 sec (0.01 hr) ELAPSED=10 sec (0.00 hr) MEM-PEAK=1.651 GB
[Tim-Power] Info: Cleared Leakage libCell cache.

Information: Ending   compile_fusion / final_place (FLW-8001)
Information: Time: 2025-06-18 13:02:49 / Session:  00:04:59 / Command:  00:01:53 / CPU:  00:06:17 / Memory: 1691 MB (FLW-8100)
Information: CPU Load: 35%, Ram Free: 38 GB, Swap Free: 1 GB, Work Disk Free: 308 GB, Tmp Disk Free: 308 GB (MSG-3995)

Information: >>>>>>> 6 unique error and warning message tags while observing compile_fusion / final_place: (MSG-3100)
Information: #prnt #trgr #lmt    Tag  Level     Format (or last printed message)                                (MSG-3036)
Information:    49     7  0 ZRT-026   WARNING   Warning: Layer MRDL default pitch 4.000 may be too small to ... (MSG-3032)
Information:    12     2  0 PDC-003   WARNING   Warning: Routing direction of metal layer PO is neither "hor... (MSG-3032)
Information:     5     1  0 ZRT-763   WARNING   Warning: Cell place_optoptlc_725 is placed overlapping with ... (MSG-3032)
Information:    24     2  0 OPT-070   WARNING   Warning: Cannot find any max transition constraint on the de... (MSG-3032)
Information:   233     2  0 OPT-902   WARNING   Warning: No clock routing rules were specified. Use set_cloc... (MSG-3032)
Information:    58     7  5 LGL-050   WARNING   Warning: Library cell saed14rvt_frame_timing:SAEDRVT14_ISOFS... (MSG-3032)
Information:   381    21  1        6  <------   Total sum of messages (MSG-3038)
Information: >>>>>>> Summary: 21 error&warning MSGs observed during compile_fusion / final_place (MSG-3103)


----------------------------------------------------------------------------------------------------------
Information: Starting compile_fusion / final_opto (FLW-8000)
Information: Time: 2025-06-18 13:02:49 / Session:  00:04:59 / Command:  00:01:53 / CPU:  00:06:17 / Memory: 1691 MB (FLW-8100)
Information: CPU Load: 35%, Ram Free: 38 GB, Swap Free: 1 GB, Work Disk Free: 308 GB, Tmp Disk Free: 308 GB (MSG-3995)
----------------------------------------------------------------------------------------------------------

Information: The net parasitics of block dut_toplevel are cleared. (TIM-123)
Information: The stitching and editing of coupling caps is turned OFF for design 'dut_toplevel.dlib:dut_toplevel/placement_and_optimization.design'. (TIM-125)
Number of Site types in the design = 1
Setting up Chip Core
Chip Core shape: (50000 50000) (531000 338000)
Number of VARs = 1
Number of unique PDs = 1
Number of Power Domains = 1
Number of Voltage Areas = 1
Number of supply Nets = 2
Number of used supplies = 0
Blocked VAs: 

Information: Starting compile_fusion / final_opto / Optimization (1) (FLW-8000)
Information: Time: 2025-06-18 13:02:49 / Session:  00:05:00 / Command:  00:01:53 / CPU:  00:06:18 / Memory: 1691 MB (FLW-8100)
Information: CPU Load: 35%, Ram Free: 38 GB, Swap Free: 1 GB, Work Disk Free: 308 GB, Tmp Disk Free: 308 GB (MSG-3995)

Compile-fusion optimization Phase 17 Iter  1         0.09        0.09      0.00         0        917.88  33233412.00        1216              0.08      1691
Warning: To enable pin track alignment feature, the advanced legalizer has to be turned on using app option "place.legalize.enable_advanced_legalizer".
Warning: Pin track alignment feature will be disabled in this run
Information: Initializing classic cellmap without advanced rules enabled and without PDC enabled
Information: The following app options are used in cellmap
        place.legalize.enable_color_aware_placement : false
        place.legalize.use_nll_query_cm : false
        place.legalize.enable_advanced_legalizer : false
        place.legalize.enable_prerouted_net_check : true
        place.legalize.enable_advanced_prerouted_net_check : false
        place.legalize.always_continue : true
        place.legalize.limit_legality_checks : false
        place.common.pnet_aware_density : 1.0000
        place.common.pnet_aware_min_width : 0.0000
        place.common.pnet_aware_layers : {}
        place.common.use_placement_model : false
        place.common.enable_advanced_placement_model : true
        cts.placement.cell_spacing_rule_style : maximum
Warning: Library cell saed14rvt_frame_timing:SAEDRVT14_ISOFSDPQ_PECO_8.frame is missing supply pins. Its power structure cannot be determined. (LGL-050)
Warning: Library cell saed14rvt_frame_timing:SAEDRVT14_DCAP_PV1ECO_12.frame is missing supply pins. Its power structure cannot be determined. (LGL-050)
Total 0.0084 seconds to build cellmap data
Snapped 1216 standard cells to the nearest cellrow to improve the accuracy of congestion analysis.
Running GR for RDE Capture
Generating Timing information  
Design  Scenario Normal_Slow (Mode Normal Corner Slow)
Generating Timing information  ... Done
Information: The net parasitics of block dut_toplevel are cleared. (TIM-123)
[End of Generating Timing Information] Elapsed real time: 0:00:00 
[End of Generating Timing Information] Elapsed cpu  time: sys=0:00:00 usr=0:00:01 total=0:00:02
Start Global Route ... 
[Init] Elapsed real time: 0:00:00 
[Init] Elapsed cpu  time: sys=0:00:00 usr=0:00:00 total=0:00:00
[Init] Stage (MB): Used    0  Alloctr    0  Proc    0 
[Init] Total (MB): Used    7  Alloctr    8  Proc 6392 
Printing options for 'route.common.*'

Printing options for 'route.global.*'
global.deterministic                                    :	 on                  
global.effort_level                                     :	 medium              
global.timing_driven                                    :	 true                

Begin global routing.
Cell Min-Routing-Layer = M1
Cell Max-Routing-Layer = MRDL
Turn off antenna since no rule is specified
Information: Option route.detail.force_end_on_preferred_grid will be ignored since none of the layers have preferred grid. (ZRT-703)
Skipping 1 internal pins that are not physical. Set route.common.verbose_level to > 0 and run routing command to get skipped pin names.
Info: number of net_type_blockage: 0 
Information: Via ladder engine would be activated for pattern must join connection in certain commands. Please refer to man-page for the command list. (ZRT-619)
Via on layer (VIA1) needs more than one tracks
Warning: Layer M1 default pitch 0.074 may be too small to handle up/down via. Note, that minimum requirements are "wire/via-down 0.074" & "wire/via-up 0.078". (ZRT-026)
Via on layer (VIA1) needs more than one tracks
Warning: Layer M2 default pitch 0.060 may be too small to handle up/down via. Note, that minimum requirements are "wire/via-down 0.078" & "wire/via-up 0.060". (ZRT-026)
Via on layer (VIA4) needs more than one tracks
Warning: Layer M5 default pitch 0.100 may be too small to handle up/down via. Note, that minimum requirements are "wire/via-down 0.125" & "wire/via-up 0.100". (ZRT-026)
Via on layer (VIA7) needs more than one tracks
Warning: Layer M7 default pitch 0.100 may be too small to handle up/down via. Note, that minimum requirements are "wire/via-down 0.100" & "wire/via-up 0.107". (ZRT-026)
Wire on layer (M8) needs more than one tracks
Via on layer (VIA7) needs more than one tracks
Via on layer (VIA8) needs more than one tracks
Warning: Layer M8 default pitch 0.100 may be too small to handle up/down via. Note, that minimum requirements are "wire/via-down 0.107" & "wire/via-up 0.135". (ZRT-026)
Wire on layer (M9) needs more than one tracks
Via on layer (VIA8) needs more than one tracks
Via on layer (VIARDL) needs more than one tracks
Warning: Layer M9 default pitch 0.100 may be too small to handle up/down via. Note, that minimum requirements are "wire/via-down 0.135" & "wire/via-up 1.570". (ZRT-026)
Via on layer (VIARDL) needs more than one tracks
Warning: Layer MRDL default pitch 4.000 may be too small to handle up/down via. Note, that minimum requirements are "wire/via-down 4.500" & "wire/via-up 4.000". (ZRT-026)
Transition layer name: M7(6)
Transition layer name: M8(7)
Information: When applicable Min-max layer allow_pin_connection mode will allow paths of length 0.90 outside the layer range. (ZRT-707)
Information: When applicable Min-max layer allow_pin_connection mode will allow paths of length 0.90 outside the layer range on clock nets. (ZRT-718)
Information: When applicable layer based tapering will taper up to 0.00 in distance from the pin. (ZRT-706)
Warning: Standard cell pin SAEDRVT14_ADDH_0P5/CO has no valid via regions. (ZRT-044)
Current Stage stats:
[End of Read DB] Elapsed real time: 0:00:00 
[End of Read DB] Elapsed cpu  time: sys=0:00:00 usr=0:00:00 total=0:00:00
[End of Read DB] Stage (MB): Used   32  Alloctr   32  Proc  -32 
[End of Read DB] Total (MB): Used   39  Alloctr   41  Proc 6360 
Loading timing information to the router from design
Timing information loaded to the router.
[End of Loading Timing] Elapsed real time: 0:00:00 
[End of Loading Timing] Elapsed cpu  time: sys=0:00:00 usr=0:00:00 total=0:00:00
Constructing data structure ...
Design statistics:
Design Bounding Box (0.00um,0.00um,58.10um,38.80um)
Number of routing layers = 10
layer M1, dir Ver, min width = 0.034um, min space = 0.026um pitch = 0.074um
layer M2, dir Hor, min width = 0.034um, min space = 0.026um pitch = 0.06um
layer M3, dir Ver, min width = 0.034um, min space = 0.026um pitch = 0.074um
layer M4, dir Hor, min width = 0.06um, min space = 0.04um pitch = 0.1um
layer M5, dir Ver, min width = 0.06um, min space = 0.04um pitch = 0.1um
layer M6, dir Hor, min width = 0.06um, min space = 0.04um pitch = 0.1um
layer M7, dir Ver, min width = 0.06um, min space = 0.04um pitch = 0.1um
layer M8, dir Hor, min width = 0.06um, min space = 0.04um pitch = 0.1um
layer M9, dir Ver, min width = 0.06um, min space = 0.04um pitch = 0.1um
layer MRDL, dir Hor, min width = 2um, min space = 2um pitch = 4um
Current Stage stats:
[End of Build Tech Data] Elapsed real time: 0:00:00 
[End of Build Tech Data] Elapsed cpu  time: sys=0:00:00 usr=0:00:00 total=0:00:00
[End of Build Tech Data] Stage (MB): Used    0  Alloctr    0  Proc    0 
[End of Build Tech Data] Total (MB): Used   40  Alloctr   42  Proc 6360 
Net statistics:
Total number of nets     = 1648
Number of nets to route  = 1646
2 nets are fully connected,
 of which 2 are detail routed and 0 are global routed.
Net length statistics: 
Net Count(Ignore Fully Rted) 1646, Total Half Perimeter Wire Length (HPWL) 10462 microns
HPWL   0 ~   50 microns: Net Count     1643	Total HPWL        10276 microns
HPWL  50 ~  100 microns: Net Count        3	Total HPWL          186 microns
HPWL 100 ~  200 microns: Net Count        0	Total HPWL            0 microns
HPWL 200 ~  300 microns: Net Count        0	Total HPWL            0 microns
HPWL 300 ~  400 microns: Net Count        0	Total HPWL            0 microns
HPWL 400 ~  500 microns: Net Count        0	Total HPWL            0 microns
HPWL 500 ~  600 microns: Net Count        0	Total HPWL            0 microns
HPWL 600 ~  700 microns: Net Count        0	Total HPWL            0 microns
HPWL 700 ~  800 microns: Net Count        0	Total HPWL            0 microns
HPWL 800 ~  900 microns: Net Count        0	Total HPWL            0 microns
HPWL 900 ~ 1000 microns: Net Count        0	Total HPWL            0 microns
HPWL     > 1000 microns: Net Count        0	Total HPWL            0 microns
Current Stage stats:
[End of Build All Nets] Elapsed real time: 0:00:00 
[End of Build All Nets] Elapsed cpu  time: sys=0:00:00 usr=0:00:00 total=0:00:00
[End of Build All Nets] Stage (MB): Used    1  Alloctr    1  Proc    0 
[End of Build All Nets] Total (MB): Used   41  Alloctr   43  Proc 6360 
Number of partitions: 1 (1 x 1)
Size of partitions: 96 gCells x 64 gCells
Average gCell capacity  3.06	 on layer (1)	 M1
Average gCell capacity  8.51	 on layer (2)	 M2
Average gCell capacity  7.83	 on layer (3)	 M3
Average gCell capacity  5.84	 on layer (4)	 M4
Average gCell capacity  5.47	 on layer (5)	 M5
Average gCell capacity  4.56	 on layer (6)	 M6
Average gCell capacity  4.74	 on layer (7)	 M7
Average gCell capacity  6.05	 on layer (8)	 M8
Average gCell capacity  6.04	 on layer (9)	 M9
Average gCell capacity  0.12	 on layer (10)	 MRDL
Average number of tracks per gCell 8.19	 on layer (1)	 M1
Average number of tracks per gCell 10.12	 on layer (2)	 M2
Average number of tracks per gCell 8.19	 on layer (3)	 M3
Average number of tracks per gCell 6.08	 on layer (4)	 M4
Average number of tracks per gCell 6.06	 on layer (5)	 M5
Average number of tracks per gCell 6.08	 on layer (6)	 M6
Average number of tracks per gCell 6.06	 on layer (7)	 M7
Average number of tracks per gCell 6.08	 on layer (8)	 M8
Average number of tracks per gCell 6.06	 on layer (9)	 M9
Average number of tracks per gCell 0.16	 on layer (10)	 MRDL
Number of gCells = 61440
Current Stage stats:
[End of Build Congestion Map] Elapsed real time: 0:00:00 
[End of Build Congestion Map] Elapsed cpu  time: sys=0:00:00 usr=0:00:00 total=0:00:00
[End of Build Congestion Map] Stage (MB): Used    2  Alloctr    2  Proc    0 
[End of Build Congestion Map] Total (MB): Used   43  Alloctr   45  Proc 6360 
Number of partitions: 1 (1 x 1)
Size of partitions: 96 gCells x 64 gCells
Current Stage stats:
[End of Add Nets Demand] Elapsed real time: 0:00:00 
[End of Add Nets Demand] Elapsed cpu  time: sys=0:00:00 usr=0:00:00 total=0:00:00
[End of Add Nets Demand] Stage (MB): Used    0  Alloctr    0  Proc    0 
[End of Add Nets Demand] Total (MB): Used   44  Alloctr   46  Proc 6360 
Number of user frozen nets = 0
Timing criticality report: total 226 (13.71)% critical nets.
   Number of criticality 1 nets = 16 (0.97)%
   Number of criticality 2 nets = 52 (3.16)%
   Number of criticality 3 nets = 46 (2.79)%
   Number of criticality 4 nets = 29 (1.76)%
   Number of criticality 5 nets = 27 (1.64)%
   Number of criticality 6 nets = 44 (2.67)%
   Number of criticality 7 nets = 12 (0.73)%
Information: RC layer preference is turned on for this design. (ZRT-613)
Total stats:
[End of Build Data] Elapsed real time: 0:00:00 
[End of Build Data] Elapsed cpu  time: sys=0:00:00 usr=0:00:00 total=0:00:00
[End of Build Data] Stage (MB): Used    4  Alloctr    4  Proc    0 
[End of Build Data] Total (MB): Used   44  Alloctr   46  Proc 6360 
Number of partitions: 1 (1 x 1)
Size of partitions: 96 gCells x 64 gCells
Current Stage stats:
[End of Blocked Pin Detection] Elapsed real time: 0:00:00 
[End of Blocked Pin Detection] Elapsed cpu  time: sys=0:00:00 usr=0:00:00 total=0:00:00
[End of Blocked Pin Detection] Stage (MB): Used  104  Alloctr  104  Proc    0 
[End of Blocked Pin Detection] Total (MB): Used  148  Alloctr  150  Proc 6360 
Information: Using 12 threads for routing. (ZRT-444)
Information: Multiple gcell levels ON
Information: Buffer distance is estimated to be ~271.0000um (451 gCells)

Start GR phase 0
Number of partitions: 1 (1 x 1)
Size of partitions: 96 gCells x 64 gCells
[rtAllBotParts] Elapsed real time: 0:00:00 
[rtAllBotParts] Elapsed cpu  time: sys=0:00:00 usr=0:00:00 total=0:00:00
[rtTop] Elapsed real time: 0:00:00 
[rtTop] Elapsed cpu  time: sys=0:00:00 usr=0:00:00 total=0:00:00
Current Stage stats:
[End of Initial Routing] Elapsed real time: 0:00:00 
[End of Initial Routing] Elapsed cpu  time: sys=0:00:00 usr=0:00:00 total=0:00:00
[End of Initial Routing] Stage (MB): Used    1  Alloctr    1  Proc    0 
[End of Initial Routing] Total (MB): Used  149  Alloctr  151  Proc 6360 
Initial. Routing result:
Initial. Both Dirs: Dmd-Cap  =     0 Max = 0 GRCs =     0 (0.00%)
Initial. H routing: Dmd-Cap  =     0 Max = 0 (GRCs =  0) GRCs =     0 (0.00%)
Initial. V routing: Dmd-Cap  =     0 Max = 0 (GRCs =  0) GRCs =     0 (0.00%)
Initial. Both Dirs: Overflow =    12 Max = 2 GRCs =    23 (0.19%)
Initial. H routing: Overflow =     5 Max = 2 (GRCs =  1) GRCs =     8 (0.13%)
Initial. V routing: Overflow =     7 Max = 2 (GRCs =  1) GRCs =    15 (0.24%)
Initial. M1         Overflow =     0 Max = 0 (GRCs =  0) GRCs =     0 (0.00%)
Initial. M2         Overflow =     5 Max = 2 (GRCs =  1) GRCs =     8 (0.13%)
Initial. M3         Overflow =     7 Max = 2 (GRCs =  1) GRCs =    15 (0.24%)
Initial. M4         Overflow =     0 Max = 0 (GRCs =  0) GRCs =     0 (0.00%)
Initial. M5         Overflow =     0 Max = 0 (GRCs =  0) GRCs =     0 (0.00%)
Initial. M6         Overflow =     0 Max = 0 (GRCs =  0) GRCs =     0 (0.00%)
Initial. M7         Overflow =     0 Max = 0 (GRCs =  0) GRCs =     0 (0.00%)
Initial. M8         Overflow =     0 Max = 0 (GRCs =  0) GRCs =     0 (0.00%)
Initial. M9         Overflow =     0 Max = 0 (GRCs =  0) GRCs =     0 (0.00%)
Initial. MRDL       Overflow =     0 Max = 0 (GRCs =  0) GRCs =     0 (0.00%)


Density distribution:
Layer    0.0  0.1  0.2  0.3  0.4  0.5  0.6  0.7  0.8  0.9  1.0  1.1  1.2  > 1.2 
M1       100. 0.00 0.00 0.00 0.00 0.00 0.00 0.00 0.00 0.00 0.00 0.00 0.00 0.00
M2       48.4 22.0 6.97 10.1 1.94 4.70 3.24 1.33 0.88 0.10 0.24 0.02 0.00 0.00
M3       30.6 19.2 12.5 13.1 2.10 11.4 6.54 2.44 1.58 0.00 0.26 0.02 0.00 0.00
M4       48.0 37.5 0.02 11.3 0.00 1.99 0.99 0.00 0.11 0.00 0.00 0.00 0.00 0.00
M5       84.0 10.1 0.90 3.84 0.00 0.99 0.11 0.00 0.00 0.00 0.00 0.00 0.00 0.00
M6       98.0 1.74 0.03 0.18 0.00 0.00 0.00 0.00 0.00 0.00 0.00 0.00 0.00 0.00
M7       99.6 0.34 0.00 0.00 0.00 0.00 0.00 0.00 0.00 0.00 0.00 0.00 0.00 0.00
M8       100. 0.00 0.00 0.00 0.00 0.00 0.00 0.00 0.00 0.00 0.00 0.00 0.00 0.00
M9       100. 0.00 0.00 0.00 0.00 0.00 0.00 0.00 0.00 0.00 0.00 0.00 0.00 0.00
MRDL     100. 0.00 0.00 0.00 0.00 0.00 0.00 0.00 0.00 0.00 0.00 0.00 0.00 0.00
Total    80.6 9.20 2.07 3.90 0.41 1.93 1.10 0.38 0.26 0.01 0.05 0.00 0.00 0.00


Initial. Total Wire Length = 10385.57
Initial. Layer M1 wire length = 0.00
Initial. Layer M2 wire length = 2736.03
Initial. Layer M3 wire length = 4446.54
Initial. Layer M4 wire length = 2400.75
Initial. Layer M5 wire length = 720.27
Initial. Layer M6 wire length = 70.37
Initial. Layer M7 wire length = 11.60
Initial. Layer M8 wire length = 0.00
Initial. Layer M9 wire length = 0.00
Initial. Layer MRDL wire length = 0.00
Initial. Total Number of Contacts = 9101
Initial. Via VIA1_Base count = 2821
Initial. Via VIA2_Base count = 5218
Initial. Via VIA34SQ_C count = 843
Initial. Via VIA4SQ count = 192
Initial. Via VIA5SQ_C count = 23
Initial. Via VIA67SQ_C count = 4
Initial. Via VIA78SQ_C count = 0
Initial. Via VIA89_C count = 0
Initial. Via VIA9RDL count = 0
Initial. completed.

Start GR phase 1
Wed Jun 18 13:02:50 2025
Number of partitions: 1 (1 x 1)
Size of partitions: 96 gCells x 64 gCells
[rtAllParts] Elapsed real time: 0:00:00 
[rtAllParts] Elapsed cpu  time: sys=0:00:00 usr=0:00:00 total=0:00:00
Current Stage stats:
[End of Phase1 Routing] Elapsed real time: 0:00:00 
[End of Phase1 Routing] Elapsed cpu  time: sys=0:00:00 usr=0:00:00 total=0:00:00
[End of Phase1 Routing] Stage (MB): Used    0  Alloctr    0  Proc    0 
[End of Phase1 Routing] Total (MB): Used  149  Alloctr  151  Proc 6360 
phase1. Routing result:
phase1. Both Dirs: Dmd-Cap  =     0 Max = 0 GRCs =     0 (0.00%)
phase1. H routing: Dmd-Cap  =     0 Max = 0 (GRCs =  0) GRCs =     0 (0.00%)
phase1. V routing: Dmd-Cap  =     0 Max = 0 (GRCs =  0) GRCs =     0 (0.00%)
phase1. Both Dirs: Overflow =     7 Max = 2 GRCs =     8 (0.07%)
phase1. H routing: Overflow =     6 Max = 2 (GRCs =  3) GRCs =     7 (0.11%)
phase1. V routing: Overflow =     0 Max = 1 (GRCs =  1) GRCs =     1 (0.02%)
phase1. M1         Overflow =     0 Max = 0 (GRCs =  0) GRCs =     0 (0.00%)
phase1. M2         Overflow =     6 Max = 2 (GRCs =  3) GRCs =     7 (0.11%)
phase1. M3         Overflow =     0 Max = 1 (GRCs =  1) GRCs =     1 (0.02%)
phase1. M4         Overflow =     0 Max = 0 (GRCs =  0) GRCs =     0 (0.00%)
phase1. M5         Overflow =     0 Max = 0 (GRCs =  0) GRCs =     0 (0.00%)
phase1. M6         Overflow =     0 Max = 0 (GRCs =  0) GRCs =     0 (0.00%)
phase1. M7         Overflow =     0 Max = 0 (GRCs =  0) GRCs =     0 (0.00%)
phase1. M8         Overflow =     0 Max = 0 (GRCs =  0) GRCs =     0 (0.00%)
phase1. M9         Overflow =     0 Max = 0 (GRCs =  0) GRCs =     0 (0.00%)
phase1. MRDL       Overflow =     0 Max = 0 (GRCs =  0) GRCs =     0 (0.00%)


Density distribution:
Layer    0.0  0.1  0.2  0.3  0.4  0.5  0.6  0.7  0.8  0.9  1.0  1.1  1.2  > 1.2 
M1       100. 0.00 0.00 0.00 0.00 0.00 0.00 0.00 0.00 0.00 0.00 0.00 0.00 0.00
M2       48.5 21.8 6.85 10.1 2.03 4.64 3.27 1.45 0.90 0.11 0.20 0.05 0.00 0.00
M3       30.6 19.1 12.4 13.5 2.16 11.4 6.49 2.39 1.64 0.00 0.05 0.00 0.00 0.00
M4       48.2 37.4 0.02 11.2 0.00 1.95 1.06 0.00 0.11 0.00 0.00 0.00 0.00 0.00
M5       83.5 9.98 1.06 4.25 0.00 0.98 0.11 0.03 0.00 0.00 0.00 0.00 0.00 0.00
M6       97.7 2.02 0.03 0.18 0.00 0.00 0.00 0.00 0.00 0.00 0.00 0.00 0.00 0.00
M7       99.5 0.41 0.00 0.00 0.00 0.00 0.00 0.00 0.00 0.00 0.00 0.00 0.00 0.00
M8       100. 0.00 0.00 0.00 0.00 0.00 0.00 0.00 0.00 0.00 0.00 0.00 0.00 0.00
M9       100. 0.00 0.00 0.00 0.00 0.00 0.00 0.00 0.00 0.00 0.00 0.00 0.00 0.00
MRDL     100. 0.00 0.00 0.00 0.00 0.00 0.00 0.00 0.00 0.00 0.00 0.00 0.00 0.00
Total    80.6 9.18 2.06 3.97 0.42 1.92 1.10 0.39 0.27 0.01 0.02 0.00 0.00 0.00


phase1. Total Wire Length = 10390.88
phase1. Layer M1 wire length = 0.00
phase1. Layer M2 wire length = 2749.50
phase1. Layer M3 wire length = 4417.39
phase1. Layer M4 wire length = 2388.57
phase1. Layer M5 wire length = 743.35
phase1. Layer M6 wire length = 78.66
phase1. Layer M7 wire length = 13.40
phase1. Layer M8 wire length = 0.00
phase1. Layer M9 wire length = 0.00
phase1. Layer MRDL wire length = 0.00
phase1. Total Number of Contacts = 9144
phase1. Via VIA1_Base count = 2821
phase1. Via VIA2_Base count = 5228
phase1. Via VIA34SQ_C count = 852
phase1. Via VIA4SQ count = 208
phase1. Via VIA5SQ_C count = 29
phase1. Via VIA67SQ_C count = 6
phase1. Via VIA78SQ_C count = 0
phase1. Via VIA89_C count = 0
phase1. Via VIA9RDL count = 0
phase1. completed.
[End of Whole Chip Routing] Elapsed real time: 0:00:00 
[End of Whole Chip Routing] Elapsed cpu  time: sys=0:00:00 usr=0:00:00 total=0:00:00
[End of Whole Chip Routing] Stage (MB): Used  109  Alloctr  109  Proc    0 
[End of Whole Chip Routing] Total (MB): Used  149  Alloctr  151  Proc 6360 

Congestion utilization per direction:
Average vertical track utilization   =  9.78 %
Peak    vertical track utilization   = 52.17 %
Average horizontal track utilization =  9.86 %
Peak    horizontal track utilization = 68.18 %

[End of Global Routing] Elapsed real time: 0:00:00 
[End of Global Routing] Elapsed cpu  time: sys=0:00:00 usr=0:00:00 total=0:00:00
[End of Global Routing] Stage (MB): Used  108  Alloctr  108  Proc    0 
[End of Global Routing] Total (MB): Used  147  Alloctr  149  Proc 6360 
Updating the database ...
Updating congestion ...
Information: Extraction observers are detached as design net change threshold is reached.
[End of dbOut] Elapsed real time: 0:00:00 
[End of dbOut] Elapsed cpu  time: sys=0:00:00 usr=0:00:00 total=0:00:00
[End of dbOut] Stage (MB): Used  -32  Alloctr  -33  Proc    0 
[End of dbOut] Total (MB): Used   36  Alloctr   37  Proc 6360 
time.estimate_sized_nets true
Doing RDE Capture
Information: Freeing timing information from routing. (ZRT-574)
Information: Design dut_toplevel has 1648 nets, 1646 global routed, 0 detail routed. (NEX-024)
Information: The stitching and editing of coupling caps is turned OFF for design 'dut_toplevel.dlib:dut_toplevel/placement_and_optimization.design'. (TIM-125)

RDE Information
RDE Design         : dut_toplevel.dlib:dut_toplevel/placement_and_optimization.design
RDE Module         : dut_toplevel
RDE TechName       : minTLU
RDE Version        : 1.90
Product Version    : fc V-2023.12 Nov 23, 2023
No. of Res Corners : 3
No. of Cap Corners : 3
RDE Capture Stage  : NONE
RDE Capture DB     : GR
Max layer ID       : 10
Max via layer ID   : 9
DB1                : 10000
gCell Size         : 2.3375 um
Merge Fanout       : 1
Via Model          : 3
large Gcell Grid   : 0
Disable clock capture       : 1
RDE congestion map          : (-8320, -8320 -> 589320, 396320)
RDE Effort Level            : medium
RDE Layer Length Adjustment : false
RDE from                    : CAPTURE
Information: The stitching and editing of coupling caps is turned OFF for design 'dut_toplevel.dlib:dut_toplevel/placement_and_optimization.design'. (TIM-125)

Warning: Cannot find any max transition constraint on the design. (OPT-070)
Info: update em.

Compile-fusion timing update complete          CPU:   974 s (  0.27 hr )  ELAPSE:   302 s (  0.08 hr )  MEM-PEAK:  1691 MB

Compile-fusion initial QoR
__________________________
Scenario Mapping Table
1: Normal_Fast
2: Normal_Slow
3: Normal_Typical
4: PowerSave_Fast
5: PowerSave_Slow
6: PowerSave_Typical

Pathgroup Mapping Table
1: **default**
2: **async_default**
3: **clock_gating_default**
4: **in2reg_default**
5: **reg2out_default**
6: **in2out_default**
7: clk

-------------------------------------------------------------------------------------------------------------------------------------------------------------
PATHGROUP QOR 
-------------------------------------------------------------------------------------------------------------------------------------------------------------
Scene  PG      WNS        TNS    NSV      WHV        THV    NHV
    1   1   0.0000     0.0000      0        -          -      -
    1   2   0.0000     0.0000      0        -          -      -
    1   3   0.0000     0.0000      0        -          -      -
    1   4   0.0000     0.0000      0        -          -      -
    1   5   0.0000     0.0000      0        -          -      -
    1   6   0.0000     0.0000      0        -          -      -
    1   7   0.0000     0.0000      0        -          -      -
    2   1   0.0000     0.0000      0        -          -      -
    2   2   0.0000     0.0000      0        -          -      -
    2   3   0.0000     0.0000      0        -          -      -
    2   4   0.0000     0.0000      0        -          -      -
    2   5   0.0000     0.0000      0        -          -      -
    2   6   0.0000     0.0000      0        -          -      -
    2   7   0.0195     0.0195      1        -          -      -
    3   1   0.0000     0.0000      0        -          -      -
    3   2   0.0000     0.0000      0        -          -      -
    3   3   0.0000     0.0000      0        -          -      -
    3   4   0.0000     0.0000      0        -          -      -
    3   5   0.0000     0.0000      0        -          -      -
    3   6   0.0000     0.0000      0        -          -      -
    3   7   0.0000     0.0000      0        -          -      -
    4   1   0.0000     0.0000      0        -          -      -
    4   2   0.0000     0.0000      0        -          -      -
    4   3   0.0000     0.0000      0        -          -      -
    4   4   0.0000     0.0000      0        -          -      -
    4   5   0.0000     0.0000      0        -          -      -
    4   6   0.0000     0.0000      0        -          -      -
    4   7   0.0000     0.0000      0        -          -      -
    5   1   0.0000     0.0000      0        -          -      -
    5   2   0.0000     0.0000      0        -          -      -
    5   3   0.0000     0.0000      0        -          -      -
    5   4   0.0000     0.0000      0        -          -      -
    5   5   0.0000     0.0000      0        -          -      -
    5   6   0.0000     0.0000      0        -          -      -
    5   7   0.0000     0.0000      0        -          -      -
    6   1   0.0000     0.0000      0        -          -      -
    6   2   0.0000     0.0000      0        -          -      -
    6   3   0.0000     0.0000      0        -          -      -
    6   4   0.0000     0.0000      0        -          -      -
    6   5   0.0000     0.0000      0        -          -      -
    6   6   0.0000     0.0000      0        -          -      -
    6   7   0.0000     0.0000      0        -          -      -
----------------------------------------------------------------------------------------------------------------------------------------------------------------------
SCENARIO QOR 
----------------------------------------------------------------------------------------------------------------------------------------------------------------------
Scene  PG      WNS        TNS   R2RTNS    NSV      WHV        THV    NHV  MaxTrnV   MaxTranC  MaxCapV    Leakage     CellEMV
    1   *   0.0000     0.0000   0.0000      0        -          -      -        0     0.0000        0 33233412.0           0
    2   *   0.0195     0.0195   0.0195      1        -          -      -        0     0.0000        2  16986.623           0
    3   *   0.0000     0.0000   0.0000      0        -          -      -        0     0.0000        0 316707.594           0
    4   *   0.0000     0.0000   0.0000      0        -          -      -        0     0.0000        0 33233412.0           0
    5   *   0.0000     0.0000   0.0000      0        -          -      -        0     0.0000        2  16986.623           0
    6   *   0.0000     0.0000   0.0000      0        -          -      -        0     0.0000        0 316707.594           0
----------------------------------------------------------------------------------------------------------------------------------------------------------------------
DESIGN QOR 
----------------------------------------------------------------------------------------------------------------------------------------------------------------------
Scene  PG      WNS        TNS   R2RTNS    NSV      WHV        THV    NHV  MaxTrnV   MaxTranC  MaxCapV    Leakage         Area    InstCnt     BufCnt     InvCnt     CellEMV
    *   *   0.0195     0.0195   0.0195      1   0.0000     0.0000      0        0     0.0000        2 33233412.0       917.88       1216         13         21           0
----------------------------------------------------------------------------------------------------------------------------------------------------------------------

Compile-fusion initial QoR Summary       WNS        TNS   R2RTNS    NSV      WHV        THV    NHV  MaxTrnV  MaxCapV    Leakage         Area    InstCnt
Compile-fusion initial QoR Summary    0.0195     0.0195   0.0195      1   0.0000     0.0000      0        0        2 33233412.0       917.88       1216
Information: The netlist change observers are disabled for incremental extraction. (TIM-126)
INFO: using 12 threads
Compile-fusion initialization complete         CPU:   990 s (  0.28 hr )  ELAPSE:   303 s (  0.08 hr )  MEM-PEAK:  1691 MB
Compile-fusion optimization summary            SETUP-COST    R2R-COST HOLD-COST LDRC-COST          AREA     LEAKAGE     INSTCNT            ELAPSE       MEM
Warning: Cannot find any max transition constraint on the design. (OPT-070)
Information: The netlist change observers are enabled for incremental extraction. (TIM-127)

Information: Initializing classic cellmap without advanced rules enabled and without PDC enabled
Information: The following app options are used in cellmap
        place.legalize.enable_color_aware_placement : false
        place.legalize.use_nll_query_cm : false
        place.legalize.enable_advanced_legalizer : false
        place.legalize.enable_prerouted_net_check : true
        place.legalize.enable_advanced_prerouted_net_check : false
        place.legalize.always_continue : true
        place.legalize.limit_legality_checks : false
        place.common.pnet_aware_density : 1.0000
        place.common.pnet_aware_min_width : 0.0000
        place.common.pnet_aware_layers : {}
        place.common.use_placement_model : false
        place.common.enable_advanced_placement_model : true
        cts.placement.cell_spacing_rule_style : maximum
Warning: Library cell saed14rvt_frame_timing:SAEDRVT14_ISOFSDPQ_PECO_8.frame is missing supply pins. Its power structure cannot be determined. (LGL-050)
Warning: Library cell saed14rvt_frame_timing:SAEDRVT14_DCAP_PV1ECO_12.frame is missing supply pins. Its power structure cannot be determined. (LGL-050)
Total 0.0080 seconds to build cellmap data
INFO: creating 22(r) x 33(c) GridCells YDim 1.8 XDim 1.8
INFO: number of GridCells (0xc86ecc00): 726
INFO: creating 22(r) x 33(c) GridCells YDim 1.8 XDim 1.8
INFO: number of GridCells (0xc86ecc00): 726
Total 0.0161 seconds to load 1694 cell instances into cellmap
Moveable cells: 1216; Application fixed cells: 0; Macro cells: 0; User fixed cells: 478
Average cell width 1.2581, cell height 0.6000, cell area 0.7548 for total 1216 placed and application fixed cells
Compile-fusion optimization Phase 19 Iter  1         0.02        0.02      0.00         0        917.88  33233412.00        1216              0.08      1691
Isolated 0 ports, skipped 0 ports
Already Isolated 0 ports, Deleted 0 existing Isolation cells 
INFO: Advanced Scenario Reduction (ASR) enabled.


Compile-fusion optimization Phase 21 Iter  1         0.02        0.02      0.00         0        917.88  33233412.00        1216              0.08      1691
Corner Scaling is off, multiplier is 1.000000
Corner Scaling is off, multiplier is 1.000000
Using default layer M4
new cutoff lpd: 3.18383e-05
corner scaling: maxCornerId = 3
corner=Fast, tran factor=0.839605 (0.028406 / 0.033833)
corner=Typical, tran factor=0.945497 (0.031989 / 0.033833)
corner=Slow, tran factor=1.000000 (0.033833 / 0.033833)
bmap: stepx = stepy = 30000
creating bmap
DB units per micron : 10000
INFO: New Levelizer turned on
Compile-fusion optimization Phase 21 Iter  2         0.02        0.02      0.00         0        917.88  33233412.00        1216              0.08      1691
Compile-fusion optimization Phase 21 Iter  3         0.02        0.02      0.00         0        917.88  33242412.00        1216              0.08      1691

CCL: Total Usage Adjustment : 1
INFO: Derive row count 16 from GR congestion map (64/4)
INFO: Derive col count 24 from GR congestion map (96/4)
Convert timing mode ...
Compile-fusion optimization Phase 22 Iter  1         0.02        0.02      0.00         0        917.88  33242412.00        1216              0.09      1691
Number of Site types in the design = 1
INFO: Skipping activation of hold scenarios prior to CUS.
CCD app option: ccd.targeted_ccd_path_groups:  **clock_gating_default**
Target path group: scenario Normal_Fast pathgroup **clock_gating_default**
Target path group: scenario Normal_Slow pathgroup **clock_gating_default**
Target path group: scenario Normal_Typical pathgroup **clock_gating_default**
Target path group: scenario PowerSave_Fast pathgroup **clock_gating_default**
Target path group: scenario PowerSave_Slow pathgroup **clock_gating_default**
Target path group: scenario PowerSave_Typical pathgroup **clock_gating_default**
Information: CCD will use corner Slow for honoring max prepone/postpone limits
Uskew Characterizer: corner: Fast, scalingFactor: 0.592
Uskew Characterizer: corner: Slow, scalingFactor: 1.000
Uskew Characterizer: corner: Typical, scalingFactor: 0.760
@ CG solver holdWeight = 0.500000
@ CG solver setupWeight = 6.000000
@ CG solver delayCostWeight = 5.000000
@ CG solver zeroDirWeight = 5.000000
@ CG solver wnsWeight = 2400.000000

Summary of messages during CTS:
===============================================================
  Tag   Count  Type           Description
---------------------------------------------------------------
CTS-038    1  Warning  No clock routing rule is specified.
Warning: No clock routing rules were specified. Use set_clock_routing_rules to specify routing rules for accurate clock latency estimation. (OPT-902)
Warning: No clock routing rules were specified. Use set_clock_routing_rules to specify routing rules for accurate clock latency estimation. (OPT-902)
Information: Estimating clock gate latencies for scenario 'PowerSave_Typical'. (OPT-909)
Warning: No clock routing rules were specified. Use set_clock_routing_rules to specify routing rules for accurate clock latency estimation. (OPT-902)
Information: Estimating clock gate latencies for scenario 'PowerSave_Slow'. (OPT-909)
Warning: No clock routing rules were specified. Use set_clock_routing_rules to specify routing rules for accurate clock latency estimation. (OPT-902)
Information: Estimating clock gate latencies for scenario 'PowerSave_Fast'. (OPT-909)
Warning: No clock routing rules were specified. Use set_clock_routing_rules to specify routing rules for accurate clock latency estimation. (OPT-902)
Information: Estimating clock gate latencies for scenario 'Normal_Typical'. (OPT-909)
Warning: No clock routing rules were specified. Use set_clock_routing_rules to specify routing rules for accurate clock latency estimation. (OPT-902)
Information: Estimating clock gate latencies for scenario 'Normal_Slow'. (OPT-909)
Warning: No clock routing rules were specified. Use set_clock_routing_rules to specify routing rules for accurate clock latency estimation. (OPT-902)
Information: Estimating clock gate latencies for scenario 'Normal_Fast'. (OPT-909)
INFO: Skipping deactivation of hold scenarios after CUS.
Number of Site types in the design = 1
Compile-fusion optimization Phase 22 Iter  2         0.02        0.02      0.00         0        917.88  33242412.00        1216              0.09      1691
Compile-fusion optimization Phase 22 Iter  3         0.02        0.02      0.00         0        917.88  33242412.00        1216              0.09      1691
Compile-fusion optimization Phase 22 Iter  4         0.02        0.02      0.00         0        917.88  33242412.00        1216              0.09      1691
Compile-fusion optimization Phase 22 Iter  5         0.02        0.02      0.00         0        917.88  33242412.00        1216              0.09      1691
Number of Site types in the design = 1
INFO: Skipping activation of hold scenarios prior to CUS.
CCD app option: ccd.targeted_ccd_path_groups:  **clock_gating_default**
Target path group: scenario Normal_Fast pathgroup **clock_gating_default**
Target path group: scenario Normal_Slow pathgroup **clock_gating_default**
Target path group: scenario Normal_Typical pathgroup **clock_gating_default**
Target path group: scenario PowerSave_Fast pathgroup **clock_gating_default**
Target path group: scenario PowerSave_Slow pathgroup **clock_gating_default**
Target path group: scenario PowerSave_Typical pathgroup **clock_gating_default**
Information: CCD will use corner Slow for honoring max prepone/postpone limits

Summary of messages during CTS:
===============================================================
  Tag   Count  Type           Description
---------------------------------------------------------------
 No error or warning message.
Warning: No clock routing rules were specified. Use set_clock_routing_rules to specify routing rules for accurate clock latency estimation. (OPT-902)
Warning: No clock routing rules were specified. Use set_clock_routing_rules to specify routing rules for accurate clock latency estimation. (OPT-902)
Information: Estimating clock gate latencies for scenario 'PowerSave_Typical'. (OPT-909)
Warning: No clock routing rules were specified. Use set_clock_routing_rules to specify routing rules for accurate clock latency estimation. (OPT-902)
Information: Estimating clock gate latencies for scenario 'PowerSave_Slow'. (OPT-909)
Warning: No clock routing rules were specified. Use set_clock_routing_rules to specify routing rules for accurate clock latency estimation. (OPT-902)
Information: Estimating clock gate latencies for scenario 'PowerSave_Fast'. (OPT-909)
Warning: No clock routing rules were specified. Use set_clock_routing_rules to specify routing rules for accurate clock latency estimation. (OPT-902)
Information: Estimating clock gate latencies for scenario 'Normal_Typical'. (OPT-909)
Warning: No clock routing rules were specified. Use set_clock_routing_rules to specify routing rules for accurate clock latency estimation. (OPT-902)
Information: Estimating clock gate latencies for scenario 'Normal_Slow'. (OPT-909)
Warning: No clock routing rules were specified. Use set_clock_routing_rules to specify routing rules for accurate clock latency estimation. (OPT-902)
Information: Estimating clock gate latencies for scenario 'Normal_Fast'. (OPT-909)
INFO: Skipping deactivation of hold scenarios after CUS.
Number of Site types in the design = 1
Compile-fusion optimization Phase 22 Iter  6         0.02        0.02      0.00         0        917.88  33242412.00        1216              0.09      1691
Corner Scaling is off, multiplier is 1.000000
Using default layer M4
new cutoff lpd: 3.18383e-05
corner scaling: maxCornerId = 3
corner=Fast, tran factor=0.839605 (0.028406 / 0.033833)
corner=Typical, tran factor=0.945497 (0.031989 / 0.033833)
corner=Slow, tran factor=1.000000 (0.033833 / 0.033833)
bmap: stepx = stepy = 30000
creating bmap
DB units per micron : 10000
Compile-fusion optimization Phase 22 Iter  7         0.02        0.02      0.00         0        917.88  33242412.00        1216              0.09      1691
Compile-fusion optimization Phase 22 Iter  8         0.02        0.02      0.00         0        917.88  33242412.00        1216              0.09      1691
Compile-fusion optimization Phase 22 Iter  9         0.02        0.02      0.00         0        917.88  33242412.00        1216              0.09      1691
Compile-fusion optimization Phase 22 Iter 10         0.02        0.02      0.00         0        917.88  33242412.00        1216              0.09      1691
Compile-fusion optimization summary            SETUP-COST    R2R-COST HOLD-COST LDRC-COST          AREA     LEAKAGE     INSTCNT            ELAPSE       MEM
Compile-fusion optimization Phase 22 Iter 11         0.02        0.02      0.00         0        917.88  33242412.00        1216              0.09      1691

Compile-fusion optimization Phase 23 Iter  1         0.00        0.00      0.00         0        917.88  33242412.00        1216              0.09      1691

CCL: Total Usage Adjustment : 1
INFO: Derive row count 16 from GR congestion map (64/4)
INFO: Derive col count 24 from GR congestion map (96/4)
Convert timing mode ...
Compile-fusion optimization Phase 24 Iter  1         0.00        0.00      0.00         0        917.61  33195856.00        1216              0.09      1691

Disable clock slack update for ideal clocks
Compile-fusion optimization Phase 25 Iter  1         0.00        0.00      0.00         0        917.61  33195856.00        1216              0.09      1691
INFO: cellmap features:  adv-rules=(N), pdc=(N), clock-rules=(Y)


Compile-fusion optimization Phase 27 Iter  1         0.00        0.00      0.00         0        917.61  33195856.00        1216              0.09      1691
CCL: Total Usage Adjustment : 1
INFO: Derive row count 16 from GR congestion map (64/4)
INFO: Derive col count 24 from GR congestion map (96/4)
Convert timing mode ...
INFO: New Levelizer turned on
Layer Demotion Info:
Bin                       OptDist       MinLen      BeforeCount       AfterCount        Diff
-----------------------------------------------------------------------------------------
None                         89.5          0.0             1646             1646           0
M4                           99.9          9.0                0                0           0
-----------------------------------------------------------------------------------------
Total Demoted Nets:             0


Compile-fusion optimization Phase 28 Iter  1         0.00        0.00      0.00         0        917.61  33195856.00        1216              0.09      1691

Compile-fusion optimization Phase 29 Iter  1         0.00        0.00      0.00         0        917.61  33195856.00        1216              0.09      1691
INFO: New Levelizer turned on
Compile-fusion optimization Phase 29 Iter  2         0.00        0.00      0.00         0        917.61  33195856.00        1216              0.09      1691
INFO: New Levelizer turned on

Disable clock slack update for ideal clocks
Compile-fusion optimization Phase 30 Iter  1         0.00        0.00      0.00         0        917.39  33189654.00        1216              0.09      1691
INFO: cellmap features:  adv-rules=(N), pdc=(N), clock-rules=(Y)

Compile-fusion optimization Phase 31 Iter  1         0.00        0.00      0.00         0        917.39  33189654.00        1216              0.09      1691
ISR-INFO:  Running path margin based recovery (target = 0.0000, multiplier = 0.9000, mode = 0)
INFO: New Levelizer turned on
Knee-Processing :  cumEst: 0.00025041 cumPct:    45.39 estdown: 0.00030130 cumUp:   17 numDown:  135 status= valid
Knee-Processing :  cumEst: 0.00053005 cumPct:    96.07 estdown: 0.00002167 cumUp:   76 numDown:   76 status= valid
Knee-Processing :  cumEst: 0.00055160 cumPct:    99.98 estdown: 0.00000011 cumUp:  100 numDown:   52 status= valid
Knee-Processing :  cumEst: 0.00055171 cumPct:   100.00 estdown: 0.00000000 cumUp:  877 numDown:    0 status= valid


Disable clock slack update for ideal clocks
INFO:  SEQ DEL WNS is protecting TNS
INFO:  SEQ DEL WNS is protecting TNS
Compile-fusion optimization Phase 33 Iter  1         0.00        0.00      0.00         0        917.39  33177242.00        1216              0.09      1691
INFO: cellmap features:  adv-rules=(N), pdc=(N), clock-rules=(Y)

CCL: Total Usage Adjustment : 1
INFO: Derive row count 16 from GR congestion map (64/4)
INFO: Derive col count 24 from GR congestion map (96/4)
Convert timing mode ...
Compile-fusion optimization Phase 34 Iter  1         0.00        0.00      0.00         0        917.39  33177242.00        1216              0.09      1691

Compile-fusion optimization Phase 35 Iter  1         0.00        0.00      0.00         0        917.39  33177242.00        1216              0.09      1691
INFO: total number of constant pins: 0
INFO: constant pins which are scan-pins: 0
INFO: constant pins that are not scan-pins: 0

Compile-fusion optimization Phase 36 Iter  1         0.00        0.00      0.00         0        917.39  33177242.00        1216              0.09      1691

Compile-fusion optimization Phase 37 Iter  1         0.00        0.00      0.00         0        917.39  33177242.00        1216              0.09      1691

Information: Ending   compile_fusion / final_opto / Optimization (1) (FLW-8001)
Information: Time: 2025-06-18 13:03:05 / Session:  00:05:15 / Command:  00:02:09 / CPU:  00:07:17 / Memory: 1691 MB (FLW-8100)
Information: CPU Load: 35%, Ram Free: 38 GB, Swap Free: 1 GB, Work Disk Free: 308 GB, Tmp Disk Free: 308 GB (MSG-3995)

Information: Starting compile_fusion / final_opto / Legalization (1) (FLW-8000)
Information: Time: 2025-06-18 13:03:05 / Session:  00:05:15 / Command:  00:02:09 / CPU:  00:07:17 / Memory: 1691 MB (FLW-8100)
Information: CPU Load: 35%, Ram Free: 38 GB, Swap Free: 1 GB, Work Disk Free: 308 GB, Tmp Disk Free: 308 GB (MSG-3995)

START_FUNC : legalize_placement_pre_run_core CPU :   1027 s ( 0.29 hr) ELAPSE :    315 s ( 0.09 hr) MEM-PEAK :  1691 Mb
END_FUNC : legalize_placement_pre_run_core CPU :   1027 s ( 0.29 hr) ELAPSE :    315 s ( 0.09 hr) MEM-PEAK :  1691 Mb
Compile-fusion optimization Phase 40 Iter  1         0.00        0.00      0.00         0        917.39  33177242.00        1216              0.09      1691
nplDplc2Placer::setParam(effort,1)
nplDplc2Placer::setParam(debug,0)
nplDplc2Placer::setParam(site_check,2)
nplDplc2Placer::setParam(app_firm_wgt,0)
Warning: Routing direction of metal layer PO is neither "horizontal" nor "vertical".  PDC checks will not be performed on this layer. (PDC-003)
PDC app_options settings =========
	place.legalize.enable_prerouted_net_check: 1
	place.legalize.num_tracks_for_access_check: 1
	place.legalize.use_eol_spacing_for_access_check: 0
	place.legalize.allow_touch_track_for_access_check: 1
	place.legalize.reduce_conservatism_in_eol_check: 0
	place.legalize.preroute_shape_merge_distance: 0.0
	place.legalize.enable_non_preferred_direction_span_check: 0

Layer M1: cached 0 shapes out of 49 total shapes.
Layer M2: cached 588 shapes out of 588 total shapes.
Layer M3: cached 588 shapes out of 588 total shapes.
Cached 1764 vias out of 2618 total vias.

Legalizing Top Level Design dut_toplevel ... 
Information: Initializing classic cellmap without advanced rules enabled and without PDC enabled
Information: The following app options are used in cellmap
        place.legalize.enable_color_aware_placement : false
        place.legalize.use_nll_query_cm : false
        place.legalize.enable_advanced_legalizer : false
        place.legalize.enable_prerouted_net_check : true
        place.legalize.enable_advanced_prerouted_net_check : false
        place.legalize.always_continue : true
        place.legalize.limit_legality_checks : false
        place.common.pnet_aware_density : 1.0000
        place.common.pnet_aware_min_width : 0.0000
        place.common.pnet_aware_layers : {}
        place.common.use_placement_model : false
        place.common.enable_advanced_placement_model : true
        cts.placement.cell_spacing_rule_style : maximum
Warning: Library cell saed14rvt_frame_timing:SAEDRVT14_ISOFSDPQ_PECO_8.frame is missing supply pins. Its power structure cannot be determined. (LGL-050)
Warning: Library cell saed14rvt_frame_timing:SAEDRVT14_DCAP_PV1ECO_12.frame is missing supply pins. Its power structure cannot be determined. (LGL-050)
Total 0.0158 seconds to build cellmap data
Information: Creating classic rule checker.
Warning: Routing direction of metal layer PO is neither "horizontal" nor "vertical".  PDC checks will not be performed on this layer. (PDC-003)
=====> Processed 74 ref cells (23 fillers) from library

Bounds/Regions In This Design:
        Area    Num Cells  Exclusive Name
 (square um)
     1385.28         1694        Yes DEFAULT_VA

Starting legalizer.
Warning: Exclusive bound 'DEFAULT' has no cells.
Optimizing Exclusive Bound 'DEFAULT_VA' (2/2)
    Done Exclusive Bound 'DEFAULT_VA' (2/2) (0 sec)
Legalization complete (0 total sec)

****************************************
  Report : Placement Attempts
  Site   : unit
****************************************

number of cells:                   1694
number of references:                74
number of site rows:                 48
number of locations attempted:    26805
number of locations failed:         217  (0.8%)

Legality of references at locations:
1 references had failures.

Worst 1 references by total failures:
 CELLS       UNFLIPPED                       FLIPPED                REFERENCE NAME
         ATTEMPTS  FAILURES            ATTEMPTS  FAILURES           
    18        350       114 ( 32.6%)        303       103 ( 34.0%)  SAEDRVT14_ADDH_0P5

Worst 1 references by failure rate:
 CELLS       UNFLIPPED                       FLIPPED                REFERENCE NAME
         ATTEMPTS  FAILURES            ATTEMPTS  FAILURES           
    18        350       114 ( 32.6%)        303       103 ( 34.0%)  SAEDRVT14_ADDH_0P5

Legality of references in rows:
0 references had row failures.

****************************************
  Report : Cell Displacements
****************************************

number of cells aggregated:        1216 (20662 total sites)
avg row height over cells:        0.600 um
rms cell displacement:            0.000 um ( 0.00 row height)
rms weighted cell displacement:   0.000 um ( 0.00 row height)
max cell displacement:            0.000 um ( 0.00 row height)
avg cell displacement:            0.000 um ( 0.00 row height)
avg weighted cell displacement:   0.000 um ( 0.00 row height)
number of cells moved:                0
number of large displacements:        0
large displacement threshold:     3.000 row height

Displacements of worst 10 cells:
Cell: DP_OP_33_12155_941_J1/U_409 (SAEDRVT14_ADDF_V1_0P5)
  Input location: (23.574,11)
  Legal location: (23.574,11)
  Displacement:   0.000 um ( 0.00 row height)
Cell: DP_OP_33_12155_941_J1/U_408 (SAEDRVT14_ADDF_V1_0P5)
  Input location: (25.202,12.2)
  Legal location: (25.202,12.2)
  Displacement:   0.000 um ( 0.00 row height)
Cell: DP_OP_33_12155_941_J1/U_407 (SAEDRVT14_ADDF_V1_0P5)
  Input location: (25.35,11)
  Legal location: (25.35,11)
  Displacement:   0.000 um ( 0.00 row height)
Cell: DP_OP_33_12155_941_J1/U_405 (SAEDRVT14_ADDF_V1_0P5)
  Input location: (24.388,14)
  Legal location: (24.388,14)
  Displacement:   0.000 um ( 0.00 row height)
Cell: DP_OP_33_12155_941_J1/U_398 (SAEDRVT14_ADDF_V1_0P5)
  Input location: (25.794,16.4)
  Legal location: (25.794,16.4)
  Displacement:   0.000 um ( 0.00 row height)
Cell: DP_OP_33_12155_941_J1/U_404 (SAEDRVT14_ADDF_V1_0P5)
  Input location: (24.536,13.4)
  Legal location: (24.536,13.4)
  Displacement:   0.000 um ( 0.00 row height)
Cell: DP_OP_33_12155_941_J1/U_403 (SAEDRVT14_ADDF_V1_0P5)
  Input location: (27.348,14)
  Legal location: (27.348,14)
  Displacement:   0.000 um ( 0.00 row height)
Cell: DP_OP_33_12155_941_J1/U_401 (SAEDRVT14_ADDF_V1_0P5)
  Input location: (24.388,14.6)
  Legal location: (24.388,14.6)
  Displacement:   0.000 um ( 0.00 row height)
Cell: DP_OP_33_12155_941_J1/U_400 (SAEDRVT14_ADDF_V1_0P5)
  Input location: (28.902,15.2)
  Legal location: (28.902,15.2)
  Displacement:   0.000 um ( 0.00 row height)
Cell: DP_OP_33_12155_941_J1/U_410 (SAEDRVT14_ADDF_V1_0P5)
  Input location: (23.352,12.8)
  Legal location: (23.352,12.8)
  Displacement:   0.000 um ( 0.00 row height)

Information: The net parasitics of block dut_toplevel are cleared. (TIM-123)
Information: The stitching and editing of coupling caps is turned OFF for design 'dut_toplevel.dlib:dut_toplevel/placement_and_optimization.design'. (TIM-125)

Information: Ending   compile_fusion / final_opto / Legalization (1) (FLW-8001)
Information: Time: 2025-06-18 13:03:07 / Session:  00:05:17 / Command:  00:02:11 / CPU:  00:07:20 / Memory: 1691 MB (FLW-8100)
Information: CPU Load: 35%, Ram Free: 38 GB, Swap Free: 1 GB, Work Disk Free: 308 GB, Tmp Disk Free: 308 GB (MSG-3995)

Information: Starting compile_fusion / final_opto / Optimization (2) (FLW-8000)
Information: Time: 2025-06-18 13:03:07 / Session:  00:05:17 / Command:  00:02:11 / CPU:  00:07:20 / Memory: 1691 MB (FLW-8100)
Information: CPU Load: 35%, Ram Free: 38 GB, Swap Free: 1 GB, Work Disk Free: 308 GB, Tmp Disk Free: 308 GB (MSG-3995)
INFO: Enabled CLO at stage after_LGL3.

Warning: Cannot find any max transition constraint on the design. (OPT-070)
INFO: place.legalize.enable_advanced_legalizer not set - need to revert CLO
INFO: First Compile-fusion did not mark run with CLO enabled/disabled property
INFO: Concurrent Legalization and Optimization (CLO) Reverted
Warning: Cannot find any max transition constraint on the design. (OPT-070)

Information: Initializing classic cellmap without advanced rules enabled and without PDC enabled
Information: The following app options are used in cellmap
        place.legalize.enable_color_aware_placement : false
        place.legalize.use_nll_query_cm : false
        place.legalize.enable_advanced_legalizer : false
        place.legalize.enable_prerouted_net_check : true
        place.legalize.enable_advanced_prerouted_net_check : false
        place.legalize.always_continue : true
        place.legalize.limit_legality_checks : false
        place.common.pnet_aware_density : 1.0000
        place.common.pnet_aware_min_width : 0.0000
        place.common.pnet_aware_layers : {}
        place.common.use_placement_model : false
        place.common.enable_advanced_placement_model : true
        cts.placement.cell_spacing_rule_style : maximum
Warning: Library cell saed14rvt_frame_timing:SAEDRVT14_ISOFSDPQ_PECO_8.frame is missing supply pins. Its power structure cannot be determined. (LGL-050)
Warning: Library cell saed14rvt_frame_timing:SAEDRVT14_DCAP_PV1ECO_12.frame is missing supply pins. Its power structure cannot be determined. (LGL-050)
Total 0.0077 seconds to build cellmap data
INFO: creating 22(r) x 33(c) GridCells YDim 1.8 XDim 1.8
INFO: number of GridCells (0xb9d103c0): 726
INFO: creating 22(r) x 33(c) GridCells YDim 1.8 XDim 1.8
INFO: number of GridCells (0xb9d103c0): 726
Total 0.0156 seconds to load 1694 cell instances into cellmap
Moveable cells: 1216; Application fixed cells: 0; Macro cells: 0; User fixed cells: 478
Average cell width 1.2574, cell height 0.6000, cell area 0.7544 for total 1216 placed and application fixed cells
Compile-fusion optimization Phase 44 Iter  1         0.00        0.00      0.00         0        917.39  33177242.00        1216              0.09      1691
CCL: Total Usage Adjustment : 1
INFO: Derive row count 16 from GR congestion map (64/4)
INFO: Derive col count 24 from GR congestion map (96/4)
Convert timing mode ...
INFO: New Levelizer turned on
Layer Demotion Info:
Bin                       OptDist       MinLen      BeforeCount       AfterCount        Diff
-----------------------------------------------------------------------------------------
None                         89.5          0.0             1646             1646           0
M4                           99.9          9.0                0                0           0
-----------------------------------------------------------------------------------------
Total Demoted Nets:             0


CCL: Total Usage Adjustment : 1
INFO: Derive row count 16 from GR congestion map (64/4)
INFO: Derive col count 24 from GR congestion map (96/4)
Convert timing mode ...
Compile-fusion optimization Phase 45 Iter  1         0.00        0.00      0.00         0        917.39  33177242.00        1216              0.09      1691
Compile-fusion optimization Phase 45 Iter  2         0.00        0.00      0.00         0        917.39  33177242.00        1216              0.09      1691
Compile-fusion optimization Phase 45 Iter  3         0.00        0.00      0.00         0        917.39  33177242.00        1216              0.09      1691
Corner Scaling is off, multiplier is 1.000000
Using default layer M4
new cutoff lpd: 3.18383e-05
corner scaling: maxCornerId = 3
corner=Fast, tran factor=0.839605 (0.028406 / 0.033833)
corner=Typical, tran factor=0.945497 (0.031989 / 0.033833)
corner=Slow, tran factor=1.000000 (0.033833 / 0.033833)
bmap: stepx = stepy = 30000
creating bmap
DB units per micron : 10000
Compile-fusion optimization Phase 45 Iter  4         0.00        0.00      0.00         0        917.39  33177242.00        1216              0.09      1691
Compile-fusion optimization Phase 45 Iter  5         0.00        0.00      0.00         0        917.39  33177242.00        1216              0.09      1691

Compile-fusion optimization Phase 46 Iter  1         0.00        0.00      0.00         0        917.39  33177242.00        1216              0.09      1691


Compile-fusion optimization Phase 48 Iter  1         0.00        0.00      0.00         0        917.39  33177242.00        1216              0.09      1691
Corner Scaling is off, multiplier is 1.000000
Corner Scaling is off, multiplier is 1.000000
Using default layer M4
new cutoff lpd: 3.18383e-05
corner scaling: maxCornerId = 3
corner=Fast, tran factor=0.839605 (0.028406 / 0.033833)
corner=Typical, tran factor=0.945497 (0.031989 / 0.033833)
corner=Slow, tran factor=1.000000 (0.033833 / 0.033833)
bmap: stepx = stepy = 30000
creating bmap
DB units per micron : 10000
INFO: New Levelizer turned on
Compile-fusion optimization Phase 48 Iter  2         0.00        0.00      0.00         0        917.39  33177242.00        1216              0.09      1691


Information: Ending   compile_fusion / final_opto / Optimization (2) (FLW-8001)
Information: Time: 2025-06-18 13:03:08 / Session:  00:05:18 / Command:  00:02:12 / CPU:  00:07:24 / Memory: 1691 MB (FLW-8100)
Information: CPU Load: 35%, Ram Free: 38 GB, Swap Free: 1 GB, Work Disk Free: 308 GB, Tmp Disk Free: 308 GB (MSG-3995)

Information: Starting compile_fusion / final_opto / Legalization (2) (FLW-8000)
Information: Time: 2025-06-18 13:03:08 / Session:  00:05:18 / Command:  00:02:12 / CPU:  00:07:24 / Memory: 1691 MB (FLW-8100)
Information: CPU Load: 35%, Ram Free: 38 GB, Swap Free: 1 GB, Work Disk Free: 308 GB, Tmp Disk Free: 308 GB (MSG-3995)

START_FUNC : legalize_placement_pre_run_core CPU :   1034 s ( 0.29 hr) ELAPSE :    318 s ( 0.09 hr) MEM-PEAK :  1691 Mb
END_FUNC : legalize_placement_pre_run_core CPU :   1034 s ( 0.29 hr) ELAPSE :    318 s ( 0.09 hr) MEM-PEAK :  1691 Mb
Compile-fusion optimization Phase 52 Iter  1         0.00        0.00      0.00         0        917.39  33177242.00        1216              0.09      1691
nplDplc2Placer::setParam(effort,1)
nplDplc2Placer::setParam(debug,0)
nplDplc2Placer::setParam(site_check,2)
nplDplc2Placer::setParam(app_firm_wgt,0)
Warning: Routing direction of metal layer PO is neither "horizontal" nor "vertical".  PDC checks will not be performed on this layer. (PDC-003)
PDC app_options settings =========
	place.legalize.enable_prerouted_net_check: 1
	place.legalize.num_tracks_for_access_check: 1
	place.legalize.use_eol_spacing_for_access_check: 0
	place.legalize.allow_touch_track_for_access_check: 1
	place.legalize.reduce_conservatism_in_eol_check: 0
	place.legalize.preroute_shape_merge_distance: 0.0
	place.legalize.enable_non_preferred_direction_span_check: 0

Layer M1: cached 0 shapes out of 49 total shapes.
Layer M2: cached 588 shapes out of 588 total shapes.
Layer M3: cached 588 shapes out of 588 total shapes.
Cached 1764 vias out of 2618 total vias.

Legalizing Top Level Design dut_toplevel ... 
Information: Initializing classic cellmap without advanced rules enabled and without PDC enabled
Information: The following app options are used in cellmap
        place.legalize.enable_color_aware_placement : false
        place.legalize.use_nll_query_cm : false
        place.legalize.enable_advanced_legalizer : false
        place.legalize.enable_prerouted_net_check : true
        place.legalize.enable_advanced_prerouted_net_check : false
        place.legalize.always_continue : true
        place.legalize.limit_legality_checks : false
        place.common.pnet_aware_density : 1.0000
        place.common.pnet_aware_min_width : 0.0000
        place.common.pnet_aware_layers : {}
        place.common.use_placement_model : false
        place.common.enable_advanced_placement_model : true
        cts.placement.cell_spacing_rule_style : maximum
Warning: Library cell saed14rvt_frame_timing:SAEDRVT14_ISOFSDPQ_PECO_8.frame is missing supply pins. Its power structure cannot be determined. (LGL-050)
Warning: Library cell saed14rvt_frame_timing:SAEDRVT14_DCAP_PV1ECO_12.frame is missing supply pins. Its power structure cannot be determined. (LGL-050)
Total 0.0084 seconds to build cellmap data
Information: Creating classic rule checker.
Warning: Routing direction of metal layer PO is neither "horizontal" nor "vertical".  PDC checks will not be performed on this layer. (PDC-003)
=====> Processed 74 ref cells (23 fillers) from library

Bounds/Regions In This Design:
        Area    Num Cells  Exclusive Name
 (square um)
     1385.28         1694        Yes DEFAULT_VA

Starting legalizer.
Warning: Exclusive bound 'DEFAULT' has no cells.
Optimizing Exclusive Bound 'DEFAULT_VA' (2/2)
    Done Exclusive Bound 'DEFAULT_VA' (2/2) (0 sec)
Legalization complete (0 total sec)

****************************************
  Report : Placement Attempts
  Site   : unit
****************************************

number of cells:                   1694
number of references:                74
number of site rows:                 48
number of locations attempted:    26805
number of locations failed:         217  (0.8%)

Legality of references at locations:
1 references had failures.

Worst 1 references by total failures:
 CELLS       UNFLIPPED                       FLIPPED                REFERENCE NAME
         ATTEMPTS  FAILURES            ATTEMPTS  FAILURES           
    18        350       114 ( 32.6%)        303       103 ( 34.0%)  SAEDRVT14_ADDH_0P5

Worst 1 references by failure rate:
 CELLS       UNFLIPPED                       FLIPPED                REFERENCE NAME
         ATTEMPTS  FAILURES            ATTEMPTS  FAILURES           
    18        350       114 ( 32.6%)        303       103 ( 34.0%)  SAEDRVT14_ADDH_0P5

Legality of references in rows:
0 references had row failures.

****************************************
  Report : Cell Displacements
****************************************

number of cells aggregated:        1216 (20662 total sites)
avg row height over cells:        0.600 um
rms cell displacement:            0.000 um ( 0.00 row height)
rms weighted cell displacement:   0.000 um ( 0.00 row height)
max cell displacement:            0.000 um ( 0.00 row height)
avg cell displacement:            0.000 um ( 0.00 row height)
avg weighted cell displacement:   0.000 um ( 0.00 row height)
number of cells moved:                0
number of large displacements:        0
large displacement threshold:     3.000 row height

Displacements of worst 10 cells:
Cell: DP_OP_33_12155_941_J1/U_409 (SAEDRVT14_ADDF_V1_0P5)
  Input location: (23.574,11)
  Legal location: (23.574,11)
  Displacement:   0.000 um ( 0.00 row height)
Cell: DP_OP_33_12155_941_J1/U_408 (SAEDRVT14_ADDF_V1_0P5)
  Input location: (25.202,12.2)
  Legal location: (25.202,12.2)
  Displacement:   0.000 um ( 0.00 row height)
Cell: DP_OP_33_12155_941_J1/U_407 (SAEDRVT14_ADDF_V1_0P5)
  Input location: (25.35,11)
  Legal location: (25.35,11)
  Displacement:   0.000 um ( 0.00 row height)
Cell: DP_OP_33_12155_941_J1/U_405 (SAEDRVT14_ADDF_V1_0P5)
  Input location: (24.388,14)
  Legal location: (24.388,14)
  Displacement:   0.000 um ( 0.00 row height)
Cell: DP_OP_33_12155_941_J1/U_398 (SAEDRVT14_ADDF_V1_0P5)
  Input location: (25.794,16.4)
  Legal location: (25.794,16.4)
  Displacement:   0.000 um ( 0.00 row height)
Cell: DP_OP_33_12155_941_J1/U_404 (SAEDRVT14_ADDF_V1_0P5)
  Input location: (24.536,13.4)
  Legal location: (24.536,13.4)
  Displacement:   0.000 um ( 0.00 row height)
Cell: DP_OP_33_12155_941_J1/U_403 (SAEDRVT14_ADDF_V1_0P5)
  Input location: (27.348,14)
  Legal location: (27.348,14)
  Displacement:   0.000 um ( 0.00 row height)
Cell: DP_OP_33_12155_941_J1/U_401 (SAEDRVT14_ADDF_V1_0P5)
  Input location: (24.388,14.6)
  Legal location: (24.388,14.6)
  Displacement:   0.000 um ( 0.00 row height)
Cell: DP_OP_33_12155_941_J1/U_400 (SAEDRVT14_ADDF_V1_0P5)
  Input location: (28.902,15.2)
  Legal location: (28.902,15.2)
  Displacement:   0.000 um ( 0.00 row height)
Cell: DP_OP_33_12155_941_J1/U_410 (SAEDRVT14_ADDF_V1_0P5)
  Input location: (23.352,12.8)
  Legal location: (23.352,12.8)
  Displacement:   0.000 um ( 0.00 row height)

Information: The net parasitics of block dut_toplevel are cleared. (TIM-123)
Information: The stitching and editing of coupling caps is turned OFF for design 'dut_toplevel.dlib:dut_toplevel/placement_and_optimization.design'. (TIM-125)

Information: Ending   compile_fusion / final_opto / Legalization (2) (FLW-8001)
Information: Time: 2025-06-18 13:03:09 / Session:  00:05:20 / Command:  00:02:14 / CPU:  00:07:27 / Memory: 1691 MB (FLW-8100)
Information: CPU Load: 35%, Ram Free: 38 GB, Swap Free: 1 GB, Work Disk Free: 308 GB, Tmp Disk Free: 308 GB (MSG-3995)
INFO: Enabled CLO at stage after_LGL4.

Warning: Cannot find any max transition constraint on the design. (OPT-070)
INFO: place.legalize.enable_advanced_legalizer not set - need to revert CLO
INFO: First Compile-fusion did not mark run with CLO enabled/disabled property
INFO: Concurrent Legalization and Optimization (CLO) Reverted
Warning: Cannot find any max transition constraint on the design. (OPT-070)

Information: Initializing classic cellmap without advanced rules enabled and without PDC enabled
Information: The following app options are used in cellmap
        place.legalize.enable_color_aware_placement : false
        place.legalize.use_nll_query_cm : false
        place.legalize.enable_advanced_legalizer : false
        place.legalize.enable_prerouted_net_check : true
        place.legalize.enable_advanced_prerouted_net_check : false
        place.legalize.always_continue : true
        place.legalize.limit_legality_checks : false
        place.common.pnet_aware_density : 1.0000
        place.common.pnet_aware_min_width : 0.0000
        place.common.pnet_aware_layers : {}
        place.common.use_placement_model : false
        place.common.enable_advanced_placement_model : true
        cts.placement.cell_spacing_rule_style : maximum
Warning: Library cell saed14rvt_frame_timing:SAEDRVT14_ISOFSDPQ_PECO_8.frame is missing supply pins. Its power structure cannot be determined. (LGL-050)
Warning: Library cell saed14rvt_frame_timing:SAEDRVT14_DCAP_PV1ECO_12.frame is missing supply pins. Its power structure cannot be determined. (LGL-050)
Total 0.0078 seconds to build cellmap data
INFO: creating 22(r) x 33(c) GridCells YDim 1.8 XDim 1.8
INFO: number of GridCells (0xcd630cc0): 726
INFO: creating 22(r) x 33(c) GridCells YDim 1.8 XDim 1.8
INFO: number of GridCells (0xcd630cc0): 726
Total 0.0153 seconds to load 1694 cell instances into cellmap
Moveable cells: 1216; Application fixed cells: 0; Macro cells: 0; User fixed cells: 478
Average cell width 1.2574, cell height 0.6000, cell area 0.7544 for total 1216 placed and application fixed cells
Compile-fusion optimization Phase 55 Iter  1         0.00        0.00      0.00         0        917.39  33177242.00        1216              0.09      1691

Compile-fusion optimization Phase 56 Iter  1         0.00        0.00      0.00         0        917.39  33177242.00        1216              0.09      1691

Information: Ending   compile_fusion / final_opto (FLW-8001)
Information: Time: 2025-06-18 13:03:10 / Session:  00:05:20 / Command:  00:02:14 / CPU:  00:07:28 / Memory: 1691 MB (FLW-8100)
Information: CPU Load: 34%, Ram Free: 38 GB, Swap Free: 1 GB, Work Disk Free: 308 GB, Tmp Disk Free: 308 GB (MSG-3995)

Information: >>>>>>> 6 unique error and warning message tags while observing compile_fusion / final_opto: (MSG-3100)
Information: #prnt #trgr #lmt    Tag  Level     Format (or last printed message)                                (MSG-3036)
Information:    56     7  0 ZRT-026   WARNING   Warning: Layer MRDL default pitch 4.000 may be too small to ... (MSG-3032)
Information:    16     4  0 PDC-003   WARNING   Warning: Routing direction of metal layer PO is neither "hor... (MSG-3032)
Information:     2     1  0 CTS-038   WARNING   Warning: No clock routing rule is specified. (CTS-038)          (MSG-3032)
Information:    30     6  0 OPT-070   WARNING   Warning: Cannot find any max transition constraint on the de... (MSG-3032)
Information:   247     4  0 OPT-902   WARNING   Warning: No clock routing rules were specified. Use set_cloc... (MSG-3032)
Information:    70    12  5 LGL-050   WARNING   Warning: Library cell saed14rvt_frame_timing:SAEDRVT14_DCAP_... (MSG-3032)
Information:   421    34  1        6  <------   Total sum of messages (MSG-3038)
Information: >>>>>>> Summary: 34 error&warning MSGs observed during compile_fusion / final_opto (MSG-3103)

Number of Site types in the design = 1
Setting up Chip Core
Chip Core shape: (50000 50000) (531000 338000)
Number of VARs = 1
Number of unique PDs = 1
Number of Power Domains = 1
Number of Voltage Areas = 1
Number of supply Nets = 2
Number of used supplies = 0
Blocked VAs: 
INFO: Running FTB cleanup in end of npo flow.
Enable dominated scenarios

Compile-fusion optimization complete                 0.00        0.00      0.00         0        917.39  33177242.00        1216              0.09      1691
[Tim-Power] Info: Cleared Leakage libCell cache.
Co-efficient Ratio Summary:
4.193421600736  6.578038171329  2.479639285866  7.744187840401  0.485050000353  3.179565833784  5.567214754587  2.894454387461  6.565921217863  9.017937505874  6.427911000933  9.863420287974  6.078244564085  2.744209641123  8.318117704907  9.699225026083
2.464623955645  1.382370229815  9.387184027208  3.142429706669  0.968752789964  6.613180723294  4.146578793224  7.876358918112  2.191135103696  0.963734141094  5.023489643881  3.840441742563  3.750327653169  7.663459142299  6.212203267950  7.759678473967
7.862243051398  0.402387975749  0.032845093486  0.596111812371  4.701287396892  7.205135512169  8.278351398268  1.183725190997  3.334436408244  5.867609731622  0.496135585364  9.669800677884  7.591508947087  7.632107693266  7.679070163326  9.831314288630
1.878805812509  3.230072341128  1.226270035915  7.050450794780  2.403928173631  6.139852544054  4.100210066110  1.274718589655  4.570746653063  5.624878808820  0.149198453678  4.759124196386  5.409148526377  2.609824952834  0.626144638674  6.381676652919
9.187474027076  0.513656794210  5.027570616151  6.119813746103  6.181472312107  1.581675365776  7.486041822107  9.584562469756  2.041727387119  3.921160867338  3.973729882345  9.472449680522  3.368505994994  4.897112849020  6.860141344452  2.000104051691
9.095345908533  2.197041700466  0.915900068397  5.466092408426  8.142690055883  4.607193265224  8.244463794567  3.504870705451  1.682716012888  7.173433918510  2.252803908373  3.617843450706  8.946893237652  1.169960832707  4.529948756262  3.090979409795
5.580726137847  1.131397764464  0.721709626108  7.515947517690  0.649322209371  1.017031043513  5.811519666269  5.826730883342  4.349383292435  0.216216118317  2.935483622527  7.311147460227  0.823630741628  0.356162586693  8.022011669284  2.603132585844
5.024802552217  1.359359522207  5.407563452155  2.804123577518  1.265300052200  0.417760313533  1.833872465081  6.448557737188  4.848373112548  2.936801255033  1.994735324225  4.212396094733  9.007748870112  3.308108478452  5.607473209985  8.514743640423
2.764676970380  9.324216939626  1.551199980843  2.300508302625  0.754685030179  1.961421411696  2.781303341418  3.355375155650  9.437909893602  9.136702842545  2.343540408464  9.978462173230  7.467578334047  3.171275021421  9.815922840044  4.331414637138
0.413524985217  3.309910199565  7.452798207059  1.902827024529  5.623407259547  7.269363008696  3.367403103784  7.093641515702  7.411336156476  6.944246976650  8.553706121087  4.802170325405  3.894522063832  4.531611719342  1.605157757803  8.173730247963
9.287277774418  7.540401048505  0.000353317956  5.833784556721  4.754587289445  4.387461656592  1.217863901793  7.505874310467  0.800933986343  9.509851607812  6.288226474420  8.341114519934  5.604028569922  5.026084546462  3.950066238237  0.221226938718
4.029619314242  9.406669096875  2.789964661318  0.723294414657  8.793224787635  8.918112219113  5.103696096373  4.141094270014  8.443881384045  0.064440375020  9.362644366345  8.842280382601  1.167071375967  8.473968086224  3.056719140238  7.977150003284
5.095897059611  1.512371470128  7.396892720513  5.512169827835  1.398268118372  5.190997333443  6.408244586760  9.731622717389  4.385364966981  9.999761759148  0.656562363210  6.393257428388  8.063447583131  4.288631487880  5.817920423007  2.343539122627
0.037326705045  0.494780240392  8.173631613985  2.544054410021  0.066110127471  8.589655457074  6.653063562487  8.808820782685  7.253678475913  3.418263540902  0.235852860982  3.652825723095  2.538795238167  6.652910218747  4.022497151365  6.796621502757
0.618562611981  3.446103618147  2.312107158167  5.365776748604  1.822107958456  2.469756204172  7.387119392116  0.867338065048  8.682345947245  8.902409336848  7.603479089711  1.549011347495  9.244573800010  4.051692209534  5.907681319704  1.709512091590
0.067443546609  2.308426814269  0.055883460719  3.265224824446  3.794567350487  0.705451168271  6.012888717343  3.718510993956  2.708373361785  2.772683894677  5.946137716996  9.532798113375  6.656383909097  9.409796858072  6.136995213139  7.763510072170
9.625254751594  7.417690064932  2.209371101703  1.043513581151  9.666269582673  0.883342434938  3.292435021621  6.918317961214  2.422527731115  6.782104082351  2.450103635616  1.286684563682  9.569305860313  2.585845802480  2.551365235935  9.521353540756
3.451201280412  3.477518126530  0.052200041776  0.313533183387  2.465081644855  7.737188484837  3.112548293680  1.055033867149  4.124225421230  5.316610900762  0.588077730810  7.178443299929  1.109006451474  3.640424576467  6.979436032421  6.938770155119
9.989997230050  8.202625075468  5.030179196142  1.411696278130  3.341418335537  5.155650943790  9.893602913670  2.642545902020  9.208464997847  1.495117746745  0.042902717127  4.721412610774  0.740165033141  4.637139341352  4.984363430991  0.198619745279
8.206103190282  7.924529562340  7.259547726936  3.008696336740  3.103784709364  1.515702741133  6.156476694424  6.976650523956  5.921087480218  9.647382389440  4.770556653161  0.419333899797  5.657924417373  0.247964228727  7.774410854040  1.048505000035
3.317956583378  4.556721475458  7.289445438746  1.656592121786  3.901793750587  4.310467080093  3.986343950985  1.607812396408  5.274420834112  3.831811560490  0.276646702608  3.246453024288  4.138358622122  6.938719702961  9.314244040666  9.096875278996
4.661318072329  4.414657879322  4.787635891811  2.219113510369  6.096373414109  4.270014844388  1.384045006444  0.375020605316  9.766345884229  9.621220116795  3.082681047396  7.786215034853  7.040359397715  0.003285809589  7.059613251237  1.470128739689
2.720513551216  9.827835139826  8.118372519099  7.333443640824  4.586760973162  2.717389438536  4.966981999976  1.759148734708  7.763210639326  6.767907806332  9.290855628863  0.187871210974  8.323128834353  9.122628303732  6.705047149478  0.240392817363
1.613985254405  4.410021006611  0.127471858965  5.457074665306  3.562487880882  0.782685725367  8.475913341826  3.540902792637  7.260982365283  4.062614253867  7.945881865291  9.918738131421  5.051486279662  1.502758361856  2.611983444610  3.618147231210
7.158167536577  6.748604182210  7.958456246975  6.204172738711  9.392116086733  8.065048868234  5.947245890240  9.336848439499  4.489711154902  0.686014924445  5.517734605169  1.909525229940  9.219825770951  2.091591306744  3.546601330842  6.814269005588
3.460719326522  4.824446379456  7.350487070545  1.168271601288  8.717343371851  0.993956270837  3.361785277268  3.894677263765  2.116996953270  7.452994665626  5.616711140979  5.558063342871  3.113250376351  0.072171262525  4.751596841769  0.064932220937
1.101703104351  3.581151966626  9.582673088334  2.434938329243  5.021621691831  7.961214242252  7.731115678210  4.082351914162  8.035616128669  3.802201956928  7.577037458584  4.502471984318  3.135056552135  3.540757645120  1.280414447751  8.126530005220
0.041776031353  3.183387246508  1.644855773718  8.484837311254  8.293680105503  3.867149412422  5.421230531661  0.900762727011  2.330810717845  2.560747110998  8.168198564042  3.276458326125  4.932542293877  0.155110298999  7.230052920262  5.075468503017
9.196142141169  6.278130334141  8.335537515565  0.943790989360  2.913670264254  5.902020920846  4.997847149511  7.746745773404  7.317127472142  1.981592074004  7.740865663713  8.041343127618  1.330012619861  9.745270120610  3.190284892452  9.562340725954
7.726936300869  6.336740310378  4.709364151570  2.741133615647  6.694424697665  0.523956592108  7.480218964738  2.389440146383  2.453161041934  2.160515565780  6.124097224796  3.928718406623  8.754161704850  5.000036631795  6.583370555672  1.475458728944
5.438746165659  2.121786390179  3.750587431046  7.080093398634  3.950985160781  2.396408527442  0.834112383181  1.560490796992  2.502608324646  2.395006413823  0.339846893871  8.402952660606  2.940787509687  5.278997766131  8.072321541465  7.879322478763
5.891811221911  3.510369609637  3.414109427001  4.844388138404  5.006444037502  0.605316976634  5.884229962122  0.116795077596  7.847396778622  4.305671704023  1.004439200328  4.509570434143  1.151358747012  8.739680572051  3.551218082783  5.139826811837
2.519099733344  3.640824458676  0.973162271738  9.438536496698  1.999976175914  8.734708776321  0.639326676790  7.806332698313  1.428863018788  0.581792832300  0.541077112262  7.003723309786  5.049599624039  2.817364461398  5.254407541002  1.006611012747
1.858965545707  4.665306356248  7.880882078268  5.725367847591  3.341826354090  2.792637726098  2.365283406261  4.253867463816  7.665291991874  7.402249505136  8.986386350275  7.061847990370  1.344731961814  7.231211015816  7.536579774860  4.182210795845
6.246975620417  2.738711939211  6.086733806504  8.868234594724  5.890240933684  8.439499448971  1.154902068601  4.924445220001  0.405169190953  4.590768921970  7.487675409159  0.006735083842  9.230963281426  9.005589646071  9.326524582444  6.379456735048
7.070545116827  1.601288871734  3.371851099395  6.270837336178  5.277268389467  7.263765211699  6.953270745299  4.665626230909  7.940979555807  2.613699311313  2.083075207217  0.962516104331  4.741880606493  2.220938410170  3.104353458115  1.966626958267
3.088334243493  8.329243502162  1.691831796121  4.242252773111  5.678210408235  1.914162803561  6.128669380220  1.956928426031  3.258584450248  0.255136313593  8.269859554075  6.345111857223  2.347872412653  0.005221304177  6.031355418338  7.246508164485
5.773718848483  7.311254829368  0.105503386714  9.412422542123  0.531661090076  2.727011233081  0.717845256074  7.110998585147  4.364042327646  7.697943493242  4.900591215511  9.998980452287  0.820383107546  8.503018219614  2.141161727813  0.334141833553
7.515565094379  0.989360291367  0.264254590202  0.920846499784  7.149511774674  5.773404731712  7.472142198159  2.074004443314  1.463713804135  2.498436133099  4.326585174527  9.820601048200  2.792573556234  0.725955072693  6.300861733674  0.310378470936
4.151570274113  3.615647669442  4.697665052395  6.592108748021  8.964738238944  0.146383245316  1.041934216051  5.565780381737  3.024796392872  7.777441875404  3.411574700003  5.331786387519  8.455793747545  8.728945843874  6.165651312178  6.390179375058
7.431046708009  3.398634395098  5.160781239640  8.527442083411  2.383181156049  0.796992250260  8.324646239500  6.413823702212  2.693871840296  1.931424294066  9.216301727899  6.466122536414  9.441586387932  2.478764889181  1.221913451036  9.609637341410
9.427001484438  8.138404500644  4.037502060531  6.976634588422  9.962122011679  5.077596784739  6.778622430567  1.704023879771  5.000328450958  9.705961115123  0.454736073968  9.272042084303  6.982804113982  6.811838551909  9.733346464082  4.458676097316
2.271738943853  6.496698199997  6.175914873470  8.776321063932  6.676790780633  2.698313142886  3.018788058179  2.832300723435  3.912262700373  2.670504504947  1.331753481736  3.161389254622  5.441123700661  1.012748485896  5.545709566530  6.356248788088
2.078268572536  7.847591334182  6.354090279263  7.726098236528  3.406261425386  7.463816766529  1.991874740224  9.505136567966  2.150275706185  6.261198134461  3.678538923121  0.715807482839  7.674981018221  0.795846924697  5.620419373871  1.939211608673
Information: The net parasitics of block dut_toplevel are cleared. (TIM-123)
Information: The stitching and editing of coupling caps is turned OFF for design 'dut_toplevel.dlib:dut_toplevel/placement_and_optimization.design'. (TIM-125)

Compile-fusion final QoR
________________________
Scenario Mapping Table
1: Normal_Fast
2: Normal_Slow
3: Normal_Typical
4: PowerSave_Fast
5: PowerSave_Slow
6: PowerSave_Typical

Pathgroup Mapping Table
1: **default**
2: **async_default**
3: **clock_gating_default**
4: **in2reg_default**
5: **reg2out_default**
6: **in2out_default**
7: clk

-------------------------------------------------------------------------------------------------------------------------------------------------------------
PATHGROUP QOR 
-------------------------------------------------------------------------------------------------------------------------------------------------------------
Scene  PG      WNS        TNS    NSV      WHV        THV    NHV
    1   1   0.0000     0.0000      0   0.0000     0.0000      0
    1   2   0.0000     0.0000      0   0.0000     0.0000      0
    1   3   0.0000     0.0000      0   0.0000     0.0000      0
    1   4   0.0000     0.0000      0   0.0000     0.0000      0
    1   5   0.0000     0.0000      0   0.0000     0.0000      0
    1   6   0.0000     0.0000      0   0.0000     0.0000      0
    1   7   0.0000     0.0000      0   0.0000     0.0000      0
    2   1   0.0000     0.0000      0   0.0000     0.0000      0
    2   2   0.0000     0.0000      0   0.0000     0.0000      0
    2   3   0.0000     0.0000      0   0.0000     0.0000      0
    2   4   0.0000     0.0000      0   0.0000     0.0000      0
    2   5   0.0000     0.0000      0   0.0000     0.0000      0
    2   6   0.0000     0.0000      0   0.0000     0.0000      0
    2   7   0.0000     0.0000      0   0.0000     0.0000      0
    3   1   0.0000     0.0000      0   0.0000     0.0000      0
    3   2   0.0000     0.0000      0   0.0000     0.0000      0
    3   3   0.0000     0.0000      0   0.0000     0.0000      0
    3   4   0.0000     0.0000      0   0.0000     0.0000      0
    3   5   0.0000     0.0000      0   0.0000     0.0000      0
    3   6   0.0000     0.0000      0   0.0000     0.0000      0
    3   7   0.0000     0.0000      0   0.0000     0.0000      0
    4   1   0.0000     0.0000      0   0.0000     0.0000      0
    4   2   0.0000     0.0000      0   0.0000     0.0000      0
    4   3   0.0000     0.0000      0   0.0000     0.0000      0
    4   4   0.0000     0.0000      0   0.0000     0.0000      0
    4   5   0.0000     0.0000      0   0.0000     0.0000      0
    4   6   0.0000     0.0000      0   0.0000     0.0000      0
    4   7   0.0000     0.0000      0   0.0000     0.0000      0
    5   1   0.0000     0.0000      0   0.0000     0.0000      0
    5   2   0.0000     0.0000      0   0.0000     0.0000      0
    5   3   0.0000     0.0000      0   0.0000     0.0000      0
    5   4   0.0000     0.0000      0   0.0000     0.0000      0
    5   5   0.0000     0.0000      0   0.0000     0.0000      0
    5   6   0.0000     0.0000      0   0.0000     0.0000      0
    5   7   0.0000     0.0000      0   0.0000     0.0000      0
    6   1   0.0000     0.0000      0   0.0000     0.0000      0
    6   2   0.0000     0.0000      0   0.0000     0.0000      0
    6   3   0.0000     0.0000      0   0.0000     0.0000      0
    6   4   0.0000     0.0000      0   0.0000     0.0000      0
    6   5   0.0000     0.0000      0   0.0000     0.0000      0
    6   6   0.0000     0.0000      0   0.0000     0.0000      0
    6   7   0.0000     0.0000      0   0.0000     0.0000      0
----------------------------------------------------------------------------------------------------------------------------------------------------------------------
SCENARIO QOR 
----------------------------------------------------------------------------------------------------------------------------------------------------------------------
Scene  PG      WNS        TNS   R2RTNS    NSV      WHV        THV    NHV  MaxTrnV   MaxTranC  MaxCapV    Leakage     CellEMV
    1   *   0.0000     0.0000   0.0000      0   0.0000     0.0000      0        0     0.0000        0 33177242.0           0
    2   *   0.0000     0.0000   0.0000      0   0.0000     0.0000      0        0     0.0000        0  16970.652           0
    3   *   0.0000     0.0000   0.0000      0   0.0000     0.0000      0        0     0.0000        0 316168.344           0
    4   *   0.0000     0.0000   0.0000      0   0.0000     0.0000      0        0     0.0000        0 33177242.0           0
    5   *   0.0000     0.0000   0.0000      0   0.0000     0.0000      0        0     0.0000        0  16970.652           0
    6   *   0.0000     0.0000   0.0000      0   0.0000     0.0000      0        0     0.0000        0 316168.344           0
----------------------------------------------------------------------------------------------------------------------------------------------------------------------
DESIGN QOR 
----------------------------------------------------------------------------------------------------------------------------------------------------------------------
Scene  PG      WNS        TNS   R2RTNS    NSV      WHV        THV    NHV  MaxTrnV   MaxTranC  MaxCapV    Leakage         Area    InstCnt     BufCnt     InvCnt     CellEMV
    *   *   0.0000     0.0000   0.0000      0   0.0000     0.0000      0        0     0.0000        0 33177242.0       917.39       1216         13         21           0
----------------------------------------------------------------------------------------------------------------------------------------------------------------------

Compile-fusion final QoR Summary         WNS        TNS   R2RTNS    NSV      WHV        THV    NHV  MaxTrnV  MaxCapV    Leakage         Area    InstCnt
Compile-fusion final QoR Summary      0.0000     0.0000   0.0000      0   0.0000     0.0000      0        0        0 33177242.0       917.39       1216

Compile-fusion optimization summary            SETUP-COST    R2R-COST HOLD-COST LDRC-COST          AREA     LEAKAGE     INSTCNT            ELAPSE       MEM
Compile-fusion command complete                CPU:  1043 s (  0.29 hr )  ELAPSE:   322 s (  0.09 hr )  MEM-PEAK:  1691 MB
Compile-fusion command statistics  CPU=75 sec (0.02 hr) ELAPSED=22 sec (0.01 hr) MEM-PEAK=1.651 GB
[Tim-Power] Info: Cleared Leakage libCell cache.
[Tim-Power] Info: Cleared Leakage libCell cache.
Information: The net parasitics of block dut_toplevel are cleared. (TIM-123)
INFO: End environment monitoring: recipes
INFO: Restored 0 timer status, 3 app options, 0 tcl gvars, 0 env vars
Information: >>>>>>> 17 unique error and warning message tags while observing fusion: (MSG-3100)
Information: #prnt #trgr #lmt    Tag  Level     Format (or last printed message)                                (MSG-3036)
Information:     4     2  0 FLW-2224  WARNING   Warning: Duplicate callback function set for step 'fc/logic_... (MSG-3032)
Information:   115   264  5 SQM-1079  WARNING   Warning: Skipping check for single_bit_degenerate attribute ... (MSG-3032)
Information:     2     1  1 SQM-1074  WARNING   Warning: Shift register Inferencing is enabled so only head ... (MSG-3032)
Information:    69   429  3 SQM-1067  WARNING   Warning: Mapping to scan cell 'SAEDRVT14_FSDPQ_V2LP_2' in li... (MSG-3032)
Information:   230   528 10 SQM-1061  WARNING   Warning: Cannot infer functionality of libcell 'saed14rvt_fr... (MSG-3032)
Information:    59    33 10 SQM-1053  WARNING   Warning: Found 8 multibit sequential library cells that have... (MSG-3032)
Information:     2     1  1 SQM-1034  WARNING   Warning: No cell bus will be mapped to multibit because mult... (MSG-3032)
Information:     2     1  0 DFT-1991  WARNING   Warning: SCANDEF based Optimization skipped: No ScanDEF chai... (MSG-3032)
Information:    32    16  0 FLW-2892  WARNING   Warning: Restoring scoped app option 'opt.internal.levfilter... (MSG-3032)
Information:     2     1  0 ZRT-511   WARNING   Warning: Cell contains tie connections which are not connect... (MSG-3032)
Information:    56    21  0 ZRT-026   WARNING   Warning: Layer MRDL default pitch 4.000 may be too small to ... (MSG-3032)
Information:    16     6  0 PDC-003   WARNING   Warning: Routing direction of metal layer PO is neither "hor... (MSG-3032)
Information:     5     2  0 ZRT-763   WARNING   Warning: Cell place_optoptlc_725 is placed overlapping with ... (MSG-3032)
Information:     2     2  0 CTS-038   WARNING   Warning: No clock routing rule is specified. (CTS-038)          (MSG-3032)
Information:    30    16  0 OPT-070   WARNING   Warning: Cannot find any max transition constraint on the de... (MSG-3032)
Information:   247    40  0 OPT-902   WARNING   Warning: No clock routing rules were specified. Use set_cloc... (MSG-3032)
Information:    70    37  5 LGL-050   WARNING   Warning: Library cell saed14rvt_frame_timing:SAEDRVT14_DCAP_... (MSG-3032)
Information:   943  1400  7       17  <------   Total sum of messages (MSG-3038)
Information: >>>>>>> Summary: 1400 error&warning MSGs observed during fusion (MSG-3103)
Information: Ending   'compile_fusion -to final_opto' (FLW-8001)
Information: Time: 2025-06-18 13:03:11 / Session:  00:05:22 / Command:  00:02:16 / CPU:  00:07:33 / Memory: 1691 MB (FLW-8100)
Information: CPU Load: 34%, Ram Free: 38 GB, Swap Free: 1 GB, Work Disk Free: 308 GB, Tmp Disk Free: 308 GB (MSG-3995)
Information: Running auto PG connection. (NDM-099)
1
# Analyze the design
make_layout_screenshot ${DesignStage}
Load ICV ICCII menu file: /eda/synopsys/2023-24/RHELx86/ICV_2023.12/etc/tcl-u/Icc2Menu.tcl
 + VUE INFO: Found a usable port: 2446

To restart the GUI, type 'gui_start'.
analyzeDesign ${DesignStage}
generateReports ${DesignStage}
Generating reports for the design stage: unified_placement ...
[Tim-Power] Info: Cleared Leakage libCell cache.
Reports have been generated for the design stage: unified_placement.
#### Placement blockages
set DesignStage create_placement_blockage
create_placement_blockage
create_placement_blockage \
	-boundary {{22.9780 21.6000} {22.9780 27.4000} {31.8940 27.4000} {31.8940 21.6000}} \
	-type hard
{PB_0}
check_legality
Information: The command 'check_legality' cleared the undo history. (UNDO-016)

************************

running check_legality

Warning: Routing direction of metal layer PO is neither "horizontal" nor "vertical".  PDC checks will not be performed on this layer. (PDC-003)
PDC app_options settings =========
	place.legalize.enable_prerouted_net_check: 1
	place.legalize.num_tracks_for_access_check: 1
	place.legalize.use_eol_spacing_for_access_check: 0
	place.legalize.allow_touch_track_for_access_check: 1
	place.legalize.reduce_conservatism_in_eol_check: 0
	place.legalize.preroute_shape_merge_distance: 0.0
	place.legalize.enable_non_preferred_direction_span_check: 0

Layer M1: cached 0 shapes out of 49 total shapes.
Layer M2: cached 588 shapes out of 588 total shapes.
Layer M3: cached 588 shapes out of 588 total shapes.
Cached 1764 vias out of 2618 total vias.

check_legality for block design dut_toplevel ... 
Information: Initializing classic cellmap without advanced rules enabled and without PDC enabled
Information: The following app options are used in cellmap
        place.legalize.enable_color_aware_placement : false
        place.legalize.use_nll_query_cm : false
        place.legalize.enable_advanced_legalizer : false
        place.legalize.enable_prerouted_net_check : true
        place.legalize.enable_advanced_prerouted_net_check : false
        place.legalize.always_continue : true
        place.legalize.limit_legality_checks : false
        place.common.pnet_aware_density : 1.0000
        place.common.pnet_aware_min_width : 0.0000
        place.common.pnet_aware_layers : {}
        place.common.use_placement_model : false
        place.common.enable_advanced_placement_model : true
        cts.placement.cell_spacing_rule_style : maximum
Warning: Library cell saed14rvt_frame_timing:SAEDRVT14_ISOFSDPQ_PECO_8.frame is missing supply pins. Its power structure cannot be determined. (LGL-050)
Warning: Library cell saed14rvt_frame_timing:SAEDRVT14_DCAP_PV1ECO_12.frame is missing supply pins. Its power structure cannot be determined. (LGL-050)
Total 0.0080 seconds to build cellmap data
Information: Creating classic rule checker.
Warning: Routing direction of metal layer PO is neither "horizontal" nor "vertical".  PDC checks will not be performed on this layer. (PDC-003)
=====> Processed 74 ref cells (23 fillers) from library
Design has no advanced rules
Checking legality
Checking cell legality:
0%....10%....20%....30%....40%....50%....60%....70%....80%....90%....100%
Sorting rows.
Checking spacing rule legality.
0%....10%....20%....30%....40%....50%....60%....70%....80%....90%....100%
Checking packing rule legality.


****************************************
  Report : Legality
****************************************

VIOLATIONS BY CATEGORY:
   MOVABLE  APP-FIXED USER-FIXED  DESCRIPTION
        62          0          0  Two objects overlap.
         0          0          0  A cell violates a pnet.
         0          0          0  A cell is illegal at a site.
         0          0          0  A cell is not aligned with a site.
         0          0          0  A cell has an illegal orientation.
         0          0          0  A cell spacing rule is violated.
         0          0          0  A layer rule is violated.
         0          0          0  A cell is in the wrong region.
         0          0          0  Two cells violate cts margins.
         0          0          0  Two cells violate coloring.

        62          0          0  TOTAL

TOTAL 62 Violations.

VIOLATIONS BY SUBCATEGORY:
     MOVABLE  APP-FIXED USER-FIXED  DESCRIPTION

        62          0          0    Two objects overlap.
           0          0          0    Two cells overlap.
           0          0          0    Two cells have overlapping keepout margins.
          62          0          0    A cell overlaps a blockage.
           0          0          0    A cell keepout margin overlaps a blockage.

         0          0          0    A cell violates a pnet.

         0          0          0    A cell is illegal at a site.
           0          0          0    A cell violates pin-track alignment rules.
           0          0          0    A cell is illegal at a site.
           0          0          0    A cell violates legal index rule.
           0          0          0    A cell has the wrong variant for its location.

         0          0          0    A cell is not aligned with a site.
           0          0          0    A cell is not aligned with the base site.
           0          0          0    A cell is not aligned with an overlaid site.

         0          0          0    A cell has an illegal orientation.

         0          0          0    A cell spacing rule is violated.
           0          0          0    A spacing rule is violated in a row.
           0          0          0    A spacing rule is violated between adjacent rows.
           0          0          0    A cell violates vertical abutment rule.
           0          0          0    A cell violates metal spacing rule.

         0          0          0    A layer rule is violated.
           0          0          0    A layer VTH rule is violated.
           0          0          0    A layer OD rule is violated.
           0          0          0    A layer OD max-width rule is violated.
           0          0          0    A layer ALL_OD corner rule is violated.
           0          0          0    A layer max-vertical-length rule is violated.
           0          0          0    A layer TPO rule is violated.
           0          0          0    Filler cell insertion cannot satisfy layer rules.

         0          0          0    A cell is in the wrong region.
           0          0          0    A cell is outside its hard bound.
           0          0          0    A cell is in the wrong voltage area.
           0          0          0    A cell violates an exclusive movebound.

         0          0          0    Two cells violate cts margins.

         0          0          0    Two cells violate coloring.


check_legality for block design dut_toplevel failed!

check_legality failed.

**************************

0
redirect -file ${ReportsDir}/${DesignStage}_check_legality.rpt {check_legality}
legalize_placement -incremental
Information: Starting 'legalize_placement' (FLW-8000)
Information: Time: 2025-06-18 13:03:15 / Session:  00:05:26 / Command:  00:00:00 / CPU:  00:00:00 / Memory: 1748 MB (FLW-8100)
Information: Initializing classic cellmap without advanced rules enabled and without PDC enabled
Information: The following app options are used in cellmap
        place.legalize.enable_color_aware_placement : false
        place.legalize.use_nll_query_cm : false
        place.legalize.enable_advanced_legalizer : false
        place.legalize.enable_prerouted_net_check : true
        place.legalize.enable_advanced_prerouted_net_check : false
        place.legalize.always_continue : true
        place.legalize.limit_legality_checks : false
        place.common.pnet_aware_density : 1.0000
        place.common.pnet_aware_min_width : 0.0000
        place.common.pnet_aware_layers : {}
        place.common.use_placement_model : false
        place.common.enable_advanced_placement_model : true
        cts.placement.cell_spacing_rule_style : maximum
Total 0.0077 seconds to build cellmap data
Information: Creating classic rule checker.
Warning: Routing direction of metal layer PO is neither "horizontal" nor "vertical".  PDC checks will not be performed on this layer. (PDC-003)
PDC app_options settings =========
	place.legalize.enable_prerouted_net_check: 1
	place.legalize.num_tracks_for_access_check: 1
	place.legalize.use_eol_spacing_for_access_check: 0
	place.legalize.allow_touch_track_for_access_check: 1
	place.legalize.reduce_conservatism_in_eol_check: 0
	place.legalize.preroute_shape_merge_distance: 0.0
	place.legalize.enable_non_preferred_direction_span_check: 0

Layer M1: cached 0 shapes out of 49 total shapes.
Layer M2: cached 588 shapes out of 588 total shapes.
Layer M3: cached 588 shapes out of 588 total shapes.
Cached 1764 vias out of 2618 total vias.
=====> Processed 74 ref cells (23 fillers) from library
Design has no advanced rules
Checking legality
Checking cell legality:
0%....10%....20%....30%....40%....50%....60%....70%....80%....90%....100%
Sorting rows.
Checking spacing rule legality.
0%....10%....20%....30%....40%....50%....60%....70%....80%....90%....100%
Checking packing rule legality.


****************************************
  Report : Legality
****************************************

VIOLATIONS BY CATEGORY:
   MOVABLE  APP-FIXED USER-FIXED  DESCRIPTION
        62          0          0  Two objects overlap.
         0          0          0  A cell violates a pnet.
         0          0          0  A cell is illegal at a site.
         0          0          0  A cell is not aligned with a site.
         0          0          0  A cell has an illegal orientation.
         0          0          0  A cell spacing rule is violated.
         0          0          0  A layer rule is violated.
         0          0          0  A cell is in the wrong region.
         0          0          0  Two cells violate cts margins.
         0          0          0  Two cells violate coloring.

        62          0          0  TOTAL

TOTAL 62 Violations.

VIOLATIONS BY SUBCATEGORY:
     MOVABLE  APP-FIXED USER-FIXED  DESCRIPTION

        62          0          0    Two objects overlap.
           0          0          0    Two cells overlap.
           0          0          0    Two cells have overlapping keepout margins.
          62          0          0    A cell overlaps a blockage.
           0          0          0    A cell keepout margin overlaps a blockage.

         0          0          0    A cell violates a pnet.

         0          0          0    A cell is illegal at a site.
           0          0          0    A cell violates pin-track alignment rules.
           0          0          0    A cell is illegal at a site.
           0          0          0    A cell violates legal index rule.
           0          0          0    A cell has the wrong variant for its location.

         0          0          0    A cell is not aligned with a site.
           0          0          0    A cell is not aligned with the base site.
           0          0          0    A cell is not aligned with an overlaid site.

         0          0          0    A cell has an illegal orientation.

         0          0          0    A cell spacing rule is violated.
           0          0          0    A spacing rule is violated in a row.
           0          0          0    A spacing rule is violated between adjacent rows.
           0          0          0    A cell violates vertical abutment rule.
           0          0          0    A cell violates metal spacing rule.

         0          0          0    A layer rule is violated.
           0          0          0    A layer VTH rule is violated.
           0          0          0    A layer OD rule is violated.
           0          0          0    A layer OD max-width rule is violated.
           0          0          0    A layer ALL_OD corner rule is violated.
           0          0          0    A layer max-vertical-length rule is violated.
           0          0          0    A layer TPO rule is violated.
           0          0          0    Filler cell insertion cannot satisfy layer rules.

         0          0          0    A cell is in the wrong region.
           0          0          0    A cell is outside its hard bound.
           0          0          0    A cell is in the wrong voltage area.
           0          0          0    A cell violates an exclusive movebound.

         0          0          0    Two cells violate cts margins.

         0          0          0    Two cells violate coloring.

Information: Legalizing 62 cells and 1154 out of total 1694 cells will remain unchanged during legalization
Information: 478 cells were skipped due to unplaced or fixed status
nplDplc2Placer::setParam(effort,1)
nplDplc2Placer::setParam(debug,0)
nplDplc2Placer::setParam(site_check,2)
nplDplc2Placer::setParam(app_firm_wgt,0)
Warning: Routing direction of metal layer PO is neither "horizontal" nor "vertical".  PDC checks will not be performed on this layer. (PDC-003)
PDC app_options settings =========
	place.legalize.enable_prerouted_net_check: 1
	place.legalize.num_tracks_for_access_check: 1
	place.legalize.use_eol_spacing_for_access_check: 0
	place.legalize.allow_touch_track_for_access_check: 1
	place.legalize.reduce_conservatism_in_eol_check: 0
	place.legalize.preroute_shape_merge_distance: 0.0
	place.legalize.enable_non_preferred_direction_span_check: 0

Layer M1: cached 0 shapes out of 49 total shapes.
Layer M2: cached 588 shapes out of 588 total shapes.
Layer M3: cached 588 shapes out of 588 total shapes.
Cached 1764 vias out of 2618 total vias.

Legalizing Top Level Design dut_toplevel ... 
Information: Initializing classic cellmap without advanced rules enabled and without PDC enabled
Information: The following app options are used in cellmap
        place.legalize.enable_color_aware_placement : false
        place.legalize.use_nll_query_cm : false
        place.legalize.enable_advanced_legalizer : false
        place.legalize.enable_prerouted_net_check : true
        place.legalize.enable_advanced_prerouted_net_check : false
        place.legalize.always_continue : true
        place.legalize.limit_legality_checks : false
        place.common.pnet_aware_density : 1.0000
        place.common.pnet_aware_min_width : 0.0000
        place.common.pnet_aware_layers : {}
        place.common.use_placement_model : false
        place.common.enable_advanced_placement_model : true
        cts.placement.cell_spacing_rule_style : maximum
Total 0.0078 seconds to build cellmap data
Information: Creating classic rule checker.
Warning: Routing direction of metal layer PO is neither "horizontal" nor "vertical".  PDC checks will not be performed on this layer. (PDC-003)
=====> Processed 74 ref cells (23 fillers) from library

Bounds/Regions In This Design:
        Area    Num Cells  Exclusive Name
 (square um)
     1385.28         1694        Yes DEFAULT_VA

Starting legalizer.
Warning: Many cells are placed far from legal locations. When the cells
	are simply snapped to their nearest legal location, the
	displacements are:
	    Average displacement:    2.563 um (4.27 rows)
	    Max Displacement:        4.599 um (7.67 rows)
	    Number of cells moved: 62 (out of 62 cells)

Writing GIF plot to file './legalizer_debug_plots/dut_toplevel_SITE_unit.001-0001-nearest_legal_locations.gif'.
Warning: The following cells were placed more than 5 rows (3.000 um)
	from legal locations:
  Cell: DP_OP_33_12155_941_J1/U_620 (SAEDRVT14_ADDF_V1_0P5)
    Input Location: (25.646 24.200)
    Legal Location: (21.206 25.400)
    Displacement to legal location: 4.599 um (7.67 rows)
    Optimization Step: unknown
  Cell: DP_OP_33_12155_941_J1/U_607 (SAEDRVT14_ADDF_V1_0P5)
    Input Location: (27.570 23.600)
    Legal Location: (28.606 27.800)
    Displacement to legal location: 4.326 um (7.21 rows)
    Optimization Step: unknown
  Cell: DP_OP_33_12155_941_J1/U_608 (SAEDRVT14_ADDF_V1_0P5)
    Input Location: (25.794 23.600)
    Legal Location: (25.794 19.400)
    Displacement to legal location: 4.200 um (7.00 rows)
    Optimization Step: unknown
  Cell: DP_OP_33_12155_941_J1/U_619 (SAEDRVT14_ADDF_V1_0P5)
    Input Location: (27.348 24.200)
    Legal Location: (28.606 27.800)
    Displacement to legal location: 3.813 um (6.36 rows)
    Optimization Step: unknown
  Cell: DP_OP_33_12155_941_J1/U_616 (SAEDRVT14_ADDF_V1_0P5)
    Input Location: (26.978 23.000)
    Legal Location: (25.868 19.400)
    Displacement to legal location: 3.767 um (6.28 rows)
    Optimization Step: unknown
  Cell: DP_OP_33_12155_941_J1/U_621 (SAEDRVT14_ADDF_V1_0P5)
    Input Location: (25.794 25.400)
    Legal Location: (28.606 27.800)
    Displacement to legal location: 3.697 um (6.16 rows)
    Optimization Step: unknown
  Cell: DP_OP_33_12155_941_J1/U_617 (SAEDRVT14_ADDF_V1_0P5)
    Input Location: (25.128 23.000)
    Legal Location: (25.794 19.400)
    Displacement to legal location: 3.661 um (6.10 rows)
    Optimization Step: unknown
  Cell: DP_OP_33_12155_941_J1/U_622 (SAEDRVT14_ADDF_V1_0P5)
    Input Location: (25.424 26.000)
    Legal Location: (28.606 27.800)
    Displacement to legal location: 3.656 um (6.09 rows)
    Optimization Step: unknown
  Cell: DP_OP_33_12155_941_J1/U_593 (SAEDRVT14_ADDF_V1_0P5)
    Input Location: (28.606 22.400)
    Legal Location: (31.936 23.000)
    Displacement to legal location: 3.384 um (5.64 rows)
    Optimization Step: unknown
  Cell: DP_OP_33_12155_941_J1/U_725 (SAEDRVT14_ADDF_V1_0P5)
    Input Location: (25.202 26.600)
    Legal Location: (23.648 29.600)
    Displacement to legal location: 3.379 um (5.63 rows)
    Optimization Step: unknown
There were 4 more cells with legal displacements larger than 5 rows.
Warning: There is high fragmentation caused by many blockages or fixed cells.
	The median subrow width (space between blockages) is 26 sites
	and the median cell width is 23 sites. This makes it difficult for
	the legalizer to pack in the cells and can result in high
	displacements and long runtimes.
Please look for the GIF files that are written out at the end of
	legalization to see the impact of the fragmentation.
Warning: Exclusive bound 'DEFAULT' has no cells.
Optimizing Exclusive Bound 'DEFAULT_VA' (2/2)
Warning: There is high fragmentation caused by many blockages or fixed cells.
	The median subrow width (space between blockages) is 26 sites
	and the median cell width is 23 sites. This makes it difficult for
	the legalizer to pack in the cells and can result in high
	displacements and long runtimes.
Please look for the GIF files that are written out at the end of
	legalization to see the impact of the fragmentation.

Warning: Found cells with large displacements during legalization. If the
    cells with large displacements are timing critical these displacements
    may cause problems. Please see the following plots for details.

    The 'max_displacements' plot shows the design with blockages in green
    and the legalized cells with the largest displacements drawn
    with red displacement vectors.

    The 'colored_displacements' plot shows the design with blockages in green
    and with placed cells colored according to their displacements.
    The mapping of colors to displacements can be seen in the
    legend in the lower right.

    Done Exclusive Bound 'DEFAULT_VA' (2/2) (0 sec)

Warning: Found cells with large displacements during legalization. If the
    cells with large displacements are timing critical these displacements
    may cause problems. Please see the following plots for details.

    The 'max_displacements' plot shows the design with blockages in green
    and the legalized cells with the largest displacements drawn
    with red displacement vectors.

    The 'colored_displacements' plot shows the design with blockages in green
    and with placed cells colored according to their displacements.
    The mapping of colors to displacements can be seen in the
    legend in the lower right.

Writing GIF plot to file './legalizer_debug_plots/dut_toplevel_SITE_unit.001-0002-max_displacements.gif'.
Writing GIF plot to file './legalizer_debug_plots/dut_toplevel_SITE_unit.001-0003-colored_displacements.gif'.
Legalization complete (0 total sec)

****************************************
  Report : Placement Attempts
  Site   : unit
****************************************

number of cells:                   1694
number of references:                74
number of site rows:                 48
number of locations attempted:     1397
number of locations failed:           0  (0.0%)

Legality of references at locations:
0 references had failures.

Legality of references in rows:
0 references had row failures.

****************************************
  Report : Cell Displacements
****************************************

number of cells aggregated:          62 (1110 total sites)
avg row height over cells:        0.600 um
rms cell displacement:            6.895 um (11.49 row height)
rms weighted cell displacement:   6.895 um (11.49 row height)
max cell displacement:           12.784 um (21.31 row height)
avg cell displacement:            6.389 um (10.65 row height)
avg weighted cell displacement:   6.389 um (10.65 row height)
number of cells moved:               62
number of large displacements:       55
large displacement threshold:     3.000 row height

Displacements of worst 10 cells:
Cell: DP_OP_33_12155_941_J1/U_725 (SAEDRVT14_ADDF_V1_0P5)
  Input location: (25.202,26.6)
  Legal location: (12.474,27.8)
  Displacement:  12.784 um (21.31 row height)
Cell: DP_OP_33_12155_941_J1/U_628 (SAEDRVT14_ADDF_V1_0P5)
  Input location: (23.944,23.6)
  Legal location: (12.326,23)
  Displacement:  11.633 um (19.39 row height)
Cell: DP_OP_33_12155_941_J1/U_730 (SAEDRVT14_ADDF_V1_0P5)
  Input location: (21.872,25.4)
  Legal location: (11.586,30.2)
  Displacement:  11.351 um (18.92 row height)
Cell: DP_OP_33_12155_941_J1/U_610 (SAEDRVT14_ADDF_V1_0P5)
  Input location: (27.496,25.4)
  Legal location: (36.302,32)
  Displacement:  11.005 um (18.34 row height)
Cell: DP_OP_33_12155_941_J1/U_645 (SAEDRVT14_ADDF_V1_0P5)
  Input location: (21.724,23)
  Legal location: (11.882,21.8)
  Displacement:   9.915 um (16.52 row height)
Cell: DP_OP_33_12155_941_J1/U_639 (SAEDRVT14_ADDF_V1_0P5)
  Input location: (22.612,24.8)
  Legal location: (13.288,26)
  Displacement:   9.401 um (15.67 row height)
Cell: DP_OP_33_12155_941_J1/U_638 (SAEDRVT14_ADDF_V1_0P5)
  Input location: (22.168,23.6)
  Legal location: (15.952,17.6)
  Displacement:   8.639 um (14.40 row height)
Cell: DP_OP_33_12155_941_J1/U_631 (SAEDRVT14_ADDF_V1_0P5)
  Input location: (23.574,25.4)
  Legal location: (16.026,29.6)
  Displacement:   8.638 um (14.40 row height)
Cell: DP_OP_33_12155_941_J1/U_619 (SAEDRVT14_ADDF_V1_0P5)
  Input location: (27.348,24.2)
  Legal location: (35.858,24.2)
  Displacement:   8.510 um (14.18 row height)
Cell: DP_OP_33_12155_941_J1/U_605 (SAEDRVT14_ADDF_V1_0P5)
  Input location: (26.016,22.4)
  Legal location: (22.686,14.6)
  Displacement:   8.481 um (14.14 row height)

Legalization succeeded.
Total Legalizer CPU: 0.470
Total Legalizer Wall Time: 0.470
----------------------------------------------------------------
Information: Ending   'legalize_placement' (FLW-8001)
Information: Time: 2025-06-18 13:03:16 / Session:  00:05:26 / Command:  00:00:00 / CPU:  00:00:00 / Memory: 1748 MB (FLW-8100)
1
#### Connect PG nets
connect_pg_net -net VDD [get_pins -hierarchical  */VDD]
1
connect_pg_net -net VSS [get_pins -hierarchical  */VSS]
1
set DesignStage placement_with_blockage
placement_with_blockage
# Analyze the design
make_layout_screenshot ${DesignStage}
Load ICV ICCII menu file: /eda/synopsys/2023-24/RHELx86/ICV_2023.12/etc/tcl-u/Icc2Menu.tcl
 + VUE INFO: Found a usable port: 2446

To restart the GUI, type 'gui_start'.
analyzeDesign ${DesignStage}
generateReports ${DesignStage}
Generating reports for the design stage: placement_with_blockage ...
[Tim-Power] Info: Cleared Leakage libCell cache.
Reports have been generated for the design stage: placement_with_blockage.
get_blocks -all
{dut_toplevel.dlib:dut_toplevel.design dut_toplevel.dlib:dut_toplevel/rtl_read.design dut_toplevel.dlib:dut_toplevel/auto_floorplan.design dut_toplevel.dlib:dut_toplevel/manual_floorplan.design dut_toplevel.dlib:dut_toplevel/final_floorplan.design dut_toplevel.dlib:dut_toplevel/placement_and_optimization.design}
list_blocks
Lib dut_toplevel.dlib /home/student/Documents/kdz/ASIC/labs/Lab_5/asic_lab5/lab/results/dut_toplevel.dlib tech current
  -   0 dut_toplevel.design Jun-18-10:42
  -   0 dut_toplevel/auto_floorplan.design Jun-18-11:05
  -   0 dut_toplevel/final_floorplan.design Jun-18-11:06
  -   0 dut_toplevel/manual_floorplan.design Jun-18-11:05
  *>  0 dut_toplevel/placement_and_optimization.design Jun-18-13:03 current
  -   0 dut_toplevel/rtl_read.design Jun-18-10:42
6
save_block
RDE-checksum: b91b9ad1
Information: Saving block 'dut_toplevel.dlib:dut_toplevel/placement_and_optimization.design'
1
save_lib
Saving library 'dut_toplevel.dlib'
RDE-checksum: b91b9ad1
1
close_blocks
Information: Decrementing open_count of block 'dut_toplevel.dlib:dut_toplevel/placement_and_optimization.design' to 1. (DES-022)
1
close_lib
Closing library 'dut_toplevel.dlib'
Information: The net parasitics of block dut_toplevel are cleared. (TIM-123)
1
exit
Maximum memory usage for this session: 1776.75 MB
Maximum memory usage for this session including child processes: 1776.75 MB
CPU usage for this session:   1067 seconds (  0.30 hours)
Elapsed time for this session:    329 seconds (  0.09 hours)
Thank you for using Fusion Compiler.
