


                              Fusion Compiler (TM)

                  Version V-2023.12 for linux64 - Nov 23, 2023
  This release has significant feature enhancements. Please review the Release
                       Notes associated with this release.

                    Copyright (c) 1988 - 2023 Synopsys, Inc.
   This software and the associated documentation are proprietary to Synopsys,
 Inc. This software may only be used in accordance with the terms and conditions
 of a written license agreement with Synopsys, Inc. All other use, reproduction,
   or distribution of this software is strictly prohibited.  Licensed Products
     communicate with Synopsys servers for the purpose of providing software
    updates, detecting software piracy and verifying that customers are using
    Licensed Products in conformity with the applicable License Key for such
  Licensed Products. Synopsys will use information gathered in connection with
    this process to deliver software updates and pursue software pirates and
                                   infringers.

 Inclusivity & Diversity - Visit SolvNetPlus to read the "Synopsys Statement on
            Inclusivity and Diversity" (Refer to article 000036315 at
                        https://solvnetplus.synopsys.com)
 
Error: This script has expired. Please contact Aditya/Amir/Wei-Chih.
Loading user preference file /home/student/.synopsys_fc_gui/preferences.tcl
set opt_type "general"
general
source -echo ../scripts/task3_base.tcl
#####################################################################
#####                          Task 3                           #####
#####################################################################
#### Sourcing main setup script
source -echo  ../../setup/main_setup.tcl
#####################################################################
#####		Common Setup Script for Fusion Compiler		#####
#####################################################################
set LabRootDir			"[pwd]/../../.."     ; # root dir for the labs
set LabDir				"${LabRootDir}/lab" ; # directory for lab exercises
set SrcDir				"${LabRootDir}/src"  ; # directory for source files (RTL, SDC)
set TechLibDir			"/eda/synopsys/files/FC_Labs/common" ; # technology library path
set SetupDir			"${LabDir}/setup"   ; # directory with setup files
set TechLibName			"saed14rvt"			 ; # define library name
set CellPrefix			"SAEDRVT14"			 ; # define cell prefix
set TechNodeName		"saed14nm"			 ; # define technology node name
set MetalStack			"1p9m"				 ; # define metal stack
set RefNdmType			"frame_only"		 ; # define reference ndm type: "frame_only" or "frame_timing"
set RefLibDir			"${TechLibDir}/ndm" ; # reference library path
set RefLib				"${RefLibDir}/${TechLibName}_${RefNdmType}.ndm" ; # reference library
set TechFileDir    		"${TechLibDir}/tf"  ; # directory with technology file(s)
set TechFile			"${TechFileDir}/${TechNodeName}_${MetalStack}.tf" ; # technology file
#set TechNdm				""
set LibertyDir			"${TechLibDir}/liberty" ; #
set TlupDir				"${TechLibDir}/tlup" ; #
set TlupMinFile			"${TlupDir}/${TechNodeName}_${MetalStack}_Cmin.tlup" ; #
set TlupNomFile			"${TlupDir}/${TechNodeName}_${MetalStack}_Cnom.tlup" ; #
set TlupMaxFile			"${TlupDir}/${TechNodeName}_${MetalStack}_Cmax.tlup" ; #
set NxtGrdDir			"${TechLibDir}/nxtgrd" ; #
set NxtGrdMinFile		"${NxtGrdDir}/${TechNodeName}_${MetalStack}_Cmin.nxtgrd" ; #
set NxtGrdNomFile		"${NxtGrdDir}/${TechNodeName}_${MetalStack}_Cnom.nxtgrd" ; #
set NxtGrdMaxFile		"${NxtGrdDir}/${TechNodeName}_${MetalStack}_Cmax.nxtgrd" ; #
set MapDir				"${TechLibDir}/map" ; #
set GdsDir				"${TechLibDir}/gds" ; #
set RunsetDir			"${TechLibDir}/runsets" ; #
set GdsFile				"${GdsDir}/saed14rvt.gds" ; #
set GdsMapFile			"${MapDir}/saed14nm_1p9m_gdsout_mw.map" ; #
set LayerMapFile		"${MapDir}/${TechNodeName}_tf_itf_tluplus.map" ; #
set DrcRunsetFile		"${RunsetDir}/saed14nm_1p9m_drc_rules.rs" ; #
set MetalFillRunsetFile	"${RunsetDir}/saed14nm_1p9m_mfill_rules.rs" ; #
set RtlDir				"${SrcDir}/rtl" ; # directory with source files
set SystemVerilogDir	"${RtlDir}/sverilog" ; # directory containing SystemVerilog HDL source files
set VerilogDir			"${RtlDir}/verilog" ; # directory containing Verilog HDL source files
set VhdlDir				"${RtlDir}/vhdl" ; # directory containing VHDL source files
set SdcDir				"${SrcDir}/sdc" ; # directory with constraint files
set ResultsDir			"${LabDir}/results" ; # directory for outcomes of the lab
set ReportsDir			"${LabDir}/reports" ; # directory for report files
set SolutionDir         "${LabDir}/solution"
set ScreenshotsDir      "${LabDir}/screenshots"
echo					${SetupDir}
/home/student/Documents/kdz/ASIC/labs/Lab_4/asic_lab4/lab/task3/work/../../../lab/setup
source 					${SetupDir}/utilities.tcl
#### Sourcing project specyfic setup script
source -echo  ${SetupDir}/design_setup.tcl
#####################################################################
#####		Design Setup Script for Fusion Compiler		#####
#####################################################################
set DesignName				"dut_toplevel"			; # define design name # 
set DesignLibrary			"${DesignName}.dlib"	; # define design library name # 
set WorkDir					"[pwd]"					; # define current working directory # 
set TechFlowType			"tf"					; # set "tf" for TECH_FILE-based flow or set "ndm" for TECH_NDM-based flow. # 
set ParasiticModel			"tlup"					; # set "tlup" for using TLUP files or  set "nxtgrd" for using NXTGRD files. # 
set HDL						"sverilog"				; # set "sverilog", "verilog" or "vhdl" for reading SystemVerilog, Verilog or VHDL RTL, respectively.
set SdcFile					"${SdcDir}/${DesignName}.sdc" ; # specify file with design constraints # 
set NormalModeSdcFile		"${SdcDir}/${DesignName}_normal.sdc" ; # specify file with design constraints for normal mode 
set PowerSaveModeSdcFile	"${SdcDir}/${DesignName}_power_save.sdc" ; # specify file with design constraints for low power mode 
set PVT_FF					"ff0p88v125c"			; # set FF PVT
set PVT_TT					"tt0p8v25c"				; # set TT PVT
set PVT_SS					"ss0p72vm40c"			; # set SS PVT
set DB_FF					"${LibertyDir}/${TechLibName}_${PVT_FF}.db"
set DB_TT					"${LibertyDir}/${TechLibName}_${PVT_TT}.db"
set DB_SS					"${LibertyDir}/${TechLibName}_${PVT_SS}.db"
set TapCellDistance			40
#Configure host file/options
set_host_options -max_cores 12
# Open the design library
open_lib ${ResultsDir}/${DesignLibrary}
Information: Loading library file '/home/student/Documents/kdz/ASIC/labs/Lab_4/asic_lab4/lab/results/dut_toplevel.dlib' (FILE-007)
Information: Loading library file '/home/student/Documents/kdz/ASIC/labs/Lab_4/asic_lab4/lab/task2/work/CLIBs/saed14rvt_c.ndm' (FILE-007)
Information: Loading library file '/home/student/Documents/kdz/ASIC/labs/Lab_4/asic_lab4/lab/task2/work/CLIBs/saed14rvt_c_physical_only.ndm' (FILE-007)
Information: Auto created reference libraries are up-to-date, no need to rebuild. (LIB-084)
set full_compile ""
if { [info exists ::env(FULL_RUN)] && $::env(FULL_RUN) eq "1" } {
    set full_compile "full_"
    puts {Script will perform full compilation}
}
Script will perform full compilation
# Copy and open block
copy_block -from ${DesignName}/rtl_read -to ${DesignName}/mcmm_and_logic_opto_${full_compile}${opt_type}
Information: User units loaded from library 'saed14rvt_ff0p88v125c' (LNK-040)
open_block ${DesignName}/mcmm_and_logic_opto_${full_compile}${opt_type}
Information: Incrementing open_count of block 'dut_toplevel.dlib:dut_toplevel/mcmm_and_logic_opto_full_general.design' to 2. (DES-021)
# Source tech setup script
source -echo ${SetupDir}/technology_setup.tcl
#####################################################################
#####					Technology Setup Script					#####
#####################################################################
set_attribute [get_site_defs unit] symmetry Y
set_attribute [get_site_defs unit] is_default true
if {[string equal tlup ${ParasiticModel}]} {
	read_parasitic_tech -layermap ${LayerMapFile} -tlup ${TlupMaxFile} -name maxTLU
	read_parasitic_tech -layermap ${LayerMapFile} -tlup ${TlupNomFile} -name nomTLU
	read_parasitic_tech -layermap ${LayerMapFile} -tlup ${TlupMinFile} -name minTLU
} elseif {[string equal nxtgrd ${ParasiticModel}]} {
	read_parasitic_tech -layermap ${LayerMapFile} -tlup ${NxtGrdMaxFile} -name maxTLU
	read_parasitic_tech -layermap ${LayerMapFile} -tlup ${NxtGrdNomFile} -name nomTLU
	read_parasitic_tech -layermap ${LayerMapFile} -tlup ${NxtGrdMinFile} -name minTLU
} 
Information: The command 'read_parasitic_tech' cleared the undo history. (UNDO-016)
WARNING: Layer mapping file warning. Tech layer 'M1_3' mapped in layer mapping file cannot be found in technology section.
WARNING: Layer mapping file warning. Tech layer 'M2_3' mapped in layer mapping file cannot be found in technology section.
WARNING: Layer mapping file warning. Tech layer 'M3_3' mapped in layer mapping file cannot be found in technology section.
WARNING: Layer mapping file warning. Tech layer 'M1_3' mapped in layer mapping file cannot be found in technology section.
WARNING: Layer mapping file warning. Tech layer 'M2_3' mapped in layer mapping file cannot be found in technology section.
WARNING: Layer mapping file warning. Tech layer 'M3_3' mapped in layer mapping file cannot be found in technology section.
WARNING: Layer mapping file warning. Tech layer 'M1_3' mapped in layer mapping file cannot be found in technology section.
WARNING: Layer mapping file warning. Tech layer 'M2_3' mapped in layer mapping file cannot be found in technology section.
WARNING: Layer mapping file warning. Tech layer 'M3_3' mapped in layer mapping file cannot be found in technology section.
suppress_message ATTR-12
set_attribute [get_layers {M1 M3 M5 M7 M9}]   routing_direction horizontal
set_attribute [get_layers {M2 M4 M6 M8 MRDL}] routing_direction vertical
unsuppress_message ATTR-12
# Read the constraints
read_sdc -echo ${SdcFile}
Information: The command 'read_sdc' cleared the undo history. (UNDO-016)
Using libraries: dut_toplevel.dlib saed14rvt_ff0p88v125c saed14rvt_c_physical_only
Visiting block dut_toplevel.dlib:dut_toplevel/mcmm_and_logic_opto_full_general.design
Design 'dut_toplevel' was successfully linked.
Information: Loading SDC version 2.1 file '/home/student/Documents/kdz/ASIC/labs/Lab_4/asic_lab4/src/sdc/dut_toplevel.sdc' (FILE-007)
set PERIOD 3
set CLOCK_NAME clk
create_clock -period $PERIOD -name $CLOCK_NAME [get_ports $CLOCK_NAME]
# MCMM setup
source -echo ${SetupDir}/mcmm_setup.tcl
#####################################################################
#####                       MCMM Setup Script                   #####
#####################################################################
# Remove all MCMM related info
remove_corners -all
remove_modes -all
remove_scenarios -all
# Create Corner(s)
create_corner Fast
create_corner Typical
create_corner Slow
# Set parasitics parameters
set_parasitic_parameters -early_spec minTLU -late_spec minTLU -corners {Fast}
set_parasitic_parameters -early_spec nomTLU -late_spec nomTLU -corners {Typical}
set_parasitic_parameters -early_spec maxTLU -late_spec maxTLU -corners {Slow}
# Create Mode
foreach mode_name {Normal PowerSave} {
    echo "Current mode: ${mode_name}"

    # Create mode
    create_mode ${mode_name}
    current_mode ${mode_name}

    # Create scenarios for current mode
    foreach corner_name {Fast Typical Slow} {
        create_scenario -mode ${mode_name} -corner ${corner_name} -name ${mode_name}_${corner_name}
    }

    # Read constraints for each scenario
    set scenarios [get_attribute [get_scenarios -modes ${mode_name}] name]

    echo "Current mode scenarios: ${scenarios}"

    # create_clock applies to current mode and should not be redefined for each scenario - only its constraints
    # Just ignore those warnings
    foreach scenario ${scenarios} {
        echo "Current scenario: ${scenario}"
        current_scenario ${scenario}
        read_sdc [set ${mode_name}ModeSdcFile]
    }

    # Set operating conditions for each corner and scenario
    current_corner Fast
    current_scenario ${mode_name}_Fast
    set_operating_conditions ${PVT_FF}

    current_corner Typical
    current_scenario ${mode_name}_Typical
    set_operating_conditions ${PVT_TT}

    current_corner Slow
    current_scenario ${mode_name}_Slow
    set_operating_conditions ${PVT_SS}

    # Scenario configuration
    set_scenario_status ${mode_name}_Fast -setup false -hold true -leakage_power false -dynamic_power true -max_transition false -max_capacitance true -active true
    set_scenario_status ${mode_name}_Typical -all -active true
    set_scenario_status ${mode_name}_Slow -setup true -hold false -leakage_power true -dynamic_power true -max_transition true -max_capacitance false -active true
}
Current mode: Normal
Created scenario Normal_Fast for mode Normal and corner Fast
All analysis types are activated.
Created scenario Normal_Typical for mode Normal and corner Typical
All analysis types are activated.
Created scenario Normal_Slow for mode Normal and corner Slow
All analysis types are activated.
Current mode scenarios: Normal_Fast Normal_Slow Normal_Typical
Current scenario: Normal_Fast
Information: Loading SDC version 2.1 file '/home/student/Documents/kdz/ASIC/labs/Lab_4/asic_lab4/src/sdc/dut_toplevel_normal.sdc' (FILE-007)
Current scenario: Normal_Slow
Information: Loading SDC version 2.1 file '/home/student/Documents/kdz/ASIC/labs/Lab_4/asic_lab4/src/sdc/dut_toplevel_normal.sdc' (FILE-007)
Warning: Redefining clock 'clk'.  
        Previously defined at: /home/student/Documents/kdz/ASIC/labs/Lab_4/asic_lab4/src/sdc/dut_toplevel_common.sdc, line 1 (UIC-034)
Current scenario: Normal_Typical
Information: Loading SDC version 2.1 file '/home/student/Documents/kdz/ASIC/labs/Lab_4/asic_lab4/src/sdc/dut_toplevel_normal.sdc' (FILE-007)
Warning: Redefining clock 'clk'.  
        Previously defined at: /home/student/Documents/kdz/ASIC/labs/Lab_4/asic_lab4/src/sdc/dut_toplevel_common.sdc, line 1 (UIC-034)
Scenario Normal_Fast (mode Normal corner Fast) is active for hold/dynamic_power/max_capacitance/min_capacitance analysis.
Information: Cellem using advance interpolation.
Scenario Normal_Typical (mode Normal corner Typical) is active for setup/hold/leakage_power/dynamic_power/max_transition/max_capacitance/min_capacitance/cell_em/signal_em analysis.
Scenario Normal_Slow (mode Normal corner Slow) is active for setup/leakage_power/dynamic_power/max_transition/min_capacitance analysis.
Current mode: PowerSave
Created scenario PowerSave_Fast for mode PowerSave and corner Fast
All analysis types are activated.
Created scenario PowerSave_Typical for mode PowerSave and corner Typical
All analysis types are activated.
Created scenario PowerSave_Slow for mode PowerSave and corner Slow
All analysis types are activated.
Current mode scenarios: PowerSave_Fast PowerSave_Slow PowerSave_Typical
Current scenario: PowerSave_Fast
Information: Loading SDC version 2.1 file '/home/student/Documents/kdz/ASIC/labs/Lab_4/asic_lab4/src/sdc/dut_toplevel_power_save.sdc' (FILE-007)
Current scenario: PowerSave_Slow
Information: Loading SDC version 2.1 file '/home/student/Documents/kdz/ASIC/labs/Lab_4/asic_lab4/src/sdc/dut_toplevel_power_save.sdc' (FILE-007)
Warning: Redefining clock 'clk'.  
        Previously defined at: /home/student/Documents/kdz/ASIC/labs/Lab_4/asic_lab4/src/sdc/dut_toplevel_common.sdc, line 1 (UIC-034)
Current scenario: PowerSave_Typical
Information: Loading SDC version 2.1 file '/home/student/Documents/kdz/ASIC/labs/Lab_4/asic_lab4/src/sdc/dut_toplevel_power_save.sdc' (FILE-007)
Warning: Redefining clock 'clk'.  
        Previously defined at: /home/student/Documents/kdz/ASIC/labs/Lab_4/asic_lab4/src/sdc/dut_toplevel_common.sdc, line 1 (UIC-034)
Scenario PowerSave_Fast (mode PowerSave corner Fast) is active for hold/dynamic_power/max_capacitance/min_capacitance analysis.
Scenario PowerSave_Typical (mode PowerSave corner Typical) is active for setup/hold/leakage_power/dynamic_power/max_transition/max_capacitance/min_capacitance/cell_em/signal_em analysis.
Scenario PowerSave_Slow (mode PowerSave corner Slow) is active for setup/leakage_power/dynamic_power/max_transition/min_capacitance analysis.
if {[info exists opt_setting]} {
    set_app_options -name compile.flow.${opt_setting} -value ${opt_value}
}
report_app_options -non_default
****************************************
Report : app_option
           -non_default
Design : dut_toplevel
Version: V-2023.12
Date   : Wed Jun 11 00:15:47 2025
****************************************
Name       Type       Value      User-value   User-default System-default Scope      Status     Source
---------- ---------- ---------- ------------ ------------ -------------- ---------- ---------- ----------
No options matched the specified pattern(s)
---------- ---------- ---------- ------------ ------------ -------------- ---------- ---------- ----------

There are additional internal differences with no available TBC source.
if { $full_compile eq "" } {
    # Initial mapping
    compile_fusion -to logic_opto
} else {
    compile_fusion
}
Warning: No site rows found in floorplan. (LGL-397)
Information: Timer using 12 threads
INFO: compile_fusion is running in balanced flow mode.
Warning: No site rows found in floorplan. (LGL-397)
Information: Starting 'compile_fusion' (FLW-8000)
Information: Time: 2025-06-11 00:15:47 / Session:  00:00:07 / Command:  00:00:00 / CPU:  00:00:00 / Memory: 493 MB (FLW-8100)
Information: CPU Load: 2%, Ram Free: 45 GB, Swap Free: 1 GB, Work Disk Free: 308 GB, Tmp Disk Free: 308 GB (MSG-3995)
CPU Load: 2%, Ram Free: 45 GB, Swap Free: 1 GB, Work Disk Free: 308 GB, Tmp Disk Free: 308 GB
Warning: No site rows found in floorplan. (LGL-397)
INFO: Start environment monitoring: recipes
INFO: compile_fusion is running in balanced flow mode.
Warning: No site rows found in floorplan. (LGL-397)
Warning: No site rows found in floorplan. (LGL-397)
Warning: No site rows found in floorplan. (LGL-397)
Warning: No site rows found in floorplan. (LGL-397)
Warning: No site rows found in floorplan. (LGL-397)
Warning: No site rows found in floorplan. (LGL-397)
Warning: No site rows found in floorplan. (LGL-397)
Warning: Cannot infer functionality of libcell 'saed14rvt_ff0p88v125c/SAEDRVT14_FDNRBSBQ_V2_0P5' and will be excluded from sequential mapping. (SQM-1061)
Warning: Cannot infer functionality of libcell 'saed14rvt_ff0p88v125c/SAEDRVT14_FDNRBSBQ_V2_1' and will be excluded from sequential mapping. (SQM-1061)
Warning: Cannot infer functionality of libcell 'saed14rvt_ff0p88v125c/SAEDRVT14_FDNRBSBQ_V2_2' and will be excluded from sequential mapping. (SQM-1061)
Warning: Cannot infer functionality of libcell 'saed14rvt_ff0p88v125c/SAEDRVT14_FDNRBSBQ_V2_4' and will be excluded from sequential mapping. (SQM-1061)
Warning: Cannot infer functionality of libcell 'saed14rvt_ff0p88v125c/SAEDRVT14_FDPRBSBQ_V2_0P5' and will be excluded from sequential mapping. (SQM-1061)
Warning: Cannot infer functionality of libcell 'saed14rvt_ff0p88v125c/SAEDRVT14_FDPRBSBQ_V2_1' and will be excluded from sequential mapping. (SQM-1061)
Warning: Cannot infer functionality of libcell 'saed14rvt_ff0p88v125c/SAEDRVT14_FDPRBSBQ_V2_2' and will be excluded from sequential mapping. (SQM-1061)
Warning: Cannot infer functionality of libcell 'saed14rvt_ff0p88v125c/SAEDRVT14_FDPRBSBQ_V2_4' and will be excluded from sequential mapping. (SQM-1061)
Warning: Cannot infer functionality of libcell 'saed14rvt_ff0p88v125c/SAEDRVT14_FSDPRBSBQ_V2LP_0P5' and will be excluded from sequential mapping. (SQM-1061)
Warning: Cannot infer functionality of libcell 'saed14rvt_ff0p88v125c/SAEDRVT14_FSDPRBSBQ_V2LP_2' and will be excluded from sequential mapping. (SQM-1061)
Warning: Skipping check for single_bit_degenerate attribute on the multibit libcell 'saed14rvt_ff0p88v125c/SAEDRVT14_FSDN2_V2_0P5' since it is not a black-box. (SQM-1079)
Information: No single-bit representative was found for multibit lib cell 'saed14rvt_ff0p88v125c/SAEDRVT14_FSDN2_V2_0P5'. (SQM-2004)
Warning: Skipping check for single_bit_degenerate attribute on the multibit libcell 'saed14rvt_ff0p88v125c/SAEDRVT14_FSDN2_V2_1' since it is not a black-box. (SQM-1079)
Information: No single-bit representative was found for multibit lib cell 'saed14rvt_ff0p88v125c/SAEDRVT14_FSDN2_V2_1'. (SQM-2004)
Warning: Skipping check for single_bit_degenerate attribute on the multibit libcell 'saed14rvt_ff0p88v125c/SAEDRVT14_FSDN2_V2_2' since it is not a black-box. (SQM-1079)
Information: No single-bit representative was found for multibit lib cell 'saed14rvt_ff0p88v125c/SAEDRVT14_FSDN2_V2_2'. (SQM-2004)
Warning: Skipping check for single_bit_degenerate attribute on the multibit libcell 'saed14rvt_ff0p88v125c/SAEDRVT14_FSDN2_V2_4' since it is not a black-box. (SQM-1079)
Information: No single-bit representative was found for multibit lib cell 'saed14rvt_ff0p88v125c/SAEDRVT14_FSDN2_V2_4'. (SQM-2004)
Warning: Skipping check for single_bit_degenerate attribute on the multibit libcell 'saed14rvt_ff0p88v125c/SAEDRVT14_FSDN4_V2_0P5' since it is not a black-box. (SQM-1079)
Information: No single-bit representative was found for multibit lib cell 'saed14rvt_ff0p88v125c/SAEDRVT14_FSDN4_V2_0P5'. (SQM-2004)
Information: No single-bit representative was found for multibit lib cell 'saed14rvt_ff0p88v125c/SAEDRVT14_FSDN4_V2_1'. (SQM-2004)
Information: No single-bit representative was found for multibit lib cell 'saed14rvt_ff0p88v125c/SAEDRVT14_FSDN4_V2_2'. (SQM-2004)
Information: No single-bit representative was found for multibit lib cell 'saed14rvt_ff0p88v125c/SAEDRVT14_FSDN4_V2_4'. (SQM-2004)
Warning: Found 8 multibit sequential library cells that have missing/added attributes or have restrictions that prevent them from banking. (SQM-1053)
0 sequential multibit library cells have restrictions (dont_use or dont_touch).
8 sequential multibit library cells have missing sequential mapping relevant attributes
Information: 6 out of 16 SQM-1061 messages were not printed due to limit 10 (after 'compile_fusion' at task3_base.tcl:43) (MSG-3913)
Information: 3 out of 8 SQM-1079 messages were not printed due to limit 5 (after 'compile_fusion' at task3_base.tcl:43) (MSG-3913)
Information: The automatic clock gate timing flow is activated. Clock latencies set on clock gate cells will be automatically adjusted by an estimate for latency. (CGT-4005)
----------------------------------------------------------------------------------------------------------
Information: Starting compile_fusion / initial_map (FLW-8000)
Information: Time: 2025-06-11 00:15:49 / Session:  00:00:09 / Command:  00:00:01 / CPU:  00:00:01 / Memory: 699 MB (FLW-8100)
Information: CPU Load: 2%, Ram Free: 45 GB, Swap Free: 1 GB, Work Disk Free: 308 GB, Tmp Disk Free: 308 GB (MSG-3995)
----------------------------------------------------------------------------------------------------------
Information: Starting compile_fusion / initial_map / Load Design (FLW-8000)
Information: Time: 2025-06-11 00:15:49 / Session:  00:00:09 / Command:  00:00:01 / CPU:  00:00:01 / Memory: 699 MB (FLW-8100)
Information: CPU Load: 2%, Ram Free: 45 GB, Swap Free: 1 GB, Work Disk Free: 308 GB, Tmp Disk Free: 308 GB (MSG-3995)
Warning: Cannot infer functionality of libcell 'saed14rvt_ff0p88v125c/SAEDRVT14_FDNRBSBQ_V2_0P5' and will be excluded from sequential mapping. (SQM-1061)
Warning: Cannot infer functionality of libcell 'saed14rvt_ff0p88v125c/SAEDRVT14_FDNRBSBQ_V2_1' and will be excluded from sequential mapping. (SQM-1061)
Warning: Cannot infer functionality of libcell 'saed14rvt_ff0p88v125c/SAEDRVT14_FDNRBSBQ_V2_2' and will be excluded from sequential mapping. (SQM-1061)
Warning: Cannot infer functionality of libcell 'saed14rvt_ff0p88v125c/SAEDRVT14_FDNRBSBQ_V2_4' and will be excluded from sequential mapping. (SQM-1061)
Warning: Cannot infer functionality of libcell 'saed14rvt_ff0p88v125c/SAEDRVT14_FDPRBSBQ_V2_0P5' and will be excluded from sequential mapping. (SQM-1061)
Warning: Cannot infer functionality of libcell 'saed14rvt_ff0p88v125c/SAEDRVT14_FDPRBSBQ_V2_1' and will be excluded from sequential mapping. (SQM-1061)
Warning: Cannot infer functionality of libcell 'saed14rvt_ff0p88v125c/SAEDRVT14_FDPRBSBQ_V2_2' and will be excluded from sequential mapping. (SQM-1061)
Warning: Cannot infer functionality of libcell 'saed14rvt_ff0p88v125c/SAEDRVT14_FDPRBSBQ_V2_4' and will be excluded from sequential mapping. (SQM-1061)
Warning: Cannot infer functionality of libcell 'saed14rvt_ff0p88v125c/SAEDRVT14_FSDPRBSBQ_V2LP_0P5' and will be excluded from sequential mapping. (SQM-1061)
Warning: Cannot infer functionality of libcell 'saed14rvt_ff0p88v125c/SAEDRVT14_FSDPRBSBQ_V2LP_2' and will be excluded from sequential mapping. (SQM-1061)
Warning: Skipping check for single_bit_degenerate attribute on the multibit libcell 'saed14rvt_ff0p88v125c/SAEDRVT14_FSDN2_V2_0P5' since it is not a black-box. (SQM-1079)
Information: No single-bit representative was found for multibit lib cell 'saed14rvt_ff0p88v125c/SAEDRVT14_FSDN2_V2_0P5'. (SQM-2004)
Warning: Skipping check for single_bit_degenerate attribute on the multibit libcell 'saed14rvt_ff0p88v125c/SAEDRVT14_FSDN2_V2_1' since it is not a black-box. (SQM-1079)
Information: No single-bit representative was found for multibit lib cell 'saed14rvt_ff0p88v125c/SAEDRVT14_FSDN2_V2_1'. (SQM-2004)
Warning: Skipping check for single_bit_degenerate attribute on the multibit libcell 'saed14rvt_ff0p88v125c/SAEDRVT14_FSDN2_V2_2' since it is not a black-box. (SQM-1079)
Information: No single-bit representative was found for multibit lib cell 'saed14rvt_ff0p88v125c/SAEDRVT14_FSDN2_V2_2'. (SQM-2004)
Warning: Skipping check for single_bit_degenerate attribute on the multibit libcell 'saed14rvt_ff0p88v125c/SAEDRVT14_FSDN2_V2_4' since it is not a black-box. (SQM-1079)
Information: No single-bit representative was found for multibit lib cell 'saed14rvt_ff0p88v125c/SAEDRVT14_FSDN2_V2_4'. (SQM-2004)
Warning: Skipping check for single_bit_degenerate attribute on the multibit libcell 'saed14rvt_ff0p88v125c/SAEDRVT14_FSDN4_V2_0P5' since it is not a black-box. (SQM-1079)
Information: No single-bit representative was found for multibit lib cell 'saed14rvt_ff0p88v125c/SAEDRVT14_FSDN4_V2_0P5'. (SQM-2004)
Information: No single-bit representative was found for multibit lib cell 'saed14rvt_ff0p88v125c/SAEDRVT14_FSDN4_V2_1'. (SQM-2004)
Information: No single-bit representative was found for multibit lib cell 'saed14rvt_ff0p88v125c/SAEDRVT14_FSDN4_V2_2'. (SQM-2004)
Information: No single-bit representative was found for multibit lib cell 'saed14rvt_ff0p88v125c/SAEDRVT14_FSDN4_V2_4'. (SQM-2004)
Warning: Found 8 multibit sequential library cells that have missing/added attributes or have restrictions that prevent them from banking. (SQM-1053)
0 sequential multibit library cells have restrictions (dont_use or dont_touch).
8 sequential multibit library cells have missing sequential mapping relevant attributes
Information: 6 out of 16 SQM-1061 messages were not printed due to limit 10 (after 'compile_fusion' at task3_base.tcl:43) (MSG-3913)
Information: 3 out of 8 SQM-1079 messages were not printed due to limit 5 (after 'compile_fusion' at task3_base.tcl:43) (MSG-3913)
Warning: No site rows found in floorplan. (LGL-397)
Warning: No site rows found in floorplan. (LGL-397)
Warning: No site rows found in floorplan. (LGL-397)
Warning: No site rows found in floorplan. (LGL-397)
Warning: No site rows found in floorplan. (LGL-397)
Warning: No site rows found in floorplan. (LGL-397)
Warning: No site rows found in floorplan. (LGL-397)
Warning: No site rows found in floorplan. (LGL-397)
Warning: No site rows found in floorplan. (LGL-397)
Warning: No site rows found in floorplan. (LGL-397)
Warning: No site rows found in floorplan. (LGL-397)
Warning: No site rows found in floorplan. (LGL-397)
Information: Ending   compile_fusion / initial_map / Load Design (FLW-8001)
Information: Time: 2025-06-11 00:15:49 / Session:  00:00:09 / Command:  00:00:02 / CPU:  00:00:02 / Memory: 746 MB (FLW-8100)
Information: CPU Load: 2%, Ram Free: 45 GB, Swap Free: 1 GB, Work Disk Free: 308 GB, Tmp Disk Free: 308 GB (MSG-3995)
Information: Starting compile_fusion / initial_map / MV Cell Insertion (FLW-8000)
Information: Time: 2025-06-11 00:15:49 / Session:  00:00:09 / Command:  00:00:02 / CPU:  00:00:02 / Memory: 746 MB (FLW-8100)
Information: CPU Load: 2%, Ram Free: 45 GB, Swap Free: 1 GB, Work Disk Free: 308 GB, Tmp Disk Free: 308 GB (MSG-3995)
Information: Ending   compile_fusion / initial_map / MV Cell Insertion (FLW-8001)
Information: Time: 2025-06-11 00:15:49 / Session:  00:00:09 / Command:  00:00:02 / CPU:  00:00:02 / Memory: 746 MB (FLW-8100)
Information: CPU Load: 2%, Ram Free: 45 GB, Swap Free: 1 GB, Work Disk Free: 308 GB, Tmp Disk Free: 308 GB (MSG-3995)
Information: Starting compile_fusion / initial_map / Logic Simplification (1) (FLW-8000)
Information: Time: 2025-06-11 00:15:49 / Session:  00:00:09 / Command:  00:00:02 / CPU:  00:00:02 / Memory: 746 MB (FLW-8100)
Information: CPU Load: 2%, Ram Free: 45 GB, Swap Free: 1 GB, Work Disk Free: 308 GB, Tmp Disk Free: 308 GB (MSG-3995)
Information: The hierarchy math_wrapper_INST/dut_multiplier_18x18_comb_inst/mult_a0b0 is ungrouped due to auto_ungrouping. (UNG-1001)
Information: The hierarchy math_wrapper_INST/dut_multiplier_18x18_comb_inst/mult_a0b1 is ungrouped due to auto_ungrouping. (UNG-1001)
Information: The hierarchy math_wrapper_INST/dut_multiplier_18x18_comb_inst/mult_a1b0 is ungrouped due to auto_ungrouping. (UNG-1001)
Information: The hierarchy math_wrapper_INST/dut_multiplier_18x18_comb_inst/mult_a1b1 is ungrouped due to auto_ungrouping. (UNG-1001)
Information: The hierarchy math_wrapper_INST/dut_multiplier_18x18_comb_inst is ungrouped due to auto_ungrouping. (UNG-1001)
Information: The hierarchy dut_output_control_INST is ungrouped due to auto_ungrouping. (UNG-1001)
Information: The hierarchy dut_processing_control_INST is ungrouped due to auto_ungrouping. (UNG-1001)
Information: The hierarchy dut_input_channel_control_0_INST is ungrouped due to auto_ungrouping. (UNG-1001)
Information: The hierarchy dut_input_channel_control_1_INST is ungrouped due to auto_ungrouping. (UNG-1001)
Information: The hierarchy dut_input_channel_control_2_INST is ungrouped due to auto_ungrouping. (UNG-1001)
Information: 13 of 13 hierarchies are ungrouped. Use report_ungroup for a list. (UNG-1003)
Information: Result of compile_fusion / initial_map / Auto Ungroup (FLW-8500)
Information: Ungroup Summary Report (UNG-1007)
-------------------------------------------------------------------
Hierarchy                                                 Count
-------------------------------------------------------------------
Auto ungrouped hierarchies                                  13
-------------------------------------------------------------------
Information: 3 out of 13 UNG-1001 messages were not printed due to limit 10 (after 'compile_fusion' at task3_base.tcl:43) (MSG-3913)
Information: Starting compile_fusion / initial_map / Logic Simplification (1) / Constant and Equal Register Detection (FLW-8000)
Information: Time: 2025-06-11 00:15:49 / Session:  00:00:09 / Command:  00:00:02 / CPU:  00:00:02 / Memory: 746 MB (FLW-8100)
Information: CPU Load: 2%, Ram Free: 45 GB, Swap Free: 1 GB, Work Disk Free: 308 GB, Tmp Disk Free: 308 GB (MSG-3995)
Warning: Cannot infer functionality of libcell 'saed14rvt_ff0p88v125c/SAEDRVT14_FDNRBSBQ_V2_0P5' and will be excluded from sequential mapping. (SQM-1061)
Warning: Cannot infer functionality of libcell 'saed14rvt_ff0p88v125c/SAEDRVT14_FDNRBSBQ_V2_1' and will be excluded from sequential mapping. (SQM-1061)
Warning: Cannot infer functionality of libcell 'saed14rvt_ff0p88v125c/SAEDRVT14_FDNRBSBQ_V2_2' and will be excluded from sequential mapping. (SQM-1061)
Warning: Cannot infer functionality of libcell 'saed14rvt_ff0p88v125c/SAEDRVT14_FDNRBSBQ_V2_4' and will be excluded from sequential mapping. (SQM-1061)
Warning: Cannot infer functionality of libcell 'saed14rvt_ff0p88v125c/SAEDRVT14_FDPRBSBQ_V2_0P5' and will be excluded from sequential mapping. (SQM-1061)
Warning: Cannot infer functionality of libcell 'saed14rvt_ff0p88v125c/SAEDRVT14_FDPRBSBQ_V2_1' and will be excluded from sequential mapping. (SQM-1061)
Warning: Cannot infer functionality of libcell 'saed14rvt_ff0p88v125c/SAEDRVT14_FDPRBSBQ_V2_2' and will be excluded from sequential mapping. (SQM-1061)
Warning: Cannot infer functionality of libcell 'saed14rvt_ff0p88v125c/SAEDRVT14_FDPRBSBQ_V2_4' and will be excluded from sequential mapping. (SQM-1061)
Warning: Cannot infer functionality of libcell 'saed14rvt_ff0p88v125c/SAEDRVT14_FSDPRBSBQ_V2LP_0P5' and will be excluded from sequential mapping. (SQM-1061)
Warning: Cannot infer functionality of libcell 'saed14rvt_ff0p88v125c/SAEDRVT14_FSDPRBSBQ_V2LP_2' and will be excluded from sequential mapping. (SQM-1061)
Warning: Skipping check for single_bit_degenerate attribute on the multibit libcell 'saed14rvt_ff0p88v125c/SAEDRVT14_FSDN2_V2_0P5' since it is not a black-box. (SQM-1079)
Information: No single-bit representative was found for multibit lib cell 'saed14rvt_ff0p88v125c/SAEDRVT14_FSDN2_V2_0P5'. (SQM-2004)
Warning: Skipping check for single_bit_degenerate attribute on the multibit libcell 'saed14rvt_ff0p88v125c/SAEDRVT14_FSDN2_V2_1' since it is not a black-box. (SQM-1079)
Information: No single-bit representative was found for multibit lib cell 'saed14rvt_ff0p88v125c/SAEDRVT14_FSDN2_V2_1'. (SQM-2004)
Warning: Skipping check for single_bit_degenerate attribute on the multibit libcell 'saed14rvt_ff0p88v125c/SAEDRVT14_FSDN2_V2_2' since it is not a black-box. (SQM-1079)
Information: No single-bit representative was found for multibit lib cell 'saed14rvt_ff0p88v125c/SAEDRVT14_FSDN2_V2_2'. (SQM-2004)
Warning: Skipping check for single_bit_degenerate attribute on the multibit libcell 'saed14rvt_ff0p88v125c/SAEDRVT14_FSDN2_V2_4' since it is not a black-box. (SQM-1079)
Information: No single-bit representative was found for multibit lib cell 'saed14rvt_ff0p88v125c/SAEDRVT14_FSDN2_V2_4'. (SQM-2004)
Warning: Skipping check for single_bit_degenerate attribute on the multibit libcell 'saed14rvt_ff0p88v125c/SAEDRVT14_FSDN4_V2_0P5' since it is not a black-box. (SQM-1079)
Information: No single-bit representative was found for multibit lib cell 'saed14rvt_ff0p88v125c/SAEDRVT14_FSDN4_V2_0P5'. (SQM-2004)
Information: No single-bit representative was found for multibit lib cell 'saed14rvt_ff0p88v125c/SAEDRVT14_FSDN4_V2_1'. (SQM-2004)
Information: No single-bit representative was found for multibit lib cell 'saed14rvt_ff0p88v125c/SAEDRVT14_FSDN4_V2_2'. (SQM-2004)
Information: No single-bit representative was found for multibit lib cell 'saed14rvt_ff0p88v125c/SAEDRVT14_FSDN4_V2_4'. (SQM-2004)
Warning: Found 8 multibit sequential library cells that have missing/added attributes or have restrictions that prevent them from banking. (SQM-1053)
0 sequential multibit library cells have restrictions (dont_use or dont_touch).
8 sequential multibit library cells have missing sequential mapping relevant attributes
Warning: No site rows found in floorplan. (LGL-397)
Warning: No site rows found in floorplan. (LGL-397)
Warning: No site rows found in floorplan. (LGL-397)
Warning: No site rows found in floorplan. (LGL-397)
Information: Register Bits Before Sharing = 328, After Sharing = 328, Savings = 0 (SQM-2000)
Information: 6 out of 16 SQM-1061 messages were not printed due to limit 10 (after 'compile_fusion' at task3_base.tcl:43) (MSG-3913)
Information: 3 out of 8 SQM-1079 messages were not printed due to limit 5 (after 'compile_fusion' at task3_base.tcl:43) (MSG-3913)
Information: Ending   compile_fusion / initial_map / Logic Simplification (1) / Constant and Equal Register Detection (FLW-8001)
Information: Time: 2025-06-11 00:15:52 / Session:  00:00:12 / Command:  00:00:04 / CPU:  00:00:05 / Memory: 797 MB (FLW-8100)
Information: CPU Load: 2%, Ram Free: 45 GB, Swap Free: 1 GB, Work Disk Free: 308 GB, Tmp Disk Free: 308 GB (MSG-3995)
Information: Starting compile_fusion / initial_map / Logic Simplification (1) / Register Merging (FLW-8000)
Information: Time: 2025-06-11 00:15:52 / Session:  00:00:12 / Command:  00:00:04 / CPU:  00:00:05 / Memory: 797 MB (FLW-8100)
Information: CPU Load: 2%, Ram Free: 45 GB, Swap Free: 1 GB, Work Disk Free: 308 GB, Tmp Disk Free: 308 GB (MSG-3995)
Information: Ending   compile_fusion / initial_map / Logic Simplification (1) / Register Merging (FLW-8001)
Information: Time: 2025-06-11 00:15:52 / Session:  00:00:12 / Command:  00:00:04 / CPU:  00:00:05 / Memory: 797 MB (FLW-8100)
Information: CPU Load: 2%, Ram Free: 45 GB, Swap Free: 1 GB, Work Disk Free: 308 GB, Tmp Disk Free: 308 GB (MSG-3995)
Information: Starting compile_fusion / initial_map / Logic Simplification (1) / Constant Propagation and Register Optimization (FLW-8000)
Information: Time: 2025-06-11 00:15:52 / Session:  00:00:12 / Command:  00:00:04 / CPU:  00:00:05 / Memory: 797 MB (FLW-8100)
Information: CPU Load: 2%, Ram Free: 45 GB, Swap Free: 1 GB, Work Disk Free: 308 GB, Tmp Disk Free: 308 GB (MSG-3995)
Warning: No site rows found in floorplan. (LGL-397)
Warning: No site rows found in floorplan. (LGL-397)
Warning: No site rows found in floorplan. (LGL-397)
Warning: No site rows found in floorplan. (LGL-397)
Warning: No site rows found in floorplan. (LGL-397)
Warning: No site rows found in floorplan. (LGL-397)
Warning: No site rows found in floorplan. (LGL-397)
Warning: No site rows found in floorplan. (LGL-397)
Information: Ending   compile_fusion / initial_map / Logic Simplification (1) / Constant Propagation and Register Optimization (FLW-8001)
Information: Time: 2025-06-11 00:15:52 / Session:  00:00:12 / Command:  00:00:05 / CPU:  00:00:05 / Memory: 797 MB (FLW-8100)
Information: CPU Load: 2%, Ram Free: 45 GB, Swap Free: 1 GB, Work Disk Free: 308 GB, Tmp Disk Free: 308 GB (MSG-3995)
Information: Ending   compile_fusion / initial_map / Logic Simplification (1) (FLW-8001)
Information: Time: 2025-06-11 00:15:52 / Session:  00:00:12 / Command:  00:00:05 / CPU:  00:00:05 / Memory: 797 MB (FLW-8100)
Information: CPU Load: 2%, Ram Free: 45 GB, Swap Free: 1 GB, Work Disk Free: 308 GB, Tmp Disk Free: 308 GB (MSG-3995)
Warning: No site rows found in floorplan. (LGL-397)
Warning: No site rows found in floorplan. (LGL-397)
Warning: No site rows found in floorplan. (LGL-397)
Warning: No site rows found in floorplan. (LGL-397)
Information: Starting compile_fusion / initial_map / High-Level Optimization and Technology Mapping (1) (FLW-8000)
Information: Time: 2025-06-11 00:15:53 / Session:  00:00:13 / Command:  00:00:05 / CPU:  00:00:05 / Memory: 797 MB (FLW-8100)
Information: CPU Load: 2%, Ram Free: 45 GB, Swap Free: 1 GB, Work Disk Free: 308 GB, Tmp Disk Free: 308 GB (MSG-3995)
Information: Timer using 12 threads
Information: Ending   compile_fusion / initial_map / High-Level Optimization and Technology Mapping (1) (FLW-8001)
Information: Time: 2025-06-11 00:15:55 / Session:  00:00:15 / Command:  00:00:07 / CPU:  00:00:10 / Memory: 826 MB (FLW-8100)
Information: CPU Load: 3%, Ram Free: 45 GB, Swap Free: 1 GB, Work Disk Free: 308 GB, Tmp Disk Free: 308 GB (MSG-3995)
Information: Starting compile_fusion / initial_map / High-Level Optimization and Technology Mapping (2) (FLW-8000)
Information: Time: 2025-06-11 00:15:55 / Session:  00:00:15 / Command:  00:00:07 / CPU:  00:00:10 / Memory: 826 MB (FLW-8100)
Information: CPU Load: 3%, Ram Free: 45 GB, Swap Free: 1 GB, Work Disk Free: 308 GB, Tmp Disk Free: 308 GB (MSG-3995)
Information: Added key list 'DesignWare' to design 'dut_toplevel'. (DWS-0216)
Warning: No cell bus will be mapped to multibit because multibit mapping has been disabled by user. (SQM-1034)
Warning: Shift register Inferencing is enabled so only head flop will be replaced with scan cell and not all registers in shift register chains are scan replaced. (SQM-1074)
Information: Ending   compile_fusion / initial_map / High-Level Optimization and Technology Mapping (2) (FLW-8001)
Information: Time: 2025-06-11 00:15:56 / Session:  00:00:16 / Command:  00:00:09 / CPU:  00:00:12 / Memory: 826 MB (FLW-8100)
Information: CPU Load: 3%, Ram Free: 45 GB, Swap Free: 1 GB, Work Disk Free: 308 GB, Tmp Disk Free: 308 GB (MSG-3995)
Information: Starting compile_fusion / initial_map / DFT Core Wrapper Analysis (FLW-8000)
Information: Time: 2025-06-11 00:15:56 / Session:  00:00:16 / Command:  00:00:09 / CPU:  00:00:12 / Memory: 826 MB (FLW-8100)
Information: CPU Load: 3%, Ram Free: 45 GB, Swap Free: 1 GB, Work Disk Free: 308 GB, Tmp Disk Free: 308 GB (MSG-3995)
Information: Ending   compile_fusion / initial_map / DFT Core Wrapper Analysis (FLW-8001)
Information: Time: 2025-06-11 00:15:56 / Session:  00:00:16 / Command:  00:00:09 / CPU:  00:00:12 / Memory: 826 MB (FLW-8100)
Information: CPU Load: 3%, Ram Free: 45 GB, Swap Free: 1 GB, Work Disk Free: 308 GB, Tmp Disk Free: 308 GB (MSG-3995)
Information: Starting compile_fusion / initial_map / Logic Simplification (2) (FLW-8000)
Information: Time: 2025-06-11 00:15:56 / Session:  00:00:16 / Command:  00:00:09 / CPU:  00:00:12 / Memory: 826 MB (FLW-8100)
Information: CPU Load: 3%, Ram Free: 45 GB, Swap Free: 1 GB, Work Disk Free: 308 GB, Tmp Disk Free: 308 GB (MSG-3995)
Information: Register Bits Before Sharing = 328, After Sharing = 328, Savings = 0 (SQM-2000)
Information: Starting compile_fusion / initial_map / Logic Simplification (2) / Constant Propagation and Register Optimization (FLW-8000)
Information: Time: 2025-06-11 00:15:57 / Session:  00:00:17 / Command:  00:00:09 / CPU:  00:00:12 / Memory: 845 MB (FLW-8100)
Information: CPU Load: 3%, Ram Free: 45 GB, Swap Free: 1 GB, Work Disk Free: 308 GB, Tmp Disk Free: 308 GB (MSG-3995)
Information: Ending   compile_fusion / initial_map / Logic Simplification (2) / Constant Propagation and Register Optimization (FLW-8001)
Information: Time: 2025-06-11 00:15:57 / Session:  00:00:17 / Command:  00:00:09 / CPU:  00:00:12 / Memory: 845 MB (FLW-8100)
Information: CPU Load: 3%, Ram Free: 45 GB, Swap Free: 1 GB, Work Disk Free: 308 GB, Tmp Disk Free: 308 GB (MSG-3995)
Information: Ending   compile_fusion / initial_map / Logic Simplification (2) (FLW-8001)
Information: Time: 2025-06-11 00:15:57 / Session:  00:00:17 / Command:  00:00:09 / CPU:  00:00:12 / Memory: 845 MB (FLW-8100)
Information: CPU Load: 3%, Ram Free: 45 GB, Swap Free: 1 GB, Work Disk Free: 308 GB, Tmp Disk Free: 308 GB (MSG-3995)
Information: Result of compile_fusion / initial_map / Clock Gate Insertion (FLW-8500)
--------------------------------------------------------------------------------
|                             Clock Gating Options                             |
--------------------------------------------------------------------------------
|         Objects         |    Minimum Bitwidth     |      Maximum Fanout      |
--------------------------+-------------------------+---------------------------
|   top-level (design)    |          3 (d)          |      Unlimited (d)       |
--------------------------------------------------------------------------------

Number of Pre-Existing Clock Gates with dont touch attribute: 0
Number of ICG library cells with CTS purpose: 19
--------------------------------------------------------------------------------
                          Tool Gated Register Summary                           
--------------------------------------------------------------------------------
Clock Gating Type                   | Number of   | Register Count | Equivalent 
                                    | Clock Gates |                | Bitwidth   
--------------------------------------------------------------------------------
Regular Clock Gating                |          11 |            319 |        319
--------------------------------------------------------------------------------
--------------------------------------------------------------------------------
                 Regular Clock Gating Ungated Register Summary                  
--------------------------------------------------------------------------------
 Ungated Reason                                            | Count | Bitwidth   
--------------------------------------------------------------------------------
 Enable is Constant One.                                   |     2 |        2
 Partial Minimum Bitwidth Not Met.                         |     7 |        7
--------------------------------------------------------------------------------
Compile-fusion optimization summary            SETUP-COST    R2R-COST HOLD-COST LDRC-COST          AREA     LEAKAGE     INSTCNT            ELAPSE       MEM
Compile-fusion                                          -           -         -         -        906.51           -        1211              0.00       845
Information: Ending   compile_fusion / initial_map (FLW-8001)
Information: Time: 2025-06-11 00:15:57 / Session:  00:00:17 / Command:  00:00:09 / CPU:  00:00:12 / Memory: 845 MB (FLW-8100)
Information: CPU Load: 3%, Ram Free: 45 GB, Swap Free: 1 GB, Work Disk Free: 308 GB, Tmp Disk Free: 308 GB (MSG-3995)

Information: >>>>>>> 6 unique error and warning message tags while observing compile_fusion / initial_map: (MSG-3100)
Information: #prnt #trgr #lmt    Tag  Level     Format (or last printed message)                                (MSG-3036)
Information:    15    16  5 SQM-1079  WARNING   Warning: Skipping check for single_bit_degenerate attribute ... (MSG-3032)
Information:     1     1  1 SQM-1074  WARNING   Warning: Shift register Inferencing is enabled so only head ... (MSG-3032)
Information:    30    32 10 SQM-1061  WARNING   Warning: Cannot infer functionality of libcell 'saed14rvt_ff... (MSG-3032)
Information:     3     2 10 SQM-1053  WARNING   Warning: Found 8 multibit sequential library cells that have... (MSG-3032)
Information:     1     1  1 SQM-1034  WARNING   Warning: No cell bus will be mapped to multibit because mult... (MSG-3032)
Information:    38    28  0 LGL-397   WARNING   Warning: No site rows found in floorplan. (LGL-397)             (MSG-3032)
Information:    88    80  5        6  <------   Total sum of messages (MSG-3038)
Information: >>>>>>> Summary: 80 error&warning MSGs observed during compile_fusion / initial_map (MSG-3103)

----------------------------------------------------------------------------------------------------------
Information: Starting compile_fusion / logic_opto (FLW-8000)
Information: Time: 2025-06-11 00:15:57 / Session:  00:00:17 / Command:  00:00:09 / CPU:  00:00:12 / Memory: 845 MB (FLW-8100)
Information: CPU Load: 3%, Ram Free: 45 GB, Swap Free: 1 GB, Work Disk Free: 308 GB, Tmp Disk Free: 308 GB (MSG-3995)
----------------------------------------------------------------------------------------------------------
Information: Starting compile_fusion / logic_opto / Load Design (FLW-8000)
Information: Time: 2025-06-11 00:15:57 / Session:  00:00:17 / Command:  00:00:09 / CPU:  00:00:12 / Memory: 845 MB (FLW-8100)
Information: CPU Load: 3%, Ram Free: 45 GB, Swap Free: 1 GB, Work Disk Free: 308 GB, Tmp Disk Free: 308 GB (MSG-3995)
Information: Initializing core and die (AFP-1001)
Information: Initializing rows (AFP-1003)
Information: Initializing tracks (AFP-1004)
Information: Generated core area = 1273.125610 (AFP-2021)
Information: Generated core boundary = { {0 0} {0 35.4} {35.964 35.4} {35.964 0} } (AFP-2022)
Information: Change threshold for extractor is reset. (FLW-1300)
Information: The stitching and editing of coupling caps is turned OFF for design 'dut_toplevel.dlib:dut_toplevel/mcmm_and_logic_opto_full_general.design'. (TIM-125)
Information: Ending   compile_fusion / logic_opto / Load Design (FLW-8001)
Information: Time: 2025-06-11 00:15:58 / Session:  00:00:18 / Command:  00:00:10 / CPU:  00:00:15 / Memory: 940 MB (FLW-8100)
Information: CPU Load: 3%, Ram Free: 45 GB, Swap Free: 1 GB, Work Disk Free: 308 GB, Tmp Disk Free: 308 GB (MSG-3995)
Information: Starting compile_fusion / logic_opto / Clock Gate Re-structuring (FLW-8000)
Information: Time: 2025-06-11 00:15:58 / Session:  00:00:18 / Command:  00:00:10 / CPU:  00:00:15 / Memory: 940 MB (FLW-8100)
Information: CPU Load: 3%, Ram Free: 45 GB, Swap Free: 1 GB, Work Disk Free: 308 GB, Tmp Disk Free: 308 GB (MSG-3995)
Information: Result of compile_fusion / logic_opto / Clock Gate Re-structuring (FLW-8500)
Number of Pre-Existing Clock Gates with dont touch attribute: 0
Number of ICG library cells with CTS purpose: 19
--------------------------------------------------------------------------------
                          Tool Gated Register Summary                           
--------------------------------------------------------------------------------
Clock Gating Type                   | Number of   | Register Count | Equivalent 
                                    | Clock Gates |                | Bitwidth   
--------------------------------------------------------------------------------
Regular Clock Gating                |          11 |            319 |        319
--------------------------------------------------------------------------------
--------------------------------------------------------------------------------
                 Regular Clock Gating Ungated Register Summary                  
--------------------------------------------------------------------------------
 Ungated Reason                                            | Count | Bitwidth   
--------------------------------------------------------------------------------
 Enable is Constant One.                                   |     2 |        2
 Partial Minimum Bitwidth Not Met.                         |     7 |        7
--------------------------------------------------------------------------------
Information: Ending   compile_fusion / logic_opto / Clock Gate Re-structuring (FLW-8001)
Information: Time: 2025-06-11 00:15:58 / Session:  00:00:18 / Command:  00:00:10 / CPU:  00:00:15 / Memory: 952 MB (FLW-8100)
Information: CPU Load: 3%, Ram Free: 45 GB, Swap Free: 1 GB, Work Disk Free: 308 GB, Tmp Disk Free: 308 GB (MSG-3995)
Warning: Duplicate callback function set for step 'fc/logic_opto/dwProcessPrecond1' (FLW-2224)
Warning: Duplicate callback function set for step 'fc/logic_opto/dwProcessPrecond1' (FLW-2224)
Information: Starting compile_fusion / logic_opto / Optimization (1) (FLW-8000)
Information: Time: 2025-06-11 00:15:58 / Session:  00:00:18 / Command:  00:00:10 / CPU:  00:00:15 / Memory: 952 MB (FLW-8100)
Information: CPU Load: 3%, Ram Free: 45 GB, Swap Free: 1 GB, Work Disk Free: 308 GB, Tmp Disk Free: 308 GB (MSG-3995)
Information: The stitching and editing of coupling caps is turned OFF for design 'dut_toplevel.dlib:dut_toplevel/mcmm_and_logic_opto_full_general.design'. (TIM-125)
Information: Starting compile_fusion / logic_opto / Optimization (1) / Logic Simplification and Register Optimization (FLW-8000)
Information: Time: 2025-06-11 00:16:01 / Session:  00:00:21 / Command:  00:00:13 / CPU:  00:00:18 / Memory: 1034 MB (FLW-8100)
Information: CPU Load: 3%, Ram Free: 44 GB, Swap Free: 1 GB, Work Disk Free: 308 GB, Tmp Disk Free: 308 GB (MSG-3995)
Warning: Cannot infer functionality of libcell 'saed14rvt_ff0p88v125c/SAEDRVT14_FDNRBSBQ_V2_0P5' and will be excluded from sequential mapping. (SQM-1061)
Warning: Cannot infer functionality of libcell 'saed14rvt_ff0p88v125c/SAEDRVT14_FDNRBSBQ_V2_1' and will be excluded from sequential mapping. (SQM-1061)
Warning: Cannot infer functionality of libcell 'saed14rvt_ff0p88v125c/SAEDRVT14_FDNRBSBQ_V2_2' and will be excluded from sequential mapping. (SQM-1061)
Warning: Cannot infer functionality of libcell 'saed14rvt_ff0p88v125c/SAEDRVT14_FDNRBSBQ_V2_4' and will be excluded from sequential mapping. (SQM-1061)
Warning: Cannot infer functionality of libcell 'saed14rvt_ff0p88v125c/SAEDRVT14_FDPRBSBQ_V2_0P5' and will be excluded from sequential mapping. (SQM-1061)
Warning: Cannot infer functionality of libcell 'saed14rvt_ff0p88v125c/SAEDRVT14_FDPRBSBQ_V2_1' and will be excluded from sequential mapping. (SQM-1061)
Warning: Cannot infer functionality of libcell 'saed14rvt_ff0p88v125c/SAEDRVT14_FDPRBSBQ_V2_2' and will be excluded from sequential mapping. (SQM-1061)
Warning: Cannot infer functionality of libcell 'saed14rvt_ff0p88v125c/SAEDRVT14_FDPRBSBQ_V2_4' and will be excluded from sequential mapping. (SQM-1061)
Warning: Cannot infer functionality of libcell 'saed14rvt_ff0p88v125c/SAEDRVT14_FSDPRBSBQ_V2LP_0P5' and will be excluded from sequential mapping. (SQM-1061)
Warning: Cannot infer functionality of libcell 'saed14rvt_ff0p88v125c/SAEDRVT14_FSDPRBSBQ_V2LP_2' and will be excluded from sequential mapping. (SQM-1061)
Warning: Skipping check for single_bit_degenerate attribute on the multibit libcell 'saed14rvt_ff0p88v125c/SAEDRVT14_FSDN2_V2_0P5' since it is not a black-box. (SQM-1079)
Information: No single-bit representative was found for multibit lib cell 'saed14rvt_ff0p88v125c/SAEDRVT14_FSDN2_V2_0P5'. (SQM-2004)
Warning: Skipping check for single_bit_degenerate attribute on the multibit libcell 'saed14rvt_ff0p88v125c/SAEDRVT14_FSDN2_V2_1' since it is not a black-box. (SQM-1079)
Information: No single-bit representative was found for multibit lib cell 'saed14rvt_ff0p88v125c/SAEDRVT14_FSDN2_V2_1'. (SQM-2004)
Warning: Skipping check for single_bit_degenerate attribute on the multibit libcell 'saed14rvt_ff0p88v125c/SAEDRVT14_FSDN2_V2_2' since it is not a black-box. (SQM-1079)
Information: No single-bit representative was found for multibit lib cell 'saed14rvt_ff0p88v125c/SAEDRVT14_FSDN2_V2_2'. (SQM-2004)
Warning: Skipping check for single_bit_degenerate attribute on the multibit libcell 'saed14rvt_ff0p88v125c/SAEDRVT14_FSDN2_V2_4' since it is not a black-box. (SQM-1079)
Information: No single-bit representative was found for multibit lib cell 'saed14rvt_ff0p88v125c/SAEDRVT14_FSDN2_V2_4'. (SQM-2004)
Warning: Skipping check for single_bit_degenerate attribute on the multibit libcell 'saed14rvt_ff0p88v125c/SAEDRVT14_FSDN4_V2_0P5' since it is not a black-box. (SQM-1079)
Information: No single-bit representative was found for multibit lib cell 'saed14rvt_ff0p88v125c/SAEDRVT14_FSDN4_V2_0P5'. (SQM-2004)
Information: No single-bit representative was found for multibit lib cell 'saed14rvt_ff0p88v125c/SAEDRVT14_FSDN4_V2_1'. (SQM-2004)
Information: No single-bit representative was found for multibit lib cell 'saed14rvt_ff0p88v125c/SAEDRVT14_FSDN4_V2_2'. (SQM-2004)
Information: No single-bit representative was found for multibit lib cell 'saed14rvt_ff0p88v125c/SAEDRVT14_FSDN4_V2_4'. (SQM-2004)
Warning: Found 8 multibit sequential library cells that have missing/added attributes or have restrictions that prevent them from banking. (SQM-1053)
Information: 6 out of 16 SQM-1061 messages were not printed due to limit 10 (after 'compile_fusion' at task3_base.tcl:43) (MSG-3913)
Information: 3 out of 8 SQM-1079 messages were not printed due to limit 5 (after 'compile_fusion' at task3_base.tcl:43) (MSG-3913)
Information: Ending   compile_fusion / logic_opto / Optimization (1) / Logic Simplification and Register Optimization (FLW-8001)
Information: Time: 2025-06-11 00:16:01 / Session:  00:00:21 / Command:  00:00:13 / CPU:  00:00:18 / Memory: 1043 MB (FLW-8100)
Information: CPU Load: 3%, Ram Free: 44 GB, Swap Free: 1 GB, Work Disk Free: 308 GB, Tmp Disk Free: 308 GB (MSG-3995)
Warning: No clock routing rules were specified. Use set_clock_routing_rules to specify routing rules for accurate clock latency estimation. (OPT-902)
Warning: No clock routing rules were specified. Use set_clock_routing_rules to specify routing rules for accurate clock latency estimation. (OPT-902)
Information: Estimating clock gate latencies for scenario 'PowerSave_Slow'. (OPT-909)
Warning: No clock routing rules were specified. Use set_clock_routing_rules to specify routing rules for accurate clock latency estimation. (OPT-902)
Information: Estimating clock gate latencies for scenario 'Normal_Slow'. (OPT-909)
Warning: Cannot infer functionality of libcell 'saed14rvt_ff0p88v125c/SAEDRVT14_FDNRBSBQ_V2_0P5' and will be excluded from sequential mapping. (SQM-1061)
Warning: Cannot infer functionality of libcell 'saed14rvt_ff0p88v125c/SAEDRVT14_FDNRBSBQ_V2_1' and will be excluded from sequential mapping. (SQM-1061)
Warning: Cannot infer functionality of libcell 'saed14rvt_ff0p88v125c/SAEDRVT14_FDNRBSBQ_V2_2' and will be excluded from sequential mapping. (SQM-1061)
Warning: Cannot infer functionality of libcell 'saed14rvt_ff0p88v125c/SAEDRVT14_FDNRBSBQ_V2_4' and will be excluded from sequential mapping. (SQM-1061)
Warning: Cannot infer functionality of libcell 'saed14rvt_ff0p88v125c/SAEDRVT14_FDPRBSBQ_V2_0P5' and will be excluded from sequential mapping. (SQM-1061)
Warning: Cannot infer functionality of libcell 'saed14rvt_ff0p88v125c/SAEDRVT14_FDPRBSBQ_V2_1' and will be excluded from sequential mapping. (SQM-1061)
Warning: Cannot infer functionality of libcell 'saed14rvt_ff0p88v125c/SAEDRVT14_FDPRBSBQ_V2_2' and will be excluded from sequential mapping. (SQM-1061)
Warning: Cannot infer functionality of libcell 'saed14rvt_ff0p88v125c/SAEDRVT14_FDPRBSBQ_V2_4' and will be excluded from sequential mapping. (SQM-1061)
Warning: Cannot infer functionality of libcell 'saed14rvt_ff0p88v125c/SAEDRVT14_FSDPRBSBQ_V2LP_0P5' and will be excluded from sequential mapping. (SQM-1061)
Warning: Cannot infer functionality of libcell 'saed14rvt_ff0p88v125c/SAEDRVT14_FSDPRBSBQ_V2LP_2' and will be excluded from sequential mapping. (SQM-1061)
Warning: Skipping check for single_bit_degenerate attribute on the multibit libcell 'saed14rvt_ff0p88v125c/SAEDRVT14_FSDN2_V2_0P5' since it is not a black-box. (SQM-1079)
Information: No single-bit representative was found for multibit lib cell 'saed14rvt_ff0p88v125c/SAEDRVT14_FSDN2_V2_0P5'. (SQM-2004)
Warning: Skipping check for single_bit_degenerate attribute on the multibit libcell 'saed14rvt_ff0p88v125c/SAEDRVT14_FSDN2_V2_1' since it is not a black-box. (SQM-1079)
Information: No single-bit representative was found for multibit lib cell 'saed14rvt_ff0p88v125c/SAEDRVT14_FSDN2_V2_1'. (SQM-2004)
Warning: Skipping check for single_bit_degenerate attribute on the multibit libcell 'saed14rvt_ff0p88v125c/SAEDRVT14_FSDN2_V2_2' since it is not a black-box. (SQM-1079)
Information: No single-bit representative was found for multibit lib cell 'saed14rvt_ff0p88v125c/SAEDRVT14_FSDN2_V2_2'. (SQM-2004)
Warning: Skipping check for single_bit_degenerate attribute on the multibit libcell 'saed14rvt_ff0p88v125c/SAEDRVT14_FSDN2_V2_4' since it is not a black-box. (SQM-1079)
Information: No single-bit representative was found for multibit lib cell 'saed14rvt_ff0p88v125c/SAEDRVT14_FSDN2_V2_4'. (SQM-2004)
Warning: Skipping check for single_bit_degenerate attribute on the multibit libcell 'saed14rvt_ff0p88v125c/SAEDRVT14_FSDN4_V2_0P5' since it is not a black-box. (SQM-1079)
Information: No single-bit representative was found for multibit lib cell 'saed14rvt_ff0p88v125c/SAEDRVT14_FSDN4_V2_0P5'. (SQM-2004)
Information: No single-bit representative was found for multibit lib cell 'saed14rvt_ff0p88v125c/SAEDRVT14_FSDN4_V2_1'. (SQM-2004)
Information: No single-bit representative was found for multibit lib cell 'saed14rvt_ff0p88v125c/SAEDRVT14_FSDN4_V2_2'. (SQM-2004)
Information: No single-bit representative was found for multibit lib cell 'saed14rvt_ff0p88v125c/SAEDRVT14_FSDN4_V2_4'. (SQM-2004)
Warning: Found 8 multibit sequential library cells that have missing/added attributes or have restrictions that prevent them from banking. (SQM-1053)
Information: 6 out of 16 SQM-1061 messages were not printed due to limit 10 (after 'compile_fusion' at task3_base.tcl:43) (MSG-3913)
Information: 3 out of 8 SQM-1079 messages were not printed due to limit 5 (after 'compile_fusion' at task3_base.tcl:43) (MSG-3913)
Information: Starting compile_fusion / logic_opto / Optimization (1) / Timing Optimization and DesignWare Reselection (FLW-8000)
Information: Time: 2025-06-11 00:16:02 / Session:  00:00:22 / Command:  00:00:14 / CPU:  00:00:20 / Memory: 1075 MB (FLW-8100)
Information: CPU Load: 3%, Ram Free: 44 GB, Swap Free: 1 GB, Work Disk Free: 308 GB, Tmp Disk Free: 308 GB (MSG-3995)
Warning: Cannot infer functionality of libcell 'saed14rvt_ff0p88v125c/SAEDRVT14_FDNRBSBQ_V2_0P5' and will be excluded from sequential mapping. (SQM-1061)
Warning: Cannot infer functionality of libcell 'saed14rvt_ff0p88v125c/SAEDRVT14_FDNRBSBQ_V2_1' and will be excluded from sequential mapping. (SQM-1061)
Warning: Cannot infer functionality of libcell 'saed14rvt_ff0p88v125c/SAEDRVT14_FDNRBSBQ_V2_2' and will be excluded from sequential mapping. (SQM-1061)
Warning: Cannot infer functionality of libcell 'saed14rvt_ff0p88v125c/SAEDRVT14_FDNRBSBQ_V2_4' and will be excluded from sequential mapping. (SQM-1061)
Warning: Cannot infer functionality of libcell 'saed14rvt_ff0p88v125c/SAEDRVT14_FDPRBSBQ_V2_0P5' and will be excluded from sequential mapping. (SQM-1061)
Warning: Cannot infer functionality of libcell 'saed14rvt_ff0p88v125c/SAEDRVT14_FDPRBSBQ_V2_1' and will be excluded from sequential mapping. (SQM-1061)
Warning: Cannot infer functionality of libcell 'saed14rvt_ff0p88v125c/SAEDRVT14_FDPRBSBQ_V2_2' and will be excluded from sequential mapping. (SQM-1061)
Warning: Cannot infer functionality of libcell 'saed14rvt_ff0p88v125c/SAEDRVT14_FDPRBSBQ_V2_4' and will be excluded from sequential mapping. (SQM-1061)
Warning: Cannot infer functionality of libcell 'saed14rvt_ff0p88v125c/SAEDRVT14_FSDPRBSBQ_V2LP_0P5' and will be excluded from sequential mapping. (SQM-1061)
Warning: Cannot infer functionality of libcell 'saed14rvt_ff0p88v125c/SAEDRVT14_FSDPRBSBQ_V2LP_2' and will be excluded from sequential mapping. (SQM-1061)
Warning: Skipping check for single_bit_degenerate attribute on the multibit libcell 'saed14rvt_ff0p88v125c/SAEDRVT14_FSDN2_V2_0P5' since it is not a black-box. (SQM-1079)
Information: No single-bit representative was found for multibit lib cell 'saed14rvt_ff0p88v125c/SAEDRVT14_FSDN2_V2_0P5'. (SQM-2004)
Warning: Skipping check for single_bit_degenerate attribute on the multibit libcell 'saed14rvt_ff0p88v125c/SAEDRVT14_FSDN2_V2_1' since it is not a black-box. (SQM-1079)
Information: No single-bit representative was found for multibit lib cell 'saed14rvt_ff0p88v125c/SAEDRVT14_FSDN2_V2_1'. (SQM-2004)
Warning: Skipping check for single_bit_degenerate attribute on the multibit libcell 'saed14rvt_ff0p88v125c/SAEDRVT14_FSDN2_V2_2' since it is not a black-box. (SQM-1079)
Information: No single-bit representative was found for multibit lib cell 'saed14rvt_ff0p88v125c/SAEDRVT14_FSDN2_V2_2'. (SQM-2004)
Warning: Skipping check for single_bit_degenerate attribute on the multibit libcell 'saed14rvt_ff0p88v125c/SAEDRVT14_FSDN2_V2_4' since it is not a black-box. (SQM-1079)
Information: No single-bit representative was found for multibit lib cell 'saed14rvt_ff0p88v125c/SAEDRVT14_FSDN2_V2_4'. (SQM-2004)
Warning: Skipping check for single_bit_degenerate attribute on the multibit libcell 'saed14rvt_ff0p88v125c/SAEDRVT14_FSDN4_V2_0P5' since it is not a black-box. (SQM-1079)
Information: No single-bit representative was found for multibit lib cell 'saed14rvt_ff0p88v125c/SAEDRVT14_FSDN4_V2_0P5'. (SQM-2004)
Information: No single-bit representative was found for multibit lib cell 'saed14rvt_ff0p88v125c/SAEDRVT14_FSDN4_V2_1'. (SQM-2004)
Information: No single-bit representative was found for multibit lib cell 'saed14rvt_ff0p88v125c/SAEDRVT14_FSDN4_V2_2'. (SQM-2004)
Information: No single-bit representative was found for multibit lib cell 'saed14rvt_ff0p88v125c/SAEDRVT14_FSDN4_V2_4'. (SQM-2004)
Warning: Found 8 multibit sequential library cells that have missing/added attributes or have restrictions that prevent them from banking. (SQM-1053)
Information: No single-bit representative was found for multibit lib cell 'saed14rvt_ff0p88v125c/SAEDRVT14_FSDN2_V2_0P5'. (SQM-2004)
Information: No single-bit representative was found for multibit lib cell 'saed14rvt_ff0p88v125c/SAEDRVT14_FSDN2_V2_1'. (SQM-2004)
Warning: Found 8 multibit sequential library cells that have missing/added attributes or have restrictions that prevent them from banking. (SQM-1053)
Warning: Found 8 multibit sequential library cells that have missing/added attributes or have restrictions that prevent them from banking. (SQM-1053)
Warning: Found 8 multibit sequential library cells that have missing/added attributes or have restrictions that prevent them from banking. (SQM-1053)
Warning: Found 8 multibit sequential library cells that have missing/added attributes or have restrictions that prevent them from banking. (SQM-1053)
Warning: Found 8 multibit sequential library cells that have missing/added attributes or have restrictions that prevent them from banking. (SQM-1053)
Warning: Found 8 multibit sequential library cells that have missing/added attributes or have restrictions that prevent them from banking. (SQM-1053)
Warning: Found 8 multibit sequential library cells that have missing/added attributes or have restrictions that prevent them from banking. (SQM-1053)
Warning: Found 8 multibit sequential library cells that have missing/added attributes or have restrictions that prevent them from banking. (SQM-1053)
Warning: Found 8 multibit sequential library cells that have missing/added attributes or have restrictions that prevent them from banking. (SQM-1053)
Information: 2 out of 12 SQM-1053 messages were not printed due to limit 10 (after 'compile_fusion' at task3_base.tcl:43) (MSG-3913)
Information: 182 out of 192 SQM-1061 messages were not printed due to limit 10 (after 'compile_fusion' at task3_base.tcl:43) (MSG-3913)
Information: 91 out of 96 SQM-1079 messages were not printed due to limit 5 (after 'compile_fusion' at task3_base.tcl:43) (MSG-3913)
Information: 86 out of 96 SQM-2004 messages were not printed due to limit 10 (after 'compile_fusion' at task3_base.tcl:43) (MSG-3913)
Information: Ending   compile_fusion / logic_opto / Optimization (1) / Timing Optimization and DesignWare Reselection (FLW-8001)
Information: Time: 2025-06-11 00:16:04 / Session:  00:00:24 / Command:  00:00:16 / CPU:  00:00:23 / Memory: 1427 MB (FLW-8100)
Information: CPU Load: 3%, Ram Free: 44 GB, Swap Free: 1 GB, Work Disk Free: 308 GB, Tmp Disk Free: 308 GB (MSG-3995)
Information: Ending   compile_fusion / logic_opto / Optimization (1) (FLW-8001)
Information: Time: 2025-06-11 00:16:04 / Session:  00:00:24 / Command:  00:00:16 / CPU:  00:00:23 / Memory: 1427 MB (FLW-8100)
Information: CPU Load: 3%, Ram Free: 44 GB, Swap Free: 1 GB, Work Disk Free: 308 GB, Tmp Disk Free: 308 GB (MSG-3995)
Information: Starting compile_fusion / logic_opto / Register Retiming (FLW-8000)
Information: Time: 2025-06-11 00:16:04 / Session:  00:00:24 / Command:  00:00:16 / CPU:  00:00:23 / Memory: 1427 MB (FLW-8100)
Information: CPU Load: 3%, Ram Free: 44 GB, Swap Free: 1 GB, Work Disk Free: 308 GB, Tmp Disk Free: 308 GB (MSG-3995)
Warning: Cannot infer functionality of libcell 'saed14rvt_ff0p88v125c/SAEDRVT14_FDNRBSBQ_V2_0P5' and will be excluded from sequential mapping. (SQM-1061)
Warning: Cannot infer functionality of libcell 'saed14rvt_ff0p88v125c/SAEDRVT14_FDNRBSBQ_V2_1' and will be excluded from sequential mapping. (SQM-1061)
Warning: Cannot infer functionality of libcell 'saed14rvt_ff0p88v125c/SAEDRVT14_FDNRBSBQ_V2_2' and will be excluded from sequential mapping. (SQM-1061)
Warning: Cannot infer functionality of libcell 'saed14rvt_ff0p88v125c/SAEDRVT14_FDNRBSBQ_V2_4' and will be excluded from sequential mapping. (SQM-1061)
Warning: Cannot infer functionality of libcell 'saed14rvt_ff0p88v125c/SAEDRVT14_FDPRBSBQ_V2_0P5' and will be excluded from sequential mapping. (SQM-1061)
Warning: Cannot infer functionality of libcell 'saed14rvt_ff0p88v125c/SAEDRVT14_FDPRBSBQ_V2_1' and will be excluded from sequential mapping. (SQM-1061)
Warning: Cannot infer functionality of libcell 'saed14rvt_ff0p88v125c/SAEDRVT14_FDPRBSBQ_V2_2' and will be excluded from sequential mapping. (SQM-1061)
Warning: Cannot infer functionality of libcell 'saed14rvt_ff0p88v125c/SAEDRVT14_FDPRBSBQ_V2_4' and will be excluded from sequential mapping. (SQM-1061)
Warning: Cannot infer functionality of libcell 'saed14rvt_ff0p88v125c/SAEDRVT14_FSDPRBSBQ_V2LP_0P5' and will be excluded from sequential mapping. (SQM-1061)
Warning: Cannot infer functionality of libcell 'saed14rvt_ff0p88v125c/SAEDRVT14_FSDPRBSBQ_V2LP_2' and will be excluded from sequential mapping. (SQM-1061)
Warning: Skipping check for single_bit_degenerate attribute on the multibit libcell 'saed14rvt_ff0p88v125c/SAEDRVT14_FSDN2_V2_0P5' since it is not a black-box. (SQM-1079)
Information: No single-bit representative was found for multibit lib cell 'saed14rvt_ff0p88v125c/SAEDRVT14_FSDN2_V2_0P5'. (SQM-2004)
Warning: Skipping check for single_bit_degenerate attribute on the multibit libcell 'saed14rvt_ff0p88v125c/SAEDRVT14_FSDN2_V2_1' since it is not a black-box. (SQM-1079)
Information: No single-bit representative was found for multibit lib cell 'saed14rvt_ff0p88v125c/SAEDRVT14_FSDN2_V2_1'. (SQM-2004)
Warning: Skipping check for single_bit_degenerate attribute on the multibit libcell 'saed14rvt_ff0p88v125c/SAEDRVT14_FSDN2_V2_2' since it is not a black-box. (SQM-1079)
Information: No single-bit representative was found for multibit lib cell 'saed14rvt_ff0p88v125c/SAEDRVT14_FSDN2_V2_2'. (SQM-2004)
Warning: Skipping check for single_bit_degenerate attribute on the multibit libcell 'saed14rvt_ff0p88v125c/SAEDRVT14_FSDN2_V2_4' since it is not a black-box. (SQM-1079)
Information: No single-bit representative was found for multibit lib cell 'saed14rvt_ff0p88v125c/SAEDRVT14_FSDN2_V2_4'. (SQM-2004)
Warning: Skipping check for single_bit_degenerate attribute on the multibit libcell 'saed14rvt_ff0p88v125c/SAEDRVT14_FSDN4_V2_0P5' since it is not a black-box. (SQM-1079)
Information: No single-bit representative was found for multibit lib cell 'saed14rvt_ff0p88v125c/SAEDRVT14_FSDN4_V2_0P5'. (SQM-2004)
Information: No single-bit representative was found for multibit lib cell 'saed14rvt_ff0p88v125c/SAEDRVT14_FSDN4_V2_1'. (SQM-2004)
Information: No single-bit representative was found for multibit lib cell 'saed14rvt_ff0p88v125c/SAEDRVT14_FSDN4_V2_2'. (SQM-2004)
Information: No single-bit representative was found for multibit lib cell 'saed14rvt_ff0p88v125c/SAEDRVT14_FSDN4_V2_4'. (SQM-2004)
Warning: Found 8 multibit sequential library cells that have missing/added attributes or have restrictions that prevent them from banking. (SQM-1053)
Information: 6 out of 16 SQM-1061 messages were not printed due to limit 10 (after 'compile_fusion' at task3_base.tcl:43) (MSG-3913)
Information: 3 out of 8 SQM-1079 messages were not printed due to limit 5 (after 'compile_fusion' at task3_base.tcl:43) (MSG-3913)
Warning: Cannot infer functionality of libcell 'saed14rvt_ff0p88v125c/SAEDRVT14_FDNRBSBQ_V2_0P5' and will be excluded from sequential mapping. (SQM-1061)
Warning: Cannot infer functionality of libcell 'saed14rvt_ff0p88v125c/SAEDRVT14_FDNRBSBQ_V2_1' and will be excluded from sequential mapping. (SQM-1061)
Warning: Cannot infer functionality of libcell 'saed14rvt_ff0p88v125c/SAEDRVT14_FDNRBSBQ_V2_2' and will be excluded from sequential mapping. (SQM-1061)
Warning: Cannot infer functionality of libcell 'saed14rvt_ff0p88v125c/SAEDRVT14_FDNRBSBQ_V2_4' and will be excluded from sequential mapping. (SQM-1061)
Warning: Cannot infer functionality of libcell 'saed14rvt_ff0p88v125c/SAEDRVT14_FDPRBSBQ_V2_0P5' and will be excluded from sequential mapping. (SQM-1061)
Warning: Cannot infer functionality of libcell 'saed14rvt_ff0p88v125c/SAEDRVT14_FDPRBSBQ_V2_1' and will be excluded from sequential mapping. (SQM-1061)
Warning: Cannot infer functionality of libcell 'saed14rvt_ff0p88v125c/SAEDRVT14_FDPRBSBQ_V2_2' and will be excluded from sequential mapping. (SQM-1061)
Warning: Cannot infer functionality of libcell 'saed14rvt_ff0p88v125c/SAEDRVT14_FDPRBSBQ_V2_4' and will be excluded from sequential mapping. (SQM-1061)
Warning: Cannot infer functionality of libcell 'saed14rvt_ff0p88v125c/SAEDRVT14_FSDPRBSBQ_V2LP_0P5' and will be excluded from sequential mapping. (SQM-1061)
Warning: Cannot infer functionality of libcell 'saed14rvt_ff0p88v125c/SAEDRVT14_FSDPRBSBQ_V2LP_2' and will be excluded from sequential mapping. (SQM-1061)
Warning: Skipping check for single_bit_degenerate attribute on the multibit libcell 'saed14rvt_ff0p88v125c/SAEDRVT14_FSDN2_V2_0P5' since it is not a black-box. (SQM-1079)
Information: No single-bit representative was found for multibit lib cell 'saed14rvt_ff0p88v125c/SAEDRVT14_FSDN2_V2_0P5'. (SQM-2004)
Warning: Skipping check for single_bit_degenerate attribute on the multibit libcell 'saed14rvt_ff0p88v125c/SAEDRVT14_FSDN2_V2_1' since it is not a black-box. (SQM-1079)
Information: No single-bit representative was found for multibit lib cell 'saed14rvt_ff0p88v125c/SAEDRVT14_FSDN2_V2_1'. (SQM-2004)
Warning: Skipping check for single_bit_degenerate attribute on the multibit libcell 'saed14rvt_ff0p88v125c/SAEDRVT14_FSDN2_V2_2' since it is not a black-box. (SQM-1079)
Information: No single-bit representative was found for multibit lib cell 'saed14rvt_ff0p88v125c/SAEDRVT14_FSDN2_V2_2'. (SQM-2004)
Warning: Skipping check for single_bit_degenerate attribute on the multibit libcell 'saed14rvt_ff0p88v125c/SAEDRVT14_FSDN2_V2_4' since it is not a black-box. (SQM-1079)
Information: No single-bit representative was found for multibit lib cell 'saed14rvt_ff0p88v125c/SAEDRVT14_FSDN2_V2_4'. (SQM-2004)
Warning: Skipping check for single_bit_degenerate attribute on the multibit libcell 'saed14rvt_ff0p88v125c/SAEDRVT14_FSDN4_V2_0P5' since it is not a black-box. (SQM-1079)
Information: No single-bit representative was found for multibit lib cell 'saed14rvt_ff0p88v125c/SAEDRVT14_FSDN4_V2_0P5'. (SQM-2004)
Information: No single-bit representative was found for multibit lib cell 'saed14rvt_ff0p88v125c/SAEDRVT14_FSDN4_V2_1'. (SQM-2004)
Information: No single-bit representative was found for multibit lib cell 'saed14rvt_ff0p88v125c/SAEDRVT14_FSDN4_V2_2'. (SQM-2004)
Information: No single-bit representative was found for multibit lib cell 'saed14rvt_ff0p88v125c/SAEDRVT14_FSDN4_V2_4'. (SQM-2004)
Warning: Found 8 multibit sequential library cells that have missing/added attributes or have restrictions that prevent them from banking. (SQM-1053)
Information: 6 out of 16 SQM-1061 messages were not printed due to limit 10 (after 'compile_fusion' at task3_base.tcl:43) (MSG-3913)
Information: 3 out of 8 SQM-1079 messages were not printed due to limit 5 (after 'compile_fusion' at task3_base.tcl:43) (MSG-3913)
Warning: Cannot infer functionality of libcell 'saed14rvt_ff0p88v125c/SAEDRVT14_FDNRBSBQ_V2_0P5' and will be excluded from sequential mapping. (SQM-1061)
Warning: Cannot infer functionality of libcell 'saed14rvt_ff0p88v125c/SAEDRVT14_FDNRBSBQ_V2_1' and will be excluded from sequential mapping. (SQM-1061)
Warning: Cannot infer functionality of libcell 'saed14rvt_ff0p88v125c/SAEDRVT14_FDNRBSBQ_V2_2' and will be excluded from sequential mapping. (SQM-1061)
Warning: Cannot infer functionality of libcell 'saed14rvt_ff0p88v125c/SAEDRVT14_FDNRBSBQ_V2_4' and will be excluded from sequential mapping. (SQM-1061)
Warning: Cannot infer functionality of libcell 'saed14rvt_ff0p88v125c/SAEDRVT14_FDPRBSBQ_V2_0P5' and will be excluded from sequential mapping. (SQM-1061)
Warning: Cannot infer functionality of libcell 'saed14rvt_ff0p88v125c/SAEDRVT14_FDPRBSBQ_V2_1' and will be excluded from sequential mapping. (SQM-1061)
Warning: Cannot infer functionality of libcell 'saed14rvt_ff0p88v125c/SAEDRVT14_FDPRBSBQ_V2_2' and will be excluded from sequential mapping. (SQM-1061)
Warning: Cannot infer functionality of libcell 'saed14rvt_ff0p88v125c/SAEDRVT14_FDPRBSBQ_V2_4' and will be excluded from sequential mapping. (SQM-1061)
Warning: Cannot infer functionality of libcell 'saed14rvt_ff0p88v125c/SAEDRVT14_FSDPRBSBQ_V2LP_0P5' and will be excluded from sequential mapping. (SQM-1061)
Warning: Cannot infer functionality of libcell 'saed14rvt_ff0p88v125c/SAEDRVT14_FSDPRBSBQ_V2LP_2' and will be excluded from sequential mapping. (SQM-1061)
Warning: Skipping check for single_bit_degenerate attribute on the multibit libcell 'saed14rvt_ff0p88v125c/SAEDRVT14_FSDN2_V2_0P5' since it is not a black-box. (SQM-1079)
Information: No single-bit representative was found for multibit lib cell 'saed14rvt_ff0p88v125c/SAEDRVT14_FSDN2_V2_0P5'. (SQM-2004)
Warning: Skipping check for single_bit_degenerate attribute on the multibit libcell 'saed14rvt_ff0p88v125c/SAEDRVT14_FSDN2_V2_1' since it is not a black-box. (SQM-1079)
Information: No single-bit representative was found for multibit lib cell 'saed14rvt_ff0p88v125c/SAEDRVT14_FSDN2_V2_1'. (SQM-2004)
Warning: Skipping check for single_bit_degenerate attribute on the multibit libcell 'saed14rvt_ff0p88v125c/SAEDRVT14_FSDN2_V2_2' since it is not a black-box. (SQM-1079)
Information: No single-bit representative was found for multibit lib cell 'saed14rvt_ff0p88v125c/SAEDRVT14_FSDN2_V2_2'. (SQM-2004)
Warning: Skipping check for single_bit_degenerate attribute on the multibit libcell 'saed14rvt_ff0p88v125c/SAEDRVT14_FSDN2_V2_4' since it is not a black-box. (SQM-1079)
Information: No single-bit representative was found for multibit lib cell 'saed14rvt_ff0p88v125c/SAEDRVT14_FSDN2_V2_4'. (SQM-2004)
Warning: Skipping check for single_bit_degenerate attribute on the multibit libcell 'saed14rvt_ff0p88v125c/SAEDRVT14_FSDN4_V2_0P5' since it is not a black-box. (SQM-1079)
Information: No single-bit representative was found for multibit lib cell 'saed14rvt_ff0p88v125c/SAEDRVT14_FSDN4_V2_0P5'. (SQM-2004)
Information: No single-bit representative was found for multibit lib cell 'saed14rvt_ff0p88v125c/SAEDRVT14_FSDN4_V2_1'. (SQM-2004)
Information: No single-bit representative was found for multibit lib cell 'saed14rvt_ff0p88v125c/SAEDRVT14_FSDN4_V2_2'. (SQM-2004)
Information: No single-bit representative was found for multibit lib cell 'saed14rvt_ff0p88v125c/SAEDRVT14_FSDN4_V2_4'. (SQM-2004)
Warning: Found 8 multibit sequential library cells that have missing/added attributes or have restrictions that prevent them from banking. (SQM-1053)
Information: Result of compile_fusion / logic_opto / Register Retiming (FLW-8500)
Information: No instance marked for retiming. (RTM-1031)
Information: 6 out of 16 SQM-1061 messages were not printed due to limit 10 (after 'compile_fusion' at task3_base.tcl:43) (MSG-3913)
Information: 3 out of 8 SQM-1079 messages were not printed due to limit 5 (after 'compile_fusion' at task3_base.tcl:43) (MSG-3913)
Warning: Cannot infer functionality of libcell 'saed14rvt_ff0p88v125c/SAEDRVT14_FDNRBSBQ_V2_0P5' and will be excluded from sequential mapping. (SQM-1061)
Warning: Cannot infer functionality of libcell 'saed14rvt_ff0p88v125c/SAEDRVT14_FDNRBSBQ_V2_1' and will be excluded from sequential mapping. (SQM-1061)
Warning: Cannot infer functionality of libcell 'saed14rvt_ff0p88v125c/SAEDRVT14_FDNRBSBQ_V2_2' and will be excluded from sequential mapping. (SQM-1061)
Warning: Cannot infer functionality of libcell 'saed14rvt_ff0p88v125c/SAEDRVT14_FDNRBSBQ_V2_4' and will be excluded from sequential mapping. (SQM-1061)
Warning: Cannot infer functionality of libcell 'saed14rvt_ff0p88v125c/SAEDRVT14_FDPRBSBQ_V2_0P5' and will be excluded from sequential mapping. (SQM-1061)
Warning: Cannot infer functionality of libcell 'saed14rvt_ff0p88v125c/SAEDRVT14_FDPRBSBQ_V2_1' and will be excluded from sequential mapping. (SQM-1061)
Warning: Cannot infer functionality of libcell 'saed14rvt_ff0p88v125c/SAEDRVT14_FDPRBSBQ_V2_2' and will be excluded from sequential mapping. (SQM-1061)
Warning: Cannot infer functionality of libcell 'saed14rvt_ff0p88v125c/SAEDRVT14_FDPRBSBQ_V2_4' and will be excluded from sequential mapping. (SQM-1061)
Warning: Cannot infer functionality of libcell 'saed14rvt_ff0p88v125c/SAEDRVT14_FSDPRBSBQ_V2LP_0P5' and will be excluded from sequential mapping. (SQM-1061)
Warning: Cannot infer functionality of libcell 'saed14rvt_ff0p88v125c/SAEDRVT14_FSDPRBSBQ_V2LP_2' and will be excluded from sequential mapping. (SQM-1061)
Warning: Skipping check for single_bit_degenerate attribute on the multibit libcell 'saed14rvt_ff0p88v125c/SAEDRVT14_FSDN2_V2_0P5' since it is not a black-box. (SQM-1079)
Information: No single-bit representative was found for multibit lib cell 'saed14rvt_ff0p88v125c/SAEDRVT14_FSDN2_V2_0P5'. (SQM-2004)
Warning: Skipping check for single_bit_degenerate attribute on the multibit libcell 'saed14rvt_ff0p88v125c/SAEDRVT14_FSDN2_V2_1' since it is not a black-box. (SQM-1079)
Information: No single-bit representative was found for multibit lib cell 'saed14rvt_ff0p88v125c/SAEDRVT14_FSDN2_V2_1'. (SQM-2004)
Warning: Skipping check for single_bit_degenerate attribute on the multibit libcell 'saed14rvt_ff0p88v125c/SAEDRVT14_FSDN2_V2_2' since it is not a black-box. (SQM-1079)
Information: No single-bit representative was found for multibit lib cell 'saed14rvt_ff0p88v125c/SAEDRVT14_FSDN2_V2_2'. (SQM-2004)
Warning: Skipping check for single_bit_degenerate attribute on the multibit libcell 'saed14rvt_ff0p88v125c/SAEDRVT14_FSDN2_V2_4' since it is not a black-box. (SQM-1079)
Information: No single-bit representative was found for multibit lib cell 'saed14rvt_ff0p88v125c/SAEDRVT14_FSDN2_V2_4'. (SQM-2004)
Warning: Skipping check for single_bit_degenerate attribute on the multibit libcell 'saed14rvt_ff0p88v125c/SAEDRVT14_FSDN4_V2_0P5' since it is not a black-box. (SQM-1079)
Information: No single-bit representative was found for multibit lib cell 'saed14rvt_ff0p88v125c/SAEDRVT14_FSDN4_V2_0P5'. (SQM-2004)
Information: No single-bit representative was found for multibit lib cell 'saed14rvt_ff0p88v125c/SAEDRVT14_FSDN4_V2_1'. (SQM-2004)
Information: No single-bit representative was found for multibit lib cell 'saed14rvt_ff0p88v125c/SAEDRVT14_FSDN4_V2_2'. (SQM-2004)
Information: No single-bit representative was found for multibit lib cell 'saed14rvt_ff0p88v125c/SAEDRVT14_FSDN4_V2_4'. (SQM-2004)
Warning: Found 8 multibit sequential library cells that have missing/added attributes or have restrictions that prevent them from banking. (SQM-1053)
Information: 6 out of 16 SQM-1061 messages were not printed due to limit 10 (after 'compile_fusion' at task3_base.tcl:43) (MSG-3913)
Information: 3 out of 8 SQM-1079 messages were not printed due to limit 5 (after 'compile_fusion' at task3_base.tcl:43) (MSG-3913)
Information: Ending   compile_fusion / logic_opto / Register Retiming (FLW-8001)
Information: Time: 2025-06-11 00:16:12 / Session:  00:00:32 / Command:  00:00:24 / CPU:  00:00:31 / Memory: 1427 MB (FLW-8100)
Information: CPU Load: 4%, Ram Free: 44 GB, Swap Free: 1 GB, Work Disk Free: 308 GB, Tmp Disk Free: 308 GB (MSG-3995)
Warning: Cannot infer functionality of libcell 'saed14rvt_ff0p88v125c/SAEDRVT14_FDNRBSBQ_V2_0P5' and will be excluded from sequential mapping. (SQM-1061)
Warning: Cannot infer functionality of libcell 'saed14rvt_ff0p88v125c/SAEDRVT14_FDNRBSBQ_V2_1' and will be excluded from sequential mapping. (SQM-1061)
Warning: Cannot infer functionality of libcell 'saed14rvt_ff0p88v125c/SAEDRVT14_FDNRBSBQ_V2_2' and will be excluded from sequential mapping. (SQM-1061)
Warning: Cannot infer functionality of libcell 'saed14rvt_ff0p88v125c/SAEDRVT14_FDNRBSBQ_V2_4' and will be excluded from sequential mapping. (SQM-1061)
Warning: Cannot infer functionality of libcell 'saed14rvt_ff0p88v125c/SAEDRVT14_FDPRBSBQ_V2_0P5' and will be excluded from sequential mapping. (SQM-1061)
Warning: Cannot infer functionality of libcell 'saed14rvt_ff0p88v125c/SAEDRVT14_FDPRBSBQ_V2_1' and will be excluded from sequential mapping. (SQM-1061)
Warning: Cannot infer functionality of libcell 'saed14rvt_ff0p88v125c/SAEDRVT14_FDPRBSBQ_V2_2' and will be excluded from sequential mapping. (SQM-1061)
Warning: Cannot infer functionality of libcell 'saed14rvt_ff0p88v125c/SAEDRVT14_FDPRBSBQ_V2_4' and will be excluded from sequential mapping. (SQM-1061)
Warning: Cannot infer functionality of libcell 'saed14rvt_ff0p88v125c/SAEDRVT14_FSDPRBSBQ_V2LP_0P5' and will be excluded from sequential mapping. (SQM-1061)
Warning: Cannot infer functionality of libcell 'saed14rvt_ff0p88v125c/SAEDRVT14_FSDPRBSBQ_V2LP_2' and will be excluded from sequential mapping. (SQM-1061)
Warning: Skipping check for single_bit_degenerate attribute on the multibit libcell 'saed14rvt_ff0p88v125c/SAEDRVT14_FSDN2_V2_0P5' since it is not a black-box. (SQM-1079)
Information: No single-bit representative was found for multibit lib cell 'saed14rvt_ff0p88v125c/SAEDRVT14_FSDN2_V2_0P5'. (SQM-2004)
Warning: Skipping check for single_bit_degenerate attribute on the multibit libcell 'saed14rvt_ff0p88v125c/SAEDRVT14_FSDN2_V2_1' since it is not a black-box. (SQM-1079)
Information: No single-bit representative was found for multibit lib cell 'saed14rvt_ff0p88v125c/SAEDRVT14_FSDN2_V2_1'. (SQM-2004)
Warning: Skipping check for single_bit_degenerate attribute on the multibit libcell 'saed14rvt_ff0p88v125c/SAEDRVT14_FSDN2_V2_2' since it is not a black-box. (SQM-1079)
Information: No single-bit representative was found for multibit lib cell 'saed14rvt_ff0p88v125c/SAEDRVT14_FSDN2_V2_2'. (SQM-2004)
Warning: Skipping check for single_bit_degenerate attribute on the multibit libcell 'saed14rvt_ff0p88v125c/SAEDRVT14_FSDN2_V2_4' since it is not a black-box. (SQM-1079)
Information: No single-bit representative was found for multibit lib cell 'saed14rvt_ff0p88v125c/SAEDRVT14_FSDN2_V2_4'. (SQM-2004)
Warning: Skipping check for single_bit_degenerate attribute on the multibit libcell 'saed14rvt_ff0p88v125c/SAEDRVT14_FSDN4_V2_0P5' since it is not a black-box. (SQM-1079)
Information: No single-bit representative was found for multibit lib cell 'saed14rvt_ff0p88v125c/SAEDRVT14_FSDN4_V2_0P5'. (SQM-2004)
Information: No single-bit representative was found for multibit lib cell 'saed14rvt_ff0p88v125c/SAEDRVT14_FSDN4_V2_1'. (SQM-2004)
Information: No single-bit representative was found for multibit lib cell 'saed14rvt_ff0p88v125c/SAEDRVT14_FSDN4_V2_2'. (SQM-2004)
Information: No single-bit representative was found for multibit lib cell 'saed14rvt_ff0p88v125c/SAEDRVT14_FSDN4_V2_4'. (SQM-2004)
Warning: Found 8 multibit sequential library cells that have missing/added attributes or have restrictions that prevent them from banking. (SQM-1053)
Information: Register Bits Before Sharing = 0, After Sharing = 0, Savings = 0 (SQM-2000)
Information: 6 out of 16 SQM-1061 messages were not printed due to limit 10 (after 'compile_fusion' at task3_base.tcl:43) (MSG-3913)
Information: 3 out of 8 SQM-1079 messages were not printed due to limit 5 (after 'compile_fusion' at task3_base.tcl:43) (MSG-3913)
Information: Starting compile_fusion / logic_opto / Optimization (2) (FLW-8000)
Information: Time: 2025-06-11 00:16:14 / Session:  00:00:35 / Command:  00:00:27 / CPU:  00:00:34 / Memory: 1427 MB (FLW-8100)
Information: CPU Load: 5%, Ram Free: 44 GB, Swap Free: 1 GB, Work Disk Free: 308 GB, Tmp Disk Free: 308 GB (MSG-3995)
Warning: No clock routing rules were specified. Use set_clock_routing_rules to specify routing rules for accurate clock latency estimation. (OPT-902)
Warning: No clock routing rules were specified. Use set_clock_routing_rules to specify routing rules for accurate clock latency estimation. (OPT-902)
Information: Estimating clock gate latencies for scenario 'PowerSave_Slow'. (OPT-909)
Warning: No clock routing rules were specified. Use set_clock_routing_rules to specify routing rules for accurate clock latency estimation. (OPT-902)
Information: Estimating clock gate latencies for scenario 'Normal_Slow'. (OPT-909)
Information: Ending   compile_fusion / logic_opto / Optimization (2) (FLW-8001)
Information: Time: 2025-06-11 00:16:16 / Session:  00:00:36 / Command:  00:00:28 / CPU:  00:00:36 / Memory: 1427 MB (FLW-8100)
Information: CPU Load: 5%, Ram Free: 44 GB, Swap Free: 1 GB, Work Disk Free: 308 GB, Tmp Disk Free: 308 GB (MSG-3995)
Information: Starting compile_fusion / logic_opto / Auto-Floorplan (1) (FLW-8000)
Information: Time: 2025-06-11 00:16:16 / Session:  00:00:36 / Command:  00:00:28 / CPU:  00:00:36 / Memory: 1427 MB (FLW-8100)
Information: CPU Load: 5%, Ram Free: 44 GB, Swap Free: 1 GB, Work Disk Free: 308 GB, Tmp Disk Free: 308 GB (MSG-3995)
Information: Initializing core and die (AFP-1001)
Information: Initializing rows (AFP-1003)
Information: Initializing tracks (AFP-1004)
Information: Generated core area = 1267.886353 (AFP-2021)
Information: Generated core boundary = { {0 0} {0 35.4} {35.816 35.4} {35.816 0} } (AFP-2022)
Information: Shaping unshaped voltage areas (AFP-1011)
Information: Placing unplaced pins (AFP-1007)
Warning: found large number of corner keepout wiretracks on side 2 of block dut_toplevel on layer MRDL and there is no enough wire tracks available on this side (DPPA-096)
Warning: found large number of corner keepout wiretracks on side 4 of block dut_toplevel on layer MRDL and there is no enough wire tracks available on this side (DPPA-096)
Information: Result of compile_fusion / logic_opto / Auto-Floorplan (1) (FLW-8500)
Information: Auto-Floorplan Summary (AFP-2023)
-------------------------------------------------------------------------------
              origin           area     boundary
core  auto-floorplan        1267.89   { {0 0} {0 35.4} {35.816 35.4} {35.816 0} }
die   auto-floorplan        1267.89   { {0 0} {0 35.4} {35.816 35.4} {35.816 0} }
-------------------------------------------------------------------------------

-------------------------------------------------------------------------------
objects             total        candidates          modified         preserved                 
voltage areas           0                 0                 0                 0
ios                     0                 0                 0                 0
macros                  0                 0                 0                 0
pins                  170               170               170                 0
-------------------------------------------------------------------------------
Information: Ending   compile_fusion / logic_opto / Auto-Floorplan (1) (FLW-8001)
Information: Time: 2025-06-11 00:16:16 / Session:  00:00:36 / Command:  00:00:28 / CPU:  00:00:36 / Memory: 1427 MB (FLW-8100)
Information: CPU Load: 5%, Ram Free: 44 GB, Swap Free: 1 GB, Work Disk Free: 308 GB, Tmp Disk Free: 308 GB (MSG-3995)
Information: Starting compile_fusion / logic_opto / Early Placement (FLW-8000)
Information: Time: 2025-06-11 00:16:16 / Session:  00:00:36 / Command:  00:00:28 / CPU:  00:00:36 / Memory: 1427 MB (FLW-8100)
Information: CPU Load: 5%, Ram Free: 44 GB, Swap Free: 1 GB, Work Disk Free: 308 GB, Tmp Disk Free: 308 GB (MSG-3995)
----------------------------------------------------------------
running create_placement
Corner Scaling is off, multiplier is 1.000000
ORB: timingScenario Normal_Slow timingCorner Slow
INFO: Using corner Typical for worst leakage corner
Using default layer M4
new cutoff lpd: 3.06118e-07
corner scaling: maxCornerId = 3
corner=Fast, tran factor=0.837270 (0.028178 / 0.033655)
corner=Typical, tran factor=0.944434 (0.031785 / 0.033655)
corner=Slow, tran factor=1.000000 (0.033655 / 0.033655)
ORB: Nominal = 0.0053925  Design MT = inf  Target = 0.0336550 (6.241 nominal)  MaxRC = 0.022191
ORB: Fast Target = 0.011701 ( 2.170 nominal )
ORB: stageDelay=0.025981, stageLength=1609839
nplLib: default vr hor dist = 322
nplLib: default vr ver dist = 322
nplLib: default vr buf size = 2
nplLib: default vr buf size = 1

Placement Options:
Effort:                        medium_effort       
Timing Driven:                 false               
Buffering Aware Timing Driven: false               
Seed locs:                     false               
Incremental:                   false               
Congestion:                    false               
Fix Macros:                    true                
Place Macros:                  false               
Channel Size Macros:           false               


Start transferring placement data.
****** Net weight manager: report ******
Weights included: Timing  
Number of nets with non-default weights: 1604
Timing factor = 1
Non-default weight range: (0.892833, 2.6785)
Information: Automatic repeater spreading is enabled.
Completed transferring placement data.
Running placement using 12 thread(s)
Information: Enhanced Auto Density Control is used. (PLACE-098)
Information: Enhanced auto density configuration is 13179.
Information: Automatic density control has selected the following settings: max_density 0.55, congestion_driven_max_util 0.87. (PLACE-027)
Information: HFW control 'off' invoked.
Creating placement from scratch.
coarse place 0% done.
coarse place 33% done.
coarse place 67% done.
coarse place 100% done.
Information: Coarse placer weighted wire length estimate = 1.08661e+08
Information: Extraction observers are detached as design net change threshold is reached.
Warning: No clock routing rules were specified. Use set_clock_routing_rules to specify routing rules for accurate clock latency estimation. (OPT-902)
Warning: No clock routing rules were specified. Use set_clock_routing_rules to specify routing rules for accurate clock latency estimation. (OPT-902)
Information: Estimating clock gate latencies for scenario 'PowerSave_Slow'. (OPT-909)
Warning: No clock routing rules were specified. Use set_clock_routing_rules to specify routing rules for accurate clock latency estimation. (OPT-902)
Information: Estimating clock gate latencies for scenario 'Normal_Slow'. (OPT-909)
----------------------------------------------------------------
Information: Ending   compile_fusion / logic_opto / Early Placement (FLW-8001)
Information: Time: 2025-06-11 00:16:17 / Session:  00:00:37 / Command:  00:00:29 / CPU:  00:00:39 / Memory: 1427 MB (FLW-8100)
Information: CPU Load: 5%, Ram Free: 44 GB, Swap Free: 1 GB, Work Disk Free: 308 GB, Tmp Disk Free: 308 GB (MSG-3995)
Information: The stitching and editing of coupling caps is turned OFF for design 'dut_toplevel.dlib:dut_toplevel/mcmm_and_logic_opto_full_general.design'. (TIM-125)
Information: Starting compile_fusion / logic_opto / Optimization (3) (FLW-8000)
Information: Time: 2025-06-11 00:16:19 / Session:  00:00:39 / Command:  00:00:31 / CPU:  00:00:42 / Memory: 1427 MB (FLW-8100)
Information: CPU Load: 5%, Ram Free: 44 GB, Swap Free: 1 GB, Work Disk Free: 308 GB, Tmp Disk Free: 308 GB (MSG-3995)
Information: Starting compile_fusion / logic_opto / Optimization (3) / Timing Optimization (FLW-8000)
Information: Time: 2025-06-11 00:16:19 / Session:  00:00:39 / Command:  00:00:31 / CPU:  00:00:42 / Memory: 1427 MB (FLW-8100)
Information: CPU Load: 5%, Ram Free: 44 GB, Swap Free: 1 GB, Work Disk Free: 308 GB, Tmp Disk Free: 308 GB (MSG-3995)
Warning: Cannot infer functionality of libcell 'saed14rvt_ff0p88v125c/SAEDRVT14_FDNRBSBQ_V2_0P5' and will be excluded from sequential mapping. (SQM-1061)
Warning: Cannot infer functionality of libcell 'saed14rvt_ff0p88v125c/SAEDRVT14_FDNRBSBQ_V2_1' and will be excluded from sequential mapping. (SQM-1061)
Warning: Cannot infer functionality of libcell 'saed14rvt_ff0p88v125c/SAEDRVT14_FDNRBSBQ_V2_2' and will be excluded from sequential mapping. (SQM-1061)
Warning: Cannot infer functionality of libcell 'saed14rvt_ff0p88v125c/SAEDRVT14_FDNRBSBQ_V2_4' and will be excluded from sequential mapping. (SQM-1061)
Warning: Cannot infer functionality of libcell 'saed14rvt_ff0p88v125c/SAEDRVT14_FDPRBSBQ_V2_0P5' and will be excluded from sequential mapping. (SQM-1061)
Warning: Cannot infer functionality of libcell 'saed14rvt_ff0p88v125c/SAEDRVT14_FDPRBSBQ_V2_1' and will be excluded from sequential mapping. (SQM-1061)
Warning: Cannot infer functionality of libcell 'saed14rvt_ff0p88v125c/SAEDRVT14_FDPRBSBQ_V2_2' and will be excluded from sequential mapping. (SQM-1061)
Warning: Cannot infer functionality of libcell 'saed14rvt_ff0p88v125c/SAEDRVT14_FDPRBSBQ_V2_4' and will be excluded from sequential mapping. (SQM-1061)
Warning: Cannot infer functionality of libcell 'saed14rvt_ff0p88v125c/SAEDRVT14_FSDPRBSBQ_V2LP_0P5' and will be excluded from sequential mapping. (SQM-1061)
Warning: Cannot infer functionality of libcell 'saed14rvt_ff0p88v125c/SAEDRVT14_FSDPRBSBQ_V2LP_2' and will be excluded from sequential mapping. (SQM-1061)
Warning: Skipping check for single_bit_degenerate attribute on the multibit libcell 'saed14rvt_ff0p88v125c/SAEDRVT14_FSDN2_V2_0P5' since it is not a black-box. (SQM-1079)
Information: No single-bit representative was found for multibit lib cell 'saed14rvt_ff0p88v125c/SAEDRVT14_FSDN2_V2_0P5'. (SQM-2004)
Warning: Skipping check for single_bit_degenerate attribute on the multibit libcell 'saed14rvt_ff0p88v125c/SAEDRVT14_FSDN2_V2_1' since it is not a black-box. (SQM-1079)
Information: No single-bit representative was found for multibit lib cell 'saed14rvt_ff0p88v125c/SAEDRVT14_FSDN2_V2_1'. (SQM-2004)
Warning: Skipping check for single_bit_degenerate attribute on the multibit libcell 'saed14rvt_ff0p88v125c/SAEDRVT14_FSDN2_V2_2' since it is not a black-box. (SQM-1079)
Information: No single-bit representative was found for multibit lib cell 'saed14rvt_ff0p88v125c/SAEDRVT14_FSDN2_V2_2'. (SQM-2004)
Warning: Skipping check for single_bit_degenerate attribute on the multibit libcell 'saed14rvt_ff0p88v125c/SAEDRVT14_FSDN2_V2_4' since it is not a black-box. (SQM-1079)
Information: No single-bit representative was found for multibit lib cell 'saed14rvt_ff0p88v125c/SAEDRVT14_FSDN2_V2_4'. (SQM-2004)
Warning: Skipping check for single_bit_degenerate attribute on the multibit libcell 'saed14rvt_ff0p88v125c/SAEDRVT14_FSDN4_V2_0P5' since it is not a black-box. (SQM-1079)
Information: No single-bit representative was found for multibit lib cell 'saed14rvt_ff0p88v125c/SAEDRVT14_FSDN4_V2_0P5'. (SQM-2004)
Information: No single-bit representative was found for multibit lib cell 'saed14rvt_ff0p88v125c/SAEDRVT14_FSDN4_V2_1'. (SQM-2004)
Information: No single-bit representative was found for multibit lib cell 'saed14rvt_ff0p88v125c/SAEDRVT14_FSDN4_V2_2'. (SQM-2004)
Information: No single-bit representative was found for multibit lib cell 'saed14rvt_ff0p88v125c/SAEDRVT14_FSDN4_V2_4'. (SQM-2004)
Warning: Found 8 multibit sequential library cells that have missing/added attributes or have restrictions that prevent them from banking. (SQM-1053)
Information: No single-bit representative was found for multibit lib cell 'saed14rvt_ff0p88v125c/SAEDRVT14_FSDN2_V2_0P5'. (SQM-2004)
Information: No single-bit representative was found for multibit lib cell 'saed14rvt_ff0p88v125c/SAEDRVT14_FSDN2_V2_1'. (SQM-2004)
Warning: Found 8 multibit sequential library cells that have missing/added attributes or have restrictions that prevent them from banking. (SQM-1053)
Warning: Found 8 multibit sequential library cells that have missing/added attributes or have restrictions that prevent them from banking. (SQM-1053)
Warning: Found 8 multibit sequential library cells that have missing/added attributes or have restrictions that prevent them from banking. (SQM-1053)
Warning: Found 8 multibit sequential library cells that have missing/added attributes or have restrictions that prevent them from banking. (SQM-1053)
Warning: Found 8 multibit sequential library cells that have missing/added attributes or have restrictions that prevent them from banking. (SQM-1053)
Warning: Found 8 multibit sequential library cells that have missing/added attributes or have restrictions that prevent them from banking. (SQM-1053)
Warning: Found 8 multibit sequential library cells that have missing/added attributes or have restrictions that prevent them from banking. (SQM-1053)
Warning: Found 8 multibit sequential library cells that have missing/added attributes or have restrictions that prevent them from banking. (SQM-1053)
Warning: Found 8 multibit sequential library cells that have missing/added attributes or have restrictions that prevent them from banking. (SQM-1053)
Information: 2 out of 12 SQM-1053 messages were not printed due to limit 10 (after 'compile_fusion' at task3_base.tcl:43) (MSG-3913)
Information: 182 out of 192 SQM-1061 messages were not printed due to limit 10 (after 'compile_fusion' at task3_base.tcl:43) (MSG-3913)
Information: 91 out of 96 SQM-1079 messages were not printed due to limit 5 (after 'compile_fusion' at task3_base.tcl:43) (MSG-3913)
Information: 86 out of 96 SQM-2004 messages were not printed due to limit 10 (after 'compile_fusion' at task3_base.tcl:43) (MSG-3913)
Information: Ending   compile_fusion / logic_opto / Optimization (3) / Timing Optimization (FLW-8001)
Information: Time: 2025-06-11 00:16:20 / Session:  00:00:40 / Command:  00:00:32 / CPU:  00:00:43 / Memory: 1447 MB (FLW-8100)
Information: CPU Load: 5%, Ram Free: 44 GB, Swap Free: 1 GB, Work Disk Free: 308 GB, Tmp Disk Free: 308 GB (MSG-3995)
Information: Ending   compile_fusion / logic_opto / Optimization (3) (FLW-8001)
Information: Time: 2025-06-11 00:16:20 / Session:  00:00:40 / Command:  00:00:33 / CPU:  00:00:44 / Memory: 1447 MB (FLW-8100)
Information: CPU Load: 5%, Ram Free: 44 GB, Swap Free: 1 GB, Work Disk Free: 308 GB, Tmp Disk Free: 308 GB (MSG-3995)
Information: Starting compile_fusion / logic_opto / Optimization (4) (FLW-8000)
Information: Time: 2025-06-11 00:16:20 / Session:  00:00:40 / Command:  00:00:33 / CPU:  00:00:44 / Memory: 1447 MB (FLW-8100)
Information: CPU Load: 5%, Ram Free: 44 GB, Swap Free: 1 GB, Work Disk Free: 308 GB, Tmp Disk Free: 308 GB (MSG-3995)
Information: Starting compile_fusion / logic_opto / Optimization (4) / Logic Simplification and Register Optimization (FLW-8000)
Information: Time: 2025-06-11 00:16:20 / Session:  00:00:40 / Command:  00:00:33 / CPU:  00:00:44 / Memory: 1447 MB (FLW-8100)
Information: CPU Load: 5%, Ram Free: 44 GB, Swap Free: 1 GB, Work Disk Free: 308 GB, Tmp Disk Free: 308 GB (MSG-3995)
Information: Ending   compile_fusion / logic_opto / Optimization (4) / Logic Simplification and Register Optimization (FLW-8001)
Information: Time: 2025-06-11 00:16:20 / Session:  00:00:41 / Command:  00:00:33 / CPU:  00:00:44 / Memory: 1447 MB (FLW-8100)
Information: CPU Load: 5%, Ram Free: 44 GB, Swap Free: 1 GB, Work Disk Free: 308 GB, Tmp Disk Free: 308 GB (MSG-3995)
Information: Ending   compile_fusion / logic_opto / Optimization (4) (FLW-8001)
Information: Time: 2025-06-11 00:16:24 / Session:  00:00:44 / Command:  00:00:37 / CPU:  00:00:51 / Memory: 1447 MB (FLW-8100)
Information: CPU Load: 5%, Ram Free: 44 GB, Swap Free: 1 GB, Work Disk Free: 308 GB, Tmp Disk Free: 308 GB (MSG-3995)
Information: Starting compile_fusion / logic_opto / Optimization (5) (FLW-8000)
Information: Time: 2025-06-11 00:16:24 / Session:  00:00:44 / Command:  00:00:37 / CPU:  00:00:51 / Memory: 1447 MB (FLW-8100)
Information: CPU Load: 5%, Ram Free: 44 GB, Swap Free: 1 GB, Work Disk Free: 308 GB, Tmp Disk Free: 308 GB (MSG-3995)
Information: Starting compile_fusion / logic_opto / Optimization (5) / Logic Simplification and Register Optimization (FLW-8000)
Information: Time: 2025-06-11 00:16:24 / Session:  00:00:44 / Command:  00:00:37 / CPU:  00:00:51 / Memory: 1447 MB (FLW-8100)
Information: CPU Load: 5%, Ram Free: 44 GB, Swap Free: 1 GB, Work Disk Free: 308 GB, Tmp Disk Free: 308 GB (MSG-3995)
Information: Ending   compile_fusion / logic_opto / Optimization (5) / Logic Simplification and Register Optimization (FLW-8001)
Information: Time: 2025-06-11 00:16:24 / Session:  00:00:45 / Command:  00:00:37 / CPU:  00:00:51 / Memory: 1447 MB (FLW-8100)
Information: CPU Load: 5%, Ram Free: 44 GB, Swap Free: 1 GB, Work Disk Free: 308 GB, Tmp Disk Free: 308 GB (MSG-3995)
Information: Ending   compile_fusion / logic_opto / Optimization (5) (FLW-8001)
Information: Time: 2025-06-11 00:16:24 / Session:  00:00:45 / Command:  00:00:37 / CPU:  00:00:51 / Memory: 1447 MB (FLW-8100)
Information: CPU Load: 5%, Ram Free: 44 GB, Swap Free: 1 GB, Work Disk Free: 308 GB, Tmp Disk Free: 308 GB (MSG-3995)
Information: Starting compile_fusion / logic_opto / Auto-Floorplan (2) (FLW-8000)
Information: Time: 2025-06-11 00:16:24 / Session:  00:00:45 / Command:  00:00:37 / CPU:  00:00:51 / Memory: 1447 MB (FLW-8100)
Information: CPU Load: 5%, Ram Free: 44 GB, Swap Free: 1 GB, Work Disk Free: 308 GB, Tmp Disk Free: 308 GB (MSG-3995)
Information: Initializing core and die (AFP-1001)
Information: Initializing rows (AFP-1003)
Information: Initializing tracks (AFP-1004)
Removing existing floorplan objects
Creating core...
Core utilization ratio = 71.17%
Unplacing all cells...
Creating site array...
Creating routing tracks...
Initializing floorplan completed.
Information: Generated core area = 1270.505981 (AFP-2021)
Information: Generated core boundary = { {0 0} {0 35.4} {35.89 35.4} {35.89 0} } (AFP-2022)
Information: Shaping unshaped voltage areas (AFP-1011)
Information: Placing unplaced pins (AFP-1007)
Load DB...
CPU Time for load db: 00:00:00.00u 00:00:00.00s 00:00:00.00e: 

Min routing layer: M1
Max routing layer: MRDL


CPU Time for Top Level Pre-Route Processing: 00:00:00.00u 00:00:00.00s 00:00:00.00e: 
Warning: found large number of corner keepout wiretracks on side 2 of block dut_toplevel on layer MRDL and there is no enough wire tracks available on this side (DPPA-096)
Warning: found large number of corner keepout wiretracks on side 4 of block dut_toplevel on layer MRDL and there is no enough wire tracks available on this side (DPPA-096)
Warning: Cell contains tie connections which are not connected to real PG. (ZRT-511)
Cell Min-Routing-Layer = M1
Cell Max-Routing-Layer = MRDL
Turn off antenna since no rule is specified
Information: Option route.detail.force_end_on_preferred_grid will be ignored since none of the layers have preferred grid. (ZRT-703)

Block Pin Constraint   Min Pin Max Pin Reserve
                       Layer   Layer   Layer    Feedthroughs
--------------------   ------  ------  ------   ------------
dut_toplevel           M2      MRDL    MRDL     Not allowed

Via on layer (VIA4) needs more than one tracks
Warning: Layer M4 default pitch 0.100 may be too small to handle up/down via. Note, that minimum requirements are "wire/via-down 0.100" & "wire/via-up 0.122". (ZRT-026)
Via on layer (VIA7) needs more than one tracks
Warning: Layer M7 default pitch 0.100 may be too small to handle up/down via. Note, that minimum requirements are "wire/via-down 0.100" & "wire/via-up 0.105". (ZRT-026)
Wire on layer (M8) needs more than one tracks
Via on layer (VIA7) needs more than one tracks
Via on layer (VIA8) needs more than one tracks
Warning: Layer M8 default pitch 0.100 may be too small to handle up/down via. Note, that minimum requirements are "wire/via-down 0.105" & "wire/via-up 0.135". (ZRT-026)
Wire on layer (M9) needs more than one tracks
Via on layer (VIA8) needs more than one tracks
Via on layer (VIARDL) needs more than one tracks
Warning: Layer M9 default pitch 0.100 may be too small to handle up/down via. Note, that minimum requirements are "wire/via-down 0.135" & "wire/via-up 1.570". (ZRT-026)
Via on layer (VIARDL) needs more than one tracks
Warning: Layer MRDL default pitch 4.000 may be too small to handle up/down via. Note, that minimum requirements are "wire/via-down 4.500" & "wire/via-up 4.000". (ZRT-026)
Transition layer name: M7(6)
Transition layer name: M8(7)
Information: When applicable Min-max layer allow_pin_connection mode will allow paths of length 0.90 outside the layer range. (ZRT-707)
Information: When applicable Min-max layer allow_pin_connection mode will allow paths of length 0.90 outside the layer range on clock nets. (ZRT-718)
Information: When applicable layer based tapering will taper up to 0.00 in distance from the pin. (ZRT-706)
Warning: Master cell dut_toplevel has duplicated redundant library pin shapes at {0.000 0.000} {0.034 0.148} on layer M2. (ZRT-625)
Warning: Master cell dut_toplevel has duplicated redundant library pin shapes at {0.001 -0.500} {35.889 -0.400} on layer M2. (ZRT-625)
Warning: Master cell dut_toplevel has duplicated redundant library pin shapes at {0.001 -0.500} {35.889 -0.400} on layer M2. (ZRT-625)
Warning: Master cell dut_toplevel has duplicated redundant library pin shapes at {0.001 -0.500} {35.889 -0.400} on layer M2. (ZRT-625)
Warning: Master cell dut_toplevel has duplicated redundant library pin shapes at {0.001 -0.500} {35.889 -0.400} on layer M2. (ZRT-625)
Warning: Master cell dut_toplevel has duplicated redundant library pin shapes at {0.001 -0.500} {35.889 -0.400} on layer M2. (ZRT-625)
Warning: Master cell dut_toplevel has duplicated redundant library pin shapes at {0.001 -0.500} {35.889 -0.400} on layer M2. (ZRT-625)
Warning: Master cell dut_toplevel has duplicated redundant library pin shapes at {0.001 -0.500} {35.889 -0.400} on layer M2. (ZRT-625)
Warning: Master cell dut_toplevel has duplicated redundant library pin shapes at {0.001 -0.500} {35.889 -0.400} on layer M2. (ZRT-625)
Warning: Master cell dut_toplevel has duplicated redundant library pin shapes at {0.001 -0.500} {35.889 -0.400} on layer M2. (ZRT-625)
Note - message 'ZRT-625' limit (10) exceeded. Remainder will be suppressed.
Warning: Standard cell pin SAEDRVT14_ADDH_0P5/CO has no valid via regions. (ZRT-044)
Warning: Standard cell pin SAEDRVT14_OA21B_1/X has no valid via regions. (ZRT-044)
Warning: Cell dut_input_channel_control_0_INST/in_data_arb_r_reg[23] is placed overlapping with other cells at {{21.055 0.945} {23.201 1.545}}. (ZRT-763)
Start Global Route ... 
[Init] Elapsed real time: 0:00:00 
[Init] Elapsed cpu  time: sys=0:00:00 usr=0:00:00 total=0:00:00
[Init] Stage (MB): Used    0  Alloctr    0  Proc    0 
[Init] Total (MB): Used   52  Alloctr   53  Proc 5967 
Printing options for 'route.common.*'
common.clock_topology                                   :	 normal              
common.single_connection_to_pins                        :	 off                 

Printing options for 'route.global.*'
global.crosstalk_driven                                 :	 false               
global.deterministic                                    :	 on                  

Begin global routing.
Constructing data structure ...
Design statistics:
Design Bounding Box (-0.60um,-0.60um,36.49um,36.00um)
Number of routing layers = 10
layer M1, dir Hor, min width = 0.034um, min space = 0.026um pitch = 0.074um
layer M2, dir Ver, min width = 0.034um, min space = 0.026um pitch = 0.06um
layer M3, dir Hor, min width = 0.034um, min space = 0.026um pitch = 0.074um
layer M4, dir Ver, min width = 0.06um, min space = 0.04um pitch = 0.1um
layer M5, dir Hor, min width = 0.06um, min space = 0.04um pitch = 0.1um
layer M6, dir Ver, min width = 0.06um, min space = 0.04um pitch = 0.1um
layer M7, dir Hor, min width = 0.06um, min space = 0.04um pitch = 0.1um
layer M8, dir Ver, min width = 0.06um, min space = 0.04um pitch = 0.1um
layer M9, dir Hor, min width = 0.06um, min space = 0.04um pitch = 0.1um
layer MRDL, dir Ver, min width = 2um, min space = 2um pitch = 4um
Current Stage stats:
[End of Build Tech Data] Elapsed real time: 0:00:00 
[End of Build Tech Data] Elapsed cpu  time: sys=0:00:00 usr=0:00:00 total=0:00:00
[End of Build Tech Data] Stage (MB): Used    1  Alloctr    1  Proc    0 
[End of Build Tech Data] Total (MB): Used   57  Alloctr   57  Proc 5967 
Net statistics:
Total number of nets to route for block pin placement     = 168
Number of interface nets to route for block pin placement = 168
Net length statistics: 
Net Count(Ignore Fully Rted) 336, Total Half Perimeter Wire Length (HPWL) 6221 microns
HPWL   0 ~   50 microns: Net Count      335	Total HPWL         6152 microns
HPWL  50 ~  100 microns: Net Count        1	Total HPWL           69 microns
HPWL 100 ~  200 microns: Net Count        0	Total HPWL            0 microns
HPWL 200 ~  300 microns: Net Count        0	Total HPWL            0 microns
HPWL 300 ~  400 microns: Net Count        0	Total HPWL            0 microns
HPWL 400 ~  500 microns: Net Count        0	Total HPWL            0 microns
HPWL 500 ~  600 microns: Net Count        0	Total HPWL            0 microns
HPWL 600 ~  700 microns: Net Count        0	Total HPWL            0 microns
HPWL 700 ~  800 microns: Net Count        0	Total HPWL            0 microns
HPWL 800 ~  900 microns: Net Count        0	Total HPWL            0 microns
HPWL 900 ~ 1000 microns: Net Count        0	Total HPWL            0 microns
HPWL     > 1000 microns: Net Count        0	Total HPWL            0 microns
Current Stage stats:
[End of Build All Nets] Elapsed real time: 0:00:00 
[End of Build All Nets] Elapsed cpu  time: sys=0:00:00 usr=0:00:00 total=0:00:00
[End of Build All Nets] Stage (MB): Used    0  Alloctr    0  Proc  -32 
[End of Build All Nets] Total (MB): Used   57  Alloctr   58  Proc 5935 
Number of partitions: 1 (1 x 1)
Size of partitions: 33 gCells x 32 gCells
Average gCell capacity  15.41	 on layer (1)	 M1
Average gCell capacity  18.66	 on layer (2)	 M2
Average gCell capacity  15.41	 on layer (3)	 M3
Average gCell capacity  11.18	 on layer (4)	 M4
Average gCell capacity  11.38	 on layer (5)	 M5
Average gCell capacity  11.18	 on layer (6)	 M6
Average gCell capacity  11.38	 on layer (7)	 M7
Average gCell capacity  11.18	 on layer (8)	 M8
Average gCell capacity  11.38	 on layer (9)	 M9
Average gCell capacity  0.21	 on layer (10)	 MRDL
Average number of tracks per gCell 15.47	 on layer (1)	 M1
Average number of tracks per gCell 18.73	 on layer (2)	 M2
Average number of tracks per gCell 15.47	 on layer (3)	 M3
Average number of tracks per gCell 11.24	 on layer (4)	 M4
Average number of tracks per gCell 11.44	 on layer (5)	 M5
Average number of tracks per gCell 11.24	 on layer (6)	 M6
Average number of tracks per gCell 11.44	 on layer (7)	 M7
Average number of tracks per gCell 11.24	 on layer (8)	 M8
Average number of tracks per gCell 11.44	 on layer (9)	 M9
Average number of tracks per gCell 0.27	 on layer (10)	 MRDL
Number of gCells = 10560
Current Stage stats:
[End of Build Congestion Map] Elapsed real time: 0:00:00 
[End of Build Congestion Map] Elapsed cpu  time: sys=0:00:00 usr=0:00:00 total=0:00:00
[End of Build Congestion Map] Stage (MB): Used    1  Alloctr    1  Proc    0 
[End of Build Congestion Map] Total (MB): Used   58  Alloctr   59  Proc 5935 
Number of partitions: 1 (1 x 1)
Size of partitions: 33 gCells x 32 gCells
Current Stage stats:
[End of Add Nets Demand] Elapsed real time: 0:00:00 
[End of Add Nets Demand] Elapsed cpu  time: sys=0:00:00 usr=0:00:00 total=0:00:00
[End of Add Nets Demand] Stage (MB): Used    0  Alloctr    0  Proc    0 
[End of Add Nets Demand] Total (MB): Used   58  Alloctr   59  Proc 5935 
Number of user frozen nets = 0
Total stats:
[End of Build Data] Elapsed real time: 0:00:00 
[End of Build Data] Elapsed cpu  time: sys=0:00:00 usr=0:00:00 total=0:00:00
[End of Build Data] Stage (MB): Used    2  Alloctr    3  Proc  -32 
[End of Build Data] Total (MB): Used   58  Alloctr   59  Proc 5935 
Number of partitions: 1 (1 x 1)
Size of partitions: 33 gCells x 32 gCells
Current Stage stats:
[End of Blocked Pin Detection] Elapsed real time: 0:00:00 
[End of Blocked Pin Detection] Elapsed cpu  time: sys=0:00:00 usr=0:00:00 total=0:00:00
[End of Blocked Pin Detection] Stage (MB): Used   12  Alloctr   12  Proc    0 
[End of Blocked Pin Detection] Total (MB): Used   70  Alloctr   71  Proc 5935 
Information: Using 12 threads for routing. (ZRT-444)
Information: Buffer distance is estimated to be ~271.0000um (225 gCells)

Start GR phase 0
Number of partitions: 1 (1 x 1)
Size of partitions: 33 gCells x 32 gCells
[rtTop] Elapsed real time: 0:00:00 
[rtTop] Elapsed cpu  time: sys=0:00:00 usr=0:00:00 total=0:00:00
Current Stage stats:
[End of Initial Routing] Elapsed real time: 0:00:00 
[End of Initial Routing] Elapsed cpu  time: sys=0:00:00 usr=0:00:00 total=0:00:00
[End of Initial Routing] Stage (MB): Used    0  Alloctr    0  Proc    0 
[End of Initial Routing] Total (MB): Used   70  Alloctr   71  Proc 5935 
Initial. Routing result:
Initial. Both Dirs: Dmd-Cap  =     0 Max = 0 GRCs =     0 (0.00%)
Initial. H routing: Dmd-Cap  =     0 Max = 0 (GRCs =  0) GRCs =     0 (0.00%)
Initial. V routing: Dmd-Cap  =     0 Max = 0 (GRCs =  0) GRCs =     0 (0.00%)
Initial. Both Dirs: Overflow =     0 Max = 0 GRCs =     0 (0.00%)
Initial. H routing: Overflow =     0 Max = 0 (GRCs =  0) GRCs =     0 (0.00%)
Initial. V routing: Overflow =     0 Max = 0 (GRCs =  0) GRCs =     0 (0.00%)
Initial. M1         Overflow =     0 Max = 0 (GRCs =  0) GRCs =     0 (0.00%)
Initial. M2         Overflow =     0 Max = 0 (GRCs =  0) GRCs =     0 (0.00%)
Initial. M3         Overflow =     0 Max = 0 (GRCs =  0) GRCs =     0 (0.00%)
Initial. M4         Overflow =     0 Max = 0 (GRCs =  0) GRCs =     0 (0.00%)
Initial. M5         Overflow =     0 Max = 0 (GRCs =  0) GRCs =     0 (0.00%)
Initial. M6         Overflow =     0 Max = 0 (GRCs =  0) GRCs =     0 (0.00%)
Initial. M7         Overflow =     0 Max = 0 (GRCs =  0) GRCs =     0 (0.00%)
Initial. M8         Overflow =     0 Max = 0 (GRCs =  0) GRCs =     0 (0.00%)
Initial. M9         Overflow =     0 Max = 0 (GRCs =  0) GRCs =     0 (0.00%)
Initial. MRDL       Overflow =     0 Max = 0 (GRCs =  0) GRCs =     0 (0.00%)

Initial. Total Wire Length = 502.97
Initial. Layer M1 wire length = 0.00
Initial. Layer M2 wire length = 118.87
Initial. Layer M3 wire length = 262.64
Initial. Layer M4 wire length = 121.46
Initial. Layer M5 wire length = 0.00
Initial. Layer M6 wire length = 0.00
Initial. Layer M7 wire length = 0.00
Initial. Layer M8 wire length = 0.00
Initial. Layer M9 wire length = 0.00
Initial. Layer MRDL wire length = 0.00
Initial. Total Number of Contacts = 250
Initial. Via VIA1_Base count = 48
Initial. Via VIA2_Base count = 139
Initial. Via VIA34SQ_C count = 63
Initial. Via VIA4SQ count = 0
Initial. Via VIA5SQ_C count = 0
Initial. Via VIA67SQ_C count = 0
Initial. Via VIA78SQ_C count = 0
Initial. Via VIA89_C count = 0
Initial. Via VIA9RDL count = 0
Initial. completed.
[End of Whole Chip Routing] Elapsed real time: 0:00:00 
[End of Whole Chip Routing] Elapsed cpu  time: sys=0:00:00 usr=0:00:00 total=0:00:00
[End of Whole Chip Routing] Stage (MB): Used   14  Alloctr   15  Proc  -32 
[End of Whole Chip Routing] Total (MB): Used   70  Alloctr   71  Proc 5935 
[End of Global Routing] Elapsed real time: 0:00:00 
[End of Global Routing] Elapsed cpu  time: sys=0:00:00 usr=0:00:00 total=0:00:00
[End of Global Routing] Stage (MB): Used   14  Alloctr   14  Proc  -32 
[End of Global Routing] Total (MB): Used   70  Alloctr   71  Proc 5935 
[End of dbOut] Elapsed real time: 0:00:00 
[End of dbOut] Elapsed cpu  time: sys=0:00:00 usr=0:00:00 total=0:00:00
[End of dbOut] Stage (MB): Used    0  Alloctr    0  Proc    0 
[End of dbOut] Total (MB): Used   60  Alloctr   61  Proc 5935 
CPU Time for Global Route: 00:00:00.30u 00:00:00.01s 00:00:00.27e: 
Number of block ports: 170
Number of block pin locations assigned from router: 168
CPU Time for Pin Preparation: 00:00:00.00u 00:00:00.00s 00:00:00.00e: 
Number of PG ports on blocks: 0
Number of pins created: 170
CPU Time for Pin Creation: 00:00:00.01u 00:00:00.00s 00:00:00.01e: 
Total Pin Placement CPU Time: 00:00:00.32u 00:00:00.01s 00:00:00.28e: 
Information: Result of compile_fusion / logic_opto / Auto-Floorplan (2) (FLW-8500)
Information: Auto-Floorplan Summary (AFP-2023)
-------------------------------------------------------------------------------
              origin           area     boundary
core  auto-floorplan        1270.51   { {0 0} {0 35.4} {35.89 35.4} {35.89 0} }
die   auto-floorplan        1270.51   { {0 0} {0 35.4} {35.89 35.4} {35.89 0} }
-------------------------------------------------------------------------------

-------------------------------------------------------------------------------
objects             total        candidates          modified         preserved                 
voltage areas           0                 0                 0                 0
ios                     0                 0                 0                 0
macros                  0                 0                 0                 0
pins                  170               170               170                 0
-------------------------------------------------------------------------------
Information: Ending   compile_fusion / logic_opto / Auto-Floorplan (2) (FLW-8001)
Information: Time: 2025-06-11 00:16:25 / Session:  00:00:45 / Command:  00:00:37 / CPU:  00:00:51 / Memory: 1447 MB (FLW-8100)
Information: CPU Load: 5%, Ram Free: 44 GB, Swap Free: 1 GB, Work Disk Free: 308 GB, Tmp Disk Free: 308 GB (MSG-3995)
Information: Starting compile_fusion / logic_opto / Secondary PG connections (FLW-8000)
Information: Time: 2025-06-11 00:16:25 / Session:  00:00:45 / Command:  00:00:37 / CPU:  00:00:51 / Memory: 1447 MB (FLW-8100)
Information: CPU Load: 5%, Ram Free: 44 GB, Swap Free: 1 GB, Work Disk Free: 308 GB, Tmp Disk Free: 308 GB (MSG-3995)
Information: Secondary PG:  Secondary PG connections skipped because it is not a UPF design (FLW-1247)
Information: Ending   compile_fusion / logic_opto / Secondary PG connections (FLW-8001)
Information: Time: 2025-06-11 00:16:25 / Session:  00:00:45 / Command:  00:00:37 / CPU:  00:00:51 / Memory: 1447 MB (FLW-8100)
Information: CPU Load: 5%, Ram Free: 44 GB, Swap Free: 1 GB, Work Disk Free: 308 GB, Tmp Disk Free: 308 GB (MSG-3995)
Compile-fusion optimization summary            SETUP-COST    R2R-COST HOLD-COST LDRC-COST          AREA     LEAKAGE     INSTCNT            ELAPSE       MEM
Compile-fusion                                          -           -         -         -        904.25           -        1174              0.01      1446
Scenario Normal_Typical is cellEm
Scenario PowerSave_Typical is cellEm
Information: The stitching and editing of coupling caps is turned OFF for design 'dut_toplevel.dlib:dut_toplevel/mcmm_and_logic_opto_full_general.design'. (TIM-125)
Info: update em.
Information: Activity propagation will be performed for scenario Normal_Fast.
Information: Doing activity propagation for mode 'Normal' and corner 'Fast' with effort level 'medium'. (POW-024)
Information: Timer-derived activity data is cached on scenario Normal_Fast (POW-052)
Information: Running switching activity propagation with 12 threads!

 **** Information : No. of simulation cycles = 6 ****
Information: Propagated activity on scenario Normal_Slow identical to that on Normal_Fast (POW-006)
Information: Propagated activity on scenario Normal_Typical identical to that on Normal_Fast (POW-006)
Information: Activity propagation will be performed for scenario PowerSave_Fast.
Information: Doing activity propagation for mode 'PowerSave' and corner 'Fast' with effort level 'medium'. (POW-024)
Information: Timer-derived activity data is cached on scenario PowerSave_Fast (POW-052)
Information: Running switching activity propagation with 12 threads!

 **** Information : No. of simulation cycles = 6 ****
Information: Propagated activity on scenario PowerSave_Slow identical to that on PowerSave_Fast (POW-006)
Information: Propagated activity on scenario PowerSave_Typical identical to that on PowerSave_Fast (POW-006)
Information: Activity for scenario Normal_Fast was cached, no propagation required. (POW-005)
Information: Activity for scenario Normal_Slow was cached, no propagation required. (POW-005)
Information: Activity for scenario Normal_Typical was cached, no propagation required. (POW-005)
Information: Activity for scenario PowerSave_Fast was cached, no propagation required. (POW-005)
Information: Activity for scenario PowerSave_Slow was cached, no propagation required. (POW-005)
Information: Activity for scenario PowerSave_Typical was cached, no propagation required. (POW-005)
CTS Cell EM initialization finished
Scenario Normal_Typical is cellEm
Scenario PowerSave_Typical is cellEm
Info: update em.
Information: Activity for scenario Normal_Fast was cached, no propagation required. (POW-005)
Information: Activity for scenario Normal_Slow was cached, no propagation required. (POW-005)
Information: Activity for scenario Normal_Typical was cached, no propagation required. (POW-005)
Information: Activity for scenario PowerSave_Fast was cached, no propagation required. (POW-005)
CTS Cell EM initialization finished
Warning: No clock routing rules were specified. Use set_clock_routing_rules to specify routing rules for accurate clock latency estimation. (OPT-902)
Warning: No clock routing rules were specified. Use set_clock_routing_rules to specify routing rules for accurate clock latency estimation. (OPT-902)
Information: Estimating clock gate latencies for scenario 'PowerSave_Typical'. (OPT-909)
Warning: No clock routing rules were specified. Use set_clock_routing_rules to specify routing rules for accurate clock latency estimation. (OPT-902)
Information: Estimating clock gate latencies for scenario 'PowerSave_Slow'. (OPT-909)
Warning: No clock routing rules were specified. Use set_clock_routing_rules to specify routing rules for accurate clock latency estimation. (OPT-902)
Information: Estimating clock gate latencies for scenario 'PowerSave_Fast'. (OPT-909)
Warning: No clock routing rules were specified. Use set_clock_routing_rules to specify routing rules for accurate clock latency estimation. (OPT-902)
Information: Estimating clock gate latencies for scenario 'Normal_Typical'. (OPT-909)
Warning: No clock routing rules were specified. Use set_clock_routing_rules to specify routing rules for accurate clock latency estimation. (OPT-902)
Information: Estimating clock gate latencies for scenario 'Normal_Slow'. (OPT-909)
Warning: No clock routing rules were specified. Use set_clock_routing_rules to specify routing rules for accurate clock latency estimation. (OPT-902)
Information: Estimating clock gate latencies for scenario 'Normal_Fast'. (OPT-909)
Information: 2 out of 12 POW-005 messages were not printed due to limit 10 (after 'compile_fusion' at task3_base.tcl:43) (MSG-3913)
Information: Ending   compile_fusion / logic_opto (FLW-8001)
Information: Time: 2025-06-11 00:16:30 / Session:  00:00:50 / Command:  00:00:42 / CPU:  00:01:15 / Memory: 1447 MB (FLW-8100)
Information: CPU Load: 9%, Ram Free: 44 GB, Swap Free: 1 GB, Work Disk Free: 308 GB, Tmp Disk Free: 308 GB (MSG-3995)

Information: >>>>>>> 10 unique error and warning message tags while observing compile_fusion / logic_opto: (MSG-3100)
Information: #prnt #trgr #lmt    Tag  Level     Format (or last printed message)                                (MSG-3036)
Information:     2     2  0 FLW-2224  WARNING   Warning: Duplicate callback function set for step 'fc/logic_... (MSG-3032)
Information:    60   248  5 SQM-1079  WARNING   Warning: Skipping check for single_bit_degenerate attribute ... (MSG-3032)
Information:   120   496 10 SQM-1061  WARNING   Warning: Cannot infer functionality of libcell 'saed14rvt_ff... (MSG-3032)
Information:    30    31 10 SQM-1053  WARNING   Warning: Found 8 multibit sequential library cells that have... (MSG-3032)
Information:     1     1  0 ZRT-511   WARNING   Warning: Cell contains tie connections which are not connect... (MSG-3032)
Information:     5     5  0 ZRT-026   WARNING   Warning: Layer MRDL default pitch 4.000 may be too small to ... (MSG-3032)
Information:     1     1  0 ZRT-763   WARNING   Warning: Cell dut_input_channel_control_0_INST/in_data_arb_r... (MSG-3032)
Information:     4     4  0 DPPA-096  WARNING   Warning: found large number of corner keepout wiretracks on ... (MSG-3032)
Information:    10    10  0 ZRT-625   WARNING   Warning: Master cell dut_toplevel has duplicated redundant l... (MSG-3032)
Information:    16     8  0 OPT-902   WARNING   Warning: No clock routing rules were specified. Use set_cloc... (MSG-3032)
Information:   249   806  3       10  <------   Total sum of messages (MSG-3038)
Information: >>>>>>> Summary: 806 error&warning MSGs observed during compile_fusion / logic_opto (MSG-3103)

----------------------------------------------------------------------------------------------------------
Information: Starting compile_fusion / initial_place (FLW-8000)
Information: Time: 2025-06-11 00:16:30 / Session:  00:00:50 / Command:  00:00:42 / CPU:  00:01:15 / Memory: 1447 MB (FLW-8100)
Information: CPU Load: 9%, Ram Free: 44 GB, Swap Free: 1 GB, Work Disk Free: 308 GB, Tmp Disk Free: 308 GB (MSG-3995)
----------------------------------------------------------------------------------------------------------
Information: Timer using 12 threads
[Tim-Power] Info: Cleared Leakage libCell cache.
Information: The stitching and editing of coupling caps is turned OFF for design 'dut_toplevel.dlib:dut_toplevel/mcmm_and_logic_opto_full_general.design'. (TIM-125)
************************************************************
Timer Settings:
Delay Calculation Style:                   auto
Signal Integrity Analysis:                 disabled
Timing Window Analysis:                    disabled
Advanced Waveform Propagation:             disabled
Variation Type:                            fixed_derate
Clock Reconvergence Pessimism Removal:     disabled
Advanced Receiver Model:                   disabled
LLE:                                       disabled
ML Acceleration:                           off
************************************************************
Number of Site types in the design = 1
Setting up Chip Core
Chip Core shape: (0 0) (358900 354000)
Number of VARs = 1
Number of unique PDs = 1
Number of Power Domains = 1
Number of Voltage Areas = 1
Number of supply Nets = 2
Number of used supplies = 0
Blocked VAs: 
Information: Change threshold for extractor is reset. (FLW-1300)
Information: Starting compile_fusion / initial_place / Load Design (FLW-8000)
Information: Time: 2025-06-11 00:16:31 / Session:  00:00:51 / Command:  00:00:44 / CPU:  00:01:20 / Memory: 1447 MB (FLW-8100)
Information: CPU Load: 9%, Ram Free: 44 GB, Swap Free: 1 GB, Work Disk Free: 308 GB, Tmp Disk Free: 308 GB (MSG-3995)
Information: Ending   compile_fusion / initial_place / Load Design (FLW-8001)
Information: Time: 2025-06-11 00:16:31 / Session:  00:00:51 / Command:  00:00:44 / CPU:  00:01:20 / Memory: 1447 MB (FLW-8100)
Information: CPU Load: 9%, Ram Free: 44 GB, Swap Free: 1 GB, Work Disk Free: 308 GB, Tmp Disk Free: 308 GB (MSG-3995)
Information: Starting compile_fusion / initial_place / pre-placement setup (FLW-8000)
Information: Time: 2025-06-11 00:16:31 / Session:  00:00:51 / Command:  00:00:44 / CPU:  00:01:20 / Memory: 1447 MB (FLW-8100)
Information: CPU Load: 9%, Ram Free: 44 GB, Swap Free: 1 GB, Work Disk Free: 308 GB, Tmp Disk Free: 308 GB (MSG-3995)
Information: Ending   compile_fusion / initial_place / pre-placement setup (FLW-8001)
Information: Time: 2025-06-11 00:16:31 / Session:  00:00:51 / Command:  00:00:44 / CPU:  00:01:20 / Memory: 1447 MB (FLW-8100)
Information: CPU Load: 9%, Ram Free: 44 GB, Swap Free: 1 GB, Work Disk Free: 308 GB, Tmp Disk Free: 308 GB (MSG-3995)
Information: Starting compile_fusion / initial_place / Initial Placement (FLW-8000)
Information: Time: 2025-06-11 00:16:31 / Session:  00:00:51 / Command:  00:00:44 / CPU:  00:01:20 / Memory: 1447 MB (FLW-8100)
Information: CPU Load: 9%, Ram Free: 44 GB, Swap Free: 1 GB, Work Disk Free: 308 GB, Tmp Disk Free: 308 GB (MSG-3995)
----------------------------------------------------------------
running create_placement
Information:  initializing PDM....
PDM initilization successfull...
Information:  uninitializing PDM....
PDM uninitilization successfull...
Corner Scaling is off, multiplier is 1.000000
ORB: timingScenario Normal_Slow timingCorner Slow
INFO: Using corner Typical for worst leakage corner
Using default layer M4
new cutoff lpd: 3.06118e-07
corner scaling: maxCornerId = 3
corner=Fast, tran factor=0.837270 (0.028178 / 0.033655)
corner=Typical, tran factor=0.944434 (0.031785 / 0.033655)
corner=Slow, tran factor=1.000000 (0.033655 / 0.033655)
ORB: Nominal = 0.0053925  Design MT = inf  Target = 0.0336550 (6.241 nominal)  MaxRC = 0.022191
ORB: Fast Target = 0.011701 ( 2.170 nominal )
ORB: stageDelay=0.025981, stageLength=1609839
nplLib: default vr hor dist = 322
nplLib: default vr ver dist = 322
nplLib: default vr buf size = 2
nplLib: default vr buf size = 1
Information: Activity propagation will be performed for scenario Normal_Fast.
Information: Activity propagation will be performed for scenario PowerSave_Slow.
Information: Doing activity propagation for mode 'Normal' and corner 'Fast' with effort level 'medium'. (POW-024)
Information: Timer-derived activity data is cached on scenario Normal_Fast (POW-052)
Information: Running switching activity propagation with 12 threads!

 **** Information : No. of simulation cycles = 6 ****
Information: Doing activity propagation for mode 'PowerSave' and corner 'Slow' with effort level 'medium'. (POW-024)
Information: Timer-derived activity data is cached on scenario PowerSave_Slow (POW-052)
Information: Running switching activity propagation with 12 threads!

 **** Information : No. of simulation cycles = 6 ****
Information: Propagated activity on scenario Normal_Slow identical to that on Normal_Fast (POW-006)
Information: Propagated activity on scenario Normal_Typical identical to that on Normal_Fast (POW-006)
Information: Propagated activity on scenario PowerSave_Fast identical to that on PowerSave_Slow (POW-006)
Information: Propagated activity on scenario PowerSave_Typical identical to that on PowerSave_Fast (POW-006)
****** eLpp estimated wire length 
6.54471% of the net wire length are clock nets
0% of the clock net wire length has no activity
Clock net wire length: 6.3876e+06
Total net wire length: 9.75994e+07
****** eLpp weights (no caps)
Number of nets: 1604, of which 1592 non-clock nets
Number of nets with 0 toggle rate: 0
Max toggle rate = 0.6, average toggle rate = 0.0111523
Max non-clock toggle rate = 0.0490662
eLpp weight range = (0.00875658, 53.8004)
*** 1 nets are filtered out

Placement Options:
Effort:                        high_effort         
Timing Driven:                 false               
Buffering Aware Timing Driven: false               
Seed locs:                     false               
Incremental:                   false               
Congestion:                    false               
Fix Macros:                    true                
Place Macros:                  false               
Channel Size Macros:           false               


Start transferring placement data.
****** Net weight manager: report ******
Weights included: eLpp  Timing  
Number of nets with non-default weights: 1604
Amt power = 0.1
Timing factor = 1
Non-default weight range: (0.804563, 6.18373)
Information: Automatic repeater spreading is enabled.
Information: The stitching and editing of coupling caps is turned OFF for design 'dut_toplevel.dlib:dut_toplevel/mcmm_and_logic_opto_full_general.design'. (TIM-125)
Completed transferring placement data.
Running placement using 12 thread(s)
Information: Enhanced Auto Density Control is used. (PLACE-098)
Information: Enhanced auto density configuration is 13179.
Information: Automatic density control has selected the following settings: max_density 0.55, congestion_driven_max_util 0.87. (PLACE-027)
Information: HFW control 'off' invoked.
Creating placement from scratch.
coarse place 0% done.
coarse place 17% done.
coarse place 33% done.
Information: Coarse placer weighted wire length estimate = 8.77449e+07
Information: Extraction observers are detached as design net change threshold is reached.
Warning: No clock routing rules were specified. Use set_clock_routing_rules to specify routing rules for accurate clock latency estimation. (OPT-902)
Warning: No clock routing rules were specified. Use set_clock_routing_rules to specify routing rules for accurate clock latency estimation. (OPT-902)
Information: Estimating clock gate latencies for scenario 'PowerSave_Slow'. (OPT-909)
Warning: No clock routing rules were specified. Use set_clock_routing_rules to specify routing rules for accurate clock latency estimation. (OPT-902)
Information: Estimating clock gate latencies for scenario 'Normal_Slow'. (OPT-909)
----------------------------------------------------------------
----------------------------------------------------------------
running create_placement
CGRW: permuting timing equivalent pins only
Corner Scaling is off, multiplier is 1.000000
ORB: timingScenario Normal_Slow timingCorner Slow
INFO: Using corner Typical for worst leakage corner
Using default layer M4
new cutoff lpd: 3.06118e-07
corner scaling: maxCornerId = 3
corner=Fast, tran factor=0.837270 (0.028178 / 0.033655)
corner=Typical, tran factor=0.944434 (0.031785 / 0.033655)
corner=Slow, tran factor=1.000000 (0.033655 / 0.033655)
ORB: Nominal = 0.0053925  Design MT = inf  Target = 0.0336550 (6.241 nominal)  MaxRC = 0.022191
ORB: Fast Target = 0.011701 ( 2.170 nominal )
ORB: stageDelay=0.025981, stageLength=1609839
nplLib: default vr hor dist = 322
nplLib: default vr ver dist = 322
nplLib: default vr buf size = 2
nplLib: default vr buf size = 1
Info: e-eLpp used with low effort

Placement Options:
Effort:                        medium_effort       
Timing Driven:                 true                
Buffering Aware Timing Driven: true                
Seed locs:                     true                
Incremental:                   false               
Congestion:                    false               
Fix Macros:                    true                
Place Macros:                  false               
Channel Size Macros:           false               


Start transferring placement data.
****** eLpp estimated wire length 
6.09229% of the net wire length are clock nets
0% of the clock net wire length has no activity
Clock net wire length: 4.95102e+06
Total net wire length: 8.1267e+07
****** eLpp weights (no caps)
Number of nets: 1604, of which 1592 non-clock nets
Number of nets with 0 toggle rate: 0
Max toggle rate = 0.6, average toggle rate = 0.0111523
Max non-clock toggle rate = 0.0490662
eLpp weight range = (0.00875658, 53.8004)
*** 1 nets are filtered out
****** Net weight manager: report ******
Weights included: eLpp  Timing  
Number of nets with non-default weights: 1604
Amt power = 0.1
Timing factor = 1
Non-default weight range: (0.804563, 6.18373)
Information: Automatic repeater spreading is enabled.
Information: The stitching and editing of coupling caps is turned OFF for design 'dut_toplevel.dlib:dut_toplevel/mcmm_and_logic_opto_full_general.design'. (TIM-125)
Restructuring in 1 hierarchies
CGRW: importing permutable pins & pairs, size 8 and above
Information: Automatic timing control is enabled.
checking app option clockgate_objective_weight : none
Using worst RC corner 'Slow' for buffer aware analysis.
DTDP placement: scenario=Normal_Slow
Completed transferring placement data.
Running placement using 12 thread(s)
Information: Enhanced Auto Density Control is used. (PLACE-098)
Information: Enhanced auto density configuration is 13179.
Information: Automatic density control has selected the following settings: max_density 0.55, congestion_driven_max_util 0.87. (PLACE-027)
Information: HFW control 'off' invoked.
coarse place 0% done.
Selected 273 sequential cells for slack balancing.
coarse place 20% done.
coarse place 40% done.
coarse place 60% done.
coarse place 80% done.
coarse place 100% done.
Information: Coarse placer weighted wire length estimate = 1.04749e+08
Information: Extraction observers are detached as design net change threshold is reached.
Stored 0 bounds for preserving balanced registers 
Warning: No clock routing rules were specified. Use set_clock_routing_rules to specify routing rules for accurate clock latency estimation. (OPT-902)
Warning: No clock routing rules were specified. Use set_clock_routing_rules to specify routing rules for accurate clock latency estimation. (OPT-902)
Information: Estimating clock gate latencies for scenario 'PowerSave_Slow'. (OPT-909)
Warning: No clock routing rules were specified. Use set_clock_routing_rules to specify routing rules for accurate clock latency estimation. (OPT-902)
Information: Estimating clock gate latencies for scenario 'Normal_Slow'. (OPT-909)
----------------------------------------------------------------
Information: Ending   compile_fusion / initial_place / Initial Placement (FLW-8001)
Information: Time: 2025-06-11 00:16:37 / Session:  00:00:57 / Command:  00:00:49 / CPU:  00:01:43 / Memory: 1447 MB (FLW-8100)
Information: CPU Load: 9%, Ram Free: 44 GB, Swap Free: 1 GB, Work Disk Free: 308 GB, Tmp Disk Free: 308 GB (MSG-3995)
Information: Placing unplaced pins (AFP-1007)
Load DB...
CPU Time for load db: 00:00:00.00u 00:00:00.00s 00:00:00.00e: 

Min routing layer: M1
Max routing layer: MRDL


CPU Time for Top Level Pre-Route Processing: 00:00:00.00u 00:00:00.00s 00:00:00.00e: 
Warning: found large number of corner keepout wiretracks on side 2 of block dut_toplevel on layer MRDL and there is no enough wire tracks available on this side (DPPA-096)
Warning: found large number of corner keepout wiretracks on side 4 of block dut_toplevel on layer MRDL and there is no enough wire tracks available on this side (DPPA-096)
Warning: Cell contains tie connections which are not connected to real PG. (ZRT-511)
Cell Min-Routing-Layer = M1
Cell Max-Routing-Layer = MRDL
Turn off antenna since no rule is specified
Information: Option route.detail.force_end_on_preferred_grid will be ignored since none of the layers have preferred grid. (ZRT-703)

Block Pin Constraint   Min Pin Max Pin Reserve
                       Layer   Layer   Layer    Feedthroughs
--------------------   ------  ------  ------   ------------
dut_toplevel           M2      MRDL    MRDL     Not allowed

Via on layer (VIA4) needs more than one tracks
Warning: Layer M4 default pitch 0.100 may be too small to handle up/down via. Note, that minimum requirements are "wire/via-down 0.100" & "wire/via-up 0.122". (ZRT-026)
Via on layer (VIA7) needs more than one tracks
Warning: Layer M7 default pitch 0.100 may be too small to handle up/down via. Note, that minimum requirements are "wire/via-down 0.100" & "wire/via-up 0.105". (ZRT-026)
Wire on layer (M8) needs more than one tracks
Via on layer (VIA7) needs more than one tracks
Via on layer (VIA8) needs more than one tracks
Warning: Layer M8 default pitch 0.100 may be too small to handle up/down via. Note, that minimum requirements are "wire/via-down 0.105" & "wire/via-up 0.135". (ZRT-026)
Wire on layer (M9) needs more than one tracks
Via on layer (VIA8) needs more than one tracks
Via on layer (VIARDL) needs more than one tracks
Warning: Layer M9 default pitch 0.100 may be too small to handle up/down via. Note, that minimum requirements are "wire/via-down 0.135" & "wire/via-up 1.570". (ZRT-026)
Via on layer (VIARDL) needs more than one tracks
Warning: Layer MRDL default pitch 4.000 may be too small to handle up/down via. Note, that minimum requirements are "wire/via-down 4.500" & "wire/via-up 4.000". (ZRT-026)
Transition layer name: M7(6)
Transition layer name: M8(7)
Information: When applicable Min-max layer allow_pin_connection mode will allow paths of length 0.90 outside the layer range. (ZRT-707)
Information: When applicable Min-max layer allow_pin_connection mode will allow paths of length 0.90 outside the layer range on clock nets. (ZRT-718)
Information: When applicable layer based tapering will taper up to 0.00 in distance from the pin. (ZRT-706)
Warning: Standard cell pin SAEDRVT14_OA21B_1/X has no valid via regions. (ZRT-044)
Warning: Standard cell pin SAEDRVT14_ADDH_0P5/CO has no valid via regions. (ZRT-044)
Warning: Cell ctmi_2149 is placed overlapping with other cells at {{1.992 0.931} {2.806 1.531}}. (ZRT-763)
Start Global Route ... 
[Init] Elapsed real time: 0:00:00 
[Init] Elapsed cpu  time: sys=0:00:00 usr=0:00:00 total=0:00:00
[Init] Stage (MB): Used    0  Alloctr    0  Proc    0 
[Init] Total (MB): Used   52  Alloctr   53  Proc 5939 
Printing options for 'route.common.*'
common.clock_topology                                   :	 normal              
common.single_connection_to_pins                        :	 off                 

Printing options for 'route.global.*'
global.crosstalk_driven                                 :	 false               
global.deterministic                                    :	 on                  

Begin global routing.
Constructing data structure ...
Design statistics:
Design Bounding Box (-0.60um,-0.60um,36.49um,36.00um)
Number of routing layers = 10
layer M1, dir Hor, min width = 0.034um, min space = 0.026um pitch = 0.074um
layer M2, dir Ver, min width = 0.034um, min space = 0.026um pitch = 0.06um
layer M3, dir Hor, min width = 0.034um, min space = 0.026um pitch = 0.074um
layer M4, dir Ver, min width = 0.06um, min space = 0.04um pitch = 0.1um
layer M5, dir Hor, min width = 0.06um, min space = 0.04um pitch = 0.1um
layer M6, dir Ver, min width = 0.06um, min space = 0.04um pitch = 0.1um
layer M7, dir Hor, min width = 0.06um, min space = 0.04um pitch = 0.1um
layer M8, dir Ver, min width = 0.06um, min space = 0.04um pitch = 0.1um
layer M9, dir Hor, min width = 0.06um, min space = 0.04um pitch = 0.1um
layer MRDL, dir Ver, min width = 2um, min space = 2um pitch = 4um
Current Stage stats:
[End of Build Tech Data] Elapsed real time: 0:00:00 
[End of Build Tech Data] Elapsed cpu  time: sys=0:00:00 usr=0:00:00 total=0:00:00
[End of Build Tech Data] Stage (MB): Used    1  Alloctr    1  Proc    0 
[End of Build Tech Data] Total (MB): Used   56  Alloctr   57  Proc 5939 
Net statistics:
Total number of nets to route for block pin placement     = 168
Number of interface nets to route for block pin placement = 168
Net length statistics: 
Net Count(Ignore Fully Rted) 336, Total Half Perimeter Wire Length (HPWL) 6178 microns
HPWL   0 ~   50 microns: Net Count      335	Total HPWL         6109 microns
HPWL  50 ~  100 microns: Net Count        1	Total HPWL           69 microns
HPWL 100 ~  200 microns: Net Count        0	Total HPWL            0 microns
HPWL 200 ~  300 microns: Net Count        0	Total HPWL            0 microns
HPWL 300 ~  400 microns: Net Count        0	Total HPWL            0 microns
HPWL 400 ~  500 microns: Net Count        0	Total HPWL            0 microns
HPWL 500 ~  600 microns: Net Count        0	Total HPWL            0 microns
HPWL 600 ~  700 microns: Net Count        0	Total HPWL            0 microns
HPWL 700 ~  800 microns: Net Count        0	Total HPWL            0 microns
HPWL 800 ~  900 microns: Net Count        0	Total HPWL            0 microns
HPWL 900 ~ 1000 microns: Net Count        0	Total HPWL            0 microns
HPWL     > 1000 microns: Net Count        0	Total HPWL            0 microns
Current Stage stats:
[End of Build All Nets] Elapsed real time: 0:00:00 
[End of Build All Nets] Elapsed cpu  time: sys=0:00:00 usr=0:00:00 total=0:00:00
[End of Build All Nets] Stage (MB): Used    0  Alloctr    0  Proc    0 
[End of Build All Nets] Total (MB): Used   57  Alloctr   58  Proc 5939 
Number of partitions: 1 (1 x 1)
Size of partitions: 33 gCells x 32 gCells
Average gCell capacity  15.41	 on layer (1)	 M1
Average gCell capacity  18.67	 on layer (2)	 M2
Average gCell capacity  15.40	 on layer (3)	 M3
Average gCell capacity  11.18	 on layer (4)	 M4
Average gCell capacity  11.38	 on layer (5)	 M5
Average gCell capacity  11.18	 on layer (6)	 M6
Average gCell capacity  11.38	 on layer (7)	 M7
Average gCell capacity  11.18	 on layer (8)	 M8
Average gCell capacity  11.38	 on layer (9)	 M9
Average gCell capacity  0.21	 on layer (10)	 MRDL
Average number of tracks per gCell 15.47	 on layer (1)	 M1
Average number of tracks per gCell 18.73	 on layer (2)	 M2
Average number of tracks per gCell 15.47	 on layer (3)	 M3
Average number of tracks per gCell 11.24	 on layer (4)	 M4
Average number of tracks per gCell 11.44	 on layer (5)	 M5
Average number of tracks per gCell 11.24	 on layer (6)	 M6
Average number of tracks per gCell 11.44	 on layer (7)	 M7
Average number of tracks per gCell 11.24	 on layer (8)	 M8
Average number of tracks per gCell 11.44	 on layer (9)	 M9
Average number of tracks per gCell 0.27	 on layer (10)	 MRDL
Number of gCells = 10560
Current Stage stats:
[End of Build Congestion Map] Elapsed real time: 0:00:00 
[End of Build Congestion Map] Elapsed cpu  time: sys=0:00:00 usr=0:00:00 total=0:00:00
[End of Build Congestion Map] Stage (MB): Used    1  Alloctr    1  Proc    0 
[End of Build Congestion Map] Total (MB): Used   58  Alloctr   59  Proc 5939 
Number of partitions: 1 (1 x 1)
Size of partitions: 33 gCells x 32 gCells
Current Stage stats:
[End of Add Nets Demand] Elapsed real time: 0:00:00 
[End of Add Nets Demand] Elapsed cpu  time: sys=0:00:00 usr=0:00:00 total=0:00:00
[End of Add Nets Demand] Stage (MB): Used    0  Alloctr    0  Proc    0 
[End of Add Nets Demand] Total (MB): Used   58  Alloctr   59  Proc 5939 
Number of user frozen nets = 0
Total stats:
[End of Build Data] Elapsed real time: 0:00:00 
[End of Build Data] Elapsed cpu  time: sys=0:00:00 usr=0:00:00 total=0:00:00
[End of Build Data] Stage (MB): Used    2  Alloctr    2  Proc    0 
[End of Build Data] Total (MB): Used   58  Alloctr   59  Proc 5939 
Number of partitions: 1 (1 x 1)
Size of partitions: 33 gCells x 32 gCells
Current Stage stats:
[End of Blocked Pin Detection] Elapsed real time: 0:00:00 
[End of Blocked Pin Detection] Elapsed cpu  time: sys=0:00:00 usr=0:00:00 total=0:00:00
[End of Blocked Pin Detection] Stage (MB): Used   12  Alloctr   12  Proc    0 
[End of Blocked Pin Detection] Total (MB): Used   70  Alloctr   71  Proc 5939 
Information: Using 12 threads for routing. (ZRT-444)
Information: Buffer distance is estimated to be ~271.0000um (225 gCells)

Start GR phase 0
Number of partitions: 1 (1 x 1)
Size of partitions: 33 gCells x 32 gCells
[rtTop] Elapsed real time: 0:00:00 
[rtTop] Elapsed cpu  time: sys=0:00:00 usr=0:00:00 total=0:00:00
Current Stage stats:
[End of Initial Routing] Elapsed real time: 0:00:00 
[End of Initial Routing] Elapsed cpu  time: sys=0:00:00 usr=0:00:00 total=0:00:00
[End of Initial Routing] Stage (MB): Used    0  Alloctr    0  Proc    0 
[End of Initial Routing] Total (MB): Used   70  Alloctr   71  Proc 5939 
Initial. Routing result:
Initial. Both Dirs: Dmd-Cap  =     0 Max = 0 GRCs =     0 (0.00%)
Initial. H routing: Dmd-Cap  =     0 Max = 0 (GRCs =  0) GRCs =     0 (0.00%)
Initial. V routing: Dmd-Cap  =     0 Max = 0 (GRCs =  0) GRCs =     0 (0.00%)
Initial. Both Dirs: Overflow =     0 Max = 0 GRCs =     0 (0.00%)
Initial. H routing: Overflow =     0 Max = 0 (GRCs =  0) GRCs =     0 (0.00%)
Initial. V routing: Overflow =     0 Max = 0 (GRCs =  0) GRCs =     0 (0.00%)
Initial. M1         Overflow =     0 Max = 0 (GRCs =  0) GRCs =     0 (0.00%)
Initial. M2         Overflow =     0 Max = 0 (GRCs =  0) GRCs =     0 (0.00%)
Initial. M3         Overflow =     0 Max = 0 (GRCs =  0) GRCs =     0 (0.00%)
Initial. M4         Overflow =     0 Max = 0 (GRCs =  0) GRCs =     0 (0.00%)
Initial. M5         Overflow =     0 Max = 0 (GRCs =  0) GRCs =     0 (0.00%)
Initial. M6         Overflow =     0 Max = 0 (GRCs =  0) GRCs =     0 (0.00%)
Initial. M7         Overflow =     0 Max = 0 (GRCs =  0) GRCs =     0 (0.00%)
Initial. M8         Overflow =     0 Max = 0 (GRCs =  0) GRCs =     0 (0.00%)
Initial. M9         Overflow =     0 Max = 0 (GRCs =  0) GRCs =     0 (0.00%)
Initial. MRDL       Overflow =     0 Max = 0 (GRCs =  0) GRCs =     0 (0.00%)

Initial. Total Wire Length = 485.41
Initial. Layer M1 wire length = 0.00
Initial. Layer M2 wire length = 99.31
Initial. Layer M3 wire length = 253.17
Initial. Layer M4 wire length = 132.92
Initial. Layer M5 wire length = 0.00
Initial. Layer M6 wire length = 0.00
Initial. Layer M7 wire length = 0.00
Initial. Layer M8 wire length = 0.00
Initial. Layer M9 wire length = 0.00
Initial. Layer MRDL wire length = 0.00
Initial. Total Number of Contacts = 249
Initial. Via VIA1_Base count = 48
Initial. Via VIA2_Base count = 137
Initial. Via VIA34SQ_C count = 64
Initial. Via VIA4SQ count = 0
Initial. Via VIA5SQ_C count = 0
Initial. Via VIA67SQ_C count = 0
Initial. Via VIA78SQ_C count = 0
Initial. Via VIA89_C count = 0
Initial. Via VIA9RDL count = 0
Initial. completed.
[End of Whole Chip Routing] Elapsed real time: 0:00:00 
[End of Whole Chip Routing] Elapsed cpu  time: sys=0:00:00 usr=0:00:00 total=0:00:00
[End of Whole Chip Routing] Stage (MB): Used   14  Alloctr   14  Proc    0 
[End of Whole Chip Routing] Total (MB): Used   70  Alloctr   71  Proc 5939 
[End of Global Routing] Elapsed real time: 0:00:00 
[End of Global Routing] Elapsed cpu  time: sys=0:00:00 usr=0:00:00 total=0:00:00
[End of Global Routing] Stage (MB): Used   14  Alloctr   14  Proc    0 
[End of Global Routing] Total (MB): Used   70  Alloctr   71  Proc 5939 
[End of dbOut] Elapsed real time: 0:00:00 
[End of dbOut] Elapsed cpu  time: sys=0:00:00 usr=0:00:00 total=0:00:00
[End of dbOut] Stage (MB): Used    0  Alloctr    0  Proc    0 
[End of dbOut] Total (MB): Used   60  Alloctr   61  Proc 5939 
CPU Time for Global Route: 00:00:00.30u 00:00:00.01s 00:00:00.26e: 
Number of block ports: 170
Number of block pin locations assigned from router: 168
CPU Time for Pin Preparation: 00:00:00.00u 00:00:00.00s 00:00:00.00e: 
Number of PG ports on blocks: 0
Number of pins created: 170
CPU Time for Pin Creation: 00:00:00.00u 00:00:00.00s 00:00:00.00e: 
Total Pin Placement CPU Time: 00:00:00.31u 00:00:00.01s 00:00:00.28e: 
Scenario Normal_Typical is cellEm
Scenario PowerSave_Typical is cellEm
Information: The stitching and editing of coupling caps is turned OFF for design 'dut_toplevel.dlib:dut_toplevel/mcmm_and_logic_opto_full_general.design'. (TIM-125)
Info: update em.
Information: Activity propagation will be performed for scenario Normal_Fast.
Information: Doing activity propagation for mode 'Normal' and corner 'Fast' with effort level 'medium'. (POW-024)
Information: Timer-derived activity data is cached on scenario Normal_Fast (POW-052)
Information: Running switching activity propagation with 12 threads!

 **** Information : No. of simulation cycles = 6 ****
Information: Propagated activity on scenario Normal_Slow identical to that on Normal_Fast (POW-006)
Information: Propagated activity on scenario Normal_Typical identical to that on Normal_Fast (POW-006)
Information: Activity propagation will be performed for scenario PowerSave_Fast.
Information: Doing activity propagation for mode 'PowerSave' and corner 'Fast' with effort level 'medium'. (POW-024)
Information: Timer-derived activity data is cached on scenario PowerSave_Fast (POW-052)
Information: Running switching activity propagation with 12 threads!

 **** Information : No. of simulation cycles = 6 ****
Information: Propagated activity on scenario PowerSave_Slow identical to that on PowerSave_Fast (POW-006)
Information: Propagated activity on scenario PowerSave_Typical identical to that on PowerSave_Fast (POW-006)
Information: Activity for scenario Normal_Fast was cached, no propagation required. (POW-005)
Information: Activity for scenario Normal_Slow was cached, no propagation required. (POW-005)
Information: Activity for scenario Normal_Typical was cached, no propagation required. (POW-005)
Information: Activity for scenario PowerSave_Fast was cached, no propagation required. (POW-005)
Information: Activity for scenario PowerSave_Slow was cached, no propagation required. (POW-005)
Information: Activity for scenario PowerSave_Typical was cached, no propagation required. (POW-005)
CTS Cell EM initialization finished
Scenario Normal_Typical is cellEm
Scenario PowerSave_Typical is cellEm
Info: update em.
Information: Activity for scenario Normal_Fast was cached, no propagation required. (POW-005)
Information: Activity for scenario Normal_Slow was cached, no propagation required. (POW-005)
Information: Activity for scenario Normal_Typical was cached, no propagation required. (POW-005)
Information: Activity for scenario PowerSave_Fast was cached, no propagation required. (POW-005)
CTS Cell EM initialization finished
Warning: No clock routing rules were specified. Use set_clock_routing_rules to specify routing rules for accurate clock latency estimation. (OPT-902)
Warning: No clock routing rules were specified. Use set_clock_routing_rules to specify routing rules for accurate clock latency estimation. (OPT-902)
Information: Estimating clock gate latencies for scenario 'PowerSave_Typical'. (OPT-909)
Warning: No clock routing rules were specified. Use set_clock_routing_rules to specify routing rules for accurate clock latency estimation. (OPT-902)
Information: Estimating clock gate latencies for scenario 'PowerSave_Slow'. (OPT-909)
Warning: No clock routing rules were specified. Use set_clock_routing_rules to specify routing rules for accurate clock latency estimation. (OPT-902)
Information: Estimating clock gate latencies for scenario 'PowerSave_Fast'. (OPT-909)
Warning: No clock routing rules were specified. Use set_clock_routing_rules to specify routing rules for accurate clock latency estimation. (OPT-902)
Information: Estimating clock gate latencies for scenario 'Normal_Typical'. (OPT-909)
Warning: No clock routing rules were specified. Use set_clock_routing_rules to specify routing rules for accurate clock latency estimation. (OPT-902)
Information: Estimating clock gate latencies for scenario 'Normal_Slow'. (OPT-909)
Warning: No clock routing rules were specified. Use set_clock_routing_rules to specify routing rules for accurate clock latency estimation. (OPT-902)
Information: Estimating clock gate latencies for scenario 'Normal_Fast'. (OPT-909)
Information: 2 out of 12 POW-005 messages were not printed due to limit 10 (after 'compile_fusion' at task3_base.tcl:43) (MSG-3913)
Information: Ending   compile_fusion / initial_place (FLW-8001)
Information: Time: 2025-06-11 00:16:41 / Session:  00:01:01 / Command:  00:00:53 / CPU:  00:02:03 / Memory: 1447 MB (FLW-8100)
Information: CPU Load: 9%, Ram Free: 44 GB, Swap Free: 1 GB, Work Disk Free: 308 GB, Tmp Disk Free: 308 GB (MSG-3995)

Information: >>>>>>> 5 unique error and warning message tags while observing compile_fusion / initial_place: (MSG-3100)
Information: #prnt #trgr #lmt    Tag  Level     Format (or last printed message)                                (MSG-3036)
Information:     2     1  0 ZRT-511   WARNING   Warning: Cell contains tie connections which are not connect... (MSG-3032)
Information:    10     5  0 ZRT-026   WARNING   Warning: Layer MRDL default pitch 4.000 may be too small to ... (MSG-3032)
Information:     2     1  0 ZRT-763   WARNING   Warning: Cell ctmi_2149 is placed overlapping with other cel... (MSG-3032)
Information:     6     2  0 DPPA-096  WARNING   Warning: found large number of corner keepout wiretracks on ... (MSG-3032)
Information:    29     6  0 OPT-902   WARNING   Warning: No clock routing rules were specified. Use set_cloc... (MSG-3032)
Information:    49    15  0        5  <------   Total sum of messages (MSG-3038)
Information: >>>>>>> Summary: 15 error&warning MSGs observed during compile_fusion / initial_place (MSG-3103)

----------------------------------------------------------------------------------------------------------
Information: Starting compile_fusion / initial_drc (FLW-8000)
Information: Time: 2025-06-11 00:16:41 / Session:  00:01:01 / Command:  00:00:53 / CPU:  00:02:03 / Memory: 1447 MB (FLW-8100)
Information: CPU Load: 9%, Ram Free: 44 GB, Swap Free: 1 GB, Work Disk Free: 308 GB, Tmp Disk Free: 308 GB (MSG-3995)
----------------------------------------------------------------------------------------------------------
Information: Change threshold for extractor is reset. (FLW-1300)
Information: Timer using 12 threads
Information: The stitching and editing of coupling caps is turned OFF for design 'dut_toplevel.dlib:dut_toplevel/mcmm_and_logic_opto_full_general.design'. (TIM-125)
************************************************************
Timer Settings:
Delay Calculation Style:                   auto
Signal Integrity Analysis:                 disabled
Timing Window Analysis:                    disabled
Advanced Waveform Propagation:             disabled
Variation Type:                            fixed_derate
Clock Reconvergence Pessimism Removal:     disabled
Advanced Receiver Model:                   disabled
LLE:                                       disabled
ML Acceleration:                           off
************************************************************
Information: Starting compile_fusion / initial_drc / Load Design (FLW-8000)
Information: Time: 2025-06-11 00:16:41 / Session:  00:01:01 / Command:  00:00:53 / CPU:  00:02:05 / Memory: 1447 MB (FLW-8100)
Information: CPU Load: 9%, Ram Free: 44 GB, Swap Free: 1 GB, Work Disk Free: 308 GB, Tmp Disk Free: 308 GB (MSG-3995)
Number of Site types in the design = 1
Setting up Chip Core
Chip Core shape: (0 0) (358900 354000)
Number of VARs = 1
Number of unique PDs = 1
Number of Power Domains = 1
Number of Voltage Areas = 1
Number of supply Nets = 2
Number of used supplies = 0
Blocked VAs: 
Information: Initializing classic cellmap without advanced rules enabled and without PDC enabled
Information: The following app options are used in cellmap
        place.legalize.enable_color_aware_placement : false
        place.legalize.use_nll_query_cm : false
        place.legalize.enable_advanced_legalizer : false
        place.legalize.enable_prerouted_net_check : true
        place.legalize.enable_advanced_prerouted_net_check : false
        place.legalize.always_continue : true
        place.legalize.limit_legality_checks : false
        place.common.pnet_aware_density : 1.0000
        place.common.pnet_aware_min_width : 0.0000
        place.common.pnet_aware_layers : {}
        place.common.use_placement_model : false
        place.common.enable_advanced_placement_model : true
        cts.placement.cell_spacing_rule_style : maximum
Warning: Library cell saed14rvt_ff0p88v125c:SAEDRVT14_ISOFSDPQ_PECO_8.frame is missing supply pins. Its power structure cannot be determined. (LGL-050)
Warning: Library cell saed14rvt_ff0p88v125c:SAEDRVT14_DCAP_PV1ECO_12.frame is missing supply pins. Its power structure cannot be determined. (LGL-050)
Warning: Library cell saed14rvt_c_physical_only:SAEDRVT14_AOLVLUBUFE0_IY2V1_1.frame is missing supply pins. Its power structure cannot be determined. (LGL-050)
Warning: Library cell saed14rvt_c_physical_only:SAEDRVT14_AOLVLUBUFE0_IY2V1_10.frame is missing supply pins. Its power structure cannot be determined. (LGL-050)
Warning: Library cell saed14rvt_c_physical_only:SAEDRVT14_AOLVLUBUFE0_IY2V1_12.frame is missing supply pins. Its power structure cannot be determined. (LGL-050)
Note - message 'LGL-050' limit (5) exceeded. Remainder will be suppressed.
Total 0.0574 seconds to build cellmap data
INFO: creating 20(r) x 20(c) GridCells YDim 1.8 XDim 1.8
INFO: number of GridCells (0xb61f1260): 400
INFO: creating 20(r) x 20(c) GridCells YDim 1.8 XDim 1.8
INFO: number of GridCells (0xb61f1260): 400
Total 0.0124 seconds to load 1174 cell instances into cellmap, 1174 cells are off site row
Moveable cells: 1174; Application fixed cells: 0; Macro cells: 0; User fixed cells: 0
Average cell width 1.2837, cell height 0.6000, cell area 0.7702 for total 1174 placed and application fixed cells
Information: 123 out of 128 LGL-050 messages were not printed due to limit 5 (after 'compile_fusion' at task3_base.tcl:43) (MSG-3913)
Information: Enabling scaled virtual route (VR) (FLW-5761)
Information: Enabling light RDE flow Mode (FLW-5761)
Information: The stitching and editing of coupling caps is turned OFF for design 'dut_toplevel.dlib:dut_toplevel/mcmm_and_logic_opto_full_general.design'. (TIM-125)
Information: Ending   compile_fusion / initial_drc / Load Design (FLW-8001)
Information: Time: 2025-06-11 00:16:43 / Session:  00:01:03 / Command:  00:00:55 / CPU:  00:02:19 / Memory: 1447 MB (FLW-8100)
Information: CPU Load: 9%, Ram Free: 44 GB, Swap Free: 1 GB, Work Disk Free: 308 GB, Tmp Disk Free: 308 GB (MSG-3995)
Information: The stitching and editing of coupling caps is turned OFF for design 'dut_toplevel.dlib:dut_toplevel/mcmm_and_logic_opto_full_general.design'. (TIM-125)
Information: Starting compile_fusion / initial_drc / Global Route (FLW-8000)
Information: Time: 2025-06-11 00:16:43 / Session:  00:01:03 / Command:  00:00:55 / CPU:  00:02:20 / Memory: 1447 MB (FLW-8100)
Information: CPU Load: 9%, Ram Free: 44 GB, Swap Free: 1 GB, Work Disk Free: 308 GB, Tmp Disk Free: 308 GB (MSG-3995)
Information: Ending   compile_fusion / initial_drc / Global Route (FLW-8001)
Information: Time: 2025-06-11 00:16:43 / Session:  00:01:03 / Command:  00:00:55 / CPU:  00:02:20 / Memory: 1447 MB (FLW-8100)
Information: CPU Load: 9%, Ram Free: 44 GB, Swap Free: 1 GB, Work Disk Free: 308 GB, Tmp Disk Free: 308 GB (MSG-3995)
Information: Starting compile_fusion / initial_drc / Automatic Register Splitting (FLW-8000)
Information: Time: 2025-06-11 00:16:43 / Session:  00:01:03 / Command:  00:00:55 / CPU:  00:02:20 / Memory: 1447 MB (FLW-8100)
Information: CPU Load: 9%, Ram Free: 44 GB, Swap Free: 1 GB, Work Disk Free: 308 GB, Tmp Disk Free: 308 GB (MSG-3995)
Information: Ending   compile_fusion / initial_drc / Automatic Register Splitting (FLW-8001)
Information: Time: 2025-06-11 00:16:43 / Session:  00:01:03 / Command:  00:00:55 / CPU:  00:02:20 / Memory: 1447 MB (FLW-8100)
Information: CPU Load: 9%, Ram Free: 44 GB, Swap Free: 1 GB, Work Disk Free: 308 GB, Tmp Disk Free: 308 GB (MSG-3995)
Information: Starting compile_fusion / initial_drc / High Fanout Synthesis (FLW-8000)
Information: Time: 2025-06-11 00:16:43 / Session:  00:01:03 / Command:  00:00:55 / CPU:  00:02:20 / Memory: 1447 MB (FLW-8100)
Information: CPU Load: 9%, Ram Free: 44 GB, Swap Free: 1 GB, Work Disk Free: 308 GB, Tmp Disk Free: 308 GB (MSG-3995)
min assign layer = M4
Corner Scaling is off, multiplier is 1.000000
Zbuf-HFS: gathering all scenarios
orb constraints: using power mt scenarios
ORB: timingScenario Normal_Slow timingCorner Slow
INFO: Using corner Typical for worst leakage corner
Using default layer M4
new cutoff lpd: 3.06118e-07
corner scaling: maxCornerId = 3
corner=Fast, tran factor=0.837270 (0.028178 / 0.033655)
corner=Typical, tran factor=0.944434 (0.031785 / 0.033655)
corner=Slow, tran factor=1.000000 (0.033655 / 0.033655)
ORB: Nominal = 0.0053925  Design MT = inf  Target = 0.0336550 (6.241 nominal)  MaxRC = 0.022191
ORB: Fast Target = 0.011701 ( 2.170 nominal )
ORB: stageDelay=0.025981, stageLength=1609839
INFO: Using corner Typical for worst leakage corner
Using default layer M4
new cutoff lpd: 3.06118e-07
corner scaling: maxCornerId = 3
corner=Fast, tran factor=0.837270 (0.028178 / 0.033655)
corner=Typical, tran factor=0.944434 (0.031785 / 0.033655)
corner=Slow, tran factor=1.000000 (0.033655 / 0.033655)
INFO: Using corner Typical for worst leakage corner
Using default layer M4
new cutoff lpd: 3.06118e-07
corner scaling: maxCornerId = 3
corner=Fast, tran factor=0.837270 (0.028178 / 0.033655)
corner=Typical, tran factor=0.944434 (0.031785 / 0.033655)
corner=Slow, tran factor=1.000000 (0.033655 / 0.033655)
INFO: Using corner Typical for worst leakage corner
Using default layer M4
new cutoff lpd: 3.06118e-07
corner scaling: maxCornerId = 3
corner=Fast, tran factor=0.837270 (0.028178 / 0.033655)
corner=Typical, tran factor=0.944434 (0.031785 / 0.033655)
corner=Slow, tran factor=1.000000 (0.033655 / 0.033655)
INFO: Using corner Typical for worst leakage corner
Using default layer M4
new cutoff lpd: 3.06118e-07
corner scaling: maxCornerId = 3
corner=Fast, tran factor=0.837270 (0.028178 / 0.033655)
corner=Typical, tran factor=0.944434 (0.031785 / 0.033655)
corner=Slow, tran factor=1.000000 (0.033655 / 0.033655)
INFO: Using corner Typical for worst leakage corner
Using default layer M4
new cutoff lpd: 3.06118e-07
corner scaling: maxCornerId = 3
corner=Fast, tran factor=0.837270 (0.028178 / 0.033655)
corner=Typical, tran factor=0.944434 (0.031785 / 0.033655)
corner=Slow, tran factor=1.000000 (0.033655 / 0.033655)
INFO: Using corner Typical for worst leakage corner
Using default layer M4
new cutoff lpd: 3.06118e-07
corner scaling: maxCornerId = 3
corner=Fast, tran factor=0.837270 (0.028178 / 0.033655)
corner=Typical, tran factor=0.944434 (0.031785 / 0.033655)
corner=Slow, tran factor=1.000000 (0.033655 / 0.033655)
INFO: Using corner Typical for worst leakage corner
Using default layer M4
new cutoff lpd: 3.06118e-07
corner scaling: maxCornerId = 3
corner=Fast, tran factor=0.837270 (0.028178 / 0.033655)
corner=Typical, tran factor=0.944434 (0.031785 / 0.033655)
corner=Slow, tran factor=1.000000 (0.033655 / 0.033655)
INFO: Using corner Typical for worst leakage corner
Using default layer M4
new cutoff lpd: 3.06118e-07
corner scaling: maxCornerId = 3
corner=Fast, tran factor=0.837270 (0.028178 / 0.033655)
corner=Typical, tran factor=0.944434 (0.031785 / 0.033655)
corner=Slow, tran factor=1.000000 (0.033655 / 0.033655)
INFO: Using corner Typical for worst leakage corner
Using default layer M4
new cutoff lpd: 3.06118e-07
corner scaling: maxCornerId = 3
corner=Fast, tran factor=0.837270 (0.028178 / 0.033655)
corner=Typical, tran factor=0.944434 (0.031785 / 0.033655)
corner=Slow, tran factor=1.000000 (0.033655 / 0.033655)
INFO: Using corner Typical for worst leakage corner
Using default layer M4
new cutoff lpd: 3.06118e-07
corner scaling: maxCornerId = 3
corner=Fast, tran factor=0.837270 (0.028178 / 0.033655)
corner=Typical, tran factor=0.944434 (0.031785 / 0.033655)
corner=Slow, tran factor=1.000000 (0.033655 / 0.033655)
INFO: Using corner Typical for worst leakage corner
Using default layer M4
new cutoff lpd: 3.06118e-07
corner scaling: maxCornerId = 3
corner=Fast, tran factor=0.837270 (0.028178 / 0.033655)
corner=Typical, tran factor=0.944434 (0.031785 / 0.033655)
corner=Slow, tran factor=1.000000 (0.033655 / 0.033655)
Collecting Drivers ...  
Design max_transition = inf
Design max_capacitance = inf
GRE layer bins: None, M4
WINFO: 1604 None; 0 M4; 0 Total
Running clock data isolation flow.
Found 0 buffer-tree drivers
No violators found
Running tristate isolation flow.
TSI: added 0 repeaters
Running mv isolation flow.
Found 0 buffer-tree drivers
No violators found
Found 4 buffer-tree drivers

Roi-HfsDrc SN: 1798569713 435980330 0 1 (300.000000)

Processing Buffer Trees  (ROI) ... 

    [1]  10% ...
    [2]  20% ...
    [3]  30% ...
    [4]  40% ...
    [4] 100% Done

                  Deleted        Added
------------ ------------ ------------
    Buffers:            0           12
  Inverters:            2            2
------------ ------------ ------------
      Total:            2           14
------------ ------------ ------------

Number of Drivers Sized: 2 [50.00%]

                      P: 2 [50.00%]
                      N: 0 [0.00%]

WINFO: 1616 None; 0 M4; 0 Total
Information: The net parasitics of block dut_toplevel are cleared. (TIM-123)
Information: The stitching and editing of coupling caps is turned OFF for design 'dut_toplevel.dlib:dut_toplevel/mcmm_and_logic_opto_full_general.design'. (TIM-125)
WINFO: 1616 None; 0 M4; 0 Total
Zbuf-RUNTIME (Hr:Min:Sec)  CPU 0 hr : 0 min : 2.13 sec ELAPSE 0 hr : 0 min : 0.87 sec
Zbuf-RUNTIME         (Min) CPU 0 min ELAPSE 0 min
ZBuf-MEM(max-mem) total 1481520 K / inuse 1348432 K
Information: Result of compile_fusion / initial_drc / High Fanout Synthesis (FLW-8500)
Information: Top 10 transition violators after high fanout synthesis (HFS-1000)
Slack     Fanout  Scenario    Driver                                                       

Compile-fusion optimization summary            SETUP-COST    R2R-COST HOLD-COST LDRC-COST          AREA     LEAKAGE     INSTCNT            ELAPSE       MEM
Compile-fusion                                       0.21        0.21         -         0        914.06   302900.56        1186              0.02      1446
Information: Ending   compile_fusion / initial_drc / High Fanout Synthesis (FLW-8001)
Information: Time: 2025-06-11 00:16:44 / Session:  00:01:04 / Command:  00:00:56 / CPU:  00:02:23 / Memory: 1447 MB (FLW-8100)
Information: CPU Load: 9%, Ram Free: 44 GB, Swap Free: 1 GB, Work Disk Free: 308 GB, Tmp Disk Free: 308 GB (MSG-3995)
Information: The net parasitics of block dut_toplevel are cleared. (TIM-123)
Information: Ending   compile_fusion / initial_drc (FLW-8001)
Information: Time: 2025-06-11 00:16:44 / Session:  00:01:04 / Command:  00:00:56 / CPU:  00:02:23 / Memory: 1447 MB (FLW-8100)
Information: CPU Load: 9%, Ram Free: 44 GB, Swap Free: 1 GB, Work Disk Free: 308 GB, Tmp Disk Free: 308 GB (MSG-3995)

Information: >>>>>>> 1 unique error and warning message tags while observing compile_fusion / initial_drc: (MSG-3100)
Information: #prnt #trgr #lmt    Tag  Level     Format (or last printed message)                                (MSG-3036)
Information:     5     5  5 LGL-050   WARNING   Warning: Library cell saed14rvt_c_physical_only:SAEDRVT14_AO... (MSG-3032)
Information:     5     5  1        1  <------   Total sum of messages (MSG-3038)
Information: >>>>>>> Summary: 5 error&warning MSGs observed during compile_fusion / initial_drc (MSG-3103)

----------------------------------------------------------------------------------------------------------
Information: Starting compile_fusion / initial_opto (FLW-8000)
Information: Time: 2025-06-11 00:16:44 / Session:  00:01:04 / Command:  00:00:56 / CPU:  00:02:23 / Memory: 1447 MB (FLW-8100)
Information: CPU Load: 9%, Ram Free: 44 GB, Swap Free: 1 GB, Work Disk Free: 308 GB, Tmp Disk Free: 308 GB (MSG-3995)
----------------------------------------------------------------------------------------------------------
Information: Change threshold for extractor is reset. (FLW-1300)
Information: Timer using 12 threads
[Tim-Power] Info: Cleared Leakage libCell cache.
flowStepUpsInPbo:: using optEnvMonitor()
Information: Initializing classic cellmap without advanced rules enabled and without PDC enabled
Information: The following app options are used in cellmap
        place.legalize.enable_color_aware_placement : false
        place.legalize.use_nll_query_cm : false
        place.legalize.enable_advanced_legalizer : false
        place.legalize.enable_prerouted_net_check : true
        place.legalize.enable_advanced_prerouted_net_check : false
        place.legalize.always_continue : true
        place.legalize.limit_legality_checks : false
        place.common.pnet_aware_density : 1.0000
        place.common.pnet_aware_min_width : 0.0000
        place.common.pnet_aware_layers : {}
        place.common.use_placement_model : false
        place.common.enable_advanced_placement_model : true
        cts.placement.cell_spacing_rule_style : maximum
Warning: Library cell saed14rvt_ff0p88v125c:SAEDRVT14_ISOFSDPQ_PECO_8.frame is missing supply pins. Its power structure cannot be determined. (LGL-050)
Warning: Library cell saed14rvt_ff0p88v125c:SAEDRVT14_DCAP_PV1ECO_12.frame is missing supply pins. Its power structure cannot be determined. (LGL-050)
Warning: Library cell saed14rvt_c_physical_only:SAEDRVT14_AOLVLUBUFE0_IY2V1_1.frame is missing supply pins. Its power structure cannot be determined. (LGL-050)
Warning: Library cell saed14rvt_c_physical_only:SAEDRVT14_AOLVLUBUFE0_IY2V1_10.frame is missing supply pins. Its power structure cannot be determined. (LGL-050)
Warning: Library cell saed14rvt_c_physical_only:SAEDRVT14_AOLVLUBUFE0_IY2V1_12.frame is missing supply pins. Its power structure cannot be determined. (LGL-050)
Total 0.0575 seconds to build cellmap data
INFO: compile_fusion is running in balanced flow mode
Warning: Cannot find any max transition constraint on the design. (OPT-070)
INFO: Leakage Power Aware Optimization Enabled
Information: The automatic clock gate timing flow is activated. Clock latencies set on clock gate cells will be automatically adjusted by an estimate for latency. (CGT-4005)
INFO: EarlyGR flow is not enabled.
.INFO: disable CRPR-based timing. 
Information: The stitching and editing of coupling caps is turned OFF for design 'dut_toplevel.dlib:dut_toplevel/mcmm_and_logic_opto_full_general.design'. (TIM-125)
Number of Site types in the design = 1
Setting up Chip Core
Chip Core shape: (0 0) (358900 354000)
Number of VARs = 1
Number of unique PDs = 1
Number of Power Domains = 1
Number of Voltage Areas = 1
Number of supply Nets = 2
Number of used supplies = 0
Blocked VAs: 

compile command begin                   CPU:   152 s (  0.04 hr )  ELAPSE:    65 s (  0.02 hr )  MEM-PEAK:  1446 MB
Warning: Cannot find any max transition constraint on the design. (OPT-070)
Information: The stitching and editing of coupling caps is turned OFF for design 'dut_toplevel.dlib:dut_toplevel/mcmm_and_logic_opto_full_general.design'. (TIM-125)
************************************************************
Timer Settings:
Delay Calculation Style:                   auto
Signal Integrity Analysis:                 disabled
Timing Window Analysis:                    disabled
Advanced Waveform Propagation:             disabled
Variation Type:                            fixed_derate
Clock Reconvergence Pessimism Removal:     disabled
Advanced Receiver Model:                   disabled
LLE:                                       disabled
ML Acceleration:                           off
************************************************************
Info: update em.

compile timing update complete          CPU:   153 s (  0.04 hr )  ELAPSE:    65 s (  0.02 hr )  MEM-PEAK:  1446 MB

compile initial QoR
___________________
Scenario Mapping Table
1: Normal_Fast
2: Normal_Slow
3: Normal_Typical
4: PowerSave_Fast
5: PowerSave_Slow
6: PowerSave_Typical

Pathgroup Mapping Table
1: **default**
2: **async_default**
3: **clock_gating_default**
4: **in2reg_default**
5: **reg2out_default**
6: **in2out_default**
7: clk

-------------------------------------------------------------------------------------------------------------------------------------------------------------
PATHGROUP QOR 
-------------------------------------------------------------------------------------------------------------------------------------------------------------
Scene  PG      WNS        TNS    NSV      WHV        THV    NHV
    2   1   0.0000     0.0000      0        -          -      -
    2   2   0.0000     0.0000      0        -          -      -
    2   3   0.0000     0.0000      0        -          -      -
    2   4   0.0000     0.0000      0        -          -      -
    2   5   0.0000     0.0000      0        -          -      -
    2   6   0.0000     0.0000      0        -          -      -
    2   7   0.0824     0.1946      4        -          -      -
    3   1   0.0000     0.0000      0        -          -      -
    3   2   0.0000     0.0000      0        -          -      -
    3   3   0.0000     0.0000      0        -          -      -
    3   4   0.0000     0.0000      0        -          -      -
    3   5   0.0000     0.0000      0        -          -      -
    3   6   0.0000     0.0000      0        -          -      -
    3   7   0.0000     0.0000      0        -          -      -
    5   1   0.0000     0.0000      0        -          -      -
    5   2   0.0000     0.0000      0        -          -      -
    5   3   0.0000     0.0000      0        -          -      -
    5   4   0.0000     0.0000      0        -          -      -
    5   5   0.0000     0.0000      0        -          -      -
    5   6   0.0000     0.0000      0        -          -      -
    5   7   0.0000     0.0000      0        -          -      -
    6   1   0.0000     0.0000      0        -          -      -
    6   2   0.0000     0.0000      0        -          -      -
    6   3   0.0000     0.0000      0        -          -      -
    6   4   0.0000     0.0000      0        -          -      -
    6   5   0.0000     0.0000      0        -          -      -
    6   6   0.0000     0.0000      0        -          -      -
    6   7   0.0000     0.0000      0        -          -      -
----------------------------------------------------------------------------------------------------------------------------------------------------------------------
SCENARIO QOR 
----------------------------------------------------------------------------------------------------------------------------------------------------------------------
Scene  PG      WNS        TNS   R2RTNS    NSV      WHV        THV    NHV  MaxTrnV   MaxTranC  MaxCapV    Leakage     CellEMV
    1   *        -          -        -      -        -          -      -        -          -        0          -           0
    2   *   0.0824     0.1946   0.1946      4        -          -      -        0     0.0000        -  16687.230           0
    3   *   0.0000     0.0000   0.0000      0        -          -      -        0     0.0000        0 302900.562           0
    4   *        -          -        -      -        -          -      -        -          -        0          -           0
    5   *   0.0000     0.0000   0.0000      0        -          -      -        0     0.0000        -  16687.230           0
    6   *   0.0000     0.0000   0.0000      0        -          -      -        0     0.0000        0 302900.562           0
----------------------------------------------------------------------------------------------------------------------------------------------------------------------
DESIGN QOR 
----------------------------------------------------------------------------------------------------------------------------------------------------------------------
Scene  PG      WNS        TNS   R2RTNS    NSV      WHV        THV    NHV  MaxTrnV   MaxTranC  MaxCapV    Leakage         Area    InstCnt     BufCnt     InvCnt     CellEMV
    *   *   0.0824     0.1946   0.1946      4   0.0000     0.0000      0        0     0.0000        0 302900.562       914.06       1186         12         21           0
----------------------------------------------------------------------------------------------------------------------------------------------------------------------

compile initial QoR Summary       WNS        TNS   R2RTNS    NSV      WHV        THV    NHV  MaxTrnV  MaxCapV    Leakage         Area    InstCnt
compile initial QoR Summary    0.0824     0.1946   0.1946      4   0.0000     0.0000      0        0        0 302900.562       914.06       1186
Information: The netlist change observers are disabled for incremental extraction. (TIM-126)
INFO: using 12 threads
compile initialization complete         CPU:   169 s (  0.05 hr )  ELAPSE:    67 s (  0.02 hr )  MEM-PEAK:  1456 MB
compile optimization summary            SETUP-COST    R2R-COST HOLD-COST LDRC-COST          AREA     LEAKAGE     INSTCNT            ELAPSE       MEM
Warning: Cannot find any max transition constraint on the design. (OPT-070)
Information: The netlist change observers are enabled for incremental extraction. (TIM-127)

[Tim-Power] Info: Cleared Leakage libCell cache.
Information: Initializing classic cellmap without advanced rules enabled and without PDC enabled
Information: The following app options are used in cellmap
        place.legalize.enable_color_aware_placement : false
        place.legalize.use_nll_query_cm : false
        place.legalize.enable_advanced_legalizer : false
        place.legalize.enable_prerouted_net_check : false
        place.legalize.enable_advanced_prerouted_net_check : false
        place.legalize.always_continue : true
        place.legalize.limit_legality_checks : false
        place.common.pnet_aware_density : 1.0000
        place.common.pnet_aware_min_width : 0.0000
        place.common.pnet_aware_layers : {}
        place.common.use_placement_model : false
        place.common.enable_advanced_placement_model : true
        cts.placement.cell_spacing_rule_style : maximum
Total 0.0561 seconds to build cellmap data
INFO: creating 20(r) x 20(c) GridCells YDim 1.8 XDim 1.8
INFO: number of GridCells (0xb4647ce0): 400
INFO: creating 20(r) x 20(c) GridCells YDim 1.8 XDim 1.8
INFO: number of GridCells (0xb4647ce0): 400
Total 0.0122 seconds to load 1186 cell instances into cellmap, 1172 cells are off site row
Moveable cells: 1186; Application fixed cells: 0; Macro cells: 0; User fixed cells: 0
Average cell width 1.2845, cell height 0.6000, cell area 0.7707 for total 1186 placed and application fixed cells
Information: 251 out of 256 LGL-050 messages were not printed due to limit 5 (after 'compile_fusion' at task3_base.tcl:43) (MSG-3913)
Information: Starting compile_fusion / initial_opto / Optimization (1) (FLW-8000)
Information: Time: 2025-06-11 00:16:50 / Session:  00:01:10 / Command:  00:01:02 / CPU:  00:03:00 / Memory: 1457 MB (FLW-8100)
Information: CPU Load: 11%, Ram Free: 44 GB, Swap Free: 1 GB, Work Disk Free: 308 GB, Tmp Disk Free: 308 GB (MSG-3995)
Information: Starting compile_fusion / initial_opto / Optimization (1) / Timing Optimization (FLW-8000)
Information: Time: 2025-06-11 00:16:50 / Session:  00:01:10 / Command:  00:01:02 / CPU:  00:03:00 / Memory: 1457 MB (FLW-8100)
Information: CPU Load: 11%, Ram Free: 44 GB, Swap Free: 1 GB, Work Disk Free: 308 GB, Tmp Disk Free: 308 GB (MSG-3995)
Disable clock slack update for ideal clocks
Warning: Restoring scoped app option 'ropt.rbuf_subtree_crit_range' to original value 'unset' (from current value '-1', which is different from the scoped value '-1.0'). (FLW-2892)
Disable clock slack update for ideal clocks
Corner Scaling is off, multiplier is 1.000000
Using default layer M4
new cutoff lpd: 3.06118e-07
corner scaling: maxCornerId = 3
corner=Fast, tran factor=0.837270 (0.028178 / 0.033655)
corner=Typical, tran factor=0.944434 (0.031785 / 0.033655)
corner=Slow, tran factor=1.000000 (0.033655 / 0.033655)
Warning: Restoring scoped app option 'ropt.rbuf_subtree_crit_range' to original value 'unset' (from current value '-1', which is different from the scoped value '-1.0'). (FLW-2892)
Disable clock slack update for ideal clocks
Warning: Restoring scoped app option 'ropt.rbuf_subtree_crit_range' to original value 'unset' (from current value '-1', which is different from the scoped value '-1.0'). (FLW-2892)
Disable clock slack update for ideal clocks
Warning: Restoring scoped app option 'ropt.rbuf_subtree_crit_range' to original value 'unset' (from current value '-1', which is different from the scoped value '-1.0'). (FLW-2892)
Disable clock slack update for ideal clocks
Warning: Restoring scoped app option 'ropt.rbuf_subtree_crit_range' to original value 'unset' (from current value '-1', which is different from the scoped value '-1.0'). (FLW-2892)
Information: Ending   compile_fusion / initial_opto / Optimization (1) / Timing Optimization (FLW-8001)
Information: Time: 2025-06-11 00:16:56 / Session:  00:01:16 / Command:  00:01:08 / CPU:  00:03:07 / Memory: 1530 MB (FLW-8100)
Information: CPU Load: 10%, Ram Free: 44 GB, Swap Free: 1 GB, Work Disk Free: 308 GB, Tmp Disk Free: 308 GB (MSG-3995)
Warning: Restoring scoped app option 'xform.commit_density_threshold' to original value 'unset' (from current value '1.1', which is different from the scoped value '1.100000'). (FLW-2892)
Warning: Restoring scoped app option 'ropt.rutil_density_threshold' to original value 'unset' (from current value '1.1', which is different from the scoped value '1.100000'). (FLW-2892)
Warning: Restoring scoped app option 'opt.internal.levfilter_arec_slack' to original value 'unset' (from current value '-1', which is different from the scoped value '-1.0'). (FLW-2892)
Disable clock slack update for ideal clocks
Warning: Restoring scoped app option 'ropt.rbuf_subtree_crit_range' to original value 'unset' (from current value '-1', which is different from the scoped value '-1.0'). (FLW-2892)
Information: Ending   compile_fusion / initial_opto / Optimization (1) (FLW-8001)
Information: Time: 2025-06-11 00:17:01 / Session:  00:01:21 / Command:  00:01:13 / CPU:  00:03:13 / Memory: 1542 MB (FLW-8100)
Information: CPU Load: 10%, Ram Free: 44 GB, Swap Free: 1 GB, Work Disk Free: 308 GB, Tmp Disk Free: 308 GB (MSG-3995)
----------------------------------------------------------------
running create_placement
Corner Scaling is off, multiplier is 1.000000
ORB: timingScenario Normal_Slow timingCorner Slow
INFO: Using corner Typical for worst leakage corner
Using default layer M4
new cutoff lpd: 3.06118e-07
corner scaling: maxCornerId = 3
corner=Fast, tran factor=0.837270 (0.028178 / 0.033655)
corner=Typical, tran factor=0.944434 (0.031785 / 0.033655)
corner=Slow, tran factor=1.000000 (0.033655 / 0.033655)
ORB: Nominal = 0.0053925  Design MT = inf  Target = 0.0336550 (6.241 nominal)  MaxRC = 0.022191
ORB: Fast Target = 0.011701 ( 2.170 nominal )
ORB: stageDelay=0.025981, stageLength=1609839
nplLib: default vr hor dist = 322
nplLib: default vr ver dist = 322
nplLib: default vr buf size = 2
nplLib: default vr buf size = 1

Placement Options:
Effort:                        medium_effort       
Timing Driven:                 false               
Buffering Aware Timing Driven: false               
Seed locs:                     true                
Incremental:                   false               
Congestion:                    false               
Fix Macros:                    true                
Place Macros:                  false               
Channel Size Macros:           false               


Start transferring placement data.
Added 0 bounds for preserving balanced registers
****** Net weight manager: report ******
Weights included: Timing  
Number of nets with non-default weights: 1612
Timing factor = 1
Non-default weight range: (0.889227, 2.66768)
Information: Automatic repeater spreading is enabled.
Information: The net parasitics of block dut_toplevel are cleared. (TIM-123)
Completed transferring placement data.
Running placement using 12 thread(s)
Information: Enhanced Auto Density Control is used. (PLACE-098)
Information: Enhanced auto density configuration is 13179.
Information: Automatic density control has selected the following settings: max_density 0.55, congestion_driven_max_util 0.87. (PLACE-027)
Information: HFW control 'off' invoked.
coarse place 33% done.
coarse place 67% done.
coarse place 100% done.
Information: Coarse placer weighted wire length estimate = 9.98908e+07
Information: Extraction observers are detached as design net change threshold is reached.
Warning: No clock routing rules were specified. Use set_clock_routing_rules to specify routing rules for accurate clock latency estimation. (OPT-902)
Warning: No clock routing rules were specified. Use set_clock_routing_rules to specify routing rules for accurate clock latency estimation. (OPT-902)
Information: Estimating clock gate latencies for scenario 'PowerSave_Typical'. (OPT-909)
Warning: No clock routing rules were specified. Use set_clock_routing_rules to specify routing rules for accurate clock latency estimation. (OPT-902)
Information: Estimating clock gate latencies for scenario 'PowerSave_Slow'. (OPT-909)
Warning: No clock routing rules were specified. Use set_clock_routing_rules to specify routing rules for accurate clock latency estimation. (OPT-902)
Information: Estimating clock gate latencies for scenario 'Normal_Typical'. (OPT-909)
Warning: No clock routing rules were specified. Use set_clock_routing_rules to specify routing rules for accurate clock latency estimation. (OPT-902)
Information: Estimating clock gate latencies for scenario 'Normal_Slow'. (OPT-909)
----------------------------------------------------------------
Information: Starting compile_fusion / initial_opto / Timing and Congestion Driven Placement (FLW-8000)
Information: Time: 2025-06-11 00:17:02 / Session:  00:01:22 / Command:  00:01:15 / CPU:  00:03:16 / Memory: 1542 MB (FLW-8100)
Information: CPU Load: 10%, Ram Free: 44 GB, Swap Free: 1 GB, Work Disk Free: 308 GB, Tmp Disk Free: 308 GB (MSG-3995)
----------------------------------------------------------------
----------------------------------------------------------------
Running congestion-aware direct-timing-driven placement
Information: Current block utilization is '0.71800', effective utilization is '0.71903'. (OPT-055)
chip utilization before DTDP: 0.72
Start Timing-driven placement
Start transferring placement data.
Warning: To enable pin track alignment feature, the advanced legalizer has to be turned on using app option "place.legalize.enable_advanced_legalizer".
Warning: Pin track alignment feature will be disabled in this run
Information: Initializing classic cellmap without advanced rules enabled and without PDC enabled
Information: The following app options are used in cellmap
        place.legalize.enable_color_aware_placement : false
        place.legalize.use_nll_query_cm : false
        place.legalize.enable_advanced_legalizer : false
        place.legalize.enable_prerouted_net_check : true
        place.legalize.enable_advanced_prerouted_net_check : false
        place.legalize.always_continue : true
        place.legalize.limit_legality_checks : false
        place.common.pnet_aware_density : 1.0000
        place.common.pnet_aware_min_width : 0.0000
        place.common.pnet_aware_layers : {}
        place.common.use_placement_model : false
        place.common.enable_advanced_placement_model : true
        cts.placement.cell_spacing_rule_style : maximum
Warning: Library cell saed14rvt_ff0p88v125c:SAEDRVT14_ISOFSDPQ_PECO_8.frame is missing supply pins. Its power structure cannot be determined. (LGL-050)
Warning: Library cell saed14rvt_ff0p88v125c:SAEDRVT14_DCAP_PV1ECO_12.frame is missing supply pins. Its power structure cannot be determined. (LGL-050)
Warning: Library cell saed14rvt_c_physical_only:SAEDRVT14_AOLVLUBUFE0_IY2V1_1.frame is missing supply pins. Its power structure cannot be determined. (LGL-050)
Warning: Library cell saed14rvt_c_physical_only:SAEDRVT14_AOLVLUBUFE0_IY2V1_10.frame is missing supply pins. Its power structure cannot be determined. (LGL-050)
Warning: Library cell saed14rvt_c_physical_only:SAEDRVT14_AOLVLUBUFE0_IY2V1_12.frame is missing supply pins. Its power structure cannot be determined. (LGL-050)
Total 0.0586 seconds to build cellmap data
Snapped 1182 standard cells to the nearest cellrow to improve the accuracy of congestion analysis.
Start Global Route ... 
[Init] Elapsed real time: 0:00:00 
[Init] Elapsed cpu  time: sys=0:00:00 usr=0:00:00 total=0:00:00
[Init] Stage (MB): Used    0  Alloctr    0  Proc    0 
[Init] Total (MB): Used    7  Alloctr    8  Proc 6162 
Printing options for 'route.common.*'
common.clock_topology                                   :	 normal              
common.single_connection_to_pins                        :	 off                 

Printing options for 'route.global.*'
global.crosstalk_driven                                 :	 false               
global.deterministic                                    :	 on                  
global.timing_driven                                    :	 false               

Begin global routing.
Warning: Cell contains tie connections which are not connected to real PG. (ZRT-511)
Cell Min-Routing-Layer = M1
Cell Max-Routing-Layer = MRDL
Turn off antenna since no rule is specified
Information: Option route.detail.force_end_on_preferred_grid will be ignored since none of the layers have preferred grid. (ZRT-703)
Skipping 1 internal pins that are not physical. Set route.common.verbose_level to > 0 and run routing command to get skipped pin names.
Info: number of net_type_blockage: 0 
Information: Via ladder engine would be activated for pattern must join connection in certain commands. Please refer to man-page for the command list. (ZRT-619)
Warning: Port  VDD at {{25.488,-0.047} {27.718,0.047}} is out of boundary. Cannot be routed. (ZRT-720)
Warning: Port  VDD at {{23.342,-0.047} {25.572,0.047}} is out of boundary. Cannot be routed. (ZRT-720)
Warning: Port  VDD at {{20.308,-0.047} {22.538,0.047}} is out of boundary. Cannot be routed. (ZRT-720)
Warning: Port  VDD at {{16.016,-0.047} {18.246,0.047}} is out of boundary. Cannot be routed. (ZRT-720)
Warning: Port  VDD at {{18.162,-0.047} {20.392,0.047}} is out of boundary. Cannot be routed. (ZRT-720)
Warning: Port  VDD at {{33.702,31.153} {35.932,31.247}} is out of boundary. Cannot be routed. (ZRT-720)
Warning: Port  VSS at {{33.702,31.753} {35.932,31.847}} is out of boundary. Cannot be routed. (ZRT-720)
Warning: Port  VDD at {{33.702,28.753} {35.932,28.847}} is out of boundary. Cannot be routed. (ZRT-720)
Warning: Port  VSS at {{33.702,29.353} {35.932,29.447}} is out of boundary. Cannot be routed. (ZRT-720)
Warning: Port  VDD at {{33.702,27.553} {35.932,27.647}} is out of boundary. Cannot be routed. (ZRT-720)
Skipping 126 ectangle_only route guides because they don't cover the design boundary in the layer's  preferred direction.
Via on layer (VIA4) needs more than one tracks
Warning: Layer M4 default pitch 0.100 may be too small to handle up/down via. Note, that minimum requirements are "wire/via-down 0.100" & "wire/via-up 0.122". (ZRT-026)
Via on layer (VIA7) needs more than one tracks
Warning: Layer M7 default pitch 0.100 may be too small to handle up/down via. Note, that minimum requirements are "wire/via-down 0.100" & "wire/via-up 0.105". (ZRT-026)
Wire on layer (M8) needs more than one tracks
Via on layer (VIA7) needs more than one tracks
Via on layer (VIA8) needs more than one tracks
Warning: Layer M8 default pitch 0.100 may be too small to handle up/down via. Note, that minimum requirements are "wire/via-down 0.105" & "wire/via-up 0.135". (ZRT-026)
Wire on layer (M9) needs more than one tracks
Via on layer (VIA8) needs more than one tracks
Via on layer (VIARDL) needs more than one tracks
Warning: Layer M9 default pitch 0.100 may be too small to handle up/down via. Note, that minimum requirements are "wire/via-down 0.135" & "wire/via-up 1.570". (ZRT-026)
Via on layer (VIARDL) needs more than one tracks
Warning: Layer MRDL default pitch 4.000 may be too small to handle up/down via. Note, that minimum requirements are "wire/via-down 4.500" & "wire/via-up 4.000". (ZRT-026)
Transition layer name: M7(6)
Transition layer name: M8(7)
Information: When applicable Min-max layer allow_pin_connection mode will allow paths of length 0.90 outside the layer range. (ZRT-707)
Information: When applicable Min-max layer allow_pin_connection mode will allow paths of length 0.90 outside the layer range on clock nets. (ZRT-718)
Information: When applicable layer based tapering will taper up to 0.00 in distance from the pin. (ZRT-706)
Warning: Standard cell pin SAEDRVT14_ADDH_0P5/CO has no valid via regions. (ZRT-044)
Warning: Standard cell pin SAEDRVT14_OA21B_1/X has no valid via regions. (ZRT-044)
Warning: Cell ctmi_2159 is placed overlapping with other cells at {{2.072 4.800} {2.886 5.400}}. (ZRT-763)
Current Stage stats:
[End of Read DB] Elapsed real time: 0:00:00 
[End of Read DB] Elapsed cpu  time: sys=0:00:00 usr=0:00:00 total=0:00:00
[End of Read DB] Stage (MB): Used   37  Alloctr   38  Proc  -32 
[End of Read DB] Total (MB): Used   45  Alloctr   46  Proc 6130 
Constructing data structure ...
Design statistics:
Design Bounding Box (0.00um,0.00um,35.89um,35.40um)
Number of routing layers = 10
layer M1, dir Hor, min width = 0.034um, min space = 0.026um pitch = 0.074um
layer M2, dir Ver, min width = 0.034um, min space = 0.026um pitch = 0.06um
layer M3, dir Hor, min width = 0.034um, min space = 0.026um pitch = 0.074um
layer M4, dir Ver, min width = 0.06um, min space = 0.04um pitch = 0.1um
layer M5, dir Hor, min width = 0.06um, min space = 0.04um pitch = 0.1um
layer M6, dir Ver, min width = 0.06um, min space = 0.04um pitch = 0.1um
layer M7, dir Hor, min width = 0.06um, min space = 0.04um pitch = 0.1um
layer M8, dir Ver, min width = 0.06um, min space = 0.04um pitch = 0.1um
layer M9, dir Hor, min width = 0.06um, min space = 0.04um pitch = 0.1um
layer MRDL, dir Ver, min width = 2um, min space = 2um pitch = 4um
Current Stage stats:
[End of Build Tech Data] Elapsed real time: 0:00:00 
[End of Build Tech Data] Elapsed cpu  time: sys=0:00:00 usr=0:00:00 total=0:00:00
[End of Build Tech Data] Stage (MB): Used    0  Alloctr    0  Proc    0 
[End of Build Tech Data] Total (MB): Used   45  Alloctr   47  Proc 6130 
Net statistics:
Total number of nets     = 1613
Number of nets to route  = 1612
Net length statistics: 
Net Count(Ignore Fully Rted) 1613, Total Half Perimeter Wire Length (HPWL) 9088 microns
HPWL   0 ~   50 microns: Net Count     1611	Total HPWL         8968 microns
HPWL  50 ~  100 microns: Net Count        2	Total HPWL          120 microns
HPWL 100 ~  200 microns: Net Count        0	Total HPWL            0 microns
HPWL 200 ~  300 microns: Net Count        0	Total HPWL            0 microns
HPWL 300 ~  400 microns: Net Count        0	Total HPWL            0 microns
HPWL 400 ~  500 microns: Net Count        0	Total HPWL            0 microns
HPWL 500 ~  600 microns: Net Count        0	Total HPWL            0 microns
HPWL 600 ~  700 microns: Net Count        0	Total HPWL            0 microns
HPWL 700 ~  800 microns: Net Count        0	Total HPWL            0 microns
HPWL 800 ~  900 microns: Net Count        0	Total HPWL            0 microns
HPWL 900 ~ 1000 microns: Net Count        0	Total HPWL            0 microns
HPWL     > 1000 microns: Net Count        0	Total HPWL            0 microns
Current Stage stats:
[End of Build All Nets] Elapsed real time: 0:00:00 
[End of Build All Nets] Elapsed cpu  time: sys=0:00:00 usr=0:00:00 total=0:00:00
[End of Build All Nets] Stage (MB): Used    1  Alloctr    1  Proc    0 
[End of Build All Nets] Total (MB): Used   47  Alloctr   48  Proc 6130 
Number of partitions: 1 (1 x 1)
Size of partitions: 60 gCells x 59 gCells
Average gCell capacity  1.83	 on layer (1)	 M1
Average gCell capacity  4.66	 on layer (2)	 M2
Average gCell capacity  8.06	 on layer (3)	 M3
Average gCell capacity  5.95	 on layer (4)	 M4
Average gCell capacity  5.98	 on layer (5)	 M5
Average gCell capacity  5.95	 on layer (6)	 M6
Average gCell capacity  5.98	 on layer (7)	 M7
Average gCell capacity  5.95	 on layer (8)	 M8
Average gCell capacity  5.98	 on layer (9)	 M9
Average gCell capacity  0.12	 on layer (10)	 MRDL
Average number of tracks per gCell 8.12	 on layer (1)	 M1
Average number of tracks per gCell 9.98	 on layer (2)	 M2
Average number of tracks per gCell 8.12	 on layer (3)	 M3
Average number of tracks per gCell 5.98	 on layer (4)	 M4
Average number of tracks per gCell 6.02	 on layer (5)	 M5
Average number of tracks per gCell 5.98	 on layer (6)	 M6
Average number of tracks per gCell 6.02	 on layer (7)	 M7
Average number of tracks per gCell 5.98	 on layer (8)	 M8
Average number of tracks per gCell 6.02	 on layer (9)	 M9
Average number of tracks per gCell 0.15	 on layer (10)	 MRDL
Number of gCells = 35400
Current Stage stats:
[End of Build Congestion Map] Elapsed real time: 0:00:00 
[End of Build Congestion Map] Elapsed cpu  time: sys=0:00:00 usr=0:00:00 total=0:00:00
[End of Build Congestion Map] Stage (MB): Used    1  Alloctr    1  Proc    0 
[End of Build Congestion Map] Total (MB): Used   48  Alloctr   50  Proc 6130 
Number of partitions: 1 (1 x 1)
Size of partitions: 60 gCells x 59 gCells
Current Stage stats:
[End of Add Nets Demand] Elapsed real time: 0:00:00 
[End of Add Nets Demand] Elapsed cpu  time: sys=0:00:00 usr=0:00:00 total=0:00:00
[End of Add Nets Demand] Stage (MB): Used    0  Alloctr    0  Proc    0 
[End of Add Nets Demand] Total (MB): Used   48  Alloctr   50  Proc 6130 
Number of user frozen nets = 0
Total stats:
[End of Build Data] Elapsed real time: 0:00:00 
[End of Build Data] Elapsed cpu  time: sys=0:00:00 usr=0:00:00 total=0:00:00
[End of Build Data] Stage (MB): Used    3  Alloctr    3  Proc    0 
[End of Build Data] Total (MB): Used   48  Alloctr   50  Proc 6130 
Number of partitions: 1 (1 x 1)
Size of partitions: 60 gCells x 59 gCells
Current Stage stats:
[End of Blocked Pin Detection] Elapsed real time: 0:00:00 
[End of Blocked Pin Detection] Elapsed cpu  time: sys=0:00:00 usr=0:00:00 total=0:00:00
[End of Blocked Pin Detection] Stage (MB): Used  104  Alloctr  104  Proc   80 
[End of Blocked Pin Detection] Total (MB): Used  152  Alloctr  154  Proc 6210 
Information: Using 12 threads for routing. (ZRT-444)
Information: Placement fast mode ON
Information: Multiple gcell levels ON
Information: Buffer distance is estimated to be ~271.0000um (451 gCells)

Start GR phase 0
Number of partitions: 1 (1 x 1)
Size of partitions: 60 gCells x 59 gCells
[rtAllBotParts] Elapsed real time: 0:00:00 
[rtAllBotParts] Elapsed cpu  time: sys=0:00:00 usr=0:00:00 total=0:00:00
[rtTop] Elapsed real time: 0:00:00 
[rtTop] Elapsed cpu  time: sys=0:00:00 usr=0:00:00 total=0:00:00
Current Stage stats:
[End of Initial Routing] Elapsed real time: 0:00:00 
[End of Initial Routing] Elapsed cpu  time: sys=0:00:00 usr=0:00:00 total=0:00:00
[End of Initial Routing] Stage (MB): Used    0  Alloctr    0  Proc    0 
[End of Initial Routing] Total (MB): Used  153  Alloctr  155  Proc 6210 
Initial. Routing result:
Initial. Both Dirs: Dmd-Cap  =     0 Max = 0 GRCs =     0 (0.00%)
Initial. H routing: Dmd-Cap  =     0 Max = 0 (GRCs =  0) GRCs =     0 (0.00%)
Initial. V routing: Dmd-Cap  =     0 Max = 0 (GRCs =  0) GRCs =     0 (0.00%)
Initial. Both Dirs: Overflow =   131 Max = 5 GRCs =   134 (1.89%)
Initial. H routing: Overflow =    52 Max = 3 (GRCs =  5) GRCs =    60 (1.69%)
Initial. V routing: Overflow =    78 Max = 5 (GRCs =  1) GRCs =    74 (2.09%)
Initial. M1         Overflow =     8 Max = 1 (GRCs =  8) GRCs =     8 (0.23%)
Initial. M2         Overflow =    78 Max = 5 (GRCs =  1) GRCs =    71 (2.01%)
Initial. M3         Overflow =    44 Max = 3 (GRCs =  5) GRCs =    52 (1.47%)
Initial. M4         Overflow =     0 Max = 1 (GRCs =  3) GRCs =     3 (0.08%)
Initial. M5         Overflow =     0 Max = 0 (GRCs =  0) GRCs =     0 (0.00%)
Initial. M6         Overflow =     0 Max = 0 (GRCs =  0) GRCs =     0 (0.00%)
Initial. M7         Overflow =     0 Max = 0 (GRCs =  0) GRCs =     0 (0.00%)
Initial. M8         Overflow =     0 Max = 0 (GRCs =  0) GRCs =     0 (0.00%)
Initial. M9         Overflow =     0 Max = 0 (GRCs =  0) GRCs =     0 (0.00%)
Initial. MRDL       Overflow =     0 Max = 0 (GRCs =  0) GRCs =     0 (0.00%)

Initial. Total Wire Length = 8941.75
Initial. Layer M1 wire length = 51.44
Initial. Layer M2 wire length = 1265.12
Initial. Layer M3 wire length = 3838.51
Initial. Layer M4 wire length = 3298.34
Initial. Layer M5 wire length = 333.65
Initial. Layer M6 wire length = 154.69
Initial. Layer M7 wire length = 0.00
Initial. Layer M8 wire length = 0.00
Initial. Layer M9 wire length = 0.00
Initial. Layer MRDL wire length = 0.00
Initial. Total Number of Contacts = 9797
Initial. Via VIA1_Base count = 2718
Initial. Via VIA2_Base count = 4470
Initial. Via VIA34SQ_C count = 2512
Initial. Via VIA4SQ count = 81
Initial. Via VIA5SQ_C count = 16
Initial. Via VIA67SQ_C count = 0
Initial. Via VIA78SQ_C count = 0
Initial. Via VIA89_C count = 0
Initial. Via VIA9RDL count = 0
Initial. completed.

Start GR phase 1
Wed Jun 11 00:17:03 2025
Number of partitions: 1 (1 x 1)
Size of partitions: 60 gCells x 59 gCells
[rtAllParts] Elapsed real time: 0:00:00 
[rtAllParts] Elapsed cpu  time: sys=0:00:00 usr=0:00:00 total=0:00:00
Number of partitions: 1 (1 x 1)
Size of partitions: 60 gCells x 59 gCells
[updNetsDmd] Elapsed real time: 0:00:00 
[updNetsDmd] Elapsed cpu  time: sys=0:00:00 usr=0:00:00 total=0:00:00
Current Stage stats:
[End of Phase1 Routing] Elapsed real time: 0:00:00 
[End of Phase1 Routing] Elapsed cpu  time: sys=0:00:00 usr=0:00:00 total=0:00:00
[End of Phase1 Routing] Stage (MB): Used    0  Alloctr    0  Proc    0 
[End of Phase1 Routing] Total (MB): Used  153  Alloctr  155  Proc 6210 
phase1. Routing result:
phase1. Both Dirs: Dmd-Cap  =     0 Max = 0 GRCs =     0 (0.00%)
phase1. H routing: Dmd-Cap  =     0 Max = 0 (GRCs =  0) GRCs =     0 (0.00%)
phase1. V routing: Dmd-Cap  =     0 Max = 0 (GRCs =  0) GRCs =     0 (0.00%)
phase1. Both Dirs: Overflow =    24 Max = 3 GRCs =    18 (0.25%)
phase1. H routing: Overflow =     4 Max = 1 (GRCs =  5) GRCs =     5 (0.14%)
phase1. V routing: Overflow =    20 Max = 3 (GRCs =  3) GRCs =    13 (0.37%)
phase1. M1         Overflow =     4 Max = 1 (GRCs =  5) GRCs =     5 (0.14%)
phase1. M2         Overflow =    20 Max = 3 (GRCs =  3) GRCs =    13 (0.37%)
phase1. M3         Overflow =     0 Max = 0 (GRCs =  0) GRCs =     0 (0.00%)
phase1. M4         Overflow =     0 Max = 0 (GRCs =  0) GRCs =     0 (0.00%)
phase1. M5         Overflow =     0 Max = 0 (GRCs =  0) GRCs =     0 (0.00%)
phase1. M6         Overflow =     0 Max = 0 (GRCs =  0) GRCs =     0 (0.00%)
phase1. M7         Overflow =     0 Max = 0 (GRCs =  0) GRCs =     0 (0.00%)
phase1. M8         Overflow =     0 Max = 0 (GRCs =  0) GRCs =     0 (0.00%)
phase1. M9         Overflow =     0 Max = 0 (GRCs =  0) GRCs =     0 (0.00%)
phase1. MRDL       Overflow =     0 Max = 0 (GRCs =  0) GRCs =     0 (0.00%)

phase1. Total Wire Length = 8967.75
phase1. Layer M1 wire length = 53.04
phase1. Layer M2 wire length = 1243.08
phase1. Layer M3 wire length = 3640.74
phase1. Layer M4 wire length = 3324.10
phase1. Layer M5 wire length = 541.90
phase1. Layer M6 wire length = 164.89
phase1. Layer M7 wire length = 0.00
phase1. Layer M8 wire length = 0.00
phase1. Layer M9 wire length = 0.00
phase1. Layer MRDL wire length = 0.00
phase1. Total Number of Contacts = 9919
phase1. Via VIA1_Base count = 2719
phase1. Via VIA2_Base count = 4453
phase1. Via VIA34SQ_C count = 2582
phase1. Via VIA4SQ count = 147
phase1. Via VIA5SQ_C count = 18
phase1. Via VIA67SQ_C count = 0
phase1. Via VIA78SQ_C count = 0
phase1. Via VIA89_C count = 0
phase1. Via VIA9RDL count = 0
phase1. completed.
[End of Whole Chip Routing] Elapsed real time: 0:00:00 
[End of Whole Chip Routing] Elapsed cpu  time: sys=0:00:00 usr=0:00:00 total=0:00:00
[End of Whole Chip Routing] Stage (MB): Used  108  Alloctr  108  Proc   80 
[End of Whole Chip Routing] Total (MB): Used  153  Alloctr  155  Proc 6210 

Congestion utilization per direction:
Average vertical track utilization   = 13.60 %
Peak    vertical track utilization   = 50.00 %
Average horizontal track utilization = 10.44 %
Peak    horizontal track utilization = 46.15 %

[End of Global Routing] Elapsed real time: 0:00:00 
[End of Global Routing] Elapsed cpu  time: sys=0:00:00 usr=0:00:00 total=0:00:00
[End of Global Routing] Stage (MB): Used  107  Alloctr  107  Proc   80 
[End of Global Routing] Total (MB): Used  152  Alloctr  154  Proc 6210 
Updating the database ...
Updating congestion ...
[End of dbOut] Elapsed real time: 0:00:00 
[End of dbOut] Elapsed cpu  time: sys=0:00:00 usr=0:00:00 total=0:00:00
[End of dbOut] Stage (MB): Used  -37  Alloctr  -38  Proc    0 
[End of dbOut] Total (MB): Used   36  Alloctr   37  Proc 6210 
Doing RDE Capture
Information: Design dut_toplevel has 1613 nets, 1612 global routed, 0 detail routed. (NEX-024)
Information: The stitching and editing of coupling caps is turned OFF for design 'dut_toplevel.dlib:dut_toplevel/mcmm_and_logic_opto_full_general.design'. (TIM-125)

RDE Information
RDE Design         : dut_toplevel.dlib:dut_toplevel/mcmm_and_logic_opto_full_general.design
RDE Module         : dut_toplevel
RDE TechName       : minTLU
RDE Version        : 1.90
Product Version    : fc V-2023.12 Nov 23, 2023
No. of Res Corners : 3
No. of Cap Corners : 3
RDE Capture Stage  : NONE
RDE Capture DB     : GR
Max layer ID       : 10
Max via layer ID   : 9
DB1                : 10000
gCell Size         : 2.3375 um
Merge Fanout       : 1
Via Model          : 3
large Gcell Grid   : 0
Disable clock capture       : 1
RDE congestion map          : (-8320, -8320 -> 367220, 362320)
RDE Effort Level            : medium
RDE Layer Length Adjustment : false
RDE from                    : CAPTURE
Using per-layer congestion maps for congestion reduction.
Information: 0.37% of design has horizontal routing density above target_routing_density of 0.80.
Information: 0.03% of design has vertical routing density above target_routing_density of 0.80.
Completed transferring placement data.
Running placement using 12 thread(s)
Information: Enhanced Auto Density Control is used. (PLACE-098)
Information: Enhanced auto density configuration is 13179.
Information: Automatic density control has selected the following settings: max_density 0.65, congestion_driven_max_util 0.89. (PLACE-027)
Information: HFW control 'off' invoked.
coarse place 100% done.
Information: Reducing cell density for 0.0% of the movable cells to alleviate congestion. This changes the average cell density in non-congested areas from 0.718 to 0.718. (PLACE-030)
Completed Timing-driven placement, Elapsed time =   0: 0: 1 
Moved 0 out of 1182 cells, ratio = 0.000000
----------------------------------------------------------------
Information: 123 out of 128 LGL-050 messages were not printed due to limit 5 (after 'compile_fusion' at task3_base.tcl:43) (MSG-3913)
----------------------------------------------------------------
----------------------------------------------------------------
Running congestion-aware direct-timing-driven placement
Start Timing-driven placement
Information: RDE mode is turned on. (TIM-124)
Information: The stitching and editing of coupling caps is turned OFF for design 'dut_toplevel.dlib:dut_toplevel/mcmm_and_logic_opto_full_general.design'. (TIM-125)
Corner Scaling is off, multiplier is 1.000000
ORB: timingScenario Normal_Slow timingCorner Slow
INFO: Using corner Typical for worst leakage corner
Using default layer M4
new cutoff lpd: 3.06118e-07
corner scaling: maxCornerId = 3
corner=Fast, tran factor=0.837270 (0.028178 / 0.033655)
corner=Typical, tran factor=0.944434 (0.031785 / 0.033655)
corner=Slow, tran factor=1.000000 (0.033655 / 0.033655)
ORB: Nominal = 0.0053925  Design MT = inf  Target = 0.0336550 (6.241 nominal)  MaxRC = 0.022191
ORB: Fast Target = 0.011701 ( 2.170 nominal )
ORB: stageDelay=0.025981, stageLength=1609839
nplLib: default vr hor dist = 322
nplLib: default vr ver dist = 322
nplLib: default vr buf size = 2
nplLib: default vr buf size = 1

Placement Options:
Effort:                        medium_effort       
Timing Driven:                 true                
Buffering Aware Timing Driven: false               
Seed locs:                     true                
Incremental:                   false               
Congestion:                    true                
Congestion Effort:             medium              
Fix Macros:                    true                
Place Macros:                  false               
Channel Size Macros:           false               


Information: Activity propagation will be performed for scenario Normal_Fast.
Information: Activity propagation will be performed for scenario PowerSave_Slow.
Information: Doing activity propagation for mode 'Normal' and corner 'Fast' with effort level 'medium'. (POW-024)
Information: Timer-derived activity data is cached on scenario Normal_Fast (POW-052)
Information: Running switching activity propagation with 12 threads!

 **** Information : No. of simulation cycles = 6 ****
Information: Doing activity propagation for mode 'PowerSave' and corner 'Slow' with effort level 'medium'. (POW-024)
Information: Timer-derived activity data is cached on scenario PowerSave_Slow (POW-052)
Information: Running switching activity propagation with 12 threads!

 **** Information : No. of simulation cycles = 6 ****
Information: Propagated activity on scenario Normal_Slow identical to that on Normal_Fast (POW-006)
Information: Propagated activity on scenario Normal_Typical identical to that on Normal_Fast (POW-006)
Information: Propagated activity on scenario PowerSave_Fast identical to that on PowerSave_Slow (POW-006)
Information: Propagated activity on scenario PowerSave_Typical identical to that on PowerSave_Fast (POW-006)
****** eLpp estimated wire length 
7.37496% of the net wire length are clock nets
0% of the clock net wire length has no activity
Clock net wire length: 6.95333e+06
Total net wire length: 9.4283e+07
****** eLpp weights (with caps)
Number of nets: 1612, of which 1600 non-clock nets
Number of nets with 0 toggle rate: 0
Max toggle rate = 0.6, average toggle rate = 0.0112695
Max non-clock toggle rate = 0.0490662
eLpp weight range = (0.00555187, 34.1107)
*** 8 nets are filtered out
Start transferring placement data.
****** Net weight manager: report ******
Weights included: eLpp  Timing  
Number of nets with non-default weights: 1612
Amt power = 0.1
Timing factor = 1
Non-default weight range: (0.788577, 4.19909)
Information: Automatic repeater spreading is enabled.
Information: Automatic timing control is enabled.
checking app option clockgate_objective_weight : none
DTDP placement: scenario=Normal_Slow
Information: The net parasitics of block dut_toplevel are cleared. (TIM-123)
Completed transferring placement data.
Running placement using 12 thread(s)
Information: Enhanced Auto Density Control is used. (PLACE-098)
Information: Enhanced auto density configuration is 13179.
Information: Automatic density control has selected the following settings: max_density 0.65, congestion_driven_max_util 0.89. (PLACE-027)
Information: HFW control 'off' invoked.
coarse place 40% done.
coarse place 60% done.
coarse place 80% done.
coarse place 100% done.
Information: Coarse placer weighted wire length estimate = 9.37109e+07
Information: Extraction observers are detached as design net change threshold is reached.
Warning: No clock routing rules were specified. Use set_clock_routing_rules to specify routing rules for accurate clock latency estimation. (OPT-902)
Warning: No clock routing rules were specified. Use set_clock_routing_rules to specify routing rules for accurate clock latency estimation. (OPT-902)
Information: Estimating clock gate latencies for scenario 'PowerSave_Slow'. (OPT-909)
Warning: No clock routing rules were specified. Use set_clock_routing_rules to specify routing rules for accurate clock latency estimation. (OPT-902)
Information: Estimating clock gate latencies for scenario 'Normal_Slow'. (OPT-909)
Completed Timing-driven placement, Elapsed time =   0: 0: 3 
Moved 1182 out of 1182 cells, ratio = 1.000000
Total displacement = 1438.445679(um)
Max displacement = 7.229700(um), HFSBUF_1657_438 (9.071100, 2.108600, 4) => (12.623100, 6.822300, 2)
Displacement histogram:
  0 ~  10% cells displacement <=      0.32(um)
  0 ~  20% cells displacement <=      0.49(um)
  0 ~  30% cells displacement <=      0.63(um)
  0 ~  40% cells displacement <=      0.83(um)
  0 ~  50% cells displacement <=      1.02(um)
  0 ~  60% cells displacement <=      1.27(um)
  0 ~  70% cells displacement <=      1.53(um)
  0 ~  80% cells displacement <=      1.85(um)
  0 ~  90% cells displacement <=      2.33(um)
  0 ~ 100% cells displacement <=      7.23(um)
----------------------------------------------------------------
Information: Ending   compile_fusion / initial_opto / Timing and Congestion Driven Placement (FLW-8001)
Information: Time: 2025-06-11 00:17:07 / Session:  00:01:27 / Command:  00:01:19 / CPU:  00:03:36 / Memory: 1622 MB (FLW-8100)
Information: CPU Load: 17%, Ram Free: 44 GB, Swap Free: 1 GB, Work Disk Free: 308 GB, Tmp Disk Free: 308 GB (MSG-3995)
Information: Starting compile_fusion / initial_opto / Scan Reordering (FLW-8000)
Information: Time: 2025-06-11 00:17:07 / Session:  00:01:27 / Command:  00:01:19 / CPU:  00:03:36 / Memory: 1622 MB (FLW-8100)
Information: CPU Load: 17%, Ram Free: 44 GB, Swap Free: 1 GB, Work Disk Free: 308 GB, Tmp Disk Free: 308 GB (MSG-3995)
Warning: SCANDEF based Optimization skipped: No ScanDEF chains found. (DFT-1991)
Information: Ending   compile_fusion / initial_opto / Scan Reordering (FLW-8001)
Information: Time: 2025-06-11 00:17:07 / Session:  00:01:27 / Command:  00:01:19 / CPU:  00:03:36 / Memory: 1622 MB (FLW-8100)
Information: CPU Load: 17%, Ram Free: 44 GB, Swap Free: 1 GB, Work Disk Free: 308 GB, Tmp Disk Free: 308 GB (MSG-3995)
COST: WSV 1
Information: Enabling light RDE (FLW-5761)
Information: Enabling light RDE flow Mode (FLW-5761)
Information: The stitching and editing of coupling caps is turned OFF for design 'dut_toplevel.dlib:dut_toplevel/mcmm_and_logic_opto_full_general.design'. (TIM-125)
Information: Starting compile_fusion / initial_opto / Optimization (2) (FLW-8000)
Information: Time: 2025-06-11 00:17:07 / Session:  00:01:27 / Command:  00:01:19 / CPU:  00:03:37 / Memory: 1622 MB (FLW-8100)
Information: CPU Load: 17%, Ram Free: 44 GB, Swap Free: 1 GB, Work Disk Free: 308 GB, Tmp Disk Free: 308 GB (MSG-3995)
Warning: No clock routing rules were specified. Use set_clock_routing_rules to specify routing rules for accurate clock latency estimation. (OPT-902)
Warning: No clock routing rules were specified. Use set_clock_routing_rules to specify routing rules for accurate clock latency estimation. (OPT-902)
Information: Estimating clock gate latencies for scenario 'PowerSave_Slow'. (OPT-909)
Warning: No clock routing rules were specified. Use set_clock_routing_rules to specify routing rules for accurate clock latency estimation. (OPT-902)
Information: Estimating clock gate latencies for scenario 'Normal_Slow'. (OPT-909)
Information: Ending   compile_fusion / initial_opto / Optimization (2) (FLW-8001)
Information: Time: 2025-06-11 00:17:08 / Session:  00:01:28 / Command:  00:01:20 / CPU:  00:03:39 / Memory: 1622 MB (FLW-8100)
Information: CPU Load: 17%, Ram Free: 44 GB, Swap Free: 1 GB, Work Disk Free: 308 GB, Tmp Disk Free: 308 GB (MSG-3995)
Information: Starting compile_fusion / initial_opto / Scan Synthesis (FLW-8000)
Information: Time: 2025-06-11 00:17:08 / Session:  00:01:28 / Command:  00:01:20 / CPU:  00:03:39 / Memory: 1622 MB (FLW-8100)
Information: CPU Load: 17%, Ram Free: 44 GB, Swap Free: 1 GB, Work Disk Free: 308 GB, Tmp Disk Free: 308 GB (MSG-3995)
Information: Ending   compile_fusion / initial_opto / Scan Synthesis (FLW-8001)
Information: Time: 2025-06-11 00:17:08 / Session:  00:01:28 / Command:  00:01:20 / CPU:  00:03:39 / Memory: 1622 MB (FLW-8100)
Information: CPU Load: 17%, Ram Free: 44 GB, Swap Free: 1 GB, Work Disk Free: 308 GB, Tmp Disk Free: 308 GB (MSG-3995)
Information: Starting compile_fusion / initial_opto / DRC Optimization (FLW-8000)
Information: Time: 2025-06-11 00:17:08 / Session:  00:01:28 / Command:  00:01:20 / CPU:  00:03:39 / Memory: 1622 MB (FLW-8100)
Information: CPU Load: 17%, Ram Free: 44 GB, Swap Free: 1 GB, Work Disk Free: 308 GB, Tmp Disk Free: 308 GB (MSG-3995)
min assign layer = M4
Corner Scaling is off, multiplier is 1.000000
Zbuf-HFS: gathering all scenarios
Information: Initializing classic cellmap without advanced rules enabled and without PDC enabled
Information: The following app options are used in cellmap
        place.legalize.enable_color_aware_placement : false
        place.legalize.use_nll_query_cm : false
        place.legalize.enable_advanced_legalizer : false
        place.legalize.enable_prerouted_net_check : true
        place.legalize.enable_advanced_prerouted_net_check : false
        place.legalize.always_continue : true
        place.legalize.limit_legality_checks : false
        place.common.pnet_aware_density : 1.0000
        place.common.pnet_aware_min_width : 0.0000
        place.common.pnet_aware_layers : {}
        place.common.use_placement_model : false
        place.common.enable_advanced_placement_model : true
        cts.placement.cell_spacing_rule_style : maximum
Warning: Library cell saed14rvt_ff0p88v125c:SAEDRVT14_ISOFSDPQ_PECO_8.frame is missing supply pins. Its power structure cannot be determined. (LGL-050)
Warning: Library cell saed14rvt_ff0p88v125c:SAEDRVT14_DCAP_PV1ECO_12.frame is missing supply pins. Its power structure cannot be determined. (LGL-050)
Warning: Library cell saed14rvt_c_physical_only:SAEDRVT14_AOLVLUBUFE0_IY2V1_1.frame is missing supply pins. Its power structure cannot be determined. (LGL-050)
Warning: Library cell saed14rvt_c_physical_only:SAEDRVT14_AOLVLUBUFE0_IY2V1_10.frame is missing supply pins. Its power structure cannot be determined. (LGL-050)
Warning: Library cell saed14rvt_c_physical_only:SAEDRVT14_AOLVLUBUFE0_IY2V1_12.frame is missing supply pins. Its power structure cannot be determined. (LGL-050)
Total 0.0592 seconds to build cellmap data
INFO: creating 20(r) x 20(c) GridCells YDim 1.8 XDim 1.8
INFO: number of GridCells (0xb4572bd0): 400
INFO: creating 20(r) x 20(c) GridCells YDim 1.8 XDim 1.8
INFO: number of GridCells (0xb4572bd0): 400
Total 0.0122 seconds to load 1182 cell instances into cellmap, 1182 cells are off site row
Moveable cells: 1182; Application fixed cells: 0; Macro cells: 0; User fixed cells: 0
Average cell width 1.2864, cell height 0.6000, cell area 0.7718 for total 1182 placed and application fixed cells
orb constraints: using power mt scenarios
ORB: timingScenario Normal_Slow timingCorner Slow
INFO: Using corner Typical for worst leakage corner
Using default layer M4
new cutoff lpd: 3.06118e-07
corner scaling: maxCornerId = 3
corner=Fast, tran factor=0.837270 (0.028178 / 0.033655)
corner=Typical, tran factor=0.944434 (0.031785 / 0.033655)
corner=Slow, tran factor=1.000000 (0.033655 / 0.033655)
ORB: Nominal = 0.0053925  Design MT = inf  Target = 0.0336550 (6.241 nominal)  MaxRC = 0.022191
ORB: Fast Target = 0.011701 ( 2.170 nominal )
ORB: stageDelay=0.025981, stageLength=1609839
INFO: Using corner Typical for worst leakage corner
Using default layer M4
new cutoff lpd: 3.06118e-07
corner scaling: maxCornerId = 3
corner=Fast, tran factor=0.837270 (0.028178 / 0.033655)
corner=Typical, tran factor=0.944434 (0.031785 / 0.033655)
corner=Slow, tran factor=1.000000 (0.033655 / 0.033655)
INFO: Using corner Typical for worst leakage corner
Using default layer M4
new cutoff lpd: 3.06118e-07
corner scaling: maxCornerId = 3
corner=Fast, tran factor=0.837270 (0.028178 / 0.033655)
corner=Typical, tran factor=0.944434 (0.031785 / 0.033655)
corner=Slow, tran factor=1.000000 (0.033655 / 0.033655)
INFO: Using corner Typical for worst leakage corner
Using default layer M4
new cutoff lpd: 3.06118e-07
corner scaling: maxCornerId = 3
corner=Fast, tran factor=0.837270 (0.028178 / 0.033655)
corner=Typical, tran factor=0.944434 (0.031785 / 0.033655)
corner=Slow, tran factor=1.000000 (0.033655 / 0.033655)
INFO: Using corner Typical for worst leakage corner
Using default layer M4
new cutoff lpd: 3.06118e-07
corner scaling: maxCornerId = 3
corner=Fast, tran factor=0.837270 (0.028178 / 0.033655)
corner=Typical, tran factor=0.944434 (0.031785 / 0.033655)
corner=Slow, tran factor=1.000000 (0.033655 / 0.033655)
INFO: Using corner Typical for worst leakage corner
Using default layer M4
new cutoff lpd: 3.06118e-07
corner scaling: maxCornerId = 3
corner=Fast, tran factor=0.837270 (0.028178 / 0.033655)
corner=Typical, tran factor=0.944434 (0.031785 / 0.033655)
corner=Slow, tran factor=1.000000 (0.033655 / 0.033655)
INFO: Using corner Typical for worst leakage corner
Using default layer M4
new cutoff lpd: 3.06118e-07
corner scaling: maxCornerId = 3
corner=Fast, tran factor=0.837270 (0.028178 / 0.033655)
corner=Typical, tran factor=0.944434 (0.031785 / 0.033655)
corner=Slow, tran factor=1.000000 (0.033655 / 0.033655)
INFO: Using corner Typical for worst leakage corner
Using default layer M4
new cutoff lpd: 3.06118e-07
corner scaling: maxCornerId = 3
corner=Fast, tran factor=0.837270 (0.028178 / 0.033655)
corner=Typical, tran factor=0.944434 (0.031785 / 0.033655)
corner=Slow, tran factor=1.000000 (0.033655 / 0.033655)
INFO: Using corner Typical for worst leakage corner
Using default layer M4
new cutoff lpd: 3.06118e-07
corner scaling: maxCornerId = 3
corner=Fast, tran factor=0.837270 (0.028178 / 0.033655)
corner=Typical, tran factor=0.944434 (0.031785 / 0.033655)
corner=Slow, tran factor=1.000000 (0.033655 / 0.033655)
INFO: Using corner Typical for worst leakage corner
Using default layer M4
new cutoff lpd: 3.06118e-07
corner scaling: maxCornerId = 3
corner=Fast, tran factor=0.837270 (0.028178 / 0.033655)
corner=Typical, tran factor=0.944434 (0.031785 / 0.033655)
corner=Slow, tran factor=1.000000 (0.033655 / 0.033655)
INFO: Using corner Typical for worst leakage corner
Using default layer M4
new cutoff lpd: 3.06118e-07
corner scaling: maxCornerId = 3
corner=Fast, tran factor=0.837270 (0.028178 / 0.033655)
corner=Typical, tran factor=0.944434 (0.031785 / 0.033655)
corner=Slow, tran factor=1.000000 (0.033655 / 0.033655)
INFO: Using corner Typical for worst leakage corner
Using default layer M4
new cutoff lpd: 3.06118e-07
corner scaling: maxCornerId = 3
corner=Fast, tran factor=0.837270 (0.028178 / 0.033655)
corner=Typical, tran factor=0.944434 (0.031785 / 0.033655)
corner=Slow, tran factor=1.000000 (0.033655 / 0.033655)
Collecting Drivers ...  
Design max_transition = inf
Design max_capacitance = inf
GRE layer bins: None, M4
WINFO: 1612 None; 0 M4; 0 Total
Found 0 buffer-tree drivers
No violators found
WINFO: 1612 None; 0 M4; 0 Total
WINFO: 1612 None; 0 M4; 0 Total
Zbuf-RUNTIME (Hr:Min:Sec)  CPU 0 hr : 0 min : 0.80 sec ELAPSE 0 hr : 0 min : 0.69 sec
Zbuf-RUNTIME         (Min) CPU 0 min ELAPSE 0 min
ZBuf-MEM(max-mem) total 0 K / inuse 0 K
Information: Result of compile_fusion / initial_opto / DRC Optimization (FLW-8500)
Information: Top 10 transition violators after high fanout synthesis (HFS-1000)
Slack     Fanout  Scenario    Driver                                                       

Compile-fusion optimization summary            SETUP-COST    R2R-COST HOLD-COST LDRC-COST          AREA     LEAKAGE     INSTCNT            ELAPSE       MEM
Compile-fusion                                       0.02        0.02         -         0        912.29   297365.03        1182              0.02      1622
Information: 123 out of 128 LGL-050 messages were not printed due to limit 5 (after 'compile_fusion' at task3_base.tcl:43) (MSG-3913)
Information: Ending   compile_fusion / initial_opto / DRC Optimization (FLW-8001)
Information: Time: 2025-06-11 00:17:09 / Session:  00:01:29 / Command:  00:01:21 / CPU:  00:03:40 / Memory: 1622 MB (FLW-8100)
Information: CPU Load: 17%, Ram Free: 44 GB, Swap Free: 1 GB, Work Disk Free: 308 GB, Tmp Disk Free: 308 GB (MSG-3995)
Information: Starting compile_fusion / initial_opto / Incremental High Fanout Synthesis (FLW-8000)
Information: Time: 2025-06-11 00:17:09 / Session:  00:01:29 / Command:  00:01:21 / CPU:  00:03:40 / Memory: 1622 MB (FLW-8100)
Information: CPU Load: 17%, Ram Free: 44 GB, Swap Free: 1 GB, Work Disk Free: 308 GB, Tmp Disk Free: 308 GB (MSG-3995)
Isolated 0 ports, skipped 0 ports
Already Isolated 0 ports, Deleted 0 existing Isolation cells 
Information: Initializing classic cellmap without advanced rules enabled and without PDC enabled
Information: The following app options are used in cellmap
        place.legalize.enable_color_aware_placement : false
        place.legalize.use_nll_query_cm : false
        place.legalize.enable_advanced_legalizer : false
        place.legalize.enable_prerouted_net_check : true
        place.legalize.enable_advanced_prerouted_net_check : false
        place.legalize.always_continue : true
        place.legalize.limit_legality_checks : false
        place.common.pnet_aware_density : 1.0000
        place.common.pnet_aware_min_width : 0.0000
        place.common.pnet_aware_layers : {}
        place.common.use_placement_model : false
        place.common.enable_advanced_placement_model : true
        cts.placement.cell_spacing_rule_style : maximum
Warning: Library cell saed14rvt_ff0p88v125c:SAEDRVT14_ISOFSDPQ_PECO_8.frame is missing supply pins. Its power structure cannot be determined. (LGL-050)
Warning: Library cell saed14rvt_ff0p88v125c:SAEDRVT14_DCAP_PV1ECO_12.frame is missing supply pins. Its power structure cannot be determined. (LGL-050)
Warning: Library cell saed14rvt_c_physical_only:SAEDRVT14_AOLVLUBUFE0_IY2V1_1.frame is missing supply pins. Its power structure cannot be determined. (LGL-050)
Warning: Library cell saed14rvt_c_physical_only:SAEDRVT14_AOLVLUBUFE0_IY2V1_10.frame is missing supply pins. Its power structure cannot be determined. (LGL-050)
Warning: Library cell saed14rvt_c_physical_only:SAEDRVT14_AOLVLUBUFE0_IY2V1_12.frame is missing supply pins. Its power structure cannot be determined. (LGL-050)
Total 0.0590 seconds to build cellmap data
INFO: creating 20(r) x 20(c) GridCells YDim 1.8 XDim 1.8
INFO: number of GridCells (0xd0517998): 400
INFO: creating 20(r) x 20(c) GridCells YDim 1.8 XDim 1.8
INFO: number of GridCells (0xd0517998): 400
Total 0.0128 seconds to load 1182 cell instances into cellmap, 1182 cells are off site row
Moveable cells: 1182; Application fixed cells: 0; Macro cells: 0; User fixed cells: 0
Average cell width 1.2864, cell height 0.6000, cell area 0.7718 for total 1182 placed and application fixed cells
INFO: total number of constant pins: 667
INFO: constant pins which are scan-pins: 656
INFO: constant pins that are not scan-pins: 11
Information: 123 out of 128 LGL-050 messages were not printed due to limit 5 (after 'compile_fusion' at task3_base.tcl:43) (MSG-3913)
Information: Ending   compile_fusion / initial_opto / Incremental High Fanout Synthesis (FLW-8001)
Information: Time: 2025-06-11 00:17:09 / Session:  00:01:29 / Command:  00:01:21 / CPU:  00:03:41 / Memory: 1622 MB (FLW-8100)
Information: CPU Load: 17%, Ram Free: 44 GB, Swap Free: 1 GB, Work Disk Free: 308 GB, Tmp Disk Free: 308 GB (MSG-3995)
Information: Starting compile_fusion / initial_opto / Optimization (3) (FLW-8000)
Information: Time: 2025-06-11 00:17:09 / Session:  00:01:29 / Command:  00:01:21 / CPU:  00:03:41 / Memory: 1622 MB (FLW-8100)
Information: CPU Load: 17%, Ram Free: 44 GB, Swap Free: 1 GB, Work Disk Free: 308 GB, Tmp Disk Free: 308 GB (MSG-3995)
Disable clock slack update for ideal clocks
Warning: Restoring scoped app option 'ropt.rbuf_subtree_crit_range' to original value 'unset' (from current value '-1', which is different from the scoped value '-1.0'). (FLW-2892)
Information: Starting compile_fusion / initial_opto / Optimization (3) / Global Sizing and Buffering (FLW-8000)
Information: Time: 2025-06-11 00:17:09 / Session:  00:01:29 / Command:  00:01:22 / CPU:  00:03:41 / Memory: 1622 MB (FLW-8100)
Information: CPU Load: 17%, Ram Free: 44 GB, Swap Free: 1 GB, Work Disk Free: 308 GB, Tmp Disk Free: 308 GB (MSG-3995)
Disable clock slack update for ideal clocks
bmap: stepx = stepy = 30000
creating bmap
DB units per micron : 10000
Warning: Restoring scoped app option 'ropt.rbuf_subtree_crit_range' to original value 'unset' (from current value '-1', which is different from the scoped value '-1.0'). (FLW-2892)
Information: Ending   compile_fusion / initial_opto / Optimization (3) / Global Sizing and Buffering (FLW-8001)
Information: Time: 2025-06-11 00:17:10 / Session:  00:01:30 / Command:  00:01:22 / CPU:  00:03:42 / Memory: 1622 MB (FLW-8100)
Information: CPU Load: 17%, Ram Free: 44 GB, Swap Free: 1 GB, Work Disk Free: 308 GB, Tmp Disk Free: 308 GB (MSG-3995)
Information: Starting compile_fusion / initial_opto / Optimization (3) / Macro Skewing (FLW-8000)
Information: Time: 2025-06-11 00:17:10 / Session:  00:01:30 / Command:  00:01:22 / CPU:  00:03:42 / Memory: 1622 MB (FLW-8100)
Information: CPU Load: 17%, Ram Free: 44 GB, Swap Free: 1 GB, Work Disk Free: 308 GB, Tmp Disk Free: 308 GB (MSG-3995)
Compile-fusion optimization summary            SETUP-COST    R2R-COST HOLD-COST LDRC-COST          AREA     LEAKAGE     INSTCNT            ELAPSE       MEM
Compile-fusion                                       0.00        0.00         -         0        920.59   300631.44        1197              0.03      1622
Information: Ending   compile_fusion / initial_opto / Optimization (3) / Macro Skewing (FLW-8001)
Information: Time: 2025-06-11 00:17:10 / Session:  00:01:30 / Command:  00:01:22 / CPU:  00:03:42 / Memory: 1622 MB (FLW-8100)
Information: CPU Load: 17%, Ram Free: 44 GB, Swap Free: 1 GB, Work Disk Free: 308 GB, Tmp Disk Free: 308 GB (MSG-3995)
Warning: No clock routing rules were specified. Use set_clock_routing_rules to specify routing rules for accurate clock latency estimation. (OPT-902)
Warning: No clock routing rules were specified. Use set_clock_routing_rules to specify routing rules for accurate clock latency estimation. (OPT-902)
Information: Estimating clock gate latencies for scenario 'PowerSave_Slow'. (OPT-909)
Warning: No clock routing rules were specified. Use set_clock_routing_rules to specify routing rules for accurate clock latency estimation. (OPT-902)
Information: Estimating clock gate latencies for scenario 'Normal_Slow'. (OPT-909)
Compile-fusion optimization summary            SETUP-COST    R2R-COST HOLD-COST LDRC-COST          AREA     LEAKAGE     INSTCNT            ELAPSE       MEM
Compile-fusion                                       0.00        0.00         -         0        920.59   300631.44        1197              0.03      1622
Information: Result of compile_fusion / initial_opto / Clock Gate Re-structuring (FLW-8500)
--------------------------------------------------------------------------------
|                             Clock Gating Options                             |
--------------------------------------------------------------------------------
|         Objects         |    Minimum Bitwidth     |      Maximum Fanout      |
--------------------------+-------------------------+---------------------------
|   top-level (design)    |          3 (d)          |      Unlimited (d)       |
--------------------------------------------------------------------------------

Number of Pre-Existing Clock Gates with dont touch attribute: 0
Number of ICG library cells with CTS purpose: 19
--------------------------------------------------------------------------------
                          Tool Gated Register Summary                           
--------------------------------------------------------------------------------
Clock Gating Type                   | Number of   | Register Count | Equivalent 
                                    | Clock Gates |                | Bitwidth   
--------------------------------------------------------------------------------
Regular Clock Gating                |          11 |            319 |        319
--------------------------------------------------------------------------------
--------------------------------------------------------------------------------
                 Regular Clock Gating Ungated Register Summary                  
--------------------------------------------------------------------------------
 Ungated Reason                                            | Count | Bitwidth   
--------------------------------------------------------------------------------
 Enable is Constant One.                                   |     2 |        2
 Partial Minimum Bitwidth Not Met.                         |     7 |        7
--------------------------------------------------------------------------------
Warning: No clock routing rules were specified. Use set_clock_routing_rules to specify routing rules for accurate clock latency estimation. (OPT-902)
Warning: No clock routing rules were specified. Use set_clock_routing_rules to specify routing rules for accurate clock latency estimation. (OPT-902)
Information: Estimating clock gate latencies for scenario 'PowerSave_Slow'. (OPT-909)
Warning: No clock routing rules were specified. Use set_clock_routing_rules to specify routing rules for accurate clock latency estimation. (OPT-902)
Information: Estimating clock gate latencies for scenario 'Normal_Slow'. (OPT-909)
Information: Starting compile_fusion / initial_opto / Optimization (3) / Timing Optimization (FLW-8000)
Information: Time: 2025-06-11 00:17:12 / Session:  00:01:32 / Command:  00:01:24 / CPU:  00:03:45 / Memory: 1622 MB (FLW-8100)
Information: CPU Load: 17%, Ram Free: 44 GB, Swap Free: 1 GB, Work Disk Free: 308 GB, Tmp Disk Free: 308 GB (MSG-3995)
Information: Ending   compile_fusion / initial_opto / Optimization (3) / Timing Optimization (FLW-8001)
Information: Time: 2025-06-11 00:17:12 / Session:  00:01:32 / Command:  00:01:24 / CPU:  00:03:45 / Memory: 1622 MB (FLW-8100)
Information: CPU Load: 17%, Ram Free: 44 GB, Swap Free: 1 GB, Work Disk Free: 308 GB, Tmp Disk Free: 308 GB (MSG-3995)
Information: Ending   compile_fusion / initial_opto / Optimization (3) (FLW-8001)
Information: Time: 2025-06-11 00:17:12 / Session:  00:01:32 / Command:  00:01:24 / CPU:  00:03:45 / Memory: 1622 MB (FLW-8100)
Information: CPU Load: 17%, Ram Free: 44 GB, Swap Free: 1 GB, Work Disk Free: 308 GB, Tmp Disk Free: 308 GB (MSG-3995)
Scenario Normal_Typical is cellEm
Scenario PowerSave_Typical is cellEm
Info: update em.
Information: Activity propagation will be performed for scenario Normal_Fast.
Information: Doing activity propagation for mode 'Normal' and corner 'Fast' with effort level 'medium'. (POW-024)
Information: Timer-derived activity data is cached on scenario Normal_Fast (POW-052)
Information: Running switching activity propagation with 12 threads!

 **** Information : No. of simulation cycles = 6 ****
Information: Propagated activity on scenario Normal_Slow identical to that on Normal_Fast (POW-006)
Information: Propagated activity on scenario Normal_Typical identical to that on Normal_Fast (POW-006)
Information: Activity propagation will be performed for scenario PowerSave_Fast.
Information: Doing activity propagation for mode 'PowerSave' and corner 'Fast' with effort level 'medium'. (POW-024)
Information: Timer-derived activity data is cached on scenario PowerSave_Fast (POW-052)
Information: Running switching activity propagation with 12 threads!

 **** Information : No. of simulation cycles = 6 ****
Information: Propagated activity on scenario PowerSave_Slow identical to that on PowerSave_Fast (POW-006)
Information: Propagated activity on scenario PowerSave_Typical identical to that on PowerSave_Fast (POW-006)
Information: Activity for scenario Normal_Fast was cached, no propagation required. (POW-005)
Information: Activity for scenario Normal_Slow was cached, no propagation required. (POW-005)
Information: Activity for scenario Normal_Typical was cached, no propagation required. (POW-005)
Information: Activity for scenario PowerSave_Fast was cached, no propagation required. (POW-005)
Information: Activity for scenario PowerSave_Slow was cached, no propagation required. (POW-005)
Information: Activity for scenario PowerSave_Typical was cached, no propagation required. (POW-005)
CTS Cell EM initialization finished
Scenario Normal_Typical is cellEm
Scenario PowerSave_Typical is cellEm
Info: update em.
Information: Activity for scenario Normal_Fast was cached, no propagation required. (POW-005)
Information: Activity for scenario Normal_Slow was cached, no propagation required. (POW-005)
Information: Activity for scenario Normal_Typical was cached, no propagation required. (POW-005)
Information: Activity for scenario PowerSave_Fast was cached, no propagation required. (POW-005)
CTS Cell EM initialization finished
Warning: No clock routing rules were specified. Use set_clock_routing_rules to specify routing rules for accurate clock latency estimation. (OPT-902)
Warning: No clock routing rules were specified. Use set_clock_routing_rules to specify routing rules for accurate clock latency estimation. (OPT-902)
Information: Estimating clock gate latencies for scenario 'PowerSave_Typical'. (OPT-909)
Warning: No clock routing rules were specified. Use set_clock_routing_rules to specify routing rules for accurate clock latency estimation. (OPT-902)
Information: Estimating clock gate latencies for scenario 'PowerSave_Slow'. (OPT-909)
Warning: No clock routing rules were specified. Use set_clock_routing_rules to specify routing rules for accurate clock latency estimation. (OPT-902)
Information: Estimating clock gate latencies for scenario 'PowerSave_Fast'. (OPT-909)
Warning: No clock routing rules were specified. Use set_clock_routing_rules to specify routing rules for accurate clock latency estimation. (OPT-902)
Information: Estimating clock gate latencies for scenario 'Normal_Typical'. (OPT-909)
Warning: No clock routing rules were specified. Use set_clock_routing_rules to specify routing rules for accurate clock latency estimation. (OPT-902)
Information: Estimating clock gate latencies for scenario 'Normal_Slow'. (OPT-909)
Warning: No clock routing rules were specified. Use set_clock_routing_rules to specify routing rules for accurate clock latency estimation. (OPT-902)
Information: Estimating clock gate latencies for scenario 'Normal_Fast'. (OPT-909)
Information: 2 out of 12 POW-005 messages were not printed due to limit 10 (after 'compile_fusion' at task3_base.tcl:43) (MSG-3913)
Information: The net parasitics of block dut_toplevel are cleared. (TIM-123)
Information: Timer using 12 threads
Warning: Cannot find any max transition constraint on the design. (OPT-070)
INFO: Leakage Power Aware Optimization Enabled
Information: The automatic clock gate timing flow is activated. Clock latencies set on clock gate cells will be automatically adjusted by an estimate for latency. (CGT-4005)



INFO: Skipping FTB cleanup in end of npo flow.
Enable dominated scenarios
[Tim-Power] Info: Cleared Leakage libCell cache.
Co-efficient Ratio Summary:
4.193421603382  6.578038182191  2.479639296638  7.744187940401  0.485050000353  3.179565833784  5.567214754587  2.894454387461  6.565921217863  9.017937505874  3.134860856183  9.863420905032  6.078231564085  2.744209541123  8.318117704907  9.699225026083
2.464623958291  1.382370230687  9.387184038070  3.142429806669  0.968752789964  6.613180723294  4.146578793224  7.876358918112  2.191135103696  0.963734141094  2.730338499031  3.840441460621  3.750314653169  7.663459042299  6.212203267950  7.759678473967
Warning: By turning on the ropt.skip_final_timing_update app option, you are skipping the full timing update at the end and the final qor printing. Doing so will make all timing values from this point not up-to-date until you run a full timing update!
compile command statistics  CPU=101 sec (0.03 hr) ELAPSED=31 sec (0.01 hr) MEM-PEAK=1.584 GB
[Tim-Power] Info: Cleared Leakage libCell cache.
INFO: compile_fusion is running in balanced flow mode
Warning: Cannot find any max transition constraint on the design. (OPT-070)
INFO: Leakage Power Aware Optimization Enabled
Information: RDE mode is turned on. (TIM-124)
Information: The automatic clock gate timing flow is activated. Clock latencies set on clock gate cells will be automatically adjusted by an estimate for latency. (CGT-4005)
INFO: EarlyGR flow is not enabled.
.INFO: disable CRPR-based timing. 
Information: The stitching and editing of coupling caps is turned OFF for design 'dut_toplevel.dlib:dut_toplevel/mcmm_and_logic_opto_full_general.design'. (TIM-125)
Number of Site types in the design = 1
Setting up Chip Core
Chip Core shape: (0 0) (358900 354000)
Number of VARs = 1
Number of unique PDs = 1
Number of Power Domains = 1
Number of Voltage Areas = 1
Number of supply Nets = 2
Number of used supplies = 0
Blocked VAs: 

Compile-fusion command begin                   CPU:   255 s (  0.07 hr )  ELAPSE:    97 s (  0.03 hr )  MEM-PEAK:  1622 MB
Warning: Cannot find any max transition constraint on the design. (OPT-070)
Information: The stitching and editing of coupling caps is turned OFF for design 'dut_toplevel.dlib:dut_toplevel/mcmm_and_logic_opto_full_general.design'. (TIM-125)
************************************************************
Timer Settings:
Delay Calculation Style:                   auto
Signal Integrity Analysis:                 disabled
Timing Window Analysis:                    disabled
Advanced Waveform Propagation:             disabled
Variation Type:                            fixed_derate
Clock Reconvergence Pessimism Removal:     disabled
Advanced Receiver Model:                   disabled
LLE:                                       disabled
ML Acceleration:                           off
************************************************************
Info: update em.

Compile-fusion timing update complete          CPU:   256 s (  0.07 hr )  ELAPSE:    97 s (  0.03 hr )  MEM-PEAK:  1622 MB

Compile-fusion initial QoR
__________________________
Scenario Mapping Table
1: Normal_Fast
2: Normal_Slow
3: Normal_Typical
4: PowerSave_Fast
5: PowerSave_Slow
6: PowerSave_Typical

Pathgroup Mapping Table
1: **default**
2: **async_default**
3: **clock_gating_default**
4: **in2reg_default**
5: **reg2out_default**
6: **in2out_default**
7: clk

-------------------------------------------------------------------------------------------------------------------------------------------------------------
PATHGROUP QOR 
-------------------------------------------------------------------------------------------------------------------------------------------------------------
Scene  PG      WNS        TNS    NSV      WHV        THV    NHV
    2   1   0.0000     0.0000      0        -          -      -
    2   2   0.0000     0.0000      0        -          -      -
    2   3   0.0000     0.0000      0        -          -      -
    2   4   0.0000     0.0000      0        -          -      -
    2   5   0.0000     0.0000      0        -          -      -
    2   6   0.0000     0.0000      0        -          -      -
    2   7   0.0000     0.0000      0        -          -      -
    3   1   0.0000     0.0000      0        -          -      -
    3   2   0.0000     0.0000      0        -          -      -
    3   3   0.0000     0.0000      0        -          -      -
    3   4   0.0000     0.0000      0        -          -      -
    3   5   0.0000     0.0000      0        -          -      -
    3   6   0.0000     0.0000      0        -          -      -
    3   7   0.0000     0.0000      0        -          -      -
    5   1   0.0000     0.0000      0        -          -      -
    5   2   0.0000     0.0000      0        -          -      -
    5   3   0.0000     0.0000      0        -          -      -
    5   4   0.0000     0.0000      0        -          -      -
    5   5   0.0000     0.0000      0        -          -      -
    5   6   0.0000     0.0000      0        -          -      -
    5   7   0.0000     0.0000      0        -          -      -
    6   1   0.0000     0.0000      0        -          -      -
    6   2   0.0000     0.0000      0        -          -      -
    6   3   0.0000     0.0000      0        -          -      -
    6   4   0.0000     0.0000      0        -          -      -
    6   5   0.0000     0.0000      0        -          -      -
    6   6   0.0000     0.0000      0        -          -      -
    6   7   0.0000     0.0000      0        -          -      -
----------------------------------------------------------------------------------------------------------------------------------------------------------------------
SCENARIO QOR 
----------------------------------------------------------------------------------------------------------------------------------------------------------------------
Scene  PG      WNS        TNS   R2RTNS    NSV      WHV        THV    NHV  MaxTrnV   MaxTranC  MaxCapV    Leakage     CellEMV
    1   *        -          -        -      -        -          -      -        -          -        0          -           0
    2   *   0.0000     0.0000   0.0000      0        -          -      -        0     0.0000        -  16440.711           0
    3   *   0.0000     0.0000   0.0000      0        -          -      -        0     0.0000        0 298986.312           0
    4   *        -          -        -      -        -          -      -        -          -        0          -           0
    5   *   0.0000     0.0000   0.0000      0        -          -      -        0     0.0000        -  16440.711           0
    6   *   0.0000     0.0000   0.0000      0        -          -      -        0     0.0000        0 298986.312           0
----------------------------------------------------------------------------------------------------------------------------------------------------------------------
DESIGN QOR 
----------------------------------------------------------------------------------------------------------------------------------------------------------------------
Scene  PG      WNS        TNS   R2RTNS    NSV      WHV        THV    NHV  MaxTrnV   MaxTranC  MaxCapV    Leakage         Area    InstCnt     BufCnt     InvCnt     CellEMV
    *   *   0.0000     0.0000   0.0000      0   0.0000     0.0000      0        0     0.0000        0 298986.312       920.59       1197         12         16           0
----------------------------------------------------------------------------------------------------------------------------------------------------------------------

Compile-fusion initial QoR Summary       WNS        TNS   R2RTNS    NSV      WHV        THV    NHV  MaxTrnV  MaxCapV    Leakage         Area    InstCnt
Compile-fusion initial QoR Summary    0.0000     0.0000   0.0000      0   0.0000     0.0000      0        0        0 298986.312       920.59       1197
Information: The netlist change observers are disabled for incremental extraction. (TIM-126)
INFO: using 12 threads
Compile-fusion initialization complete         CPU:   272 s (  0.08 hr )  ELAPSE:    98 s (  0.03 hr )  MEM-PEAK:  1622 MB
Compile-fusion optimization summary            SETUP-COST    R2R-COST HOLD-COST LDRC-COST          AREA     LEAKAGE     INSTCNT            ELAPSE       MEM
Warning: Cannot find any max transition constraint on the design. (OPT-070)
Information: The netlist change observers are enabled for incremental extraction. (TIM-127)

Information: Starting compile_fusion / initial_opto / Optimization (4) (FLW-8000)
Information: Time: 2025-06-11 00:17:18 / Session:  00:01:38 / Command:  00:01:30 / CPU:  00:04:23 / Memory: 1622 MB (FLW-8100)
Information: CPU Load: 23%, Ram Free: 44 GB, Swap Free: 1 GB, Work Disk Free: 308 GB, Tmp Disk Free: 308 GB (MSG-3995)

Information: Initializing classic cellmap without advanced rules enabled and without PDC enabled
Information: The following app options are used in cellmap
        place.legalize.enable_color_aware_placement : false
        place.legalize.use_nll_query_cm : false
        place.legalize.enable_advanced_legalizer : false
        place.legalize.enable_prerouted_net_check : false
        place.legalize.enable_advanced_prerouted_net_check : false
        place.legalize.always_continue : true
        place.legalize.limit_legality_checks : false
        place.common.pnet_aware_density : 1.0000
        place.common.pnet_aware_min_width : 0.0000
        place.common.pnet_aware_layers : {}
        place.common.use_placement_model : false
        place.common.enable_advanced_placement_model : true
        cts.placement.cell_spacing_rule_style : maximum
Warning: Library cell saed14rvt_ff0p88v125c:SAEDRVT14_ISOFSDPQ_PECO_8.frame is missing supply pins. Its power structure cannot be determined. (LGL-050)
Warning: Library cell saed14rvt_ff0p88v125c:SAEDRVT14_DCAP_PV1ECO_12.frame is missing supply pins. Its power structure cannot be determined. (LGL-050)
Warning: Library cell saed14rvt_c_physical_only:SAEDRVT14_AOLVLUBUFE0_IY2V1_1.frame is missing supply pins. Its power structure cannot be determined. (LGL-050)
Warning: Library cell saed14rvt_c_physical_only:SAEDRVT14_AOLVLUBUFE0_IY2V1_10.frame is missing supply pins. Its power structure cannot be determined. (LGL-050)
Warning: Library cell saed14rvt_c_physical_only:SAEDRVT14_AOLVLUBUFE0_IY2V1_12.frame is missing supply pins. Its power structure cannot be determined. (LGL-050)
Total 0.0596 seconds to build cellmap data
INFO: creating 20(r) x 20(c) GridCells YDim 1.8 XDim 1.8
INFO: number of GridCells (0xb5db3500): 400
INFO: creating 20(r) x 20(c) GridCells YDim 1.8 XDim 1.8
INFO: number of GridCells (0xb5db3500): 400
Total 0.0125 seconds to load 1197 cell instances into cellmap, 1175 cells are off site row
Moveable cells: 1197; Application fixed cells: 0; Macro cells: 0; User fixed cells: 0
Average cell width 1.2818, cell height 0.6000, cell area 0.7691 for total 1197 placed and application fixed cells
Compile-fusion optimization Phase 3 Iter  1          0.00        0.00      0.00         -        920.59   298986.31        1197              0.03      1622
INFO: New Levelizer turned on
Information: 123 out of 128 LGL-050 messages were not printed due to limit 5 (after 'compile_fusion' at task3_base.tcl:43) (MSG-3913)

Disable clock slack update for ideal clocks
Compile-fusion optimization Phase 4 Iter  1          0.00        0.00      0.00         -        911.44   283252.97        1197              0.03      1622
INFO: cellmap features:  adv-rules=(N), pdc=(N), clock-rules=(Y)

Information: Ending   compile_fusion / initial_opto / Optimization (4) (FLW-8001)
Information: Time: 2025-06-11 00:17:19 / Session:  00:01:39 / Command:  00:01:31 / CPU:  00:04:28 / Memory: 1622 MB (FLW-8100)
Information: CPU Load: 23%, Ram Free: 44 GB, Swap Free: 1 GB, Work Disk Free: 308 GB, Tmp Disk Free: 308 GB (MSG-3995)

Information: Starting compile_fusion / initial_opto / Legalization (FLW-8000)
Information: Time: 2025-06-11 00:17:19 / Session:  00:01:39 / Command:  00:01:31 / CPU:  00:04:28 / Memory: 1622 MB (FLW-8100)
Information: CPU Load: 23%, Ram Free: 44 GB, Swap Free: 1 GB, Work Disk Free: 308 GB, Tmp Disk Free: 308 GB (MSG-3995)
nplDplc2Placer::setParam(effort,1)
nplDplc2Placer::setParam(debug,0)
nplDplc2Placer::setParam(site_check,2)
nplDplc2Placer::setParam(app_firm_wgt,0)

Legalizing Top Level Design dut_toplevel ... 
Information: Initializing classic cellmap without advanced rules enabled and without PDC enabled
Information: The following app options are used in cellmap
        place.legalize.enable_color_aware_placement : false
        place.legalize.use_nll_query_cm : false
        place.legalize.enable_advanced_legalizer : false
        place.legalize.enable_prerouted_net_check : false
        place.legalize.enable_advanced_prerouted_net_check : false
        place.legalize.always_continue : true
        place.legalize.limit_legality_checks : false
        place.common.pnet_aware_density : 1.0000
        place.common.pnet_aware_min_width : 0.0000
        place.common.pnet_aware_layers : {}
        place.common.use_placement_model : false
        place.common.enable_advanced_placement_model : true
        cts.placement.cell_spacing_rule_style : maximum
Warning: Library cell saed14rvt_ff0p88v125c:SAEDRVT14_ISOFSDPQ_PECO_8.frame is missing supply pins. Its power structure cannot be determined. (LGL-050)
Warning: Library cell saed14rvt_ff0p88v125c:SAEDRVT14_DCAP_PV1ECO_12.frame is missing supply pins. Its power structure cannot be determined. (LGL-050)
Warning: Library cell saed14rvt_c_physical_only:SAEDRVT14_AOLVLUBUFE0_IY2V1_1.frame is missing supply pins. Its power structure cannot be determined. (LGL-050)
Warning: Library cell saed14rvt_c_physical_only:SAEDRVT14_AOLVLUBUFE0_IY2V1_10.frame is missing supply pins. Its power structure cannot be determined. (LGL-050)
Warning: Library cell saed14rvt_c_physical_only:SAEDRVT14_AOLVLUBUFE0_IY2V1_12.frame is missing supply pins. Its power structure cannot be determined. (LGL-050)
Total 0.0702 seconds to build cellmap data
=====> Processed 71 ref cells (25 fillers) from library

Bounds/Regions In This Design:
        Area    Num Cells  Exclusive Name
 (square um)
     1270.51         1197        Yes DEFAULT_VA

Warning: max_legality_failures=5000 ignored.
	To use it, set limit_legality_checks to true.
Warning: max_legality_check_range=500 ignored.
	To use it, set limit_legality_checks to true.
Starting legalizer.
Warning: Exclusive bound 'DEFAULT' has no cells.
Optimizing Exclusive Bound 'DEFAULT_VA' (2/2)
    Done Exclusive Bound 'DEFAULT_VA' (2/2) (0 sec)
Legalization complete (0 total sec)

****************************************
  Report : Placement Attempts
  Site   : unit
****************************************

number of cells:                   1197
number of references:                71
number of site rows:                 59
number of locations attempted:    27928
number of locations failed:           0  (0.0%)

Legality of references at locations:
0 references had failures.

Legality of references in rows:
0 references had row failures.

****************************************
  Report : Cell Displacements
****************************************

number of cells aggregated:        1197 (20527 total sites)
avg row height over cells:        0.600 um
rms cell displacement:            0.190 um ( 0.32 row height)
rms weighted cell displacement:   0.190 um ( 0.32 row height)
max cell displacement:            0.765 um ( 1.27 row height)
avg cell displacement:            0.162 um ( 0.27 row height)
avg weighted cell displacement:   0.162 um ( 0.27 row height)
number of cells moved:             1126
number of large displacements:        0
large displacement threshold:     3.000 row height

Displacements of worst 10 cells:
Cell: phfnr_buf_408 (SAEDRVT14_INV_S_0P5)
  Input location: (33.0164,4.3644)
  Legal location: (33.004,3.6)
  Displacement:   0.765 um ( 1.27 row height)
Cell: ctmi_2129 (SAEDRVT14_ND2_CDC_1)
  Input location: (18.0565,4.6174)
  Legal location: (18.648,4.2)
  Displacement:   0.724 um ( 1.21 row height)
Cell: ctmi_2166 (SAEDRVT14_AO22_0P5)
  Input location: (1.6057,12.0409)
  Legal location: (0.888,12)
  Displacement:   0.719 um ( 1.20 row height)
Cell: DP_OP_33_12155_941_J1/ctmi_2556 (SAEDRVT14_NR2_1)
  Input location: (21.9011,28.7085)
  Legal location: (21.904,29.4)
  Displacement:   0.692 um ( 1.15 row height)
Cell: ctmi_2076 (SAEDRVT14_ND2_CDC_1)
  Input location: (15.9947,4.7841)
  Legal location: (15.984,5.4)
  Displacement:   0.616 um ( 1.03 row height)
Cell: optlc_494 (SAEDRVT14_TIE0_4)
  Input location: (1.85,11.4)
  Legal location: (1.776,12)
  Displacement:   0.605 um ( 1.01 row height)
Cell: optlc_492 (SAEDRVT14_TIE0_4)
  Input location: (7.77,21)
  Legal location: (7.844,20.4)
  Displacement:   0.605 um ( 1.01 row height)
Cell: optlc_481 (SAEDRVT14_TIE0_4)
  Input location: (12.506,33.6)
  Legal location: (12.506,34.2)
  Displacement:   0.600 um ( 1.00 row height)
Cell: optlc_489 (SAEDRVT14_TIE0_4)
  Input location: (24.272,3)
  Legal location: (24.272,3.6)
  Displacement:   0.600 um ( 1.00 row height)
Cell: optlc_480 (SAEDRVT14_TIE0_4)
  Input location: (35.076,15)
  Legal location: (35.076,15.6)
  Displacement:   0.600 um ( 1.00 row height)

Information: Extraction observers are detached as design net change threshold is reached.
Information: The net parasitics of block dut_toplevel are cleared. (TIM-123)
Information: Ending   compile_fusion / initial_opto / Legalization (FLW-8001)
Information: Time: 2025-06-11 00:17:19 / Session:  00:01:39 / Command:  00:01:31 / CPU:  00:04:28 / Memory: 1622 MB (FLW-8100)
Information: CPU Load: 23%, Ram Free: 44 GB, Swap Free: 1 GB, Work Disk Free: 308 GB, Tmp Disk Free: 308 GB (MSG-3995)
Information: The stitching and editing of coupling caps is turned OFF for design 'dut_toplevel.dlib:dut_toplevel/mcmm_and_logic_opto_full_general.design'. (TIM-125)
Information: 123 out of 128 LGL-050 messages were not printed due to limit 5 (after 'compile_fusion' at task3_base.tcl:43) (MSG-3913)

Compile-fusion optimization Phase 7 Iter  1          0.00        0.00      0.00         -        911.40   283054.06        1197              0.03      1622
Warning: No clock routing rules were specified. Use set_clock_routing_rules to specify routing rules for accurate clock latency estimation. (OPT-902)
Warning: No clock routing rules were specified. Use set_clock_routing_rules to specify routing rules for accurate clock latency estimation. (OPT-902)
Information: Estimating clock gate latencies for scenario 'PowerSave_Typical'. (OPT-909)
Warning: No clock routing rules were specified. Use set_clock_routing_rules to specify routing rules for accurate clock latency estimation. (OPT-902)
Information: Estimating clock gate latencies for scenario 'PowerSave_Slow'. (OPT-909)
Warning: No clock routing rules were specified. Use set_clock_routing_rules to specify routing rules for accurate clock latency estimation. (OPT-902)
Information: Estimating clock gate latencies for scenario 'Normal_Typical'. (OPT-909)
Warning: No clock routing rules were specified. Use set_clock_routing_rules to specify routing rules for accurate clock latency estimation. (OPT-902)
Information: Estimating clock gate latencies for scenario 'Normal_Slow'. (OPT-909)

Information: Starting compile_fusion / initial_opto / Optimization (5) (FLW-8000)
Information: Time: 2025-06-11 00:17:20 / Session:  00:01:41 / Command:  00:01:33 / CPU:  00:04:32 / Memory: 1622 MB (FLW-8100)
Information: CPU Load: 22%, Ram Free: 44 GB, Swap Free: 1 GB, Work Disk Free: 308 GB, Tmp Disk Free: 308 GB (MSG-3995)

Information: Initializing classic cellmap without advanced rules enabled and without PDC enabled
Information: The following app options are used in cellmap
        place.legalize.enable_color_aware_placement : false
        place.legalize.use_nll_query_cm : false
        place.legalize.enable_advanced_legalizer : false
        place.legalize.enable_prerouted_net_check : false
        place.legalize.enable_advanced_prerouted_net_check : false
        place.legalize.always_continue : true
        place.legalize.limit_legality_checks : false
        place.common.pnet_aware_density : 1.0000
        place.common.pnet_aware_min_width : 0.0000
        place.common.pnet_aware_layers : {}
        place.common.use_placement_model : false
        place.common.enable_advanced_placement_model : true
        cts.placement.cell_spacing_rule_style : maximum
Warning: Library cell saed14rvt_ff0p88v125c:SAEDRVT14_ISOFSDPQ_PECO_8.frame is missing supply pins. Its power structure cannot be determined. (LGL-050)
Warning: Library cell saed14rvt_ff0p88v125c:SAEDRVT14_DCAP_PV1ECO_12.frame is missing supply pins. Its power structure cannot be determined. (LGL-050)
Warning: Library cell saed14rvt_c_physical_only:SAEDRVT14_AOLVLUBUFE0_IY2V1_1.frame is missing supply pins. Its power structure cannot be determined. (LGL-050)
Warning: Library cell saed14rvt_c_physical_only:SAEDRVT14_AOLVLUBUFE0_IY2V1_10.frame is missing supply pins. Its power structure cannot be determined. (LGL-050)
Warning: Library cell saed14rvt_c_physical_only:SAEDRVT14_AOLVLUBUFE0_IY2V1_12.frame is missing supply pins. Its power structure cannot be determined. (LGL-050)
Total 0.0606 seconds to build cellmap data
INFO: creating 20(r) x 20(c) GridCells YDim 1.8 XDim 1.8
INFO: number of GridCells (0xb5db3e30): 400
INFO: creating 20(r) x 20(c) GridCells YDim 1.8 XDim 1.8
INFO: number of GridCells (0xb5db3e30): 400
Total 0.0129 seconds to load 1197 cell instances into cellmap
Moveable cells: 1197; Application fixed cells: 0; Macro cells: 0; User fixed cells: 0
Average cell width 1.2690, cell height 0.6000, cell area 0.7614 for total 1197 placed and application fixed cells
Compile-fusion optimization Phase 9 Iter  1          0.00        0.00      0.00         -        911.40   283054.06        1197              0.03      1622
INFO: total number of constant pins: 667
INFO: constant pins which are scan-pins: 656
INFO: constant pins that are not scan-pins: 11
Information: 123 out of 128 LGL-050 messages were not printed due to limit 5 (after 'compile_fusion' at task3_base.tcl:43) (MSG-3913)

Compile-fusion optimization Phase 10 Iter  1         0.00        0.00      0.00         -        915.31   284704.12        1205              0.03      1622
Isolated 0 ports, skipped 0 ports
Already Isolated 0 ports, Deleted 0 existing Isolation cells 

Compile-fusion optimization Phase 11 Iter  1         0.00        0.00      0.00         -        915.31   284704.12        1205              0.03      1622

Compile-fusion optimization Phase 12 Iter  1         0.00        0.00      0.00         -        915.31   284704.12        1205              0.03      1622

Compile-fusion optimization Phase 13 Iter  1         0.00        0.00      0.00         -        915.31   284704.12        1205              0.03      1622
Warning: No clock routing rules were specified. Use set_clock_routing_rules to specify routing rules for accurate clock latency estimation. (OPT-902)
Warning: No clock routing rules were specified. Use set_clock_routing_rules to specify routing rules for accurate clock latency estimation. (OPT-902)
Information: Estimating clock gate latencies for scenario 'PowerSave_Typical'. (OPT-909)
Warning: No clock routing rules were specified. Use set_clock_routing_rules to specify routing rules for accurate clock latency estimation. (OPT-902)
Information: Estimating clock gate latencies for scenario 'PowerSave_Slow'. (OPT-909)
Warning: No clock routing rules were specified. Use set_clock_routing_rules to specify routing rules for accurate clock latency estimation. (OPT-902)
Information: Estimating clock gate latencies for scenario 'PowerSave_Fast'. (OPT-909)
Warning: No clock routing rules were specified. Use set_clock_routing_rules to specify routing rules for accurate clock latency estimation. (OPT-902)
Information: Estimating clock gate latencies for scenario 'Normal_Typical'. (OPT-909)
Warning: No clock routing rules were specified. Use set_clock_routing_rules to specify routing rules for accurate clock latency estimation. (OPT-902)
Information: Estimating clock gate latencies for scenario 'Normal_Slow'. (OPT-909)
Warning: No clock routing rules were specified. Use set_clock_routing_rules to specify routing rules for accurate clock latency estimation. (OPT-902)
Information: Estimating clock gate latencies for scenario 'Normal_Fast'. (OPT-909)
Number of Site types in the design = 1
INFO: Skipping activation of hold scenarios prior to CUS.
CCD app option: ccd.targeted_ccd_path_groups:  **clock_gating_default**
Target path group: scenario Normal_Fast pathgroup **clock_gating_default**
Target path group: scenario Normal_Slow pathgroup **clock_gating_default**
Target path group: scenario Normal_Typical pathgroup **clock_gating_default**
Target path group: scenario PowerSave_Fast pathgroup **clock_gating_default**
Target path group: scenario PowerSave_Slow pathgroup **clock_gating_default**
Target path group: scenario PowerSave_Typical pathgroup **clock_gating_default**
Information: CCD will use corner Slow for honoring max prepone/postpone limits

Summary of messages during CTS:
===============================================================
  Tag   Count  Type           Description
---------------------------------------------------------------
 No error or warning message.
Warning: No clock routing rules were specified. Use set_clock_routing_rules to specify routing rules for accurate clock latency estimation. (OPT-902)
Warning: No clock routing rules were specified. Use set_clock_routing_rules to specify routing rules for accurate clock latency estimation. (OPT-902)
Information: Estimating clock gate latencies for scenario 'PowerSave_Typical'. (OPT-909)
Warning: No clock routing rules were specified. Use set_clock_routing_rules to specify routing rules for accurate clock latency estimation. (OPT-902)
Information: Estimating clock gate latencies for scenario 'PowerSave_Slow'. (OPT-909)
Warning: No clock routing rules were specified. Use set_clock_routing_rules to specify routing rules for accurate clock latency estimation. (OPT-902)
Information: Estimating clock gate latencies for scenario 'Normal_Typical'. (OPT-909)
Warning: No clock routing rules were specified. Use set_clock_routing_rules to specify routing rules for accurate clock latency estimation. (OPT-902)
Information: Estimating clock gate latencies for scenario 'Normal_Slow'. (OPT-909)
Warning: No clock routing rules were specified. Use set_clock_routing_rules to specify routing rules for accurate clock latency estimation. (OPT-902)
Information: Estimating clock gate latencies for scenario 'Normal_Fast'. (OPT-909)
INFO: Skipping deactivation of hold scenarios after CUS.
Number of Site types in the design = 1
Compile-fusion optimization Phase 13 Iter  2         0.00        0.00      0.00         -        915.31   284704.12        1205              0.03      1622
Compile-fusion optimization Phase 13 Iter  3         0.00        0.00      0.00         -        915.31   284704.12        1205              0.03      1622
Compile-fusion optimization Phase 13 Iter  4         0.00        0.00      0.00         -        915.31   284704.12        1205              0.03      1622
Compile-fusion optimization Phase 13 Iter  5         0.00        0.00      0.00         -        915.31   284704.12        1205              0.03      1622
Corner Scaling is off, multiplier is 1.000000
Using default layer M4
new cutoff lpd: 3.06118e-07
corner scaling: maxCornerId = 3
corner=Fast, tran factor=0.837270 (0.028178 / 0.033655)
corner=Typical, tran factor=0.944434 (0.031785 / 0.033655)
corner=Slow, tran factor=1.000000 (0.033655 / 0.033655)
bmap: stepx = stepy = 30000
creating bmap
DB units per micron : 10000
Compile-fusion optimization Phase 13 Iter  6         0.00        0.00      0.00         -        915.31   284704.12        1205              0.03      1622
Compile-fusion optimization Phase 13 Iter  7         0.00        0.00      0.00         -        915.31   284704.12        1205              0.03      1622

Disable clock slack update for ideal clocks
Warning: Restoring scoped app option 'ropt.rbuf_subtree_crit_range' to original value 'unset' (from current value '-1', which is different from the scoped value '-1.0'). (FLW-2892)
Disable clock slack update for ideal clocks
Warning: Restoring scoped app option 'ropt.rbuf_subtree_crit_range' to original value 'unset' (from current value '-1', which is different from the scoped value '-1.0'). (FLW-2892)

Disable clock slack update for ideal clocks
Compile-fusion optimization Phase 15 Iter  1         0.00        0.00      0.00         -        915.31   284704.12        1205              0.03      1622
INFO: cellmap features:  adv-rules=(N), pdc=(N), clock-rules=(Y)

Compile-fusion optimization Phase 16 Iter  1         0.00        0.00      0.00         -        915.31   284704.12        1205              0.03      1622
INFO: New Levelizer turned on
Layer Demotion Info:
Bin                       OptDist       MinLen      BeforeCount       AfterCount        Diff
-----------------------------------------------------------------------------------------
None                         82.8          0.0             1635             1635           0
M4                           92.4          8.3                0                0           0
-----------------------------------------------------------------------------------------
Total Demoted Nets:             0


Information: Skipping dirty design check since timing is met or no cells in design
Compile-fusion optimization Phase 17 Iter  1         0.00        0.00      0.00         -        915.31   284704.12        1205              0.03      1622
Warning: No clock routing rules were specified. Use set_clock_routing_rules to specify routing rules for accurate clock latency estimation. (OPT-902)
Warning: No clock routing rules were specified. Use set_clock_routing_rules to specify routing rules for accurate clock latency estimation. (OPT-902)
Information: Estimating clock gate latencies for scenario 'PowerSave_Typical'. (OPT-909)
Warning: No clock routing rules were specified. Use set_clock_routing_rules to specify routing rules for accurate clock latency estimation. (OPT-902)
Information: Estimating clock gate latencies for scenario 'PowerSave_Slow'. (OPT-909)
Warning: No clock routing rules were specified. Use set_clock_routing_rules to specify routing rules for accurate clock latency estimation. (OPT-902)
Information: Estimating clock gate latencies for scenario 'PowerSave_Fast'. (OPT-909)
Warning: No clock routing rules were specified. Use set_clock_routing_rules to specify routing rules for accurate clock latency estimation. (OPT-902)
Information: Estimating clock gate latencies for scenario 'Normal_Typical'. (OPT-909)
Warning: No clock routing rules were specified. Use set_clock_routing_rules to specify routing rules for accurate clock latency estimation. (OPT-902)
Information: Estimating clock gate latencies for scenario 'Normal_Slow'. (OPT-909)
Warning: No clock routing rules were specified. Use set_clock_routing_rules to specify routing rules for accurate clock latency estimation. (OPT-902)
Information: Estimating clock gate latencies for scenario 'Normal_Fast'. (OPT-909)
Number of Site types in the design = 1
INFO: Skipping activation of hold scenarios prior to CUS.
CCD app option: ccd.targeted_ccd_path_groups:  **clock_gating_default**
Target path group: scenario Normal_Fast pathgroup **clock_gating_default**
Target path group: scenario Normal_Slow pathgroup **clock_gating_default**
Target path group: scenario Normal_Typical pathgroup **clock_gating_default**
Target path group: scenario PowerSave_Fast pathgroup **clock_gating_default**
Target path group: scenario PowerSave_Slow pathgroup **clock_gating_default**
Target path group: scenario PowerSave_Typical pathgroup **clock_gating_default**
Information: CCD will use corner Slow for honoring max prepone/postpone limits

Summary of messages during CTS:
===============================================================
  Tag   Count  Type           Description
---------------------------------------------------------------
 No error or warning message.
Warning: No clock routing rules were specified. Use set_clock_routing_rules to specify routing rules for accurate clock latency estimation. (OPT-902)
Warning: No clock routing rules were specified. Use set_clock_routing_rules to specify routing rules for accurate clock latency estimation. (OPT-902)
Information: Estimating clock gate latencies for scenario 'PowerSave_Typical'. (OPT-909)
Warning: No clock routing rules were specified. Use set_clock_routing_rules to specify routing rules for accurate clock latency estimation. (OPT-902)
Information: Estimating clock gate latencies for scenario 'PowerSave_Slow'. (OPT-909)
Warning: No clock routing rules were specified. Use set_clock_routing_rules to specify routing rules for accurate clock latency estimation. (OPT-902)
Information: Estimating clock gate latencies for scenario 'Normal_Typical'. (OPT-909)
Warning: No clock routing rules were specified. Use set_clock_routing_rules to specify routing rules for accurate clock latency estimation. (OPT-902)
Information: Estimating clock gate latencies for scenario 'Normal_Slow'. (OPT-909)
Warning: No clock routing rules were specified. Use set_clock_routing_rules to specify routing rules for accurate clock latency estimation. (OPT-902)
Information: Estimating clock gate latencies for scenario 'Normal_Fast'. (OPT-909)
INFO: Skipping deactivation of hold scenarios after CUS.
Number of Site types in the design = 1
Compile-fusion optimization Phase 17 Iter  2         0.00        0.00      0.00         -        915.31   284704.12        1205              0.03      1622
Compile-fusion optimization summary            SETUP-COST    R2R-COST HOLD-COST LDRC-COST          AREA     LEAKAGE     INSTCNT            ELAPSE       MEM
Compile-fusion optimization Phase 17 Iter  3         0.00        0.00      0.00         -        915.31   284704.12        1205              0.03      1622
Compile-fusion optimization Phase 17 Iter  4         0.00        0.00      0.00         -        915.31   284704.12        1205              0.03      1622
Compile-fusion optimization Phase 17 Iter  5         0.00        0.00      0.00         -        915.31   284704.12        1205              0.03      1622
Compile-fusion optimization Phase 17 Iter  6         0.00        0.00      0.00         -        915.31   284704.12        1205              0.03      1622
Compile-fusion optimization Phase 17 Iter  7         0.00        0.00      0.00         -        915.31   284704.12        1205              0.03      1622
Compile-fusion optimization Phase 17 Iter  8         0.00        0.00      0.00         -        915.31   284704.12        1205              0.03      1622
Compile-fusion optimization Phase 17 Iter  9         0.00        0.00      0.00         -        915.31   284704.12        1205              0.03      1622
Compile-fusion optimization Phase 17 Iter 10         0.00        0.00      0.00         -        915.31   284704.12        1205              0.03      1622
Compile-fusion optimization Phase 17 Iter 11         0.00        0.00      0.00         -        915.31   284704.12        1205              0.03      1622
Warning: No clock routing rules were specified. Use set_clock_routing_rules to specify routing rules for accurate clock latency estimation. (OPT-902)
Warning: No clock routing rules were specified. Use set_clock_routing_rules to specify routing rules for accurate clock latency estimation. (OPT-902)
Information: Estimating clock gate latencies for scenario 'PowerSave_Typical'. (OPT-909)
Warning: No clock routing rules were specified. Use set_clock_routing_rules to specify routing rules for accurate clock latency estimation. (OPT-902)
Information: Estimating clock gate latencies for scenario 'PowerSave_Slow'. (OPT-909)
Warning: No clock routing rules were specified. Use set_clock_routing_rules to specify routing rules for accurate clock latency estimation. (OPT-902)
Information: Estimating clock gate latencies for scenario 'PowerSave_Fast'. (OPT-909)
Warning: No clock routing rules were specified. Use set_clock_routing_rules to specify routing rules for accurate clock latency estimation. (OPT-902)
Information: Estimating clock gate latencies for scenario 'Normal_Typical'. (OPT-909)
Warning: No clock routing rules were specified. Use set_clock_routing_rules to specify routing rules for accurate clock latency estimation. (OPT-902)
Information: Estimating clock gate latencies for scenario 'Normal_Slow'. (OPT-909)
Warning: No clock routing rules were specified. Use set_clock_routing_rules to specify routing rules for accurate clock latency estimation. (OPT-902)
Information: Estimating clock gate latencies for scenario 'Normal_Fast'. (OPT-909)
Number of Site types in the design = 1
INFO: Skipping activation of hold scenarios prior to CUS.
CCD app option: ccd.targeted_ccd_path_groups:  **clock_gating_default**
Target path group: scenario Normal_Fast pathgroup **clock_gating_default**
Target path group: scenario Normal_Slow pathgroup **clock_gating_default**
Target path group: scenario Normal_Typical pathgroup **clock_gating_default**
Target path group: scenario PowerSave_Fast pathgroup **clock_gating_default**
Target path group: scenario PowerSave_Slow pathgroup **clock_gating_default**
Target path group: scenario PowerSave_Typical pathgroup **clock_gating_default**
Information: CCD will use corner Slow for honoring max prepone/postpone limits

Summary of messages during CTS:
===============================================================
  Tag   Count  Type           Description
---------------------------------------------------------------
 No error or warning message.
Warning: No clock routing rules were specified. Use set_clock_routing_rules to specify routing rules for accurate clock latency estimation. (OPT-902)
Warning: No clock routing rules were specified. Use set_clock_routing_rules to specify routing rules for accurate clock latency estimation. (OPT-902)
Information: Estimating clock gate latencies for scenario 'PowerSave_Typical'. (OPT-909)
Warning: No clock routing rules were specified. Use set_clock_routing_rules to specify routing rules for accurate clock latency estimation. (OPT-902)
Information: Estimating clock gate latencies for scenario 'PowerSave_Slow'. (OPT-909)
Warning: No clock routing rules were specified. Use set_clock_routing_rules to specify routing rules for accurate clock latency estimation. (OPT-902)
Information: Estimating clock gate latencies for scenario 'Normal_Typical'. (OPT-909)
Warning: No clock routing rules were specified. Use set_clock_routing_rules to specify routing rules for accurate clock latency estimation. (OPT-902)
Information: Estimating clock gate latencies for scenario 'Normal_Slow'. (OPT-909)
Warning: No clock routing rules were specified. Use set_clock_routing_rules to specify routing rules for accurate clock latency estimation. (OPT-902)
Information: Estimating clock gate latencies for scenario 'Normal_Fast'. (OPT-909)
INFO: Skipping deactivation of hold scenarios after CUS.
Number of Site types in the design = 1
Compile-fusion optimization Phase 17 Iter 12         0.00        0.00      0.00         -        915.31   284704.12        1205              0.03      1622
Corner Scaling is off, multiplier is 1.000000
Using default layer M4
new cutoff lpd: 3.06118e-07
corner scaling: maxCornerId = 3
corner=Fast, tran factor=0.837270 (0.028178 / 0.033655)
corner=Typical, tran factor=0.944434 (0.031785 / 0.033655)
corner=Slow, tran factor=1.000000 (0.033655 / 0.033655)
bmap: stepx = stepy = 30000
creating bmap
DB units per micron : 10000
Compile-fusion optimization Phase 17 Iter 13         0.00        0.00      0.00         -        915.31   284704.12        1205              0.03      1622
Compile-fusion optimization Phase 17 Iter 14         0.00        0.00      0.00         -        915.31   284704.12        1205              0.03      1622
Compile-fusion optimization Phase 17 Iter 15         0.00        0.00      0.00         -        915.31   284704.12        1205              0.03      1622
Compile-fusion optimization Phase 17 Iter 16         0.00        0.00      0.00         -        915.31   284704.12        1205              0.03      1622
Compile-fusion optimization Phase 17 Iter 17         0.00        0.00      0.00         -        915.31   284704.12        1205              0.03      1622
Compile-fusion optimization Phase 17 Iter 18         0.00        0.00      0.00         -        915.31   284704.12        1205              0.03      1622
Compile-fusion optimization Phase 17 Iter 19         0.00        0.00      0.00         -        915.31   284704.12        1205              0.03      1622
Compile-fusion optimization Phase 17 Iter 20         0.00        0.00      0.00         -        915.31   284704.12        1205              0.03      1622
Compile-fusion optimization Phase 17 Iter 21         0.00        0.00      0.00         -        915.31   284704.12        1205              0.03      1622
Compile-fusion optimization Phase 17 Iter 22         0.00        0.00      0.00         -        915.31   284704.12        1205              0.03      1622
Compile-fusion optimization Phase 17 Iter 23         0.00        0.00      0.00         -        915.31   284704.12        1205              0.03      1622
Compile-fusion optimization Phase 17 Iter 24         0.00        0.00      0.00         -        915.31   284704.12        1205              0.03      1622
Compile-fusion optimization Phase 17 Iter 25         0.00        0.00      0.00         -        915.31   284704.12        1205              0.03      1622

Compile-fusion optimization Phase 18 Iter  1         0.00        0.00      0.00         -        915.31   284704.12        1205              0.03      1622

Compile-fusion optimization Phase 19 Iter  1         0.00        0.00      0.00         -        915.31   284704.12        1205              0.03      1622
INFO: New Levelizer turned on
Compile-fusion optimization Phase 19 Iter  2         0.00        0.00      0.00         -        915.31   284704.12        1205              0.03      1622
INFO: New Levelizer turned on

Disable clock slack update for ideal clocks
Compile-fusion optimization Phase 20 Iter  1         0.00        0.00      0.00         -        914.28   284399.94        1205              0.03      1622
INFO: cellmap features:  adv-rules=(N), pdc=(N), clock-rules=(Y)

Compile-fusion optimization Phase 21 Iter  1         0.00        0.00      0.00         -        914.28   284399.94        1205              0.03      1622
Warning: Restoring scoped app option 'xform.commit_density_threshold' to original value 'unset' (from current value '1.1', which is different from the scoped value '1.100000'). (FLW-2892)
Warning: Restoring scoped app option 'ropt.rutil_density_threshold' to original value 'unset' (from current value '1.1', which is different from the scoped value '1.100000'). (FLW-2892)
Warning: Restoring scoped app option 'opt.internal.levfilter_arec_slack' to original value 'unset' (from current value '-1', which is different from the scoped value '-1.0'). (FLW-2892)

Disable clock slack update for ideal clocks
Compile-fusion optimization Phase 22 Iter  1         0.00        0.00      0.00         -        914.15   284246.38        1205              0.03      1622
INFO: cellmap features:  adv-rules=(N), pdc=(N), clock-rules=(Y)

Compile-fusion optimization summary            SETUP-COST    R2R-COST HOLD-COST LDRC-COST          AREA     LEAKAGE     INSTCNT            ELAPSE       MEM
Compile-fusion optimization Phase 23 Iter  1         0.00        0.00      0.00         -        914.15   284246.38        1205              0.03      1622
ISR-INFO:  Running path margin based recovery (target = 0.0000, multiplier = 0.7000, mode = 0)
INFO: New Levelizer turned on
Knee-Processing :  cumEst: 0.00000323 cumPct:    94.34 estdown: 0.00000019 cumUp:   34 numDown:  160 status= valid
Knee-Processing :  cumEst: 0.00000342 cumPct:    99.92 estdown: 0.00000000 cumUp:   57 numDown:  137 status= valid
Knee-Processing :  cumEst: 0.00000342 cumPct:   100.00 estdown: 0.00000000 cumUp:  866 numDown:    0 status= valid

Compile-fusion optimization Phase 24 Iter  1         0.00        0.00      0.00         -        914.15   283806.34        1205              0.03      1622
LAO is disable, refresh para
Information: The net parasitics of block dut_toplevel are cleared. (TIM-123)
Information: The stitching and editing of coupling caps is turned OFF for design 'dut_toplevel.dlib:dut_toplevel/mcmm_and_logic_opto_full_general.design'. (TIM-125)

Compile-fusion optimization Phase 25 Iter  1         0.00        0.00      0.00         -        914.15   283806.34        1205              0.03      1622
INFO: New Levelizer turned on
Layer Demotion Info:
Bin                       OptDist       MinLen      BeforeCount       AfterCount        Diff
-----------------------------------------------------------------------------------------
None                         82.8          0.0             1635             1635           0
M4                           92.4          8.3                0                0           0
-----------------------------------------------------------------------------------------
Total Demoted Nets:             0


Compile-fusion optimization Phase 26 Iter  1         0.00        0.00      0.00         -        914.15   283806.34        1205              0.03      1622

Compile-fusion optimization Phase 27 Iter  1         0.00        0.00      0.00         -        914.15   283806.34        1205              0.03      1622
Compile-fusion optimization Phase 27 Iter  2         0.00        0.00      0.00         -        914.15   283806.34        1205              0.03      1622
Compile-fusion optimization Phase 27 Iter  3         0.00        0.00      0.00         -        914.15   283806.34        1205              0.03      1622
Compile-fusion optimization Phase 27 Iter  4         0.00        0.00      0.00         -        914.15   283806.34        1205              0.03      1622
Compile-fusion optimization Phase 27 Iter  5         0.00        0.00      0.00         -        914.15   283806.34        1205              0.03      1622
Compile-fusion optimization Phase 27 Iter  6         0.00        0.00      0.00         -        914.15   283806.34        1205              0.03      1622
Compile-fusion optimization Phase 27 Iter  7         0.00        0.00      0.00         -        914.15   283806.34        1205              0.03      1622
Compile-fusion optimization Phase 27 Iter  8         0.00        0.00      0.00         -        914.15   283806.34        1205              0.03      1622
Compile-fusion optimization Phase 27 Iter  9         0.00        0.00      0.00         -        914.15   283806.34        1205              0.03      1622
Compile-fusion optimization Phase 27 Iter 10         0.00        0.00      0.00         -        914.15   283806.34        1205              0.03      1622
Corner Scaling is off, multiplier is 1.000000
Using default layer M4
new cutoff lpd: 3.06118e-07
corner scaling: maxCornerId = 3
corner=Fast, tran factor=0.837270 (0.028178 / 0.033655)
corner=Typical, tran factor=0.944434 (0.031785 / 0.033655)
corner=Slow, tran factor=1.000000 (0.033655 / 0.033655)
bmap: stepx = stepy = 30000
creating bmap
DB units per micron : 10000
Compile-fusion optimization Phase 27 Iter 11         0.00        0.00      0.00         -        914.15   283806.34        1205              0.03      1622
Compile-fusion optimization Phase 27 Iter 12         0.00        0.00      0.00         -        914.15   283806.34        1205              0.03      1622
Compile-fusion optimization Phase 27 Iter 13         0.00        0.00      0.00         -        914.15   283806.34        1205              0.03      1622
Compile-fusion optimization Phase 27 Iter 14         0.00        0.00      0.00         -        914.15   283806.34        1205              0.03      1622
Compile-fusion optimization Phase 27 Iter 15         0.00        0.00      0.00         -        914.15   283806.34        1205              0.03      1622
Compile-fusion optimization Phase 27 Iter 16         0.00        0.00      0.00         -        914.15   283806.34        1205              0.03      1622

Disable clock slack update for ideal clocks
INFO:  SEQ DEL WNS is protecting TNS
INFO:  SEQ DEL WNS is protecting TNS
Compile-fusion optimization Phase 28 Iter  1         0.00        0.00      0.00         -        914.15   283806.34        1205              0.03      1622
INFO: cellmap features:  adv-rules=(N), pdc=(N), clock-rules=(Y)

Compile-fusion optimization Phase 29 Iter  1         0.00        0.00      0.00         0        914.15   283806.34        1205              0.03      1622
INFO: New Levelizer turned on
Compile-fusion optimization Phase 29 Iter  2         0.00        0.00      0.00         0        914.15   283806.34        1205              0.03      1622
Compile-fusion optimization Phase 29 Iter  3         0.00        0.00      0.00         0        914.15   283806.34        1205              0.03      1622

Compile-fusion optimization Phase 30 Iter  1         0.00        0.00      0.00         0        914.15   283806.34        1205              0.03      1622

Information: Ending   compile_fusion / initial_opto / Optimization (5) (FLW-8001)
Information: Time: 2025-06-11 00:17:40 / Session:  00:02:01 / Command:  00:01:53 / CPU:  00:05:23 / Memory: 1622 MB (FLW-8100)
Information: CPU Load: 23%, Ram Free: 44 GB, Swap Free: 1 GB, Work Disk Free: 308 GB, Tmp Disk Free: 308 GB (MSG-3995)

Compile-fusion optimization Phase 32 Iter  1         0.00        0.00      0.00         0        914.15   283806.34        1205              0.03      1622


Compile-fusion optimization complete                 0.00        0.00      0.00         0        914.15   283806.34        1205              0.03      1622
[Tim-Power] Info: Cleared Leakage libCell cache.
Information: The net parasitics of block dut_toplevel are cleared. (TIM-123)
Co-efficient Ratio Summary:
4.193421605155  6.578038173730  2.479639287277  7.744187540401  0.485050000353  3.179565833784  5.567214754587  2.894454387461  6.565921217863  9.017937505874  3.123468431183  9.863421557711  6.078232664085  2.744209541123  8.318116204907  9.699225026083
2.464623950064  1.382370221226  9.387184029619  3.142429406669  0.968752789964  6.613180723294  4.146578793224  7.876358918112  2.191135103696  0.963734141094  2.729936074031  3.840442012300  3.750315753169  7.663459042299  6.212202767950  7.759678473967
7.862243056717  0.402387977150  0.032845095897  0.596111512371  4.701287396892  7.205135512169  8.278351398268  1.183725190997  3.334436408244  5.867609731622  7.191119571139  9.669800033079  7.591596047087  7.632107593266  7.679079663326  9.831314288630
1.878805817928  3.230072343539  1.226270037326  7.050450494780  2.403928173631  6.139852544054  4.100210066110  1.274718589655  4.570746653063  5.624878808820  7.844152659828  4.759124547043  5.409136626377  2.609824852834  0.626143138674  6.381676652919
9.187474022495  0.513656796621  5.027570618562  6.119813446103  6.181472312107  1.581675365776  7.486041822107  9.584562469756  2.041727387119  3.921160867338  0.678783088595  9.472449031289  3.368593094994  4.897112749020  6.860140844452  2.000104051691
9.095345907689  2.197041709512  0.915900067443  5.466092308426  8.142690055883  4.607193265224  8.244463794567  3.504870705451  1.682716012888  7.173433718510  9.957867104523  3.617843801463  8.946881337652  1.169960732707  4.529947256262  3.090979409795
5.580726136993  1.131397763510  0.721709625254  7.515947417690  0.649322209371  1.017031043513  5.811519666269  5.826730883342  4.349383292435  0.216216918317  9.630447828777  7.311147811984  0.823628841628  0.356162486693  8.022010169284  2.603132585844
5.024802551363  1.359359521353  5.407563451201  2.804123477518  1.265300052200  0.417760313533  1.833872465081  6.448557737188  4.848373112548  2.936801055033  8.699799520475  4.212396445490  9.007736970112  3.308108378452  5.607472709985  8.514743640423
2.764676979434  9.324216938770  1.551199989997  2.300508202625  0.754685030179  1.961421411696  2.781303341418  3.355375155650  9.437909893602  9.136702642545  9.048679610964  9.978462925710  7.467577234047  3.171275921421  9.815921340044  4.331414637138
0.413524984361  3.309910198619  7.452798206103  1.902827924529  5.623407259547  7.269363008696  3.367403103784  7.093641515702  7.411336156476  6.944246976650  5.257935333587  4.802170177985  3.894521963832  4.531611619342  1.605156257803  8.173730247963
9.287277774418  7.540401048505  0.000353317956  5.833784556721  4.754587289445  4.387461656592  1.217863901793  7.505874310467  0.800933986343  9.509851607812  3.982455686920  8.341114361414  5.604027469922  5.026084446462  3.950065738237  0.221226938718
4.029619314242  9.406669096875  2.789964661318  0.723294414657  8.793224787635  8.918112219113  5.103696096373  4.141094270014  8.443881384045  0.064440375020  6.071539178845  8.842280151823  1.167070275967  8.473968986224  3.056718640238  7.977150003284
5.095897059611  1.512371470128  7.396892720513  5.512169827835  1.398268118372  5.190997333443  6.408244586760  9.731622717389  4.385364966981  9.999761759148  7.365457175710  6.393257297500  8.063446483131  4.288631387880  5.817929923007  2.343539122627
0.037326705045  0.494780240392  8.173631613985  2.544054410021  0.066110127471  8.589655457074  6.653063562487  8.808820782685  7.253678475913  3.418263540902  7.944747672482  3.652825592217  2.538794138167  6.652910118747  4.022496651365  6.796621502757
0.618562611981  3.446103618147  2.312107158167  5.365776748604  1.822107958456  2.469756204172  7.387119392116  0.867338065048  8.682345947245  8.902409336848  4.312364891211  1.549011116617  9.244572700010  4.051692109534  5.907680819704  1.709512091590
0.067443546609  2.308426814269  0.055883460719  3.265224824446  3.794567350487  0.705451168271  6.012888717343  3.718510993956  2.708373361785  2.772683894677  2.655022528496  9.532798982597  6.656382809097  9.409796758072  6.136994713139  7.763510072170
9.625254751594  7.417690064932  2.209371101703  1.043513581151  9.666269582673  0.883342434938  3.292435021621  6.918317961214  2.422527731115  6.782104082351  9.169098447116  1.286684332804  9.569304760313  2.585845702480  2.551364735935  9.521353540756
3.451201280412  3.477518126530  0.052200041776  0.313533183387  2.465081644855  7.737188484837  3.112548293680  1.055033867149  4.124225421230  5.316610900762  7.298582742310  7.178443090340  1.109005351474  3.640424476467  6.979435532421  6.938770155119
9.989997230050  8.202625075468  5.030179196142  1.411696278130  3.341418335537  5.155650943790  9.893602913670  2.642545902020  9.208464997847  1.495117746745  7.752476200877  4.721412309961  0.740164933141  4.637139241352  4.984362930991  0.198619745279
8.206103190282  7.924529562340  7.259547726936  3.008696336740  3.103784709364  1.515702741133  6.156476694424  6.976650523956  5.921087480218  9.647382389440  1.481261346811  0.419333588984  5.657923317373  0.247964128727  7.774419354040  1.048505000035
3.317956583378  4.556721475458  7.289445438746  1.656592121786  3.901793750587  4.310467080093  3.986343950985  1.607812396408  5.274420834112  3.831811560490  7.987346139108  3.246453700167  4.138357522122  6.938719602961  9.314243540666  9.096875278996
4.661318072329  4.414657879322  4.787635891811  2.219113510369  6.096373414109  4.270014844388  1.384045006444  0.375020605316  9.766345884229  9.621220116795  0.793381474896  7.786215710732  7.040358297715  0.003285709589  7.059612751237  1.470128739689
2.720513551216  9.827835139826  8.118372519099  7.333443640824  4.586760973162  2.717389438536  4.966981999976  1.759148734708  7.763210639326  6.767907806332  6.901411052138  0.187871996853  8.323127734353  9.122628203732  6.705046649478  0.240392817363
1.613985254405  4.410021006611  0.127471858965  5.457074665306  3.562487880882  0.782685725367  8.475913341826  3.540902792637  7.260982365283  4.062614253867  4.656447299566  9.918738817300  5.051485179662  1.502758261856  2.611982944610  3.618147231210
7.158167536577  6.748604182210  7.958456246975  6.204172738711  9.392116086733  8.065048868234  5.947245890240  9.336848439499  4.489711154902  0.686014924445  2.228390039434  1.909525905829  9.219824670951  2.091591206744  3.546600830842  6.814269005588
3.460719326522  4.824446379456  7.350487070545  1.168271601288  8.717343371851  0.993956270837  3.361785277268  3.894677263765  2.116996953270  7.452994665626  2.327377574244  5.558063028750  3.113259276351  0.072171162525  4.751595341769  0.064932220937
1.101703104351  3.581151966626  9.582673088334  2.434938329243  5.021621691831  7.961214242252  7.731115678210  4.082351914162  8.035616128669  3.802201956928  4.288693882859  4.502471660297  3.135055452135  3.540757545120  1.280413947751  8.126530005220
0.041776031353  3.183387246508  1.644855773718  8.484837311254  8.293680105503  3.867149412422  5.421230531661  0.900762727011  2.330810717845  2.560747110998  5.879754998317  3.276458002004  4.932541193877  0.155110198999  7.230051420262  5.075468503017
9.196142141169  6.278130334141  8.335537515565  0.943790989360  2.913670264254  5.902020920846  4.997847149511  7.746745773404  7.317127472142  1.981592074004  4.451421097088  8.041343803597  1.330011519861  9.745270020610  3.190283392452  9.562340725954
7.726936300869  6.336740310378  4.709364151570  2.741133615647  6.694424697665  0.523956592108  7.480218964738  2.389440146383  2.453161041934  2.160515565780  3.835653658061  3.928718182502  8.754160604850  5.000036531795  6.583379055672  1.475458728944
5.438746165659  2.121786390179  3.750587431046  7.080093398634  3.950985160781  2.396408527442  0.834112383181  1.560490796992  2.502608324646  2.395006413823  7.040402227146  8.402952346585  2.940786409687  5.278997666131  8.072320041465  7.879322478763
5.891811221911  3.510369609637  3.414109427001  4.844388138404  5.006444037502  0.605316976634  5.884229962122  0.116795077596  7.847396778622  4.305671704023  8.715095634693  4.509570110022  1.151357647012  8.739680472051  3.551217582783  5.139826811837
Information: The stitching and editing of coupling caps is turned OFF for design 'dut_toplevel.dlib:dut_toplevel/mcmm_and_logic_opto_full_general.design'. (TIM-125)

Compile-fusion final QoR
________________________
Scenario Mapping Table
1: Normal_Fast
2: Normal_Slow
3: Normal_Typical
4: PowerSave_Fast
5: PowerSave_Slow
6: PowerSave_Typical

Pathgroup Mapping Table
1: **default**
2: **async_default**
3: **clock_gating_default**
4: **in2reg_default**
5: **reg2out_default**
6: **in2out_default**
7: clk

-------------------------------------------------------------------------------------------------------------------------------------------------------------
PATHGROUP QOR 
-------------------------------------------------------------------------------------------------------------------------------------------------------------
Scene  PG      WNS        TNS    NSV      WHV        THV    NHV
    2   1   0.0000     0.0000      0        -          -      -
    2   2   0.0000     0.0000      0        -          -      -
    2   3   0.0000     0.0000      0        -          -      -
    2   4   0.0000     0.0000      0        -          -      -
    2   5   0.0000     0.0000      0        -          -      -
    2   6   0.0000     0.0000      0        -          -      -
    2   7   0.0000     0.0000      0        -          -      -
    3   1   0.0000     0.0000      0        -          -      -
    3   2   0.0000     0.0000      0        -          -      -
    3   3   0.0000     0.0000      0        -          -      -
    3   4   0.0000     0.0000      0        -          -      -
    3   5   0.0000     0.0000      0        -          -      -
    3   6   0.0000     0.0000      0        -          -      -
    3   7   0.0000     0.0000      0        -          -      -
    5   1   0.0000     0.0000      0        -          -      -
    5   2   0.0000     0.0000      0        -          -      -
    5   3   0.0000     0.0000      0        -          -      -
    5   4   0.0000     0.0000      0        -          -      -
    5   5   0.0000     0.0000      0        -          -      -
    5   6   0.0000     0.0000      0        -          -      -
    5   7   0.0000     0.0000      0        -          -      -
    6   1   0.0000     0.0000      0        -          -      -
    6   2   0.0000     0.0000      0        -          -      -
    6   3   0.0000     0.0000      0        -          -      -
    6   4   0.0000     0.0000      0        -          -      -
    6   5   0.0000     0.0000      0        -          -      -
    6   6   0.0000     0.0000      0        -          -      -
    6   7   0.0000     0.0000      0        -          -      -
----------------------------------------------------------------------------------------------------------------------------------------------------------------------
SCENARIO QOR 
----------------------------------------------------------------------------------------------------------------------------------------------------------------------
Scene  PG      WNS        TNS   R2RTNS    NSV      WHV        THV    NHV  MaxTrnV   MaxTranC  MaxCapV    Leakage     CellEMV
    1   *        -          -        -      -        -          -      -        -          -        0          -           0
    2   *   0.0000     0.0000   0.0000      0        -          -      -        0     0.0000        -  15603.101           0
    3   *   0.0000     0.0000   0.0000      0        -          -      -        0     0.0000        0 283806.344           0
    4   *        -          -        -      -        -          -      -        -          -        0          -           0
    5   *   0.0000     0.0000   0.0000      0        -          -      -        0     0.0000        -  15603.101           0
    6   *   0.0000     0.0000   0.0000      0        -          -      -        0     0.0000        0 283806.344           0
----------------------------------------------------------------------------------------------------------------------------------------------------------------------
DESIGN QOR 
----------------------------------------------------------------------------------------------------------------------------------------------------------------------
Scene  PG      WNS        TNS   R2RTNS    NSV      WHV        THV    NHV  MaxTrnV   MaxTranC  MaxCapV    Leakage         Area    InstCnt     BufCnt     InvCnt     CellEMV
    *   *   0.0000     0.0000   0.0000      0   0.0000     0.0000      0        0     0.0000        0 283806.344       914.15       1205         12         16           0
----------------------------------------------------------------------------------------------------------------------------------------------------------------------

Compile-fusion final QoR Summary         WNS        TNS   R2RTNS    NSV      WHV        THV    NHV  MaxTrnV  MaxCapV    Leakage         Area    InstCnt
Compile-fusion final QoR Summary      0.0000     0.0000   0.0000      0   0.0000     0.0000      0        0        0 283806.344       914.15       1205

Compile-fusion command complete                CPU:   334 s (  0.09 hr )  ELAPSE:   122 s (  0.03 hr )  MEM-PEAK:  1622 MB
Compile-fusion command statistics  CPU=79 sec (0.02 hr) ELAPSED=26 sec (0.01 hr) MEM-PEAK=1.584 GB
[Tim-Power] Info: Cleared Leakage libCell cache.

Scenario Normal_Typical is cellEm
Scenario PowerSave_Typical is cellEm
Info: update em.
Information: Activity propagation will be performed for scenario Normal_Fast.
Information: Doing activity propagation for mode 'Normal' and corner 'Fast' with effort level 'medium'. (POW-024)
Information: Timer-derived activity data is cached on scenario Normal_Fast (POW-052)
Information: Running switching activity propagation with 12 threads!

 **** Information : No. of simulation cycles = 6 ****
Information: Propagated activity on scenario Normal_Slow identical to that on Normal_Fast (POW-006)
Information: Propagated activity on scenario Normal_Typical identical to that on Normal_Fast (POW-006)
Information: Activity propagation will be performed for scenario PowerSave_Fast.
Information: Doing activity propagation for mode 'PowerSave' and corner 'Fast' with effort level 'medium'. (POW-024)
Information: Timer-derived activity data is cached on scenario PowerSave_Fast (POW-052)
Information: Running switching activity propagation with 12 threads!

 **** Information : No. of simulation cycles = 6 ****
Information: Propagated activity on scenario PowerSave_Slow identical to that on PowerSave_Fast (POW-006)
Information: Propagated activity on scenario PowerSave_Typical identical to that on PowerSave_Fast (POW-006)
Information: Activity for scenario Normal_Fast was cached, no propagation required. (POW-005)
Information: Activity for scenario Normal_Slow was cached, no propagation required. (POW-005)
Information: Activity for scenario Normal_Typical was cached, no propagation required. (POW-005)
Information: Activity for scenario PowerSave_Fast was cached, no propagation required. (POW-005)
Information: Activity for scenario PowerSave_Slow was cached, no propagation required. (POW-005)
Information: Activity for scenario PowerSave_Typical was cached, no propagation required. (POW-005)
CTS Cell EM initialization finished
Scenario Normal_Typical is cellEm
Scenario PowerSave_Typical is cellEm
Info: update em.
Information: Activity for scenario Normal_Fast was cached, no propagation required. (POW-005)
Information: Activity for scenario Normal_Slow was cached, no propagation required. (POW-005)
Information: Activity for scenario Normal_Typical was cached, no propagation required. (POW-005)
Information: Activity for scenario PowerSave_Fast was cached, no propagation required. (POW-005)
CTS Cell EM initialization finished
Warning: No clock routing rules were specified. Use set_clock_routing_rules to specify routing rules for accurate clock latency estimation. (OPT-902)
Warning: No clock routing rules were specified. Use set_clock_routing_rules to specify routing rules for accurate clock latency estimation. (OPT-902)
Information: Estimating clock gate latencies for scenario 'PowerSave_Typical'. (OPT-909)
Warning: No clock routing rules were specified. Use set_clock_routing_rules to specify routing rules for accurate clock latency estimation. (OPT-902)
Information: Estimating clock gate latencies for scenario 'PowerSave_Slow'. (OPT-909)
Warning: No clock routing rules were specified. Use set_clock_routing_rules to specify routing rules for accurate clock latency estimation. (OPT-902)
Information: Estimating clock gate latencies for scenario 'PowerSave_Fast'. (OPT-909)
Warning: No clock routing rules were specified. Use set_clock_routing_rules to specify routing rules for accurate clock latency estimation. (OPT-902)
Information: Estimating clock gate latencies for scenario 'Normal_Typical'. (OPT-909)
Warning: No clock routing rules were specified. Use set_clock_routing_rules to specify routing rules for accurate clock latency estimation. (OPT-902)
Information: Estimating clock gate latencies for scenario 'Normal_Slow'. (OPT-909)
Warning: No clock routing rules were specified. Use set_clock_routing_rules to specify routing rules for accurate clock latency estimation. (OPT-902)
Information: Estimating clock gate latencies for scenario 'Normal_Fast'. (OPT-909)
Information: 2 out of 12 POW-005 messages were not printed due to limit 10 (after 'compile_fusion' at task3_base.tcl:43) (MSG-3913)
[Tim-Power] Info: Cleared Leakage libCell cache.
Information: Summary of UPF Cells (UPF-532)
*******************************************************************************
                            Summary of UPF Cells                               
*******************************************************************************
This is NOT a UPF design.
UPF is NOT loaded.
UPF is NOT committed.
-------------------------------------------------------------------------------
*******************************************************************************
                        End of Summary of UPF Cells                            
*******************************************************************************
Information: Ending   compile_fusion / initial_opto (FLW-8001)
Information: Time: 2025-06-11 00:17:45 / Session:  00:02:05 / Command:  00:01:57 / CPU:  00:05:46 / Memory: 1622 MB (FLW-8100)
Information: CPU Load: 25%, Ram Free: 44 GB, Swap Free: 1 GB, Work Disk Free: 308 GB, Tmp Disk Free: 308 GB (MSG-3995)

Information: >>>>>>> 9 unique error and warning message tags while observing compile_fusion / initial_opto: (MSG-3100)
Information: #prnt #trgr #lmt    Tag  Level     Format (or last printed message)                                (MSG-3036)
Information:     1     1  0 DFT-1991  WARNING   Warning: SCANDEF based Optimization skipped: No ScanDEF chai... (MSG-3032)
Information:    16    16  0 FLW-2892  WARNING   Warning: Restoring scoped app option 'opt.internal.levfilter... (MSG-3032)
Information:     3     1  0 ZRT-511   WARNING   Warning: Cell contains tie connections which are not connect... (MSG-3032)
Information:    15     5  0 ZRT-026   WARNING   Warning: Layer MRDL default pitch 4.000 may be too small to ... (MSG-3032)
Information:    10    10  0 ZRT-720   WARNING   Warning: Port  VDD at {{33.702,27.553} {35.932,27.647}} is o... (MSG-3032)
Information:     3     1  0 ZRT-763   WARNING   Warning: Cell ctmi_2159 is placed overlapping with other cel... (MSG-3032)
Information:     7     7  0 OPT-070   WARNING   Warning: Cannot find any max transition constraint on the de... (MSG-3032)
Information:   104    28  0 OPT-902   WARNING   Warning: No clock routing rules were specified. Use set_cloc... (MSG-3032)
Information:    40    35  5 LGL-050   WARNING   Warning: Library cell saed14rvt_c_physical_only:SAEDRVT14_AO... (MSG-3032)
Information:   199   104  1        9  <------   Total sum of messages (MSG-3038)
Information: >>>>>>> Summary: 104 error&warning MSGs observed during compile_fusion / initial_opto (MSG-3103)

INFO: compile_fusion is running in balanced flow mode
Warning: Cannot find any max transition constraint on the design. (OPT-070)
INFO: Leakage Power Aware Optimization Enabled
Information: The automatic clock gate timing flow is activated. Clock latencies set on clock gate cells will be automatically adjusted by an estimate for latency. (CGT-4005)
INFO: EarlyGR flow is not enabled.
.INFO: disable CRPR-based timing. 
Number of Site types in the design = 1
Setting up Chip Core
Chip Core shape: (0 0) (358900 354000)
Number of VARs = 1
Number of unique PDs = 1
Number of Power Domains = 1
Number of Voltage Areas = 1
Number of supply Nets = 2
Number of used supplies = 0
Blocked VAs: 

----------------------------------------------------------------------------------------------------------
Information: Starting compile_fusion / final_place (FLW-8000)
Information: Time: 2025-06-11 00:17:45 / Session:  00:02:06 / Command:  00:01:58 / CPU:  00:05:46 / Memory: 1622 MB (FLW-8100)
Information: CPU Load: 25%, Ram Free: 44 GB, Swap Free: 1 GB, Work Disk Free: 308 GB, Tmp Disk Free: 308 GB (MSG-3995)
----------------------------------------------------------------------------------------------------------



Compile-fusion optimization Phase 4 Iter  1          0.00        0.00         -         -        914.15   282167.69        1205              0.04      1622


Information: Starting compile_fusion / final_place / Optimization (FLW-8000)
Information: Time: 2025-06-11 00:17:46 / Session:  00:02:06 / Command:  00:01:58 / CPU:  00:05:48 / Memory: 1622 MB (FLW-8100)
Information: CPU Load: 25%, Ram Free: 44 GB, Swap Free: 1 GB, Work Disk Free: 308 GB, Tmp Disk Free: 308 GB (MSG-3995)

Compile-fusion optimization summary            SETUP-COST    R2R-COST HOLD-COST LDRC-COST          AREA     LEAKAGE     INSTCNT            ELAPSE       MEM
Compile-fusion command begin                   CPU:   357 s (  0.10 hr )  ELAPSE:   126 s (  0.04 hr )  MEM-PEAK:  1622 MB
Warning: Cannot find any max transition constraint on the design. (OPT-070)
Info: update em.

Compile-fusion timing update complete          CPU:   357 s (  0.10 hr )  ELAPSE:   126 s (  0.04 hr )  MEM-PEAK:  1622 MB

Compile-fusion initial QoR
__________________________
Scenario Mapping Table
1: Normal_Fast
2: Normal_Slow
3: Normal_Typical
4: PowerSave_Fast
5: PowerSave_Slow
6: PowerSave_Typical

Pathgroup Mapping Table
1: **default**
2: **async_default**
3: **clock_gating_default**
4: **in2reg_default**
5: **reg2out_default**
6: **in2out_default**
7: clk

-------------------------------------------------------------------------------------------------------------------------------------------------------------
PATHGROUP QOR 
-------------------------------------------------------------------------------------------------------------------------------------------------------------
Scene  PG      WNS        TNS    NSV      WHV        THV    NHV
    2   1   0.0000     0.0000      0        -          -      -
    2   2   0.0000     0.0000      0        -          -      -
    2   3   0.0000     0.0000      0        -          -      -
    2   4   0.0000     0.0000      0        -          -      -
    2   5   0.0000     0.0000      0        -          -      -
    2   6   0.0000     0.0000      0        -          -      -
    2   7   0.0000     0.0000      0        -          -      -
    3   1   0.0000     0.0000      0        -          -      -
    3   2   0.0000     0.0000      0        -          -      -
    3   3   0.0000     0.0000      0        -          -      -
    3   4   0.0000     0.0000      0        -          -      -
    3   5   0.0000     0.0000      0        -          -      -
    3   6   0.0000     0.0000      0        -          -      -
    3   7   0.0000     0.0000      0        -          -      -
    5   1   0.0000     0.0000      0        -          -      -
    5   2   0.0000     0.0000      0        -          -      -
    5   3   0.0000     0.0000      0        -          -      -
    5   4   0.0000     0.0000      0        -          -      -
    5   5   0.0000     0.0000      0        -          -      -
    5   6   0.0000     0.0000      0        -          -      -
    5   7   0.0000     0.0000      0        -          -      -
    6   1   0.0000     0.0000      0        -          -      -
    6   2   0.0000     0.0000      0        -          -      -
    6   3   0.0000     0.0000      0        -          -      -
    6   4   0.0000     0.0000      0        -          -      -
    6   5   0.0000     0.0000      0        -          -      -
    6   6   0.0000     0.0000      0        -          -      -
    6   7   0.0000     0.0000      0        -          -      -
----------------------------------------------------------------------------------------------------------------------------------------------------------------------
SCENARIO QOR 
----------------------------------------------------------------------------------------------------------------------------------------------------------------------
Scene  PG      WNS        TNS   R2RTNS    NSV      WHV        THV    NHV  MaxTrnV   MaxTranC  MaxCapV    Leakage     CellEMV
    1   *        -          -        -      -        -          -      -        -          -        0          -           0
    2   *   0.0000     0.0000   0.0000      0        -          -      -        0     0.0000        -  15756.452           0
    3   *   0.0000     0.0000   0.0000      0        -          -      -        0     0.0000        0 282167.688           0
    4   *        -          -        -      -        -          -      -        -          -        0          -           0
    5   *   0.0000     0.0000   0.0000      0        -          -      -        0     0.0000        -  15756.452           0
    6   *   0.0000     0.0000   0.0000      0        -          -      -        0     0.0000        0 282167.688           0
----------------------------------------------------------------------------------------------------------------------------------------------------------------------
DESIGN QOR 
----------------------------------------------------------------------------------------------------------------------------------------------------------------------
Scene  PG      WNS        TNS   R2RTNS    NSV      WHV        THV    NHV  MaxTrnV   MaxTranC  MaxCapV    Leakage         Area    InstCnt     BufCnt     InvCnt     CellEMV
    *   *   0.0000     0.0000   0.0000      0   0.0000     0.0000      0        0     0.0000        0 282167.688       914.15       1205         12         16           0
----------------------------------------------------------------------------------------------------------------------------------------------------------------------

Compile-fusion initial QoR Summary       WNS        TNS   R2RTNS    NSV      WHV        THV    NHV  MaxTrnV  MaxCapV    Leakage         Area    InstCnt
Compile-fusion initial QoR Summary    0.0000     0.0000   0.0000      0   0.0000     0.0000      0        0        0 282167.688       914.15       1205
Information: The netlist change observers are disabled for incremental extraction. (TIM-126)
INFO: using 12 threads
Compile-fusion initialization complete         CPU:   372 s (  0.10 hr )  ELAPSE:   128 s (  0.04 hr )  MEM-PEAK:  1622 MB
Compile-fusion optimization summary            SETUP-COST    R2R-COST HOLD-COST LDRC-COST          AREA     LEAKAGE     INSTCNT            ELAPSE       MEM
Warning: Cannot find any max transition constraint on the design. (OPT-070)
Information: The netlist change observers are enabled for incremental extraction. (TIM-127)

Information: Initializing classic cellmap without advanced rules enabled and without PDC enabled
Information: The following app options are used in cellmap
        place.legalize.enable_color_aware_placement : false
        place.legalize.use_nll_query_cm : false
        place.legalize.enable_advanced_legalizer : false
        place.legalize.enable_prerouted_net_check : false
        place.legalize.enable_advanced_prerouted_net_check : false
        place.legalize.always_continue : true
        place.legalize.limit_legality_checks : false
        place.common.pnet_aware_density : 1.0000
        place.common.pnet_aware_min_width : 0.0000
        place.common.pnet_aware_layers : {}
        place.common.use_placement_model : false
        place.common.enable_advanced_placement_model : true
        cts.placement.cell_spacing_rule_style : maximum
Warning: Library cell saed14rvt_ff0p88v125c:SAEDRVT14_ISOFSDPQ_PECO_8.frame is missing supply pins. Its power structure cannot be determined. (LGL-050)
Warning: Library cell saed14rvt_ff0p88v125c:SAEDRVT14_DCAP_PV1ECO_12.frame is missing supply pins. Its power structure cannot be determined. (LGL-050)
Warning: Library cell saed14rvt_c_physical_only:SAEDRVT14_AOLVLUBUFE0_IY2V1_1.frame is missing supply pins. Its power structure cannot be determined. (LGL-050)
Warning: Library cell saed14rvt_c_physical_only:SAEDRVT14_AOLVLUBUFE0_IY2V1_10.frame is missing supply pins. Its power structure cannot be determined. (LGL-050)
Warning: Library cell saed14rvt_c_physical_only:SAEDRVT14_AOLVLUBUFE0_IY2V1_12.frame is missing supply pins. Its power structure cannot be determined. (LGL-050)
Total 0.1199 seconds to build cellmap data
INFO: creating 20(r) x 20(c) GridCells YDim 1.8 XDim 1.8
INFO: number of GridCells (0xc442f458): 400
INFO: creating 20(r) x 20(c) GridCells YDim 1.8 XDim 1.8
INFO: number of GridCells (0xc442f458): 400
Total 0.0252 seconds to load 1205 cell instances into cellmap
Moveable cells: 1205; Application fixed cells: 0; Macro cells: 0; User fixed cells: 0
Average cell width 1.2644, cell height 0.6000, cell area 0.7586 for total 1205 placed and application fixed cells
Compile-fusion optimization Phase 8 Iter  1          0.00        0.00      0.00         0        914.15   282167.69        1205              0.04      1622
Corner Scaling is off, multiplier is 1.000000
Corner Scaling is off, multiplier is 1.000000
Using default layer M4
new cutoff lpd: 3.06118e-07
corner scaling: maxCornerId = 3
corner=Fast, tran factor=0.837270 (0.028178 / 0.033655)
corner=Typical, tran factor=0.944434 (0.031785 / 0.033655)
corner=Slow, tran factor=1.000000 (0.033655 / 0.033655)
bmap: stepx = stepy = 30000
creating bmap
DB units per micron : 10000
INFO: New Levelizer turned on
Compile-fusion optimization Phase 8 Iter  2          0.00        0.00      0.00         0        914.15   282167.69        1205              0.04      1622
Information: 123 out of 128 LGL-050 messages were not printed due to limit 5 (after 'compile_fusion' at task3_base.tcl:43) (MSG-3913)

Compile-fusion optimization Phase 9 Iter  1          0.00        0.00      0.00         0        914.15   282167.69        1205              0.04      1622

Information: Ending   compile_fusion / final_place / Optimization (FLW-8001)
Information: Time: 2025-06-11 00:17:50 / Session:  00:02:10 / Command:  00:02:02 / CPU:  00:06:13 / Memory: 1622 MB (FLW-8100)
Information: CPU Load: 24%, Ram Free: 44 GB, Swap Free: 1 GB, Work Disk Free: 308 GB, Tmp Disk Free: 308 GB (MSG-3995)

Information: Starting compile_fusion / final_place / Timing and Congestion Driven Placement with Legalization (FLW-8000)
Information: Time: 2025-06-11 00:17:50 / Session:  00:02:10 / Command:  00:02:02 / CPU:  00:06:13 / Memory: 1622 MB (FLW-8100)
Information: CPU Load: 24%, Ram Free: 44 GB, Swap Free: 1 GB, Work Disk Free: 308 GB, Tmp Disk Free: 308 GB (MSG-3995)
Compile-fusion optimization Phase 11 Iter  1         0.00        0.00      0.00         0        914.15   282167.69        1205              0.04      1622
Running final (timing-driven) placement step.
----------------------------------------------------------------
Running congestion-aware direct-timing-driven placement
Start Timing-driven placement
Information: Disabling integrated legalization, because it requires that the advanced legalizer is enabled.
Start transferring placement data.
Warning: To enable pin track alignment feature, the advanced legalizer has to be turned on using app option "place.legalize.enable_advanced_legalizer".
Warning: Pin track alignment feature will be disabled in this run
Information: Initializing classic cellmap without advanced rules enabled and without PDC enabled
Information: The following app options are used in cellmap
        place.legalize.enable_color_aware_placement : false
        place.legalize.use_nll_query_cm : false
        place.legalize.enable_advanced_legalizer : false
        place.legalize.enable_prerouted_net_check : true
        place.legalize.enable_advanced_prerouted_net_check : false
        place.legalize.always_continue : true
        place.legalize.limit_legality_checks : false
        place.common.pnet_aware_density : 1.0000
        place.common.pnet_aware_min_width : 0.0000
        place.common.pnet_aware_layers : {}
        place.common.use_placement_model : false
        place.common.enable_advanced_placement_model : true
        cts.placement.cell_spacing_rule_style : maximum
Warning: Library cell saed14rvt_ff0p88v125c:SAEDRVT14_ISOFSDPQ_PECO_8.frame is missing supply pins. Its power structure cannot be determined. (LGL-050)
Warning: Library cell saed14rvt_ff0p88v125c:SAEDRVT14_DCAP_PV1ECO_12.frame is missing supply pins. Its power structure cannot be determined. (LGL-050)
Warning: Library cell saed14rvt_c_physical_only:SAEDRVT14_AOLVLUBUFE0_IY2V1_1.frame is missing supply pins. Its power structure cannot be determined. (LGL-050)
Warning: Library cell saed14rvt_c_physical_only:SAEDRVT14_AOLVLUBUFE0_IY2V1_10.frame is missing supply pins. Its power structure cannot be determined. (LGL-050)
Warning: Library cell saed14rvt_c_physical_only:SAEDRVT14_AOLVLUBUFE0_IY2V1_12.frame is missing supply pins. Its power structure cannot be determined. (LGL-050)
Total 0.0585 seconds to build cellmap data
Snapped 1205 standard cells to the nearest cellrow to improve the accuracy of congestion analysis.
Start Global Route ... 
[Init] Elapsed real time: 0:00:00 
[Init] Elapsed cpu  time: sys=0:00:00 usr=0:00:00 total=0:00:00
[Init] Stage (MB): Used    0  Alloctr    0  Proc    0 
[Init] Total (MB): Used    7  Alloctr    8  Proc 6338 
Printing options for 'route.common.*'

Printing options for 'route.global.*'
global.deterministic                                    :	 on                  
global.timing_driven                                    :	 false               

Begin global routing.
Cell Min-Routing-Layer = M1
Cell Max-Routing-Layer = MRDL
Turn off antenna since no rule is specified
Information: Option route.detail.force_end_on_preferred_grid will be ignored since none of the layers have preferred grid. (ZRT-703)
Skipping 1 internal pins that are not physical. Set route.common.verbose_level to > 0 and run routing command to get skipped pin names.
Info: number of net_type_blockage: 0 
Information: Via ladder engine would be activated for pattern must join connection in certain commands. Please refer to man-page for the command list. (ZRT-619)
Warning: Port  VDD at {{31.408,-0.047} {33.638,0.047}} is out of boundary. Cannot be routed. (ZRT-720)
Warning: Port  VDD at {{26.006,-0.047} {28.236,0.047}} is out of boundary. Cannot be routed. (ZRT-720)
Warning: Port  VDD at {{23.860,-0.047} {26.090,0.047}} is out of boundary. Cannot be routed. (ZRT-720)
Warning: Port  VDD at {{21.640,-0.047} {23.870,0.047}} is out of boundary. Cannot be routed. (ZRT-720)
Warning: Port  VDD at {{19.420,-0.047} {21.650,0.047}} is out of boundary. Cannot be routed. (ZRT-720)
Warning: Port  VDD at {{17.200,-0.047} {19.430,0.047}} is out of boundary. Cannot be routed. (ZRT-720)
Warning: Port  VDD at {{33.702,31.153} {35.932,31.247}} is out of boundary. Cannot be routed. (ZRT-720)
Warning: Port  VSS at {{33.702,31.753} {35.932,31.847}} is out of boundary. Cannot be routed. (ZRT-720)
Warning: Port  VDD at {{33.702,29.953} {35.932,30.047}} is out of boundary. Cannot be routed. (ZRT-720)
Warning: Port  VSS at {{33.702,29.353} {35.932,29.447}} is out of boundary. Cannot be routed. (ZRT-720)
Skipping 149 ectangle_only route guides because they don't cover the design boundary in the layer's  preferred direction.
Via on layer (VIA4) needs more than one tracks
Warning: Layer M4 default pitch 0.100 may be too small to handle up/down via. Note, that minimum requirements are "wire/via-down 0.100" & "wire/via-up 0.122". (ZRT-026)
Via on layer (VIA7) needs more than one tracks
Warning: Layer M7 default pitch 0.100 may be too small to handle up/down via. Note, that minimum requirements are "wire/via-down 0.100" & "wire/via-up 0.105". (ZRT-026)
Wire on layer (M8) needs more than one tracks
Via on layer (VIA7) needs more than one tracks
Via on layer (VIA8) needs more than one tracks
Warning: Layer M8 default pitch 0.100 may be too small to handle up/down via. Note, that minimum requirements are "wire/via-down 0.105" & "wire/via-up 0.135". (ZRT-026)
Wire on layer (M9) needs more than one tracks
Via on layer (VIA8) needs more than one tracks
Via on layer (VIARDL) needs more than one tracks
Warning: Layer M9 default pitch 0.100 may be too small to handle up/down via. Note, that minimum requirements are "wire/via-down 0.135" & "wire/via-up 1.570". (ZRT-026)
Via on layer (VIARDL) needs more than one tracks
Warning: Layer MRDL default pitch 4.000 may be too small to handle up/down via. Note, that minimum requirements are "wire/via-down 4.500" & "wire/via-up 4.000". (ZRT-026)
Transition layer name: M7(6)
Transition layer name: M8(7)
Information: When applicable Min-max layer allow_pin_connection mode will allow paths of length 0.90 outside the layer range. (ZRT-707)
Information: When applicable Min-max layer allow_pin_connection mode will allow paths of length 0.90 outside the layer range on clock nets. (ZRT-718)
Information: When applicable layer based tapering will taper up to 0.00 in distance from the pin. (ZRT-706)
Warning: Standard cell pin SAEDRVT14_OA21B_1/X has no valid via regions. (ZRT-044)
Warning: Standard cell pin SAEDRVT14_ADDH_0P5/CO has no valid via regions. (ZRT-044)
Warning: Cell ctmTdsLR_1_544 is placed overlapping with other cells at {{31.598 4.200} {32.190 4.800}}. (ZRT-763)
Current Stage stats:
[End of Read DB] Elapsed real time: 0:00:00 
[End of Read DB] Elapsed cpu  time: sys=0:00:00 usr=0:00:00 total=0:00:00
[End of Read DB] Stage (MB): Used   37  Alloctr   37  Proc  -32 
[End of Read DB] Total (MB): Used   44  Alloctr   46  Proc 6306 
Constructing data structure ...
Design statistics:
Design Bounding Box (0.00um,0.00um,35.89um,35.40um)
Number of routing layers = 10
layer M1, dir Hor, min width = 0.034um, min space = 0.026um pitch = 0.074um
layer M2, dir Ver, min width = 0.034um, min space = 0.026um pitch = 0.06um
layer M3, dir Hor, min width = 0.034um, min space = 0.026um pitch = 0.074um
layer M4, dir Ver, min width = 0.06um, min space = 0.04um pitch = 0.1um
layer M5, dir Hor, min width = 0.06um, min space = 0.04um pitch = 0.1um
layer M6, dir Ver, min width = 0.06um, min space = 0.04um pitch = 0.1um
layer M7, dir Hor, min width = 0.06um, min space = 0.04um pitch = 0.1um
layer M8, dir Ver, min width = 0.06um, min space = 0.04um pitch = 0.1um
layer M9, dir Hor, min width = 0.06um, min space = 0.04um pitch = 0.1um
layer MRDL, dir Ver, min width = 2um, min space = 2um pitch = 4um
Current Stage stats:
[End of Build Tech Data] Elapsed real time: 0:00:00 
[End of Build Tech Data] Elapsed cpu  time: sys=0:00:00 usr=0:00:00 total=0:00:00
[End of Build Tech Data] Stage (MB): Used    0  Alloctr    0  Proc    0 
[End of Build Tech Data] Total (MB): Used   45  Alloctr   47  Proc 6306 
Net statistics:
Total number of nets     = 1635
Number of nets to route  = 1635
Net length statistics: 
Net Count(Ignore Fully Rted) 1635, Total Half Perimeter Wire Length (HPWL) 8720 microns
HPWL   0 ~   50 microns: Net Count     1633	Total HPWL         8619 microns
HPWL  50 ~  100 microns: Net Count        2	Total HPWL          102 microns
HPWL 100 ~  200 microns: Net Count        0	Total HPWL            0 microns
HPWL 200 ~  300 microns: Net Count        0	Total HPWL            0 microns
HPWL 300 ~  400 microns: Net Count        0	Total HPWL            0 microns
HPWL 400 ~  500 microns: Net Count        0	Total HPWL            0 microns
HPWL 500 ~  600 microns: Net Count        0	Total HPWL            0 microns
HPWL 600 ~  700 microns: Net Count        0	Total HPWL            0 microns
HPWL 700 ~  800 microns: Net Count        0	Total HPWL            0 microns
HPWL 800 ~  900 microns: Net Count        0	Total HPWL            0 microns
HPWL 900 ~ 1000 microns: Net Count        0	Total HPWL            0 microns
HPWL     > 1000 microns: Net Count        0	Total HPWL            0 microns
Current Stage stats:
[End of Build All Nets] Elapsed real time: 0:00:00 
[End of Build All Nets] Elapsed cpu  time: sys=0:00:00 usr=0:00:00 total=0:00:00
[End of Build All Nets] Stage (MB): Used    1  Alloctr    1  Proc    0 
[End of Build All Nets] Total (MB): Used   46  Alloctr   48  Proc 6306 
Number of partitions: 1 (1 x 1)
Size of partitions: 60 gCells x 59 gCells
Average gCell capacity  1.79	 on layer (1)	 M1
Average gCell capacity  4.72	 on layer (2)	 M2
Average gCell capacity  8.06	 on layer (3)	 M3
Average gCell capacity  5.95	 on layer (4)	 M4
Average gCell capacity  5.98	 on layer (5)	 M5
Average gCell capacity  5.95	 on layer (6)	 M6
Average gCell capacity  5.98	 on layer (7)	 M7
Average gCell capacity  5.95	 on layer (8)	 M8
Average gCell capacity  5.98	 on layer (9)	 M9
Average gCell capacity  0.12	 on layer (10)	 MRDL
Average number of tracks per gCell 8.12	 on layer (1)	 M1
Average number of tracks per gCell 9.98	 on layer (2)	 M2
Average number of tracks per gCell 8.12	 on layer (3)	 M3
Average number of tracks per gCell 5.98	 on layer (4)	 M4
Average number of tracks per gCell 6.02	 on layer (5)	 M5
Average number of tracks per gCell 5.98	 on layer (6)	 M6
Average number of tracks per gCell 6.02	 on layer (7)	 M7
Average number of tracks per gCell 5.98	 on layer (8)	 M8
Average number of tracks per gCell 6.02	 on layer (9)	 M9
Average number of tracks per gCell 0.15	 on layer (10)	 MRDL
Number of gCells = 35400
Current Stage stats:
[End of Build Congestion Map] Elapsed real time: 0:00:00 
[End of Build Congestion Map] Elapsed cpu  time: sys=0:00:00 usr=0:00:00 total=0:00:00
[End of Build Congestion Map] Stage (MB): Used    1  Alloctr    1  Proc    0 
[End of Build Congestion Map] Total (MB): Used   48  Alloctr   50  Proc 6306 
Number of partitions: 1 (1 x 1)
Size of partitions: 60 gCells x 59 gCells
Current Stage stats:
[End of Add Nets Demand] Elapsed real time: 0:00:00 
[End of Add Nets Demand] Elapsed cpu  time: sys=0:00:00 usr=0:00:00 total=0:00:00
[End of Add Nets Demand] Stage (MB): Used    0  Alloctr    0  Proc    0 
[End of Add Nets Demand] Total (MB): Used   48  Alloctr   50  Proc 6306 
Number of user frozen nets = 0
Total stats:
[End of Build Data] Elapsed real time: 0:00:00 
[End of Build Data] Elapsed cpu  time: sys=0:00:00 usr=0:00:00 total=0:00:00
[End of Build Data] Stage (MB): Used    3  Alloctr    3  Proc    0 
[End of Build Data] Total (MB): Used   48  Alloctr   50  Proc 6306 
Number of partitions: 1 (1 x 1)
Size of partitions: 60 gCells x 59 gCells
Current Stage stats:
[End of Blocked Pin Detection] Elapsed real time: 0:00:00 
[End of Blocked Pin Detection] Elapsed cpu  time: sys=0:00:00 usr=0:00:00 total=0:00:00
[End of Blocked Pin Detection] Stage (MB): Used  104  Alloctr  104  Proc    0 
[End of Blocked Pin Detection] Total (MB): Used  152  Alloctr  154  Proc 6306 
Information: Using 12 threads for routing. (ZRT-444)
Information: Placement fast mode ON
Information: Multiple gcell levels ON
Information: Buffer distance is estimated to be ~271.0000um (451 gCells)

Start GR phase 0
Number of partitions: 1 (1 x 1)
Size of partitions: 60 gCells x 59 gCells
[rtAllBotParts] Elapsed real time: 0:00:00 
[rtAllBotParts] Elapsed cpu  time: sys=0:00:00 usr=0:00:00 total=0:00:00
[rtTop] Elapsed real time: 0:00:00 
[rtTop] Elapsed cpu  time: sys=0:00:00 usr=0:00:00 total=0:00:00
Current Stage stats:
[End of Initial Routing] Elapsed real time: 0:00:00 
[End of Initial Routing] Elapsed cpu  time: sys=0:00:00 usr=0:00:00 total=0:00:00
[End of Initial Routing] Stage (MB): Used    0  Alloctr    0  Proc    0 
[End of Initial Routing] Total (MB): Used  153  Alloctr  155  Proc 6306 
Initial. Routing result:
Initial. Both Dirs: Dmd-Cap  =     0 Max = 0 GRCs =     0 (0.00%)
Initial. H routing: Dmd-Cap  =     0 Max = 0 (GRCs =  0) GRCs =     0 (0.00%)
Initial. V routing: Dmd-Cap  =     0 Max = 0 (GRCs =  0) GRCs =     0 (0.00%)
Initial. Both Dirs: Overflow =    99 Max = 4 GRCs =   121 (1.71%)
Initial. H routing: Overflow =    33 Max = 4 (GRCs =  1) GRCs =    45 (1.27%)
Initial. V routing: Overflow =    66 Max = 3 (GRCs =  5) GRCs =    76 (2.15%)
Initial. M1         Overflow =    14 Max = 1 (GRCs = 14) GRCs =    14 (0.40%)
Initial. M2         Overflow =    65 Max = 3 (GRCs =  5) GRCs =    72 (2.03%)
Initial. M3         Overflow =    19 Max = 4 (GRCs =  1) GRCs =    31 (0.88%)
Initial. M4         Overflow =     0 Max = 1 (GRCs =  4) GRCs =     4 (0.11%)
Initial. M5         Overflow =     0 Max = 0 (GRCs =  0) GRCs =     0 (0.00%)
Initial. M6         Overflow =     0 Max = 0 (GRCs =  0) GRCs =     0 (0.00%)
Initial. M7         Overflow =     0 Max = 0 (GRCs =  0) GRCs =     0 (0.00%)
Initial. M8         Overflow =     0 Max = 0 (GRCs =  0) GRCs =     0 (0.00%)
Initial. M9         Overflow =     0 Max = 0 (GRCs =  0) GRCs =     0 (0.00%)
Initial. MRDL       Overflow =     0 Max = 0 (GRCs =  0) GRCs =     0 (0.00%)

Initial. Total Wire Length = 8583.37
Initial. Layer M1 wire length = 74.20
Initial. Layer M2 wire length = 1518.57
Initial. Layer M3 wire length = 3357.19
Initial. Layer M4 wire length = 3276.82
Initial. Layer M5 wire length = 211.25
Initial. Layer M6 wire length = 145.35
Initial. Layer M7 wire length = 0.00
Initial. Layer M8 wire length = 0.00
Initial. Layer M9 wire length = 0.00
Initial. Layer MRDL wire length = 0.00
Initial. Total Number of Contacts = 9925
Initial. Via VIA1_Base count = 2840
Initial. Via VIA2_Base count = 4539
Initial. Via VIA34SQ_C count = 2468
Initial. Via VIA4SQ count = 60
Initial. Via VIA5SQ_C count = 18
Initial. Via VIA67SQ_C count = 0
Initial. Via VIA78SQ_C count = 0
Initial. Via VIA89_C count = 0
Initial. Via VIA9RDL count = 0
Initial. completed.

Start GR phase 1
Wed Jun 11 00:17:50 2025
Number of partitions: 1 (1 x 1)
Size of partitions: 60 gCells x 59 gCells
[rtAllParts] Elapsed real time: 0:00:00 
[rtAllParts] Elapsed cpu  time: sys=0:00:00 usr=0:00:00 total=0:00:00
Number of partitions: 1 (1 x 1)
Size of partitions: 60 gCells x 59 gCells
[updNetsDmd] Elapsed real time: 0:00:00 
[updNetsDmd] Elapsed cpu  time: sys=0:00:00 usr=0:00:00 total=0:00:00
Current Stage stats:
[End of Phase1 Routing] Elapsed real time: 0:00:00 
[End of Phase1 Routing] Elapsed cpu  time: sys=0:00:00 usr=0:00:00 total=0:00:00
[End of Phase1 Routing] Stage (MB): Used    0  Alloctr    0  Proc    0 
[End of Phase1 Routing] Total (MB): Used  153  Alloctr  155  Proc 6306 
phase1. Routing result:
phase1. Both Dirs: Dmd-Cap  =     0 Max = 0 GRCs =     0 (0.00%)
phase1. H routing: Dmd-Cap  =     0 Max = 0 (GRCs =  0) GRCs =     0 (0.00%)
phase1. V routing: Dmd-Cap  =     0 Max = 0 (GRCs =  0) GRCs =     0 (0.00%)
phase1. Both Dirs: Overflow =    29 Max = 3 GRCs =    30 (0.42%)
phase1. H routing: Overflow =     8 Max = 1 (GRCs =  8) GRCs =     8 (0.23%)
phase1. V routing: Overflow =    21 Max = 3 (GRCs =  1) GRCs =    22 (0.62%)
phase1. M1         Overflow =     8 Max = 1 (GRCs =  8) GRCs =     8 (0.23%)
phase1. M2         Overflow =    21 Max = 3 (GRCs =  1) GRCs =    22 (0.62%)
phase1. M3         Overflow =     0 Max = 0 (GRCs =  0) GRCs =     0 (0.00%)
phase1. M4         Overflow =     0 Max = 0 (GRCs =  0) GRCs =     0 (0.00%)
phase1. M5         Overflow =     0 Max = 0 (GRCs =  0) GRCs =     0 (0.00%)
phase1. M6         Overflow =     0 Max = 0 (GRCs =  0) GRCs =     0 (0.00%)
phase1. M7         Overflow =     0 Max = 0 (GRCs =  0) GRCs =     0 (0.00%)
phase1. M8         Overflow =     0 Max = 0 (GRCs =  0) GRCs =     0 (0.00%)
phase1. M9         Overflow =     0 Max = 0 (GRCs =  0) GRCs =     0 (0.00%)
phase1. MRDL       Overflow =     0 Max = 0 (GRCs =  0) GRCs =     0 (0.00%)

phase1. Total Wire Length = 8599.77
phase1. Layer M1 wire length = 73.99
phase1. Layer M2 wire length = 1502.33
phase1. Layer M3 wire length = 3308.57
phase1. Layer M4 wire length = 3250.40
phase1. Layer M5 wire length = 265.81
phase1. Layer M6 wire length = 198.68
phase1. Layer M7 wire length = 0.00
phase1. Layer M8 wire length = 0.00
phase1. Layer M9 wire length = 0.00
phase1. Layer MRDL wire length = 0.00
phase1. Total Number of Contacts = 10003
phase1. Via VIA1_Base count = 2839
phase1. Via VIA2_Base count = 4537
phase1. Via VIA34SQ_C count = 2512
phase1. Via VIA4SQ count = 89
phase1. Via VIA5SQ_C count = 26
phase1. Via VIA67SQ_C count = 0
phase1. Via VIA78SQ_C count = 0
phase1. Via VIA89_C count = 0
phase1. Via VIA9RDL count = 0
phase1. completed.
[End of Whole Chip Routing] Elapsed real time: 0:00:00 
[End of Whole Chip Routing] Elapsed cpu  time: sys=0:00:00 usr=0:00:00 total=0:00:00
[End of Whole Chip Routing] Stage (MB): Used  108  Alloctr  108  Proc    0 
[End of Whole Chip Routing] Total (MB): Used  153  Alloctr  155  Proc 6306 

Congestion utilization per direction:
Average vertical track utilization   = 13.89 %
Peak    vertical track utilization   = 45.83 %
Average horizontal track utilization =  9.49 %
Peak    horizontal track utilization = 48.15 %

[End of Global Routing] Elapsed real time: 0:00:00 
[End of Global Routing] Elapsed cpu  time: sys=0:00:00 usr=0:00:00 total=0:00:00
[End of Global Routing] Stage (MB): Used  107  Alloctr  108  Proc    0 
[End of Global Routing] Total (MB): Used  152  Alloctr  154  Proc 6306 
Writing out congestion map...
Updating congestion ...
Updating congestion ...
[End of dbOut] Elapsed real time: 0:00:00 
[End of dbOut] Elapsed cpu  time: sys=0:00:00 usr=0:00:00 total=0:00:00
[End of dbOut] Stage (MB): Used  -37  Alloctr  -38  Proc    0 
[End of dbOut] Total (MB): Used   36  Alloctr   37  Proc 6306 
Using per-layer congestion maps for congestion reduction.
Information: 0.23% of design has horizontal routing density above target_routing_density of 0.80.
Information: 0.00% of design has vertical routing density above target_routing_density of 0.80.
Completed transferring placement data.
Running placement using 12 thread(s)
Information: Enhanced Auto Density Control is used. (PLACE-098)
Information: Enhanced auto density configuration is 13179.
Information: Automatic density control has selected the following settings: max_density 0.70, congestion_driven_max_util 0.89. (PLACE-027)
Information: HFW control 'on' invoked.
coarse place 100% done.
Information: Reducing cell density for 0.0% of the movable cells to alleviate congestion. This changes the average cell density in non-congested areas from 0.720 to 0.720. (PLACE-030)
CGRW: permuting timing equivalent pins only
Corner Scaling is off, multiplier is 1.000000
ORB: timingScenario Normal_Slow timingCorner Slow
INFO: Using corner Typical for worst leakage corner
Using default layer M4
new cutoff lpd: 3.06118e-07
corner scaling: maxCornerId = 3
corner=Fast, tran factor=0.837270 (0.028178 / 0.033655)
corner=Typical, tran factor=0.944434 (0.031785 / 0.033655)
corner=Slow, tran factor=1.000000 (0.033655 / 0.033655)
ORB: Nominal = 0.0053925  Design MT = inf  Target = 0.0336550 (6.241 nominal)  MaxRC = 0.022191
ORB: Fast Target = 0.011701 ( 2.170 nominal )
ORB: stageDelay=0.025981, stageLength=1609839
nplLib: default vr hor dist = 322
nplLib: default vr ver dist = 322
nplLib: default vr buf size = 2
nplLib: default vr buf size = 1

Placement Options:
Effort:                        medium_effort       
Timing Driven:                 true                
Buffering Aware Timing Driven: false               
Seed locs:                     true                
Incremental:                   false               
Congestion:                    true                
Congestion Effort:             medium              
Fix Macros:                    true                
Place Macros:                  false               
Channel Size Macros:           false               


Information: Activity for scenario Normal_Fast was cached, no propagation required. (POW-005)
Information: Activity for scenario Normal_Slow was cached, no propagation required. (POW-005)
Information: Activity for scenario Normal_Typical was cached, no propagation required. (POW-005)
Information: Activity for scenario PowerSave_Slow was cached, no propagation required. (POW-005)
Information: Activity for scenario PowerSave_Fast was cached, no propagation required. (POW-005)
Information: Activity for scenario PowerSave_Typical was cached, no propagation required. (POW-005)
****** eLpp estimated wire length 
7.30312% of the net wire length are clock nets
0% of the clock net wire length has no activity
Clock net wire length: 6.71164e+06
Total net wire length: 9.19009e+07
****** eLpp weights (with caps)
Number of nets: 1635, of which 1623 non-clock nets
Number of nets with 0 toggle rate: 23
Max toggle rate = 0.6, average toggle rate = 0.0111135
Max non-clock toggle rate = 0.0490662
eLpp weight range = (0, 39.4176)
Start transferring placement data.
****** Net weight manager: report ******
Weights included: eLpp  PostEffort  
Number of nets with non-default weights: 1635
Amt power = 0.1
Non-default weight range: (0.9, 8.84176)
Information: Automatic repeater spreading is enabled.
Information: Automatic timing control is enabled.
checking app option clockgate_objective_weight : none
DTDP placement: scenario=Normal_Slow
Information: The stitching and editing of coupling caps is turned OFF for design 'dut_toplevel.dlib:dut_toplevel/mcmm_and_logic_opto_full_general.design'. (TIM-125)
Information: The net parasitics of block dut_toplevel are cleared. (TIM-123)
Completed transferring placement data.
Running placement using 12 thread(s)
Information: Enhanced Auto Density Control is used. (PLACE-098)
Information: Enhanced auto density configuration is 13179.
Information: Automatic density control has selected the following settings: max_density 0.70, congestion_driven_max_util 0.89. (PLACE-027)
Information: HFW control 'on' invoked.
coarse place 40% done.
coarse place 60% done.
coarse place 80% done.
coarse place 100% done.
Information: Coarse placer weighted wire length estimate = 1.20495e+08
Information: Extraction observers are detached as design net change threshold is reached.
Warning: No clock routing rules were specified. Use set_clock_routing_rules to specify routing rules for accurate clock latency estimation. (OPT-902)
Warning: No clock routing rules were specified. Use set_clock_routing_rules to specify routing rules for accurate clock latency estimation. (OPT-902)
Information: Estimating clock gate latencies for scenario 'PowerSave_Typical'. (OPT-909)
Warning: No clock routing rules were specified. Use set_clock_routing_rules to specify routing rules for accurate clock latency estimation. (OPT-902)
Information: Estimating clock gate latencies for scenario 'PowerSave_Slow'. (OPT-909)
Warning: No clock routing rules were specified. Use set_clock_routing_rules to specify routing rules for accurate clock latency estimation. (OPT-902)
Information: Estimating clock gate latencies for scenario 'Normal_Typical'. (OPT-909)
Warning: No clock routing rules were specified. Use set_clock_routing_rules to specify routing rules for accurate clock latency estimation. (OPT-902)
Information: Estimating clock gate latencies for scenario 'Normal_Slow'. (OPT-909)
----------------------------------------------------------------
Fixing logic constant
Fixing logic constant
Information: The stitching and editing of coupling caps is turned OFF for design 'dut_toplevel.dlib:dut_toplevel/mcmm_and_logic_opto_full_general.design'. (TIM-125)
Information: Initializing classic cellmap without advanced rules enabled and without PDC enabled
Information: The following app options are used in cellmap
        place.legalize.enable_color_aware_placement : false
        place.legalize.use_nll_query_cm : false
        place.legalize.enable_advanced_legalizer : false
        place.legalize.enable_prerouted_net_check : true
        place.legalize.enable_advanced_prerouted_net_check : false
        place.legalize.always_continue : true
        place.legalize.limit_legality_checks : false
        place.common.pnet_aware_density : 1.0000
        place.common.pnet_aware_min_width : 0.0000
        place.common.pnet_aware_layers : {}
        place.common.use_placement_model : false
        place.common.enable_advanced_placement_model : true
        cts.placement.cell_spacing_rule_style : maximum
Total 0.0575 seconds to build cellmap data
INFO: creating 12(r) x 12(c) GridCells YDim 3 XDim 3
INFO: number of GridCells (0xd78e2360): 144
INFO: creating 12(r) x 12(c) GridCells YDim 3 XDim 3
INFO: number of GridCells (0xd78e2360): 144
Total 0.0132 seconds to load 1205 cell instances into cellmap, 1205 cells are off site row
Moveable cells: 1205; Application fixed cells: 0; Macro cells: 0; User fixed cells: 0
Average cell width 1.2644, cell height 0.6000, cell area 0.7586 for total 1205 placed and application fixed cells
INFO: total number of constant pins: 667
INFO: constant pins which are scan-pins: 656
INFO: constant pins that are not scan-pins: 11
Completed Timing-driven placement, Elapsed time =   0: 0: 3 
----------------------------------------------------------------
Running legalize_placement
Start Legalization
nplDplc2Placer::setParam(effort,1)
nplDplc2Placer::setParam(debug,0)
nplDplc2Placer::setParam(site_check,2)
nplDplc2Placer::setParam(app_firm_wgt,0)
Warning: Routing direction of metal layer PO is neither "horizontal" nor "vertical".  PDC checks will not be performed on this layer. (PDC-003)
PDC app_options settings =========
	place.legalize.enable_prerouted_net_check: 1
	place.legalize.num_tracks_for_access_check: 1
	place.legalize.use_eol_spacing_for_access_check: 0
	place.legalize.allow_touch_track_for_access_check: 1
	place.legalize.reduce_conservatism_in_eol_check: 0
	place.legalize.preroute_shape_merge_distance: 0.0
	place.legalize.enable_non_preferred_direction_span_check: 0

Layer M1: cached 0 shapes out of 0 total shapes.
Layer M2: cached 0 shapes out of 0 total shapes.
Cached 0 vias out of 0 total vias.

Legalizing Top Level Design dut_toplevel ... 
Information: Initializing classic cellmap without advanced rules enabled and without PDC enabled
Information: The following app options are used in cellmap
        place.legalize.enable_color_aware_placement : false
        place.legalize.use_nll_query_cm : false
        place.legalize.enable_advanced_legalizer : false
        place.legalize.enable_prerouted_net_check : true
        place.legalize.enable_advanced_prerouted_net_check : false
        place.legalize.always_continue : true
        place.legalize.limit_legality_checks : false
        place.common.pnet_aware_density : 1.0000
        place.common.pnet_aware_min_width : 0.0000
        place.common.pnet_aware_layers : {}
        place.common.use_placement_model : false
        place.common.enable_advanced_placement_model : true
        cts.placement.cell_spacing_rule_style : maximum
Total 0.0565 seconds to build cellmap data
Information: Creating classic rule checker.
Warning: Routing direction of metal layer PO is neither "horizontal" nor "vertical".  PDC checks will not be performed on this layer. (PDC-003)
=====> Processed 71 ref cells (25 fillers) from library

Bounds/Regions In This Design:
        Area    Num Cells  Exclusive Name
 (square um)
     1270.51         1206        Yes DEFAULT_VA

Starting legalizer.
Warning: Exclusive bound 'DEFAULT' has no cells.
Optimizing Exclusive Bound 'DEFAULT_VA' (2/2)
    Done Exclusive Bound 'DEFAULT_VA' (2/2) (0 sec)
Legalization complete (0 total sec)

****************************************
  Report : Placement Attempts
  Site   : unit
****************************************

number of cells:                   1206
number of references:                71
number of site rows:                 59
number of locations attempted:    29613
number of locations failed:           0  (0.0%)

Legality of references at locations:
0 references had failures.

Legality of references in rows:
0 references had row failures.

****************************************
  Report : Cell Displacements
****************************************

number of cells aggregated:        1206 (20600 total sites)
avg row height over cells:        0.600 um
rms cell displacement:            0.199 um ( 0.33 row height)
rms weighted cell displacement:   0.199 um ( 0.33 row height)
max cell displacement:            0.817 um ( 1.36 row height)
avg cell displacement:            0.173 um ( 0.29 row height)
avg weighted cell displacement:   0.173 um ( 0.29 row height)
number of cells moved:             1202
number of large displacements:        0
large displacement threshold:     3.000 row height

Displacements of worst 10 cells:
Cell: ctmi_2129 (SAEDRVT14_ND2_CDC_1)
  Input location: (18.9821,3.8166)
  Legal location: (19.018,3)
  Displacement:   0.817 um ( 1.36 row height)
Cell: ctmi_2116 (SAEDRVT14_ND2_CDC_1)
  Input location: (29.0964,3.8654)
  Legal location: (28.342,3.6)
  Displacement:   0.800 um ( 1.33 row height)
Cell: HFSBUF_371_433 (SAEDRVT14_BUF_S_0P75)
  Input location: (7.4662,30.1073)
  Legal location: (7.77,29.4)
  Displacement:   0.770 um ( 1.28 row height)
Cell: optlc_589 (SAEDRVT14_TIE0_4)
  Input location: (7.918,4.8)
  Legal location: (7.548,4.2)
  Displacement:   0.705 um ( 1.17 row height)
Cell: optlc_594 (SAEDRVT14_TIE0_4)
  Input location: (19.98,3.6)
  Legal location: (20.276,4.2)
  Displacement:   0.669 um ( 1.12 row height)
Cell: optlc_590 (SAEDRVT14_TIE0_4)
  Input location: (10.508,19.8)
  Legal location: (10.804,20.4)
  Displacement:   0.669 um ( 1.12 row height)
Cell: optlc_582 (SAEDRVT14_TIE0_4)
  Input location: (2.442,31.2)
  Legal location: (2.59,30.6)
  Displacement:   0.618 um ( 1.03 row height)
Cell: optlc_583 (SAEDRVT14_TIE0_4)
  Input location: (24.272,3)
  Legal location: (24.42,3.6)
  Displacement:   0.618 um ( 1.03 row height)
Cell: optlc_576 (SAEDRVT14_TIE0_4)
  Input location: (2.516,20.4)
  Legal location: (2.59,19.8)
  Displacement:   0.605 um ( 1.01 row height)
Cell: optlc_579 (SAEDRVT14_TIE0_4)
  Input location: (35.076,19.2)
  Legal location: (35.076,18.6)
  Displacement:   0.600 um ( 1.00 row height)

Information: Extraction observers are detached as design net change threshold is reached.
Completed Legalization, Elapsed time =   0: 0: 0 
Moved 1202 out of 1206 cells, ratio = 0.996683
Total displacement = 255.196793(um)
Max displacement = 1.019800(um), ctmi_2116 (29.466400, 3.865400, 6) => (28.712000, 4.200000, 2)
Displacement histogram:
  0 ~  10% cells displacement <=      0.06(um)
  0 ~  20% cells displacement <=      0.10(um)
  0 ~  30% cells displacement <=      0.13(um)
  0 ~  40% cells displacement <=      0.17(um)
  0 ~  50% cells displacement <=      0.20(um)
  0 ~  60% cells displacement <=      0.23(um)
  0 ~  70% cells displacement <=      0.26(um)
  0 ~  80% cells displacement <=      0.29(um)
  0 ~  90% cells displacement <=      0.35(um)
  0 ~ 100% cells displacement <=      1.02(um)
Information: The net parasitics of block dut_toplevel are cleared. (TIM-123)
Legalization succeeded.
----------------------------------------------------------------
Information: The stitching and editing of coupling caps is turned OFF for design 'dut_toplevel.dlib:dut_toplevel/mcmm_and_logic_opto_full_general.design'. (TIM-125)
Information: Ending   compile_fusion / final_place / Timing and Congestion Driven Placement with Legalization (FLW-8001)
Information: Time: 2025-06-11 00:17:53 / Session:  00:02:13 / Command:  00:02:05 / CPU:  00:06:20 / Memory: 1622 MB (FLW-8100)
Information: CPU Load: 24%, Ram Free: 44 GB, Swap Free: 1 GB, Work Disk Free: 308 GB, Tmp Disk Free: 308 GB (MSG-3995)
Information: 379 out of 384 LGL-050 messages were not printed due to limit 5 (after 'compile_fusion' at task3_base.tcl:43) (MSG-3913)


Compile-fusion optimization complete                 0.00        0.00      0.00         0        914.64   283817.69        1206              0.04      1622
[Tim-Power] Info: Cleared Leakage libCell cache.
Co-efficient Ratio Summary:
4.193421605155  6.578038173730  2.479639287277  7.744187540401  0.485050000353  3.179565833784  5.567214754587  2.894454387461  6.565921217863  9.017937505874  3.122950434208  9.863420914912  6.078243464085  2.744209541123  8.318116204907  9.699225026083
2.464623950064  1.382370221226  9.387184029619  3.142429406669  0.968752789964  6.613180723294  4.146578793224  7.876358918112  2.191135103696  0.963734141094  2.728428077156  3.840441479501  3.750326553169  7.663459042299  6.212202767950  7.759678473967
7.862243056717  0.402387977150  0.032845095897  0.596111512371  4.701287396892  7.205135512169  8.278351398268  1.183725190997  3.334436408244  5.867609731622  7.191000043014  9.669800304822  7.591507847087  7.632107593266  7.679079663326  9.831314288630
1.878805817928  3.230072343539  1.226270037326  7.050450494780  2.403928173631  6.139852544054  4.100210066110  1.274718589655  4.570746653063  5.624878808820  7.844063911328  4.759124823324  5.409147426377  2.609824852834  0.626143138674  6.381676652919
9.187474022495  0.513656796621  5.027570618562  6.119813446103  6.181472312107  1.581675365776  7.486041822107  9.584562469756  2.041727387119  3.921160867338  0.678694340095  9.472449317560  3.368504894994  4.897112749020  6.860140844452  2.000104051691
9.095345907689  2.197041709512  0.915900067443  5.466092308426  8.142690055883  4.607193265224  8.244463794567  3.504870705451  1.682716012888  7.173433718510  9.957778466023  3.617843187744  8.946892137652  1.169960732707  4.529947256262  3.090979409795
5.580726136993  1.131397763510  0.721709625254  7.515947417690  0.649322209371  1.017031043513  5.811519666269  5.826730883342  4.349383292435  0.216216918317  9.630358180277  7.311147197265  0.823639641628  0.356162486693  8.022010169284  2.603132585844
5.024802551363  1.359359521353  5.407563451201  2.804123477518  1.265300052200  0.417760313533  1.833872465081  6.448557737188  4.848373112548  2.936801055033  8.699600882975  4.212396721771  9.007747770112  3.308108378452  5.607472709985  8.514743640423
2.764676979434  9.324216938770  1.551199989997  2.300508202625  0.754685030179  1.961421411696  2.781303341418  3.355375155650  9.437909893602  9.136702642545  9.048415966114  9.978462800278  7.467577234047  3.171275921421  9.815921340044  4.331414637138
0.413524984525  3.309910198873  7.452798206367  1.902827024529  5.623407259547  7.269363008696  3.367403103784  7.093641515702  7.411336156476  6.944246976650  5.257846689737  4.802170001383  3.894521063832  4.531611619342  1.605156257803  8.173730247963

Compile-fusion final QoR
________________________
Scenario Mapping Table
1: Normal_Fast
2: Normal_Slow
3: Normal_Typical
4: PowerSave_Fast
5: PowerSave_Slow
6: PowerSave_Typical

Pathgroup Mapping Table
1: **default**
2: **async_default**
3: **clock_gating_default**
4: **in2reg_default**
5: **reg2out_default**
6: **in2out_default**
7: clk

-------------------------------------------------------------------------------------------------------------------------------------------------------------
PATHGROUP QOR 
-------------------------------------------------------------------------------------------------------------------------------------------------------------
Scene  PG      WNS        TNS    NSV      WHV        THV    NHV
    2   1   0.0000     0.0000      0        -          -      -
    2   2   0.0000     0.0000      0        -          -      -
    2   3   0.0000     0.0000      0        -          -      -
    2   4   0.0000     0.0000      0        -          -      -
    2   5   0.0000     0.0000      0        -          -      -
    2   6   0.0000     0.0000      0        -          -      -
    2   7   0.0026     0.0026      1        -          -      -
    3   1   0.0000     0.0000      0        -          -      -
    3   2   0.0000     0.0000      0        -          -      -
    3   3   0.0000     0.0000      0        -          -      -
    3   4   0.0000     0.0000      0        -          -      -
    3   5   0.0000     0.0000      0        -          -      -
    3   6   0.0000     0.0000      0        -          -      -
    3   7   0.0000     0.0000      0        -          -      -
    5   1   0.0000     0.0000      0        -          -      -
    5   2   0.0000     0.0000      0        -          -      -
    5   3   0.0000     0.0000      0        -          -      -
    5   4   0.0000     0.0000      0        -          -      -
    5   5   0.0000     0.0000      0        -          -      -
    5   6   0.0000     0.0000      0        -          -      -
    5   7   0.0000     0.0000      0        -          -      -
    6   1   0.0000     0.0000      0        -          -      -
    6   2   0.0000     0.0000      0        -          -      -
    6   3   0.0000     0.0000      0        -          -      -
    6   4   0.0000     0.0000      0        -          -      -
    6   5   0.0000     0.0000      0        -          -      -
    6   6   0.0000     0.0000      0        -          -      -
    6   7   0.0000     0.0000      0        -          -      -
----------------------------------------------------------------------------------------------------------------------------------------------------------------------
SCENARIO QOR 
----------------------------------------------------------------------------------------------------------------------------------------------------------------------
Scene  PG      WNS        TNS   R2RTNS    NSV      WHV        THV    NHV  MaxTrnV   MaxTranC  MaxCapV    Leakage     CellEMV
    1   *        -          -        -      -        -          -      -        -          -        0          -           0
    2   *   0.0026     0.0026   0.0026      1        -          -      -        0     0.0000        -  15605.035           0
    3   *   0.0000     0.0000   0.0000      0        -          -      -        0     0.0000        0 283817.688           0
    4   *        -          -        -      -        -          -      -        -          -        0          -           0
    5   *   0.0000     0.0000   0.0000      0        -          -      -        0     0.0000        -  15605.035           0
    6   *   0.0000     0.0000   0.0000      0        -          -      -        0     0.0000        0 283817.688           0
----------------------------------------------------------------------------------------------------------------------------------------------------------------------
DESIGN QOR 
----------------------------------------------------------------------------------------------------------------------------------------------------------------------
Scene  PG      WNS        TNS   R2RTNS    NSV      WHV        THV    NHV  MaxTrnV   MaxTranC  MaxCapV    Leakage         Area    InstCnt     BufCnt     InvCnt     CellEMV
    *   *   0.0026     0.0026   0.0026      1   0.0000     0.0000      0        0     0.0000        0 283817.688       914.64       1206         12         16           0
----------------------------------------------------------------------------------------------------------------------------------------------------------------------

Compile-fusion final QoR Summary         WNS        TNS   R2RTNS    NSV      WHV        THV    NHV  MaxTrnV  MaxCapV    Leakage         Area    InstCnt
Compile-fusion final QoR Summary      0.0026     0.0026   0.0026      1   0.0000     0.0000      0        0        0 283817.688       914.64       1206

Compile-fusion command complete                CPU:   390 s (  0.11 hr )  ELAPSE:   135 s (  0.04 hr )  MEM-PEAK:  1622 MB
Compile-fusion command statistics  CPU=33 sec (0.01 hr) ELAPSED=9 sec (0.00 hr) MEM-PEAK=1.584 GB
[Tim-Power] Info: Cleared Leakage libCell cache.

Information: Ending   compile_fusion / final_place (FLW-8001)
Information: Time: 2025-06-11 00:17:54 / Session:  00:02:14 / Command:  00:02:07 / CPU:  00:06:22 / Memory: 1622 MB (FLW-8100)
Information: CPU Load: 23%, Ram Free: 44 GB, Swap Free: 1 GB, Work Disk Free: 308 GB, Tmp Disk Free: 308 GB (MSG-3995)

Information: >>>>>>> 7 unique error and warning message tags while observing compile_fusion / final_place: (MSG-3100)
Information: #prnt #trgr #lmt    Tag  Level     Format (or last printed message)                                (MSG-3036)
Information:    20     5  0 ZRT-026   WARNING   Warning: Layer MRDL default pitch 4.000 may be too small to ... (MSG-3032)
Information:     2     2  0 PDC-003   WARNING   Warning: Routing direction of metal layer PO is neither "hor... (MSG-3032)
Information:    20    10  0 ZRT-720   WARNING   Warning: Port  VSS at {{33.702,29.353} {35.932,29.447}} is o... (MSG-3032)
Information:     4     1  0 ZRT-763   WARNING   Warning: Cell ctmTdsLR_1_544 is placed overlapping with othe... (MSG-3032)
Information:    10     2  0 OPT-070   WARNING   Warning: Cannot find any max transition constraint on the de... (MSG-3032)
Information:   109     2  0 OPT-902   WARNING   Warning: No clock routing rules were specified. Use set_cloc... (MSG-3032)
Information:    50    10  5 LGL-050   WARNING   Warning: Library cell saed14rvt_c_physical_only:SAEDRVT14_AO... (MSG-3032)
Information:   215    32  1        7  <------   Total sum of messages (MSG-3038)
Information: >>>>>>> Summary: 32 error&warning MSGs observed during compile_fusion / final_place (MSG-3103)


----------------------------------------------------------------------------------------------------------
Information: Starting compile_fusion / final_opto (FLW-8000)
Information: Time: 2025-06-11 00:17:54 / Session:  00:02:14 / Command:  00:02:07 / CPU:  00:06:22 / Memory: 1622 MB (FLW-8100)
Information: CPU Load: 23%, Ram Free: 44 GB, Swap Free: 1 GB, Work Disk Free: 308 GB, Tmp Disk Free: 308 GB (MSG-3995)
----------------------------------------------------------------------------------------------------------

Scenario Normal_Typical is cellEm
Scenario PowerSave_Typical is cellEm
Info: update em.
Information: Activity propagation will be performed for scenario Normal_Fast.
Information: Doing activity propagation for mode 'Normal' and corner 'Fast' with effort level 'medium'. (POW-024)
Information: Timer-derived activity data is cached on scenario Normal_Fast (POW-052)
Information: Running switching activity propagation with 12 threads!

 **** Information : No. of simulation cycles = 6 ****
Information: Propagated activity on scenario Normal_Slow identical to that on Normal_Fast (POW-006)
Information: Propagated activity on scenario Normal_Typical identical to that on Normal_Fast (POW-006)
Information: Activity propagation will be performed for scenario PowerSave_Fast.
Information: Doing activity propagation for mode 'PowerSave' and corner 'Fast' with effort level 'medium'. (POW-024)
Information: Timer-derived activity data is cached on scenario PowerSave_Fast (POW-052)
Information: Running switching activity propagation with 12 threads!

 **** Information : No. of simulation cycles = 6 ****
Information: Propagated activity on scenario PowerSave_Slow identical to that on PowerSave_Fast (POW-006)
Information: Propagated activity on scenario PowerSave_Typical identical to that on PowerSave_Fast (POW-006)
Information: Activity for scenario Normal_Fast was cached, no propagation required. (POW-005)
Information: Activity for scenario Normal_Slow was cached, no propagation required. (POW-005)
Information: Activity for scenario Normal_Typical was cached, no propagation required. (POW-005)
Information: Activity for scenario PowerSave_Fast was cached, no propagation required. (POW-005)
Information: Activity for scenario PowerSave_Slow was cached, no propagation required. (POW-005)
Information: Activity for scenario PowerSave_Typical was cached, no propagation required. (POW-005)
CTS Cell EM initialization finished
Scenario Normal_Typical is cellEm
Scenario PowerSave_Typical is cellEm
Info: update em.
Information: Activity for scenario Normal_Fast was cached, no propagation required. (POW-005)
Information: Activity for scenario Normal_Slow was cached, no propagation required. (POW-005)
Information: Activity for scenario Normal_Typical was cached, no propagation required. (POW-005)
Information: Activity for scenario PowerSave_Fast was cached, no propagation required. (POW-005)
CTS Cell EM initialization finished
Warning: No clock routing rules were specified. Use set_clock_routing_rules to specify routing rules for accurate clock latency estimation. (OPT-902)
Warning: No clock routing rules were specified. Use set_clock_routing_rules to specify routing rules for accurate clock latency estimation. (OPT-902)
Information: Estimating clock gate latencies for scenario 'PowerSave_Typical'. (OPT-909)
Warning: No clock routing rules were specified. Use set_clock_routing_rules to specify routing rules for accurate clock latency estimation. (OPT-902)
Information: Estimating clock gate latencies for scenario 'PowerSave_Slow'. (OPT-909)
Warning: No clock routing rules were specified. Use set_clock_routing_rules to specify routing rules for accurate clock latency estimation. (OPT-902)
Information: Estimating clock gate latencies for scenario 'PowerSave_Fast'. (OPT-909)
Warning: No clock routing rules were specified. Use set_clock_routing_rules to specify routing rules for accurate clock latency estimation. (OPT-902)
Information: Estimating clock gate latencies for scenario 'Normal_Typical'. (OPT-909)
Warning: No clock routing rules were specified. Use set_clock_routing_rules to specify routing rules for accurate clock latency estimation. (OPT-902)
Information: Estimating clock gate latencies for scenario 'Normal_Slow'. (OPT-909)
Warning: No clock routing rules were specified. Use set_clock_routing_rules to specify routing rules for accurate clock latency estimation. (OPT-902)
Information: Estimating clock gate latencies for scenario 'Normal_Fast'. (OPT-909)
Information: The net parasitics of block dut_toplevel are cleared. (TIM-123)
Information: The stitching and editing of coupling caps is turned OFF for design 'dut_toplevel.dlib:dut_toplevel/mcmm_and_logic_opto_full_general.design'. (TIM-125)
Number of Site types in the design = 1
Setting up Chip Core
Chip Core shape: (0 0) (358900 354000)
Number of VARs = 1
Number of unique PDs = 1
Number of Power Domains = 1
Number of Voltage Areas = 1
Number of supply Nets = 2
Number of used supplies = 0
Blocked VAs: 
Information: 2 out of 12 POW-005 messages were not printed due to limit 10 (after 'compile_fusion' at task3_base.tcl:43) (MSG-3913)

Information: Starting compile_fusion / final_opto / Optimization (1) (FLW-8000)
Information: Time: 2025-06-11 00:17:58 / Session:  00:02:18 / Command:  00:02:10 / CPU:  00:06:42 / Memory: 1622 MB (FLW-8100)
Information: CPU Load: 23%, Ram Free: 44 GB, Swap Free: 1 GB, Work Disk Free: 308 GB, Tmp Disk Free: 308 GB (MSG-3995)

Compile-fusion optimization Phase 17 Iter  1         0.00        0.00      0.00         0        914.64   282167.69        1206              0.04      1622
Warning: To enable pin track alignment feature, the advanced legalizer has to be turned on using app option "place.legalize.enable_advanced_legalizer".
Warning: Pin track alignment feature will be disabled in this run
Information: Initializing classic cellmap without advanced rules enabled and without PDC enabled
Information: The following app options are used in cellmap
        place.legalize.enable_color_aware_placement : false
        place.legalize.use_nll_query_cm : false
        place.legalize.enable_advanced_legalizer : false
        place.legalize.enable_prerouted_net_check : true
        place.legalize.enable_advanced_prerouted_net_check : false
        place.legalize.always_continue : true
        place.legalize.limit_legality_checks : false
        place.common.pnet_aware_density : 1.0000
        place.common.pnet_aware_min_width : 0.0000
        place.common.pnet_aware_layers : {}
        place.common.use_placement_model : false
        place.common.enable_advanced_placement_model : true
        cts.placement.cell_spacing_rule_style : maximum
Warning: Library cell saed14rvt_ff0p88v125c:SAEDRVT14_ISOFSDPQ_PECO_8.frame is missing supply pins. Its power structure cannot be determined. (LGL-050)
Warning: Library cell saed14rvt_ff0p88v125c:SAEDRVT14_DCAP_PV1ECO_12.frame is missing supply pins. Its power structure cannot be determined. (LGL-050)
Warning: Library cell saed14rvt_c_physical_only:SAEDRVT14_AOLVLUBUFE0_IY2V1_1.frame is missing supply pins. Its power structure cannot be determined. (LGL-050)
Warning: Library cell saed14rvt_c_physical_only:SAEDRVT14_AOLVLUBUFE0_IY2V1_10.frame is missing supply pins. Its power structure cannot be determined. (LGL-050)
Warning: Library cell saed14rvt_c_physical_only:SAEDRVT14_AOLVLUBUFE0_IY2V1_12.frame is missing supply pins. Its power structure cannot be determined. (LGL-050)
Total 0.0581 seconds to build cellmap data
Snapped 1206 standard cells to the nearest cellrow to improve the accuracy of congestion analysis.
Running GR for RDE Capture
Generating Timing information  
Design  Scenario Normal_Slow (Mode Normal Corner Slow)
Generating Timing information  ... Done
Information: The net parasitics of block dut_toplevel are cleared. (TIM-123)
[End of Generating Timing Information] Elapsed real time: 0:00:00 
[End of Generating Timing Information] Elapsed cpu  time: sys=0:00:00 usr=0:00:01 total=0:00:02
Start Global Route ... 
[Init] Elapsed real time: 0:00:00 
[Init] Elapsed cpu  time: sys=0:00:00 usr=0:00:00 total=0:00:00
[Init] Stage (MB): Used    0  Alloctr    0  Proc    0 
[Init] Total (MB): Used    7  Alloctr    8  Proc 6242 
Printing options for 'route.common.*'

Printing options for 'route.global.*'
global.deterministic                                    :	 on                  
global.effort_level                                     :	 medium              
global.timing_driven                                    :	 true                

Begin global routing.
Cell Min-Routing-Layer = M1
Cell Max-Routing-Layer = MRDL
Turn off antenna since no rule is specified
Information: Option route.detail.force_end_on_preferred_grid will be ignored since none of the layers have preferred grid. (ZRT-703)
Skipping 1 internal pins that are not physical. Set route.common.verbose_level to > 0 and run routing command to get skipped pin names.
Info: number of net_type_blockage: 0 
Information: Via ladder engine would be activated for pattern must join connection in certain commands. Please refer to man-page for the command list. (ZRT-619)
Warning: Port  VDD at {{30.594,-0.047} {32.824,0.047}} is out of boundary. Cannot be routed. (ZRT-720)
Warning: Port  VDD at {{28.448,-0.047} {30.678,0.047}} is out of boundary. Cannot be routed. (ZRT-720)
Warning: Port  VDD at {{25.932,-0.047} {28.162,0.047}} is out of boundary. Cannot be routed. (ZRT-720)
Warning: Port  VDD at {{23.786,-0.047} {26.016,0.047}} is out of boundary. Cannot be routed. (ZRT-720)
Warning: Port  VDD at {{21.640,-0.047} {23.870,0.047}} is out of boundary. Cannot be routed. (ZRT-720)
Warning: Port  VDD at {{18.162,-0.047} {20.392,0.047}} is out of boundary. Cannot be routed. (ZRT-720)
Warning: Port  VDD at {{16.016,-0.047} {18.246,0.047}} is out of boundary. Cannot be routed. (ZRT-720)
Warning: Port  VDD at {{33.702,29.953} {35.932,30.047}} is out of boundary. Cannot be routed. (ZRT-720)
Warning: Port  VSS at {{33.702,30.553} {35.932,30.647}} is out of boundary. Cannot be routed. (ZRT-720)
Warning: Port  VDD at {{33.702,31.153} {35.932,31.247}} is out of boundary. Cannot be routed. (ZRT-720)
Skipping 142 ectangle_only route guides because they don't cover the design boundary in the layer's  preferred direction.
Via on layer (VIA4) needs more than one tracks
Warning: Layer M4 default pitch 0.100 may be too small to handle up/down via. Note, that minimum requirements are "wire/via-down 0.100" & "wire/via-up 0.122". (ZRT-026)
Via on layer (VIA7) needs more than one tracks
Warning: Layer M7 default pitch 0.100 may be too small to handle up/down via. Note, that minimum requirements are "wire/via-down 0.100" & "wire/via-up 0.105". (ZRT-026)
Wire on layer (M8) needs more than one tracks
Via on layer (VIA7) needs more than one tracks
Via on layer (VIA8) needs more than one tracks
Warning: Layer M8 default pitch 0.100 may be too small to handle up/down via. Note, that minimum requirements are "wire/via-down 0.105" & "wire/via-up 0.135". (ZRT-026)
Wire on layer (M9) needs more than one tracks
Via on layer (VIA8) needs more than one tracks
Via on layer (VIARDL) needs more than one tracks
Warning: Layer M9 default pitch 0.100 may be too small to handle up/down via. Note, that minimum requirements are "wire/via-down 0.135" & "wire/via-up 1.570". (ZRT-026)
Via on layer (VIARDL) needs more than one tracks
Warning: Layer MRDL default pitch 4.000 may be too small to handle up/down via. Note, that minimum requirements are "wire/via-down 4.500" & "wire/via-up 4.000". (ZRT-026)
Transition layer name: M7(6)
Transition layer name: M8(7)
Information: When applicable Min-max layer allow_pin_connection mode will allow paths of length 0.90 outside the layer range. (ZRT-707)
Information: When applicable Min-max layer allow_pin_connection mode will allow paths of length 0.90 outside the layer range on clock nets. (ZRT-718)
Information: When applicable layer based tapering will taper up to 0.00 in distance from the pin. (ZRT-706)
Warning: Standard cell pin SAEDRVT14_OA21B_1/X has no valid via regions. (ZRT-044)
Warning: Standard cell pin SAEDRVT14_ADDH_0P5/CO has no valid via regions. (ZRT-044)
Current Stage stats:
[End of Read DB] Elapsed real time: 0:00:00 
[End of Read DB] Elapsed cpu  time: sys=0:00:00 usr=0:00:00 total=0:00:00
[End of Read DB] Stage (MB): Used   41  Alloctr   41  Proc  -32 
[End of Read DB] Total (MB): Used   48  Alloctr   50  Proc 6210 
Loading timing information to the router from design
Timing information loaded to the router.
[End of Loading Timing] Elapsed real time: 0:00:00 
[End of Loading Timing] Elapsed cpu  time: sys=0:00:00 usr=0:00:00 total=0:00:00
Constructing data structure ...
Design statistics:
Design Bounding Box (0.00um,0.00um,35.89um,35.40um)
Number of routing layers = 10
layer M1, dir Hor, min width = 0.034um, min space = 0.026um pitch = 0.074um
layer M2, dir Ver, min width = 0.034um, min space = 0.026um pitch = 0.06um
layer M3, dir Hor, min width = 0.034um, min space = 0.026um pitch = 0.074um
layer M4, dir Ver, min width = 0.06um, min space = 0.04um pitch = 0.1um
layer M5, dir Hor, min width = 0.06um, min space = 0.04um pitch = 0.1um
layer M6, dir Ver, min width = 0.06um, min space = 0.04um pitch = 0.1um
layer M7, dir Hor, min width = 0.06um, min space = 0.04um pitch = 0.1um
layer M8, dir Ver, min width = 0.06um, min space = 0.04um pitch = 0.1um
layer M9, dir Hor, min width = 0.06um, min space = 0.04um pitch = 0.1um
layer MRDL, dir Ver, min width = 2um, min space = 2um pitch = 4um
Current Stage stats:
[End of Build Tech Data] Elapsed real time: 0:00:00 
[End of Build Tech Data] Elapsed cpu  time: sys=0:00:00 usr=0:00:00 total=0:00:00
[End of Build Tech Data] Stage (MB): Used    0  Alloctr    0  Proc    0 
[End of Build Tech Data] Total (MB): Used   49  Alloctr   51  Proc 6210 
Net statistics:
Total number of nets     = 1636
Number of nets to route  = 1636
Net length statistics: 
Net Count(Ignore Fully Rted) 1636, Total Half Perimeter Wire Length (HPWL) 8701 microns
HPWL   0 ~   50 microns: Net Count     1636	Total HPWL         8701 microns
HPWL  50 ~  100 microns: Net Count        0	Total HPWL            0 microns
HPWL 100 ~  200 microns: Net Count        0	Total HPWL            0 microns
HPWL 200 ~  300 microns: Net Count        0	Total HPWL            0 microns
HPWL 300 ~  400 microns: Net Count        0	Total HPWL            0 microns
HPWL 400 ~  500 microns: Net Count        0	Total HPWL            0 microns
HPWL 500 ~  600 microns: Net Count        0	Total HPWL            0 microns
HPWL 600 ~  700 microns: Net Count        0	Total HPWL            0 microns
HPWL 700 ~  800 microns: Net Count        0	Total HPWL            0 microns
HPWL 800 ~  900 microns: Net Count        0	Total HPWL            0 microns
HPWL 900 ~ 1000 microns: Net Count        0	Total HPWL            0 microns
HPWL     > 1000 microns: Net Count        0	Total HPWL            0 microns
Current Stage stats:
[End of Build All Nets] Elapsed real time: 0:00:00 
[End of Build All Nets] Elapsed cpu  time: sys=0:00:00 usr=0:00:00 total=0:00:00
[End of Build All Nets] Stage (MB): Used    1  Alloctr    1  Proc    0 
[End of Build All Nets] Total (MB): Used   50  Alloctr   52  Proc 6210 
Number of partitions: 1 (1 x 1)
Size of partitions: 60 gCells x 59 gCells
Average gCell capacity  1.72	 on layer (1)	 M1
Average gCell capacity  4.70	 on layer (2)	 M2
Average gCell capacity  8.06	 on layer (3)	 M3
Average gCell capacity  5.95	 on layer (4)	 M4
Average gCell capacity  5.98	 on layer (5)	 M5
Average gCell capacity  5.95	 on layer (6)	 M6
Average gCell capacity  5.98	 on layer (7)	 M7
Average gCell capacity  5.95	 on layer (8)	 M8
Average gCell capacity  5.98	 on layer (9)	 M9
Average gCell capacity  0.12	 on layer (10)	 MRDL
Average number of tracks per gCell 8.12	 on layer (1)	 M1
Average number of tracks per gCell 9.98	 on layer (2)	 M2
Average number of tracks per gCell 8.12	 on layer (3)	 M3
Average number of tracks per gCell 5.98	 on layer (4)	 M4
Average number of tracks per gCell 6.02	 on layer (5)	 M5
Average number of tracks per gCell 5.98	 on layer (6)	 M6
Average number of tracks per gCell 6.02	 on layer (7)	 M7
Average number of tracks per gCell 5.98	 on layer (8)	 M8
Average number of tracks per gCell 6.02	 on layer (9)	 M9
Average number of tracks per gCell 0.15	 on layer (10)	 MRDL
Number of gCells = 35400
Current Stage stats:
[End of Build Congestion Map] Elapsed real time: 0:00:00 
[End of Build Congestion Map] Elapsed cpu  time: sys=0:00:00 usr=0:00:00 total=0:00:00
[End of Build Congestion Map] Stage (MB): Used    1  Alloctr    1  Proc    0 
[End of Build Congestion Map] Total (MB): Used   52  Alloctr   54  Proc 6210 
Number of partitions: 1 (1 x 1)
Size of partitions: 60 gCells x 59 gCells
Current Stage stats:
[End of Add Nets Demand] Elapsed real time: 0:00:00 
[End of Add Nets Demand] Elapsed cpu  time: sys=0:00:00 usr=0:00:00 total=0:00:00
[End of Add Nets Demand] Stage (MB): Used    0  Alloctr    0  Proc    0 
[End of Add Nets Demand] Total (MB): Used   52  Alloctr   54  Proc 6210 
Number of user frozen nets = 0
Timing criticality report: total 86 (5.26)% critical nets.
   Number of criticality 2 nets = 20 (1.22)%
   Number of criticality 3 nets = 42 (2.57)%
   Number of criticality 4 nets = 4 (0.24)%
   Number of criticality 5 nets = 8 (0.49)%
   Number of criticality 6 nets = 2 (0.12)%
   Number of criticality 7 nets = 10 (0.61)%
Information: RC layer preference is turned on for this design. (ZRT-613)
Total stats:
[End of Build Data] Elapsed real time: 0:00:00 
[End of Build Data] Elapsed cpu  time: sys=0:00:00 usr=0:00:00 total=0:00:00
[End of Build Data] Stage (MB): Used    3  Alloctr    4  Proc    0 
[End of Build Data] Total (MB): Used   52  Alloctr   54  Proc 6210 
Number of partitions: 1 (1 x 1)
Size of partitions: 60 gCells x 59 gCells
Current Stage stats:
[End of Blocked Pin Detection] Elapsed real time: 0:00:00 
[End of Blocked Pin Detection] Elapsed cpu  time: sys=0:00:00 usr=0:00:00 total=0:00:00
[End of Blocked Pin Detection] Stage (MB): Used  104  Alloctr  104  Proc    0 
[End of Blocked Pin Detection] Total (MB): Used  156  Alloctr  158  Proc 6210 
Information: Using 12 threads for routing. (ZRT-444)
Information: Multiple gcell levels ON
Information: Buffer distance is estimated to be ~271.0000um (451 gCells)

Start GR phase 0
Number of partitions: 1 (1 x 1)
Size of partitions: 60 gCells x 59 gCells
[rtAllBotParts] Elapsed real time: 0:00:00 
[rtAllBotParts] Elapsed cpu  time: sys=0:00:00 usr=0:00:00 total=0:00:00
[rtTop] Elapsed real time: 0:00:00 
[rtTop] Elapsed cpu  time: sys=0:00:00 usr=0:00:00 total=0:00:00
Current Stage stats:
[End of Initial Routing] Elapsed real time: 0:00:00 
[End of Initial Routing] Elapsed cpu  time: sys=0:00:00 usr=0:00:00 total=0:00:00
[End of Initial Routing] Stage (MB): Used    0  Alloctr    0  Proc    0 
[End of Initial Routing] Total (MB): Used  157  Alloctr  159  Proc 6210 
Initial. Routing result:
Initial. Both Dirs: Dmd-Cap  =     0 Max = 0 GRCs =     0 (0.00%)
Initial. H routing: Dmd-Cap  =     0 Max = 0 (GRCs =  0) GRCs =     0 (0.00%)
Initial. V routing: Dmd-Cap  =     0 Max = 0 (GRCs =  0) GRCs =     0 (0.00%)
Initial. Both Dirs: Overflow =   153 Max = 4 GRCs =   180 (2.54%)
Initial. H routing: Overflow =    23 Max = 3 (GRCs =  1) GRCs =    32 (0.90%)
Initial. V routing: Overflow =   130 Max = 4 (GRCs =  4) GRCs =   148 (4.18%)
Initial. M1         Overflow =    15 Max = 1 (GRCs = 17) GRCs =    17 (0.48%)
Initial. M2         Overflow =   130 Max = 4 (GRCs =  4) GRCs =   148 (4.18%)
Initial. M3         Overflow =     8 Max = 3 (GRCs =  1) GRCs =    15 (0.42%)
Initial. M4         Overflow =     0 Max = 0 (GRCs =  0) GRCs =     0 (0.00%)
Initial. M5         Overflow =     0 Max = 0 (GRCs =  0) GRCs =     0 (0.00%)
Initial. M6         Overflow =     0 Max = 0 (GRCs =  0) GRCs =     0 (0.00%)
Initial. M7         Overflow =     0 Max = 0 (GRCs =  0) GRCs =     0 (0.00%)
Initial. M8         Overflow =     0 Max = 0 (GRCs =  0) GRCs =     0 (0.00%)
Initial. M9         Overflow =     0 Max = 0 (GRCs =  0) GRCs =     0 (0.00%)
Initial. MRDL       Overflow =     0 Max = 0 (GRCs =  0) GRCs =     0 (0.00%)


Density distribution:
Layer    0.0  0.1  0.2  0.3  0.4  0.5  0.6  0.7  0.8  0.9  1.0  1.1  1.2  > 1.2 
M1       95.4 3.19 0.00 0.45 0.00 0.37 0.00 0.00 0.00 0.00 0.23 0.00 0.00 0.37
M2       49.7 15.2 2.97 9.92 0.51 6.69 5.42 2.12 1.58 0.14 4.04 0.06 0.11 1.38
M3       9.01 16.6 22.3 21.1 1.89 14.5 8.33 4.41 1.27 0.00 0.37 0.03 0.03 0.00
M4       19.1 30.9 0.51 25.5 0.00 15.2 6.50 0.06 2.06 0.00 0.06 0.00 0.00 0.00
M5       71.9 23.5 0.00 4.15 0.00 0.28 0.03 0.00 0.00 0.00 0.00 0.00 0.00 0.00
M6       72.1 23.4 0.00 4.21 0.00 0.17 0.00 0.00 0.00 0.00 0.00 0.00 0.00 0.00
M7       99.7 0.28 0.00 0.00 0.00 0.00 0.00 0.00 0.00 0.00 0.00 0.00 0.00 0.00
M8       100. 0.00 0.00 0.00 0.00 0.00 0.00 0.00 0.00 0.00 0.00 0.00 0.00 0.00
M9       100. 0.00 0.00 0.00 0.00 0.00 0.00 0.00 0.00 0.00 0.00 0.00 0.00 0.00
MRDL     100. 0.00 0.00 0.00 0.00 0.00 0.00 0.00 0.00 0.00 0.00 0.00 0.00 0.00
Total    71.7 11.3 2.58 6.54 0.24 3.73 2.03 0.66 0.49 0.01 0.47 0.01 0.01 0.18


Initial. Total Wire Length = 8521.07
Initial. Layer M1 wire length = 96.14
Initial. Layer M2 wire length = 1518.88
Initial. Layer M3 wire length = 2850.85
Initial. Layer M4 wire length = 2796.07
Initial. Layer M5 wire length = 598.50
Initial. Layer M6 wire length = 655.24
Initial. Layer M7 wire length = 5.40
Initial. Layer M8 wire length = 0.00
Initial. Layer M9 wire length = 0.00
Initial. Layer MRDL wire length = 0.00
Initial. Total Number of Contacts = 10030
Initial. Via VIA1_Base count = 2839
Initial. Via VIA2_Base count = 4372
Initial. Via VIA34SQ_C count = 2474
Initial. Via VIA4SQ count = 233
Initial. Via VIA5SQ_C count = 110
Initial. Via VIA67SQ_C count = 2
Initial. Via VIA78SQ_C count = 0
Initial. Via VIA89_C count = 0
Initial. Via VIA9RDL count = 0
Initial. completed.

Start GR phase 1
Wed Jun 11 00:17:59 2025
Number of partitions: 1 (1 x 1)
Size of partitions: 60 gCells x 59 gCells
[rtAllParts] Elapsed real time: 0:00:00 
[rtAllParts] Elapsed cpu  time: sys=0:00:00 usr=0:00:00 total=0:00:00
Current Stage stats:
[End of Phase1 Routing] Elapsed real time: 0:00:00 
[End of Phase1 Routing] Elapsed cpu  time: sys=0:00:00 usr=0:00:00 total=0:00:00
[End of Phase1 Routing] Stage (MB): Used    0  Alloctr    0  Proc    0 
[End of Phase1 Routing] Total (MB): Used  157  Alloctr  159  Proc 6210 
phase1. Routing result:
phase1. Both Dirs: Dmd-Cap  =     0 Max = 0 GRCs =     0 (0.00%)
phase1. H routing: Dmd-Cap  =     0 Max = 0 (GRCs =  0) GRCs =     0 (0.00%)
phase1. V routing: Dmd-Cap  =     0 Max = 0 (GRCs =  0) GRCs =     0 (0.00%)
phase1. Both Dirs: Overflow =   110 Max = 6 GRCs =   122 (1.72%)
phase1. H routing: Overflow =    12 Max = 1 (GRCs = 15) GRCs =    15 (0.42%)
phase1. V routing: Overflow =    98 Max = 6 (GRCs =  1) GRCs =   107 (3.02%)
phase1. M1         Overflow =    12 Max = 1 (GRCs = 14) GRCs =    14 (0.40%)
phase1. M2         Overflow =    98 Max = 6 (GRCs =  1) GRCs =   107 (3.02%)
phase1. M3         Overflow =     0 Max = 1 (GRCs =  1) GRCs =     1 (0.03%)
phase1. M4         Overflow =     0 Max = 0 (GRCs =  0) GRCs =     0 (0.00%)
phase1. M5         Overflow =     0 Max = 0 (GRCs =  0) GRCs =     0 (0.00%)
phase1. M6         Overflow =     0 Max = 0 (GRCs =  0) GRCs =     0 (0.00%)
phase1. M7         Overflow =     0 Max = 0 (GRCs =  0) GRCs =     0 (0.00%)
phase1. M8         Overflow =     0 Max = 0 (GRCs =  0) GRCs =     0 (0.00%)
phase1. M9         Overflow =     0 Max = 0 (GRCs =  0) GRCs =     0 (0.00%)
phase1. MRDL       Overflow =     0 Max = 0 (GRCs =  0) GRCs =     0 (0.00%)


Density distribution:
Layer    0.0  0.1  0.2  0.3  0.4  0.5  0.6  0.7  0.8  0.9  1.0  1.1  1.2  > 1.2 
M1       95.4 3.25 0.00 0.42 0.00 0.40 0.00 0.00 0.00 0.00 0.23 0.00 0.00 0.28
M2       49.8 15.4 2.91 10.1 0.42 6.75 5.76 2.20 1.64 0.20 3.73 0.06 0.11 0.88
M3       9.01 16.4 22.4 21.2 1.98 14.6 8.42 4.44 1.47 0.00 0.03 0.00 0.00 0.00
M4       18.2 30.8 0.51 25.5 0.00 15.3 6.86 0.06 2.46 0.00 0.08 0.00 0.00 0.00
M5       70.6 23.8 0.00 5.14 0.00 0.34 0.03 0.00 0.00 0.00 0.00 0.00 0.00 0.00
M6       71.9 23.4 0.00 4.49 0.00 0.11 0.00 0.00 0.00 0.00 0.00 0.00 0.00 0.00
M7       99.7 0.28 0.00 0.00 0.00 0.00 0.00 0.00 0.00 0.00 0.00 0.00 0.00 0.00
M8       100. 0.00 0.00 0.00 0.00 0.00 0.00 0.00 0.00 0.00 0.00 0.00 0.00 0.00
M9       100. 0.00 0.00 0.00 0.00 0.00 0.00 0.00 0.00 0.00 0.00 0.00 0.00 0.00
MRDL     100. 0.00 0.00 0.00 0.00 0.00 0.00 0.00 0.00 0.00 0.00 0.00 0.00 0.00
Total    71.4 11.3 2.58 6.69 0.24 3.76 2.11 0.67 0.56 0.02 0.41 0.01 0.01 0.12


phase1. Total Wire Length = 8521.69
phase1. Layer M1 wire length = 95.24
phase1. Layer M2 wire length = 1456.27
phase1. Layer M3 wire length = 2806.45
phase1. Layer M4 wire length = 2849.80
phase1. Layer M5 wire length = 645.87
phase1. Layer M6 wire length = 662.65
phase1. Layer M7 wire length = 5.40
phase1. Layer M8 wire length = 0.00
phase1. Layer M9 wire length = 0.00
phase1. Layer MRDL wire length = 0.00
phase1. Total Number of Contacts = 10185
phase1. Via VIA1_Base count = 2839
phase1. Via VIA2_Base count = 4408
phase1. Via VIA34SQ_C count = 2574
phase1. Via VIA4SQ count = 250
phase1. Via VIA5SQ_C count = 112
phase1. Via VIA67SQ_C count = 2
phase1. Via VIA78SQ_C count = 0
phase1. Via VIA89_C count = 0
phase1. Via VIA9RDL count = 0
phase1. completed.
[End of Whole Chip Routing] Elapsed real time: 0:00:00 
[End of Whole Chip Routing] Elapsed cpu  time: sys=0:00:00 usr=0:00:00 total=0:00:00
[End of Whole Chip Routing] Stage (MB): Used  108  Alloctr  109  Proc    0 
[End of Whole Chip Routing] Total (MB): Used  157  Alloctr  159  Proc 6210 

Congestion utilization per direction:
Average vertical track utilization   = 18.39 %
Peak    vertical track utilization   = 63.16 %
Average horizontal track utilization = 14.50 %
Peak    horizontal track utilization = 50.00 %

[End of Global Routing] Elapsed real time: 0:00:00 
[End of Global Routing] Elapsed cpu  time: sys=0:00:00 usr=0:00:00 total=0:00:00
[End of Global Routing] Stage (MB): Used  107  Alloctr  108  Proc    0 
[End of Global Routing] Total (MB): Used  156  Alloctr  158  Proc 6210 
Updating the database ...
Updating congestion ...
Information: Extraction observers are detached as design net change threshold is reached.
[End of dbOut] Elapsed real time: 0:00:00 
[End of dbOut] Elapsed cpu  time: sys=0:00:00 usr=0:00:00 total=0:00:00
[End of dbOut] Stage (MB): Used  -41  Alloctr  -42  Proc    0 
[End of dbOut] Total (MB): Used   36  Alloctr   37  Proc 6210 
Doing RDE Capture
Information: Freeing timing information from routing. (ZRT-574)
Information: Design dut_toplevel has 1636 nets, 1636 global routed, 0 detail routed. (NEX-024)
Information: The stitching and editing of coupling caps is turned OFF for design 'dut_toplevel.dlib:dut_toplevel/mcmm_and_logic_opto_full_general.design'. (TIM-125)

RDE Information
RDE Design         : dut_toplevel.dlib:dut_toplevel/mcmm_and_logic_opto_full_general.design
RDE Module         : dut_toplevel
RDE TechName       : minTLU
RDE Version        : 1.90
Product Version    : fc V-2023.12 Nov 23, 2023
No. of Res Corners : 3
No. of Cap Corners : 3
RDE Capture Stage  : NONE
RDE Capture DB     : GR
Max layer ID       : 10
Max via layer ID   : 9
DB1                : 10000
gCell Size         : 2.3375 um
Merge Fanout       : 1
Via Model          : 3
large Gcell Grid   : 0
Disable clock capture       : 1
RDE congestion map          : (-8320, -8320 -> 367220, 362320)
RDE Effort Level            : medium
RDE Layer Length Adjustment : false
RDE from                    : CAPTURE
Information: The stitching and editing of coupling caps is turned OFF for design 'dut_toplevel.dlib:dut_toplevel/mcmm_and_logic_opto_full_general.design'. (TIM-125)
Information: 123 out of 128 LGL-050 messages were not printed due to limit 5 (after 'compile_fusion' at task3_base.tcl:43) (MSG-3913)

Warning: Cannot find any max transition constraint on the design. (OPT-070)
Info: update em.

Compile-fusion timing update complete          CPU:   415 s (  0.12 hr )  ELAPSE:   140 s (  0.04 hr )  MEM-PEAK:  1622 MB

Compile-fusion initial QoR
__________________________
Scenario Mapping Table
1: Normal_Fast
2: Normal_Slow
3: Normal_Typical
4: PowerSave_Fast
5: PowerSave_Slow
6: PowerSave_Typical

Pathgroup Mapping Table
1: **default**
2: **async_default**
3: **clock_gating_default**
4: **in2reg_default**
5: **reg2out_default**
6: **in2out_default**
7: clk

-------------------------------------------------------------------------------------------------------------------------------------------------------------
PATHGROUP QOR 
-------------------------------------------------------------------------------------------------------------------------------------------------------------
Scene  PG      WNS        TNS    NSV      WHV        THV    NHV
    2   1   0.0000     0.0000      0        -          -      -
    2   2   0.0000     0.0000      0        -          -      -
    2   3   0.0000     0.0000      0        -          -      -
    2   4   0.0000     0.0000      0        -          -      -
    2   5   0.0000     0.0000      0        -          -      -
    2   6   0.0000     0.0000      0        -          -      -
    2   7   0.0000     0.0000      0        -          -      -
    3   1   0.0000     0.0000      0        -          -      -
    3   2   0.0000     0.0000      0        -          -      -
    3   3   0.0000     0.0000      0        -          -      -
    3   4   0.0000     0.0000      0        -          -      -
    3   5   0.0000     0.0000      0        -          -      -
    3   6   0.0000     0.0000      0        -          -      -
    3   7   0.0000     0.0000      0        -          -      -
    5   1   0.0000     0.0000      0        -          -      -
    5   2   0.0000     0.0000      0        -          -      -
    5   3   0.0000     0.0000      0        -          -      -
    5   4   0.0000     0.0000      0        -          -      -
    5   5   0.0000     0.0000      0        -          -      -
    5   6   0.0000     0.0000      0        -          -      -
    5   7   0.0000     0.0000      0        -          -      -
    6   1   0.0000     0.0000      0        -          -      -
    6   2   0.0000     0.0000      0        -          -      -
    6   3   0.0000     0.0000      0        -          -      -
    6   4   0.0000     0.0000      0        -          -      -
    6   5   0.0000     0.0000      0        -          -      -
    6   6   0.0000     0.0000      0        -          -      -
    6   7   0.0000     0.0000      0        -          -      -
----------------------------------------------------------------------------------------------------------------------------------------------------------------------
SCENARIO QOR 
----------------------------------------------------------------------------------------------------------------------------------------------------------------------
Scene  PG      WNS        TNS   R2RTNS    NSV      WHV        THV    NHV  MaxTrnV   MaxTranC  MaxCapV    Leakage     CellEMV
    1   *        -          -        -      -        -          -      -        -          -        0          -           0
    2   *   0.0000     0.0000   0.0000      0        -          -      -        0     0.0000        -  15756.452           0
    3   *   0.0000     0.0000   0.0000      0        -          -      -        0     0.0000        0 282167.688           0
    4   *        -          -        -      -        -          -      -        -          -        0          -           0
    5   *   0.0000     0.0000   0.0000      0        -          -      -        0     0.0000        -  15756.452           0
    6   *   0.0000     0.0000   0.0000      0        -          -      -        0     0.0000        0 282167.688           0
----------------------------------------------------------------------------------------------------------------------------------------------------------------------
DESIGN QOR 
----------------------------------------------------------------------------------------------------------------------------------------------------------------------
Scene  PG      WNS        TNS   R2RTNS    NSV      WHV        THV    NHV  MaxTrnV   MaxTranC  MaxCapV    Leakage         Area    InstCnt     BufCnt     InvCnt     CellEMV
    *   *   0.0000     0.0000   0.0000      0   0.0000     0.0000      0        0     0.0000        0 282167.688       914.64       1206         12         16           0
----------------------------------------------------------------------------------------------------------------------------------------------------------------------

Compile-fusion initial QoR Summary       WNS        TNS   R2RTNS    NSV      WHV        THV    NHV  MaxTrnV  MaxCapV    Leakage         Area    InstCnt
Compile-fusion initial QoR Summary    0.0000     0.0000   0.0000      0   0.0000     0.0000      0        0        0 282167.688       914.64       1206
Information: The netlist change observers are disabled for incremental extraction. (TIM-126)
INFO: using 12 threads
Compile-fusion initialization complete         CPU:   430 s (  0.12 hr )  ELAPSE:   141 s (  0.04 hr )  MEM-PEAK:  1622 MB
Compile-fusion optimization summary            SETUP-COST    R2R-COST HOLD-COST LDRC-COST          AREA     LEAKAGE     INSTCNT            ELAPSE       MEM
Warning: Cannot find any max transition constraint on the design. (OPT-070)
Information: The netlist change observers are enabled for incremental extraction. (TIM-127)

Information: Initializing classic cellmap without advanced rules enabled and without PDC enabled
Information: The following app options are used in cellmap
        place.legalize.enable_color_aware_placement : false
        place.legalize.use_nll_query_cm : false
        place.legalize.enable_advanced_legalizer : false
        place.legalize.enable_prerouted_net_check : true
        place.legalize.enable_advanced_prerouted_net_check : false
        place.legalize.always_continue : true
        place.legalize.limit_legality_checks : false
        place.common.pnet_aware_density : 1.0000
        place.common.pnet_aware_min_width : 0.0000
        place.common.pnet_aware_layers : {}
        place.common.use_placement_model : false
        place.common.enable_advanced_placement_model : true
        cts.placement.cell_spacing_rule_style : maximum
Warning: Library cell saed14rvt_ff0p88v125c:SAEDRVT14_ISOFSDPQ_PECO_8.frame is missing supply pins. Its power structure cannot be determined. (LGL-050)
Warning: Library cell saed14rvt_ff0p88v125c:SAEDRVT14_DCAP_PV1ECO_12.frame is missing supply pins. Its power structure cannot be determined. (LGL-050)
Warning: Library cell saed14rvt_c_physical_only:SAEDRVT14_AOLVLUBUFE0_IY2V1_1.frame is missing supply pins. Its power structure cannot be determined. (LGL-050)
Warning: Library cell saed14rvt_c_physical_only:SAEDRVT14_AOLVLUBUFE0_IY2V1_10.frame is missing supply pins. Its power structure cannot be determined. (LGL-050)
Warning: Library cell saed14rvt_c_physical_only:SAEDRVT14_AOLVLUBUFE0_IY2V1_12.frame is missing supply pins. Its power structure cannot be determined. (LGL-050)
Total 0.0594 seconds to build cellmap data
INFO: creating 20(r) x 20(c) GridCells YDim 1.8 XDim 1.8
INFO: number of GridCells (0xd96a8888): 400
INFO: creating 20(r) x 20(c) GridCells YDim 1.8 XDim 1.8
INFO: number of GridCells (0xd96a8888): 400
Total 0.0130 seconds to load 1206 cell instances into cellmap
Moveable cells: 1206; Application fixed cells: 0; Macro cells: 0; User fixed cells: 0
Average cell width 1.2640, cell height 0.6000, cell area 0.7584 for total 1206 placed and application fixed cells
Compile-fusion optimization Phase 19 Iter  1         0.00        0.00      0.00         0        914.64   282167.69        1206              0.04      1622
Isolated 0 ports, skipped 0 ports
Already Isolated 0 ports, Deleted 0 existing Isolation cells 
Information: 123 out of 128 LGL-050 messages were not printed due to limit 5 (after 'compile_fusion' at task3_base.tcl:43) (MSG-3913)

Compile-fusion optimization Phase 20 Iter  1         0.00        0.00      0.00         0        914.64   282167.69        1206              0.04      1622
Corner Scaling is off, multiplier is 1.000000
Corner Scaling is off, multiplier is 1.000000
Using default layer M4
new cutoff lpd: 3.06118e-07
corner scaling: maxCornerId = 3
corner=Fast, tran factor=0.837270 (0.028178 / 0.033655)
corner=Typical, tran factor=0.944434 (0.031785 / 0.033655)
corner=Slow, tran factor=1.000000 (0.033655 / 0.033655)
bmap: stepx = stepy = 30000
creating bmap
DB units per micron : 10000
INFO: New Levelizer turned on
Compile-fusion optimization Phase 20 Iter  2         0.00        0.00      0.00         0        914.64   282167.69        1206              0.04      1622

CCL: Total Usage Adjustment : 1
INFO: Derive row count 14 from GR congestion map (59/4)
INFO: Derive col count 15 from GR congestion map (60/4)
Convert timing mode ...
Compile-fusion optimization Phase 21 Iter  1         0.00        0.00      0.00         0        914.64   282167.69        1206              0.04      1622
Number of Site types in the design = 1
INFO: Skipping activation of hold scenarios prior to CUS.
CCD app option: ccd.targeted_ccd_path_groups:  **clock_gating_default**
Target path group: scenario Normal_Fast pathgroup **clock_gating_default**
Target path group: scenario Normal_Slow pathgroup **clock_gating_default**
Target path group: scenario Normal_Typical pathgroup **clock_gating_default**
Target path group: scenario PowerSave_Fast pathgroup **clock_gating_default**
Target path group: scenario PowerSave_Slow pathgroup **clock_gating_default**
Target path group: scenario PowerSave_Typical pathgroup **clock_gating_default**
Information: CCD will use corner Slow for honoring max prepone/postpone limits

Summary of messages during CTS:
===============================================================
  Tag   Count  Type           Description
---------------------------------------------------------------
 No error or warning message.
Warning: No clock routing rules were specified. Use set_clock_routing_rules to specify routing rules for accurate clock latency estimation. (OPT-902)
Warning: No clock routing rules were specified. Use set_clock_routing_rules to specify routing rules for accurate clock latency estimation. (OPT-902)
Information: Estimating clock gate latencies for scenario 'PowerSave_Typical'. (OPT-909)
Warning: No clock routing rules were specified. Use set_clock_routing_rules to specify routing rules for accurate clock latency estimation. (OPT-902)
Information: Estimating clock gate latencies for scenario 'PowerSave_Slow'. (OPT-909)
Warning: No clock routing rules were specified. Use set_clock_routing_rules to specify routing rules for accurate clock latency estimation. (OPT-902)
Information: Estimating clock gate latencies for scenario 'Normal_Typical'. (OPT-909)
Warning: No clock routing rules were specified. Use set_clock_routing_rules to specify routing rules for accurate clock latency estimation. (OPT-902)
Information: Estimating clock gate latencies for scenario 'Normal_Slow'. (OPT-909)
Warning: No clock routing rules were specified. Use set_clock_routing_rules to specify routing rules for accurate clock latency estimation. (OPT-902)
Information: Estimating clock gate latencies for scenario 'Normal_Fast'. (OPT-909)
INFO: Skipping deactivation of hold scenarios after CUS.
Number of Site types in the design = 1
Compile-fusion optimization Phase 21 Iter  2         0.00        0.00      0.00         0        914.64   282167.69        1206              0.04      1622
Compile-fusion optimization Phase 21 Iter  3         0.00        0.00      0.00         0        914.64   282167.69        1206              0.04      1622
Compile-fusion optimization Phase 21 Iter  4         0.00        0.00      0.00         0        914.64   282167.69        1206              0.04      1622
Compile-fusion optimization Phase 21 Iter  5         0.00        0.00      0.00         0        914.64   282167.69        1206              0.04      1622
Warning: No clock routing rules were specified. Use set_clock_routing_rules to specify routing rules for accurate clock latency estimation. (OPT-902)
Warning: No clock routing rules were specified. Use set_clock_routing_rules to specify routing rules for accurate clock latency estimation. (OPT-902)
Information: Estimating clock gate latencies for scenario 'PowerSave_Typical'. (OPT-909)
Warning: No clock routing rules were specified. Use set_clock_routing_rules to specify routing rules for accurate clock latency estimation. (OPT-902)
Information: Estimating clock gate latencies for scenario 'PowerSave_Slow'. (OPT-909)
Warning: No clock routing rules were specified. Use set_clock_routing_rules to specify routing rules for accurate clock latency estimation. (OPT-902)
Information: Estimating clock gate latencies for scenario 'PowerSave_Fast'. (OPT-909)
Warning: No clock routing rules were specified. Use set_clock_routing_rules to specify routing rules for accurate clock latency estimation. (OPT-902)
Information: Estimating clock gate latencies for scenario 'Normal_Typical'. (OPT-909)
Warning: No clock routing rules were specified. Use set_clock_routing_rules to specify routing rules for accurate clock latency estimation. (OPT-902)
Information: Estimating clock gate latencies for scenario 'Normal_Slow'. (OPT-909)
Warning: No clock routing rules were specified. Use set_clock_routing_rules to specify routing rules for accurate clock latency estimation. (OPT-902)
Information: Estimating clock gate latencies for scenario 'Normal_Fast'. (OPT-909)
Number of Site types in the design = 1
INFO: Skipping activation of hold scenarios prior to CUS.
CCD app option: ccd.targeted_ccd_path_groups:  **clock_gating_default**
Target path group: scenario Normal_Fast pathgroup **clock_gating_default**
Target path group: scenario Normal_Slow pathgroup **clock_gating_default**
Target path group: scenario Normal_Typical pathgroup **clock_gating_default**
Target path group: scenario PowerSave_Fast pathgroup **clock_gating_default**
Target path group: scenario PowerSave_Slow pathgroup **clock_gating_default**
Target path group: scenario PowerSave_Typical pathgroup **clock_gating_default**
Information: CCD will use corner Slow for honoring max prepone/postpone limits

Summary of messages during CTS:
===============================================================
  Tag   Count  Type           Description
---------------------------------------------------------------
 No error or warning message.
Warning: No clock routing rules were specified. Use set_clock_routing_rules to specify routing rules for accurate clock latency estimation. (OPT-902)
Warning: No clock routing rules were specified. Use set_clock_routing_rules to specify routing rules for accurate clock latency estimation. (OPT-902)
Information: Estimating clock gate latencies for scenario 'PowerSave_Typical'. (OPT-909)
Warning: No clock routing rules were specified. Use set_clock_routing_rules to specify routing rules for accurate clock latency estimation. (OPT-902)
Information: Estimating clock gate latencies for scenario 'PowerSave_Slow'. (OPT-909)
Warning: No clock routing rules were specified. Use set_clock_routing_rules to specify routing rules for accurate clock latency estimation. (OPT-902)
Information: Estimating clock gate latencies for scenario 'Normal_Typical'. (OPT-909)
Warning: No clock routing rules were specified. Use set_clock_routing_rules to specify routing rules for accurate clock latency estimation. (OPT-902)
Information: Estimating clock gate latencies for scenario 'Normal_Slow'. (OPT-909)
Warning: No clock routing rules were specified. Use set_clock_routing_rules to specify routing rules for accurate clock latency estimation. (OPT-902)
Information: Estimating clock gate latencies for scenario 'Normal_Fast'. (OPT-909)
INFO: Skipping deactivation of hold scenarios after CUS.
Number of Site types in the design = 1
Compile-fusion optimization Phase 21 Iter  6         0.00        0.00      0.00         0        914.64   282167.69        1206              0.04      1622
Corner Scaling is off, multiplier is 1.000000
Using default layer M4
new cutoff lpd: 3.06118e-07
corner scaling: maxCornerId = 3
corner=Fast, tran factor=0.837270 (0.028178 / 0.033655)
corner=Typical, tran factor=0.944434 (0.031785 / 0.033655)
corner=Slow, tran factor=1.000000 (0.033655 / 0.033655)
bmap: stepx = stepy = 30000
creating bmap
DB units per micron : 10000
Compile-fusion optimization Phase 21 Iter  7         0.00        0.00      0.00         0        914.64   282167.69        1206              0.04      1622
Compile-fusion optimization Phase 21 Iter  8         0.00        0.00      0.00         0        914.64   282167.69        1206              0.04      1622
Compile-fusion optimization Phase 21 Iter  9         0.00        0.00      0.00         0        914.64   282167.69        1206              0.04      1622
Compile-fusion optimization Phase 21 Iter 10         0.00        0.00      0.00         0        914.64   282167.69        1206              0.04      1622
Compile-fusion optimization Phase 21 Iter 11         0.00        0.00      0.00         0        914.64   282167.69        1206              0.04      1622

Compile-fusion optimization Phase 22 Iter  1         0.00        0.00      0.00         0        914.64   282167.69        1206              0.04      1622

CCL: Total Usage Adjustment : 1
INFO: Derive row count 14 from GR congestion map (59/4)
INFO: Derive col count 15 from GR congestion map (60/4)
Convert timing mode ...
Compile-fusion optimization Phase 23 Iter  1         0.00        0.00      0.00         0        914.64   282167.69        1206              0.04      1622

Disable clock slack update for ideal clocks
Compile-fusion optimization Phase 24 Iter  1         0.00        0.00      0.00         0        914.64   282167.69        1206              0.04      1622
INFO: cellmap features:  adv-rules=(N), pdc=(N), clock-rules=(Y)

Compile-fusion optimization summary            SETUP-COST    R2R-COST HOLD-COST LDRC-COST          AREA     LEAKAGE     INSTCNT            ELAPSE       MEM
Compile-fusion optimization Phase 25 Iter  1         0.00        0.00      0.00         0        914.64   282167.69        1206              0.04      1622
CCL: Total Usage Adjustment : 1
INFO: Derive row count 14 from GR congestion map (59/4)
INFO: Derive col count 15 from GR congestion map (60/4)
Convert timing mode ...
INFO: New Levelizer turned on
Layer Demotion Info:
Bin                       OptDist       MinLen      BeforeCount       AfterCount        Diff
-----------------------------------------------------------------------------------------
None                         82.8          0.0             1636             1636           0
M4                           92.4          8.3                0                0           0
-----------------------------------------------------------------------------------------
Total Demoted Nets:             0


Compile-fusion optimization Phase 26 Iter  1         0.00        0.00      0.00         0        914.64   282167.69        1206              0.04      1622

Compile-fusion optimization Phase 27 Iter  1         0.00        0.00      0.00         0        914.64   282167.69        1206              0.04      1622
INFO: New Levelizer turned on
Compile-fusion optimization Phase 27 Iter  2         0.00        0.00      0.00         0        914.55   281967.28        1206              0.04      1622
INFO: New Levelizer turned on

Disable clock slack update for ideal clocks
Compile-fusion optimization Phase 28 Iter  1         0.00        0.00      0.00         0        913.89   281746.53        1206              0.04      1622
INFO: cellmap features:  adv-rules=(N), pdc=(N), clock-rules=(Y)

Compile-fusion optimization Phase 29 Iter  1         0.00        0.00      0.00         0        913.89   281746.53        1206              0.04      1622
ISR-INFO:  Running path margin based recovery (target = 0.0000, multiplier = 0.9000, mode = 0)
INFO: New Levelizer turned on
Knee-Processing :  cumEst: 0.00000242 cumPct:    92.59 estdown: 0.00000019 cumUp:   31 numDown:  160 status= valid
Knee-Processing :  cumEst: 0.00000261 cumPct:    99.90 estdown: 0.00000000 cumUp:   54 numDown:  137 status= valid
Knee-Processing :  cumEst: 0.00000261 cumPct:   100.00 estdown: 0.00000000 cumUp:  867 numDown:    0 status= valid

Disable clock slack update for ideal clocks
INFO:  SEQ DEL WNS is protecting TNS
INFO:  SEQ DEL WNS is protecting TNS
Compile-fusion optimization Phase 30 Iter  1         0.00        0.00      0.00         0        913.89   281552.50        1206              0.04      1622
INFO: cellmap features:  adv-rules=(N), pdc=(N), clock-rules=(Y)

CCL: Total Usage Adjustment : 1
INFO: Derive row count 14 from GR congestion map (59/4)
INFO: Derive col count 15 from GR congestion map (60/4)
Convert timing mode ...
Compile-fusion optimization Phase 31 Iter  1         0.00        0.00      0.00         0        913.89   281552.50        1206              0.04      1622

Compile-fusion optimization Phase 32 Iter  1         0.00        0.00      0.00         0        913.89   281552.50        1206              0.04      1622
INFO: total number of constant pins: 0
INFO: constant pins which are scan-pins: 0
INFO: constant pins that are not scan-pins: 0

Compile-fusion optimization Phase 33 Iter  1         0.00        0.00      0.00         0        913.89   281552.50        1206              0.04      1622

Compile-fusion optimization Phase 34 Iter  1         0.00        0.00      0.00         0        913.89   281552.50        1206              0.04      1622

Information: Ending   compile_fusion / final_opto / Optimization (1) (FLW-8001)
Information: Time: 2025-06-11 00:18:13 / Session:  00:02:33 / Command:  00:02:25 / CPU:  00:07:32 / Memory: 1622 MB (FLW-8100)
Information: CPU Load: 23%, Ram Free: 44 GB, Swap Free: 1 GB, Work Disk Free: 308 GB, Tmp Disk Free: 308 GB (MSG-3995)

Information: Starting compile_fusion / final_opto / Legalization (1) (FLW-8000)
Information: Time: 2025-06-11 00:18:13 / Session:  00:02:33 / Command:  00:02:25 / CPU:  00:07:32 / Memory: 1622 MB (FLW-8100)
Information: CPU Load: 23%, Ram Free: 44 GB, Swap Free: 1 GB, Work Disk Free: 308 GB, Tmp Disk Free: 308 GB (MSG-3995)

START_FUNC : legalize_placement_pre_run_core CPU :    460 s ( 0.13 hr) ELAPSE :    153 s ( 0.04 hr) MEM-PEAK :  1622 Mb
END_FUNC : legalize_placement_pre_run_core CPU :    460 s ( 0.13 hr) ELAPSE :    153 s ( 0.04 hr) MEM-PEAK :  1622 Mb
Compile-fusion optimization Phase 37 Iter  1         0.00        0.00      0.00         0        913.89   281552.50        1206              0.04      1622
nplDplc2Placer::setParam(effort,1)
nplDplc2Placer::setParam(debug,0)
nplDplc2Placer::setParam(site_check,2)
nplDplc2Placer::setParam(app_firm_wgt,0)
Warning: Routing direction of metal layer PO is neither "horizontal" nor "vertical".  PDC checks will not be performed on this layer. (PDC-003)
PDC app_options settings =========
	place.legalize.enable_prerouted_net_check: 1
	place.legalize.num_tracks_for_access_check: 1
	place.legalize.use_eol_spacing_for_access_check: 0
	place.legalize.allow_touch_track_for_access_check: 1
	place.legalize.reduce_conservatism_in_eol_check: 0
	place.legalize.preroute_shape_merge_distance: 0.0
	place.legalize.enable_non_preferred_direction_span_check: 0

Layer M1: cached 0 shapes out of 0 total shapes.
Layer M2: cached 0 shapes out of 0 total shapes.
Cached 0 vias out of 0 total vias.

Legalizing Top Level Design dut_toplevel ... 
Information: Initializing classic cellmap without advanced rules enabled and without PDC enabled
Information: The following app options are used in cellmap
        place.legalize.enable_color_aware_placement : false
        place.legalize.use_nll_query_cm : false
        place.legalize.enable_advanced_legalizer : false
        place.legalize.enable_prerouted_net_check : true
        place.legalize.enable_advanced_prerouted_net_check : false
        place.legalize.always_continue : true
        place.legalize.limit_legality_checks : false
        place.common.pnet_aware_density : 1.0000
        place.common.pnet_aware_min_width : 0.0000
        place.common.pnet_aware_layers : {}
        place.common.use_placement_model : false
        place.common.enable_advanced_placement_model : true
        cts.placement.cell_spacing_rule_style : maximum
Warning: Library cell saed14rvt_ff0p88v125c:SAEDRVT14_ISOFSDPQ_PECO_8.frame is missing supply pins. Its power structure cannot be determined. (LGL-050)
Warning: Library cell saed14rvt_ff0p88v125c:SAEDRVT14_DCAP_PV1ECO_12.frame is missing supply pins. Its power structure cannot be determined. (LGL-050)
Warning: Library cell saed14rvt_c_physical_only:SAEDRVT14_AOLVLUBUFE0_IY2V1_1.frame is missing supply pins. Its power structure cannot be determined. (LGL-050)
Warning: Library cell saed14rvt_c_physical_only:SAEDRVT14_AOLVLUBUFE0_IY2V1_10.frame is missing supply pins. Its power structure cannot be determined. (LGL-050)
Warning: Library cell saed14rvt_c_physical_only:SAEDRVT14_AOLVLUBUFE0_IY2V1_12.frame is missing supply pins. Its power structure cannot be determined. (LGL-050)
Total 0.0586 seconds to build cellmap data
Information: Creating classic rule checker.
Warning: Routing direction of metal layer PO is neither "horizontal" nor "vertical".  PDC checks will not be performed on this layer. (PDC-003)
=====> Processed 70 ref cells (25 fillers) from library

Bounds/Regions In This Design:
        Area    Num Cells  Exclusive Name
 (square um)
     1270.51         1206        Yes DEFAULT_VA

Starting legalizer.
Warning: Exclusive bound 'DEFAULT' has no cells.
Optimizing Exclusive Bound 'DEFAULT_VA' (2/2)
    Done Exclusive Bound 'DEFAULT_VA' (2/2) (0 sec)
Legalization complete (0 total sec)

****************************************
  Report : Placement Attempts
  Site   : unit
****************************************

number of cells:                   1206
number of references:                70
number of site rows:                 59
number of locations attempted:    26157
number of locations failed:           0  (0.0%)

Legality of references at locations:
0 references had failures.

Legality of references in rows:
0 references had row failures.

****************************************
  Report : Cell Displacements
****************************************

number of cells aggregated:        1206 (20583 total sites)
avg row height over cells:        0.600 um
rms cell displacement:            0.000 um ( 0.00 row height)
rms weighted cell displacement:   0.000 um ( 0.00 row height)
max cell displacement:            0.000 um ( 0.00 row height)
avg cell displacement:            0.000 um ( 0.00 row height)
avg weighted cell displacement:   0.000 um ( 0.00 row height)
number of cells moved:                0
number of large displacements:        0
large displacement threshold:     3.000 row height

Displacements of worst 10 cells:
Cell: DP_OP_33_12155_941_J1/U_409 (SAEDRVT14_ADDF_V1_0P5)
  Input location: (10.878,19.2)
  Legal location: (10.878,19.2)
  Displacement:   0.000 um ( 0.00 row height)
Cell: DP_OP_33_12155_941_J1/U_408 (SAEDRVT14_ADDF_V1_0P5)
  Input location: (12.284,16.2)
  Legal location: (12.284,16.2)
  Displacement:   0.000 um ( 0.00 row height)
Cell: DP_OP_33_12155_941_J1/U_407 (SAEDRVT14_ADDF_V1_0P5)
  Input location: (12.58,20.4)
  Legal location: (12.58,20.4)
  Displacement:   0.000 um ( 0.00 row height)
Cell: DP_OP_33_12155_941_J1/U_405 (SAEDRVT14_ADDF_V1_0P5)
  Input location: (12.136,15)
  Legal location: (12.136,15)
  Displacement:   0.000 um ( 0.00 row height)
Cell: DP_OP_33_12155_941_J1/U_398 (SAEDRVT14_ADDF_V1_0P5)
  Input location: (14.208,13.2)
  Legal location: (14.208,13.2)
  Displacement:   0.000 um ( 0.00 row height)
Cell: DP_OP_33_12155_941_J1/U_404 (SAEDRVT14_ADDF_V1_0P5)
  Input location: (12.58,15.6)
  Legal location: (12.58,15.6)
  Displacement:   0.000 um ( 0.00 row height)
Cell: DP_OP_33_12155_941_J1/U_403 (SAEDRVT14_ADDF_V1_0P5)
  Input location: (13.394,17.4)
  Legal location: (13.394,17.4)
  Displacement:   0.000 um ( 0.00 row height)
Cell: DP_OP_33_12155_941_J1/U_401 (SAEDRVT14_ADDF_V1_0P5)
  Input location: (12.506,13.2)
  Legal location: (12.506,13.2)
  Displacement:   0.000 um ( 0.00 row height)
Cell: DP_OP_33_12155_941_J1/U_400 (SAEDRVT14_ADDF_V1_0P5)
  Input location: (13.912,15)
  Legal location: (13.912,15)
  Displacement:   0.000 um ( 0.00 row height)
Cell: DP_OP_33_12155_941_J1/U_410 (SAEDRVT14_ADDF_V1_0P5)
  Input location: (10.878,15.6)
  Legal location: (10.878,15.6)
  Displacement:   0.000 um ( 0.00 row height)

Information: The net parasitics of block dut_toplevel are cleared. (TIM-123)
Information: The stitching and editing of coupling caps is turned OFF for design 'dut_toplevel.dlib:dut_toplevel/mcmm_and_logic_opto_full_general.design'. (TIM-125)
Information: 123 out of 128 LGL-050 messages were not printed due to limit 5 (after 'compile_fusion' at task3_base.tcl:43) (MSG-3913)

Information: Ending   compile_fusion / final_opto / Legalization (1) (FLW-8001)
Information: Time: 2025-06-11 00:18:15 / Session:  00:02:35 / Command:  00:02:27 / CPU:  00:07:35 / Memory: 1622 MB (FLW-8100)
Information: CPU Load: 22%, Ram Free: 44 GB, Swap Free: 1 GB, Work Disk Free: 308 GB, Tmp Disk Free: 308 GB (MSG-3995)

Information: Starting compile_fusion / final_opto / Optimization (2) (FLW-8000)
Information: Time: 2025-06-11 00:18:15 / Session:  00:02:35 / Command:  00:02:27 / CPU:  00:07:35 / Memory: 1622 MB (FLW-8100)
Information: CPU Load: 22%, Ram Free: 44 GB, Swap Free: 1 GB, Work Disk Free: 308 GB, Tmp Disk Free: 308 GB (MSG-3995)
INFO: Enabled CLO at stage after_LGL3.

Warning: Cannot find any max transition constraint on the design. (OPT-070)
INFO: place.legalize.enable_advanced_legalizer not set - need to revert CLO
INFO: First Compile-fusion did not mark run with CLO enabled/disabled property
INFO: Concurrent Legalization and Optimization (CLO) Reverted
Warning: Cannot find any max transition constraint on the design. (OPT-070)

Information: Initializing classic cellmap without advanced rules enabled and without PDC enabled
Information: The following app options are used in cellmap
        place.legalize.enable_color_aware_placement : false
        place.legalize.use_nll_query_cm : false
        place.legalize.enable_advanced_legalizer : false
        place.legalize.enable_prerouted_net_check : true
        place.legalize.enable_advanced_prerouted_net_check : false
        place.legalize.always_continue : true
        place.legalize.limit_legality_checks : false
        place.common.pnet_aware_density : 1.0000
        place.common.pnet_aware_min_width : 0.0000
        place.common.pnet_aware_layers : {}
        place.common.use_placement_model : false
        place.common.enable_advanced_placement_model : true
        cts.placement.cell_spacing_rule_style : maximum
Warning: Library cell saed14rvt_ff0p88v125c:SAEDRVT14_ISOFSDPQ_PECO_8.frame is missing supply pins. Its power structure cannot be determined. (LGL-050)
Warning: Library cell saed14rvt_ff0p88v125c:SAEDRVT14_DCAP_PV1ECO_12.frame is missing supply pins. Its power structure cannot be determined. (LGL-050)
Warning: Library cell saed14rvt_c_physical_only:SAEDRVT14_AOLVLUBUFE0_IY2V1_1.frame is missing supply pins. Its power structure cannot be determined. (LGL-050)
Warning: Library cell saed14rvt_c_physical_only:SAEDRVT14_AOLVLUBUFE0_IY2V1_10.frame is missing supply pins. Its power structure cannot be determined. (LGL-050)
Warning: Library cell saed14rvt_c_physical_only:SAEDRVT14_AOLVLUBUFE0_IY2V1_12.frame is missing supply pins. Its power structure cannot be determined. (LGL-050)
Total 0.0573 seconds to build cellmap data
INFO: creating 20(r) x 20(c) GridCells YDim 1.8 XDim 1.8
INFO: number of GridCells (0xc05c7ce0): 400
INFO: creating 20(r) x 20(c) GridCells YDim 1.8 XDim 1.8
INFO: number of GridCells (0xc05c7ce0): 400
Total 0.0130 seconds to load 1206 cell instances into cellmap
Moveable cells: 1206; Application fixed cells: 0; Macro cells: 0; User fixed cells: 0
Average cell width 1.2630, cell height 0.6000, cell area 0.7578 for total 1206 placed and application fixed cells
Compile-fusion optimization Phase 41 Iter  1         0.00        0.00      0.00         0        913.89   281552.50        1206              0.04      1622
CCL: Total Usage Adjustment : 1
INFO: Derive row count 14 from GR congestion map (59/4)
INFO: Derive col count 15 from GR congestion map (60/4)
Convert timing mode ...
INFO: New Levelizer turned on
Layer Demotion Info:
Bin                       OptDist       MinLen      BeforeCount       AfterCount        Diff
-----------------------------------------------------------------------------------------
None                         82.8          0.0             1636             1636           0
M4                           92.4          8.3                0                0           0
-----------------------------------------------------------------------------------------
Total Demoted Nets:             0

Information: 123 out of 128 LGL-050 messages were not printed due to limit 5 (after 'compile_fusion' at task3_base.tcl:43) (MSG-3913)

CCL: Total Usage Adjustment : 1
INFO: Derive row count 14 from GR congestion map (59/4)
INFO: Derive col count 15 from GR congestion map (60/4)
Convert timing mode ...
Compile-fusion optimization Phase 42 Iter  1         0.00        0.00      0.00         0        913.89   281552.50        1206              0.04      1622
Compile-fusion optimization Phase 42 Iter  2         0.00        0.00      0.00         0        913.89   281552.50        1206              0.04      1622
Compile-fusion optimization Phase 42 Iter  3         0.00        0.00      0.00         0        913.89   281552.50        1206              0.04      1622
Corner Scaling is off, multiplier is 1.000000
Using default layer M4
new cutoff lpd: 3.06118e-07
corner scaling: maxCornerId = 3
corner=Fast, tran factor=0.837270 (0.028178 / 0.033655)
corner=Typical, tran factor=0.944434 (0.031785 / 0.033655)
corner=Slow, tran factor=1.000000 (0.033655 / 0.033655)
bmap: stepx = stepy = 30000
creating bmap
DB units per micron : 10000
Compile-fusion optimization Phase 42 Iter  4         0.00        0.00      0.00         0        913.89   281552.50        1206              0.04      1622
Compile-fusion optimization Phase 42 Iter  5         0.00        0.00      0.00         0        913.89   281552.50        1206              0.04      1622

Compile-fusion optimization Phase 43 Iter  1         0.00        0.00      0.00         0        913.89   281552.50        1206              0.04      1622

Compile-fusion optimization Phase 44 Iter  1         0.00        0.00      0.00         0        913.89   281552.50        1206              0.04      1622
Corner Scaling is off, multiplier is 1.000000
Corner Scaling is off, multiplier is 1.000000
Using default layer M4
new cutoff lpd: 3.06118e-07
corner scaling: maxCornerId = 3
corner=Fast, tran factor=0.837270 (0.028178 / 0.033655)
corner=Typical, tran factor=0.944434 (0.031785 / 0.033655)
corner=Slow, tran factor=1.000000 (0.033655 / 0.033655)
bmap: stepx = stepy = 30000
creating bmap
DB units per micron : 10000
INFO: New Levelizer turned on
Compile-fusion optimization Phase 44 Iter  2         0.00        0.00      0.00         0        913.89   281552.50        1206              0.04      1622

Information: Ending   compile_fusion / final_opto / Optimization (2) (FLW-8001)
Information: Time: 2025-06-11 00:18:16 / Session:  00:02:36 / Command:  00:02:28 / CPU:  00:07:37 / Memory: 1622 MB (FLW-8100)
Information: CPU Load: 22%, Ram Free: 44 GB, Swap Free: 1 GB, Work Disk Free: 308 GB, Tmp Disk Free: 308 GB (MSG-3995)

Information: Starting compile_fusion / final_opto / Legalization (2) (FLW-8000)
Information: Time: 2025-06-11 00:18:16 / Session:  00:02:36 / Command:  00:02:28 / CPU:  00:07:38 / Memory: 1622 MB (FLW-8100)
Information: CPU Load: 22%, Ram Free: 44 GB, Swap Free: 1 GB, Work Disk Free: 308 GB, Tmp Disk Free: 308 GB (MSG-3995)

START_FUNC : legalize_placement_pre_run_core CPU :    466 s ( 0.13 hr) ELAPSE :    156 s ( 0.04 hr) MEM-PEAK :  1622 Mb
END_FUNC : legalize_placement_pre_run_core CPU :    466 s ( 0.13 hr) ELAPSE :    156 s ( 0.04 hr) MEM-PEAK :  1622 Mb
Compile-fusion optimization Phase 47 Iter  1         0.00        0.00      0.00         0        913.89   281552.50        1206              0.04      1622
nplDplc2Placer::setParam(effort,1)
nplDplc2Placer::setParam(debug,0)
nplDplc2Placer::setParam(site_check,2)
nplDplc2Placer::setParam(app_firm_wgt,0)
Warning: Routing direction of metal layer PO is neither "horizontal" nor "vertical".  PDC checks will not be performed on this layer. (PDC-003)
PDC app_options settings =========
	place.legalize.enable_prerouted_net_check: 1
	place.legalize.num_tracks_for_access_check: 1
	place.legalize.use_eol_spacing_for_access_check: 0
	place.legalize.allow_touch_track_for_access_check: 1
	place.legalize.reduce_conservatism_in_eol_check: 0
	place.legalize.preroute_shape_merge_distance: 0.0
	place.legalize.enable_non_preferred_direction_span_check: 0

Layer M1: cached 0 shapes out of 0 total shapes.
Layer M2: cached 0 shapes out of 0 total shapes.
Cached 0 vias out of 0 total vias.

Legalizing Top Level Design dut_toplevel ... 
Information: Initializing classic cellmap without advanced rules enabled and without PDC enabled
Information: The following app options are used in cellmap
        place.legalize.enable_color_aware_placement : false
        place.legalize.use_nll_query_cm : false
        place.legalize.enable_advanced_legalizer : false
        place.legalize.enable_prerouted_net_check : true
        place.legalize.enable_advanced_prerouted_net_check : false
        place.legalize.always_continue : true
        place.legalize.limit_legality_checks : false
        place.common.pnet_aware_density : 1.0000
        place.common.pnet_aware_min_width : 0.0000
        place.common.pnet_aware_layers : {}
        place.common.use_placement_model : false
        place.common.enable_advanced_placement_model : true
        cts.placement.cell_spacing_rule_style : maximum
Warning: Library cell saed14rvt_ff0p88v125c:SAEDRVT14_ISOFSDPQ_PECO_8.frame is missing supply pins. Its power structure cannot be determined. (LGL-050)
Warning: Library cell saed14rvt_ff0p88v125c:SAEDRVT14_DCAP_PV1ECO_12.frame is missing supply pins. Its power structure cannot be determined. (LGL-050)
Warning: Library cell saed14rvt_c_physical_only:SAEDRVT14_AOLVLUBUFE0_IY2V1_1.frame is missing supply pins. Its power structure cannot be determined. (LGL-050)
Warning: Library cell saed14rvt_c_physical_only:SAEDRVT14_AOLVLUBUFE0_IY2V1_10.frame is missing supply pins. Its power structure cannot be determined. (LGL-050)
Warning: Library cell saed14rvt_c_physical_only:SAEDRVT14_AOLVLUBUFE0_IY2V1_12.frame is missing supply pins. Its power structure cannot be determined. (LGL-050)
Total 0.0577 seconds to build cellmap data
Information: Creating classic rule checker.
Warning: Routing direction of metal layer PO is neither "horizontal" nor "vertical".  PDC checks will not be performed on this layer. (PDC-003)
=====> Processed 70 ref cells (25 fillers) from library

Bounds/Regions In This Design:
        Area    Num Cells  Exclusive Name
 (square um)
     1270.51         1206        Yes DEFAULT_VA

Starting legalizer.
Warning: Exclusive bound 'DEFAULT' has no cells.
Optimizing Exclusive Bound 'DEFAULT_VA' (2/2)
    Done Exclusive Bound 'DEFAULT_VA' (2/2) (0 sec)
Legalization complete (0 total sec)

****************************************
  Report : Placement Attempts
  Site   : unit
****************************************

number of cells:                   1206
number of references:                70
number of site rows:                 59
number of locations attempted:    26157
number of locations failed:           0  (0.0%)

Legality of references at locations:
0 references had failures.

Legality of references in rows:
0 references had row failures.

****************************************
  Report : Cell Displacements
****************************************

number of cells aggregated:        1206 (20583 total sites)
avg row height over cells:        0.600 um
rms cell displacement:            0.000 um ( 0.00 row height)
rms weighted cell displacement:   0.000 um ( 0.00 row height)
max cell displacement:            0.000 um ( 0.00 row height)
avg cell displacement:            0.000 um ( 0.00 row height)
avg weighted cell displacement:   0.000 um ( 0.00 row height)
number of cells moved:                0
number of large displacements:        0
large displacement threshold:     3.000 row height

Displacements of worst 10 cells:
Cell: DP_OP_33_12155_941_J1/U_409 (SAEDRVT14_ADDF_V1_0P5)
  Input location: (10.878,19.2)
  Legal location: (10.878,19.2)
  Displacement:   0.000 um ( 0.00 row height)
Cell: DP_OP_33_12155_941_J1/U_408 (SAEDRVT14_ADDF_V1_0P5)
  Input location: (12.284,16.2)
  Legal location: (12.284,16.2)
  Displacement:   0.000 um ( 0.00 row height)
Cell: DP_OP_33_12155_941_J1/U_407 (SAEDRVT14_ADDF_V1_0P5)
  Input location: (12.58,20.4)
  Legal location: (12.58,20.4)
  Displacement:   0.000 um ( 0.00 row height)
Cell: DP_OP_33_12155_941_J1/U_405 (SAEDRVT14_ADDF_V1_0P5)
  Input location: (12.136,15)
  Legal location: (12.136,15)
  Displacement:   0.000 um ( 0.00 row height)
Cell: DP_OP_33_12155_941_J1/U_398 (SAEDRVT14_ADDF_V1_0P5)
  Input location: (14.208,13.2)
  Legal location: (14.208,13.2)
  Displacement:   0.000 um ( 0.00 row height)
Cell: DP_OP_33_12155_941_J1/U_404 (SAEDRVT14_ADDF_V1_0P5)
  Input location: (12.58,15.6)
  Legal location: (12.58,15.6)
  Displacement:   0.000 um ( 0.00 row height)
Cell: DP_OP_33_12155_941_J1/U_403 (SAEDRVT14_ADDF_V1_0P5)
  Input location: (13.394,17.4)
  Legal location: (13.394,17.4)
  Displacement:   0.000 um ( 0.00 row height)
Cell: DP_OP_33_12155_941_J1/U_401 (SAEDRVT14_ADDF_V1_0P5)
  Input location: (12.506,13.2)
  Legal location: (12.506,13.2)
  Displacement:   0.000 um ( 0.00 row height)
Cell: DP_OP_33_12155_941_J1/U_400 (SAEDRVT14_ADDF_V1_0P5)
  Input location: (13.912,15)
  Legal location: (13.912,15)
  Displacement:   0.000 um ( 0.00 row height)
Cell: DP_OP_33_12155_941_J1/U_410 (SAEDRVT14_ADDF_V1_0P5)
  Input location: (10.878,15.6)
  Legal location: (10.878,15.6)
  Displacement:   0.000 um ( 0.00 row height)

Information: The net parasitics of block dut_toplevel are cleared. (TIM-123)
Information: The stitching and editing of coupling caps is turned OFF for design 'dut_toplevel.dlib:dut_toplevel/mcmm_and_logic_opto_full_general.design'. (TIM-125)
Information: 123 out of 128 LGL-050 messages were not printed due to limit 5 (after 'compile_fusion' at task3_base.tcl:43) (MSG-3913)

Information: Ending   compile_fusion / final_opto / Legalization (2) (FLW-8001)
Information: Time: 2025-06-11 00:18:17 / Session:  00:02:37 / Command:  00:02:30 / CPU:  00:07:40 / Memory: 1622 MB (FLW-8100)
Information: CPU Load: 22%, Ram Free: 44 GB, Swap Free: 1 GB, Work Disk Free: 308 GB, Tmp Disk Free: 308 GB (MSG-3995)
INFO: Enabled CLO at stage after_LGL4.

Warning: Cannot find any max transition constraint on the design. (OPT-070)
INFO: place.legalize.enable_advanced_legalizer not set - need to revert CLO
INFO: First Compile-fusion did not mark run with CLO enabled/disabled property
INFO: Concurrent Legalization and Optimization (CLO) Reverted
Warning: Cannot find any max transition constraint on the design. (OPT-070)

Information: Initializing classic cellmap without advanced rules enabled and without PDC enabled
Information: The following app options are used in cellmap
        place.legalize.enable_color_aware_placement : false
        place.legalize.use_nll_query_cm : false
        place.legalize.enable_advanced_legalizer : false
        place.legalize.enable_prerouted_net_check : true
        place.legalize.enable_advanced_prerouted_net_check : false
        place.legalize.always_continue : true
        place.legalize.limit_legality_checks : false
        place.common.pnet_aware_density : 1.0000
        place.common.pnet_aware_min_width : 0.0000
        place.common.pnet_aware_layers : {}
        place.common.use_placement_model : false
        place.common.enable_advanced_placement_model : true
        cts.placement.cell_spacing_rule_style : maximum
Warning: Library cell saed14rvt_ff0p88v125c:SAEDRVT14_ISOFSDPQ_PECO_8.frame is missing supply pins. Its power structure cannot be determined. (LGL-050)
Warning: Library cell saed14rvt_ff0p88v125c:SAEDRVT14_DCAP_PV1ECO_12.frame is missing supply pins. Its power structure cannot be determined. (LGL-050)
Warning: Library cell saed14rvt_c_physical_only:SAEDRVT14_AOLVLUBUFE0_IY2V1_1.frame is missing supply pins. Its power structure cannot be determined. (LGL-050)
Warning: Library cell saed14rvt_c_physical_only:SAEDRVT14_AOLVLUBUFE0_IY2V1_10.frame is missing supply pins. Its power structure cannot be determined. (LGL-050)
Warning: Library cell saed14rvt_c_physical_only:SAEDRVT14_AOLVLUBUFE0_IY2V1_12.frame is missing supply pins. Its power structure cannot be determined. (LGL-050)
Total 0.0574 seconds to build cellmap data
INFO: creating 20(r) x 20(c) GridCells YDim 1.8 XDim 1.8
INFO: number of GridCells (0xbff7a348): 400
INFO: creating 20(r) x 20(c) GridCells YDim 1.8 XDim 1.8
INFO: number of GridCells (0xbff7a348): 400
Total 0.0133 seconds to load 1206 cell instances into cellmap
Moveable cells: 1206; Application fixed cells: 0; Macro cells: 0; User fixed cells: 0
Average cell width 1.2630, cell height 0.6000, cell area 0.7578 for total 1206 placed and application fixed cells
Compile-fusion optimization Phase 50 Iter  1         0.00        0.00      0.00         0        913.89   281552.50        1206              0.04      1622
Information: 123 out of 128 LGL-050 messages were not printed due to limit 5 (after 'compile_fusion' at task3_base.tcl:43) (MSG-3913)

Compile-fusion optimization Phase 51 Iter  1         0.00        0.00      0.00         0        913.89   281552.50        1206              0.04      1622

Information: Ending   compile_fusion / final_opto (FLW-8001)
Information: Time: 2025-06-11 00:18:18 / Session:  00:02:38 / Command:  00:02:30 / CPU:  00:07:41 / Memory: 1622 MB (FLW-8100)
Information: CPU Load: 22%, Ram Free: 44 GB, Swap Free: 1 GB, Work Disk Free: 308 GB, Tmp Disk Free: 308 GB (MSG-3995)

Information: >>>>>>> 6 unique error and warning message tags while observing compile_fusion / final_opto: (MSG-3100)
Information: #prnt #trgr #lmt    Tag  Level     Format (or last printed message)                                (MSG-3036)
Information:    25     5  0 ZRT-026   WARNING   Warning: Layer MRDL default pitch 4.000 may be too small to ... (MSG-3032)
Information:     6     4  0 PDC-003   WARNING   Warning: Routing direction of metal layer PO is neither "hor... (MSG-3032)
Information:    30    10  0 ZRT-720   WARNING   Warning: Port  VDD at {{33.702,31.153} {35.932,31.247}} is o... (MSG-3032)
Information:    16     6  0 OPT-070   WARNING   Warning: Cannot find any max transition constraint on the de... (MSG-3032)
Information:   135     8  0 OPT-902   WARNING   Warning: No clock routing rules were specified. Use set_cloc... (MSG-3032)
Information:    80    30  5 LGL-050   WARNING   Warning: Library cell saed14rvt_c_physical_only:SAEDRVT14_AO... (MSG-3032)
Information:   292    63  1        6  <------   Total sum of messages (MSG-3038)
Information: >>>>>>> Summary: 63 error&warning MSGs observed during compile_fusion / final_opto (MSG-3103)

Scenario Normal_Typical is cellEm
Scenario PowerSave_Typical is cellEm
Info: update em.
Information: Activity propagation will be performed for scenario Normal_Fast.
Information: Doing activity propagation for mode 'Normal' and corner 'Fast' with effort level 'medium'. (POW-024)
Information: Timer-derived activity data is cached on scenario Normal_Fast (POW-052)
Information: Running switching activity propagation with 12 threads!

 **** Information : No. of simulation cycles = 6 ****
Information: Propagated activity on scenario Normal_Slow identical to that on Normal_Fast (POW-006)
Information: Propagated activity on scenario Normal_Typical identical to that on Normal_Fast (POW-006)
Information: Activity propagation will be performed for scenario PowerSave_Fast.
Information: Doing activity propagation for mode 'PowerSave' and corner 'Fast' with effort level 'medium'. (POW-024)
Information: Timer-derived activity data is cached on scenario PowerSave_Fast (POW-052)
Information: Running switching activity propagation with 12 threads!

 **** Information : No. of simulation cycles = 6 ****
Information: Propagated activity on scenario PowerSave_Slow identical to that on PowerSave_Fast (POW-006)
Information: Propagated activity on scenario PowerSave_Typical identical to that on PowerSave_Fast (POW-006)
Information: Activity for scenario Normal_Fast was cached, no propagation required. (POW-005)
Information: Activity for scenario Normal_Slow was cached, no propagation required. (POW-005)
Information: Activity for scenario Normal_Typical was cached, no propagation required. (POW-005)
Information: Activity for scenario PowerSave_Fast was cached, no propagation required. (POW-005)
Information: Activity for scenario PowerSave_Slow was cached, no propagation required. (POW-005)
Information: Activity for scenario PowerSave_Typical was cached, no propagation required. (POW-005)
CTS Cell EM initialization finished
Scenario Normal_Typical is cellEm
Scenario PowerSave_Typical is cellEm
Info: update em.
Information: Activity for scenario Normal_Fast was cached, no propagation required. (POW-005)
Information: Activity for scenario Normal_Slow was cached, no propagation required. (POW-005)
Information: Activity for scenario Normal_Typical was cached, no propagation required. (POW-005)
Information: Activity for scenario PowerSave_Fast was cached, no propagation required. (POW-005)
CTS Cell EM initialization finished
Warning: No clock routing rules were specified. Use set_clock_routing_rules to specify routing rules for accurate clock latency estimation. (OPT-902)
Warning: No clock routing rules were specified. Use set_clock_routing_rules to specify routing rules for accurate clock latency estimation. (OPT-902)
Information: Estimating clock gate latencies for scenario 'PowerSave_Typical'. (OPT-909)
Warning: No clock routing rules were specified. Use set_clock_routing_rules to specify routing rules for accurate clock latency estimation. (OPT-902)
Information: Estimating clock gate latencies for scenario 'PowerSave_Slow'. (OPT-909)
Warning: No clock routing rules were specified. Use set_clock_routing_rules to specify routing rules for accurate clock latency estimation. (OPT-902)
Information: Estimating clock gate latencies for scenario 'PowerSave_Fast'. (OPT-909)
Warning: No clock routing rules were specified. Use set_clock_routing_rules to specify routing rules for accurate clock latency estimation. (OPT-902)
Information: Estimating clock gate latencies for scenario 'Normal_Typical'. (OPT-909)
Warning: No clock routing rules were specified. Use set_clock_routing_rules to specify routing rules for accurate clock latency estimation. (OPT-902)
Information: Estimating clock gate latencies for scenario 'Normal_Slow'. (OPT-909)
Warning: No clock routing rules were specified. Use set_clock_routing_rules to specify routing rules for accurate clock latency estimation. (OPT-902)
Information: Estimating clock gate latencies for scenario 'Normal_Fast'. (OPT-909)
Number of Site types in the design = 1
Setting up Chip Core
Chip Core shape: (0 0) (358900 354000)
Number of VARs = 1
Number of unique PDs = 1
Number of Power Domains = 1
Number of Voltage Areas = 1
Number of supply Nets = 2
Number of used supplies = 0
Blocked VAs: 
INFO: Running FTB cleanup in end of npo flow.
Enable dominated scenarios

Compile-fusion optimization complete                 0.00        0.00      0.00         0        913.89   281552.50        1206              0.04      1622
[Tim-Power] Info: Cleared Leakage libCell cache.
Co-efficient Ratio Summary:
4.193421605319  6.578038173994  2.479639287431  7.744187640401  0.485050000353  3.179565833784  5.567214754587  2.894454387461  6.565921217863  9.017937505874  3.122951568683  9.863420963852  6.078243564085  2.744209541123  8.318116204907  9.699225026083
2.464623950228  1.382370221480  9.387184029873  3.142429506669  0.968752789964  6.613180723294  4.146578793224  7.876358918112  2.191135103696  0.963734141094  2.728429101531  3.840441428441  3.750326653169  7.663459042299  6.212202767950  7.759678473967
7.862243056971  0.402387977314  0.032845095051  0.596111612371  4.701287396892  7.205135512169  8.278351398268  1.183725190997  3.334436408244  5.867609731622  7.191175043014  9.669800353762  7.591507947087  7.632107593266  7.679079663326  9.831314288630
1.878805817182  3.230072343793  1.226270037580  7.050450594780  2.403928173631  6.139852544054  4.100210066110  1.274718589655  4.570746653063  5.624878808820  7.844138911328  4.759124872264  5.409147526377  2.609824852834  0.626143138674  6.381676652919
9.187474022659  0.513656796885  5.027570618726  6.119813546103  6.181472312107  1.581675365776  7.486041822107  9.584562469756  2.041727387119  3.921160867338  0.678694340095  9.472449366400  3.368504994994  4.897112749020  6.860140844452  2.000104051691
9.095345907689  2.197041709512  0.915900067443  5.466092308426  8.142690055883  4.607193265224  8.244463794567  3.504870705451  1.682716012888  7.173433718510  9.957778466023  3.617843136684  8.946892237652  1.169960732707  4.529947256262  3.090979409795
5.580726136993  1.131397763510  0.721709625254  7.515947417690  0.649322209371  1.017031043513  5.811519666269  5.826730883342  4.349383292435  0.216216918317  9.630358180277  7.311147146105  0.823639741628  0.356162486693  8.022010169284  2.603132585844
5.024802551363  1.359359521353  5.407563451201  2.804123477518  1.265300052200  0.417760313533  1.833872465081  6.448557737188  4.848373112548  2.936801055033  8.699600882975  4.212396770611  9.007747870112  3.308108378452  5.607472709985  8.514743640423
2.764676979434  9.324216938770  1.551199989997  2.300508202625  0.754685030179  1.961421411696  2.781303341418  3.355375155650  9.437909893602  9.136702642545  9.048415966114  9.978462859118  7.467577334047  3.171275921421  9.815921340044  4.331414637138
0.413524984361  3.309910198619  7.452798206103  1.902827924529  5.623407259547  7.269363008696  3.367403103784  7.093641515702  7.411336156476  6.944246976650  5.257771689737  4.802170001383  3.894521063832  4.531611619342  1.605156257803  8.173730247963
9.287277774418  7.540401048505  0.000353317956  5.833784556721  4.754587289445  4.387461656592  1.217863901793  7.505874310467  0.800933986343  9.509851607812  3.982291932170  8.341114295812  5.604027569922  5.026084446462  3.950065738237  0.221226938718
4.029619314242  9.406669096875  2.789964661318  0.723294414657  8.793224787635  8.918112219113  5.103696096373  4.141094270014  8.443881384045  0.064440375020  6.071375424095  8.842280085221  1.167070375967  8.473968986224  3.056718640238  7.977150003284
5.095897059611  1.512371470128  7.396892720513  5.512169827835  1.398268118372  5.190997333443  6.408244586760  9.731622717389  4.385364966981  9.999761759148  7.365293421960  6.393257121908  8.063446583131  4.288631387880  5.817929923007  2.343539122627
0.037326705045  0.494780240392  8.173631613985  2.544054410021  0.066110127471  8.589655457074  6.653063562487  8.808820782685  7.253678475913  3.418263540902  7.944583928632  3.652825426615  2.538794238167  6.652910118747  4.022496651365  6.796621502757
0.618562611981  3.446103618147  2.312107158167  5.365776748604  1.822107958456  2.469756204172  7.387119392116  0.867338065048  8.682345947245  8.902409336848  4.312100147461  1.549011040015  9.244572800010  4.051692109534  5.907680819704  1.709512091590
0.067443546609  2.308426814269  0.055883460719  3.265224824446  3.794567350487  0.705451168271  6.012888717343  3.718510993956  2.708373361785  2.772683894677  2.655726769011  9.532798730403  6.656382909097  9.409796758072  6.136994713139  7.763510072170
9.625254751594  7.417690064932  2.209371101703  1.043513581151  9.666269582673  0.883342434938  3.292435021621  6.918317961214  2.422527731115  6.782104082351  9.169792688731  1.286684180710  9.569304860313  2.585845702480  2.551364735935  9.521353540756
3.451201280412  3.477518126530  0.052200041776  0.313533183387  2.465081644855  7.737188484837  3.112548293680  1.055033867149  4.124225421230  5.316610900762  7.298267580810  7.178443848256  1.109005451474  3.640424476467  6.979435532421  6.938770155119
9.989997230050  8.202625075468  5.030179196142  1.411696278130  3.341418335537  5.155650943790  9.893602913670  2.642545902020  9.208464997847  1.495117746745  7.752192567127  4.721412269001  0.740164033141  4.637139241352  4.984362930991  0.198619745279
8.206103190282  7.924529562340  7.259547726936  3.008696336740  3.103784709364  1.515702741133  6.156476694424  6.976650523956  5.921087480218  9.647382389440  1.481987603161  0.419333448024  5.657923417373  0.247964128727  7.774419354040  1.048505000035
3.317956583378  4.556721475458  7.289445438746  1.656592121786  3.901793750587  4.310467080093  3.986343950985  1.607812396408  5.274420834112  3.831811560490  7.987077752608  3.246453673515  4.138357622122  6.938719602961  9.314243540666  9.096875278996
4.661318072329  4.414657879322  4.787635891811  2.219113510369  6.096373414109  4.270014844388  1.384045006444  0.375020605316  9.766345884229  9.621220116795  0.793012097396  7.786215683180  7.040358397715  0.003285709589  7.059612751237  1.470128739689
2.720513551216  9.827835139826  8.118372519099  7.333443640824  4.586760973162  2.717389438536  4.966981999976  1.759148734708  7.763210639326  6.767907806332  6.901286678863  0.187871869201  8.323127834353  9.122628203732  6.705046649478  0.240392817363
1.613985254405  4.410021006611  0.127471858965  5.457074665306  3.562487880882  0.782685725367  8.475913341826  3.540902792637  7.260982365283  4.062614253867  4.656212815291  9.918738780758  5.051485279662  1.502758261856  2.611982944610  3.618147231210
7.158167536577  6.748604182210  7.958456246975  6.204172738711  9.392116086733  8.065048868234  5.947245890240  9.336848439499  4.489711154902  0.686014924445  2.228165655169  1.909525878277  9.219824770951  2.091591206744  3.546600830842  6.814269005588
3.460719326522  4.824446379456  7.350487070545  1.168271601288  8.717343371851  0.993956270837  3.361785277268  3.894677263765  2.116996953270  7.452994665626  2.327142190979  5.558063991108  3.113259376351  0.072171162525  4.751595341769  0.064932220937
1.101703104351  3.581151966626  9.582673088334  2.434938329243  5.021621691831  7.961214242252  7.731115678210  4.082351914162  8.035616128669  3.802201956928  4.288468408584  4.502471533645  3.135055552135  3.540757545120  1.280413947751  8.126530005220
0.041776031353  3.183387246508  1.644855773718  8.484837311254  8.293680105503  3.867149412422  5.421230531661  0.900762727011  2.330810717845  2.560747110998  5.879529514042  3.276458975452  4.932541293877  0.155110198999  7.230051420262  5.075468503017
9.196142141169  6.278130334141  8.335537515565  0.943790989360  2.913670264254  5.902020920846  4.997847149511  7.746745773404  7.317127472142  1.981592074004  4.451296613713  8.041343776945  1.330011619861  9.745270020610  3.190283392452  9.562340725954
7.726936300869  6.336740310378  4.709364151570  2.741133615647  6.694424697665  0.523956592108  7.480218964738  2.389440146383  2.453161041934  2.160515565780  3.835428274796  3.928718055950  8.754160704850  5.000036531795  6.583379055672  1.475458728944
5.438746165659  2.121786390179  3.750587431046  7.080093398634  3.950985160781  2.396408527442  0.834112383181  1.560490796992  2.502608324646  2.395006413823  7.040277843871  8.402952219933  2.940786509687  5.278997666131  8.072320041465  7.879322478763
5.891811221911  3.510369609637  3.414109427001  4.844388138404  5.006444037502  0.605316976634  5.884229962122  0.116795077596  7.847396778622  4.305671704023  8.715860250328  4.509570083470  1.151357747012  8.739680472051  3.551217582783  5.139826811837
2.519099733344  3.640824458676  0.973162271738  9.438536496698  1.999976175914  8.734708776321  0.639326676790  7.806332698313  1.428863018788  0.581792832300  7.252408162262  7.003723958013  5.049598624039  2.817364361398  5.254406041002  1.006611012747
1.858965545707  4.665306356248  7.880882078268  5.725367847591  3.341826354090  2.792637726098  2.365283406261  4.253867463816  7.665291991874  7.402249505136  5.697717300275  7.061847549607  1.344730961814  7.231211915816  7.536578274860  4.182210795845
6.246975620417  2.738711939211  6.086733806504  8.868234594724  5.890240933684  8.439499448971  1.154902068601  4.924445220001  0.405169190953  4.590768921970  4.198006459159  0.006735632179  9.230962281426  9.005589546071  9.326523082444  6.379456735048
7.070545116827  1.601288871734  3.371851099395  6.270837336178  5.277268389467  7.263765211699  6.953270745299  4.665626230909  7.940979555807  2.613699311313  9.794406257217  0.962516753668  4.741889606493  2.220938310170  3.104352958115  1.966626958267
3.088334243493  8.329243502162  1.691831796121  4.242252773111  5.678210408235  1.914162803561  6.128669380220  1.956928426031  3.258584450248  0.255136313593  5.970280504075  6.345111406550  2.347871412653  0.005221204177  6.031354918338  7.246508164485
5.773718848483  7.311254829368  0.105503386714  9.412422542123  0.531661090076  2.727011233081  0.717845256074  7.110998585147  4.364042327646  7.697943493242  1.611922265511  9.998980001514  0.820382107546  8.503018119614  2.141160227813  0.334141833553
7.515565094379  0.989360291367  0.264254590202  0.920846499784  7.149511774674  5.773404731712  7.472142198159  2.074004443314  1.463713804135  2.498436133099  1.037916124527  9.820601697537  2.792572556234  0.725955972693  6.300860233674  0.310378470936
Information: The net parasitics of block dut_toplevel are cleared. (TIM-123)
Information: The stitching and editing of coupling caps is turned OFF for design 'dut_toplevel.dlib:dut_toplevel/mcmm_and_logic_opto_full_general.design'. (TIM-125)

Compile-fusion final QoR
________________________
Scenario Mapping Table
1: Normal_Fast
2: Normal_Slow
3: Normal_Typical
4: PowerSave_Fast
5: PowerSave_Slow
6: PowerSave_Typical

Pathgroup Mapping Table
1: **default**
2: **async_default**
3: **clock_gating_default**
4: **in2reg_default**
5: **reg2out_default**
6: **in2out_default**
7: clk

-------------------------------------------------------------------------------------------------------------------------------------------------------------
PATHGROUP QOR 
-------------------------------------------------------------------------------------------------------------------------------------------------------------
Scene  PG      WNS        TNS    NSV      WHV        THV    NHV
    1   1        -          -      -   0.0000     0.0000      0
    1   2        -          -      -   0.0000     0.0000      0
    1   3        -          -      -   0.0000     0.0000      0
    1   4        -          -      -   0.0000     0.0000      0
    1   5        -          -      -   0.0000     0.0000      0
    1   6        -          -      -   0.0000     0.0000      0
    1   7        -          -      -   0.0000     0.0000      0
    2   1   0.0000     0.0000      0        -          -      -
    2   2   0.0000     0.0000      0        -          -      -
    2   3   0.0000     0.0000      0        -          -      -
    2   4   0.0000     0.0000      0        -          -      -
    2   5   0.0000     0.0000      0        -          -      -
    2   6   0.0000     0.0000      0        -          -      -
    2   7   0.0000     0.0000      0        -          -      -
    3   1   0.0000     0.0000      0   0.0000     0.0000      0
    3   2   0.0000     0.0000      0   0.0000     0.0000      0
    3   3   0.0000     0.0000      0   0.0000     0.0000      0
    3   4   0.0000     0.0000      0   0.0000     0.0000      0
    3   5   0.0000     0.0000      0   0.0000     0.0000      0
    3   6   0.0000     0.0000      0   0.0000     0.0000      0
    3   7   0.0000     0.0000      0   0.0000     0.0000      0
    4   1        -          -      -   0.0000     0.0000      0
    4   2        -          -      -   0.0000     0.0000      0
    4   3        -          -      -   0.0000     0.0000      0
    4   4        -          -      -   0.0000     0.0000      0
    4   5        -          -      -   0.0000     0.0000      0
    4   6        -          -      -   0.0000     0.0000      0
    4   7        -          -      -   0.0000     0.0000      0
    5   1   0.0000     0.0000      0        -          -      -
    5   2   0.0000     0.0000      0        -          -      -
    5   3   0.0000     0.0000      0        -          -      -
    5   4   0.0000     0.0000      0        -          -      -
    5   5   0.0000     0.0000      0        -          -      -
    5   6   0.0000     0.0000      0        -          -      -
    5   7   0.0000     0.0000      0        -          -      -
    6   1   0.0000     0.0000      0   0.0000     0.0000      0
    6   2   0.0000     0.0000      0   0.0000     0.0000      0
    6   3   0.0000     0.0000      0   0.0000     0.0000      0
    6   4   0.0000     0.0000      0   0.0000     0.0000      0
    6   5   0.0000     0.0000      0   0.0000     0.0000      0
    6   6   0.0000     0.0000      0   0.0000     0.0000      0
    6   7   0.0000     0.0000      0   0.0000     0.0000      0
----------------------------------------------------------------------------------------------------------------------------------------------------------------------
SCENARIO QOR 
----------------------------------------------------------------------------------------------------------------------------------------------------------------------
Scene  PG      WNS        TNS   R2RTNS    NSV      WHV        THV    NHV  MaxTrnV   MaxTranC  MaxCapV    Leakage     CellEMV
    1   *        -          -        -      -   0.0000     0.0000      0        -          -        0          -           0
    2   *   0.0000     0.0000   0.0000      0        -          -      -        0     0.0000        -  15744.494           0
    3   *   0.0000     0.0000   0.0000      0   0.0000     0.0000      0        0     0.0000        0 281552.500           0
    4   *        -          -        -      -   0.0000     0.0000      0        -          -        0          -           0
    5   *   0.0000     0.0000   0.0000      0        -          -      -        0     0.0000        -  15744.494           0
    6   *   0.0000     0.0000   0.0000      0   0.0000     0.0000      0        0     0.0000        0 281552.500           0
----------------------------------------------------------------------------------------------------------------------------------------------------------------------
DESIGN QOR 
----------------------------------------------------------------------------------------------------------------------------------------------------------------------
Scene  PG      WNS        TNS   R2RTNS    NSV      WHV        THV    NHV  MaxTrnV   MaxTranC  MaxCapV    Leakage         Area    InstCnt     BufCnt     InvCnt     CellEMV
    *   *   0.0000     0.0000   0.0000      0   0.0000     0.0000      0        0     0.0000        0 281552.500       913.89       1206         12         16           0
----------------------------------------------------------------------------------------------------------------------------------------------------------------------

Compile-fusion final QoR Summary         WNS        TNS   R2RTNS    NSV      WHV        THV    NHV  MaxTrnV  MaxCapV    Leakage         Area    InstCnt
Compile-fusion final QoR Summary      0.0000     0.0000   0.0000      0   0.0000     0.0000      0        0        0 281552.500       913.89       1206

Compile-fusion command complete                CPU:   492 s (  0.14 hr )  ELAPSE:   163 s (  0.05 hr )  MEM-PEAK:  1622 MB
Compile-fusion command statistics  CPU=102 sec (0.03 hr) ELAPSED=28 sec (0.01 hr) MEM-PEAK=1.584 GB
[Tim-Power] Info: Cleared Leakage libCell cache.
[Tim-Power] Info: Cleared Leakage libCell cache.
Information: 2 out of 12 POW-005 messages were not printed due to limit 10 (after 'compile_fusion' at task3_base.tcl:43) (MSG-3913)
Information: The net parasitics of block dut_toplevel are cleared. (TIM-123)
INFO: End environment monitoring: recipes
INFO: Restored 0 timer status, 8 app options, 0 tcl gvars, 0 env vars
Information: >>>>>>> 19 unique error and warning message tags while observing fusion: (MSG-3100)
Information: #prnt #trgr #lmt    Tag  Level     Format (or last printed message)                                (MSG-3036)
Information:     2     2  0 FLW-2224  WARNING   Warning: Duplicate callback function set for step 'fc/logic_... (MSG-3032)
Information:    60   272  5 SQM-1079  WARNING   Warning: Skipping check for single_bit_degenerate attribute ... (MSG-3032)
Information:     1     1  1 SQM-1074  WARNING   Warning: Shift register Inferencing is enabled so only head ... (MSG-3032)
Information:   120   544 10 SQM-1061  WARNING   Warning: Cannot infer functionality of libcell 'saed14rvt_ff... (MSG-3032)
Information:    30    34 10 SQM-1053  WARNING   Warning: Found 8 multibit sequential library cells that have... (MSG-3032)
Information:     1     1  1 SQM-1034  WARNING   Warning: No cell bus will be mapped to multibit because mult... (MSG-3032)
Information:     1     1  0 DFT-1991  WARNING   Warning: SCANDEF based Optimization skipped: No ScanDEF chai... (MSG-3032)
Information:    16    16  0 FLW-2892  WARNING   Warning: Restoring scoped app option 'opt.internal.levfilter... (MSG-3032)
Information:     3     3  0 ZRT-511   WARNING   Warning: Cell contains tie connections which are not connect... (MSG-3032)
Information:    25    25  0 ZRT-026   WARNING   Warning: Layer MRDL default pitch 4.000 may be too small to ... (MSG-3032)
Information:     6     6  0 PDC-003   WARNING   Warning: Routing direction of metal layer PO is neither "hor... (MSG-3032)
Information:    30    30  0 ZRT-720   WARNING   Warning: Port  VDD at {{33.702,31.153} {35.932,31.247}} is o... (MSG-3032)
Information:     4     4  0 ZRT-763   WARNING   Warning: Cell ctmTdsLR_1_544 is placed overlapping with othe... (MSG-3032)
Information:     6     6  0 DPPA-096  WARNING   Warning: found large number of corner keepout wiretracks on ... (MSG-3032)
Information:    16    16  0 OPT-070   WARNING   Warning: Cannot find any max transition constraint on the de... (MSG-3032)
Information:    38    37  0 LGL-397   WARNING   Warning: No site rows found in floorplan. (LGL-397)             (MSG-3032)
Information:    10    10  0 ZRT-625   WARNING   Warning: Master cell dut_toplevel has duplicated redundant l... (MSG-3032)
Information:   142    54  0 OPT-902   WARNING   Warning: No clock routing rules were specified. Use set_cloc... (MSG-3032)
Information:    80    80  5 LGL-050   WARNING   Warning: Library cell saed14rvt_c_physical_only:SAEDRVT14_AO... (MSG-3032)
Information:   591  1142  6       19  <------   Total sum of messages (MSG-3038)
Information: >>>>>>> Summary: 1142 error&warning MSGs observed during fusion (MSG-3103)
Information: Ending   'compile_fusion' (FLW-8001)
Information: Time: 2025-06-11 00:18:22 / Session:  00:02:43 / Command:  00:02:35 / CPU:  00:08:04 / Memory: 1622 MB (FLW-8100)
Information: CPU Load: 21%, Ram Free: 44 GB, Swap Free: 1 GB, Work Disk Free: 308 GB, Tmp Disk Free: 308 GB (MSG-3995)
Information: Running auto PG connection. (NDM-099)
# Collecting the reports
set TargetName "logic_opto_${full_compile}${opt_type}"
generateReports ${TargetName}
Generating reports for the target: logic_opto_full_general ...
[Tim-Power] Info: Cleared Leakage libCell cache.
Reports have been generated for the target: logic_opto_full_general.
# Gate level netlist generation
write_verilog ${ResultsDir}/${DesignName}_${full_compile}${TargetName}.v
# Save layout image
# gui_start
# set window [gui_get_current_window -mru -type Layout]
gui_start
Load ICV ICCII menu file: /eda/synopsys/2023-24/RHELx86/ICV_2023.12/etc/tcl-u/Icc2Menu.tcl
 + VUE INFO: Please click View->IC Validator VUE in LayoutWindow menu
            to launch VUE.

 + VUE INFO: Found a usable port: 2446

set top [gui_create_window -type TopLevel]
set layout [gui_create_window -type Layout -parent $top]
gui_show_window -window $top -show_state {maximized}
gui_show_window -window $layout -show_state {maximized}
gui_write_window_image -window $layout -clip -file ${ScreenshotsDir}/layout_${full_compile}${TargetName}.png
gui_stop
To restart the GUI, type 'gui_start'.
# Saving block and library
current_block
get_blocks -all
list_blocks
Lib dut_toplevel.dlib /home/student/Documents/kdz/ASIC/labs/Lab_4/asic_lab4/lab/results/dut_toplevel.dlib tech current
  *>  0 dut_toplevel/mcmm_and_logic_opto_full_general.design Jun-11-00:18 current
  -   0 dut_toplevel/rtl_read.design Jun-04-13:40
save_block
Information: The command 'save_block' cleared the undo history. (UNDO-016)
RDE-checksum: 5bdbde66
Information: Saving block 'dut_toplevel.dlib:dut_toplevel/mcmm_and_logic_opto_full_general.design'
save_lib
Saving library 'dut_toplevel.dlib'
RDE-checksum: 5bdbde66
close_blocks
Information: Decrementing open_count of block 'dut_toplevel.dlib:dut_toplevel/mcmm_and_logic_opto_full_general.design' to 1. (DES-022)
close_lib
Closing library 'dut_toplevel.dlib'
Information: The net parasitics of block dut_toplevel are cleared. (TIM-123)
exit
Maximum memory usage for this session: 1793.49 MB
Maximum memory usage for this session including child processes: 1793.49 MB
CPU usage for this session:    514 seconds (  0.14 hours)
Elapsed time for this session:    168 seconds (  0.05 hours)
Thank you for using Fusion Compiler.
