


                              Fusion Compiler (TM)

                  Version V-2023.12 for linux64 - Nov 23, 2023
  This release has significant feature enhancements. Please review the Release
                       Notes associated with this release.

                    Copyright (c) 1988 - 2023 Synopsys, Inc.
   This software and the associated documentation are proprietary to Synopsys,
 Inc. This software may only be used in accordance with the terms and conditions
 of a written license agreement with Synopsys, Inc. All other use, reproduction,
   or distribution of this software is strictly prohibited.  Licensed Products
     communicate with Synopsys servers for the purpose of providing software
    updates, detecting software piracy and verifying that customers are using
    Licensed Products in conformity with the applicable License Key for such
  Licensed Products. Synopsys will use information gathered in connection with
    this process to deliver software updates and pursue software pirates and
                                   infringers.

 Inclusivity & Diversity - Visit SolvNetPlus to read the "Synopsys Statement on
            Inclusivity and Diversity" (Refer to article 000036315 at
                        https://solvnetplus.synopsys.com)
 
Error: This script has expired. Please contact Aditya/Amir/Wei-Chih.
Loading user preference file /home/student/.synopsys_fc_gui/preferences.tcl
set opt_type "power"
power
set opt_setting "enable_power"
enable_power
set opt_value true
true
source -echo ../scripts/task3_base.tcl
#####################################################################
#####                          Task 3                           #####
#####################################################################
#### Sourcing main setup script
source -echo  ../../setup/main_setup.tcl
#####################################################################
#####		Common Setup Script for Fusion Compiler		#####
#####################################################################
set LabRootDir			"[pwd]/../../.."     ; # root dir for the labs
set LabDir				"${LabRootDir}/lab" ; # directory for lab exercises
set SrcDir				"${LabRootDir}/src"  ; # directory for source files (RTL, SDC)
set TechLibDir			"/eda/synopsys/files/FC_Labs/common" ; # technology library path
set SetupDir			"${LabDir}/setup"   ; # directory with setup files
set TechLibName			"saed14rvt"			 ; # define library name
set CellPrefix			"SAEDRVT14"			 ; # define cell prefix
set TechNodeName		"saed14nm"			 ; # define technology node name
set MetalStack			"1p9m"				 ; # define metal stack
set RefNdmType			"frame_only"		 ; # define reference ndm type: "frame_only" or "frame_timing"
set RefLibDir			"${TechLibDir}/ndm" ; # reference library path
set RefLib				"${RefLibDir}/${TechLibName}_${RefNdmType}.ndm" ; # reference library
set TechFileDir    		"${TechLibDir}/tf"  ; # directory with technology file(s)
set TechFile			"${TechFileDir}/${TechNodeName}_${MetalStack}.tf" ; # technology file
#set TechNdm				""
set LibertyDir			"${TechLibDir}/liberty" ; #
set TlupDir				"${TechLibDir}/tlup" ; #
set TlupMinFile			"${TlupDir}/${TechNodeName}_${MetalStack}_Cmin.tlup" ; #
set TlupNomFile			"${TlupDir}/${TechNodeName}_${MetalStack}_Cnom.tlup" ; #
set TlupMaxFile			"${TlupDir}/${TechNodeName}_${MetalStack}_Cmax.tlup" ; #
set NxtGrdDir			"${TechLibDir}/nxtgrd" ; #
set NxtGrdMinFile		"${NxtGrdDir}/${TechNodeName}_${MetalStack}_Cmin.nxtgrd" ; #
set NxtGrdNomFile		"${NxtGrdDir}/${TechNodeName}_${MetalStack}_Cnom.nxtgrd" ; #
set NxtGrdMaxFile		"${NxtGrdDir}/${TechNodeName}_${MetalStack}_Cmax.nxtgrd" ; #
set MapDir				"${TechLibDir}/map" ; #
set GdsDir				"${TechLibDir}/gds" ; #
set RunsetDir			"${TechLibDir}/runsets" ; #
set GdsFile				"${GdsDir}/saed14rvt.gds" ; #
set GdsMapFile			"${MapDir}/saed14nm_1p9m_gdsout_mw.map" ; #
set LayerMapFile		"${MapDir}/${TechNodeName}_tf_itf_tluplus.map" ; #
set DrcRunsetFile		"${RunsetDir}/saed14nm_1p9m_drc_rules.rs" ; #
set MetalFillRunsetFile	"${RunsetDir}/saed14nm_1p9m_mfill_rules.rs" ; #
set RtlDir				"${SrcDir}/rtl" ; # directory with source files
set SystemVerilogDir	"${RtlDir}/sverilog" ; # directory containing SystemVerilog HDL source files
set VerilogDir			"${RtlDir}/verilog" ; # directory containing Verilog HDL source files
set VhdlDir				"${RtlDir}/vhdl" ; # directory containing VHDL source files
set SdcDir				"${SrcDir}/sdc" ; # directory with constraint files
set ResultsDir			"${LabDir}/results" ; # directory for outcomes of the lab
set ReportsDir			"${LabDir}/reports" ; # directory for report files
set SolutionDir         "${LabDir}/solution"
set ScreenshotsDir      "${LabDir}/screenshots"
echo					${SetupDir}
/home/student/Documents/kdz/ASIC/labs/Lab_4/asic_lab4/lab/task3/work/../../../lab/setup
source 					${SetupDir}/utilities.tcl
#### Sourcing project specyfic setup script
source -echo  ${SetupDir}/design_setup.tcl
#####################################################################
#####		Design Setup Script for Fusion Compiler		#####
#####################################################################
set DesignName				"dut_toplevel"			; # define design name # 
set DesignLibrary			"${DesignName}.dlib"	; # define design library name # 
set WorkDir					"[pwd]"					; # define current working directory # 
set TechFlowType			"tf"					; # set "tf" for TECH_FILE-based flow or set "ndm" for TECH_NDM-based flow. # 
set ParasiticModel			"tlup"					; # set "tlup" for using TLUP files or  set "nxtgrd" for using NXTGRD files. # 
set HDL						"sverilog"				; # set "sverilog", "verilog" or "vhdl" for reading SystemVerilog, Verilog or VHDL RTL, respectively.
set SdcFile					"${SdcDir}/${DesignName}.sdc" ; # specify file with design constraints # 
set NormalModeSdcFile		"${SdcDir}/${DesignName}_normal.sdc" ; # specify file with design constraints for normal mode 
set PowerSaveModeSdcFile	"${SdcDir}/${DesignName}_power_save.sdc" ; # specify file with design constraints for low power mode 
set PVT_FF					"ff0p88v125c"			; # set FF PVT
set PVT_TT					"tt0p8v25c"				; # set TT PVT
set PVT_SS					"ss0p72vm40c"			; # set SS PVT
set DB_FF					"${LibertyDir}/${TechLibName}_${PVT_FF}.db"
set DB_TT					"${LibertyDir}/${TechLibName}_${PVT_TT}.db"
set DB_SS					"${LibertyDir}/${TechLibName}_${PVT_SS}.db"
set TapCellDistance			40
#Configure host file/options
set_host_options -max_cores 12
# Open the design library
open_lib ${ResultsDir}/${DesignLibrary}
Information: Loading library file '/home/student/Documents/kdz/ASIC/labs/Lab_4/asic_lab4/lab/results/dut_toplevel.dlib' (FILE-007)
Information: Loading library file '/home/student/Documents/kdz/ASIC/labs/Lab_4/asic_lab4/lab/task2/work/CLIBs/saed14rvt_c.ndm' (FILE-007)
Information: Loading library file '/home/student/Documents/kdz/ASIC/labs/Lab_4/asic_lab4/lab/task2/work/CLIBs/saed14rvt_c_physical_only.ndm' (FILE-007)
Information: Auto created reference libraries are up-to-date, no need to rebuild. (LIB-084)
set full_compile ""
if { [info exists ::env(FULL_RUN)] && $::env(FULL_RUN) eq "1" } {
    set full_compile "full_"
    puts {Script will perform full compilation}
}
Script will perform full compilation
# Copy and open block
copy_block -from ${DesignName}/rtl_read -to ${DesignName}/mcmm_and_logic_opto_${full_compile}${opt_type}
Information: User units loaded from library 'saed14rvt_ff0p88v125c' (LNK-040)
open_block ${DesignName}/mcmm_and_logic_opto_${full_compile}${opt_type}
Information: Incrementing open_count of block 'dut_toplevel.dlib:dut_toplevel/mcmm_and_logic_opto_full_power.design' to 2. (DES-021)
# Source tech setup script
source -echo ${SetupDir}/technology_setup.tcl
#####################################################################
#####					Technology Setup Script					#####
#####################################################################
set_attribute [get_site_defs unit] symmetry Y
set_attribute [get_site_defs unit] is_default true
if {[string equal tlup ${ParasiticModel}]} {
	read_parasitic_tech -layermap ${LayerMapFile} -tlup ${TlupMaxFile} -name maxTLU
	read_parasitic_tech -layermap ${LayerMapFile} -tlup ${TlupNomFile} -name nomTLU
	read_parasitic_tech -layermap ${LayerMapFile} -tlup ${TlupMinFile} -name minTLU
} elseif {[string equal nxtgrd ${ParasiticModel}]} {
	read_parasitic_tech -layermap ${LayerMapFile} -tlup ${NxtGrdMaxFile} -name maxTLU
	read_parasitic_tech -layermap ${LayerMapFile} -tlup ${NxtGrdNomFile} -name nomTLU
	read_parasitic_tech -layermap ${LayerMapFile} -tlup ${NxtGrdMinFile} -name minTLU
} 
Information: The command 'read_parasitic_tech' cleared the undo history. (UNDO-016)
WARNING: Layer mapping file warning. Tech layer 'M1_3' mapped in layer mapping file cannot be found in technology section.
WARNING: Layer mapping file warning. Tech layer 'M2_3' mapped in layer mapping file cannot be found in technology section.
WARNING: Layer mapping file warning. Tech layer 'M3_3' mapped in layer mapping file cannot be found in technology section.
NEX(WARNING): parasitic_tech file: /eda/synopsys/files/FC_Labs/common/tlup/saed14nm_1p9m_Cmax.tlup already read in, mandatory 1-to-1 map between tluplus file and paraTech
WARNING: Layer mapping file warning. Tech layer 'M1_3' mapped in layer mapping file cannot be found in technology section.
WARNING: Layer mapping file warning. Tech layer 'M2_3' mapped in layer mapping file cannot be found in technology section.
WARNING: Layer mapping file warning. Tech layer 'M3_3' mapped in layer mapping file cannot be found in technology section.
NEX(WARNING): parasitic_tech file: /eda/synopsys/files/FC_Labs/common/tlup/saed14nm_1p9m_Cnom.tlup already read in, mandatory 1-to-1 map between tluplus file and paraTech
WARNING: Layer mapping file warning. Tech layer 'M1_3' mapped in layer mapping file cannot be found in technology section.
WARNING: Layer mapping file warning. Tech layer 'M2_3' mapped in layer mapping file cannot be found in technology section.
WARNING: Layer mapping file warning. Tech layer 'M3_3' mapped in layer mapping file cannot be found in technology section.
NEX(WARNING): parasitic_tech file: /eda/synopsys/files/FC_Labs/common/tlup/saed14nm_1p9m_Cmin.tlup already read in, mandatory 1-to-1 map between tluplus file and paraTech
suppress_message ATTR-12
set_attribute [get_layers {M1 M3 M5 M7 M9}]   routing_direction horizontal
set_attribute [get_layers {M2 M4 M6 M8 MRDL}] routing_direction vertical
unsuppress_message ATTR-12
# Read the constraints
read_sdc -echo ${SdcFile}
Information: The command 'read_sdc' cleared the undo history. (UNDO-016)
Using libraries: dut_toplevel.dlib saed14rvt_ff0p88v125c saed14rvt_c_physical_only
Visiting block dut_toplevel.dlib:dut_toplevel/mcmm_and_logic_opto_full_power.design
Design 'dut_toplevel' was successfully linked.
Information: Loading SDC version 2.1 file '/home/student/Documents/kdz/ASIC/labs/Lab_4/asic_lab4/src/sdc/dut_toplevel.sdc' (FILE-007)
set PERIOD 3
set CLOCK_NAME clk
create_clock -period $PERIOD -name $CLOCK_NAME [get_ports $CLOCK_NAME]
# MCMM setup
source -echo ${SetupDir}/mcmm_setup.tcl
#####################################################################
#####                       MCMM Setup Script                   #####
#####################################################################
# Remove all MCMM related info
remove_corners -all
remove_modes -all
remove_scenarios -all
# Create Corner(s)
create_corner Fast
create_corner Typical
create_corner Slow
# Set parasitics parameters
set_parasitic_parameters -early_spec minTLU -late_spec minTLU -corners {Fast}
set_parasitic_parameters -early_spec nomTLU -late_spec nomTLU -corners {Typical}
set_parasitic_parameters -early_spec maxTLU -late_spec maxTLU -corners {Slow}
# Create Mode
foreach mode_name {Normal PowerSave} {
    echo "Current mode: ${mode_name}"

    # Create mode
    create_mode ${mode_name}
    current_mode ${mode_name}

    # Create scenarios for current mode
    foreach corner_name {Fast Typical Slow} {
        create_scenario -mode ${mode_name} -corner ${corner_name} -name ${mode_name}_${corner_name}
    }

    # Read constraints for each scenario
    set scenarios [get_attribute [get_scenarios -modes ${mode_name}] name]

    echo "Current mode scenarios: ${scenarios}"

    # create_clock applies to current mode and should not be redefined for each scenario - only its constraints
    # Just ignore those warnings
    foreach scenario ${scenarios} {
        echo "Current scenario: ${scenario}"
        current_scenario ${scenario}
        read_sdc [set ${mode_name}ModeSdcFile]
    }

    # Set operating conditions for each corner and scenario
    current_corner Fast
    current_scenario ${mode_name}_Fast
    set_operating_conditions ${PVT_FF}

    current_corner Typical
    current_scenario ${mode_name}_Typical
    set_operating_conditions ${PVT_TT}

    current_corner Slow
    current_scenario ${mode_name}_Slow
    set_operating_conditions ${PVT_SS}

    # Scenario configuration
    set_scenario_status ${mode_name}_Fast -setup false -hold true -leakage_power false -dynamic_power true -max_transition false -max_capacitance true -active true
    set_scenario_status ${mode_name}_Typical -all -active true
    set_scenario_status ${mode_name}_Slow -setup true -hold false -leakage_power true -dynamic_power true -max_transition true -max_capacitance false -active true
}
Current mode: Normal
Created scenario Normal_Fast for mode Normal and corner Fast
All analysis types are activated.
Created scenario Normal_Typical for mode Normal and corner Typical
All analysis types are activated.
Created scenario Normal_Slow for mode Normal and corner Slow
All analysis types are activated.
Current mode scenarios: Normal_Fast Normal_Slow Normal_Typical
Current scenario: Normal_Fast
Information: Loading SDC version 2.1 file '/home/student/Documents/kdz/ASIC/labs/Lab_4/asic_lab4/src/sdc/dut_toplevel_normal.sdc' (FILE-007)
Current scenario: Normal_Slow
Information: Loading SDC version 2.1 file '/home/student/Documents/kdz/ASIC/labs/Lab_4/asic_lab4/src/sdc/dut_toplevel_normal.sdc' (FILE-007)
Warning: Redefining clock 'clk'.  
        Previously defined at: /home/student/Documents/kdz/ASIC/labs/Lab_4/asic_lab4/src/sdc/dut_toplevel_common.sdc, line 1 (UIC-034)
Current scenario: Normal_Typical
Information: Loading SDC version 2.1 file '/home/student/Documents/kdz/ASIC/labs/Lab_4/asic_lab4/src/sdc/dut_toplevel_normal.sdc' (FILE-007)
Warning: Redefining clock 'clk'.  
        Previously defined at: /home/student/Documents/kdz/ASIC/labs/Lab_4/asic_lab4/src/sdc/dut_toplevel_common.sdc, line 1 (UIC-034)
Scenario Normal_Fast (mode Normal corner Fast) is active for hold/dynamic_power/max_capacitance/min_capacitance analysis.
Information: Cellem using advance interpolation.
Scenario Normal_Typical (mode Normal corner Typical) is active for setup/hold/leakage_power/dynamic_power/max_transition/max_capacitance/min_capacitance/cell_em/signal_em analysis.
Scenario Normal_Slow (mode Normal corner Slow) is active for setup/leakage_power/dynamic_power/max_transition/min_capacitance analysis.
Current mode: PowerSave
Created scenario PowerSave_Fast for mode PowerSave and corner Fast
All analysis types are activated.
Created scenario PowerSave_Typical for mode PowerSave and corner Typical
All analysis types are activated.
Created scenario PowerSave_Slow for mode PowerSave and corner Slow
All analysis types are activated.
Current mode scenarios: PowerSave_Fast PowerSave_Slow PowerSave_Typical
Current scenario: PowerSave_Fast
Information: Loading SDC version 2.1 file '/home/student/Documents/kdz/ASIC/labs/Lab_4/asic_lab4/src/sdc/dut_toplevel_power_save.sdc' (FILE-007)
Current scenario: PowerSave_Slow
Information: Loading SDC version 2.1 file '/home/student/Documents/kdz/ASIC/labs/Lab_4/asic_lab4/src/sdc/dut_toplevel_power_save.sdc' (FILE-007)
Warning: Redefining clock 'clk'.  
        Previously defined at: /home/student/Documents/kdz/ASIC/labs/Lab_4/asic_lab4/src/sdc/dut_toplevel_common.sdc, line 1 (UIC-034)
Current scenario: PowerSave_Typical
Information: Loading SDC version 2.1 file '/home/student/Documents/kdz/ASIC/labs/Lab_4/asic_lab4/src/sdc/dut_toplevel_power_save.sdc' (FILE-007)
Warning: Redefining clock 'clk'.  
        Previously defined at: /home/student/Documents/kdz/ASIC/labs/Lab_4/asic_lab4/src/sdc/dut_toplevel_common.sdc, line 1 (UIC-034)
Scenario PowerSave_Fast (mode PowerSave corner Fast) is active for hold/dynamic_power/max_capacitance/min_capacitance analysis.
Scenario PowerSave_Typical (mode PowerSave corner Typical) is active for setup/hold/leakage_power/dynamic_power/max_transition/max_capacitance/min_capacitance/cell_em/signal_em analysis.
Scenario PowerSave_Slow (mode PowerSave corner Slow) is active for setup/leakage_power/dynamic_power/max_transition/min_capacitance analysis.
if {[info exists opt_setting]} {
    set_app_options -name compile.flow.${opt_setting} -value ${opt_value}
}
report_app_options -non_default
****************************************
Report : app_option
           -non_default
Design : dut_toplevel
Version: V-2023.12
Date   : Wed Jun 11 00:21:28 2025
****************************************
Name                      Type       Value      User-value   User-default System-default Scope      Status     Source
------------------------- ---------- ---------- ------------ ------------ -------------- ---------- ---------- -----------------------------------------------------------------------------------------
compile.flow.enable_power bool       true       true         --           false          block      normal     /home/student/Documents/kdz/ASIC/labs/Lab_4/asic_lab4/lab/task3/scripts/task3_base.tcl:35
------------------------- ---------- ---------- ------------ ------------ -------------- ---------- ---------- -----------------------------------------------------------------------------------------

There are additional internal differences with no available TBC source.
if { $full_compile eq "" } {
    # Initial mapping
    compile_fusion -to logic_opto
} else {
    compile_fusion
}
Warning: No site rows found in floorplan. (LGL-397)
Information: Timer using 12 threads
INFO: compile_fusion is running in balanced flow mode.
Warning: No site rows found in floorplan. (LGL-397)
Information: Starting 'compile_fusion' (FLW-8000)
Information: Time: 2025-06-11 00:21:28 / Session:  00:00:07 / Command:  00:00:00 / CPU:  00:00:00 / Memory: 493 MB (FLW-8100)
Information: CPU Load: 33%, Ram Free: 45 GB, Swap Free: 1 GB, Work Disk Free: 308 GB, Tmp Disk Free: 308 GB (MSG-3995)
CPU Load: 33%, Ram Free: 45 GB, Swap Free: 1 GB, Work Disk Free: 308 GB, Tmp Disk Free: 308 GB
Warning: No site rows found in floorplan. (LGL-397)
INFO: Start environment monitoring: recipes
INFO: compile_fusion is running in balanced flow mode.
Warning: No site rows found in floorplan. (LGL-397)
Warning: No site rows found in floorplan. (LGL-397)
Warning: No site rows found in floorplan. (LGL-397)
Warning: No site rows found in floorplan. (LGL-397)
Warning: No site rows found in floorplan. (LGL-397)
Warning: No site rows found in floorplan. (LGL-397)
Warning: No site rows found in floorplan. (LGL-397)
Warning: Cannot infer functionality of libcell 'saed14rvt_ff0p88v125c/SAEDRVT14_FDNRBSBQ_V2_0P5' and will be excluded from sequential mapping. (SQM-1061)
Warning: Cannot infer functionality of libcell 'saed14rvt_ff0p88v125c/SAEDRVT14_FDNRBSBQ_V2_1' and will be excluded from sequential mapping. (SQM-1061)
Warning: Cannot infer functionality of libcell 'saed14rvt_ff0p88v125c/SAEDRVT14_FDNRBSBQ_V2_2' and will be excluded from sequential mapping. (SQM-1061)
Warning: Cannot infer functionality of libcell 'saed14rvt_ff0p88v125c/SAEDRVT14_FDNRBSBQ_V2_4' and will be excluded from sequential mapping. (SQM-1061)
Warning: Cannot infer functionality of libcell 'saed14rvt_ff0p88v125c/SAEDRVT14_FDPRBSBQ_V2_0P5' and will be excluded from sequential mapping. (SQM-1061)
Warning: Cannot infer functionality of libcell 'saed14rvt_ff0p88v125c/SAEDRVT14_FDPRBSBQ_V2_1' and will be excluded from sequential mapping. (SQM-1061)
Warning: Cannot infer functionality of libcell 'saed14rvt_ff0p88v125c/SAEDRVT14_FDPRBSBQ_V2_2' and will be excluded from sequential mapping. (SQM-1061)
Warning: Cannot infer functionality of libcell 'saed14rvt_ff0p88v125c/SAEDRVT14_FDPRBSBQ_V2_4' and will be excluded from sequential mapping. (SQM-1061)
Warning: Cannot infer functionality of libcell 'saed14rvt_ff0p88v125c/SAEDRVT14_FSDPRBSBQ_V2LP_0P5' and will be excluded from sequential mapping. (SQM-1061)
Warning: Cannot infer functionality of libcell 'saed14rvt_ff0p88v125c/SAEDRVT14_FSDPRBSBQ_V2LP_2' and will be excluded from sequential mapping. (SQM-1061)
Warning: Skipping check for single_bit_degenerate attribute on the multibit libcell 'saed14rvt_ff0p88v125c/SAEDRVT14_FSDN2_V2_0P5' since it is not a black-box. (SQM-1079)
Information: No single-bit representative was found for multibit lib cell 'saed14rvt_ff0p88v125c/SAEDRVT14_FSDN2_V2_0P5'. (SQM-2004)
Warning: Skipping check for single_bit_degenerate attribute on the multibit libcell 'saed14rvt_ff0p88v125c/SAEDRVT14_FSDN2_V2_1' since it is not a black-box. (SQM-1079)
Information: No single-bit representative was found for multibit lib cell 'saed14rvt_ff0p88v125c/SAEDRVT14_FSDN2_V2_1'. (SQM-2004)
Warning: Skipping check for single_bit_degenerate attribute on the multibit libcell 'saed14rvt_ff0p88v125c/SAEDRVT14_FSDN2_V2_2' since it is not a black-box. (SQM-1079)
Information: No single-bit representative was found for multibit lib cell 'saed14rvt_ff0p88v125c/SAEDRVT14_FSDN2_V2_2'. (SQM-2004)
Warning: Skipping check for single_bit_degenerate attribute on the multibit libcell 'saed14rvt_ff0p88v125c/SAEDRVT14_FSDN2_V2_4' since it is not a black-box. (SQM-1079)
Information: No single-bit representative was found for multibit lib cell 'saed14rvt_ff0p88v125c/SAEDRVT14_FSDN2_V2_4'. (SQM-2004)
Warning: Skipping check for single_bit_degenerate attribute on the multibit libcell 'saed14rvt_ff0p88v125c/SAEDRVT14_FSDN4_V2_0P5' since it is not a black-box. (SQM-1079)
Information: No single-bit representative was found for multibit lib cell 'saed14rvt_ff0p88v125c/SAEDRVT14_FSDN4_V2_0P5'. (SQM-2004)
Information: No single-bit representative was found for multibit lib cell 'saed14rvt_ff0p88v125c/SAEDRVT14_FSDN4_V2_1'. (SQM-2004)
Information: No single-bit representative was found for multibit lib cell 'saed14rvt_ff0p88v125c/SAEDRVT14_FSDN4_V2_2'. (SQM-2004)
Information: No single-bit representative was found for multibit lib cell 'saed14rvt_ff0p88v125c/SAEDRVT14_FSDN4_V2_4'. (SQM-2004)
Warning: Found 8 multibit sequential library cells that have missing/added attributes or have restrictions that prevent them from banking. (SQM-1053)
0 sequential multibit library cells have restrictions (dont_use or dont_touch).
8 sequential multibit library cells have missing sequential mapping relevant attributes
Information: 6 out of 16 SQM-1061 messages were not printed due to limit 10 (after 'compile_fusion' at task3_base.tcl:43) (MSG-3913)
Information: 3 out of 8 SQM-1079 messages were not printed due to limit 5 (after 'compile_fusion' at task3_base.tcl:43) (MSG-3913)
Information: The automatic clock gate timing flow is activated. Clock latencies set on clock gate cells will be automatically adjusted by an estimate for latency. (CGT-4005)
----------------------------------------------------------------------------------------------------------
Information: Starting compile_fusion / initial_map (FLW-8000)
Information: Time: 2025-06-11 00:21:30 / Session:  00:00:09 / Command:  00:00:01 / CPU:  00:00:01 / Memory: 699 MB (FLW-8100)
Information: CPU Load: 31%, Ram Free: 45 GB, Swap Free: 1 GB, Work Disk Free: 308 GB, Tmp Disk Free: 308 GB (MSG-3995)
----------------------------------------------------------------------------------------------------------
Information: Starting compile_fusion / initial_map / Load Design (FLW-8000)
Information: Time: 2025-06-11 00:21:30 / Session:  00:00:09 / Command:  00:00:01 / CPU:  00:00:01 / Memory: 699 MB (FLW-8100)
Information: CPU Load: 31%, Ram Free: 45 GB, Swap Free: 1 GB, Work Disk Free: 308 GB, Tmp Disk Free: 308 GB (MSG-3995)
Warning: No site rows found in floorplan. (LGL-397)
Warning: No site rows found in floorplan. (LGL-397)
Warning: No site rows found in floorplan. (LGL-397)
Information: Timer using 12 threads
INFO: Cluster Analysis could not get worst leakage scenario, ignored.
Information: The stitching and editing of coupling caps is turned OFF for design 'dut_toplevel.dlib:dut_toplevel/mcmm_and_logic_opto_full_power.design'. (TIM-125)
Warning: No physical information exists for design 'dut_toplevel'. Zero interconnect delay is used in timing analysis. (TIM-101)
Warning: The extractor can not be initialized for design 'dut_toplevel'. Zero interconnect delay is used in timing analysis. (TIM-102)
Warning: Batch extraction is skipped for block "dut_toplevel"
************************************************************
Timer Settings:
Delay Calculation Style:                   auto
Signal Integrity Analysis:                 disabled
Timing Window Analysis:                    disabled
Advanced Waveform Propagation:             disabled
Variation Type:                            fixed_derate
Clock Reconvergence Pessimism Removal:     disabled
Advanced Receiver Model:                   disabled
LLE:                                       disabled
ML Acceleration:                           off
************************************************************
INFO: Cluster Analysis could not get worst dynamic scenario, ignored.
Warning: Library cell saed14rvt_ff0p88v125c/SAEDRVT14_FDNRBSBQ_V2_0P5 has no valid internal power under dynamic scenario (SQM-1077)
Warning: Library cell saed14rvt_ff0p88v125c/SAEDRVT14_FDNRBSBQ_V2_1 has no valid internal power under dynamic scenario (SQM-1077)
Warning: Library cell saed14rvt_ff0p88v125c/SAEDRVT14_FDNRBSBQ_V2_2 has no valid internal power under dynamic scenario (SQM-1077)
Warning: Library cell saed14rvt_ff0p88v125c/SAEDRVT14_FDNRBSBQ_V2_4 has no valid internal power under dynamic scenario (SQM-1077)
Warning: Library cell saed14rvt_ff0p88v125c/SAEDRVT14_FDPRBSBQ_V2_0P5 has no valid internal power under dynamic scenario (SQM-1077)
Warning: Library cell saed14rvt_ff0p88v125c/SAEDRVT14_FDPRBSBQ_V2_1 has no valid internal power under dynamic scenario (SQM-1077)
Warning: Library cell saed14rvt_ff0p88v125c/SAEDRVT14_FDPRBSBQ_V2_2 has no valid internal power under dynamic scenario (SQM-1077)
Warning: Library cell saed14rvt_ff0p88v125c/SAEDRVT14_FDPRBSBQ_V2_4 has no valid internal power under dynamic scenario (SQM-1077)
Warning: Library cell saed14rvt_ff0p88v125c/SAEDRVT14_FSDPRBSBQ_V2_0P5 has no valid internal power under dynamic scenario (SQM-1077)
Warning: Library cell saed14rvt_ff0p88v125c/SAEDRVT14_FSDPRBSBQ_V2_1 has no valid internal power under dynamic scenario (SQM-1077)
Warning: Cannot infer functionality of libcell 'saed14rvt_ff0p88v125c/SAEDRVT14_FDNRBSBQ_V2_0P5' and will be excluded from sequential mapping. (SQM-1061)
Warning: Cannot infer functionality of libcell 'saed14rvt_ff0p88v125c/SAEDRVT14_FDNRBSBQ_V2_1' and will be excluded from sequential mapping. (SQM-1061)
Warning: Cannot infer functionality of libcell 'saed14rvt_ff0p88v125c/SAEDRVT14_FDNRBSBQ_V2_2' and will be excluded from sequential mapping. (SQM-1061)
Warning: Cannot infer functionality of libcell 'saed14rvt_ff0p88v125c/SAEDRVT14_FDNRBSBQ_V2_4' and will be excluded from sequential mapping. (SQM-1061)
Warning: Cannot infer functionality of libcell 'saed14rvt_ff0p88v125c/SAEDRVT14_FDPRBSBQ_V2_0P5' and will be excluded from sequential mapping. (SQM-1061)
Warning: Cannot infer functionality of libcell 'saed14rvt_ff0p88v125c/SAEDRVT14_FDPRBSBQ_V2_1' and will be excluded from sequential mapping. (SQM-1061)
Warning: Cannot infer functionality of libcell 'saed14rvt_ff0p88v125c/SAEDRVT14_FDPRBSBQ_V2_2' and will be excluded from sequential mapping. (SQM-1061)
Warning: Cannot infer functionality of libcell 'saed14rvt_ff0p88v125c/SAEDRVT14_FDPRBSBQ_V2_4' and will be excluded from sequential mapping. (SQM-1061)
Warning: Cannot infer functionality of libcell 'saed14rvt_ff0p88v125c/SAEDRVT14_FSDPRBSBQ_V2LP_0P5' and will be excluded from sequential mapping. (SQM-1061)
Warning: Cannot infer functionality of libcell 'saed14rvt_ff0p88v125c/SAEDRVT14_FSDPRBSBQ_V2LP_2' and will be excluded from sequential mapping. (SQM-1061)
Warning: Skipping check for single_bit_degenerate attribute on the multibit libcell 'saed14rvt_ff0p88v125c/SAEDRVT14_FSDN2_V2_0P5' since it is not a black-box. (SQM-1079)
Information: No single-bit representative was found for multibit lib cell 'saed14rvt_ff0p88v125c/SAEDRVT14_FSDN2_V2_0P5'. (SQM-2004)
Warning: Skipping check for single_bit_degenerate attribute on the multibit libcell 'saed14rvt_ff0p88v125c/SAEDRVT14_FSDN2_V2_1' since it is not a black-box. (SQM-1079)
Information: No single-bit representative was found for multibit lib cell 'saed14rvt_ff0p88v125c/SAEDRVT14_FSDN2_V2_1'. (SQM-2004)
Warning: Skipping check for single_bit_degenerate attribute on the multibit libcell 'saed14rvt_ff0p88v125c/SAEDRVT14_FSDN2_V2_2' since it is not a black-box. (SQM-1079)
Information: No single-bit representative was found for multibit lib cell 'saed14rvt_ff0p88v125c/SAEDRVT14_FSDN2_V2_2'. (SQM-2004)
Warning: Skipping check for single_bit_degenerate attribute on the multibit libcell 'saed14rvt_ff0p88v125c/SAEDRVT14_FSDN2_V2_4' since it is not a black-box. (SQM-1079)
Information: No single-bit representative was found for multibit lib cell 'saed14rvt_ff0p88v125c/SAEDRVT14_FSDN2_V2_4'. (SQM-2004)
Warning: Skipping check for single_bit_degenerate attribute on the multibit libcell 'saed14rvt_ff0p88v125c/SAEDRVT14_FSDN4_V2_0P5' since it is not a black-box. (SQM-1079)
Information: No single-bit representative was found for multibit lib cell 'saed14rvt_ff0p88v125c/SAEDRVT14_FSDN4_V2_0P5'. (SQM-2004)
Information: No single-bit representative was found for multibit lib cell 'saed14rvt_ff0p88v125c/SAEDRVT14_FSDN4_V2_1'. (SQM-2004)
Information: No single-bit representative was found for multibit lib cell 'saed14rvt_ff0p88v125c/SAEDRVT14_FSDN4_V2_2'. (SQM-2004)
Information: No single-bit representative was found for multibit lib cell 'saed14rvt_ff0p88v125c/SAEDRVT14_FSDN4_V2_4'. (SQM-2004)
Warning: Found 8 multibit sequential library cells that have missing/added attributes or have restrictions that prevent them from banking. (SQM-1053)
0 sequential multibit library cells have restrictions (dont_use or dont_touch).
8 sequential multibit library cells have missing sequential mapping relevant attributes
Information: 6 out of 16 SQM-1061 messages were not printed due to limit 10 (after 'compile_fusion' at task3_base.tcl:43) (MSG-3913)
Information: 11 out of 21 SQM-1077 messages were not printed due to limit 10 (after 'compile_fusion' at task3_base.tcl:43) (MSG-3913)
Information: 3 out of 8 SQM-1079 messages were not printed due to limit 5 (after 'compile_fusion' at task3_base.tcl:43) (MSG-3913)
Warning: No site rows found in floorplan. (LGL-397)
Warning: No site rows found in floorplan. (LGL-397)
Warning: No site rows found in floorplan. (LGL-397)
Warning: No site rows found in floorplan. (LGL-397)
Warning: No site rows found in floorplan. (LGL-397)
Warning: No site rows found in floorplan. (LGL-397)
Warning: No site rows found in floorplan. (LGL-397)
Warning: No site rows found in floorplan. (LGL-397)
Warning: No site rows found in floorplan. (LGL-397)
Warning: No site rows found in floorplan. (LGL-397)
Warning: No site rows found in floorplan. (LGL-397)
Warning: No site rows found in floorplan. (LGL-397)
Information: Ending   compile_fusion / initial_map / Load Design (FLW-8001)
Information: Time: 2025-06-11 00:21:37 / Session:  00:00:16 / Command:  00:00:09 / CPU:  00:00:09 / Memory: 913 MB (FLW-8100)
Information: CPU Load: 29%, Ram Free: 44 GB, Swap Free: 1 GB, Work Disk Free: 308 GB, Tmp Disk Free: 308 GB (MSG-3995)
Information: Starting compile_fusion / initial_map / MV Cell Insertion (FLW-8000)
Information: Time: 2025-06-11 00:21:37 / Session:  00:00:16 / Command:  00:00:09 / CPU:  00:00:09 / Memory: 913 MB (FLW-8100)
Information: CPU Load: 29%, Ram Free: 44 GB, Swap Free: 1 GB, Work Disk Free: 308 GB, Tmp Disk Free: 308 GB (MSG-3995)
Information: Ending   compile_fusion / initial_map / MV Cell Insertion (FLW-8001)
Information: Time: 2025-06-11 00:21:37 / Session:  00:00:16 / Command:  00:00:09 / CPU:  00:00:09 / Memory: 913 MB (FLW-8100)
Information: CPU Load: 29%, Ram Free: 44 GB, Swap Free: 1 GB, Work Disk Free: 308 GB, Tmp Disk Free: 308 GB (MSG-3995)
Information: Starting compile_fusion / initial_map / Logic Simplification (1) (FLW-8000)
Information: Time: 2025-06-11 00:21:37 / Session:  00:00:16 / Command:  00:00:09 / CPU:  00:00:09 / Memory: 913 MB (FLW-8100)
Information: CPU Load: 29%, Ram Free: 44 GB, Swap Free: 1 GB, Work Disk Free: 308 GB, Tmp Disk Free: 308 GB (MSG-3995)
Information: The hierarchy math_wrapper_INST/dut_multiplier_18x18_comb_inst/mult_a0b0 is ungrouped due to auto_ungrouping. (UNG-1001)
Information: The hierarchy math_wrapper_INST/dut_multiplier_18x18_comb_inst/mult_a0b1 is ungrouped due to auto_ungrouping. (UNG-1001)
Information: The hierarchy math_wrapper_INST/dut_multiplier_18x18_comb_inst/mult_a1b0 is ungrouped due to auto_ungrouping. (UNG-1001)
Information: The hierarchy math_wrapper_INST/dut_multiplier_18x18_comb_inst/mult_a1b1 is ungrouped due to auto_ungrouping. (UNG-1001)
Information: The hierarchy math_wrapper_INST/dut_multiplier_18x18_comb_inst is ungrouped due to auto_ungrouping. (UNG-1001)
Information: The hierarchy dut_output_control_INST is ungrouped due to auto_ungrouping. (UNG-1001)
Information: The hierarchy dut_processing_control_INST is ungrouped due to auto_ungrouping. (UNG-1001)
Information: The hierarchy dut_input_channel_control_0_INST is ungrouped due to auto_ungrouping. (UNG-1001)
Information: The hierarchy dut_input_channel_control_1_INST is ungrouped due to auto_ungrouping. (UNG-1001)
Information: The hierarchy dut_input_channel_control_2_INST is ungrouped due to auto_ungrouping. (UNG-1001)
Information: 13 of 13 hierarchies are ungrouped. Use report_ungroup for a list. (UNG-1003)
Information: Result of compile_fusion / initial_map / Auto Ungroup (FLW-8500)
Information: Ungroup Summary Report (UNG-1007)
-------------------------------------------------------------------
Hierarchy                                                 Count
-------------------------------------------------------------------
Auto ungrouped hierarchies                                  13
-------------------------------------------------------------------
Information: 3 out of 13 UNG-1001 messages were not printed due to limit 10 (after 'compile_fusion' at task3_base.tcl:43) (MSG-3913)
Information: Starting compile_fusion / initial_map / Logic Simplification (1) / Constant and Equal Register Detection (FLW-8000)
Information: Time: 2025-06-11 00:21:37 / Session:  00:00:16 / Command:  00:00:09 / CPU:  00:00:09 / Memory: 913 MB (FLW-8100)
Information: CPU Load: 29%, Ram Free: 44 GB, Swap Free: 1 GB, Work Disk Free: 308 GB, Tmp Disk Free: 308 GB (MSG-3995)
Warning: Cannot infer functionality of libcell 'saed14rvt_ff0p88v125c/SAEDRVT14_FDNRBSBQ_V2_0P5' and will be excluded from sequential mapping. (SQM-1061)
Warning: Cannot infer functionality of libcell 'saed14rvt_ff0p88v125c/SAEDRVT14_FDNRBSBQ_V2_1' and will be excluded from sequential mapping. (SQM-1061)
Warning: Cannot infer functionality of libcell 'saed14rvt_ff0p88v125c/SAEDRVT14_FDNRBSBQ_V2_2' and will be excluded from sequential mapping. (SQM-1061)
Warning: Cannot infer functionality of libcell 'saed14rvt_ff0p88v125c/SAEDRVT14_FDNRBSBQ_V2_4' and will be excluded from sequential mapping. (SQM-1061)
Warning: Cannot infer functionality of libcell 'saed14rvt_ff0p88v125c/SAEDRVT14_FDPRBSBQ_V2_0P5' and will be excluded from sequential mapping. (SQM-1061)
Warning: Cannot infer functionality of libcell 'saed14rvt_ff0p88v125c/SAEDRVT14_FDPRBSBQ_V2_1' and will be excluded from sequential mapping. (SQM-1061)
Warning: Cannot infer functionality of libcell 'saed14rvt_ff0p88v125c/SAEDRVT14_FDPRBSBQ_V2_2' and will be excluded from sequential mapping. (SQM-1061)
Warning: Cannot infer functionality of libcell 'saed14rvt_ff0p88v125c/SAEDRVT14_FDPRBSBQ_V2_4' and will be excluded from sequential mapping. (SQM-1061)
Warning: Cannot infer functionality of libcell 'saed14rvt_ff0p88v125c/SAEDRVT14_FSDPRBSBQ_V2LP_0P5' and will be excluded from sequential mapping. (SQM-1061)
Warning: Cannot infer functionality of libcell 'saed14rvt_ff0p88v125c/SAEDRVT14_FSDPRBSBQ_V2LP_2' and will be excluded from sequential mapping. (SQM-1061)
Warning: Skipping check for single_bit_degenerate attribute on the multibit libcell 'saed14rvt_ff0p88v125c/SAEDRVT14_FSDN2_V2_0P5' since it is not a black-box. (SQM-1079)
Information: No single-bit representative was found for multibit lib cell 'saed14rvt_ff0p88v125c/SAEDRVT14_FSDN2_V2_0P5'. (SQM-2004)
Warning: Skipping check for single_bit_degenerate attribute on the multibit libcell 'saed14rvt_ff0p88v125c/SAEDRVT14_FSDN2_V2_1' since it is not a black-box. (SQM-1079)
Information: No single-bit representative was found for multibit lib cell 'saed14rvt_ff0p88v125c/SAEDRVT14_FSDN2_V2_1'. (SQM-2004)
Warning: Skipping check for single_bit_degenerate attribute on the multibit libcell 'saed14rvt_ff0p88v125c/SAEDRVT14_FSDN2_V2_2' since it is not a black-box. (SQM-1079)
Information: No single-bit representative was found for multibit lib cell 'saed14rvt_ff0p88v125c/SAEDRVT14_FSDN2_V2_2'. (SQM-2004)
Warning: Skipping check for single_bit_degenerate attribute on the multibit libcell 'saed14rvt_ff0p88v125c/SAEDRVT14_FSDN2_V2_4' since it is not a black-box. (SQM-1079)
Information: No single-bit representative was found for multibit lib cell 'saed14rvt_ff0p88v125c/SAEDRVT14_FSDN2_V2_4'. (SQM-2004)
Warning: Skipping check for single_bit_degenerate attribute on the multibit libcell 'saed14rvt_ff0p88v125c/SAEDRVT14_FSDN4_V2_0P5' since it is not a black-box. (SQM-1079)
Information: No single-bit representative was found for multibit lib cell 'saed14rvt_ff0p88v125c/SAEDRVT14_FSDN4_V2_0P5'. (SQM-2004)
Information: No single-bit representative was found for multibit lib cell 'saed14rvt_ff0p88v125c/SAEDRVT14_FSDN4_V2_1'. (SQM-2004)
Information: No single-bit representative was found for multibit lib cell 'saed14rvt_ff0p88v125c/SAEDRVT14_FSDN4_V2_2'. (SQM-2004)
Information: No single-bit representative was found for multibit lib cell 'saed14rvt_ff0p88v125c/SAEDRVT14_FSDN4_V2_4'. (SQM-2004)
Warning: Found 8 multibit sequential library cells that have missing/added attributes or have restrictions that prevent them from banking. (SQM-1053)
0 sequential multibit library cells have restrictions (dont_use or dont_touch).
8 sequential multibit library cells have missing sequential mapping relevant attributes
Warning: No site rows found in floorplan. (LGL-397)
Warning: No site rows found in floorplan. (LGL-397)
Warning: No site rows found in floorplan. (LGL-397)
Warning: No site rows found in floorplan. (LGL-397)
Information: Register Bits Before Sharing = 328, After Sharing = 328, Savings = 0 (SQM-2000)
Information: 6 out of 16 SQM-1061 messages were not printed due to limit 10 (after 'compile_fusion' at task3_base.tcl:43) (MSG-3913)
Information: 3 out of 8 SQM-1079 messages were not printed due to limit 5 (after 'compile_fusion' at task3_base.tcl:43) (MSG-3913)
Information: Ending   compile_fusion / initial_map / Logic Simplification (1) / Constant and Equal Register Detection (FLW-8001)
Information: Time: 2025-06-11 00:21:40 / Session:  00:00:19 / Command:  00:00:11 / CPU:  00:00:12 / Memory: 951 MB (FLW-8100)
Information: CPU Load: 27%, Ram Free: 44 GB, Swap Free: 1 GB, Work Disk Free: 308 GB, Tmp Disk Free: 308 GB (MSG-3995)
Information: Starting compile_fusion / initial_map / Logic Simplification (1) / Register Merging (FLW-8000)
Information: Time: 2025-06-11 00:21:40 / Session:  00:00:19 / Command:  00:00:11 / CPU:  00:00:12 / Memory: 951 MB (FLW-8100)
Information: CPU Load: 27%, Ram Free: 44 GB, Swap Free: 1 GB, Work Disk Free: 308 GB, Tmp Disk Free: 308 GB (MSG-3995)
Information: Ending   compile_fusion / initial_map / Logic Simplification (1) / Register Merging (FLW-8001)
Information: Time: 2025-06-11 00:21:40 / Session:  00:00:19 / Command:  00:00:11 / CPU:  00:00:12 / Memory: 951 MB (FLW-8100)
Information: CPU Load: 27%, Ram Free: 44 GB, Swap Free: 1 GB, Work Disk Free: 308 GB, Tmp Disk Free: 308 GB (MSG-3995)
Information: Starting compile_fusion / initial_map / Logic Simplification (1) / Constant Propagation and Register Optimization (FLW-8000)
Information: Time: 2025-06-11 00:21:40 / Session:  00:00:19 / Command:  00:00:11 / CPU:  00:00:12 / Memory: 951 MB (FLW-8100)
Information: CPU Load: 27%, Ram Free: 44 GB, Swap Free: 1 GB, Work Disk Free: 308 GB, Tmp Disk Free: 308 GB (MSG-3995)
Warning: No site rows found in floorplan. (LGL-397)
Warning: No site rows found in floorplan. (LGL-397)
Warning: No site rows found in floorplan. (LGL-397)
Warning: No site rows found in floorplan. (LGL-397)
Warning: No site rows found in floorplan. (LGL-397)
Warning: No site rows found in floorplan. (LGL-397)
Warning: No site rows found in floorplan. (LGL-397)
Warning: No site rows found in floorplan. (LGL-397)
Information: Ending   compile_fusion / initial_map / Logic Simplification (1) / Constant Propagation and Register Optimization (FLW-8001)
Information: Time: 2025-06-11 00:21:40 / Session:  00:00:19 / Command:  00:00:12 / CPU:  00:00:13 / Memory: 951 MB (FLW-8100)
Information: CPU Load: 27%, Ram Free: 44 GB, Swap Free: 1 GB, Work Disk Free: 308 GB, Tmp Disk Free: 308 GB (MSG-3995)
Information: Ending   compile_fusion / initial_map / Logic Simplification (1) (FLW-8001)
Information: Time: 2025-06-11 00:21:40 / Session:  00:00:19 / Command:  00:00:12 / CPU:  00:00:13 / Memory: 951 MB (FLW-8100)
Information: CPU Load: 27%, Ram Free: 44 GB, Swap Free: 1 GB, Work Disk Free: 308 GB, Tmp Disk Free: 308 GB (MSG-3995)
Warning: No site rows found in floorplan. (LGL-397)
Warning: No site rows found in floorplan. (LGL-397)
Warning: No site rows found in floorplan. (LGL-397)
Warning: No site rows found in floorplan. (LGL-397)
Information: Starting compile_fusion / initial_map / High-Level Optimization and Technology Mapping (1) (FLW-8000)
Information: Time: 2025-06-11 00:21:41 / Session:  00:00:20 / Command:  00:00:12 / CPU:  00:00:13 / Memory: 951 MB (FLW-8100)
Information: CPU Load: 27%, Ram Free: 44 GB, Swap Free: 1 GB, Work Disk Free: 308 GB, Tmp Disk Free: 308 GB (MSG-3995)
Information: Timer using 12 threads
Information: Ending   compile_fusion / initial_map / High-Level Optimization and Technology Mapping (1) (FLW-8001)
Information: Time: 2025-06-11 00:21:43 / Session:  00:00:22 / Command:  00:00:14 / CPU:  00:00:16 / Memory: 951 MB (FLW-8100)
Information: CPU Load: 27%, Ram Free: 44 GB, Swap Free: 1 GB, Work Disk Free: 308 GB, Tmp Disk Free: 308 GB (MSG-3995)
Information: Starting compile_fusion / initial_map / High-Level Optimization and Technology Mapping (2) (FLW-8000)
Information: Time: 2025-06-11 00:21:43 / Session:  00:00:22 / Command:  00:00:14 / CPU:  00:00:16 / Memory: 951 MB (FLW-8100)
Information: CPU Load: 27%, Ram Free: 44 GB, Swap Free: 1 GB, Work Disk Free: 308 GB, Tmp Disk Free: 308 GB (MSG-3995)
Information: Added key list 'DesignWare' to design 'dut_toplevel'. (DWS-0216)
Warning: No cell bus will be mapped to multibit because multibit mapping has been disabled by user. (SQM-1034)
Warning: Shift register Inferencing is enabled so only head flop will be replaced with scan cell and not all registers in shift register chains are scan replaced. (SQM-1074)
Information: Ending   compile_fusion / initial_map / High-Level Optimization and Technology Mapping (2) (FLW-8001)
Information: Time: 2025-06-11 00:21:44 / Session:  00:00:23 / Command:  00:00:15 / CPU:  00:00:18 / Memory: 951 MB (FLW-8100)
Information: CPU Load: 27%, Ram Free: 44 GB, Swap Free: 1 GB, Work Disk Free: 308 GB, Tmp Disk Free: 308 GB (MSG-3995)
Information: Starting compile_fusion / initial_map / DFT Core Wrapper Analysis (FLW-8000)
Information: Time: 2025-06-11 00:21:44 / Session:  00:00:23 / Command:  00:00:15 / CPU:  00:00:18 / Memory: 951 MB (FLW-8100)
Information: CPU Load: 27%, Ram Free: 44 GB, Swap Free: 1 GB, Work Disk Free: 308 GB, Tmp Disk Free: 308 GB (MSG-3995)
Information: Ending   compile_fusion / initial_map / DFT Core Wrapper Analysis (FLW-8001)
Information: Time: 2025-06-11 00:21:44 / Session:  00:00:23 / Command:  00:00:15 / CPU:  00:00:18 / Memory: 951 MB (FLW-8100)
Information: CPU Load: 27%, Ram Free: 44 GB, Swap Free: 1 GB, Work Disk Free: 308 GB, Tmp Disk Free: 308 GB (MSG-3995)
Information: Starting compile_fusion / initial_map / Logic Simplification (2) (FLW-8000)
Information: Time: 2025-06-11 00:21:44 / Session:  00:00:23 / Command:  00:00:15 / CPU:  00:00:18 / Memory: 951 MB (FLW-8100)
Information: CPU Load: 27%, Ram Free: 44 GB, Swap Free: 1 GB, Work Disk Free: 308 GB, Tmp Disk Free: 308 GB (MSG-3995)
Information: Register Bits Before Sharing = 328, After Sharing = 328, Savings = 0 (SQM-2000)
Information: Starting compile_fusion / initial_map / Logic Simplification (2) / Constant Propagation and Register Optimization (FLW-8000)
Information: Time: 2025-06-11 00:21:44 / Session:  00:00:23 / Command:  00:00:16 / CPU:  00:00:19 / Memory: 951 MB (FLW-8100)
Information: CPU Load: 27%, Ram Free: 44 GB, Swap Free: 1 GB, Work Disk Free: 308 GB, Tmp Disk Free: 308 GB (MSG-3995)
Information: Ending   compile_fusion / initial_map / Logic Simplification (2) / Constant Propagation and Register Optimization (FLW-8001)
Information: Time: 2025-06-11 00:21:44 / Session:  00:00:23 / Command:  00:00:16 / CPU:  00:00:19 / Memory: 951 MB (FLW-8100)
Information: CPU Load: 27%, Ram Free: 44 GB, Swap Free: 1 GB, Work Disk Free: 308 GB, Tmp Disk Free: 308 GB (MSG-3995)
Information: Ending   compile_fusion / initial_map / Logic Simplification (2) (FLW-8001)
Information: Time: 2025-06-11 00:21:44 / Session:  00:00:23 / Command:  00:00:16 / CPU:  00:00:19 / Memory: 951 MB (FLW-8100)
Information: CPU Load: 27%, Ram Free: 44 GB, Swap Free: 1 GB, Work Disk Free: 308 GB, Tmp Disk Free: 308 GB (MSG-3995)
Information: Result of compile_fusion / initial_map / Clock Gate Insertion (FLW-8500)
--------------------------------------------------------------------------------
|                             Clock Gating Options                             |
--------------------------------------------------------------------------------
|         Objects         |    Minimum Bitwidth     |      Maximum Fanout      |
--------------------------+-------------------------+---------------------------
|   top-level (design)    |          3 (d)          |      Unlimited (d)       |
--------------------------------------------------------------------------------

Number of Pre-Existing Clock Gates with dont touch attribute: 0
Number of ICG library cells with CTS purpose: 19
--------------------------------------------------------------------------------
                          Tool Gated Register Summary                           
--------------------------------------------------------------------------------
Clock Gating Type                   | Number of   | Register Count | Equivalent 
                                    | Clock Gates |                | Bitwidth   
--------------------------------------------------------------------------------
Regular Clock Gating                |          11 |            319 |        319
--------------------------------------------------------------------------------
--------------------------------------------------------------------------------
                 Regular Clock Gating Ungated Register Summary                  
--------------------------------------------------------------------------------
 Ungated Reason                                            | Count | Bitwidth   
--------------------------------------------------------------------------------
 Enable is Constant One.                                   |     2 |        2
 Partial Minimum Bitwidth Not Met.                         |     7 |        7
--------------------------------------------------------------------------------
Compile-fusion optimization summary            SETUP-COST    R2R-COST HOLD-COST LDRC-COST          AREA     LEAKAGE     INSTCNT            ELAPSE       MEM
Compile-fusion                                          -           -         -         -        906.51           -        1211              0.01       951
Information: Ending   compile_fusion / initial_map (FLW-8001)
Information: Time: 2025-06-11 00:21:44 / Session:  00:00:24 / Command:  00:00:16 / CPU:  00:00:19 / Memory: 951 MB (FLW-8100)
Information: CPU Load: 27%, Ram Free: 44 GB, Swap Free: 1 GB, Work Disk Free: 308 GB, Tmp Disk Free: 308 GB (MSG-3995)

Information: >>>>>>> 7 unique error and warning message tags while observing compile_fusion / initial_map: (MSG-3100)
Information: #prnt #trgr #lmt    Tag  Level     Format (or last printed message)                                (MSG-3036)
Information:    15    16  5 SQM-1079  WARNING   Warning: Skipping check for single_bit_degenerate attribute ... (MSG-3032)
Information:    10    21 10 SQM-1077  WARNING   Warning: Library cell saed14rvt_ff0p88v125c/SAEDRVT14_FSDPRB... (MSG-3032)
Information:     1     1  1 SQM-1074  WARNING   Warning: Shift register Inferencing is enabled so only head ... (MSG-3032)
Information:    30    32 10 SQM-1061  WARNING   Warning: Cannot infer functionality of libcell 'saed14rvt_ff... (MSG-3032)
Information:     3     2 10 SQM-1053  WARNING   Warning: Found 8 multibit sequential library cells that have... (MSG-3032)
Information:     1     1  1 SQM-1034  WARNING   Warning: No cell bus will be mapped to multibit because mult... (MSG-3032)
Information:    41    31  0 LGL-397   WARNING   Warning: No site rows found in floorplan. (LGL-397)             (MSG-3032)
Information:   101   104  6        7  <------   Total sum of messages (MSG-3038)
Information: >>>>>>> Summary: 104 error&warning MSGs observed during compile_fusion / initial_map (MSG-3103)

----------------------------------------------------------------------------------------------------------
Information: Starting compile_fusion / logic_opto (FLW-8000)
Information: Time: 2025-06-11 00:21:44 / Session:  00:00:24 / Command:  00:00:16 / CPU:  00:00:19 / Memory: 951 MB (FLW-8100)
Information: CPU Load: 27%, Ram Free: 44 GB, Swap Free: 1 GB, Work Disk Free: 308 GB, Tmp Disk Free: 308 GB (MSG-3995)
----------------------------------------------------------------------------------------------------------
Information: Starting compile_fusion / logic_opto / Load Design (FLW-8000)
Information: Time: 2025-06-11 00:21:44 / Session:  00:00:24 / Command:  00:00:16 / CPU:  00:00:19 / Memory: 951 MB (FLW-8100)
Information: CPU Load: 27%, Ram Free: 44 GB, Swap Free: 1 GB, Work Disk Free: 308 GB, Tmp Disk Free: 308 GB (MSG-3995)
Information: Initializing core and die (AFP-1001)
Information: Initializing rows (AFP-1003)
Information: Initializing tracks (AFP-1004)
Information: Generated core area = 1273.125610 (AFP-2021)
Information: Generated core boundary = { {0 0} {0 35.4} {35.964 35.4} {35.964 0} } (AFP-2022)
Information: Change threshold for extractor is reset. (FLW-1300)
Information: The stitching and editing of coupling caps is turned OFF for design 'dut_toplevel.dlib:dut_toplevel/mcmm_and_logic_opto_full_power.design'. (TIM-125)
Information: Ending   compile_fusion / logic_opto / Load Design (FLW-8001)
Information: Time: 2025-06-11 00:21:45 / Session:  00:00:24 / Command:  00:00:16 / CPU:  00:00:21 / Memory: 1006 MB (FLW-8100)
Information: CPU Load: 26%, Ram Free: 44 GB, Swap Free: 1 GB, Work Disk Free: 308 GB, Tmp Disk Free: 308 GB (MSG-3995)
Information: Starting compile_fusion / logic_opto / Clock Gate Re-structuring (FLW-8000)
Information: Time: 2025-06-11 00:21:45 / Session:  00:00:24 / Command:  00:00:16 / CPU:  00:00:21 / Memory: 1006 MB (FLW-8100)
Information: CPU Load: 26%, Ram Free: 44 GB, Swap Free: 1 GB, Work Disk Free: 308 GB, Tmp Disk Free: 308 GB (MSG-3995)
Information: Result of compile_fusion / logic_opto / Clock Gate Re-structuring (FLW-8500)
Number of Pre-Existing Clock Gates with dont touch attribute: 0
Number of ICG library cells with CTS purpose: 19
--------------------------------------------------------------------------------
                          Tool Gated Register Summary                           
--------------------------------------------------------------------------------
Clock Gating Type                   | Number of   | Register Count | Equivalent 
                                    | Clock Gates |                | Bitwidth   
--------------------------------------------------------------------------------
Regular Clock Gating                |          11 |            319 |        319
--------------------------------------------------------------------------------
--------------------------------------------------------------------------------
                 Regular Clock Gating Ungated Register Summary                  
--------------------------------------------------------------------------------
 Ungated Reason                                            | Count | Bitwidth   
--------------------------------------------------------------------------------
 Enable is Constant One.                                   |     2 |        2
 Partial Minimum Bitwidth Not Met.                         |     7 |        7
--------------------------------------------------------------------------------
Information: Ending   compile_fusion / logic_opto / Clock Gate Re-structuring (FLW-8001)
Information: Time: 2025-06-11 00:21:45 / Session:  00:00:24 / Command:  00:00:16 / CPU:  00:00:21 / Memory: 1018 MB (FLW-8100)
Information: CPU Load: 26%, Ram Free: 44 GB, Swap Free: 1 GB, Work Disk Free: 308 GB, Tmp Disk Free: 308 GB (MSG-3995)
Warning: Duplicate callback function set for step 'fc/logic_opto/dwProcessPrecond1' (FLW-2224)
Warning: Duplicate callback function set for step 'fc/logic_opto/dwProcessPrecond1' (FLW-2224)
Information: Starting compile_fusion / logic_opto / Optimization (1) (FLW-8000)
Information: Time: 2025-06-11 00:21:45 / Session:  00:00:24 / Command:  00:00:16 / CPU:  00:00:21 / Memory: 1018 MB (FLW-8100)
Information: CPU Load: 26%, Ram Free: 44 GB, Swap Free: 1 GB, Work Disk Free: 308 GB, Tmp Disk Free: 308 GB (MSG-3995)
Information: The stitching and editing of coupling caps is turned OFF for design 'dut_toplevel.dlib:dut_toplevel/mcmm_and_logic_opto_full_power.design'. (TIM-125)
Information: Starting compile_fusion / logic_opto / Optimization (1) / Logic Simplification and Register Optimization (FLW-8000)
Information: Time: 2025-06-11 00:21:48 / Session:  00:00:27 / Command:  00:00:19 / CPU:  00:00:24 / Memory: 1086 MB (FLW-8100)
Information: CPU Load: 26%, Ram Free: 44 GB, Swap Free: 1 GB, Work Disk Free: 308 GB, Tmp Disk Free: 308 GB (MSG-3995)
Warning: Cannot infer functionality of libcell 'saed14rvt_ff0p88v125c/SAEDRVT14_FDNRBSBQ_V2_0P5' and will be excluded from sequential mapping. (SQM-1061)
Warning: Cannot infer functionality of libcell 'saed14rvt_ff0p88v125c/SAEDRVT14_FDNRBSBQ_V2_1' and will be excluded from sequential mapping. (SQM-1061)
Warning: Cannot infer functionality of libcell 'saed14rvt_ff0p88v125c/SAEDRVT14_FDNRBSBQ_V2_2' and will be excluded from sequential mapping. (SQM-1061)
Warning: Cannot infer functionality of libcell 'saed14rvt_ff0p88v125c/SAEDRVT14_FDNRBSBQ_V2_4' and will be excluded from sequential mapping. (SQM-1061)
Warning: Cannot infer functionality of libcell 'saed14rvt_ff0p88v125c/SAEDRVT14_FDPRBSBQ_V2_0P5' and will be excluded from sequential mapping. (SQM-1061)
Warning: Cannot infer functionality of libcell 'saed14rvt_ff0p88v125c/SAEDRVT14_FDPRBSBQ_V2_1' and will be excluded from sequential mapping. (SQM-1061)
Warning: Cannot infer functionality of libcell 'saed14rvt_ff0p88v125c/SAEDRVT14_FDPRBSBQ_V2_2' and will be excluded from sequential mapping. (SQM-1061)
Warning: Cannot infer functionality of libcell 'saed14rvt_ff0p88v125c/SAEDRVT14_FDPRBSBQ_V2_4' and will be excluded from sequential mapping. (SQM-1061)
Warning: Cannot infer functionality of libcell 'saed14rvt_ff0p88v125c/SAEDRVT14_FSDPRBSBQ_V2LP_0P5' and will be excluded from sequential mapping. (SQM-1061)
Warning: Cannot infer functionality of libcell 'saed14rvt_ff0p88v125c/SAEDRVT14_FSDPRBSBQ_V2LP_2' and will be excluded from sequential mapping. (SQM-1061)
Warning: Skipping check for single_bit_degenerate attribute on the multibit libcell 'saed14rvt_ff0p88v125c/SAEDRVT14_FSDN2_V2_0P5' since it is not a black-box. (SQM-1079)
Information: No single-bit representative was found for multibit lib cell 'saed14rvt_ff0p88v125c/SAEDRVT14_FSDN2_V2_0P5'. (SQM-2004)
Warning: Skipping check for single_bit_degenerate attribute on the multibit libcell 'saed14rvt_ff0p88v125c/SAEDRVT14_FSDN2_V2_1' since it is not a black-box. (SQM-1079)
Information: No single-bit representative was found for multibit lib cell 'saed14rvt_ff0p88v125c/SAEDRVT14_FSDN2_V2_1'. (SQM-2004)
Warning: Skipping check for single_bit_degenerate attribute on the multibit libcell 'saed14rvt_ff0p88v125c/SAEDRVT14_FSDN2_V2_2' since it is not a black-box. (SQM-1079)
Information: No single-bit representative was found for multibit lib cell 'saed14rvt_ff0p88v125c/SAEDRVT14_FSDN2_V2_2'. (SQM-2004)
Warning: Skipping check for single_bit_degenerate attribute on the multibit libcell 'saed14rvt_ff0p88v125c/SAEDRVT14_FSDN2_V2_4' since it is not a black-box. (SQM-1079)
Information: No single-bit representative was found for multibit lib cell 'saed14rvt_ff0p88v125c/SAEDRVT14_FSDN2_V2_4'. (SQM-2004)
Warning: Skipping check for single_bit_degenerate attribute on the multibit libcell 'saed14rvt_ff0p88v125c/SAEDRVT14_FSDN4_V2_0P5' since it is not a black-box. (SQM-1079)
Information: No single-bit representative was found for multibit lib cell 'saed14rvt_ff0p88v125c/SAEDRVT14_FSDN4_V2_0P5'. (SQM-2004)
Information: No single-bit representative was found for multibit lib cell 'saed14rvt_ff0p88v125c/SAEDRVT14_FSDN4_V2_1'. (SQM-2004)
Information: No single-bit representative was found for multibit lib cell 'saed14rvt_ff0p88v125c/SAEDRVT14_FSDN4_V2_2'. (SQM-2004)
Information: No single-bit representative was found for multibit lib cell 'saed14rvt_ff0p88v125c/SAEDRVT14_FSDN4_V2_4'. (SQM-2004)
Warning: Found 8 multibit sequential library cells that have missing/added attributes or have restrictions that prevent them from banking. (SQM-1053)
Information: 6 out of 16 SQM-1061 messages were not printed due to limit 10 (after 'compile_fusion' at task3_base.tcl:43) (MSG-3913)
Information: 3 out of 8 SQM-1079 messages were not printed due to limit 5 (after 'compile_fusion' at task3_base.tcl:43) (MSG-3913)
Information: Ending   compile_fusion / logic_opto / Optimization (1) / Logic Simplification and Register Optimization (FLW-8001)
Information: Time: 2025-06-11 00:21:48 / Session:  00:00:27 / Command:  00:00:19 / CPU:  00:00:24 / Memory: 1095 MB (FLW-8100)
Information: CPU Load: 26%, Ram Free: 44 GB, Swap Free: 1 GB, Work Disk Free: 308 GB, Tmp Disk Free: 308 GB (MSG-3995)
Warning: No clock routing rules were specified. Use set_clock_routing_rules to specify routing rules for accurate clock latency estimation. (OPT-902)
Warning: No clock routing rules were specified. Use set_clock_routing_rules to specify routing rules for accurate clock latency estimation. (OPT-902)
Information: Estimating clock gate latencies for scenario 'PowerSave_Slow'. (OPT-909)
Warning: No clock routing rules were specified. Use set_clock_routing_rules to specify routing rules for accurate clock latency estimation. (OPT-902)
Information: Estimating clock gate latencies for scenario 'Normal_Slow'. (OPT-909)
Warning: Cannot infer functionality of libcell 'saed14rvt_ff0p88v125c/SAEDRVT14_FDNRBSBQ_V2_0P5' and will be excluded from sequential mapping. (SQM-1061)
Warning: Cannot infer functionality of libcell 'saed14rvt_ff0p88v125c/SAEDRVT14_FDNRBSBQ_V2_1' and will be excluded from sequential mapping. (SQM-1061)
Warning: Cannot infer functionality of libcell 'saed14rvt_ff0p88v125c/SAEDRVT14_FDNRBSBQ_V2_2' and will be excluded from sequential mapping. (SQM-1061)
Warning: Cannot infer functionality of libcell 'saed14rvt_ff0p88v125c/SAEDRVT14_FDNRBSBQ_V2_4' and will be excluded from sequential mapping. (SQM-1061)
Warning: Cannot infer functionality of libcell 'saed14rvt_ff0p88v125c/SAEDRVT14_FDPRBSBQ_V2_0P5' and will be excluded from sequential mapping. (SQM-1061)
Warning: Cannot infer functionality of libcell 'saed14rvt_ff0p88v125c/SAEDRVT14_FDPRBSBQ_V2_1' and will be excluded from sequential mapping. (SQM-1061)
Warning: Cannot infer functionality of libcell 'saed14rvt_ff0p88v125c/SAEDRVT14_FDPRBSBQ_V2_2' and will be excluded from sequential mapping. (SQM-1061)
Warning: Cannot infer functionality of libcell 'saed14rvt_ff0p88v125c/SAEDRVT14_FDPRBSBQ_V2_4' and will be excluded from sequential mapping. (SQM-1061)
Warning: Cannot infer functionality of libcell 'saed14rvt_ff0p88v125c/SAEDRVT14_FSDPRBSBQ_V2LP_0P5' and will be excluded from sequential mapping. (SQM-1061)
Warning: Cannot infer functionality of libcell 'saed14rvt_ff0p88v125c/SAEDRVT14_FSDPRBSBQ_V2LP_2' and will be excluded from sequential mapping. (SQM-1061)
Warning: Skipping check for single_bit_degenerate attribute on the multibit libcell 'saed14rvt_ff0p88v125c/SAEDRVT14_FSDN2_V2_0P5' since it is not a black-box. (SQM-1079)
Information: No single-bit representative was found for multibit lib cell 'saed14rvt_ff0p88v125c/SAEDRVT14_FSDN2_V2_0P5'. (SQM-2004)
Warning: Skipping check for single_bit_degenerate attribute on the multibit libcell 'saed14rvt_ff0p88v125c/SAEDRVT14_FSDN2_V2_1' since it is not a black-box. (SQM-1079)
Information: No single-bit representative was found for multibit lib cell 'saed14rvt_ff0p88v125c/SAEDRVT14_FSDN2_V2_1'. (SQM-2004)
Warning: Skipping check for single_bit_degenerate attribute on the multibit libcell 'saed14rvt_ff0p88v125c/SAEDRVT14_FSDN2_V2_2' since it is not a black-box. (SQM-1079)
Information: No single-bit representative was found for multibit lib cell 'saed14rvt_ff0p88v125c/SAEDRVT14_FSDN2_V2_2'. (SQM-2004)
Warning: Skipping check for single_bit_degenerate attribute on the multibit libcell 'saed14rvt_ff0p88v125c/SAEDRVT14_FSDN2_V2_4' since it is not a black-box. (SQM-1079)
Information: No single-bit representative was found for multibit lib cell 'saed14rvt_ff0p88v125c/SAEDRVT14_FSDN2_V2_4'. (SQM-2004)
Warning: Skipping check for single_bit_degenerate attribute on the multibit libcell 'saed14rvt_ff0p88v125c/SAEDRVT14_FSDN4_V2_0P5' since it is not a black-box. (SQM-1079)
Information: No single-bit representative was found for multibit lib cell 'saed14rvt_ff0p88v125c/SAEDRVT14_FSDN4_V2_0P5'. (SQM-2004)
Information: No single-bit representative was found for multibit lib cell 'saed14rvt_ff0p88v125c/SAEDRVT14_FSDN4_V2_1'. (SQM-2004)
Information: No single-bit representative was found for multibit lib cell 'saed14rvt_ff0p88v125c/SAEDRVT14_FSDN4_V2_2'. (SQM-2004)
Information: No single-bit representative was found for multibit lib cell 'saed14rvt_ff0p88v125c/SAEDRVT14_FSDN4_V2_4'. (SQM-2004)
Warning: Found 8 multibit sequential library cells that have missing/added attributes or have restrictions that prevent them from banking. (SQM-1053)
Information: 6 out of 16 SQM-1061 messages were not printed due to limit 10 (after 'compile_fusion' at task3_base.tcl:43) (MSG-3913)
Information: 3 out of 8 SQM-1079 messages were not printed due to limit 5 (after 'compile_fusion' at task3_base.tcl:43) (MSG-3913)
Information: Doing activity propagation for mode 'Normal' and corner 'Fast' with effort level 'medium'. (POW-024)
Information: Timer-derived activity data is cached on scenario Normal_Fast (POW-052)
Information: Doing activity propagation for mode 'PowerSave' and corner 'Typical' with effort level 'medium'. (POW-024)
Information: Timer-derived activity data is cached on scenario PowerSave_Typical (POW-052)
Information: Propagated activity on scenario Normal_Slow identical to that on Normal_Fast (POW-006)
Information: Propagated activity on scenario Normal_Typical identical to that on Normal_Fast (POW-006)
Information: Propagated activity on scenario PowerSave_Fast identical to that on PowerSave_Typical (POW-006)
Information: Propagated activity on scenario PowerSave_Slow identical to that on PowerSave_Fast (POW-006)
Information: Starting compile_fusion / logic_opto / Optimization (1) / Timing Optimization and DesignWare Reselection (FLW-8000)
Information: Time: 2025-06-11 00:21:51 / Session:  00:00:30 / Command:  00:00:22 / CPU:  00:00:41 / Memory: 1127 MB (FLW-8100)
Information: CPU Load: 32%, Ram Free: 44 GB, Swap Free: 1 GB, Work Disk Free: 308 GB, Tmp Disk Free: 308 GB (MSG-3995)
Warning: Cannot infer functionality of libcell 'saed14rvt_ff0p88v125c/SAEDRVT14_FDNRBSBQ_V2_0P5' and will be excluded from sequential mapping. (SQM-1061)
Warning: Cannot infer functionality of libcell 'saed14rvt_ff0p88v125c/SAEDRVT14_FDNRBSBQ_V2_1' and will be excluded from sequential mapping. (SQM-1061)
Warning: Cannot infer functionality of libcell 'saed14rvt_ff0p88v125c/SAEDRVT14_FDNRBSBQ_V2_2' and will be excluded from sequential mapping. (SQM-1061)
Warning: Cannot infer functionality of libcell 'saed14rvt_ff0p88v125c/SAEDRVT14_FDNRBSBQ_V2_4' and will be excluded from sequential mapping. (SQM-1061)
Warning: Cannot infer functionality of libcell 'saed14rvt_ff0p88v125c/SAEDRVT14_FDPRBSBQ_V2_0P5' and will be excluded from sequential mapping. (SQM-1061)
Warning: Cannot infer functionality of libcell 'saed14rvt_ff0p88v125c/SAEDRVT14_FDPRBSBQ_V2_1' and will be excluded from sequential mapping. (SQM-1061)
Warning: Cannot infer functionality of libcell 'saed14rvt_ff0p88v125c/SAEDRVT14_FDPRBSBQ_V2_2' and will be excluded from sequential mapping. (SQM-1061)
Warning: Cannot infer functionality of libcell 'saed14rvt_ff0p88v125c/SAEDRVT14_FDPRBSBQ_V2_4' and will be excluded from sequential mapping. (SQM-1061)
Warning: Cannot infer functionality of libcell 'saed14rvt_ff0p88v125c/SAEDRVT14_FSDPRBSBQ_V2LP_0P5' and will be excluded from sequential mapping. (SQM-1061)
Warning: Cannot infer functionality of libcell 'saed14rvt_ff0p88v125c/SAEDRVT14_FSDPRBSBQ_V2LP_2' and will be excluded from sequential mapping. (SQM-1061)
Warning: Skipping check for single_bit_degenerate attribute on the multibit libcell 'saed14rvt_ff0p88v125c/SAEDRVT14_FSDN2_V2_0P5' since it is not a black-box. (SQM-1079)
Information: No single-bit representative was found for multibit lib cell 'saed14rvt_ff0p88v125c/SAEDRVT14_FSDN2_V2_0P5'. (SQM-2004)
Warning: Skipping check for single_bit_degenerate attribute on the multibit libcell 'saed14rvt_ff0p88v125c/SAEDRVT14_FSDN2_V2_1' since it is not a black-box. (SQM-1079)
Information: No single-bit representative was found for multibit lib cell 'saed14rvt_ff0p88v125c/SAEDRVT14_FSDN2_V2_1'. (SQM-2004)
Warning: Skipping check for single_bit_degenerate attribute on the multibit libcell 'saed14rvt_ff0p88v125c/SAEDRVT14_FSDN2_V2_2' since it is not a black-box. (SQM-1079)
Information: No single-bit representative was found for multibit lib cell 'saed14rvt_ff0p88v125c/SAEDRVT14_FSDN2_V2_2'. (SQM-2004)
Warning: Skipping check for single_bit_degenerate attribute on the multibit libcell 'saed14rvt_ff0p88v125c/SAEDRVT14_FSDN2_V2_4' since it is not a black-box. (SQM-1079)
Information: No single-bit representative was found for multibit lib cell 'saed14rvt_ff0p88v125c/SAEDRVT14_FSDN2_V2_4'. (SQM-2004)
Warning: Skipping check for single_bit_degenerate attribute on the multibit libcell 'saed14rvt_ff0p88v125c/SAEDRVT14_FSDN4_V2_0P5' since it is not a black-box. (SQM-1079)
Information: No single-bit representative was found for multibit lib cell 'saed14rvt_ff0p88v125c/SAEDRVT14_FSDN4_V2_0P5'. (SQM-2004)
Information: No single-bit representative was found for multibit lib cell 'saed14rvt_ff0p88v125c/SAEDRVT14_FSDN4_V2_1'. (SQM-2004)
Information: No single-bit representative was found for multibit lib cell 'saed14rvt_ff0p88v125c/SAEDRVT14_FSDN4_V2_2'. (SQM-2004)
Information: No single-bit representative was found for multibit lib cell 'saed14rvt_ff0p88v125c/SAEDRVT14_FSDN4_V2_4'. (SQM-2004)
Warning: Found 8 multibit sequential library cells that have missing/added attributes or have restrictions that prevent them from banking. (SQM-1053)
Information: No single-bit representative was found for multibit lib cell 'saed14rvt_ff0p88v125c/SAEDRVT14_FSDN2_V2_0P5'. (SQM-2004)
Information: No single-bit representative was found for multibit lib cell 'saed14rvt_ff0p88v125c/SAEDRVT14_FSDN2_V2_1'. (SQM-2004)
Warning: Found 8 multibit sequential library cells that have missing/added attributes or have restrictions that prevent them from banking. (SQM-1053)
Warning: Found 8 multibit sequential library cells that have missing/added attributes or have restrictions that prevent them from banking. (SQM-1053)
Warning: Found 8 multibit sequential library cells that have missing/added attributes or have restrictions that prevent them from banking. (SQM-1053)
Warning: Found 8 multibit sequential library cells that have missing/added attributes or have restrictions that prevent them from banking. (SQM-1053)
Warning: Found 8 multibit sequential library cells that have missing/added attributes or have restrictions that prevent them from banking. (SQM-1053)
Warning: Found 8 multibit sequential library cells that have missing/added attributes or have restrictions that prevent them from banking. (SQM-1053)
Warning: Found 8 multibit sequential library cells that have missing/added attributes or have restrictions that prevent them from banking. (SQM-1053)
Warning: Found 8 multibit sequential library cells that have missing/added attributes or have restrictions that prevent them from banking. (SQM-1053)
Warning: Found 8 multibit sequential library cells that have missing/added attributes or have restrictions that prevent them from banking. (SQM-1053)
Information: 2 out of 12 SQM-1053 messages were not printed due to limit 10 (after 'compile_fusion' at task3_base.tcl:43) (MSG-3913)
Information: 182 out of 192 SQM-1061 messages were not printed due to limit 10 (after 'compile_fusion' at task3_base.tcl:43) (MSG-3913)
Information: 91 out of 96 SQM-1079 messages were not printed due to limit 5 (after 'compile_fusion' at task3_base.tcl:43) (MSG-3913)
Information: 86 out of 96 SQM-2004 messages were not printed due to limit 10 (after 'compile_fusion' at task3_base.tcl:43) (MSG-3913)
Warning: Cannot infer functionality of libcell 'saed14rvt_ff0p88v125c/SAEDRVT14_FDNRBSBQ_V2_0P5' and will be excluded from sequential mapping. (SQM-1061)
Warning: Cannot infer functionality of libcell 'saed14rvt_ff0p88v125c/SAEDRVT14_FDNRBSBQ_V2_1' and will be excluded from sequential mapping. (SQM-1061)
Warning: Cannot infer functionality of libcell 'saed14rvt_ff0p88v125c/SAEDRVT14_FDNRBSBQ_V2_2' and will be excluded from sequential mapping. (SQM-1061)
Warning: Cannot infer functionality of libcell 'saed14rvt_ff0p88v125c/SAEDRVT14_FDNRBSBQ_V2_4' and will be excluded from sequential mapping. (SQM-1061)
Warning: Cannot infer functionality of libcell 'saed14rvt_ff0p88v125c/SAEDRVT14_FDPRBSBQ_V2_0P5' and will be excluded from sequential mapping. (SQM-1061)
Warning: Cannot infer functionality of libcell 'saed14rvt_ff0p88v125c/SAEDRVT14_FDPRBSBQ_V2_1' and will be excluded from sequential mapping. (SQM-1061)
Warning: Cannot infer functionality of libcell 'saed14rvt_ff0p88v125c/SAEDRVT14_FDPRBSBQ_V2_2' and will be excluded from sequential mapping. (SQM-1061)
Warning: Cannot infer functionality of libcell 'saed14rvt_ff0p88v125c/SAEDRVT14_FDPRBSBQ_V2_4' and will be excluded from sequential mapping. (SQM-1061)
Warning: Cannot infer functionality of libcell 'saed14rvt_ff0p88v125c/SAEDRVT14_FSDPRBSBQ_V2LP_0P5' and will be excluded from sequential mapping. (SQM-1061)
Warning: Cannot infer functionality of libcell 'saed14rvt_ff0p88v125c/SAEDRVT14_FSDPRBSBQ_V2LP_2' and will be excluded from sequential mapping. (SQM-1061)
Warning: Skipping check for single_bit_degenerate attribute on the multibit libcell 'saed14rvt_ff0p88v125c/SAEDRVT14_FSDN2_V2_0P5' since it is not a black-box. (SQM-1079)
Information: No single-bit representative was found for multibit lib cell 'saed14rvt_ff0p88v125c/SAEDRVT14_FSDN2_V2_0P5'. (SQM-2004)
Warning: Skipping check for single_bit_degenerate attribute on the multibit libcell 'saed14rvt_ff0p88v125c/SAEDRVT14_FSDN2_V2_1' since it is not a black-box. (SQM-1079)
Information: No single-bit representative was found for multibit lib cell 'saed14rvt_ff0p88v125c/SAEDRVT14_FSDN2_V2_1'. (SQM-2004)
Warning: Skipping check for single_bit_degenerate attribute on the multibit libcell 'saed14rvt_ff0p88v125c/SAEDRVT14_FSDN2_V2_2' since it is not a black-box. (SQM-1079)
Information: No single-bit representative was found for multibit lib cell 'saed14rvt_ff0p88v125c/SAEDRVT14_FSDN2_V2_2'. (SQM-2004)
Warning: Skipping check for single_bit_degenerate attribute on the multibit libcell 'saed14rvt_ff0p88v125c/SAEDRVT14_FSDN2_V2_4' since it is not a black-box. (SQM-1079)
Information: No single-bit representative was found for multibit lib cell 'saed14rvt_ff0p88v125c/SAEDRVT14_FSDN2_V2_4'. (SQM-2004)
Warning: Skipping check for single_bit_degenerate attribute on the multibit libcell 'saed14rvt_ff0p88v125c/SAEDRVT14_FSDN4_V2_0P5' since it is not a black-box. (SQM-1079)
Information: No single-bit representative was found for multibit lib cell 'saed14rvt_ff0p88v125c/SAEDRVT14_FSDN4_V2_0P5'. (SQM-2004)
Information: No single-bit representative was found for multibit lib cell 'saed14rvt_ff0p88v125c/SAEDRVT14_FSDN4_V2_1'. (SQM-2004)
Information: No single-bit representative was found for multibit lib cell 'saed14rvt_ff0p88v125c/SAEDRVT14_FSDN4_V2_2'. (SQM-2004)
Information: No single-bit representative was found for multibit lib cell 'saed14rvt_ff0p88v125c/SAEDRVT14_FSDN4_V2_4'. (SQM-2004)
Warning: Found 8 multibit sequential library cells that have missing/added attributes or have restrictions that prevent them from banking. (SQM-1053)
Information: 6 out of 16 SQM-1061 messages were not printed due to limit 10 (after 'compile_fusion' at task3_base.tcl:43) (MSG-3913)
Information: 3 out of 8 SQM-1079 messages were not printed due to limit 5 (after 'compile_fusion' at task3_base.tcl:43) (MSG-3913)
[Tim-Power] Info: Cleared Leakage libCell cache.
Information: Ending   compile_fusion / logic_opto / Optimization (1) / Timing Optimization and DesignWare Reselection (FLW-8001)
Information: Time: 2025-06-11 00:21:53 / Session:  00:00:33 / Command:  00:00:25 / CPU:  00:00:46 / Memory: 1496 MB (FLW-8100)
Information: CPU Load: 32%, Ram Free: 44 GB, Swap Free: 1 GB, Work Disk Free: 308 GB, Tmp Disk Free: 308 GB (MSG-3995)
Information: Ending   compile_fusion / logic_opto / Optimization (1) (FLW-8001)
Information: Time: 2025-06-11 00:21:53 / Session:  00:00:33 / Command:  00:00:25 / CPU:  00:00:46 / Memory: 1496 MB (FLW-8100)
Information: CPU Load: 32%, Ram Free: 44 GB, Swap Free: 1 GB, Work Disk Free: 308 GB, Tmp Disk Free: 308 GB (MSG-3995)
Information: Starting compile_fusion / logic_opto / Register Retiming (FLW-8000)
Information: Time: 2025-06-11 00:21:53 / Session:  00:00:33 / Command:  00:00:25 / CPU:  00:00:46 / Memory: 1496 MB (FLW-8100)
Information: CPU Load: 32%, Ram Free: 44 GB, Swap Free: 1 GB, Work Disk Free: 308 GB, Tmp Disk Free: 308 GB (MSG-3995)
Warning: Cannot infer functionality of libcell 'saed14rvt_ff0p88v125c/SAEDRVT14_FDNRBSBQ_V2_0P5' and will be excluded from sequential mapping. (SQM-1061)
Warning: Cannot infer functionality of libcell 'saed14rvt_ff0p88v125c/SAEDRVT14_FDNRBSBQ_V2_1' and will be excluded from sequential mapping. (SQM-1061)
Warning: Cannot infer functionality of libcell 'saed14rvt_ff0p88v125c/SAEDRVT14_FDNRBSBQ_V2_2' and will be excluded from sequential mapping. (SQM-1061)
Warning: Cannot infer functionality of libcell 'saed14rvt_ff0p88v125c/SAEDRVT14_FDNRBSBQ_V2_4' and will be excluded from sequential mapping. (SQM-1061)
Warning: Cannot infer functionality of libcell 'saed14rvt_ff0p88v125c/SAEDRVT14_FDPRBSBQ_V2_0P5' and will be excluded from sequential mapping. (SQM-1061)
Warning: Cannot infer functionality of libcell 'saed14rvt_ff0p88v125c/SAEDRVT14_FDPRBSBQ_V2_1' and will be excluded from sequential mapping. (SQM-1061)
Warning: Cannot infer functionality of libcell 'saed14rvt_ff0p88v125c/SAEDRVT14_FDPRBSBQ_V2_2' and will be excluded from sequential mapping. (SQM-1061)
Warning: Cannot infer functionality of libcell 'saed14rvt_ff0p88v125c/SAEDRVT14_FDPRBSBQ_V2_4' and will be excluded from sequential mapping. (SQM-1061)
Warning: Cannot infer functionality of libcell 'saed14rvt_ff0p88v125c/SAEDRVT14_FSDPRBSBQ_V2LP_0P5' and will be excluded from sequential mapping. (SQM-1061)
Warning: Cannot infer functionality of libcell 'saed14rvt_ff0p88v125c/SAEDRVT14_FSDPRBSBQ_V2LP_2' and will be excluded from sequential mapping. (SQM-1061)
Warning: Skipping check for single_bit_degenerate attribute on the multibit libcell 'saed14rvt_ff0p88v125c/SAEDRVT14_FSDN2_V2_0P5' since it is not a black-box. (SQM-1079)
Information: No single-bit representative was found for multibit lib cell 'saed14rvt_ff0p88v125c/SAEDRVT14_FSDN2_V2_0P5'. (SQM-2004)
Warning: Skipping check for single_bit_degenerate attribute on the multibit libcell 'saed14rvt_ff0p88v125c/SAEDRVT14_FSDN2_V2_1' since it is not a black-box. (SQM-1079)
Information: No single-bit representative was found for multibit lib cell 'saed14rvt_ff0p88v125c/SAEDRVT14_FSDN2_V2_1'. (SQM-2004)
Warning: Skipping check for single_bit_degenerate attribute on the multibit libcell 'saed14rvt_ff0p88v125c/SAEDRVT14_FSDN2_V2_2' since it is not a black-box. (SQM-1079)
Information: No single-bit representative was found for multibit lib cell 'saed14rvt_ff0p88v125c/SAEDRVT14_FSDN2_V2_2'. (SQM-2004)
Warning: Skipping check for single_bit_degenerate attribute on the multibit libcell 'saed14rvt_ff0p88v125c/SAEDRVT14_FSDN2_V2_4' since it is not a black-box. (SQM-1079)
Information: No single-bit representative was found for multibit lib cell 'saed14rvt_ff0p88v125c/SAEDRVT14_FSDN2_V2_4'. (SQM-2004)
Warning: Skipping check for single_bit_degenerate attribute on the multibit libcell 'saed14rvt_ff0p88v125c/SAEDRVT14_FSDN4_V2_0P5' since it is not a black-box. (SQM-1079)
Information: No single-bit representative was found for multibit lib cell 'saed14rvt_ff0p88v125c/SAEDRVT14_FSDN4_V2_0P5'. (SQM-2004)
Information: No single-bit representative was found for multibit lib cell 'saed14rvt_ff0p88v125c/SAEDRVT14_FSDN4_V2_1'. (SQM-2004)
Information: No single-bit representative was found for multibit lib cell 'saed14rvt_ff0p88v125c/SAEDRVT14_FSDN4_V2_2'. (SQM-2004)
Information: No single-bit representative was found for multibit lib cell 'saed14rvt_ff0p88v125c/SAEDRVT14_FSDN4_V2_4'. (SQM-2004)
Warning: Found 8 multibit sequential library cells that have missing/added attributes or have restrictions that prevent them from banking. (SQM-1053)
Information: 6 out of 16 SQM-1061 messages were not printed due to limit 10 (after 'compile_fusion' at task3_base.tcl:43) (MSG-3913)
Information: 3 out of 8 SQM-1079 messages were not printed due to limit 5 (after 'compile_fusion' at task3_base.tcl:43) (MSG-3913)
Warning: Cannot infer functionality of libcell 'saed14rvt_ff0p88v125c/SAEDRVT14_FDNRBSBQ_V2_0P5' and will be excluded from sequential mapping. (SQM-1061)
Warning: Cannot infer functionality of libcell 'saed14rvt_ff0p88v125c/SAEDRVT14_FDNRBSBQ_V2_1' and will be excluded from sequential mapping. (SQM-1061)
Warning: Cannot infer functionality of libcell 'saed14rvt_ff0p88v125c/SAEDRVT14_FDNRBSBQ_V2_2' and will be excluded from sequential mapping. (SQM-1061)
Warning: Cannot infer functionality of libcell 'saed14rvt_ff0p88v125c/SAEDRVT14_FDNRBSBQ_V2_4' and will be excluded from sequential mapping. (SQM-1061)
Warning: Cannot infer functionality of libcell 'saed14rvt_ff0p88v125c/SAEDRVT14_FDPRBSBQ_V2_0P5' and will be excluded from sequential mapping. (SQM-1061)
Warning: Cannot infer functionality of libcell 'saed14rvt_ff0p88v125c/SAEDRVT14_FDPRBSBQ_V2_1' and will be excluded from sequential mapping. (SQM-1061)
Warning: Cannot infer functionality of libcell 'saed14rvt_ff0p88v125c/SAEDRVT14_FDPRBSBQ_V2_2' and will be excluded from sequential mapping. (SQM-1061)
Warning: Cannot infer functionality of libcell 'saed14rvt_ff0p88v125c/SAEDRVT14_FDPRBSBQ_V2_4' and will be excluded from sequential mapping. (SQM-1061)
Warning: Cannot infer functionality of libcell 'saed14rvt_ff0p88v125c/SAEDRVT14_FSDPRBSBQ_V2LP_0P5' and will be excluded from sequential mapping. (SQM-1061)
Warning: Cannot infer functionality of libcell 'saed14rvt_ff0p88v125c/SAEDRVT14_FSDPRBSBQ_V2LP_2' and will be excluded from sequential mapping. (SQM-1061)
Warning: Skipping check for single_bit_degenerate attribute on the multibit libcell 'saed14rvt_ff0p88v125c/SAEDRVT14_FSDN2_V2_0P5' since it is not a black-box. (SQM-1079)
Information: No single-bit representative was found for multibit lib cell 'saed14rvt_ff0p88v125c/SAEDRVT14_FSDN2_V2_0P5'. (SQM-2004)
Warning: Skipping check for single_bit_degenerate attribute on the multibit libcell 'saed14rvt_ff0p88v125c/SAEDRVT14_FSDN2_V2_1' since it is not a black-box. (SQM-1079)
Information: No single-bit representative was found for multibit lib cell 'saed14rvt_ff0p88v125c/SAEDRVT14_FSDN2_V2_1'. (SQM-2004)
Warning: Skipping check for single_bit_degenerate attribute on the multibit libcell 'saed14rvt_ff0p88v125c/SAEDRVT14_FSDN2_V2_2' since it is not a black-box. (SQM-1079)
Information: No single-bit representative was found for multibit lib cell 'saed14rvt_ff0p88v125c/SAEDRVT14_FSDN2_V2_2'. (SQM-2004)
Warning: Skipping check for single_bit_degenerate attribute on the multibit libcell 'saed14rvt_ff0p88v125c/SAEDRVT14_FSDN2_V2_4' since it is not a black-box. (SQM-1079)
Information: No single-bit representative was found for multibit lib cell 'saed14rvt_ff0p88v125c/SAEDRVT14_FSDN2_V2_4'. (SQM-2004)
Warning: Skipping check for single_bit_degenerate attribute on the multibit libcell 'saed14rvt_ff0p88v125c/SAEDRVT14_FSDN4_V2_0P5' since it is not a black-box. (SQM-1079)
Information: No single-bit representative was found for multibit lib cell 'saed14rvt_ff0p88v125c/SAEDRVT14_FSDN4_V2_0P5'. (SQM-2004)
Information: No single-bit representative was found for multibit lib cell 'saed14rvt_ff0p88v125c/SAEDRVT14_FSDN4_V2_1'. (SQM-2004)
Information: No single-bit representative was found for multibit lib cell 'saed14rvt_ff0p88v125c/SAEDRVT14_FSDN4_V2_2'. (SQM-2004)
Information: No single-bit representative was found for multibit lib cell 'saed14rvt_ff0p88v125c/SAEDRVT14_FSDN4_V2_4'. (SQM-2004)
Warning: Found 8 multibit sequential library cells that have missing/added attributes or have restrictions that prevent them from banking. (SQM-1053)
Information: Result of compile_fusion / logic_opto / Register Retiming (FLW-8500)
Information: No instance marked for retiming. (RTM-1031)
Information: 6 out of 16 SQM-1061 messages were not printed due to limit 10 (after 'compile_fusion' at task3_base.tcl:43) (MSG-3913)
Information: 3 out of 8 SQM-1079 messages were not printed due to limit 5 (after 'compile_fusion' at task3_base.tcl:43) (MSG-3913)
Warning: Cannot infer functionality of libcell 'saed14rvt_ff0p88v125c/SAEDRVT14_FDNRBSBQ_V2_0P5' and will be excluded from sequential mapping. (SQM-1061)
Warning: Cannot infer functionality of libcell 'saed14rvt_ff0p88v125c/SAEDRVT14_FDNRBSBQ_V2_1' and will be excluded from sequential mapping. (SQM-1061)
Warning: Cannot infer functionality of libcell 'saed14rvt_ff0p88v125c/SAEDRVT14_FDNRBSBQ_V2_2' and will be excluded from sequential mapping. (SQM-1061)
Warning: Cannot infer functionality of libcell 'saed14rvt_ff0p88v125c/SAEDRVT14_FDNRBSBQ_V2_4' and will be excluded from sequential mapping. (SQM-1061)
Warning: Cannot infer functionality of libcell 'saed14rvt_ff0p88v125c/SAEDRVT14_FDPRBSBQ_V2_0P5' and will be excluded from sequential mapping. (SQM-1061)
Warning: Cannot infer functionality of libcell 'saed14rvt_ff0p88v125c/SAEDRVT14_FDPRBSBQ_V2_1' and will be excluded from sequential mapping. (SQM-1061)
Warning: Cannot infer functionality of libcell 'saed14rvt_ff0p88v125c/SAEDRVT14_FDPRBSBQ_V2_2' and will be excluded from sequential mapping. (SQM-1061)
Warning: Cannot infer functionality of libcell 'saed14rvt_ff0p88v125c/SAEDRVT14_FDPRBSBQ_V2_4' and will be excluded from sequential mapping. (SQM-1061)
Warning: Cannot infer functionality of libcell 'saed14rvt_ff0p88v125c/SAEDRVT14_FSDPRBSBQ_V2LP_0P5' and will be excluded from sequential mapping. (SQM-1061)
Warning: Cannot infer functionality of libcell 'saed14rvt_ff0p88v125c/SAEDRVT14_FSDPRBSBQ_V2LP_2' and will be excluded from sequential mapping. (SQM-1061)
Warning: Skipping check for single_bit_degenerate attribute on the multibit libcell 'saed14rvt_ff0p88v125c/SAEDRVT14_FSDN2_V2_0P5' since it is not a black-box. (SQM-1079)
Information: No single-bit representative was found for multibit lib cell 'saed14rvt_ff0p88v125c/SAEDRVT14_FSDN2_V2_0P5'. (SQM-2004)
Warning: Skipping check for single_bit_degenerate attribute on the multibit libcell 'saed14rvt_ff0p88v125c/SAEDRVT14_FSDN2_V2_1' since it is not a black-box. (SQM-1079)
Information: No single-bit representative was found for multibit lib cell 'saed14rvt_ff0p88v125c/SAEDRVT14_FSDN2_V2_1'. (SQM-2004)
Warning: Skipping check for single_bit_degenerate attribute on the multibit libcell 'saed14rvt_ff0p88v125c/SAEDRVT14_FSDN2_V2_2' since it is not a black-box. (SQM-1079)
Information: No single-bit representative was found for multibit lib cell 'saed14rvt_ff0p88v125c/SAEDRVT14_FSDN2_V2_2'. (SQM-2004)
Warning: Skipping check for single_bit_degenerate attribute on the multibit libcell 'saed14rvt_ff0p88v125c/SAEDRVT14_FSDN2_V2_4' since it is not a black-box. (SQM-1079)
Information: No single-bit representative was found for multibit lib cell 'saed14rvt_ff0p88v125c/SAEDRVT14_FSDN2_V2_4'. (SQM-2004)
Warning: Skipping check for single_bit_degenerate attribute on the multibit libcell 'saed14rvt_ff0p88v125c/SAEDRVT14_FSDN4_V2_0P5' since it is not a black-box. (SQM-1079)
Information: No single-bit representative was found for multibit lib cell 'saed14rvt_ff0p88v125c/SAEDRVT14_FSDN4_V2_0P5'. (SQM-2004)
Information: No single-bit representative was found for multibit lib cell 'saed14rvt_ff0p88v125c/SAEDRVT14_FSDN4_V2_1'. (SQM-2004)
Information: No single-bit representative was found for multibit lib cell 'saed14rvt_ff0p88v125c/SAEDRVT14_FSDN4_V2_2'. (SQM-2004)
Information: No single-bit representative was found for multibit lib cell 'saed14rvt_ff0p88v125c/SAEDRVT14_FSDN4_V2_4'. (SQM-2004)
Warning: Found 8 multibit sequential library cells that have missing/added attributes or have restrictions that prevent them from banking. (SQM-1053)
Information: 6 out of 16 SQM-1061 messages were not printed due to limit 10 (after 'compile_fusion' at task3_base.tcl:43) (MSG-3913)
Information: 3 out of 8 SQM-1079 messages were not printed due to limit 5 (after 'compile_fusion' at task3_base.tcl:43) (MSG-3913)
Information: Ending   compile_fusion / logic_opto / Register Retiming (FLW-8001)
Information: Time: 2025-06-11 00:22:02 / Session:  00:00:41 / Command:  00:00:33 / CPU:  00:00:54 / Memory: 1496 MB (FLW-8100)
Information: CPU Load: 28%, Ram Free: 44 GB, Swap Free: 1 GB, Work Disk Free: 308 GB, Tmp Disk Free: 308 GB (MSG-3995)
Warning: Cannot infer functionality of libcell 'saed14rvt_ff0p88v125c/SAEDRVT14_FDNRBSBQ_V2_0P5' and will be excluded from sequential mapping. (SQM-1061)
Warning: Cannot infer functionality of libcell 'saed14rvt_ff0p88v125c/SAEDRVT14_FDNRBSBQ_V2_1' and will be excluded from sequential mapping. (SQM-1061)
Warning: Cannot infer functionality of libcell 'saed14rvt_ff0p88v125c/SAEDRVT14_FDNRBSBQ_V2_2' and will be excluded from sequential mapping. (SQM-1061)
Warning: Cannot infer functionality of libcell 'saed14rvt_ff0p88v125c/SAEDRVT14_FDNRBSBQ_V2_4' and will be excluded from sequential mapping. (SQM-1061)
Warning: Cannot infer functionality of libcell 'saed14rvt_ff0p88v125c/SAEDRVT14_FDPRBSBQ_V2_0P5' and will be excluded from sequential mapping. (SQM-1061)
Warning: Cannot infer functionality of libcell 'saed14rvt_ff0p88v125c/SAEDRVT14_FDPRBSBQ_V2_1' and will be excluded from sequential mapping. (SQM-1061)
Warning: Cannot infer functionality of libcell 'saed14rvt_ff0p88v125c/SAEDRVT14_FDPRBSBQ_V2_2' and will be excluded from sequential mapping. (SQM-1061)
Warning: Cannot infer functionality of libcell 'saed14rvt_ff0p88v125c/SAEDRVT14_FDPRBSBQ_V2_4' and will be excluded from sequential mapping. (SQM-1061)
Warning: Cannot infer functionality of libcell 'saed14rvt_ff0p88v125c/SAEDRVT14_FSDPRBSBQ_V2LP_0P5' and will be excluded from sequential mapping. (SQM-1061)
Warning: Cannot infer functionality of libcell 'saed14rvt_ff0p88v125c/SAEDRVT14_FSDPRBSBQ_V2LP_2' and will be excluded from sequential mapping. (SQM-1061)
Warning: Skipping check for single_bit_degenerate attribute on the multibit libcell 'saed14rvt_ff0p88v125c/SAEDRVT14_FSDN2_V2_0P5' since it is not a black-box. (SQM-1079)
Information: No single-bit representative was found for multibit lib cell 'saed14rvt_ff0p88v125c/SAEDRVT14_FSDN2_V2_0P5'. (SQM-2004)
Warning: Skipping check for single_bit_degenerate attribute on the multibit libcell 'saed14rvt_ff0p88v125c/SAEDRVT14_FSDN2_V2_1' since it is not a black-box. (SQM-1079)
Information: No single-bit representative was found for multibit lib cell 'saed14rvt_ff0p88v125c/SAEDRVT14_FSDN2_V2_1'. (SQM-2004)
Warning: Skipping check for single_bit_degenerate attribute on the multibit libcell 'saed14rvt_ff0p88v125c/SAEDRVT14_FSDN2_V2_2' since it is not a black-box. (SQM-1079)
Information: No single-bit representative was found for multibit lib cell 'saed14rvt_ff0p88v125c/SAEDRVT14_FSDN2_V2_2'. (SQM-2004)
Warning: Skipping check for single_bit_degenerate attribute on the multibit libcell 'saed14rvt_ff0p88v125c/SAEDRVT14_FSDN2_V2_4' since it is not a black-box. (SQM-1079)
Information: No single-bit representative was found for multibit lib cell 'saed14rvt_ff0p88v125c/SAEDRVT14_FSDN2_V2_4'. (SQM-2004)
Warning: Skipping check for single_bit_degenerate attribute on the multibit libcell 'saed14rvt_ff0p88v125c/SAEDRVT14_FSDN4_V2_0P5' since it is not a black-box. (SQM-1079)
Information: No single-bit representative was found for multibit lib cell 'saed14rvt_ff0p88v125c/SAEDRVT14_FSDN4_V2_0P5'. (SQM-2004)
Information: No single-bit representative was found for multibit lib cell 'saed14rvt_ff0p88v125c/SAEDRVT14_FSDN4_V2_1'. (SQM-2004)
Information: No single-bit representative was found for multibit lib cell 'saed14rvt_ff0p88v125c/SAEDRVT14_FSDN4_V2_2'. (SQM-2004)
Information: No single-bit representative was found for multibit lib cell 'saed14rvt_ff0p88v125c/SAEDRVT14_FSDN4_V2_4'. (SQM-2004)
Warning: Found 8 multibit sequential library cells that have missing/added attributes or have restrictions that prevent them from banking. (SQM-1053)
Information: Register Bits Before Sharing = 0, After Sharing = 0, Savings = 0 (SQM-2000)
Information: 6 out of 16 SQM-1061 messages were not printed due to limit 10 (after 'compile_fusion' at task3_base.tcl:43) (MSG-3913)
Information: 3 out of 8 SQM-1079 messages were not printed due to limit 5 (after 'compile_fusion' at task3_base.tcl:43) (MSG-3913)
Information: Starting compile_fusion / logic_opto / Optimization (2) (FLW-8000)
Information: Time: 2025-06-11 00:22:04 / Session:  00:00:43 / Command:  00:00:35 / CPU:  00:00:57 / Memory: 1496 MB (FLW-8100)
Information: CPU Load: 28%, Ram Free: 44 GB, Swap Free: 1 GB, Work Disk Free: 308 GB, Tmp Disk Free: 308 GB (MSG-3995)
Warning: No clock routing rules were specified. Use set_clock_routing_rules to specify routing rules for accurate clock latency estimation. (OPT-902)
Warning: No clock routing rules were specified. Use set_clock_routing_rules to specify routing rules for accurate clock latency estimation. (OPT-902)
Information: Estimating clock gate latencies for scenario 'PowerSave_Slow'. (OPT-909)
Warning: No clock routing rules were specified. Use set_clock_routing_rules to specify routing rules for accurate clock latency estimation. (OPT-902)
Information: Estimating clock gate latencies for scenario 'Normal_Slow'. (OPT-909)
Information: Ending   compile_fusion / logic_opto / Optimization (2) (FLW-8001)
Information: Time: 2025-06-11 00:22:05 / Session:  00:00:44 / Command:  00:00:36 / CPU:  00:00:59 / Memory: 1496 MB (FLW-8100)
Information: CPU Load: 26%, Ram Free: 44 GB, Swap Free: 1 GB, Work Disk Free: 308 GB, Tmp Disk Free: 308 GB (MSG-3995)
Information: Starting compile_fusion / logic_opto / Auto-Floorplan (1) (FLW-8000)
Information: Time: 2025-06-11 00:22:05 / Session:  00:00:44 / Command:  00:00:36 / CPU:  00:00:59 / Memory: 1496 MB (FLW-8100)
Information: CPU Load: 26%, Ram Free: 44 GB, Swap Free: 1 GB, Work Disk Free: 308 GB, Tmp Disk Free: 308 GB (MSG-3995)
Information: Initializing core and die (AFP-1001)
Information: Initializing rows (AFP-1003)
Information: Initializing tracks (AFP-1004)
Information: Generated core area = 1294.703979 (AFP-2021)
Information: Generated core boundary = { {0 0} {0 36} {35.964 36} {35.964 0} } (AFP-2022)
Information: Shaping unshaped voltage areas (AFP-1011)
Information: Placing unplaced pins (AFP-1007)
Warning: found large number of corner keepout wiretracks on side 2 of block dut_toplevel on layer MRDL and there is no enough wire tracks available on this side (DPPA-096)
Warning: found large number of corner keepout wiretracks on side 4 of block dut_toplevel on layer MRDL and there is no enough wire tracks available on this side (DPPA-096)
Information: Result of compile_fusion / logic_opto / Auto-Floorplan (1) (FLW-8500)
Information: Auto-Floorplan Summary (AFP-2023)
-------------------------------------------------------------------------------
              origin           area     boundary
core  auto-floorplan         1294.7   { {0 0} {0 36} {35.964 36} {35.964 0} }
die   auto-floorplan         1294.7   { {0 0} {0 36} {35.964 36} {35.964 0} }
-------------------------------------------------------------------------------

-------------------------------------------------------------------------------
objects             total        candidates          modified         preserved                 
voltage areas           0                 0                 0                 0
ios                     0                 0                 0                 0
macros                  0                 0                 0                 0
pins                  170               170               170                 0
-------------------------------------------------------------------------------
Information: Ending   compile_fusion / logic_opto / Auto-Floorplan (1) (FLW-8001)
Information: Time: 2025-06-11 00:22:05 / Session:  00:00:44 / Command:  00:00:36 / CPU:  00:00:59 / Memory: 1496 MB (FLW-8100)
Information: CPU Load: 26%, Ram Free: 44 GB, Swap Free: 1 GB, Work Disk Free: 308 GB, Tmp Disk Free: 308 GB (MSG-3995)
Information: Starting compile_fusion / logic_opto / Early Placement (FLW-8000)
Information: Time: 2025-06-11 00:22:05 / Session:  00:00:44 / Command:  00:00:36 / CPU:  00:00:59 / Memory: 1496 MB (FLW-8100)
Information: CPU Load: 26%, Ram Free: 44 GB, Swap Free: 1 GB, Work Disk Free: 308 GB, Tmp Disk Free: 308 GB (MSG-3995)
----------------------------------------------------------------
running create_placement
Corner Scaling is off, multiplier is 1.000000
ORB: timingScenario Normal_Slow timingCorner Slow
INFO: Using corner Typical for worst leakage corner
Using default layer M4
new cutoff lpd: 3.06118e-07
corner scaling: maxCornerId = 3
corner=Fast, tran factor=0.837270 (0.028178 / 0.033655)
corner=Typical, tran factor=0.944434 (0.031785 / 0.033655)
corner=Slow, tran factor=1.000000 (0.033655 / 0.033655)
ORB: Nominal = 0.0053925  Design MT = inf  Target = 0.0336550 (6.241 nominal)  MaxRC = 0.022191
ORB: Fast Target = 0.011701 ( 2.170 nominal )
ORB: stageDelay=0.025981, stageLength=1609839
nplLib: default vr hor dist = 322
nplLib: default vr ver dist = 322
nplLib: default vr buf size = 2
nplLib: default vr buf size = 1

Placement Options:
Effort:                        medium_effort       
Timing Driven:                 false               
Buffering Aware Timing Driven: false               
Seed locs:                     false               
Incremental:                   false               
Congestion:                    false               
Fix Macros:                    true                
Place Macros:                  false               
Channel Size Macros:           false               


Start transferring placement data.
****** Net weight manager: report ******
Weights included: Timing  
Number of nets with non-default weights: 1655
Timing factor = 1
Non-default weight range: (0.89118, 2.67354)
Information: Automatic repeater spreading is enabled.
Completed transferring placement data.
Running placement using 12 thread(s)
Information: Enhanced Auto Density Control is used. (PLACE-098)
Information: Enhanced auto density configuration is 13179.
Information: Automatic density control has selected the following settings: max_density 0.55, congestion_driven_max_util 0.87. (PLACE-027)
Information: HFW control 'off' invoked.
Creating placement from scratch.
coarse place 0% done.
coarse place 33% done.
coarse place 67% done.
coarse place 100% done.
Information: Coarse placer weighted wire length estimate = 1.10058e+08
Information: Extraction observers are detached as design net change threshold is reached.
Warning: No clock routing rules were specified. Use set_clock_routing_rules to specify routing rules for accurate clock latency estimation. (OPT-902)
Warning: No clock routing rules were specified. Use set_clock_routing_rules to specify routing rules for accurate clock latency estimation. (OPT-902)
Information: Estimating clock gate latencies for scenario 'PowerSave_Slow'. (OPT-909)
Warning: No clock routing rules were specified. Use set_clock_routing_rules to specify routing rules for accurate clock latency estimation. (OPT-902)
Information: Estimating clock gate latencies for scenario 'Normal_Slow'. (OPT-909)
----------------------------------------------------------------
Information: Ending   compile_fusion / logic_opto / Early Placement (FLW-8001)
Information: Time: 2025-06-11 00:22:07 / Session:  00:00:46 / Command:  00:00:38 / CPU:  00:01:01 / Memory: 1496 MB (FLW-8100)
Information: CPU Load: 26%, Ram Free: 44 GB, Swap Free: 1 GB, Work Disk Free: 308 GB, Tmp Disk Free: 308 GB (MSG-3995)
Information: The stitching and editing of coupling caps is turned OFF for design 'dut_toplevel.dlib:dut_toplevel/mcmm_and_logic_opto_full_power.design'. (TIM-125)
Information: Starting compile_fusion / logic_opto / Optimization (3) (FLW-8000)
Information: Time: 2025-06-11 00:22:08 / Session:  00:00:47 / Command:  00:00:39 / CPU:  00:01:05 / Memory: 1496 MB (FLW-8100)
Information: CPU Load: 26%, Ram Free: 44 GB, Swap Free: 1 GB, Work Disk Free: 308 GB, Tmp Disk Free: 308 GB (MSG-3995)
Information: Starting compile_fusion / logic_opto / Optimization (3) / Timing Optimization (FLW-8000)
Information: Time: 2025-06-11 00:22:08 / Session:  00:00:47 / Command:  00:00:39 / CPU:  00:01:05 / Memory: 1496 MB (FLW-8100)
Information: CPU Load: 26%, Ram Free: 44 GB, Swap Free: 1 GB, Work Disk Free: 308 GB, Tmp Disk Free: 308 GB (MSG-3995)
Warning: Cannot infer functionality of libcell 'saed14rvt_ff0p88v125c/SAEDRVT14_FDNRBSBQ_V2_0P5' and will be excluded from sequential mapping. (SQM-1061)
Warning: Cannot infer functionality of libcell 'saed14rvt_ff0p88v125c/SAEDRVT14_FDNRBSBQ_V2_1' and will be excluded from sequential mapping. (SQM-1061)
Warning: Cannot infer functionality of libcell 'saed14rvt_ff0p88v125c/SAEDRVT14_FDNRBSBQ_V2_2' and will be excluded from sequential mapping. (SQM-1061)
Warning: Cannot infer functionality of libcell 'saed14rvt_ff0p88v125c/SAEDRVT14_FDNRBSBQ_V2_4' and will be excluded from sequential mapping. (SQM-1061)
Warning: Cannot infer functionality of libcell 'saed14rvt_ff0p88v125c/SAEDRVT14_FDPRBSBQ_V2_0P5' and will be excluded from sequential mapping. (SQM-1061)
Warning: Cannot infer functionality of libcell 'saed14rvt_ff0p88v125c/SAEDRVT14_FDPRBSBQ_V2_1' and will be excluded from sequential mapping. (SQM-1061)
Warning: Cannot infer functionality of libcell 'saed14rvt_ff0p88v125c/SAEDRVT14_FDPRBSBQ_V2_2' and will be excluded from sequential mapping. (SQM-1061)
Warning: Cannot infer functionality of libcell 'saed14rvt_ff0p88v125c/SAEDRVT14_FDPRBSBQ_V2_4' and will be excluded from sequential mapping. (SQM-1061)
Warning: Cannot infer functionality of libcell 'saed14rvt_ff0p88v125c/SAEDRVT14_FSDPRBSBQ_V2LP_0P5' and will be excluded from sequential mapping. (SQM-1061)
Warning: Cannot infer functionality of libcell 'saed14rvt_ff0p88v125c/SAEDRVT14_FSDPRBSBQ_V2LP_2' and will be excluded from sequential mapping. (SQM-1061)
Warning: Skipping check for single_bit_degenerate attribute on the multibit libcell 'saed14rvt_ff0p88v125c/SAEDRVT14_FSDN2_V2_0P5' since it is not a black-box. (SQM-1079)
Information: No single-bit representative was found for multibit lib cell 'saed14rvt_ff0p88v125c/SAEDRVT14_FSDN2_V2_0P5'. (SQM-2004)
Warning: Skipping check for single_bit_degenerate attribute on the multibit libcell 'saed14rvt_ff0p88v125c/SAEDRVT14_FSDN2_V2_1' since it is not a black-box. (SQM-1079)
Information: No single-bit representative was found for multibit lib cell 'saed14rvt_ff0p88v125c/SAEDRVT14_FSDN2_V2_1'. (SQM-2004)
Warning: Skipping check for single_bit_degenerate attribute on the multibit libcell 'saed14rvt_ff0p88v125c/SAEDRVT14_FSDN2_V2_2' since it is not a black-box. (SQM-1079)
Information: No single-bit representative was found for multibit lib cell 'saed14rvt_ff0p88v125c/SAEDRVT14_FSDN2_V2_2'. (SQM-2004)
Warning: Skipping check for single_bit_degenerate attribute on the multibit libcell 'saed14rvt_ff0p88v125c/SAEDRVT14_FSDN2_V2_4' since it is not a black-box. (SQM-1079)
Information: No single-bit representative was found for multibit lib cell 'saed14rvt_ff0p88v125c/SAEDRVT14_FSDN2_V2_4'. (SQM-2004)
Warning: Skipping check for single_bit_degenerate attribute on the multibit libcell 'saed14rvt_ff0p88v125c/SAEDRVT14_FSDN4_V2_0P5' since it is not a black-box. (SQM-1079)
Information: No single-bit representative was found for multibit lib cell 'saed14rvt_ff0p88v125c/SAEDRVT14_FSDN4_V2_0P5'. (SQM-2004)
Information: No single-bit representative was found for multibit lib cell 'saed14rvt_ff0p88v125c/SAEDRVT14_FSDN4_V2_1'. (SQM-2004)
Information: No single-bit representative was found for multibit lib cell 'saed14rvt_ff0p88v125c/SAEDRVT14_FSDN4_V2_2'. (SQM-2004)
Information: No single-bit representative was found for multibit lib cell 'saed14rvt_ff0p88v125c/SAEDRVT14_FSDN4_V2_4'. (SQM-2004)
Warning: Found 8 multibit sequential library cells that have missing/added attributes or have restrictions that prevent them from banking. (SQM-1053)
Information: No single-bit representative was found for multibit lib cell 'saed14rvt_ff0p88v125c/SAEDRVT14_FSDN2_V2_0P5'. (SQM-2004)
Information: No single-bit representative was found for multibit lib cell 'saed14rvt_ff0p88v125c/SAEDRVT14_FSDN2_V2_1'. (SQM-2004)
Warning: Found 8 multibit sequential library cells that have missing/added attributes or have restrictions that prevent them from banking. (SQM-1053)
Warning: Found 8 multibit sequential library cells that have missing/added attributes or have restrictions that prevent them from banking. (SQM-1053)
Warning: Found 8 multibit sequential library cells that have missing/added attributes or have restrictions that prevent them from banking. (SQM-1053)
Warning: Found 8 multibit sequential library cells that have missing/added attributes or have restrictions that prevent them from banking. (SQM-1053)
Warning: Found 8 multibit sequential library cells that have missing/added attributes or have restrictions that prevent them from banking. (SQM-1053)
Warning: Found 8 multibit sequential library cells that have missing/added attributes or have restrictions that prevent them from banking. (SQM-1053)
Warning: Found 8 multibit sequential library cells that have missing/added attributes or have restrictions that prevent them from banking. (SQM-1053)
Warning: Found 8 multibit sequential library cells that have missing/added attributes or have restrictions that prevent them from banking. (SQM-1053)
Warning: Found 8 multibit sequential library cells that have missing/added attributes or have restrictions that prevent them from banking. (SQM-1053)
Information: 2 out of 12 SQM-1053 messages were not printed due to limit 10 (after 'compile_fusion' at task3_base.tcl:43) (MSG-3913)
Information: 182 out of 192 SQM-1061 messages were not printed due to limit 10 (after 'compile_fusion' at task3_base.tcl:43) (MSG-3913)
Information: 91 out of 96 SQM-1079 messages were not printed due to limit 5 (after 'compile_fusion' at task3_base.tcl:43) (MSG-3913)
Information: 86 out of 96 SQM-2004 messages were not printed due to limit 10 (after 'compile_fusion' at task3_base.tcl:43) (MSG-3913)
Information: Ending   compile_fusion / logic_opto / Optimization (3) / Timing Optimization (FLW-8001)
Information: Time: 2025-06-11 00:22:10 / Session:  00:00:49 / Command:  00:00:41 / CPU:  00:01:06 / Memory: 1520 MB (FLW-8100)
Information: CPU Load: 25%, Ram Free: 44 GB, Swap Free: 1 GB, Work Disk Free: 308 GB, Tmp Disk Free: 308 GB (MSG-3995)
Information: Ending   compile_fusion / logic_opto / Optimization (3) (FLW-8001)
Information: Time: 2025-06-11 00:22:10 / Session:  00:00:49 / Command:  00:00:41 / CPU:  00:01:07 / Memory: 1520 MB (FLW-8100)
Information: CPU Load: 25%, Ram Free: 44 GB, Swap Free: 1 GB, Work Disk Free: 308 GB, Tmp Disk Free: 308 GB (MSG-3995)
Information: Starting compile_fusion / logic_opto / Optimization (4) (FLW-8000)
Information: Time: 2025-06-11 00:22:10 / Session:  00:00:49 / Command:  00:00:41 / CPU:  00:01:07 / Memory: 1520 MB (FLW-8100)
Information: CPU Load: 25%, Ram Free: 44 GB, Swap Free: 1 GB, Work Disk Free: 308 GB, Tmp Disk Free: 308 GB (MSG-3995)
Information: Starting compile_fusion / logic_opto / Optimization (4) / Logic Simplification and Register Optimization (FLW-8000)
Information: Time: 2025-06-11 00:22:10 / Session:  00:00:49 / Command:  00:00:41 / CPU:  00:01:07 / Memory: 1520 MB (FLW-8100)
Information: CPU Load: 25%, Ram Free: 44 GB, Swap Free: 1 GB, Work Disk Free: 308 GB, Tmp Disk Free: 308 GB (MSG-3995)
Information: Ending   compile_fusion / logic_opto / Optimization (4) / Logic Simplification and Register Optimization (FLW-8001)
Information: Time: 2025-06-11 00:22:10 / Session:  00:00:49 / Command:  00:00:41 / CPU:  00:01:07 / Memory: 1520 MB (FLW-8100)
Information: CPU Load: 25%, Ram Free: 44 GB, Swap Free: 1 GB, Work Disk Free: 308 GB, Tmp Disk Free: 308 GB (MSG-3995)
Information: Ending   compile_fusion / logic_opto / Optimization (4) (FLW-8001)
Information: Time: 2025-06-11 00:22:16 / Session:  00:00:55 / Command:  00:00:47 / CPU:  00:01:16 / Memory: 1520 MB (FLW-8100)
Information: CPU Load: 24%, Ram Free: 44 GB, Swap Free: 1 GB, Work Disk Free: 308 GB, Tmp Disk Free: 308 GB (MSG-3995)
Information: Starting compile_fusion / logic_opto / Optimization (5) (FLW-8000)
Information: Time: 2025-06-11 00:22:16 / Session:  00:00:55 / Command:  00:00:47 / CPU:  00:01:16 / Memory: 1520 MB (FLW-8100)
Information: CPU Load: 24%, Ram Free: 44 GB, Swap Free: 1 GB, Work Disk Free: 308 GB, Tmp Disk Free: 308 GB (MSG-3995)
Information: Starting compile_fusion / logic_opto / Optimization (5) / Logic Simplification and Register Optimization (FLW-8000)
Information: Time: 2025-06-11 00:22:16 / Session:  00:00:55 / Command:  00:00:47 / CPU:  00:01:16 / Memory: 1520 MB (FLW-8100)
Information: CPU Load: 24%, Ram Free: 44 GB, Swap Free: 1 GB, Work Disk Free: 308 GB, Tmp Disk Free: 308 GB (MSG-3995)
Information: Ending   compile_fusion / logic_opto / Optimization (5) / Logic Simplification and Register Optimization (FLW-8001)
Information: Time: 2025-06-11 00:22:16 / Session:  00:00:55 / Command:  00:00:47 / CPU:  00:01:16 / Memory: 1520 MB (FLW-8100)
Information: CPU Load: 24%, Ram Free: 44 GB, Swap Free: 1 GB, Work Disk Free: 308 GB, Tmp Disk Free: 308 GB (MSG-3995)
Information: Ending   compile_fusion / logic_opto / Optimization (5) (FLW-8001)
Information: Time: 2025-06-11 00:22:16 / Session:  00:00:55 / Command:  00:00:47 / CPU:  00:01:16 / Memory: 1520 MB (FLW-8100)
Information: CPU Load: 24%, Ram Free: 44 GB, Swap Free: 1 GB, Work Disk Free: 308 GB, Tmp Disk Free: 308 GB (MSG-3995)
Information: Starting compile_fusion / logic_opto / Auto-Floorplan (2) (FLW-8000)
Information: Time: 2025-06-11 00:22:16 / Session:  00:00:55 / Command:  00:00:47 / CPU:  00:01:16 / Memory: 1520 MB (FLW-8100)
Information: CPU Load: 24%, Ram Free: 44 GB, Swap Free: 1 GB, Work Disk Free: 308 GB, Tmp Disk Free: 308 GB (MSG-3995)
Information: Initializing core and die (AFP-1001)
Information: Initializing rows (AFP-1003)
Information: Initializing tracks (AFP-1004)
Removing existing floorplan objects
Creating core...
Core utilization ratio = 70.10%
Unplacing all cells...
Creating site array...
Creating routing tracks...
Initializing floorplan completed.
Information: Generated core area = 1297.368042 (AFP-2021)
Information: Generated core boundary = { {0 0} {0 36} {36.038 36} {36.038 0} } (AFP-2022)
Information: Shaping unshaped voltage areas (AFP-1011)
Information: Placing unplaced pins (AFP-1007)
Load DB...
CPU Time for load db: 00:00:00.00u 00:00:00.00s 00:00:00.00e: 

Min routing layer: M1
Max routing layer: MRDL


CPU Time for Top Level Pre-Route Processing: 00:00:00.00u 00:00:00.00s 00:00:00.00e: 
Warning: found large number of corner keepout wiretracks on side 2 of block dut_toplevel on layer MRDL and there is no enough wire tracks available on this side (DPPA-096)
Warning: found large number of corner keepout wiretracks on side 4 of block dut_toplevel on layer MRDL and there is no enough wire tracks available on this side (DPPA-096)
Warning: Cell contains tie connections which are not connected to real PG. (ZRT-511)
Cell Min-Routing-Layer = M1
Cell Max-Routing-Layer = MRDL
Turn off antenna since no rule is specified
Information: Option route.detail.force_end_on_preferred_grid will be ignored since none of the layers have preferred grid. (ZRT-703)

Block Pin Constraint   Min Pin Max Pin Reserve
                       Layer   Layer   Layer    Feedthroughs
--------------------   ------  ------  ------   ------------
dut_toplevel           M2      MRDL    MRDL     Not allowed

Via on layer (VIA4) needs more than one tracks
Warning: Layer M4 default pitch 0.100 may be too small to handle up/down via. Note, that minimum requirements are "wire/via-down 0.100" & "wire/via-up 0.122". (ZRT-026)
Via on layer (VIA7) needs more than one tracks
Warning: Layer M7 default pitch 0.100 may be too small to handle up/down via. Note, that minimum requirements are "wire/via-down 0.100" & "wire/via-up 0.105". (ZRT-026)
Wire on layer (M8) needs more than one tracks
Via on layer (VIA7) needs more than one tracks
Via on layer (VIA8) needs more than one tracks
Warning: Layer M8 default pitch 0.100 may be too small to handle up/down via. Note, that minimum requirements are "wire/via-down 0.105" & "wire/via-up 0.135". (ZRT-026)
Wire on layer (M9) needs more than one tracks
Via on layer (VIA8) needs more than one tracks
Via on layer (VIARDL) needs more than one tracks
Warning: Layer M9 default pitch 0.100 may be too small to handle up/down via. Note, that minimum requirements are "wire/via-down 0.135" & "wire/via-up 1.570". (ZRT-026)
Via on layer (VIARDL) needs more than one tracks
Warning: Layer MRDL default pitch 4.000 may be too small to handle up/down via. Note, that minimum requirements are "wire/via-down 4.500" & "wire/via-up 4.000". (ZRT-026)
Transition layer name: M7(6)
Transition layer name: M8(7)
Information: When applicable Min-max layer allow_pin_connection mode will allow paths of length 0.90 outside the layer range. (ZRT-707)
Information: When applicable Min-max layer allow_pin_connection mode will allow paths of length 0.90 outside the layer range on clock nets. (ZRT-718)
Information: When applicable layer based tapering will taper up to 0.00 in distance from the pin. (ZRT-706)
Warning: Master cell dut_toplevel has duplicated redundant library pin shapes at {0.000 0.000} {0.034 0.148} on layer M2. (ZRT-625)
Warning: Master cell dut_toplevel has duplicated redundant library pin shapes at {0.001 -0.500} {36.037 -0.400} on layer M2. (ZRT-625)
Warning: Master cell dut_toplevel has duplicated redundant library pin shapes at {0.001 -0.500} {36.037 -0.400} on layer M2. (ZRT-625)
Warning: Master cell dut_toplevel has duplicated redundant library pin shapes at {0.001 -0.500} {36.037 -0.400} on layer M2. (ZRT-625)
Warning: Master cell dut_toplevel has duplicated redundant library pin shapes at {0.001 -0.500} {36.037 -0.400} on layer M2. (ZRT-625)
Warning: Master cell dut_toplevel has duplicated redundant library pin shapes at {0.001 -0.500} {36.037 -0.400} on layer M2. (ZRT-625)
Warning: Master cell dut_toplevel has duplicated redundant library pin shapes at {0.001 -0.500} {36.037 -0.400} on layer M2. (ZRT-625)
Warning: Master cell dut_toplevel has duplicated redundant library pin shapes at {0.001 -0.500} {36.037 -0.400} on layer M2. (ZRT-625)
Warning: Master cell dut_toplevel has duplicated redundant library pin shapes at {0.001 -0.500} {36.037 -0.400} on layer M2. (ZRT-625)
Warning: Master cell dut_toplevel has duplicated redundant library pin shapes at {0.001 -0.500} {36.037 -0.400} on layer M2. (ZRT-625)
Note - message 'ZRT-625' limit (10) exceeded. Remainder will be suppressed.
Warning: Standard cell pin SAEDRVT14_OA21B_1/X has no valid via regions. (ZRT-044)
Warning: Standard cell pin SAEDRVT14_ADDH_0P5/CO has no valid via regions. (ZRT-044)
Warning: Cell ctmi_2151 is placed overlapping with other cells at {{2.128 2.220} {2.942 2.820}}. (ZRT-763)
Start Global Route ... 
[Init] Elapsed real time: 0:00:00 
[Init] Elapsed cpu  time: sys=0:00:00 usr=0:00:00 total=0:00:00
[Init] Stage (MB): Used    0  Alloctr    0  Proc    0 
[Init] Total (MB): Used   52  Alloctr   53  Proc 6043 
Printing options for 'route.common.*'
common.clock_topology                                   :	 normal              
common.single_connection_to_pins                        :	 off                 

Printing options for 'route.global.*'
global.crosstalk_driven                                 :	 false               
global.deterministic                                    :	 on                  

Begin global routing.
Constructing data structure ...
Design statistics:
Design Bounding Box (-0.60um,-0.60um,36.64um,36.60um)
Number of routing layers = 10
layer M1, dir Hor, min width = 0.034um, min space = 0.026um pitch = 0.074um
layer M2, dir Ver, min width = 0.034um, min space = 0.026um pitch = 0.06um
layer M3, dir Hor, min width = 0.034um, min space = 0.026um pitch = 0.074um
layer M4, dir Ver, min width = 0.06um, min space = 0.04um pitch = 0.1um
layer M5, dir Hor, min width = 0.06um, min space = 0.04um pitch = 0.1um
layer M6, dir Ver, min width = 0.06um, min space = 0.04um pitch = 0.1um
layer M7, dir Hor, min width = 0.06um, min space = 0.04um pitch = 0.1um
layer M8, dir Ver, min width = 0.06um, min space = 0.04um pitch = 0.1um
layer M9, dir Hor, min width = 0.06um, min space = 0.04um pitch = 0.1um
layer MRDL, dir Ver, min width = 2um, min space = 2um pitch = 4um
Current Stage stats:
[End of Build Tech Data] Elapsed real time: 0:00:00 
[End of Build Tech Data] Elapsed cpu  time: sys=0:00:00 usr=0:00:00 total=0:00:00
[End of Build Tech Data] Stage (MB): Used    1  Alloctr    1  Proc    0 
[End of Build Tech Data] Total (MB): Used   57  Alloctr   57  Proc 6043 
Net statistics:
Total number of nets to route for block pin placement     = 168
Number of interface nets to route for block pin placement = 168
Net length statistics: 
Net Count(Ignore Fully Rted) 336, Total Half Perimeter Wire Length (HPWL) 6287 microns
HPWL   0 ~   50 microns: Net Count      335	Total HPWL         6217 microns
HPWL  50 ~  100 microns: Net Count        1	Total HPWL           70 microns
HPWL 100 ~  200 microns: Net Count        0	Total HPWL            0 microns
HPWL 200 ~  300 microns: Net Count        0	Total HPWL            0 microns
HPWL 300 ~  400 microns: Net Count        0	Total HPWL            0 microns
HPWL 400 ~  500 microns: Net Count        0	Total HPWL            0 microns
HPWL 500 ~  600 microns: Net Count        0	Total HPWL            0 microns
HPWL 600 ~  700 microns: Net Count        0	Total HPWL            0 microns
HPWL 700 ~  800 microns: Net Count        0	Total HPWL            0 microns
HPWL 800 ~  900 microns: Net Count        0	Total HPWL            0 microns
HPWL 900 ~ 1000 microns: Net Count        0	Total HPWL            0 microns
HPWL     > 1000 microns: Net Count        0	Total HPWL            0 microns
Current Stage stats:
[End of Build All Nets] Elapsed real time: 0:00:00 
[End of Build All Nets] Elapsed cpu  time: sys=0:00:00 usr=0:00:00 total=0:00:00
[End of Build All Nets] Stage (MB): Used    0  Alloctr    0  Proc  -32 
[End of Build All Nets] Total (MB): Used   57  Alloctr   58  Proc 6011 
Number of partitions: 1 (1 x 1)
Size of partitions: 33 gCells x 33 gCells
Average gCell capacity  15.18	 on layer (1)	 M1
Average gCell capacity  18.76	 on layer (2)	 M2
Average gCell capacity  15.18	 on layer (3)	 M3
Average gCell capacity  11.24	 on layer (4)	 M4
Average gCell capacity  11.21	 on layer (5)	 M5
Average gCell capacity  11.24	 on layer (6)	 M6
Average gCell capacity  11.21	 on layer (7)	 M7
Average gCell capacity  11.24	 on layer (8)	 M8
Average gCell capacity  11.21	 on layer (9)	 M9
Average gCell capacity  0.24	 on layer (10)	 MRDL
Average number of tracks per gCell 15.24	 on layer (1)	 M1
Average number of tracks per gCell 18.82	 on layer (2)	 M2
Average number of tracks per gCell 15.24	 on layer (3)	 M3
Average number of tracks per gCell 11.30	 on layer (4)	 M4
Average number of tracks per gCell 11.27	 on layer (5)	 M5
Average number of tracks per gCell 11.30	 on layer (6)	 M6
Average number of tracks per gCell 11.27	 on layer (7)	 M7
Average number of tracks per gCell 11.30	 on layer (8)	 M8
Average number of tracks per gCell 11.27	 on layer (9)	 M9
Average number of tracks per gCell 0.30	 on layer (10)	 MRDL
Number of gCells = 10890
Current Stage stats:
[End of Build Congestion Map] Elapsed real time: 0:00:00 
[End of Build Congestion Map] Elapsed cpu  time: sys=0:00:00 usr=0:00:00 total=0:00:00
[End of Build Congestion Map] Stage (MB): Used    1  Alloctr    1  Proc    0 
[End of Build Congestion Map] Total (MB): Used   58  Alloctr   59  Proc 6011 
Number of partitions: 1 (1 x 1)
Size of partitions: 33 gCells x 33 gCells
Current Stage stats:
[End of Add Nets Demand] Elapsed real time: 0:00:00 
[End of Add Nets Demand] Elapsed cpu  time: sys=0:00:00 usr=0:00:00 total=0:00:00
[End of Add Nets Demand] Stage (MB): Used    0  Alloctr    0  Proc    0 
[End of Add Nets Demand] Total (MB): Used   59  Alloctr   59  Proc 6011 
Number of user frozen nets = 0
Total stats:
[End of Build Data] Elapsed real time: 0:00:00 
[End of Build Data] Elapsed cpu  time: sys=0:00:00 usr=0:00:00 total=0:00:00
[End of Build Data] Stage (MB): Used    2  Alloctr    3  Proc  -32 
[End of Build Data] Total (MB): Used   59  Alloctr   59  Proc 6011 
Number of partitions: 1 (1 x 1)
Size of partitions: 33 gCells x 33 gCells
Current Stage stats:
[End of Blocked Pin Detection] Elapsed real time: 0:00:00 
[End of Blocked Pin Detection] Elapsed cpu  time: sys=0:00:00 usr=0:00:00 total=0:00:00
[End of Blocked Pin Detection] Stage (MB): Used   12  Alloctr   12  Proc    0 
[End of Blocked Pin Detection] Total (MB): Used   71  Alloctr   71  Proc 6011 
Information: Using 12 threads for routing. (ZRT-444)
Information: Buffer distance is estimated to be ~271.0000um (225 gCells)

Start GR phase 0
Number of partitions: 1 (1 x 1)
Size of partitions: 33 gCells x 33 gCells
[rtTop] Elapsed real time: 0:00:00 
[rtTop] Elapsed cpu  time: sys=0:00:00 usr=0:00:00 total=0:00:00
Current Stage stats:
[End of Initial Routing] Elapsed real time: 0:00:00 
[End of Initial Routing] Elapsed cpu  time: sys=0:00:00 usr=0:00:00 total=0:00:00
[End of Initial Routing] Stage (MB): Used    0  Alloctr    0  Proc    0 
[End of Initial Routing] Total (MB): Used   71  Alloctr   71  Proc 6011 
Initial. Routing result:
Initial. Both Dirs: Dmd-Cap  =     0 Max = 0 GRCs =     0 (0.00%)
Initial. H routing: Dmd-Cap  =     0 Max = 0 (GRCs =  0) GRCs =     0 (0.00%)
Initial. V routing: Dmd-Cap  =     0 Max = 0 (GRCs =  0) GRCs =     0 (0.00%)
Initial. Both Dirs: Overflow =     0 Max = 0 GRCs =     0 (0.00%)
Initial. H routing: Overflow =     0 Max = 0 (GRCs =  0) GRCs =     0 (0.00%)
Initial. V routing: Overflow =     0 Max = 0 (GRCs =  0) GRCs =     0 (0.00%)
Initial. M1         Overflow =     0 Max = 0 (GRCs =  0) GRCs =     0 (0.00%)
Initial. M2         Overflow =     0 Max = 0 (GRCs =  0) GRCs =     0 (0.00%)
Initial. M3         Overflow =     0 Max = 0 (GRCs =  0) GRCs =     0 (0.00%)
Initial. M4         Overflow =     0 Max = 0 (GRCs =  0) GRCs =     0 (0.00%)
Initial. M5         Overflow =     0 Max = 0 (GRCs =  0) GRCs =     0 (0.00%)
Initial. M6         Overflow =     0 Max = 0 (GRCs =  0) GRCs =     0 (0.00%)
Initial. M7         Overflow =     0 Max = 0 (GRCs =  0) GRCs =     0 (0.00%)
Initial. M8         Overflow =     0 Max = 0 (GRCs =  0) GRCs =     0 (0.00%)
Initial. M9         Overflow =     0 Max = 0 (GRCs =  0) GRCs =     0 (0.00%)
Initial. MRDL       Overflow =     0 Max = 0 (GRCs =  0) GRCs =     0 (0.00%)

Initial. Total Wire Length = 498.90
Initial. Layer M1 wire length = 0.00
Initial. Layer M2 wire length = 122.35
Initial. Layer M3 wire length = 236.95
Initial. Layer M4 wire length = 139.61
Initial. Layer M5 wire length = 0.00
Initial. Layer M6 wire length = 0.00
Initial. Layer M7 wire length = 0.00
Initial. Layer M8 wire length = 0.00
Initial. Layer M9 wire length = 0.00
Initial. Layer MRDL wire length = 0.00
Initial. Total Number of Contacts = 257
Initial. Via VIA1_Base count = 49
Initial. Via VIA2_Base count = 140
Initial. Via VIA34SQ_C count = 68
Initial. Via VIA4SQ count = 0
Initial. Via VIA5SQ_C count = 0
Initial. Via VIA67SQ_C count = 0
Initial. Via VIA78SQ_C count = 0
Initial. Via VIA89_C count = 0
Initial. Via VIA9RDL count = 0
Initial. completed.
[End of Whole Chip Routing] Elapsed real time: 0:00:00 
[End of Whole Chip Routing] Elapsed cpu  time: sys=0:00:00 usr=0:00:00 total=0:00:00
[End of Whole Chip Routing] Stage (MB): Used   14  Alloctr   15  Proc  -32 
[End of Whole Chip Routing] Total (MB): Used   71  Alloctr   71  Proc 6011 
[End of Global Routing] Elapsed real time: 0:00:00 
[End of Global Routing] Elapsed cpu  time: sys=0:00:00 usr=0:00:00 total=0:00:00
[End of Global Routing] Stage (MB): Used   14  Alloctr   14  Proc  -32 
[End of Global Routing] Total (MB): Used   70  Alloctr   71  Proc 6011 
[End of dbOut] Elapsed real time: 0:00:00 
[End of dbOut] Elapsed cpu  time: sys=0:00:00 usr=0:00:00 total=0:00:00
[End of dbOut] Stage (MB): Used    0  Alloctr    0  Proc    0 
[End of dbOut] Total (MB): Used   60  Alloctr   61  Proc 6011 
CPU Time for Global Route: 00:00:00.30u 00:00:00.02s 00:00:00.27e: 
Number of block ports: 170
Number of block pin locations assigned from router: 168
CPU Time for Pin Preparation: 00:00:00.00u 00:00:00.00s 00:00:00.00e: 
Number of PG ports on blocks: 0
Number of pins created: 170
CPU Time for Pin Creation: 00:00:00.01u 00:00:00.00s 00:00:00.01e: 
Total Pin Placement CPU Time: 00:00:00.31u 00:00:00.02s 00:00:00.29e: 
Information: Result of compile_fusion / logic_opto / Auto-Floorplan (2) (FLW-8500)
Information: Auto-Floorplan Summary (AFP-2023)
-------------------------------------------------------------------------------
              origin           area     boundary
core  auto-floorplan        1297.37   { {0 0} {0 36} {36.038 36} {36.038 0} }
die   auto-floorplan        1297.37   { {0 0} {0 36} {36.038 36} {36.038 0} }
-------------------------------------------------------------------------------

-------------------------------------------------------------------------------
objects             total        candidates          modified         preserved                 
voltage areas           0                 0                 0                 0
ios                     0                 0                 0                 0
macros                  0                 0                 0                 0
pins                  170               170               169                 1
-------------------------------------------------------------------------------
Information: Ending   compile_fusion / logic_opto / Auto-Floorplan (2) (FLW-8001)
Information: Time: 2025-06-11 00:22:16 / Session:  00:00:55 / Command:  00:00:47 / CPU:  00:01:16 / Memory: 1520 MB (FLW-8100)
Information: CPU Load: 24%, Ram Free: 44 GB, Swap Free: 1 GB, Work Disk Free: 308 GB, Tmp Disk Free: 308 GB (MSG-3995)
Information: Starting compile_fusion / logic_opto / Secondary PG connections (FLW-8000)
Information: Time: 2025-06-11 00:22:16 / Session:  00:00:55 / Command:  00:00:47 / CPU:  00:01:16 / Memory: 1520 MB (FLW-8100)
Information: CPU Load: 24%, Ram Free: 44 GB, Swap Free: 1 GB, Work Disk Free: 308 GB, Tmp Disk Free: 308 GB (MSG-3995)
Information: Secondary PG:  Secondary PG connections skipped because it is not a UPF design (FLW-1247)
Information: Ending   compile_fusion / logic_opto / Secondary PG connections (FLW-8001)
Information: Time: 2025-06-11 00:22:16 / Session:  00:00:55 / Command:  00:00:47 / CPU:  00:01:16 / Memory: 1520 MB (FLW-8100)
Information: CPU Load: 24%, Ram Free: 44 GB, Swap Free: 1 GB, Work Disk Free: 308 GB, Tmp Disk Free: 308 GB (MSG-3995)
Compile-fusion optimization summary            SETUP-COST    R2R-COST HOLD-COST LDRC-COST          AREA     LEAKAGE     INSTCNT            ELAPSE       MEM
Compile-fusion                                          -           -         -         -        909.42           -        1243              0.02      1519
Scenario Normal_Typical is cellEm
Scenario PowerSave_Typical is cellEm
Information: The stitching and editing of coupling caps is turned OFF for design 'dut_toplevel.dlib:dut_toplevel/mcmm_and_logic_opto_full_power.design'. (TIM-125)
Info: update em.
Information: Activity propagation will be performed for scenario Normal_Fast.
Information: Doing activity propagation for mode 'Normal' and corner 'Fast' with effort level 'medium'. (POW-024)
Information: Timer-derived activity data is cached on scenario Normal_Fast (POW-052)
Information: Running switching activity propagation with 12 threads!

 **** Information : No. of simulation cycles = 6 ****
Information: Propagated activity on scenario Normal_Slow identical to that on Normal_Fast (POW-006)
Information: Propagated activity on scenario Normal_Typical identical to that on Normal_Fast (POW-006)
Information: Activity propagation will be performed for scenario PowerSave_Fast.
Information: Doing activity propagation for mode 'PowerSave' and corner 'Fast' with effort level 'medium'. (POW-024)
Information: Timer-derived activity data is cached on scenario PowerSave_Fast (POW-052)
Information: Running switching activity propagation with 12 threads!

 **** Information : No. of simulation cycles = 6 ****
Information: Propagated activity on scenario PowerSave_Slow identical to that on PowerSave_Fast (POW-006)
Information: Propagated activity on scenario PowerSave_Typical identical to that on PowerSave_Fast (POW-006)
Information: Activity for scenario Normal_Fast was cached, no propagation required. (POW-005)
Information: Activity for scenario Normal_Slow was cached, no propagation required. (POW-005)
Information: Activity for scenario Normal_Typical was cached, no propagation required. (POW-005)
Information: Activity for scenario PowerSave_Fast was cached, no propagation required. (POW-005)
Information: Activity for scenario PowerSave_Slow was cached, no propagation required. (POW-005)
Information: Activity for scenario PowerSave_Typical was cached, no propagation required. (POW-005)
CTS Cell EM initialization finished
Scenario Normal_Typical is cellEm
Scenario PowerSave_Typical is cellEm
Info: update em.
Information: Activity for scenario Normal_Fast was cached, no propagation required. (POW-005)
Information: Activity for scenario Normal_Slow was cached, no propagation required. (POW-005)
Information: Activity for scenario Normal_Typical was cached, no propagation required. (POW-005)
Information: Activity for scenario PowerSave_Fast was cached, no propagation required. (POW-005)
CTS Cell EM initialization finished
Warning: No clock routing rules were specified. Use set_clock_routing_rules to specify routing rules for accurate clock latency estimation. (OPT-902)
Warning: No clock routing rules were specified. Use set_clock_routing_rules to specify routing rules for accurate clock latency estimation. (OPT-902)
Information: Estimating clock gate latencies for scenario 'PowerSave_Typical'. (OPT-909)
Warning: No clock routing rules were specified. Use set_clock_routing_rules to specify routing rules for accurate clock latency estimation. (OPT-902)
Information: Estimating clock gate latencies for scenario 'PowerSave_Slow'. (OPT-909)
Warning: No clock routing rules were specified. Use set_clock_routing_rules to specify routing rules for accurate clock latency estimation. (OPT-902)
Information: Estimating clock gate latencies for scenario 'PowerSave_Fast'. (OPT-909)
Warning: No clock routing rules were specified. Use set_clock_routing_rules to specify routing rules for accurate clock latency estimation. (OPT-902)
Information: Estimating clock gate latencies for scenario 'Normal_Typical'. (OPT-909)
Warning: No clock routing rules were specified. Use set_clock_routing_rules to specify routing rules for accurate clock latency estimation. (OPT-902)
Information: Estimating clock gate latencies for scenario 'Normal_Slow'. (OPT-909)
Warning: No clock routing rules were specified. Use set_clock_routing_rules to specify routing rules for accurate clock latency estimation. (OPT-902)
Information: Estimating clock gate latencies for scenario 'Normal_Fast'. (OPT-909)
Information: 2 out of 12 POW-005 messages were not printed due to limit 10 (after 'compile_fusion' at task3_base.tcl:43) (MSG-3913)
Information: Ending   compile_fusion / logic_opto (FLW-8001)
Information: Time: 2025-06-11 00:22:21 / Session:  00:01:00 / Command:  00:00:52 / CPU:  00:01:39 / Memory: 1520 MB (FLW-8100)
Information: CPU Load: 22%, Ram Free: 44 GB, Swap Free: 1 GB, Work Disk Free: 308 GB, Tmp Disk Free: 308 GB (MSG-3995)

Information: >>>>>>> 10 unique error and warning message tags while observing compile_fusion / logic_opto: (MSG-3100)
Information: #prnt #trgr #lmt    Tag  Level     Format (or last printed message)                                (MSG-3036)
Information:     2     2  0 FLW-2224  WARNING   Warning: Duplicate callback function set for step 'fc/logic_... (MSG-3032)
Information:    60   248  5 SQM-1079  WARNING   Warning: Skipping check for single_bit_degenerate attribute ... (MSG-3032)
Information:   120   496 10 SQM-1061  WARNING   Warning: Cannot infer functionality of libcell 'saed14rvt_ff... (MSG-3032)
Information:    30    31 10 SQM-1053  WARNING   Warning: Found 8 multibit sequential library cells that have... (MSG-3032)
Information:     1     1  0 ZRT-511   WARNING   Warning: Cell contains tie connections which are not connect... (MSG-3032)
Information:     5     5  0 ZRT-026   WARNING   Warning: Layer MRDL default pitch 4.000 may be too small to ... (MSG-3032)
Information:     1     1  0 ZRT-763   WARNING   Warning: Cell ctmi_2151 is placed overlapping with other cel... (MSG-3032)
Information:     4     4  0 DPPA-096  WARNING   Warning: found large number of corner keepout wiretracks on ... (MSG-3032)
Information:    10    10  0 ZRT-625   WARNING   Warning: Master cell dut_toplevel has duplicated redundant l... (MSG-3032)
Information:    16     8  0 OPT-902   WARNING   Warning: No clock routing rules were specified. Use set_cloc... (MSG-3032)
Information:   249   806  3       10  <------   Total sum of messages (MSG-3038)
Information: >>>>>>> Summary: 806 error&warning MSGs observed during compile_fusion / logic_opto (MSG-3103)

----------------------------------------------------------------------------------------------------------
Information: Starting compile_fusion / initial_place (FLW-8000)
Information: Time: 2025-06-11 00:22:21 / Session:  00:01:00 / Command:  00:00:52 / CPU:  00:01:39 / Memory: 1520 MB (FLW-8100)
Information: CPU Load: 22%, Ram Free: 44 GB, Swap Free: 1 GB, Work Disk Free: 308 GB, Tmp Disk Free: 308 GB (MSG-3995)
----------------------------------------------------------------------------------------------------------
Information: Timer using 12 threads
[Tim-Power] Info: Cleared Leakage libCell cache.
Information: The stitching and editing of coupling caps is turned OFF for design 'dut_toplevel.dlib:dut_toplevel/mcmm_and_logic_opto_full_power.design'. (TIM-125)
************************************************************
Timer Settings:
Delay Calculation Style:                   auto
Signal Integrity Analysis:                 disabled
Timing Window Analysis:                    disabled
Advanced Waveform Propagation:             disabled
Variation Type:                            fixed_derate
Clock Reconvergence Pessimism Removal:     disabled
Advanced Receiver Model:                   disabled
LLE:                                       disabled
ML Acceleration:                           off
************************************************************
Number of Site types in the design = 1
Setting up Chip Core
Chip Core shape: (0 0) (360380 360000)
Number of VARs = 1
Number of unique PDs = 1
Number of Power Domains = 1
Number of Voltage Areas = 1
Number of supply Nets = 2
Number of used supplies = 0
Blocked VAs: 
Information: Change threshold for extractor is reset. (FLW-1300)
Information: Starting compile_fusion / initial_place / Load Design (FLW-8000)
Information: Time: 2025-06-11 00:22:22 / Session:  00:01:01 / Command:  00:00:54 / CPU:  00:01:44 / Memory: 1520 MB (FLW-8100)
Information: CPU Load: 22%, Ram Free: 44 GB, Swap Free: 1 GB, Work Disk Free: 308 GB, Tmp Disk Free: 308 GB (MSG-3995)
Information: Ending   compile_fusion / initial_place / Load Design (FLW-8001)
Information: Time: 2025-06-11 00:22:22 / Session:  00:01:02 / Command:  00:00:54 / CPU:  00:01:44 / Memory: 1520 MB (FLW-8100)
Information: CPU Load: 22%, Ram Free: 44 GB, Swap Free: 1 GB, Work Disk Free: 308 GB, Tmp Disk Free: 308 GB (MSG-3995)
Information: Starting compile_fusion / initial_place / pre-placement setup (FLW-8000)
Information: Time: 2025-06-11 00:22:22 / Session:  00:01:02 / Command:  00:00:54 / CPU:  00:01:44 / Memory: 1520 MB (FLW-8100)
Information: CPU Load: 22%, Ram Free: 44 GB, Swap Free: 1 GB, Work Disk Free: 308 GB, Tmp Disk Free: 308 GB (MSG-3995)
Information: Ending   compile_fusion / initial_place / pre-placement setup (FLW-8001)
Information: Time: 2025-06-11 00:22:22 / Session:  00:01:02 / Command:  00:00:54 / CPU:  00:01:44 / Memory: 1520 MB (FLW-8100)
Information: CPU Load: 22%, Ram Free: 44 GB, Swap Free: 1 GB, Work Disk Free: 308 GB, Tmp Disk Free: 308 GB (MSG-3995)
Information: Starting compile_fusion / initial_place / Initial Placement (FLW-8000)
Information: Time: 2025-06-11 00:22:22 / Session:  00:01:02 / Command:  00:00:54 / CPU:  00:01:44 / Memory: 1520 MB (FLW-8100)
Information: CPU Load: 22%, Ram Free: 44 GB, Swap Free: 1 GB, Work Disk Free: 308 GB, Tmp Disk Free: 308 GB (MSG-3995)
----------------------------------------------------------------
running create_placement
Information:  initializing PDM....
PDM initilization successfull...
Information:  uninitializing PDM....
PDM uninitilization successfull...
Corner Scaling is off, multiplier is 1.000000
ORB: timingScenario Normal_Slow timingCorner Slow
INFO: Using corner Typical for worst leakage corner
Using default layer M4
new cutoff lpd: 3.06118e-07
corner scaling: maxCornerId = 3
corner=Fast, tran factor=0.837270 (0.028178 / 0.033655)
corner=Typical, tran factor=0.944434 (0.031785 / 0.033655)
corner=Slow, tran factor=1.000000 (0.033655 / 0.033655)
ORB: Nominal = 0.0053925  Design MT = inf  Target = 0.0336550 (6.241 nominal)  MaxRC = 0.022191
ORB: Fast Target = 0.011701 ( 2.170 nominal )
ORB: stageDelay=0.025981, stageLength=1609839
nplLib: default vr hor dist = 322
nplLib: default vr ver dist = 322
nplLib: default vr buf size = 2
nplLib: default vr buf size = 1
Information: Activity propagation will be performed for scenario Normal_Fast.
Information: Activity propagation will be performed for scenario PowerSave_Typical.
Information: Doing activity propagation for mode 'Normal' and corner 'Fast' with effort level 'medium'. (POW-024)
Information: Timer-derived activity data is cached on scenario Normal_Fast (POW-052)
Information: Running switching activity propagation with 12 threads!

 **** Information : No. of simulation cycles = 6 ****
Information: Doing activity propagation for mode 'PowerSave' and corner 'Typical' with effort level 'medium'. (POW-024)
Information: Timer-derived activity data is cached on scenario PowerSave_Typical (POW-052)
Information: Running switching activity propagation with 12 threads!

 **** Information : No. of simulation cycles = 6 ****
Information: Propagated activity on scenario Normal_Slow identical to that on Normal_Fast (POW-006)
Information: Propagated activity on scenario Normal_Typical identical to that on Normal_Fast (POW-006)
Information: Propagated activity on scenario PowerSave_Fast identical to that on PowerSave_Typical (POW-006)
Information: Propagated activity on scenario PowerSave_Slow identical to that on PowerSave_Fast (POW-006)
****** eLpp estimated wire length 
6.61119% of the net wire length are clock nets
0% of the clock net wire length has no activity
Clock net wire length: 6.51278e+06
Total net wire length: 9.85115e+07
****** eLpp weights (no caps)
Number of nets: 1655, of which 1643 non-clock nets
Number of nets with 0 toggle rate: 0
Max toggle rate = 0.6, average toggle rate = 0.0111421
Max non-clock toggle rate = 0.0490662
eLpp weight range = (0.00876465, 53.85)
*** 1 nets are filtered out

Placement Options:
Effort:                        high_effort         
Timing Driven:                 false               
Buffering Aware Timing Driven: false               
Seed locs:                     false               
Incremental:                   false               
Congestion:                    false               
Fix Macros:                    true                
Place Macros:                  false               
Channel Size Macros:           false               


Start transferring placement data.
****** Net weight manager: report ******
Weights included: eLpp  Timing  
Number of nets with non-default weights: 1655
Amt power = 0.1
Timing factor = 1
Non-default weight range: (0.803537, 6.18766)
Information: Automatic repeater spreading is enabled.
Information: The stitching and editing of coupling caps is turned OFF for design 'dut_toplevel.dlib:dut_toplevel/mcmm_and_logic_opto_full_power.design'. (TIM-125)
Completed transferring placement data.
Running placement using 12 thread(s)
Information: Enhanced Auto Density Control is used. (PLACE-098)
Information: Enhanced auto density configuration is 13179.
Information: Automatic density control has selected the following settings: max_density 0.55, congestion_driven_max_util 0.87. (PLACE-027)
Information: HFW control 'off' invoked.
Creating placement from scratch.
coarse place 0% done.
coarse place 17% done.
coarse place 33% done.
Information: Coarse placer weighted wire length estimate = 8.93112e+07
Information: Extraction observers are detached as design net change threshold is reached.
Warning: No clock routing rules were specified. Use set_clock_routing_rules to specify routing rules for accurate clock latency estimation. (OPT-902)
Warning: No clock routing rules were specified. Use set_clock_routing_rules to specify routing rules for accurate clock latency estimation. (OPT-902)
Information: Estimating clock gate latencies for scenario 'PowerSave_Slow'. (OPT-909)
Warning: No clock routing rules were specified. Use set_clock_routing_rules to specify routing rules for accurate clock latency estimation. (OPT-902)
Information: Estimating clock gate latencies for scenario 'Normal_Slow'. (OPT-909)
----------------------------------------------------------------
----------------------------------------------------------------
running create_placement
CGRW: permuting timing equivalent pins only
Corner Scaling is off, multiplier is 1.000000
ORB: timingScenario Normal_Slow timingCorner Slow
INFO: Using corner Typical for worst leakage corner
Using default layer M4
new cutoff lpd: 3.06118e-07
corner scaling: maxCornerId = 3
corner=Fast, tran factor=0.837270 (0.028178 / 0.033655)
corner=Typical, tran factor=0.944434 (0.031785 / 0.033655)
corner=Slow, tran factor=1.000000 (0.033655 / 0.033655)
ORB: Nominal = 0.0053925  Design MT = inf  Target = 0.0336550 (6.241 nominal)  MaxRC = 0.022191
ORB: Fast Target = 0.011701 ( 2.170 nominal )
ORB: stageDelay=0.025981, stageLength=1609839
nplLib: default vr hor dist = 322
nplLib: default vr ver dist = 322
nplLib: default vr buf size = 2
nplLib: default vr buf size = 1
Info: e-eLpp used with low effort

Placement Options:
Effort:                        medium_effort       
Timing Driven:                 true                
Buffering Aware Timing Driven: true                
Seed locs:                     true                
Incremental:                   false               
Congestion:                    false               
Fix Macros:                    true                
Place Macros:                  false               
Channel Size Macros:           false               


Start transferring placement data.
****** eLpp estimated wire length 
6.03198% of the net wire length are clock nets
0% of the clock net wire length has no activity
Clock net wire length: 4.91629e+06
Total net wire length: 8.15038e+07
****** eLpp weights (no caps)
Number of nets: 1655, of which 1643 non-clock nets
Number of nets with 0 toggle rate: 0
Max toggle rate = 0.6, average toggle rate = 0.0111421
Max non-clock toggle rate = 0.0490662
eLpp weight range = (0.00876465, 53.85)
*** 1 nets are filtered out
****** Net weight manager: report ******
Weights included: eLpp  Timing  
Number of nets with non-default weights: 1655
Amt power = 0.1
Timing factor = 1
Non-default weight range: (0.803537, 6.18766)
Information: Automatic repeater spreading is enabled.
Information: The stitching and editing of coupling caps is turned OFF for design 'dut_toplevel.dlib:dut_toplevel/mcmm_and_logic_opto_full_power.design'. (TIM-125)
Restructuring in 1 hierarchies
CGRW: importing permutable pins & pairs, size 8 and above
Information: Automatic timing control is enabled.
checking app option clockgate_objective_weight : none
Using worst RC corner 'Slow' for buffer aware analysis.
DTDP placement: scenario=Normal_Slow
Completed transferring placement data.
Running placement using 12 thread(s)
Information: Enhanced Auto Density Control is used. (PLACE-098)
Information: Enhanced auto density configuration is 13179.
Information: Automatic density control has selected the following settings: max_density 0.55, congestion_driven_max_util 0.87. (PLACE-027)
Information: HFW control 'off' invoked.
coarse place 0% done.
Selected 273 sequential cells for slack balancing.
coarse place 20% done.
coarse place 40% done.
coarse place 60% done.
coarse place 80% done.
coarse place 100% done.
Information: Coarse placer weighted wire length estimate = 1.05256e+08
Information: Extraction observers are detached as design net change threshold is reached.
Stored 0 bounds for preserving balanced registers 
Warning: No clock routing rules were specified. Use set_clock_routing_rules to specify routing rules for accurate clock latency estimation. (OPT-902)
Warning: No clock routing rules were specified. Use set_clock_routing_rules to specify routing rules for accurate clock latency estimation. (OPT-902)
Information: Estimating clock gate latencies for scenario 'PowerSave_Slow'. (OPT-909)
Warning: No clock routing rules were specified. Use set_clock_routing_rules to specify routing rules for accurate clock latency estimation. (OPT-902)
Information: Estimating clock gate latencies for scenario 'Normal_Slow'. (OPT-909)
----------------------------------------------------------------
Information: Ending   compile_fusion / initial_place / Initial Placement (FLW-8001)
Information: Time: 2025-06-11 00:22:28 / Session:  00:01:07 / Command:  00:00:59 / CPU:  00:02:07 / Memory: 1520 MB (FLW-8100)
Information: CPU Load: 21%, Ram Free: 44 GB, Swap Free: 1 GB, Work Disk Free: 308 GB, Tmp Disk Free: 308 GB (MSG-3995)
Information: Placing unplaced pins (AFP-1007)
Load DB...
CPU Time for load db: 00:00:00.00u 00:00:00.00s 00:00:00.00e: 

Min routing layer: M1
Max routing layer: MRDL


CPU Time for Top Level Pre-Route Processing: 00:00:00.00u 00:00:00.00s 00:00:00.00e: 
Warning: found large number of corner keepout wiretracks on side 2 of block dut_toplevel on layer MRDL and there is no enough wire tracks available on this side (DPPA-096)
Warning: found large number of corner keepout wiretracks on side 4 of block dut_toplevel on layer MRDL and there is no enough wire tracks available on this side (DPPA-096)
Warning: Cell contains tie connections which are not connected to real PG. (ZRT-511)
Cell Min-Routing-Layer = M1
Cell Max-Routing-Layer = MRDL
Turn off antenna since no rule is specified
Information: Option route.detail.force_end_on_preferred_grid will be ignored since none of the layers have preferred grid. (ZRT-703)

Block Pin Constraint   Min Pin Max Pin Reserve
                       Layer   Layer   Layer    Feedthroughs
--------------------   ------  ------  ------   ------------
dut_toplevel           M2      MRDL    MRDL     Not allowed

Via on layer (VIA4) needs more than one tracks
Warning: Layer M4 default pitch 0.100 may be too small to handle up/down via. Note, that minimum requirements are "wire/via-down 0.100" & "wire/via-up 0.122". (ZRT-026)
Via on layer (VIA7) needs more than one tracks
Warning: Layer M7 default pitch 0.100 may be too small to handle up/down via. Note, that minimum requirements are "wire/via-down 0.100" & "wire/via-up 0.105". (ZRT-026)
Wire on layer (M8) needs more than one tracks
Via on layer (VIA7) needs more than one tracks
Via on layer (VIA8) needs more than one tracks
Warning: Layer M8 default pitch 0.100 may be too small to handle up/down via. Note, that minimum requirements are "wire/via-down 0.105" & "wire/via-up 0.135". (ZRT-026)
Wire on layer (M9) needs more than one tracks
Via on layer (VIA8) needs more than one tracks
Via on layer (VIARDL) needs more than one tracks
Warning: Layer M9 default pitch 0.100 may be too small to handle up/down via. Note, that minimum requirements are "wire/via-down 0.135" & "wire/via-up 1.570". (ZRT-026)
Via on layer (VIARDL) needs more than one tracks
Warning: Layer MRDL default pitch 4.000 may be too small to handle up/down via. Note, that minimum requirements are "wire/via-down 4.500" & "wire/via-up 4.000". (ZRT-026)
Transition layer name: M7(6)
Transition layer name: M8(7)
Information: When applicable Min-max layer allow_pin_connection mode will allow paths of length 0.90 outside the layer range. (ZRT-707)
Information: When applicable Min-max layer allow_pin_connection mode will allow paths of length 0.90 outside the layer range on clock nets. (ZRT-718)
Information: When applicable layer based tapering will taper up to 0.00 in distance from the pin. (ZRT-706)
Warning: Standard cell pin SAEDRVT14_OA21B_1/X has no valid via regions. (ZRT-044)
Warning: Cell dut_fifo_INST/fifo_data_r_reg[3][2] is placed overlapping with other cells at {{9.346 0.141} {11.492 0.741}}. (ZRT-763)
Start Global Route ... 
[Init] Elapsed real time: 0:00:00 
[Init] Elapsed cpu  time: sys=0:00:00 usr=0:00:00 total=0:00:00
[Init] Stage (MB): Used    0  Alloctr    0  Proc    0 
[Init] Total (MB): Used   52  Alloctr   53  Proc 6011 
Printing options for 'route.common.*'
common.clock_topology                                   :	 normal              
common.single_connection_to_pins                        :	 off                 

Printing options for 'route.global.*'
global.crosstalk_driven                                 :	 false               
global.deterministic                                    :	 on                  

Begin global routing.
Constructing data structure ...
Design statistics:
Design Bounding Box (-0.60um,-0.60um,36.64um,36.60um)
Number of routing layers = 10
layer M1, dir Hor, min width = 0.034um, min space = 0.026um pitch = 0.074um
layer M2, dir Ver, min width = 0.034um, min space = 0.026um pitch = 0.06um
layer M3, dir Hor, min width = 0.034um, min space = 0.026um pitch = 0.074um
layer M4, dir Ver, min width = 0.06um, min space = 0.04um pitch = 0.1um
layer M5, dir Hor, min width = 0.06um, min space = 0.04um pitch = 0.1um
layer M6, dir Ver, min width = 0.06um, min space = 0.04um pitch = 0.1um
layer M7, dir Hor, min width = 0.06um, min space = 0.04um pitch = 0.1um
layer M8, dir Ver, min width = 0.06um, min space = 0.04um pitch = 0.1um
layer M9, dir Hor, min width = 0.06um, min space = 0.04um pitch = 0.1um
layer MRDL, dir Ver, min width = 2um, min space = 2um pitch = 4um
Current Stage stats:
[End of Build Tech Data] Elapsed real time: 0:00:00 
[End of Build Tech Data] Elapsed cpu  time: sys=0:00:00 usr=0:00:00 total=0:00:00
[End of Build Tech Data] Stage (MB): Used    1  Alloctr    1  Proc    0 
[End of Build Tech Data] Total (MB): Used   57  Alloctr   57  Proc 6011 
Net statistics:
Total number of nets to route for block pin placement     = 168
Number of interface nets to route for block pin placement = 168
Net length statistics: 
Net Count(Ignore Fully Rted) 336, Total Half Perimeter Wire Length (HPWL) 6238 microns
HPWL   0 ~   50 microns: Net Count      335	Total HPWL         6168 microns
HPWL  50 ~  100 microns: Net Count        1	Total HPWL           70 microns
HPWL 100 ~  200 microns: Net Count        0	Total HPWL            0 microns
HPWL 200 ~  300 microns: Net Count        0	Total HPWL            0 microns
HPWL 300 ~  400 microns: Net Count        0	Total HPWL            0 microns
HPWL 400 ~  500 microns: Net Count        0	Total HPWL            0 microns
HPWL 500 ~  600 microns: Net Count        0	Total HPWL            0 microns
HPWL 600 ~  700 microns: Net Count        0	Total HPWL            0 microns
HPWL 700 ~  800 microns: Net Count        0	Total HPWL            0 microns
HPWL 800 ~  900 microns: Net Count        0	Total HPWL            0 microns
HPWL 900 ~ 1000 microns: Net Count        0	Total HPWL            0 microns
HPWL     > 1000 microns: Net Count        0	Total HPWL            0 microns
Current Stage stats:
[End of Build All Nets] Elapsed real time: 0:00:00 
[End of Build All Nets] Elapsed cpu  time: sys=0:00:00 usr=0:00:00 total=0:00:00
[End of Build All Nets] Stage (MB): Used    0  Alloctr    0  Proc    0 
[End of Build All Nets] Total (MB): Used   57  Alloctr   58  Proc 6011 
Number of partitions: 1 (1 x 1)
Size of partitions: 33 gCells x 33 gCells
Average gCell capacity  15.18	 on layer (1)	 M1
Average gCell capacity  18.76	 on layer (2)	 M2
Average gCell capacity  15.18	 on layer (3)	 M3
Average gCell capacity  11.24	 on layer (4)	 M4
Average gCell capacity  11.21	 on layer (5)	 M5
Average gCell capacity  11.24	 on layer (6)	 M6
Average gCell capacity  11.21	 on layer (7)	 M7
Average gCell capacity  11.24	 on layer (8)	 M8
Average gCell capacity  11.21	 on layer (9)	 M9
Average gCell capacity  0.24	 on layer (10)	 MRDL
Average number of tracks per gCell 15.24	 on layer (1)	 M1
Average number of tracks per gCell 18.82	 on layer (2)	 M2
Average number of tracks per gCell 15.24	 on layer (3)	 M3
Average number of tracks per gCell 11.30	 on layer (4)	 M4
Average number of tracks per gCell 11.27	 on layer (5)	 M5
Average number of tracks per gCell 11.30	 on layer (6)	 M6
Average number of tracks per gCell 11.27	 on layer (7)	 M7
Average number of tracks per gCell 11.30	 on layer (8)	 M8
Average number of tracks per gCell 11.27	 on layer (9)	 M9
Average number of tracks per gCell 0.30	 on layer (10)	 MRDL
Number of gCells = 10890
Current Stage stats:
[End of Build Congestion Map] Elapsed real time: 0:00:00 
[End of Build Congestion Map] Elapsed cpu  time: sys=0:00:00 usr=0:00:00 total=0:00:00
[End of Build Congestion Map] Stage (MB): Used    1  Alloctr    1  Proc    0 
[End of Build Congestion Map] Total (MB): Used   58  Alloctr   59  Proc 6011 
Number of partitions: 1 (1 x 1)
Size of partitions: 33 gCells x 33 gCells
Current Stage stats:
[End of Add Nets Demand] Elapsed real time: 0:00:00 
[End of Add Nets Demand] Elapsed cpu  time: sys=0:00:00 usr=0:00:00 total=0:00:00
[End of Add Nets Demand] Stage (MB): Used    0  Alloctr    0  Proc    0 
[End of Add Nets Demand] Total (MB): Used   58  Alloctr   59  Proc 6011 
Number of user frozen nets = 0
Total stats:
[End of Build Data] Elapsed real time: 0:00:00 
[End of Build Data] Elapsed cpu  time: sys=0:00:00 usr=0:00:00 total=0:00:00
[End of Build Data] Stage (MB): Used    2  Alloctr    2  Proc    0 
[End of Build Data] Total (MB): Used   58  Alloctr   59  Proc 6011 
Number of partitions: 1 (1 x 1)
Size of partitions: 33 gCells x 33 gCells
Current Stage stats:
[End of Blocked Pin Detection] Elapsed real time: 0:00:00 
[End of Blocked Pin Detection] Elapsed cpu  time: sys=0:00:00 usr=0:00:00 total=0:00:00
[End of Blocked Pin Detection] Stage (MB): Used   12  Alloctr   12  Proc    0 
[End of Blocked Pin Detection] Total (MB): Used   70  Alloctr   71  Proc 6011 
Information: Using 12 threads for routing. (ZRT-444)
Information: Buffer distance is estimated to be ~271.0000um (225 gCells)

Start GR phase 0
Number of partitions: 1 (1 x 1)
Size of partitions: 33 gCells x 33 gCells
[rtTop] Elapsed real time: 0:00:00 
[rtTop] Elapsed cpu  time: sys=0:00:00 usr=0:00:00 total=0:00:00
Current Stage stats:
[End of Initial Routing] Elapsed real time: 0:00:00 
[End of Initial Routing] Elapsed cpu  time: sys=0:00:00 usr=0:00:00 total=0:00:00
[End of Initial Routing] Stage (MB): Used    0  Alloctr    0  Proc    0 
[End of Initial Routing] Total (MB): Used   70  Alloctr   71  Proc 6011 
Initial. Routing result:
Initial. Both Dirs: Dmd-Cap  =     0 Max = 0 GRCs =     0 (0.00%)
Initial. H routing: Dmd-Cap  =     0 Max = 0 (GRCs =  0) GRCs =     0 (0.00%)
Initial. V routing: Dmd-Cap  =     0 Max = 0 (GRCs =  0) GRCs =     0 (0.00%)
Initial. Both Dirs: Overflow =     0 Max = 0 GRCs =     0 (0.00%)
Initial. H routing: Overflow =     0 Max = 0 (GRCs =  0) GRCs =     0 (0.00%)
Initial. V routing: Overflow =     0 Max = 0 (GRCs =  0) GRCs =     0 (0.00%)
Initial. M1         Overflow =     0 Max = 0 (GRCs =  0) GRCs =     0 (0.00%)
Initial. M2         Overflow =     0 Max = 0 (GRCs =  0) GRCs =     0 (0.00%)
Initial. M3         Overflow =     0 Max = 0 (GRCs =  0) GRCs =     0 (0.00%)
Initial. M4         Overflow =     0 Max = 0 (GRCs =  0) GRCs =     0 (0.00%)
Initial. M5         Overflow =     0 Max = 0 (GRCs =  0) GRCs =     0 (0.00%)
Initial. M6         Overflow =     0 Max = 0 (GRCs =  0) GRCs =     0 (0.00%)
Initial. M7         Overflow =     0 Max = 0 (GRCs =  0) GRCs =     0 (0.00%)
Initial. M8         Overflow =     0 Max = 0 (GRCs =  0) GRCs =     0 (0.00%)
Initial. M9         Overflow =     0 Max = 0 (GRCs =  0) GRCs =     0 (0.00%)
Initial. MRDL       Overflow =     0 Max = 0 (GRCs =  0) GRCs =     0 (0.00%)

Initial. Total Wire Length = 479.16
Initial. Layer M1 wire length = 0.00
Initial. Layer M2 wire length = 109.05
Initial. Layer M3 wire length = 233.93
Initial. Layer M4 wire length = 136.19
Initial. Layer M5 wire length = 0.00
Initial. Layer M6 wire length = 0.00
Initial. Layer M7 wire length = 0.00
Initial. Layer M8 wire length = 0.00
Initial. Layer M9 wire length = 0.00
Initial. Layer MRDL wire length = 0.00
Initial. Total Number of Contacts = 254
Initial. Via VIA1_Base count = 49
Initial. Via VIA2_Base count = 138
Initial. Via VIA34SQ_C count = 67
Initial. Via VIA4SQ count = 0
Initial. Via VIA5SQ_C count = 0
Initial. Via VIA67SQ_C count = 0
Initial. Via VIA78SQ_C count = 0
Initial. Via VIA89_C count = 0
Initial. Via VIA9RDL count = 0
Initial. completed.
[End of Whole Chip Routing] Elapsed real time: 0:00:00 
[End of Whole Chip Routing] Elapsed cpu  time: sys=0:00:00 usr=0:00:00 total=0:00:00
[End of Whole Chip Routing] Stage (MB): Used   14  Alloctr   15  Proc    0 
[End of Whole Chip Routing] Total (MB): Used   70  Alloctr   71  Proc 6011 
[End of Global Routing] Elapsed real time: 0:00:00 
[End of Global Routing] Elapsed cpu  time: sys=0:00:00 usr=0:00:00 total=0:00:00
[End of Global Routing] Stage (MB): Used   14  Alloctr   14  Proc    0 
[End of Global Routing] Total (MB): Used   70  Alloctr   71  Proc 6011 
[End of dbOut] Elapsed real time: 0:00:00 
[End of dbOut] Elapsed cpu  time: sys=0:00:00 usr=0:00:00 total=0:00:00
[End of dbOut] Stage (MB): Used    0  Alloctr    0  Proc    0 
[End of dbOut] Total (MB): Used   60  Alloctr   61  Proc 6011 
CPU Time for Global Route: 00:00:00.30u 00:00:00.01s 00:00:00.27e: 
Number of block ports: 170
Number of block pin locations assigned from router: 168
CPU Time for Pin Preparation: 00:00:00.00u 00:00:00.00s 00:00:00.00e: 
Number of PG ports on blocks: 0
Number of pins created: 170
CPU Time for Pin Creation: 00:00:00.00u 00:00:00.00s 00:00:00.00e: 
Total Pin Placement CPU Time: 00:00:00.31u 00:00:00.01s 00:00:00.28e: 
Scenario Normal_Typical is cellEm
Scenario PowerSave_Typical is cellEm
Information: The stitching and editing of coupling caps is turned OFF for design 'dut_toplevel.dlib:dut_toplevel/mcmm_and_logic_opto_full_power.design'. (TIM-125)
Info: update em.
Information: Activity propagation will be performed for scenario Normal_Fast.
Information: Doing activity propagation for mode 'Normal' and corner 'Fast' with effort level 'medium'. (POW-024)
Information: Timer-derived activity data is cached on scenario Normal_Fast (POW-052)
Information: Running switching activity propagation with 12 threads!

 **** Information : No. of simulation cycles = 6 ****
Information: Propagated activity on scenario Normal_Slow identical to that on Normal_Fast (POW-006)
Information: Propagated activity on scenario Normal_Typical identical to that on Normal_Fast (POW-006)
Information: Activity propagation will be performed for scenario PowerSave_Fast.
Information: Doing activity propagation for mode 'PowerSave' and corner 'Fast' with effort level 'medium'. (POW-024)
Information: Timer-derived activity data is cached on scenario PowerSave_Fast (POW-052)
Information: Running switching activity propagation with 12 threads!

 **** Information : No. of simulation cycles = 6 ****
Information: Propagated activity on scenario PowerSave_Slow identical to that on PowerSave_Fast (POW-006)
Information: Propagated activity on scenario PowerSave_Typical identical to that on PowerSave_Fast (POW-006)
Information: Activity for scenario Normal_Fast was cached, no propagation required. (POW-005)
Information: Activity for scenario Normal_Slow was cached, no propagation required. (POW-005)
Information: Activity for scenario Normal_Typical was cached, no propagation required. (POW-005)
Information: Activity for scenario PowerSave_Fast was cached, no propagation required. (POW-005)
Information: Activity for scenario PowerSave_Slow was cached, no propagation required. (POW-005)
Information: Activity for scenario PowerSave_Typical was cached, no propagation required. (POW-005)
CTS Cell EM initialization finished
Scenario Normal_Typical is cellEm
Scenario PowerSave_Typical is cellEm
Info: update em.
Information: Activity for scenario Normal_Fast was cached, no propagation required. (POW-005)
Information: Activity for scenario Normal_Slow was cached, no propagation required. (POW-005)
Information: Activity for scenario Normal_Typical was cached, no propagation required. (POW-005)
Information: Activity for scenario PowerSave_Fast was cached, no propagation required. (POW-005)
CTS Cell EM initialization finished
Warning: No clock routing rules were specified. Use set_clock_routing_rules to specify routing rules for accurate clock latency estimation. (OPT-902)
Warning: No clock routing rules were specified. Use set_clock_routing_rules to specify routing rules for accurate clock latency estimation. (OPT-902)
Information: Estimating clock gate latencies for scenario 'PowerSave_Typical'. (OPT-909)
Warning: No clock routing rules were specified. Use set_clock_routing_rules to specify routing rules for accurate clock latency estimation. (OPT-902)
Information: Estimating clock gate latencies for scenario 'PowerSave_Slow'. (OPT-909)
Warning: No clock routing rules were specified. Use set_clock_routing_rules to specify routing rules for accurate clock latency estimation. (OPT-902)
Information: Estimating clock gate latencies for scenario 'PowerSave_Fast'. (OPT-909)
Warning: No clock routing rules were specified. Use set_clock_routing_rules to specify routing rules for accurate clock latency estimation. (OPT-902)
Information: Estimating clock gate latencies for scenario 'Normal_Typical'. (OPT-909)
Warning: No clock routing rules were specified. Use set_clock_routing_rules to specify routing rules for accurate clock latency estimation. (OPT-902)
Information: Estimating clock gate latencies for scenario 'Normal_Slow'. (OPT-909)
Warning: No clock routing rules were specified. Use set_clock_routing_rules to specify routing rules for accurate clock latency estimation. (OPT-902)
Information: Estimating clock gate latencies for scenario 'Normal_Fast'. (OPT-909)
Information: 2 out of 12 POW-005 messages were not printed due to limit 10 (after 'compile_fusion' at task3_base.tcl:43) (MSG-3913)
Information: Ending   compile_fusion / initial_place (FLW-8001)
Information: Time: 2025-06-11 00:22:32 / Session:  00:01:11 / Command:  00:01:03 / CPU:  00:02:26 / Memory: 1520 MB (FLW-8100)
Information: CPU Load: 27%, Ram Free: 44 GB, Swap Free: 1 GB, Work Disk Free: 308 GB, Tmp Disk Free: 308 GB (MSG-3995)

Information: >>>>>>> 5 unique error and warning message tags while observing compile_fusion / initial_place: (MSG-3100)
Information: #prnt #trgr #lmt    Tag  Level     Format (or last printed message)                                (MSG-3036)
Information:     2     1  0 ZRT-511   WARNING   Warning: Cell contains tie connections which are not connect... (MSG-3032)
Information:    10     5  0 ZRT-026   WARNING   Warning: Layer MRDL default pitch 4.000 may be too small to ... (MSG-3032)
Information:     2     1  0 ZRT-763   WARNING   Warning: Cell dut_fifo_INST/fifo_data_r_reg[3][2] is placed ... (MSG-3032)
Information:     6     2  0 DPPA-096  WARNING   Warning: found large number of corner keepout wiretracks on ... (MSG-3032)
Information:    29     6  0 OPT-902   WARNING   Warning: No clock routing rules were specified. Use set_cloc... (MSG-3032)
Information:    49    15  0        5  <------   Total sum of messages (MSG-3038)
Information: >>>>>>> Summary: 15 error&warning MSGs observed during compile_fusion / initial_place (MSG-3103)

----------------------------------------------------------------------------------------------------------
Information: Starting compile_fusion / initial_drc (FLW-8000)
Information: Time: 2025-06-11 00:22:32 / Session:  00:01:11 / Command:  00:01:03 / CPU:  00:02:26 / Memory: 1520 MB (FLW-8100)
Information: CPU Load: 27%, Ram Free: 44 GB, Swap Free: 1 GB, Work Disk Free: 308 GB, Tmp Disk Free: 308 GB (MSG-3995)
----------------------------------------------------------------------------------------------------------
Information: Change threshold for extractor is reset. (FLW-1300)
Information: Timer using 12 threads
Information: The stitching and editing of coupling caps is turned OFF for design 'dut_toplevel.dlib:dut_toplevel/mcmm_and_logic_opto_full_power.design'. (TIM-125)
************************************************************
Timer Settings:
Delay Calculation Style:                   auto
Signal Integrity Analysis:                 disabled
Timing Window Analysis:                    disabled
Advanced Waveform Propagation:             disabled
Variation Type:                            fixed_derate
Clock Reconvergence Pessimism Removal:     disabled
Advanced Receiver Model:                   disabled
LLE:                                       disabled
ML Acceleration:                           off
************************************************************
Information: Starting compile_fusion / initial_drc / Load Design (FLW-8000)
Information: Time: 2025-06-11 00:22:32 / Session:  00:01:11 / Command:  00:01:03 / CPU:  00:02:27 / Memory: 1520 MB (FLW-8100)
Information: CPU Load: 27%, Ram Free: 44 GB, Swap Free: 1 GB, Work Disk Free: 308 GB, Tmp Disk Free: 308 GB (MSG-3995)
Number of Site types in the design = 1
Setting up Chip Core
Chip Core shape: (0 0) (360380 360000)
Number of VARs = 1
Number of unique PDs = 1
Number of Power Domains = 1
Number of Voltage Areas = 1
Number of supply Nets = 2
Number of used supplies = 0
Blocked VAs: 
Information: Initializing classic cellmap without advanced rules enabled and without PDC enabled
Information: The following app options are used in cellmap
        place.legalize.enable_color_aware_placement : false
        place.legalize.use_nll_query_cm : false
        place.legalize.enable_advanced_legalizer : false
        place.legalize.enable_prerouted_net_check : true
        place.legalize.enable_advanced_prerouted_net_check : false
        place.legalize.always_continue : true
        place.legalize.limit_legality_checks : false
        place.common.pnet_aware_density : 1.0000
        place.common.pnet_aware_min_width : 0.0000
        place.common.pnet_aware_layers : {}
        place.common.use_placement_model : false
        place.common.enable_advanced_placement_model : true
        cts.placement.cell_spacing_rule_style : maximum
Warning: Library cell saed14rvt_ff0p88v125c:SAEDRVT14_ISOFSDPQ_PECO_8.frame is missing supply pins. Its power structure cannot be determined. (LGL-050)
Warning: Library cell saed14rvt_ff0p88v125c:SAEDRVT14_DCAP_PV1ECO_12.frame is missing supply pins. Its power structure cannot be determined. (LGL-050)
Warning: Library cell saed14rvt_c_physical_only:SAEDRVT14_AOLVLUBUFE0_IY2V1_1.frame is missing supply pins. Its power structure cannot be determined. (LGL-050)
Warning: Library cell saed14rvt_c_physical_only:SAEDRVT14_AOLVLUBUFE0_IY2V1_10.frame is missing supply pins. Its power structure cannot be determined. (LGL-050)
Warning: Library cell saed14rvt_c_physical_only:SAEDRVT14_AOLVLUBUFE0_IY2V1_12.frame is missing supply pins. Its power structure cannot be determined. (LGL-050)
Note - message 'LGL-050' limit (5) exceeded. Remainder will be suppressed.
Total 0.0564 seconds to build cellmap data
INFO: creating 20(r) x 21(c) GridCells YDim 1.8 XDim 1.8
INFO: number of GridCells (0xb2ad91b8): 420
INFO: creating 20(r) x 21(c) GridCells YDim 1.8 XDim 1.8
INFO: number of GridCells (0xb2ad91b8): 420
Total 0.0125 seconds to load 1243 cell instances into cellmap, 1243 cells are off site row
Moveable cells: 1243; Application fixed cells: 0; Macro cells: 0; User fixed cells: 0
Average cell width 1.2194, cell height 0.6000, cell area 0.7316 for total 1243 placed and application fixed cells
Information: 123 out of 128 LGL-050 messages were not printed due to limit 5 (after 'compile_fusion' at task3_base.tcl:43) (MSG-3913)
Information: Enabling scaled virtual route (VR) (FLW-5761)
Information: Enabling light RDE flow Mode (FLW-5761)
Information: The stitching and editing of coupling caps is turned OFF for design 'dut_toplevel.dlib:dut_toplevel/mcmm_and_logic_opto_full_power.design'. (TIM-125)
Information: Ending   compile_fusion / initial_drc / Load Design (FLW-8001)
Information: Time: 2025-06-11 00:22:34 / Session:  00:01:13 / Command:  00:01:05 / CPU:  00:02:42 / Memory: 1520 MB (FLW-8100)
Information: CPU Load: 27%, Ram Free: 44 GB, Swap Free: 1 GB, Work Disk Free: 308 GB, Tmp Disk Free: 308 GB (MSG-3995)
Information: The stitching and editing of coupling caps is turned OFF for design 'dut_toplevel.dlib:dut_toplevel/mcmm_and_logic_opto_full_power.design'. (TIM-125)
Information: Starting compile_fusion / initial_drc / Global Route (FLW-8000)
Information: Time: 2025-06-11 00:22:34 / Session:  00:01:13 / Command:  00:01:05 / CPU:  00:02:42 / Memory: 1520 MB (FLW-8100)
Information: CPU Load: 27%, Ram Free: 44 GB, Swap Free: 1 GB, Work Disk Free: 308 GB, Tmp Disk Free: 308 GB (MSG-3995)
Information: Ending   compile_fusion / initial_drc / Global Route (FLW-8001)
Information: Time: 2025-06-11 00:22:34 / Session:  00:01:13 / Command:  00:01:05 / CPU:  00:02:42 / Memory: 1520 MB (FLW-8100)
Information: CPU Load: 27%, Ram Free: 44 GB, Swap Free: 1 GB, Work Disk Free: 308 GB, Tmp Disk Free: 308 GB (MSG-3995)
Information: Starting compile_fusion / initial_drc / Automatic Register Splitting (FLW-8000)
Information: Time: 2025-06-11 00:22:34 / Session:  00:01:13 / Command:  00:01:05 / CPU:  00:02:42 / Memory: 1520 MB (FLW-8100)
Information: CPU Load: 27%, Ram Free: 44 GB, Swap Free: 1 GB, Work Disk Free: 308 GB, Tmp Disk Free: 308 GB (MSG-3995)
Information: Ending   compile_fusion / initial_drc / Automatic Register Splitting (FLW-8001)
Information: Time: 2025-06-11 00:22:34 / Session:  00:01:13 / Command:  00:01:05 / CPU:  00:02:42 / Memory: 1520 MB (FLW-8100)
Information: CPU Load: 27%, Ram Free: 44 GB, Swap Free: 1 GB, Work Disk Free: 308 GB, Tmp Disk Free: 308 GB (MSG-3995)
Information: Starting compile_fusion / initial_drc / High Fanout Synthesis (FLW-8000)
Information: Time: 2025-06-11 00:22:34 / Session:  00:01:13 / Command:  00:01:05 / CPU:  00:02:42 / Memory: 1520 MB (FLW-8100)
Information: CPU Load: 27%, Ram Free: 44 GB, Swap Free: 1 GB, Work Disk Free: 308 GB, Tmp Disk Free: 308 GB (MSG-3995)
min assign layer = M4
Corner Scaling is off, multiplier is 1.000000
Zbuf-HFS: gathering all scenarios
orb constraints: using power mt scenarios
ORB: timingScenario Normal_Slow timingCorner Slow
INFO: Using corner Typical for worst leakage corner
Using default layer M4
new cutoff lpd: 3.06118e-07
corner scaling: maxCornerId = 3
corner=Fast, tran factor=0.837270 (0.028178 / 0.033655)
corner=Typical, tran factor=0.944434 (0.031785 / 0.033655)
corner=Slow, tran factor=1.000000 (0.033655 / 0.033655)
ORB: Nominal = 0.0053925  Design MT = inf  Target = 0.0336550 (6.241 nominal)  MaxRC = 0.022191
ORB: Fast Target = 0.011701 ( 2.170 nominal )
ORB: stageDelay=0.025981, stageLength=1609839
INFO: Using corner Typical for worst leakage corner
Using default layer M4
new cutoff lpd: 3.06118e-07
corner scaling: maxCornerId = 3
corner=Fast, tran factor=0.837270 (0.028178 / 0.033655)
corner=Typical, tran factor=0.944434 (0.031785 / 0.033655)
corner=Slow, tran factor=1.000000 (0.033655 / 0.033655)
INFO: Using corner Typical for worst leakage corner
Using default layer M4
new cutoff lpd: 3.06118e-07
corner scaling: maxCornerId = 3
corner=Fast, tran factor=0.837270 (0.028178 / 0.033655)
corner=Typical, tran factor=0.944434 (0.031785 / 0.033655)
corner=Slow, tran factor=1.000000 (0.033655 / 0.033655)
INFO: Using corner Typical for worst leakage corner
Using default layer M4
new cutoff lpd: 3.06118e-07
corner scaling: maxCornerId = 3
corner=Fast, tran factor=0.837270 (0.028178 / 0.033655)
corner=Typical, tran factor=0.944434 (0.031785 / 0.033655)
corner=Slow, tran factor=1.000000 (0.033655 / 0.033655)
INFO: Using corner Typical for worst leakage corner
Using default layer M4
new cutoff lpd: 3.06118e-07
corner scaling: maxCornerId = 3
corner=Fast, tran factor=0.837270 (0.028178 / 0.033655)
corner=Typical, tran factor=0.944434 (0.031785 / 0.033655)
corner=Slow, tran factor=1.000000 (0.033655 / 0.033655)
INFO: Using corner Typical for worst leakage corner
Using default layer M4
new cutoff lpd: 3.06118e-07
corner scaling: maxCornerId = 3
corner=Fast, tran factor=0.837270 (0.028178 / 0.033655)
corner=Typical, tran factor=0.944434 (0.031785 / 0.033655)
corner=Slow, tran factor=1.000000 (0.033655 / 0.033655)
INFO: Using corner Typical for worst leakage corner
Using default layer M4
new cutoff lpd: 3.06118e-07
corner scaling: maxCornerId = 3
corner=Fast, tran factor=0.837270 (0.028178 / 0.033655)
corner=Typical, tran factor=0.944434 (0.031785 / 0.033655)
corner=Slow, tran factor=1.000000 (0.033655 / 0.033655)
INFO: Using corner Typical for worst leakage corner
Using default layer M4
new cutoff lpd: 3.06118e-07
corner scaling: maxCornerId = 3
corner=Fast, tran factor=0.837270 (0.028178 / 0.033655)
corner=Typical, tran factor=0.944434 (0.031785 / 0.033655)
corner=Slow, tran factor=1.000000 (0.033655 / 0.033655)
INFO: Using corner Typical for worst leakage corner
Using default layer M4
new cutoff lpd: 3.06118e-07
corner scaling: maxCornerId = 3
corner=Fast, tran factor=0.837270 (0.028178 / 0.033655)
corner=Typical, tran factor=0.944434 (0.031785 / 0.033655)
corner=Slow, tran factor=1.000000 (0.033655 / 0.033655)
INFO: Using corner Typical for worst leakage corner
Using default layer M4
new cutoff lpd: 3.06118e-07
corner scaling: maxCornerId = 3
corner=Fast, tran factor=0.837270 (0.028178 / 0.033655)
corner=Typical, tran factor=0.944434 (0.031785 / 0.033655)
corner=Slow, tran factor=1.000000 (0.033655 / 0.033655)
INFO: Using corner Typical for worst leakage corner
Using default layer M4
new cutoff lpd: 3.06118e-07
corner scaling: maxCornerId = 3
corner=Fast, tran factor=0.837270 (0.028178 / 0.033655)
corner=Typical, tran factor=0.944434 (0.031785 / 0.033655)
corner=Slow, tran factor=1.000000 (0.033655 / 0.033655)
INFO: Using corner Typical for worst leakage corner
Using default layer M4
new cutoff lpd: 3.06118e-07
corner scaling: maxCornerId = 3
corner=Fast, tran factor=0.837270 (0.028178 / 0.033655)
corner=Typical, tran factor=0.944434 (0.031785 / 0.033655)
corner=Slow, tran factor=1.000000 (0.033655 / 0.033655)
Collecting Drivers ...  
Design max_transition = inf
Design max_capacitance = inf
GRE layer bins: None, M4
WINFO: 1655 None; 0 M4; 0 Total
Running clock data isolation flow.
Found 0 buffer-tree drivers
No violators found
Running tristate isolation flow.
TSI: added 0 repeaters
Running mv isolation flow.
Found 0 buffer-tree drivers
No violators found
Found 4 buffer-tree drivers

Roi-HfsDrc SN: 1798569713 435980330 0 1 (300.000000)

Processing Buffer Trees  (ROI) ... 

    [1]  10% ...
    [2]  20% ...
    [3]  30% ...
    [4]  40% ...
    [4] 100% Done

                  Deleted        Added
------------ ------------ ------------
    Buffers:            0           13
  Inverters:            2            2
------------ ------------ ------------
      Total:            2           15
------------ ------------ ------------

Number of Drivers Sized: 2 [50.00%]

                      P: 2 [50.00%]
                      N: 0 [0.00%]

WINFO: 1668 None; 0 M4; 0 Total
Information: The net parasitics of block dut_toplevel are cleared. (TIM-123)
Information: The stitching and editing of coupling caps is turned OFF for design 'dut_toplevel.dlib:dut_toplevel/mcmm_and_logic_opto_full_power.design'. (TIM-125)
WINFO: 1668 None; 0 M4; 0 Total
Zbuf-RUNTIME (Hr:Min:Sec)  CPU 0 hr : 0 min : 2.08 sec ELAPSE 0 hr : 0 min : 0.87 sec
Zbuf-RUNTIME         (Min) CPU 0 min ELAPSE 0 min
ZBuf-MEM(max-mem) total 1556004 K / inuse 1389764 K
Information: Result of compile_fusion / initial_drc / High Fanout Synthesis (FLW-8500)
Information: Top 10 transition violators after high fanout synthesis (HFS-1000)
Slack     Fanout  Scenario    Driver                                                       

Compile-fusion optimization summary            SETUP-COST    R2R-COST HOLD-COST LDRC-COST          AREA     LEAKAGE     INSTCNT            ELAPSE       MEM
Compile-fusion                                       0.18        0.18         -         0        919.23   290436.09        1256              0.02      1519
Information: Ending   compile_fusion / initial_drc / High Fanout Synthesis (FLW-8001)
Information: Time: 2025-06-11 00:22:35 / Session:  00:01:14 / Command:  00:01:06 / CPU:  00:02:45 / Memory: 1520 MB (FLW-8100)
Information: CPU Load: 26%, Ram Free: 44 GB, Swap Free: 1 GB, Work Disk Free: 308 GB, Tmp Disk Free: 308 GB (MSG-3995)
Information: The net parasitics of block dut_toplevel are cleared. (TIM-123)
Information: Ending   compile_fusion / initial_drc (FLW-8001)
Information: Time: 2025-06-11 00:22:35 / Session:  00:01:14 / Command:  00:01:06 / CPU:  00:02:45 / Memory: 1520 MB (FLW-8100)
Information: CPU Load: 26%, Ram Free: 44 GB, Swap Free: 1 GB, Work Disk Free: 308 GB, Tmp Disk Free: 308 GB (MSG-3995)

Information: >>>>>>> 1 unique error and warning message tags while observing compile_fusion / initial_drc: (MSG-3100)
Information: #prnt #trgr #lmt    Tag  Level     Format (or last printed message)                                (MSG-3036)
Information:     5     5  5 LGL-050   WARNING   Warning: Library cell saed14rvt_c_physical_only:SAEDRVT14_AO... (MSG-3032)
Information:     5     5  1        1  <------   Total sum of messages (MSG-3038)
Information: >>>>>>> Summary: 5 error&warning MSGs observed during compile_fusion / initial_drc (MSG-3103)

----------------------------------------------------------------------------------------------------------
Information: Starting compile_fusion / initial_opto (FLW-8000)
Information: Time: 2025-06-11 00:22:35 / Session:  00:01:14 / Command:  00:01:06 / CPU:  00:02:45 / Memory: 1520 MB (FLW-8100)
Information: CPU Load: 26%, Ram Free: 44 GB, Swap Free: 1 GB, Work Disk Free: 308 GB, Tmp Disk Free: 308 GB (MSG-3995)
----------------------------------------------------------------------------------------------------------
Information: Change threshold for extractor is reset. (FLW-1300)
Information: Timer using 12 threads
[Tim-Power] Info: Cleared Leakage libCell cache.
flowStepUpsInPbo:: using optEnvMonitor()
Information: Initializing classic cellmap without advanced rules enabled and without PDC enabled
Information: The following app options are used in cellmap
        place.legalize.enable_color_aware_placement : false
        place.legalize.use_nll_query_cm : false
        place.legalize.enable_advanced_legalizer : false
        place.legalize.enable_prerouted_net_check : true
        place.legalize.enable_advanced_prerouted_net_check : false
        place.legalize.always_continue : true
        place.legalize.limit_legality_checks : false
        place.common.pnet_aware_density : 1.0000
        place.common.pnet_aware_min_width : 0.0000
        place.common.pnet_aware_layers : {}
        place.common.use_placement_model : false
        place.common.enable_advanced_placement_model : true
        cts.placement.cell_spacing_rule_style : maximum
Warning: Library cell saed14rvt_ff0p88v125c:SAEDRVT14_ISOFSDPQ_PECO_8.frame is missing supply pins. Its power structure cannot be determined. (LGL-050)
Warning: Library cell saed14rvt_ff0p88v125c:SAEDRVT14_DCAP_PV1ECO_12.frame is missing supply pins. Its power structure cannot be determined. (LGL-050)
Warning: Library cell saed14rvt_c_physical_only:SAEDRVT14_AOLVLUBUFE0_IY2V1_1.frame is missing supply pins. Its power structure cannot be determined. (LGL-050)
Warning: Library cell saed14rvt_c_physical_only:SAEDRVT14_AOLVLUBUFE0_IY2V1_10.frame is missing supply pins. Its power structure cannot be determined. (LGL-050)
Warning: Library cell saed14rvt_c_physical_only:SAEDRVT14_AOLVLUBUFE0_IY2V1_12.frame is missing supply pins. Its power structure cannot be determined. (LGL-050)
Total 0.0577 seconds to build cellmap data
INFO: compile_fusion is running in balanced flow mode
Warning: Cannot find any max transition constraint on the design. (OPT-070)
Warning: Power app option opt.power.effort has been deprecated. Please remove it from your script. (OPT-035)
INFO: Leakage Power Aware Optimization Enabled
Information: The automatic clock gate timing flow is activated. Clock latencies set on clock gate cells will be automatically adjusted by an estimate for latency. (CGT-4005)
INFO: EarlyGR flow is not enabled.
.INFO: disable CRPR-based timing. 
Information: The stitching and editing of coupling caps is turned OFF for design 'dut_toplevel.dlib:dut_toplevel/mcmm_and_logic_opto_full_power.design'. (TIM-125)
Number of Site types in the design = 1
Setting up Chip Core
Chip Core shape: (0 0) (360380 360000)
Number of VARs = 1
Number of unique PDs = 1
Number of Power Domains = 1
Number of Voltage Areas = 1
Number of supply Nets = 2
Number of used supplies = 0
Blocked VAs: 

compile command begin                   CPU:   175 s (  0.05 hr )  ELAPSE:    75 s (  0.02 hr )  MEM-PEAK:  1519 MB
Warning: Cannot find any max transition constraint on the design. (OPT-070)
Information: The stitching and editing of coupling caps is turned OFF for design 'dut_toplevel.dlib:dut_toplevel/mcmm_and_logic_opto_full_power.design'. (TIM-125)
************************************************************
Timer Settings:
Delay Calculation Style:                   auto
Signal Integrity Analysis:                 disabled
Timing Window Analysis:                    disabled
Advanced Waveform Propagation:             disabled
Variation Type:                            fixed_derate
Clock Reconvergence Pessimism Removal:     disabled
Advanced Receiver Model:                   disabled
LLE:                                       disabled
ML Acceleration:                           off
************************************************************
Info: update em.

compile timing update complete          CPU:   176 s (  0.05 hr )  ELAPSE:    75 s (  0.02 hr )  MEM-PEAK:  1519 MB

compile initial QoR
___________________
Scenario Mapping Table
1: Normal_Fast
2: Normal_Slow
3: Normal_Typical
4: PowerSave_Fast
5: PowerSave_Slow
6: PowerSave_Typical

Pathgroup Mapping Table
1: **default**
2: **async_default**
3: **clock_gating_default**
4: **in2reg_default**
5: **reg2out_default**
6: **in2out_default**
7: clk

-------------------------------------------------------------------------------------------------------------------------------------------------------------
PATHGROUP QOR 
-------------------------------------------------------------------------------------------------------------------------------------------------------------
Scene  PG      WNS        TNS    NSV      WHV        THV    NHV
    2   1   0.0000     0.0000      0        -          -      -
    2   2   0.0000     0.0000      0        -          -      -
    2   3   0.0000     0.0000      0        -          -      -
    2   4   0.0000     0.0000      0        -          -      -
    2   5   0.0000     0.0000      0        -          -      -
    2   6   0.0000     0.0000      0        -          -      -
    2   7   0.0667     0.1724      4        -          -      -
    3   1   0.0000     0.0000      0        -          -      -
    3   2   0.0000     0.0000      0        -          -      -
    3   3   0.0000     0.0000      0        -          -      -
    3   4   0.0000     0.0000      0        -          -      -
    3   5   0.0000     0.0000      0        -          -      -
    3   6   0.0000     0.0000      0        -          -      -
    3   7   0.0000     0.0000      0        -          -      -
    5   1   0.0000     0.0000      0        -          -      -
    5   2   0.0000     0.0000      0        -          -      -
    5   3   0.0000     0.0000      0        -          -      -
    5   4   0.0000     0.0000      0        -          -      -
    5   5   0.0000     0.0000      0        -          -      -
    5   6   0.0000     0.0000      0        -          -      -
    5   7   0.0000     0.0000      0        -          -      -
    6   1   0.0000     0.0000      0        -          -      -
    6   2   0.0000     0.0000      0        -          -      -
    6   3   0.0000     0.0000      0        -          -      -
    6   4   0.0000     0.0000      0        -          -      -
    6   5   0.0000     0.0000      0        -          -      -
    6   6   0.0000     0.0000      0        -          -      -
    6   7   0.0000     0.0000      0        -          -      -
----------------------------------------------------------------------------------------------------------------------------------------------------------------------
SCENARIO QOR 
----------------------------------------------------------------------------------------------------------------------------------------------------------------------
Scene  PG      WNS        TNS   R2RTNS    NSV      WHV        THV    NHV  MaxTrnV   MaxTranC  MaxCapV    Leakage     CellEMV
    1   *        -          -        -      -        -          -      -        -          -        0          -           0
    2   *   0.0667     0.1724   0.1724      4        -          -      -        0     0.0000        -  14585.686           0
    3   *   0.0000     0.0000   0.0000      0        -          -      -        0     0.0000        0 290436.094           0
    4   *        -          -        -      -        -          -      -        -          -        0          -           0
    5   *   0.0000     0.0000   0.0000      0        -          -      -        0     0.0000        -  14585.686           0
    6   *   0.0000     0.0000   0.0000      0        -          -      -        0     0.0000        0 290436.094           0
----------------------------------------------------------------------------------------------------------------------------------------------------------------------
DESIGN QOR 
----------------------------------------------------------------------------------------------------------------------------------------------------------------------
Scene  PG      WNS        TNS   R2RTNS    NSV      WHV        THV    NHV  MaxTrnV   MaxTranC  MaxCapV    Leakage         Area    InstCnt     BufCnt     InvCnt     CellEMV
    *   *   0.0667     0.1724   0.1724      4   0.0000     0.0000      0        0     0.0000        0 290436.094       919.23       1256         13         72           0
----------------------------------------------------------------------------------------------------------------------------------------------------------------------

compile initial QoR Summary       WNS        TNS   R2RTNS    NSV      WHV        THV    NHV  MaxTrnV  MaxCapV    Leakage         Area    InstCnt
compile initial QoR Summary    0.0667     0.1724   0.1724      4   0.0000     0.0000      0        0        0 290436.094       919.23       1256
Information: The netlist change observers are disabled for incremental extraction. (TIM-126)
INFO: using 12 threads
compile initialization complete         CPU:   191 s (  0.05 hr )  ELAPSE:    77 s (  0.02 hr )  MEM-PEAK:  1519 MB
compile optimization summary            SETUP-COST    R2R-COST HOLD-COST LDRC-COST          AREA     LEAKAGE     INSTCNT            ELAPSE       MEM
Warning: Cannot find any max transition constraint on the design. (OPT-070)
Information: The netlist change observers are enabled for incremental extraction. (TIM-127)

[Tim-Power] Info: Cleared Leakage libCell cache.
Information: Initializing classic cellmap without advanced rules enabled and without PDC enabled
Information: The following app options are used in cellmap
        place.legalize.enable_color_aware_placement : false
        place.legalize.use_nll_query_cm : false
        place.legalize.enable_advanced_legalizer : false
        place.legalize.enable_prerouted_net_check : false
        place.legalize.enable_advanced_prerouted_net_check : false
        place.legalize.always_continue : true
        place.legalize.limit_legality_checks : false
        place.common.pnet_aware_density : 1.0000
        place.common.pnet_aware_min_width : 0.0000
        place.common.pnet_aware_layers : {}
        place.common.use_placement_model : false
        place.common.enable_advanced_placement_model : true
        cts.placement.cell_spacing_rule_style : maximum
Total 0.0587 seconds to build cellmap data
INFO: creating 20(r) x 21(c) GridCells YDim 1.8 XDim 1.8
INFO: number of GridCells (0xbc005ce0): 420
INFO: creating 20(r) x 21(c) GridCells YDim 1.8 XDim 1.8
INFO: number of GridCells (0xbc005ce0): 420
Total 0.0133 seconds to load 1256 cell instances into cellmap, 1241 cells are off site row
Moveable cells: 1256; Application fixed cells: 0; Macro cells: 0; User fixed cells: 0
Average cell width 1.2198, cell height 0.6000, cell area 0.7319 for total 1256 placed and application fixed cells
Information: 251 out of 256 LGL-050 messages were not printed due to limit 5 (after 'compile_fusion' at task3_base.tcl:43) (MSG-3913)
Information: Starting compile_fusion / initial_opto / Optimization (1) (FLW-8000)
Information: Time: 2025-06-11 00:22:41 / Session:  00:01:20 / Command:  00:01:12 / CPU:  00:03:22 / Memory: 1520 MB (FLW-8100)
Information: CPU Load: 32%, Ram Free: 44 GB, Swap Free: 1 GB, Work Disk Free: 308 GB, Tmp Disk Free: 308 GB (MSG-3995)
Information: Starting compile_fusion / initial_opto / Optimization (1) / Timing Optimization (FLW-8000)
Information: Time: 2025-06-11 00:22:41 / Session:  00:01:20 / Command:  00:01:12 / CPU:  00:03:22 / Memory: 1520 MB (FLW-8100)
Information: CPU Load: 32%, Ram Free: 44 GB, Swap Free: 1 GB, Work Disk Free: 308 GB, Tmp Disk Free: 308 GB (MSG-3995)
[Tim-Power] Info: Cleared Leakage libCell cache.
Disable clock slack update for ideal clocks
Warning: Restoring scoped app option 'ropt.rbuf_subtree_crit_range' to original value 'unset' (from current value '-1', which is different from the scoped value '-1.0'). (FLW-2892)
Disable clock slack update for ideal clocks
Corner Scaling is off, multiplier is 1.000000
Using default layer M4
new cutoff lpd: 3.06118e-07
corner scaling: maxCornerId = 3
corner=Fast, tran factor=0.837270 (0.028178 / 0.033655)
corner=Typical, tran factor=0.944434 (0.031785 / 0.033655)
corner=Slow, tran factor=1.000000 (0.033655 / 0.033655)
Warning: Restoring scoped app option 'ropt.rbuf_subtree_crit_range' to original value 'unset' (from current value '-1', which is different from the scoped value '-1.0'). (FLW-2892)
Disable clock slack update for ideal clocks
Warning: Restoring scoped app option 'ropt.rbuf_subtree_crit_range' to original value 'unset' (from current value '-1', which is different from the scoped value '-1.0'). (FLW-2892)
Disable clock slack update for ideal clocks
Warning: Restoring scoped app option 'ropt.rbuf_subtree_crit_range' to original value 'unset' (from current value '-1', which is different from the scoped value '-1.0'). (FLW-2892)
Disable clock slack update for ideal clocks
Warning: Restoring scoped app option 'ropt.rbuf_subtree_crit_range' to original value 'unset' (from current value '-1', which is different from the scoped value '-1.0'). (FLW-2892)
Information: Ending   compile_fusion / initial_opto / Optimization (1) / Timing Optimization (FLW-8001)
Information: Time: 2025-06-11 00:22:50 / Session:  00:01:29 / Command:  00:01:21 / CPU:  00:04:02 / Memory: 1657 MB (FLW-8100)
Information: CPU Load: 30%, Ram Free: 44 GB, Swap Free: 1 GB, Work Disk Free: 308 GB, Tmp Disk Free: 308 GB (MSG-3995)
Warning: Restoring scoped app option 'xform.commit_density_threshold' to original value 'unset' (from current value '1.1', which is different from the scoped value '1.100000'). (FLW-2892)
Warning: Restoring scoped app option 'ropt.rutil_density_threshold' to original value 'unset' (from current value '1.1', which is different from the scoped value '1.100000'). (FLW-2892)
Warning: Restoring scoped app option 'opt.internal.levfilter_arec_slack' to original value 'unset' (from current value '-1', which is different from the scoped value '-1.0'). (FLW-2892)
Disable clock slack update for ideal clocks
Warning: Restoring scoped app option 'ropt.rbuf_subtree_crit_range' to original value 'unset' (from current value '-1', which is different from the scoped value '-1.0'). (FLW-2892)
Information: Ending   compile_fusion / initial_opto / Optimization (1) (FLW-8001)
Information: Time: 2025-06-11 00:22:55 / Session:  00:01:34 / Command:  00:01:26 / CPU:  00:04:08 / Memory: 1657 MB (FLW-8100)
Information: CPU Load: 28%, Ram Free: 44 GB, Swap Free: 1 GB, Work Disk Free: 308 GB, Tmp Disk Free: 308 GB (MSG-3995)
----------------------------------------------------------------
running create_placement
Corner Scaling is off, multiplier is 1.000000
ORB: timingScenario Normal_Slow timingCorner Slow
INFO: Using corner Typical for worst leakage corner
Using default layer M4
new cutoff lpd: 3.06118e-07
corner scaling: maxCornerId = 3
corner=Fast, tran factor=0.837270 (0.028178 / 0.033655)
corner=Typical, tran factor=0.944434 (0.031785 / 0.033655)
corner=Slow, tran factor=1.000000 (0.033655 / 0.033655)
ORB: Nominal = 0.0053925  Design MT = inf  Target = 0.0336550 (6.241 nominal)  MaxRC = 0.022191
ORB: Fast Target = 0.011701 ( 2.170 nominal )
ORB: stageDelay=0.025981, stageLength=1609839
nplLib: default vr hor dist = 322
nplLib: default vr ver dist = 322
nplLib: default vr buf size = 2
nplLib: default vr buf size = 1

Placement Options:
Effort:                        medium_effort       
Timing Driven:                 false               
Buffering Aware Timing Driven: false               
Seed locs:                     true                
Incremental:                   false               
Congestion:                    false               
Fix Macros:                    true                
Place Macros:                  false               
Channel Size Macros:           false               


Start transferring placement data.
Added 0 bounds for preserving balanced registers
****** Net weight manager: report ******
Weights included: Timing  
Number of nets with non-default weights: 1665
Timing factor = 1
Non-default weight range: (0.893129, 2.67939)
Information: Automatic repeater spreading is enabled.
Information: The net parasitics of block dut_toplevel are cleared. (TIM-123)
Completed transferring placement data.
Running placement using 12 thread(s)
Information: Enhanced Auto Density Control is used. (PLACE-098)
Information: Enhanced auto density configuration is 13179.
Information: Automatic density control has selected the following settings: max_density 0.55, congestion_driven_max_util 0.87. (PLACE-027)
Information: HFW control 'off' invoked.
coarse place 33% done.
coarse place 67% done.
coarse place 100% done.
Information: Coarse placer weighted wire length estimate = 1.02014e+08
Information: Extraction observers are detached as design net change threshold is reached.
Warning: No clock routing rules were specified. Use set_clock_routing_rules to specify routing rules for accurate clock latency estimation. (OPT-902)
Warning: No clock routing rules were specified. Use set_clock_routing_rules to specify routing rules for accurate clock latency estimation. (OPT-902)
Information: Estimating clock gate latencies for scenario 'PowerSave_Typical'. (OPT-909)
Warning: No clock routing rules were specified. Use set_clock_routing_rules to specify routing rules for accurate clock latency estimation. (OPT-902)
Information: Estimating clock gate latencies for scenario 'PowerSave_Slow'. (OPT-909)
Warning: No clock routing rules were specified. Use set_clock_routing_rules to specify routing rules for accurate clock latency estimation. (OPT-902)
Information: Estimating clock gate latencies for scenario 'Normal_Typical'. (OPT-909)
Warning: No clock routing rules were specified. Use set_clock_routing_rules to specify routing rules for accurate clock latency estimation. (OPT-902)
Information: Estimating clock gate latencies for scenario 'Normal_Slow'. (OPT-909)
----------------------------------------------------------------
Information: Starting compile_fusion / initial_opto / Timing and Congestion Driven Placement (FLW-8000)
Information: Time: 2025-06-11 00:22:56 / Session:  00:01:35 / Command:  00:01:27 / CPU:  00:04:11 / Memory: 1657 MB (FLW-8100)
Information: CPU Load: 28%, Ram Free: 44 GB, Swap Free: 1 GB, Work Disk Free: 308 GB, Tmp Disk Free: 308 GB (MSG-3995)
----------------------------------------------------------------
----------------------------------------------------------------
Running congestion-aware direct-timing-driven placement
Information: Current block utilization is '0.70800', effective utilization is '0.70820'. (OPT-055)
chip utilization before DTDP: 0.71
Start Timing-driven placement
Start transferring placement data.
Warning: To enable pin track alignment feature, the advanced legalizer has to be turned on using app option "place.legalize.enable_advanced_legalizer".
Warning: Pin track alignment feature will be disabled in this run
Information: Initializing classic cellmap without advanced rules enabled and without PDC enabled
Information: The following app options are used in cellmap
        place.legalize.enable_color_aware_placement : false
        place.legalize.use_nll_query_cm : false
        place.legalize.enable_advanced_legalizer : false
        place.legalize.enable_prerouted_net_check : true
        place.legalize.enable_advanced_prerouted_net_check : false
        place.legalize.always_continue : true
        place.legalize.limit_legality_checks : false
        place.common.pnet_aware_density : 1.0000
        place.common.pnet_aware_min_width : 0.0000
        place.common.pnet_aware_layers : {}
        place.common.use_placement_model : false
        place.common.enable_advanced_placement_model : true
        cts.placement.cell_spacing_rule_style : maximum
Warning: Library cell saed14rvt_ff0p88v125c:SAEDRVT14_ISOFSDPQ_PECO_8.frame is missing supply pins. Its power structure cannot be determined. (LGL-050)
Warning: Library cell saed14rvt_ff0p88v125c:SAEDRVT14_DCAP_PV1ECO_12.frame is missing supply pins. Its power structure cannot be determined. (LGL-050)
Warning: Library cell saed14rvt_c_physical_only:SAEDRVT14_AOLVLUBUFE0_IY2V1_1.frame is missing supply pins. Its power structure cannot be determined. (LGL-050)
Warning: Library cell saed14rvt_c_physical_only:SAEDRVT14_AOLVLUBUFE0_IY2V1_10.frame is missing supply pins. Its power structure cannot be determined. (LGL-050)
Warning: Library cell saed14rvt_c_physical_only:SAEDRVT14_AOLVLUBUFE0_IY2V1_12.frame is missing supply pins. Its power structure cannot be determined. (LGL-050)
Total 0.0580 seconds to build cellmap data
Snapped 1253 standard cells to the nearest cellrow to improve the accuracy of congestion analysis. 17 cells remain unaligned.
Start Global Route ... 
[Init] Elapsed real time: 0:00:00 
[Init] Elapsed cpu  time: sys=0:00:00 usr=0:00:00 total=0:00:00
[Init] Stage (MB): Used    0  Alloctr    0  Proc    0 
[Init] Total (MB): Used    7  Alloctr    8  Proc 6277 
Printing options for 'route.common.*'
common.clock_topology                                   :	 normal              
common.single_connection_to_pins                        :	 off                 

Printing options for 'route.global.*'
global.crosstalk_driven                                 :	 false               
global.deterministic                                    :	 on                  
global.timing_driven                                    :	 false               

Begin global routing.
Warning: Cell contains tie connections which are not connected to real PG. (ZRT-511)
Cell Min-Routing-Layer = M1
Cell Max-Routing-Layer = MRDL
Turn off antenna since no rule is specified
Information: Option route.detail.force_end_on_preferred_grid will be ignored since none of the layers have preferred grid. (ZRT-703)
Skipping 1 internal pins that are not physical. Set route.common.verbose_level to > 0 and run routing command to get skipped pin names.
Info: number of net_type_blockage: 0 
Information: Via ladder engine would be activated for pattern must join connection in certain commands. Please refer to man-page for the command list. (ZRT-619)
Warning: Port  VDD at {{27.338,-0.047} {29.568,0.047}} is out of boundary. Cannot be routed. (ZRT-720)
Warning: Port  VDD at {{23.046,-0.047} {25.276,0.047}} is out of boundary. Cannot be routed. (ZRT-720)
Warning: Port  VDD at {{25.192,-0.047} {27.422,0.047}} is out of boundary. Cannot be routed. (ZRT-720)
Warning: Port  VDD at {{20.900,-0.047} {23.130,0.047}} is out of boundary. Cannot be routed. (ZRT-720)
Warning: Port  VDD at {{18.754,-0.047} {20.984,0.047}} is out of boundary. Cannot be routed. (ZRT-720)
Warning: Port  VDD at {{16.608,-0.047} {18.838,0.047}} is out of boundary. Cannot be routed. (ZRT-720)
Warning: Port  VDD at {{33.850,29.953} {36.080,30.047}} is out of boundary. Cannot be routed. (ZRT-720)
Warning: Port  VSS at {{33.850,30.553} {36.080,30.647}} is out of boundary. Cannot be routed. (ZRT-720)
Warning: Port  VDD at {{33.850,29.953} {36.080,30.047}} is out of boundary. Cannot be routed. (ZRT-720)
Warning: Port  VSS at {{33.850,29.353} {36.080,29.447}} is out of boundary. Cannot be routed. (ZRT-720)
Skipping 145 ectangle_only route guides because they don't cover the design boundary in the layer's  preferred direction.
Via on layer (VIA4) needs more than one tracks
Warning: Layer M4 default pitch 0.100 may be too small to handle up/down via. Note, that minimum requirements are "wire/via-down 0.100" & "wire/via-up 0.122". (ZRT-026)
Via on layer (VIA7) needs more than one tracks
Warning: Layer M7 default pitch 0.100 may be too small to handle up/down via. Note, that minimum requirements are "wire/via-down 0.100" & "wire/via-up 0.105". (ZRT-026)
Wire on layer (M8) needs more than one tracks
Via on layer (VIA7) needs more than one tracks
Via on layer (VIA8) needs more than one tracks
Warning: Layer M8 default pitch 0.100 may be too small to handle up/down via. Note, that minimum requirements are "wire/via-down 0.105" & "wire/via-up 0.135". (ZRT-026)
Wire on layer (M9) needs more than one tracks
Via on layer (VIA8) needs more than one tracks
Via on layer (VIARDL) needs more than one tracks
Warning: Layer M9 default pitch 0.100 may be too small to handle up/down via. Note, that minimum requirements are "wire/via-down 0.135" & "wire/via-up 1.570". (ZRT-026)
Via on layer (VIARDL) needs more than one tracks
Warning: Layer MRDL default pitch 4.000 may be too small to handle up/down via. Note, that minimum requirements are "wire/via-down 4.500" & "wire/via-up 4.000". (ZRT-026)
Transition layer name: M7(6)
Transition layer name: M8(7)
Information: When applicable Min-max layer allow_pin_connection mode will allow paths of length 0.90 outside the layer range. (ZRT-707)
Information: When applicable Min-max layer allow_pin_connection mode will allow paths of length 0.90 outside the layer range on clock nets. (ZRT-718)
Information: When applicable layer based tapering will taper up to 0.00 in distance from the pin. (ZRT-706)
Warning: Standard cell pin SAEDRVT14_OA21B_1/X has no valid via regions. (ZRT-044)
Warning: Cell dut_input_channel_control_0_INST/in_data_arb_r_reg[24] is placed overlapping with other cells at {{22.126 2.400} {24.272 3.000}}. (ZRT-763)
Current Stage stats:
[End of Read DB] Elapsed real time: 0:00:00 
[End of Read DB] Elapsed cpu  time: sys=0:00:00 usr=0:00:00 total=0:00:00
[End of Read DB] Stage (MB): Used   38  Alloctr   39  Proc  -32 
[End of Read DB] Total (MB): Used   46  Alloctr   47  Proc 6245 
Constructing data structure ...
Design statistics:
Design Bounding Box (0.00um,0.00um,36.04um,36.00um)
Number of routing layers = 10
layer M1, dir Hor, min width = 0.034um, min space = 0.026um pitch = 0.074um
layer M2, dir Ver, min width = 0.034um, min space = 0.026um pitch = 0.06um
layer M3, dir Hor, min width = 0.034um, min space = 0.026um pitch = 0.074um
layer M4, dir Ver, min width = 0.06um, min space = 0.04um pitch = 0.1um
layer M5, dir Hor, min width = 0.06um, min space = 0.04um pitch = 0.1um
layer M6, dir Ver, min width = 0.06um, min space = 0.04um pitch = 0.1um
layer M7, dir Hor, min width = 0.06um, min space = 0.04um pitch = 0.1um
layer M8, dir Ver, min width = 0.06um, min space = 0.04um pitch = 0.1um
layer M9, dir Hor, min width = 0.06um, min space = 0.04um pitch = 0.1um
layer MRDL, dir Ver, min width = 2um, min space = 2um pitch = 4um
Current Stage stats:
[End of Build Tech Data] Elapsed real time: 0:00:00 
[End of Build Tech Data] Elapsed cpu  time: sys=0:00:00 usr=0:00:00 total=0:00:00
[End of Build Tech Data] Stage (MB): Used    0  Alloctr    0  Proc    0 
[End of Build Tech Data] Total (MB): Used   47  Alloctr   48  Proc 6245 
Net statistics:
Total number of nets     = 1666
Number of nets to route  = 1665
Net length statistics: 
Net Count(Ignore Fully Rted) 1666, Total Half Perimeter Wire Length (HPWL) 9296 microns
HPWL   0 ~   50 microns: Net Count     1661	Total HPWL         9012 microns
HPWL  50 ~  100 microns: Net Count        5	Total HPWL          284 microns
HPWL 100 ~  200 microns: Net Count        0	Total HPWL            0 microns
HPWL 200 ~  300 microns: Net Count        0	Total HPWL            0 microns
HPWL 300 ~  400 microns: Net Count        0	Total HPWL            0 microns
HPWL 400 ~  500 microns: Net Count        0	Total HPWL            0 microns
HPWL 500 ~  600 microns: Net Count        0	Total HPWL            0 microns
HPWL 600 ~  700 microns: Net Count        0	Total HPWL            0 microns
HPWL 700 ~  800 microns: Net Count        0	Total HPWL            0 microns
HPWL 800 ~  900 microns: Net Count        0	Total HPWL            0 microns
HPWL 900 ~ 1000 microns: Net Count        0	Total HPWL            0 microns
HPWL     > 1000 microns: Net Count        0	Total HPWL            0 microns
Current Stage stats:
[End of Build All Nets] Elapsed real time: 0:00:00 
[End of Build All Nets] Elapsed cpu  time: sys=0:00:00 usr=0:00:00 total=0:00:00
[End of Build All Nets] Stage (MB): Used    1  Alloctr    1  Proc    0 
[End of Build All Nets] Total (MB): Used   48  Alloctr   49  Proc 6245 
Number of partitions: 1 (1 x 1)
Size of partitions: 60 gCells x 60 gCells
Average gCell capacity  1.88	 on layer (1)	 M1
Average gCell capacity  4.89	 on layer (2)	 M2
Average gCell capacity  8.06	 on layer (3)	 M3
Average gCell capacity  5.98	 on layer (4)	 M4
Average gCell capacity  5.98	 on layer (5)	 M5
Average gCell capacity  5.98	 on layer (6)	 M6
Average gCell capacity  5.98	 on layer (7)	 M7
Average gCell capacity  5.98	 on layer (8)	 M8
Average gCell capacity  5.98	 on layer (9)	 M9
Average gCell capacity  0.13	 on layer (10)	 MRDL
Average number of tracks per gCell 8.12	 on layer (1)	 M1
Average number of tracks per gCell 10.02	 on layer (2)	 M2
Average number of tracks per gCell 8.12	 on layer (3)	 M3
Average number of tracks per gCell 6.02	 on layer (4)	 M4
Average number of tracks per gCell 6.02	 on layer (5)	 M5
Average number of tracks per gCell 6.02	 on layer (6)	 M6
Average number of tracks per gCell 6.02	 on layer (7)	 M7
Average number of tracks per gCell 6.02	 on layer (8)	 M8
Average number of tracks per gCell 6.02	 on layer (9)	 M9
Average number of tracks per gCell 0.17	 on layer (10)	 MRDL
Number of gCells = 36000
Current Stage stats:
[End of Build Congestion Map] Elapsed real time: 0:00:00 
[End of Build Congestion Map] Elapsed cpu  time: sys=0:00:00 usr=0:00:00 total=0:00:00
[End of Build Congestion Map] Stage (MB): Used    1  Alloctr    1  Proc    0 
[End of Build Congestion Map] Total (MB): Used   49  Alloctr   51  Proc 6245 
Number of partitions: 1 (1 x 1)
Size of partitions: 60 gCells x 60 gCells
Current Stage stats:
[End of Add Nets Demand] Elapsed real time: 0:00:00 
[End of Add Nets Demand] Elapsed cpu  time: sys=0:00:00 usr=0:00:00 total=0:00:00
[End of Add Nets Demand] Stage (MB): Used    0  Alloctr    0  Proc    0 
[End of Add Nets Demand] Total (MB): Used   49  Alloctr   51  Proc 6245 
Number of user frozen nets = 0
Total stats:
[End of Build Data] Elapsed real time: 0:00:00 
[End of Build Data] Elapsed cpu  time: sys=0:00:00 usr=0:00:00 total=0:00:00
[End of Build Data] Stage (MB): Used    3  Alloctr    3  Proc    0 
[End of Build Data] Total (MB): Used   49  Alloctr   51  Proc 6245 
Number of partitions: 1 (1 x 1)
Size of partitions: 60 gCells x 60 gCells
Current Stage stats:
[End of Blocked Pin Detection] Elapsed real time: 0:00:00 
[End of Blocked Pin Detection] Elapsed cpu  time: sys=0:00:00 usr=0:00:00 total=0:00:00
[End of Blocked Pin Detection] Stage (MB): Used  104  Alloctr  104  Proc   80 
[End of Blocked Pin Detection] Total (MB): Used  153  Alloctr  155  Proc 6325 
Information: Using 12 threads for routing. (ZRT-444)
Information: Placement fast mode ON
Information: Multiple gcell levels ON
Information: Buffer distance is estimated to be ~271.0000um (451 gCells)

Start GR phase 0
Number of partitions: 1 (1 x 1)
Size of partitions: 60 gCells x 60 gCells
[rtAllBotParts] Elapsed real time: 0:00:00 
[rtAllBotParts] Elapsed cpu  time: sys=0:00:00 usr=0:00:00 total=0:00:00
[rtTop] Elapsed real time: 0:00:00 
[rtTop] Elapsed cpu  time: sys=0:00:00 usr=0:00:00 total=0:00:00
Current Stage stats:
[End of Initial Routing] Elapsed real time: 0:00:00 
[End of Initial Routing] Elapsed cpu  time: sys=0:00:00 usr=0:00:00 total=0:00:00
[End of Initial Routing] Stage (MB): Used    0  Alloctr    0  Proc    0 
[End of Initial Routing] Total (MB): Used  154  Alloctr  156  Proc 6325 
Initial. Routing result:
Initial. Both Dirs: Dmd-Cap  =     0 Max = 0 GRCs =     0 (0.00%)
Initial. H routing: Dmd-Cap  =     0 Max = 0 (GRCs =  0) GRCs =     0 (0.00%)
Initial. V routing: Dmd-Cap  =     0 Max = 0 (GRCs =  0) GRCs =     0 (0.00%)
Initial. Both Dirs: Overflow =    90 Max = 3 GRCs =   108 (1.50%)
Initial. H routing: Overflow =    35 Max = 3 (GRCs =  1) GRCs =    48 (1.33%)
Initial. V routing: Overflow =    55 Max = 3 (GRCs =  2) GRCs =    60 (1.67%)
Initial. M1         Overflow =    10 Max = 1 (GRCs = 10) GRCs =    10 (0.28%)
Initial. M2         Overflow =    53 Max = 3 (GRCs =  2) GRCs =    52 (1.44%)
Initial. M3         Overflow =    25 Max = 3 (GRCs =  1) GRCs =    38 (1.06%)
Initial. M4         Overflow =     1 Max = 1 (GRCs =  8) GRCs =     8 (0.22%)
Initial. M5         Overflow =     0 Max = 0 (GRCs =  0) GRCs =     0 (0.00%)
Initial. M6         Overflow =     0 Max = 0 (GRCs =  0) GRCs =     0 (0.00%)
Initial. M7         Overflow =     0 Max = 0 (GRCs =  0) GRCs =     0 (0.00%)
Initial. M8         Overflow =     0 Max = 0 (GRCs =  0) GRCs =     0 (0.00%)
Initial. M9         Overflow =     0 Max = 0 (GRCs =  0) GRCs =     0 (0.00%)
Initial. MRDL       Overflow =     0 Max = 0 (GRCs =  0) GRCs =     0 (0.00%)

Initial. Total Wire Length = 9102.19
Initial. Layer M1 wire length = 73.90
Initial. Layer M2 wire length = 1383.46
Initial. Layer M3 wire length = 3896.89
Initial. Layer M4 wire length = 3300.41
Initial. Layer M5 wire length = 302.00
Initial. Layer M6 wire length = 145.53
Initial. Layer M7 wire length = 0.00
Initial. Layer M8 wire length = 0.00
Initial. Layer M9 wire length = 0.00
Initial. Layer MRDL wire length = 0.00
Initial. Total Number of Contacts = 10012
Initial. Via VIA1_Base count = 2928
Initial. Via VIA2_Base count = 4566
Initial. Via VIA34SQ_C count = 2428
Initial. Via VIA4SQ count = 72
Initial. Via VIA5SQ_C count = 18
Initial. Via VIA67SQ_C count = 0
Initial. Via VIA78SQ_C count = 0
Initial. Via VIA89_C count = 0
Initial. Via VIA9RDL count = 0
Initial. completed.

Start GR phase 1
Wed Jun 11 00:22:57 2025
Number of partitions: 1 (1 x 1)
Size of partitions: 60 gCells x 60 gCells
[rtAllParts] Elapsed real time: 0:00:00 
[rtAllParts] Elapsed cpu  time: sys=0:00:00 usr=0:00:00 total=0:00:00
Number of partitions: 1 (1 x 1)
Size of partitions: 60 gCells x 60 gCells
[updNetsDmd] Elapsed real time: 0:00:00 
[updNetsDmd] Elapsed cpu  time: sys=0:00:00 usr=0:00:00 total=0:00:00
Current Stage stats:
[End of Phase1 Routing] Elapsed real time: 0:00:00 
[End of Phase1 Routing] Elapsed cpu  time: sys=0:00:00 usr=0:00:00 total=0:00:00
[End of Phase1 Routing] Stage (MB): Used    0  Alloctr    0  Proc    0 
[End of Phase1 Routing] Total (MB): Used  154  Alloctr  156  Proc 6325 
phase1. Routing result:
phase1. Both Dirs: Dmd-Cap  =     0 Max = 0 GRCs =     0 (0.00%)
phase1. H routing: Dmd-Cap  =     0 Max = 0 (GRCs =  0) GRCs =     0 (0.00%)
phase1. V routing: Dmd-Cap  =     0 Max = 0 (GRCs =  0) GRCs =     0 (0.00%)
phase1. Both Dirs: Overflow =    19 Max = 2 GRCs =    18 (0.25%)
phase1. H routing: Overflow =     7 Max = 1 (GRCs =  7) GRCs =     7 (0.19%)
phase1. V routing: Overflow =    12 Max = 2 (GRCs =  2) GRCs =    11 (0.31%)
phase1. M1         Overflow =     7 Max = 1 (GRCs =  7) GRCs =     7 (0.19%)
phase1. M2         Overflow =    12 Max = 2 (GRCs =  2) GRCs =    11 (0.31%)
phase1. M3         Overflow =     0 Max = 0 (GRCs =  0) GRCs =     0 (0.00%)
phase1. M4         Overflow =     0 Max = 0 (GRCs =  0) GRCs =     0 (0.00%)
phase1. M5         Overflow =     0 Max = 0 (GRCs =  0) GRCs =     0 (0.00%)
phase1. M6         Overflow =     0 Max = 0 (GRCs =  0) GRCs =     0 (0.00%)
phase1. M7         Overflow =     0 Max = 0 (GRCs =  0) GRCs =     0 (0.00%)
phase1. M8         Overflow =     0 Max = 0 (GRCs =  0) GRCs =     0 (0.00%)
phase1. M9         Overflow =     0 Max = 0 (GRCs =  0) GRCs =     0 (0.00%)
phase1. MRDL       Overflow =     0 Max = 0 (GRCs =  0) GRCs =     0 (0.00%)

phase1. Total Wire Length = 9139.15
phase1. Layer M1 wire length = 72.94
phase1. Layer M2 wire length = 1369.90
phase1. Layer M3 wire length = 3835.65
phase1. Layer M4 wire length = 3305.23
phase1. Layer M5 wire length = 367.89
phase1. Layer M6 wire length = 178.75
phase1. Layer M7 wire length = 8.79
phase1. Layer M8 wire length = 0.00
phase1. Layer M9 wire length = 0.00
phase1. Layer MRDL wire length = 0.00
phase1. Total Number of Contacts = 10076
phase1. Via VIA1_Base count = 2928
phase1. Via VIA2_Base count = 4549
phase1. Via VIA34SQ_C count = 2473
phase1. Via VIA4SQ count = 98
phase1. Via VIA5SQ_C count = 26
phase1. Via VIA67SQ_C count = 2
phase1. Via VIA78SQ_C count = 0
phase1. Via VIA89_C count = 0
phase1. Via VIA9RDL count = 0
phase1. completed.
[End of Whole Chip Routing] Elapsed real time: 0:00:00 
[End of Whole Chip Routing] Elapsed cpu  time: sys=0:00:00 usr=0:00:00 total=0:00:00
[End of Whole Chip Routing] Stage (MB): Used  108  Alloctr  108  Proc   80 
[End of Whole Chip Routing] Total (MB): Used  154  Alloctr  156  Proc 6325 

Congestion utilization per direction:
Average vertical track utilization   = 13.60 %
Peak    vertical track utilization   = 50.00 %
Average horizontal track utilization = 10.33 %
Peak    horizontal track utilization = 44.44 %

[End of Global Routing] Elapsed real time: 0:00:00 
[End of Global Routing] Elapsed cpu  time: sys=0:00:00 usr=0:00:00 total=0:00:00
[End of Global Routing] Stage (MB): Used  107  Alloctr  107  Proc   80 
[End of Global Routing] Total (MB): Used  153  Alloctr  155  Proc 6325 
Updating the database ...
Updating congestion ...
[End of dbOut] Elapsed real time: 0:00:00 
[End of dbOut] Elapsed cpu  time: sys=0:00:00 usr=0:00:00 total=0:00:00
[End of dbOut] Stage (MB): Used  -38  Alloctr  -39  Proc    0 
[End of dbOut] Total (MB): Used   36  Alloctr   37  Proc 6325 
Doing RDE Capture
Information: Design dut_toplevel has 1666 nets, 1665 global routed, 0 detail routed. (NEX-024)
Information: The stitching and editing of coupling caps is turned OFF for design 'dut_toplevel.dlib:dut_toplevel/mcmm_and_logic_opto_full_power.design'. (TIM-125)

RDE Information
RDE Design         : dut_toplevel.dlib:dut_toplevel/mcmm_and_logic_opto_full_power.design
RDE Module         : dut_toplevel
RDE TechName       : minTLU
RDE Version        : 1.90
Product Version    : fc V-2023.12 Nov 23, 2023
No. of Res Corners : 3
No. of Cap Corners : 3
RDE Capture Stage  : NONE
RDE Capture DB     : GR
Max layer ID       : 10
Max via layer ID   : 9
DB1                : 10000
gCell Size         : 2.3375 um
Merge Fanout       : 1
Via Model          : 3
large Gcell Grid   : 0
Disable clock capture       : 1
RDE congestion map          : (-8320, -8320 -> 368700, 368320)
RDE Effort Level            : medium
RDE Layer Length Adjustment : false
RDE from                    : CAPTURE
Using per-layer congestion maps for congestion reduction.
Information: 0.22% of design has horizontal routing density above target_routing_density of 0.80.
Information: 0.00% of design has vertical routing density above target_routing_density of 0.80.
Completed transferring placement data.
Running placement using 12 thread(s)
Information: Enhanced Auto Density Control is used. (PLACE-098)
Information: Enhanced auto density configuration is 13179.
Information: Automatic density control has selected the following settings: max_density 0.65, congestion_driven_max_util 0.89. (PLACE-027)
Information: HFW control 'off' invoked.
coarse place 100% done.
Information: Reducing cell density for 0.0% of the movable cells to alleviate congestion. This changes the average cell density in non-congested areas from 0.707 to 0.707. (PLACE-030)
Completed Timing-driven placement, Elapsed time =   0: 0: 1 
Moved 0 out of 1253 cells, ratio = 0.000000
----------------------------------------------------------------
Information: 123 out of 128 LGL-050 messages were not printed due to limit 5 (after 'compile_fusion' at task3_base.tcl:43) (MSG-3913)
----------------------------------------------------------------
----------------------------------------------------------------
Running congestion-aware direct-timing-driven placement
Start Timing-driven placement
Information: RDE mode is turned on. (TIM-124)
Information: The stitching and editing of coupling caps is turned OFF for design 'dut_toplevel.dlib:dut_toplevel/mcmm_and_logic_opto_full_power.design'. (TIM-125)
Corner Scaling is off, multiplier is 1.000000
ORB: timingScenario Normal_Slow timingCorner Slow
INFO: Using corner Typical for worst leakage corner
Using default layer M4
new cutoff lpd: 3.06118e-07
corner scaling: maxCornerId = 3
corner=Fast, tran factor=0.837270 (0.028178 / 0.033655)
corner=Typical, tran factor=0.944434 (0.031785 / 0.033655)
corner=Slow, tran factor=1.000000 (0.033655 / 0.033655)
ORB: Nominal = 0.0053925  Design MT = inf  Target = 0.0336550 (6.241 nominal)  MaxRC = 0.022191
ORB: Fast Target = 0.011701 ( 2.170 nominal )
ORB: stageDelay=0.025981, stageLength=1609839
nplLib: default vr hor dist = 322
nplLib: default vr ver dist = 322
nplLib: default vr buf size = 2
nplLib: default vr buf size = 1

Placement Options:
Effort:                        medium_effort       
Timing Driven:                 true                
Buffering Aware Timing Driven: false               
Seed locs:                     true                
Incremental:                   false               
Congestion:                    true                
Congestion Effort:             medium              
Fix Macros:                    true                
Place Macros:                  false               
Channel Size Macros:           false               


Information: Activity propagation will be performed for scenario Normal_Fast.
Information: Activity propagation will be performed for scenario PowerSave_Typical.
Information: Doing activity propagation for mode 'Normal' and corner 'Fast' with effort level 'medium'. (POW-024)
Information: Timer-derived activity data is cached on scenario Normal_Fast (POW-052)
Information: Running switching activity propagation with 12 threads!

 **** Information : No. of simulation cycles = 6 ****
Information: Doing activity propagation for mode 'PowerSave' and corner 'Typical' with effort level 'medium'. (POW-024)
Information: Timer-derived activity data is cached on scenario PowerSave_Typical (POW-052)
Information: Running switching activity propagation with 12 threads!

 **** Information : No. of simulation cycles = 6 ****
Information: Propagated activity on scenario Normal_Slow identical to that on Normal_Fast (POW-006)
Information: Propagated activity on scenario Normal_Typical identical to that on Normal_Fast (POW-006)
Information: Propagated activity on scenario PowerSave_Fast identical to that on PowerSave_Typical (POW-006)
Information: Propagated activity on scenario PowerSave_Slow identical to that on PowerSave_Fast (POW-006)
****** eLpp estimated wire length 
7.07669% of the net wire length are clock nets
0% of the clock net wire length has no activity
Clock net wire length: 6.83704e+06
Total net wire length: 9.66136e+07
****** eLpp weights (with caps)
Number of nets: 1665, of which 1653 non-clock nets
Number of nets with 0 toggle rate: 0
Max toggle rate = 0.6, average toggle rate = 0.0112626
Max non-clock toggle rate = 0.0490662
eLpp weight range = (0.00565503, 34.7445)
*** 7 nets are filtered out
Start transferring placement data.
****** Net weight manager: report ******
Weights included: eLpp  Timing  
Number of nets with non-default weights: 1665
Amt power = 0.1
Timing factor = 1
Non-default weight range: (0.77851, 4.25239)
Information: Automatic repeater spreading is enabled.
Information: Automatic timing control is enabled.
checking app option clockgate_objective_weight : none
DTDP placement: scenario=Normal_Slow
Information: The net parasitics of block dut_toplevel are cleared. (TIM-123)
Completed transferring placement data.
Running placement using 12 thread(s)
Information: Enhanced Auto Density Control is used. (PLACE-098)
Information: Enhanced auto density configuration is 13179.
Information: Automatic density control has selected the following settings: max_density 0.65, congestion_driven_max_util 0.89. (PLACE-027)
Information: HFW control 'off' invoked.
coarse place 40% done.
coarse place 60% done.
coarse place 80% done.
coarse place 100% done.
Information: Coarse placer weighted wire length estimate = 9.45722e+07
Information: Extraction observers are detached as design net change threshold is reached.
Warning: No clock routing rules were specified. Use set_clock_routing_rules to specify routing rules for accurate clock latency estimation. (OPT-902)
Warning: No clock routing rules were specified. Use set_clock_routing_rules to specify routing rules for accurate clock latency estimation. (OPT-902)
Information: Estimating clock gate latencies for scenario 'PowerSave_Slow'. (OPT-909)
Warning: No clock routing rules were specified. Use set_clock_routing_rules to specify routing rules for accurate clock latency estimation. (OPT-902)
Information: Estimating clock gate latencies for scenario 'Normal_Slow'. (OPT-909)
Completed Timing-driven placement, Elapsed time =   0: 0: 3 
Moved 1253 out of 1253 cells, ratio = 1.000000
Total displacement = 1627.466553(um)
Max displacement = 8.139400(um), DP_OP_33_12155_941_J1/ctmi_526 (18.934299, 16.985901, 0) => (21.856001, 11.398200, 6)
Displacement histogram:
  0 ~  10% cells displacement <=      0.28(um)
  0 ~  20% cells displacement <=      0.48(um)
  0 ~  30% cells displacement <=      0.67(um)
  0 ~  40% cells displacement <=      0.89(um)
  0 ~  50% cells displacement <=      1.13(um)
  0 ~  60% cells displacement <=      1.37(um)
  0 ~  70% cells displacement <=      1.65(um)
  0 ~  80% cells displacement <=      2.02(um)
  0 ~  90% cells displacement <=      2.50(um)
  0 ~ 100% cells displacement <=      8.14(um)
----------------------------------------------------------------
Information: Ending   compile_fusion / initial_opto / Timing and Congestion Driven Placement (FLW-8001)
Information: Time: 2025-06-11 00:23:01 / Session:  00:01:40 / Command:  00:01:32 / CPU:  00:04:31 / Memory: 1737 MB (FLW-8100)
Information: CPU Load: 31%, Ram Free: 44 GB, Swap Free: 1 GB, Work Disk Free: 308 GB, Tmp Disk Free: 308 GB (MSG-3995)
Information: Starting compile_fusion / initial_opto / Scan Reordering (FLW-8000)
Information: Time: 2025-06-11 00:23:01 / Session:  00:01:40 / Command:  00:01:32 / CPU:  00:04:31 / Memory: 1737 MB (FLW-8100)
Information: CPU Load: 31%, Ram Free: 44 GB, Swap Free: 1 GB, Work Disk Free: 308 GB, Tmp Disk Free: 308 GB (MSG-3995)
Warning: SCANDEF based Optimization skipped: No ScanDEF chains found. (DFT-1991)
Information: Ending   compile_fusion / initial_opto / Scan Reordering (FLW-8001)
Information: Time: 2025-06-11 00:23:01 / Session:  00:01:40 / Command:  00:01:32 / CPU:  00:04:31 / Memory: 1737 MB (FLW-8100)
Information: CPU Load: 31%, Ram Free: 44 GB, Swap Free: 1 GB, Work Disk Free: 308 GB, Tmp Disk Free: 308 GB (MSG-3995)
COST: WSV 1
Information: Enabling light RDE (FLW-5761)
Information: Enabling light RDE flow Mode (FLW-5761)
Information: The stitching and editing of coupling caps is turned OFF for design 'dut_toplevel.dlib:dut_toplevel/mcmm_and_logic_opto_full_power.design'. (TIM-125)
Information: Starting compile_fusion / initial_opto / Optimization (2) (FLW-8000)
Information: Time: 2025-06-11 00:23:01 / Session:  00:01:40 / Command:  00:01:32 / CPU:  00:04:32 / Memory: 1737 MB (FLW-8100)
Information: CPU Load: 31%, Ram Free: 44 GB, Swap Free: 1 GB, Work Disk Free: 308 GB, Tmp Disk Free: 308 GB (MSG-3995)
Warning: No clock routing rules were specified. Use set_clock_routing_rules to specify routing rules for accurate clock latency estimation. (OPT-902)
Warning: No clock routing rules were specified. Use set_clock_routing_rules to specify routing rules for accurate clock latency estimation. (OPT-902)
Information: Estimating clock gate latencies for scenario 'PowerSave_Slow'. (OPT-909)
Warning: No clock routing rules were specified. Use set_clock_routing_rules to specify routing rules for accurate clock latency estimation. (OPT-902)
Information: Estimating clock gate latencies for scenario 'Normal_Slow'. (OPT-909)
Information: Ending   compile_fusion / initial_opto / Optimization (2) (FLW-8001)
Information: Time: 2025-06-11 00:23:02 / Session:  00:01:41 / Command:  00:01:33 / CPU:  00:04:34 / Memory: 1737 MB (FLW-8100)
Information: CPU Load: 31%, Ram Free: 44 GB, Swap Free: 1 GB, Work Disk Free: 308 GB, Tmp Disk Free: 308 GB (MSG-3995)
Information: Starting compile_fusion / initial_opto / Scan Synthesis (FLW-8000)
Information: Time: 2025-06-11 00:23:02 / Session:  00:01:41 / Command:  00:01:33 / CPU:  00:04:34 / Memory: 1737 MB (FLW-8100)
Information: CPU Load: 31%, Ram Free: 44 GB, Swap Free: 1 GB, Work Disk Free: 308 GB, Tmp Disk Free: 308 GB (MSG-3995)
Information: Ending   compile_fusion / initial_opto / Scan Synthesis (FLW-8001)
Information: Time: 2025-06-11 00:23:02 / Session:  00:01:41 / Command:  00:01:33 / CPU:  00:04:34 / Memory: 1737 MB (FLW-8100)
Information: CPU Load: 31%, Ram Free: 44 GB, Swap Free: 1 GB, Work Disk Free: 308 GB, Tmp Disk Free: 308 GB (MSG-3995)
Information: Starting compile_fusion / initial_opto / DRC Optimization (FLW-8000)
Information: Time: 2025-06-11 00:23:02 / Session:  00:01:41 / Command:  00:01:33 / CPU:  00:04:34 / Memory: 1737 MB (FLW-8100)
Information: CPU Load: 31%, Ram Free: 44 GB, Swap Free: 1 GB, Work Disk Free: 308 GB, Tmp Disk Free: 308 GB (MSG-3995)
min assign layer = M4
Corner Scaling is off, multiplier is 1.000000
Zbuf-HFS: gathering all scenarios
Information: Initializing classic cellmap without advanced rules enabled and without PDC enabled
Information: The following app options are used in cellmap
        place.legalize.enable_color_aware_placement : false
        place.legalize.use_nll_query_cm : false
        place.legalize.enable_advanced_legalizer : false
        place.legalize.enable_prerouted_net_check : true
        place.legalize.enable_advanced_prerouted_net_check : false
        place.legalize.always_continue : true
        place.legalize.limit_legality_checks : false
        place.common.pnet_aware_density : 1.0000
        place.common.pnet_aware_min_width : 0.0000
        place.common.pnet_aware_layers : {}
        place.common.use_placement_model : false
        place.common.enable_advanced_placement_model : true
        cts.placement.cell_spacing_rule_style : maximum
Warning: Library cell saed14rvt_ff0p88v125c:SAEDRVT14_ISOFSDPQ_PECO_8.frame is missing supply pins. Its power structure cannot be determined. (LGL-050)
Warning: Library cell saed14rvt_ff0p88v125c:SAEDRVT14_DCAP_PV1ECO_12.frame is missing supply pins. Its power structure cannot be determined. (LGL-050)
Warning: Library cell saed14rvt_c_physical_only:SAEDRVT14_AOLVLUBUFE0_IY2V1_1.frame is missing supply pins. Its power structure cannot be determined. (LGL-050)
Warning: Library cell saed14rvt_c_physical_only:SAEDRVT14_AOLVLUBUFE0_IY2V1_10.frame is missing supply pins. Its power structure cannot be determined. (LGL-050)
Warning: Library cell saed14rvt_c_physical_only:SAEDRVT14_AOLVLUBUFE0_IY2V1_12.frame is missing supply pins. Its power structure cannot be determined. (LGL-050)
Total 0.0580 seconds to build cellmap data
INFO: creating 20(r) x 21(c) GridCells YDim 1.8 XDim 1.8
INFO: number of GridCells (0xbc0045e8): 420
INFO: creating 20(r) x 21(c) GridCells YDim 1.8 XDim 1.8
INFO: number of GridCells (0xbc0045e8): 420
Total 0.0129 seconds to load 1253 cell instances into cellmap, 1253 cells are off site row
Moveable cells: 1253; Application fixed cells: 0; Macro cells: 0; User fixed cells: 0
Average cell width 1.2209, cell height 0.6000, cell area 0.7325 for total 1253 placed and application fixed cells
orb constraints: using power mt scenarios
ORB: timingScenario Normal_Slow timingCorner Slow
INFO: Using corner Typical for worst leakage corner
Using default layer M4
new cutoff lpd: 3.06118e-07
corner scaling: maxCornerId = 3
corner=Fast, tran factor=0.837270 (0.028178 / 0.033655)
corner=Typical, tran factor=0.944434 (0.031785 / 0.033655)
corner=Slow, tran factor=1.000000 (0.033655 / 0.033655)
ORB: Nominal = 0.0053925  Design MT = inf  Target = 0.0336550 (6.241 nominal)  MaxRC = 0.022191
ORB: Fast Target = 0.011701 ( 2.170 nominal )
ORB: stageDelay=0.025981, stageLength=1609839
INFO: Using corner Typical for worst leakage corner
Using default layer M4
new cutoff lpd: 3.06118e-07
corner scaling: maxCornerId = 3
corner=Fast, tran factor=0.837270 (0.028178 / 0.033655)
corner=Typical, tran factor=0.944434 (0.031785 / 0.033655)
corner=Slow, tran factor=1.000000 (0.033655 / 0.033655)
INFO: Using corner Typical for worst leakage corner
Using default layer M4
new cutoff lpd: 3.06118e-07
corner scaling: maxCornerId = 3
corner=Fast, tran factor=0.837270 (0.028178 / 0.033655)
corner=Typical, tran factor=0.944434 (0.031785 / 0.033655)
corner=Slow, tran factor=1.000000 (0.033655 / 0.033655)
INFO: Using corner Typical for worst leakage corner
Using default layer M4
new cutoff lpd: 3.06118e-07
corner scaling: maxCornerId = 3
corner=Fast, tran factor=0.837270 (0.028178 / 0.033655)
corner=Typical, tran factor=0.944434 (0.031785 / 0.033655)
corner=Slow, tran factor=1.000000 (0.033655 / 0.033655)
INFO: Using corner Typical for worst leakage corner
Using default layer M4
new cutoff lpd: 3.06118e-07
corner scaling: maxCornerId = 3
corner=Fast, tran factor=0.837270 (0.028178 / 0.033655)
corner=Typical, tran factor=0.944434 (0.031785 / 0.033655)
corner=Slow, tran factor=1.000000 (0.033655 / 0.033655)
INFO: Using corner Typical for worst leakage corner
Using default layer M4
new cutoff lpd: 3.06118e-07
corner scaling: maxCornerId = 3
corner=Fast, tran factor=0.837270 (0.028178 / 0.033655)
corner=Typical, tran factor=0.944434 (0.031785 / 0.033655)
corner=Slow, tran factor=1.000000 (0.033655 / 0.033655)
INFO: Using corner Typical for worst leakage corner
Using default layer M4
new cutoff lpd: 3.06118e-07
corner scaling: maxCornerId = 3
corner=Fast, tran factor=0.837270 (0.028178 / 0.033655)
corner=Typical, tran factor=0.944434 (0.031785 / 0.033655)
corner=Slow, tran factor=1.000000 (0.033655 / 0.033655)
INFO: Using corner Typical for worst leakage corner
Using default layer M4
new cutoff lpd: 3.06118e-07
corner scaling: maxCornerId = 3
corner=Fast, tran factor=0.837270 (0.028178 / 0.033655)
corner=Typical, tran factor=0.944434 (0.031785 / 0.033655)
corner=Slow, tran factor=1.000000 (0.033655 / 0.033655)
INFO: Using corner Typical for worst leakage corner
Using default layer M4
new cutoff lpd: 3.06118e-07
corner scaling: maxCornerId = 3
corner=Fast, tran factor=0.837270 (0.028178 / 0.033655)
corner=Typical, tran factor=0.944434 (0.031785 / 0.033655)
corner=Slow, tran factor=1.000000 (0.033655 / 0.033655)
INFO: Using corner Typical for worst leakage corner
Using default layer M4
new cutoff lpd: 3.06118e-07
corner scaling: maxCornerId = 3
corner=Fast, tran factor=0.837270 (0.028178 / 0.033655)
corner=Typical, tran factor=0.944434 (0.031785 / 0.033655)
corner=Slow, tran factor=1.000000 (0.033655 / 0.033655)
INFO: Using corner Typical for worst leakage corner
Using default layer M4
new cutoff lpd: 3.06118e-07
corner scaling: maxCornerId = 3
corner=Fast, tran factor=0.837270 (0.028178 / 0.033655)
corner=Typical, tran factor=0.944434 (0.031785 / 0.033655)
corner=Slow, tran factor=1.000000 (0.033655 / 0.033655)
INFO: Using corner Typical for worst leakage corner
Using default layer M4
new cutoff lpd: 3.06118e-07
corner scaling: maxCornerId = 3
corner=Fast, tran factor=0.837270 (0.028178 / 0.033655)
corner=Typical, tran factor=0.944434 (0.031785 / 0.033655)
corner=Slow, tran factor=1.000000 (0.033655 / 0.033655)
Collecting Drivers ...  
Design max_transition = inf
Design max_capacitance = inf
GRE layer bins: None, M4
WINFO: 1665 None; 0 M4; 0 Total
Found 0 buffer-tree drivers
No violators found
WINFO: 1665 None; 0 M4; 0 Total
WINFO: 1665 None; 0 M4; 0 Total
Zbuf-RUNTIME (Hr:Min:Sec)  CPU 0 hr : 0 min : 0.80 sec ELAPSE 0 hr : 0 min : 0.69 sec
Zbuf-RUNTIME         (Min) CPU 0 min ELAPSE 0 min
ZBuf-MEM(max-mem) total 0 K / inuse 0 K
Information: Result of compile_fusion / initial_opto / DRC Optimization (FLW-8500)
Information: Top 10 transition violators after high fanout synthesis (HFS-1000)
Slack     Fanout  Scenario    Driver                                                       

Compile-fusion optimization summary            SETUP-COST    R2R-COST HOLD-COST LDRC-COST          AREA     LEAKAGE     INSTCNT            ELAPSE       MEM
Compile-fusion                                       0.03        0.03         -         0        917.86   285896.41        1253              0.03      1737
Information: 123 out of 128 LGL-050 messages were not printed due to limit 5 (after 'compile_fusion' at task3_base.tcl:43) (MSG-3913)
Information: Ending   compile_fusion / initial_opto / DRC Optimization (FLW-8001)
Information: Time: 2025-06-11 00:23:03 / Session:  00:01:42 / Command:  00:01:34 / CPU:  00:04:35 / Memory: 1737 MB (FLW-8100)
Information: CPU Load: 31%, Ram Free: 44 GB, Swap Free: 1 GB, Work Disk Free: 308 GB, Tmp Disk Free: 308 GB (MSG-3995)
Information: Starting compile_fusion / initial_opto / Incremental High Fanout Synthesis (FLW-8000)
Information: Time: 2025-06-11 00:23:03 / Session:  00:01:42 / Command:  00:01:34 / CPU:  00:04:35 / Memory: 1737 MB (FLW-8100)
Information: CPU Load: 31%, Ram Free: 44 GB, Swap Free: 1 GB, Work Disk Free: 308 GB, Tmp Disk Free: 308 GB (MSG-3995)
Isolated 0 ports, skipped 0 ports
Already Isolated 0 ports, Deleted 0 existing Isolation cells 
Information: Initializing classic cellmap without advanced rules enabled and without PDC enabled
Information: The following app options are used in cellmap
        place.legalize.enable_color_aware_placement : false
        place.legalize.use_nll_query_cm : false
        place.legalize.enable_advanced_legalizer : false
        place.legalize.enable_prerouted_net_check : true
        place.legalize.enable_advanced_prerouted_net_check : false
        place.legalize.always_continue : true
        place.legalize.limit_legality_checks : false
        place.common.pnet_aware_density : 1.0000
        place.common.pnet_aware_min_width : 0.0000
        place.common.pnet_aware_layers : {}
        place.common.use_placement_model : false
        place.common.enable_advanced_placement_model : true
        cts.placement.cell_spacing_rule_style : maximum
Warning: Library cell saed14rvt_ff0p88v125c:SAEDRVT14_ISOFSDPQ_PECO_8.frame is missing supply pins. Its power structure cannot be determined. (LGL-050)
Warning: Library cell saed14rvt_ff0p88v125c:SAEDRVT14_DCAP_PV1ECO_12.frame is missing supply pins. Its power structure cannot be determined. (LGL-050)
Warning: Library cell saed14rvt_c_physical_only:SAEDRVT14_AOLVLUBUFE0_IY2V1_1.frame is missing supply pins. Its power structure cannot be determined. (LGL-050)
Warning: Library cell saed14rvt_c_physical_only:SAEDRVT14_AOLVLUBUFE0_IY2V1_10.frame is missing supply pins. Its power structure cannot be determined. (LGL-050)
Warning: Library cell saed14rvt_c_physical_only:SAEDRVT14_AOLVLUBUFE0_IY2V1_12.frame is missing supply pins. Its power structure cannot be determined. (LGL-050)
Total 0.0601 seconds to build cellmap data
INFO: creating 20(r) x 21(c) GridCells YDim 1.8 XDim 1.8
INFO: number of GridCells (0xc92597a0): 420
INFO: creating 20(r) x 21(c) GridCells YDim 1.8 XDim 1.8
INFO: number of GridCells (0xc92597a0): 420
Total 0.0135 seconds to load 1253 cell instances into cellmap, 1253 cells are off site row
Moveable cells: 1253; Application fixed cells: 0; Macro cells: 0; User fixed cells: 0
Average cell width 1.2209, cell height 0.6000, cell area 0.7325 for total 1253 placed and application fixed cells
INFO: total number of constant pins: 667
INFO: constant pins which are scan-pins: 656
INFO: constant pins that are not scan-pins: 11
Information: 123 out of 128 LGL-050 messages were not printed due to limit 5 (after 'compile_fusion' at task3_base.tcl:43) (MSG-3913)
Information: Ending   compile_fusion / initial_opto / Incremental High Fanout Synthesis (FLW-8001)
Information: Time: 2025-06-11 00:23:03 / Session:  00:01:42 / Command:  00:01:34 / CPU:  00:04:35 / Memory: 1737 MB (FLW-8100)
Information: CPU Load: 31%, Ram Free: 44 GB, Swap Free: 1 GB, Work Disk Free: 308 GB, Tmp Disk Free: 308 GB (MSG-3995)
Information: Starting compile_fusion / initial_opto / Optimization (3) (FLW-8000)
Information: Time: 2025-06-11 00:23:03 / Session:  00:01:42 / Command:  00:01:34 / CPU:  00:04:35 / Memory: 1737 MB (FLW-8100)
Information: CPU Load: 31%, Ram Free: 44 GB, Swap Free: 1 GB, Work Disk Free: 308 GB, Tmp Disk Free: 308 GB (MSG-3995)
Disable clock slack update for ideal clocks
Warning: Restoring scoped app option 'ropt.rbuf_subtree_crit_range' to original value 'unset' (from current value '-1', which is different from the scoped value '-1.0'). (FLW-2892)
Information: Starting compile_fusion / initial_opto / Optimization (3) / Global Sizing and Buffering (FLW-8000)
Information: Time: 2025-06-11 00:23:03 / Session:  00:01:43 / Command:  00:01:35 / CPU:  00:04:36 / Memory: 1737 MB (FLW-8100)
Information: CPU Load: 31%, Ram Free: 44 GB, Swap Free: 1 GB, Work Disk Free: 308 GB, Tmp Disk Free: 308 GB (MSG-3995)
Disable clock slack update for ideal clocks
bmap: stepx = stepy = 30000
creating bmap
DB units per micron : 10000
Warning: Restoring scoped app option 'ropt.rbuf_subtree_crit_range' to original value 'unset' (from current value '-1', which is different from the scoped value '-1.0'). (FLW-2892)
Information: Ending   compile_fusion / initial_opto / Optimization (3) / Global Sizing and Buffering (FLW-8001)
Information: Time: 2025-06-11 00:23:04 / Session:  00:01:43 / Command:  00:01:35 / CPU:  00:04:36 / Memory: 1737 MB (FLW-8100)
Information: CPU Load: 31%, Ram Free: 44 GB, Swap Free: 1 GB, Work Disk Free: 308 GB, Tmp Disk Free: 308 GB (MSG-3995)
Information: Starting compile_fusion / initial_opto / Optimization (3) / Macro Skewing (FLW-8000)
Information: Time: 2025-06-11 00:23:04 / Session:  00:01:43 / Command:  00:01:35 / CPU:  00:04:36 / Memory: 1737 MB (FLW-8100)
Information: CPU Load: 31%, Ram Free: 44 GB, Swap Free: 1 GB, Work Disk Free: 308 GB, Tmp Disk Free: 308 GB (MSG-3995)
Compile-fusion optimization summary            SETUP-COST    R2R-COST HOLD-COST LDRC-COST          AREA     LEAKAGE     INSTCNT            ELAPSE       MEM
Compile-fusion                                       0.00        0.00         -         0        926.56   290096.88        1268              0.03      1737
Information: Ending   compile_fusion / initial_opto / Optimization (3) / Macro Skewing (FLW-8001)
Information: Time: 2025-06-11 00:23:04 / Session:  00:01:43 / Command:  00:01:35 / CPU:  00:04:36 / Memory: 1737 MB (FLW-8100)
Information: CPU Load: 31%, Ram Free: 44 GB, Swap Free: 1 GB, Work Disk Free: 308 GB, Tmp Disk Free: 308 GB (MSG-3995)
Warning: No clock routing rules were specified. Use set_clock_routing_rules to specify routing rules for accurate clock latency estimation. (OPT-902)
Warning: No clock routing rules were specified. Use set_clock_routing_rules to specify routing rules for accurate clock latency estimation. (OPT-902)
Information: Estimating clock gate latencies for scenario 'PowerSave_Slow'. (OPT-909)
Warning: No clock routing rules were specified. Use set_clock_routing_rules to specify routing rules for accurate clock latency estimation. (OPT-902)
Information: Estimating clock gate latencies for scenario 'Normal_Slow'. (OPT-909)
Compile-fusion optimization summary            SETUP-COST    R2R-COST HOLD-COST LDRC-COST          AREA     LEAKAGE     INSTCNT            ELAPSE       MEM
Compile-fusion                                       0.00        0.00         -         0        926.56   290096.88        1268              0.03      1737
Information: Result of compile_fusion / initial_opto / Clock Gate Re-structuring (FLW-8500)
--------------------------------------------------------------------------------
|                             Clock Gating Options                             |
--------------------------------------------------------------------------------
|         Objects         |    Minimum Bitwidth     |      Maximum Fanout      |
--------------------------+-------------------------+---------------------------
|   top-level (design)    |          3 (d)          |      Unlimited (d)       |
--------------------------------------------------------------------------------

Number of Pre-Existing Clock Gates with dont touch attribute: 0
Number of ICG library cells with CTS purpose: 19
--------------------------------------------------------------------------------
                          Tool Gated Register Summary                           
--------------------------------------------------------------------------------
Clock Gating Type                   | Number of   | Register Count | Equivalent 
                                    | Clock Gates |                | Bitwidth   
--------------------------------------------------------------------------------
Regular Clock Gating                |          11 |            319 |        319
--------------------------------------------------------------------------------
--------------------------------------------------------------------------------
                 Regular Clock Gating Ungated Register Summary                  
--------------------------------------------------------------------------------
 Ungated Reason                                            | Count | Bitwidth   
--------------------------------------------------------------------------------
 Enable is Constant One.                                   |     2 |        2
 Partial Minimum Bitwidth Not Met.                         |     7 |        7
--------------------------------------------------------------------------------
Warning: No clock routing rules were specified. Use set_clock_routing_rules to specify routing rules for accurate clock latency estimation. (OPT-902)
Warning: No clock routing rules were specified. Use set_clock_routing_rules to specify routing rules for accurate clock latency estimation. (OPT-902)
Information: Estimating clock gate latencies for scenario 'PowerSave_Slow'. (OPT-909)
Warning: No clock routing rules were specified. Use set_clock_routing_rules to specify routing rules for accurate clock latency estimation. (OPT-902)
Information: Estimating clock gate latencies for scenario 'Normal_Slow'. (OPT-909)
Information: Starting compile_fusion / initial_opto / Optimization (3) / Timing Optimization (FLW-8000)
Information: Time: 2025-06-11 00:23:06 / Session:  00:01:45 / Command:  00:01:37 / CPU:  00:04:40 / Memory: 1737 MB (FLW-8100)
Information: CPU Load: 37%, Ram Free: 44 GB, Swap Free: 1 GB, Work Disk Free: 308 GB, Tmp Disk Free: 308 GB (MSG-3995)
Information: Ending   compile_fusion / initial_opto / Optimization (3) / Timing Optimization (FLW-8001)
Information: Time: 2025-06-11 00:23:06 / Session:  00:01:45 / Command:  00:01:37 / CPU:  00:04:40 / Memory: 1737 MB (FLW-8100)
Information: CPU Load: 37%, Ram Free: 44 GB, Swap Free: 1 GB, Work Disk Free: 308 GB, Tmp Disk Free: 308 GB (MSG-3995)
Information: Ending   compile_fusion / initial_opto / Optimization (3) (FLW-8001)
Information: Time: 2025-06-11 00:23:06 / Session:  00:01:45 / Command:  00:01:37 / CPU:  00:04:40 / Memory: 1737 MB (FLW-8100)
Information: CPU Load: 37%, Ram Free: 44 GB, Swap Free: 1 GB, Work Disk Free: 308 GB, Tmp Disk Free: 308 GB (MSG-3995)
Scenario Normal_Typical is cellEm
Scenario PowerSave_Typical is cellEm
Info: update em.
Information: Activity propagation will be performed for scenario Normal_Fast.
Information: Doing activity propagation for mode 'Normal' and corner 'Fast' with effort level 'medium'. (POW-024)
Information: Timer-derived activity data is cached on scenario Normal_Fast (POW-052)
Information: Running switching activity propagation with 12 threads!

 **** Information : No. of simulation cycles = 6 ****
Information: Propagated activity on scenario Normal_Slow identical to that on Normal_Fast (POW-006)
Information: Propagated activity on scenario Normal_Typical identical to that on Normal_Fast (POW-006)
Information: Activity propagation will be performed for scenario PowerSave_Fast.
Information: Doing activity propagation for mode 'PowerSave' and corner 'Fast' with effort level 'medium'. (POW-024)
Information: Timer-derived activity data is cached on scenario PowerSave_Fast (POW-052)
Information: Running switching activity propagation with 12 threads!

 **** Information : No. of simulation cycles = 6 ****
Information: Propagated activity on scenario PowerSave_Slow identical to that on PowerSave_Fast (POW-006)
Information: Propagated activity on scenario PowerSave_Typical identical to that on PowerSave_Fast (POW-006)
Information: Activity for scenario Normal_Fast was cached, no propagation required. (POW-005)
Information: Activity for scenario Normal_Slow was cached, no propagation required. (POW-005)
Information: Activity for scenario Normal_Typical was cached, no propagation required. (POW-005)
Information: Activity for scenario PowerSave_Fast was cached, no propagation required. (POW-005)
Information: Activity for scenario PowerSave_Slow was cached, no propagation required. (POW-005)
Information: Activity for scenario PowerSave_Typical was cached, no propagation required. (POW-005)
CTS Cell EM initialization finished
Scenario Normal_Typical is cellEm
Scenario PowerSave_Typical is cellEm
Info: update em.
Information: Activity for scenario Normal_Fast was cached, no propagation required. (POW-005)
Information: Activity for scenario Normal_Slow was cached, no propagation required. (POW-005)
Information: Activity for scenario Normal_Typical was cached, no propagation required. (POW-005)
Information: Activity for scenario PowerSave_Fast was cached, no propagation required. (POW-005)
CTS Cell EM initialization finished
Warning: No clock routing rules were specified. Use set_clock_routing_rules to specify routing rules for accurate clock latency estimation. (OPT-902)
Warning: No clock routing rules were specified. Use set_clock_routing_rules to specify routing rules for accurate clock latency estimation. (OPT-902)
Information: Estimating clock gate latencies for scenario 'PowerSave_Typical'. (OPT-909)
Warning: No clock routing rules were specified. Use set_clock_routing_rules to specify routing rules for accurate clock latency estimation. (OPT-902)
Information: Estimating clock gate latencies for scenario 'PowerSave_Slow'. (OPT-909)
Warning: No clock routing rules were specified. Use set_clock_routing_rules to specify routing rules for accurate clock latency estimation. (OPT-902)
Information: Estimating clock gate latencies for scenario 'PowerSave_Fast'. (OPT-909)
Warning: No clock routing rules were specified. Use set_clock_routing_rules to specify routing rules for accurate clock latency estimation. (OPT-902)
Information: Estimating clock gate latencies for scenario 'Normal_Typical'. (OPT-909)
Warning: No clock routing rules were specified. Use set_clock_routing_rules to specify routing rules for accurate clock latency estimation. (OPT-902)
Information: Estimating clock gate latencies for scenario 'Normal_Slow'. (OPT-909)
Warning: No clock routing rules were specified. Use set_clock_routing_rules to specify routing rules for accurate clock latency estimation. (OPT-902)
Information: Estimating clock gate latencies for scenario 'Normal_Fast'. (OPT-909)
Information: 2 out of 12 POW-005 messages were not printed due to limit 10 (after 'compile_fusion' at task3_base.tcl:43) (MSG-3913)
Information: The net parasitics of block dut_toplevel are cleared. (TIM-123)
Information: Timer using 12 threads
Warning: Cannot find any max transition constraint on the design. (OPT-070)
Warning: Power app option opt.power.effort has been deprecated. Please remove it from your script. (OPT-035)
INFO: Leakage Power Aware Optimization Enabled
Information: The automatic clock gate timing flow is activated. Clock latencies set on clock gate cells will be automatically adjusted by an estimate for latency. (CGT-4005)



INFO: Skipping FTB cleanup in end of npo flow.
Enable dominated scenarios
[Tim-Power] Info: Cleared Leakage libCell cache.
Co-efficient Ratio Summary:
4.193421601728  6.578038180974  2.479639294411  7.744187940401  0.485050000353  3.179565833784  5.567214754587  2.894454387461  6.565921217863  9.017937505874  3.123613409208  9.863420422109  6.078248564085  2.744209641123  8.318112804907  9.699225026083
2.464623956637  1.382370238460  9.387184036853  3.142429806669  0.968752789964  6.613180723294  4.146578793224  7.876358918112  2.191135103696  0.963734141094  2.729181042156  3.840441987798  3.750321653169  7.663459142299  6.212208367950  7.759678473967
Warning: By turning on the ropt.skip_final_timing_update app option, you are skipping the full timing update at the end and the final qor printing. Doing so will make all timing values from this point not up-to-date until you run a full timing update!
compile command statistics  CPU=133 sec (0.04 hr) ELAPSED=34 sec (0.01 hr) MEM-PEAK=1.696 GB
[Tim-Power] Info: Cleared Leakage libCell cache.
INFO: compile_fusion is running in balanced flow mode
Warning: Cannot find any max transition constraint on the design. (OPT-070)
Warning: Power app option opt.power.effort has been deprecated. Please remove it from your script. (OPT-035)
INFO: Leakage Power Aware Optimization Enabled
Information: RDE mode is turned on. (TIM-124)
Information: The automatic clock gate timing flow is activated. Clock latencies set on clock gate cells will be automatically adjusted by an estimate for latency. (CGT-4005)
INFO: EarlyGR flow is not enabled.
.INFO: disable CRPR-based timing. 
Information: The stitching and editing of coupling caps is turned OFF for design 'dut_toplevel.dlib:dut_toplevel/mcmm_and_logic_opto_full_power.design'. (TIM-125)
Number of Site types in the design = 1
Setting up Chip Core
Chip Core shape: (0 0) (360380 360000)
Number of VARs = 1
Number of unique PDs = 1
Number of Power Domains = 1
Number of Voltage Areas = 1
Number of supply Nets = 2
Number of used supplies = 0
Blocked VAs: 

Compile-fusion command begin                   CPU:   309 s (  0.09 hr )  ELAPSE:   110 s (  0.03 hr )  MEM-PEAK:  1737 MB
Warning: Cannot find any max transition constraint on the design. (OPT-070)
Information: The stitching and editing of coupling caps is turned OFF for design 'dut_toplevel.dlib:dut_toplevel/mcmm_and_logic_opto_full_power.design'. (TIM-125)
************************************************************
Timer Settings:
Delay Calculation Style:                   auto
Signal Integrity Analysis:                 disabled
Timing Window Analysis:                    disabled
Advanced Waveform Propagation:             disabled
Variation Type:                            fixed_derate
Clock Reconvergence Pessimism Removal:     disabled
Advanced Receiver Model:                   disabled
LLE:                                       disabled
ML Acceleration:                           off
************************************************************
Info: update em.

Compile-fusion timing update complete          CPU:   310 s (  0.09 hr )  ELAPSE:   110 s (  0.03 hr )  MEM-PEAK:  1737 MB

Compile-fusion initial QoR
__________________________
Scenario Mapping Table
1: Normal_Fast
2: Normal_Slow
3: Normal_Typical
4: PowerSave_Fast
5: PowerSave_Slow
6: PowerSave_Typical

Pathgroup Mapping Table
1: **default**
2: **async_default**
3: **clock_gating_default**
4: **in2reg_default**
5: **reg2out_default**
6: **in2out_default**
7: clk

-------------------------------------------------------------------------------------------------------------------------------------------------------------
PATHGROUP QOR 
-------------------------------------------------------------------------------------------------------------------------------------------------------------
Scene  PG      WNS        TNS    NSV      WHV        THV    NHV
    2   1   0.0000     0.0000      0        -          -      -
    2   2   0.0000     0.0000      0        -          -      -
    2   3   0.0000     0.0000      0        -          -      -
    2   4   0.0000     0.0000      0        -          -      -
    2   5   0.0000     0.0000      0        -          -      -
    2   6   0.0000     0.0000      0        -          -      -
    2   7   0.0000     0.0000      0        -          -      -
    3   1   0.0000     0.0000      0        -          -      -
    3   2   0.0000     0.0000      0        -          -      -
    3   3   0.0000     0.0000      0        -          -      -
    3   4   0.0000     0.0000      0        -          -      -
    3   5   0.0000     0.0000      0        -          -      -
    3   6   0.0000     0.0000      0        -          -      -
    3   7   0.0000     0.0000      0        -          -      -
    5   1   0.0000     0.0000      0        -          -      -
    5   2   0.0000     0.0000      0        -          -      -
    5   3   0.0000     0.0000      0        -          -      -
    5   4   0.0000     0.0000      0        -          -      -
    5   5   0.0000     0.0000      0        -          -      -
    5   6   0.0000     0.0000      0        -          -      -
    5   7   0.0000     0.0000      0        -          -      -
    6   1   0.0000     0.0000      0        -          -      -
    6   2   0.0000     0.0000      0        -          -      -
    6   3   0.0000     0.0000      0        -          -      -
    6   4   0.0000     0.0000      0        -          -      -
    6   5   0.0000     0.0000      0        -          -      -
    6   6   0.0000     0.0000      0        -          -      -
    6   7   0.0000     0.0000      0        -          -      -
----------------------------------------------------------------------------------------------------------------------------------------------------------------------
SCENARIO QOR 
----------------------------------------------------------------------------------------------------------------------------------------------------------------------
Scene  PG      WNS        TNS   R2RTNS    NSV      WHV        THV    NHV  MaxTrnV   MaxTranC  MaxCapV    Leakage     CellEMV
    1   *        -          -        -      -        -          -      -        -          -        0          -           0
    2   *   0.0000     0.0000   0.0000      0        -          -      -        0     0.0000        -  14578.842           0
    3   *   0.0000     0.0000   0.0000      0        -          -      -        0     0.0000        0 288451.750           0
    4   *        -          -        -      -        -          -      -        -          -        0          -           0
    5   *   0.0000     0.0000   0.0000      0        -          -      -        0     0.0000        -  14578.842           0
    6   *   0.0000     0.0000   0.0000      0        -          -      -        0     0.0000        0 288451.750           0
----------------------------------------------------------------------------------------------------------------------------------------------------------------------
DESIGN QOR 
----------------------------------------------------------------------------------------------------------------------------------------------------------------------
Scene  PG      WNS        TNS   R2RTNS    NSV      WHV        THV    NHV  MaxTrnV   MaxTranC  MaxCapV    Leakage         Area    InstCnt     BufCnt     InvCnt     CellEMV
    *   *   0.0000     0.0000   0.0000      0   0.0000     0.0000      0        0     0.0000        0 288451.750       926.56       1268         13         68           0
----------------------------------------------------------------------------------------------------------------------------------------------------------------------

Compile-fusion initial QoR Summary       WNS        TNS   R2RTNS    NSV      WHV        THV    NHV  MaxTrnV  MaxCapV    Leakage         Area    InstCnt
Compile-fusion initial QoR Summary    0.0000     0.0000   0.0000      0   0.0000     0.0000      0        0        0 288451.750       926.56       1268
Information: The netlist change observers are disabled for incremental extraction. (TIM-126)
INFO: using 12 threads
Compile-fusion initialization complete         CPU:   325 s (  0.09 hr )  ELAPSE:   111 s (  0.03 hr )  MEM-PEAK:  1737 MB
Compile-fusion optimization summary            SETUP-COST    R2R-COST HOLD-COST LDRC-COST          AREA     LEAKAGE     INSTCNT            ELAPSE       MEM
Warning: Cannot find any max transition constraint on the design. (OPT-070)
Information: The netlist change observers are enabled for incremental extraction. (TIM-127)

Information: Starting compile_fusion / initial_opto / Optimization (4) (FLW-8000)
Information: Time: 2025-06-11 00:23:12 / Session:  00:01:51 / Command:  00:01:43 / CPU:  00:05:17 / Memory: 1737 MB (FLW-8100)
Information: CPU Load: 34%, Ram Free: 44 GB, Swap Free: 1 GB, Work Disk Free: 308 GB, Tmp Disk Free: 308 GB (MSG-3995)

Information: Initializing classic cellmap without advanced rules enabled and without PDC enabled
Information: The following app options are used in cellmap
        place.legalize.enable_color_aware_placement : false
        place.legalize.use_nll_query_cm : false
        place.legalize.enable_advanced_legalizer : false
        place.legalize.enable_prerouted_net_check : false
        place.legalize.enable_advanced_prerouted_net_check : false
        place.legalize.always_continue : true
        place.legalize.limit_legality_checks : false
        place.common.pnet_aware_density : 1.0000
        place.common.pnet_aware_min_width : 0.0000
        place.common.pnet_aware_layers : {}
        place.common.use_placement_model : false
        place.common.enable_advanced_placement_model : true
        cts.placement.cell_spacing_rule_style : maximum
Warning: Library cell saed14rvt_ff0p88v125c:SAEDRVT14_ISOFSDPQ_PECO_8.frame is missing supply pins. Its power structure cannot be determined. (LGL-050)
Warning: Library cell saed14rvt_ff0p88v125c:SAEDRVT14_DCAP_PV1ECO_12.frame is missing supply pins. Its power structure cannot be determined. (LGL-050)
Warning: Library cell saed14rvt_c_physical_only:SAEDRVT14_AOLVLUBUFE0_IY2V1_1.frame is missing supply pins. Its power structure cannot be determined. (LGL-050)
Warning: Library cell saed14rvt_c_physical_only:SAEDRVT14_AOLVLUBUFE0_IY2V1_10.frame is missing supply pins. Its power structure cannot be determined. (LGL-050)
Warning: Library cell saed14rvt_c_physical_only:SAEDRVT14_AOLVLUBUFE0_IY2V1_12.frame is missing supply pins. Its power structure cannot be determined. (LGL-050)
Total 0.0589 seconds to build cellmap data
INFO: creating 20(r) x 21(c) GridCells YDim 1.8 XDim 1.8
INFO: number of GridCells (0xd2640000): 420
INFO: creating 20(r) x 21(c) GridCells YDim 1.8 XDim 1.8
INFO: number of GridCells (0xd2640000): 420
Total 0.0134 seconds to load 1268 cell instances into cellmap, 1246 cells are off site row
Moveable cells: 1268; Application fixed cells: 0; Macro cells: 0; User fixed cells: 0
Average cell width 1.2179, cell height 0.6000, cell area 0.7307 for total 1268 placed and application fixed cells
Compile-fusion optimization Phase 3 Iter  1          0.00        0.00      0.00         -        926.56   288451.75        1268              0.03      1737
INFO: New Levelizer turned on
Information: 123 out of 128 LGL-050 messages were not printed due to limit 5 (after 'compile_fusion' at task3_base.tcl:43) (MSG-3913)

Disable clock slack update for ideal clocks
Compile-fusion optimization Phase 4 Iter  1          0.00        0.00      0.00         -        921.23   277668.00        1268              0.03      1737
INFO: cellmap features:  adv-rules=(N), pdc=(N), clock-rules=(Y)

Information: Ending   compile_fusion / initial_opto / Optimization (4) (FLW-8001)
Information: Time: 2025-06-11 00:23:13 / Session:  00:01:52 / Command:  00:01:44 / CPU:  00:05:21 / Memory: 1737 MB (FLW-8100)
Information: CPU Load: 34%, Ram Free: 44 GB, Swap Free: 1 GB, Work Disk Free: 308 GB, Tmp Disk Free: 308 GB (MSG-3995)

Information: Starting compile_fusion / initial_opto / Legalization (FLW-8000)
Information: Time: 2025-06-11 00:23:13 / Session:  00:01:52 / Command:  00:01:44 / CPU:  00:05:21 / Memory: 1737 MB (FLW-8100)
Information: CPU Load: 34%, Ram Free: 44 GB, Swap Free: 1 GB, Work Disk Free: 308 GB, Tmp Disk Free: 308 GB (MSG-3995)
nplDplc2Placer::setParam(effort,1)
nplDplc2Placer::setParam(debug,0)
nplDplc2Placer::setParam(site_check,2)
nplDplc2Placer::setParam(app_firm_wgt,0)

Legalizing Top Level Design dut_toplevel ... 
Information: Initializing classic cellmap without advanced rules enabled and without PDC enabled
Information: The following app options are used in cellmap
        place.legalize.enable_color_aware_placement : false
        place.legalize.use_nll_query_cm : false
        place.legalize.enable_advanced_legalizer : false
        place.legalize.enable_prerouted_net_check : false
        place.legalize.enable_advanced_prerouted_net_check : false
        place.legalize.always_continue : true
        place.legalize.limit_legality_checks : false
        place.common.pnet_aware_density : 1.0000
        place.common.pnet_aware_min_width : 0.0000
        place.common.pnet_aware_layers : {}
        place.common.use_placement_model : false
        place.common.enable_advanced_placement_model : true
        cts.placement.cell_spacing_rule_style : maximum
Warning: Library cell saed14rvt_ff0p88v125c:SAEDRVT14_ISOFSDPQ_PECO_8.frame is missing supply pins. Its power structure cannot be determined. (LGL-050)
Warning: Library cell saed14rvt_ff0p88v125c:SAEDRVT14_DCAP_PV1ECO_12.frame is missing supply pins. Its power structure cannot be determined. (LGL-050)
Warning: Library cell saed14rvt_c_physical_only:SAEDRVT14_AOLVLUBUFE0_IY2V1_1.frame is missing supply pins. Its power structure cannot be determined. (LGL-050)
Warning: Library cell saed14rvt_c_physical_only:SAEDRVT14_AOLVLUBUFE0_IY2V1_10.frame is missing supply pins. Its power structure cannot be determined. (LGL-050)
Warning: Library cell saed14rvt_c_physical_only:SAEDRVT14_AOLVLUBUFE0_IY2V1_12.frame is missing supply pins. Its power structure cannot be determined. (LGL-050)
Total 0.0598 seconds to build cellmap data
Warning: Library cell "SAEDRVT14_AO21_U_0P5" has width 5940 which is not an integer multiplier of its base site "unit" width 740
=====> Processed 73 ref cells (25 fillers) from library
Warning: There are 1 ref cells where the width or height are not an integer of their associated site def width or height.
Warning: All cell instances associated to those ref cells will be treated as blockage during legalization.
Warning: Cell "DP_OP_33_12155_941_J1/ctmi_381" will be treated as blockage because its library cell "SAEDRVT14_AO21_U_0P5" width/height is not an integer multiplier of its site/row.
Warning: Cell "DP_OP_33_12155_941_J1/ctmi_390" will be treated as blockage because its library cell "SAEDRVT14_AO21_U_0P5" width/height is not an integer multiplier of its site/row.
Warning: Cell "DP_OP_33_12155_941_J1/ctmi_400" will be treated as blockage because its library cell "SAEDRVT14_AO21_U_0P5" width/height is not an integer multiplier of its site/row.
Warning: Cell "DP_OP_33_12155_941_J1/ctmi_411" will be treated as blockage because its library cell "SAEDRVT14_AO21_U_0P5" width/height is not an integer multiplier of its site/row.
Warning: Cell "DP_OP_33_12155_941_J1/ctmi_423" will be treated as blockage because its library cell "SAEDRVT14_AO21_U_0P5" width/height is not an integer multiplier of its site/row.
Warning: Cell "DP_OP_33_12155_941_J1/ctmi_436" will be treated as blockage because its library cell "SAEDRVT14_AO21_U_0P5" width/height is not an integer multiplier of its site/row.
Warning: Cell "DP_OP_33_12155_941_J1/ctmi_450" will be treated as blockage because its library cell "SAEDRVT14_AO21_U_0P5" width/height is not an integer multiplier of its site/row.
Warning: Cell "DP_OP_33_12155_941_J1/ctmi_465" will be treated as blockage because its library cell "SAEDRVT14_AO21_U_0P5" width/height is not an integer multiplier of its site/row.
Warning: Cell "DP_OP_33_12155_941_J1/ctmi_481" will be treated as blockage because its library cell "SAEDRVT14_AO21_U_0P5" width/height is not an integer multiplier of its site/row.
Warning: Cell "DP_OP_33_12155_941_J1/ctmi_498" will be treated as blockage because its library cell "SAEDRVT14_AO21_U_0P5" width/height is not an integer multiplier of its site/row.
Warning: Cell "DP_OP_33_12155_941_J1/ctmi_516" will be treated as blockage because its library cell "SAEDRVT14_AO21_U_0P5" width/height is not an integer multiplier of its site/row.
Warning: Cell "DP_OP_33_12155_941_J1/ctmi_535" will be treated as blockage because its library cell "SAEDRVT14_AO21_U_0P5" width/height is not an integer multiplier of its site/row.
Warning: Cell "DP_OP_33_12155_941_J1/ctmi_555" will be treated as blockage because its library cell "SAEDRVT14_AO21_U_0P5" width/height is not an integer multiplier of its site/row.
Warning: Cell "DP_OP_33_12155_941_J1/ctmi_576" will be treated as blockage because its library cell "SAEDRVT14_AO21_U_0P5" width/height is not an integer multiplier of its site/row.
Warning: Cell "DP_OP_33_12155_941_J1/ctmi_596" will be treated as blockage because its library cell "SAEDRVT14_AO21_U_0P5" width/height is not an integer multiplier of its site/row.
Warning: Cell "DP_OP_33_12155_941_J1/ctmi_737" will be treated as blockage because its library cell "SAEDRVT14_AO21_U_0P5" width/height is not an integer multiplier of its site/row.
Warning: Cell "DP_OP_33_12155_941_J1/ctmi_738" will be treated as blockage because its library cell "SAEDRVT14_AO21_U_0P5" width/height is not an integer multiplier of its site/row.

Bounds/Regions In This Design:
        Area    Num Cells  Exclusive Name
 (square um)
     1297.37         1251        Yes DEFAULT_VA

Warning: max_legality_failures=5000 ignored.
	To use it, set limit_legality_checks to true.
Warning: max_legality_check_range=500 ignored.
	To use it, set limit_legality_checks to true.
Starting legalizer.
Warning: Exclusive bound 'DEFAULT' has no cells.
Optimizing Exclusive Bound 'DEFAULT_VA' (2/2)
    Done Exclusive Bound 'DEFAULT_VA' (2/2) (0 sec)
Legalization complete (0 total sec)

****************************************
  Report : Placement Attempts
  Site   : unit
****************************************

number of cells:                   1251
number of references:                73
number of site rows:                 60
number of locations attempted:    28595
number of locations failed:           0  (0.0%)

Legality of references at locations:
0 references had failures.

Legality of references in rows:
0 references had row failures.

****************************************
  Report : Cell Displacements
****************************************

number of cells aggregated:        1251 (20611 total sites)
avg row height over cells:        0.600 um
rms cell displacement:            0.204 um ( 0.34 row height)
rms weighted cell displacement:   0.204 um ( 0.34 row height)
max cell displacement:            0.885 um ( 1.47 row height)
avg cell displacement:            0.175 um ( 0.29 row height)
avg weighted cell displacement:   0.175 um ( 0.29 row height)
number of cells moved:             1227
number of large displacements:        0
large displacement threshold:     3.000 row height

Displacements of worst 10 cells:
Cell: DP_OP_33_12155_941_J1/ctmi_722 (SAEDRVT14_ND2_CDC_1)
  Input location: (13.4171,22.5319)
  Legal location: (13.246,23.4)
  Displacement:   0.885 um ( 1.47 row height)
Cell: phfnr_buf_884 (SAEDRVT14_INV_0P5)
  Input location: (12.5571,22.5265)
  Legal location: (12.58,23.4)
  Displacement:   0.874 um ( 1.46 row height)
Cell: phfnr_buf_898 (SAEDRVT14_INV_S_0P5)
  Input location: (11.9263,31.415)
  Legal location: (11.914,30.6)
  Displacement:   0.815 um ( 1.36 row height)
Cell: phfnr_buf_896 (SAEDRVT14_INV_S_0P5)
  Input location: (10.7505,31.4093)
  Legal location: (10.73,30.6)
  Displacement:   0.810 um ( 1.35 row height)
Cell: phfnr_buf_854 (SAEDRVT14_INV_S_0P5)
  Input location: (26.5231,10.6032)
  Legal location: (26.492,11.4)
  Displacement:   0.797 um ( 1.33 row height)
Cell: ctmi_2169 (SAEDRVT14_AO221_0P5)
  Input location: (1.9548,11.4055)
  Legal location: (1.48,10.8)
  Displacement:   0.769 um ( 1.28 row height)
Cell: DP_OP_33_12155_941_J1/ctmi_414 (SAEDRVT14_NR2_1)
  Input location: (14.874,20.4)
  Legal location: (15.318,19.8)
  Displacement:   0.746 um ( 1.24 row height)
Cell: phfnr_buf_861 (SAEDRVT14_INV_S_0P5)
  Input location: (13.1708,16.5832)
  Legal location: (13.838,16.8)
  Displacement:   0.702 um ( 1.17 row height)
Cell: ctmi_2151 (SAEDRVT14_AO221_0P5)
  Input location: (2.0089,1.2882)
  Legal location: (1.998,0.6)
  Displacement:   0.688 um ( 1.15 row height)
Cell: DP_OP_33_12155_941_J1/ctmi_558 (SAEDRVT14_NR2_1)
  Input location: (28.0406,16.255)
  Legal location: (27.898,15.6)
  Displacement:   0.670 um ( 1.12 row height)

Information: Extraction observers are detached as design net change threshold is reached.
Information: The net parasitics of block dut_toplevel are cleared. (TIM-123)
Information: Ending   compile_fusion / initial_opto / Legalization (FLW-8001)
Information: Time: 2025-06-11 00:23:13 / Session:  00:01:52 / Command:  00:01:44 / CPU:  00:05:21 / Memory: 1737 MB (FLW-8100)
Information: CPU Load: 34%, Ram Free: 44 GB, Swap Free: 1 GB, Work Disk Free: 308 GB, Tmp Disk Free: 308 GB (MSG-3995)
Information: The stitching and editing of coupling caps is turned OFF for design 'dut_toplevel.dlib:dut_toplevel/mcmm_and_logic_opto_full_power.design'. (TIM-125)
Information: 123 out of 128 LGL-050 messages were not printed due to limit 5 (after 'compile_fusion' at task3_base.tcl:43) (MSG-3913)

Compile-fusion optimization Phase 7 Iter  1          0.00        0.00      0.00         -        921.19   277469.09        1268              0.03      1737
Warning: No clock routing rules were specified. Use set_clock_routing_rules to specify routing rules for accurate clock latency estimation. (OPT-902)
Warning: No clock routing rules were specified. Use set_clock_routing_rules to specify routing rules for accurate clock latency estimation. (OPT-902)
Information: Estimating clock gate latencies for scenario 'PowerSave_Typical'. (OPT-909)
Warning: No clock routing rules were specified. Use set_clock_routing_rules to specify routing rules for accurate clock latency estimation. (OPT-902)
Information: Estimating clock gate latencies for scenario 'PowerSave_Slow'. (OPT-909)
Warning: No clock routing rules were specified. Use set_clock_routing_rules to specify routing rules for accurate clock latency estimation. (OPT-902)
Information: Estimating clock gate latencies for scenario 'Normal_Typical'. (OPT-909)
Warning: No clock routing rules were specified. Use set_clock_routing_rules to specify routing rules for accurate clock latency estimation. (OPT-902)
Information: Estimating clock gate latencies for scenario 'Normal_Slow'. (OPT-909)

Information: Starting compile_fusion / initial_opto / Optimization (5) (FLW-8000)
Information: Time: 2025-06-11 00:23:15 / Session:  00:01:54 / Command:  00:01:46 / CPU:  00:05:25 / Memory: 1737 MB (FLW-8100)
Information: CPU Load: 34%, Ram Free: 44 GB, Swap Free: 1 GB, Work Disk Free: 308 GB, Tmp Disk Free: 308 GB (MSG-3995)

Information: Initializing classic cellmap without advanced rules enabled and without PDC enabled
Information: The following app options are used in cellmap
        place.legalize.enable_color_aware_placement : false
        place.legalize.use_nll_query_cm : false
        place.legalize.enable_advanced_legalizer : false
        place.legalize.enable_prerouted_net_check : false
        place.legalize.enable_advanced_prerouted_net_check : false
        place.legalize.always_continue : true
        place.legalize.limit_legality_checks : false
        place.common.pnet_aware_density : 1.0000
        place.common.pnet_aware_min_width : 0.0000
        place.common.pnet_aware_layers : {}
        place.common.use_placement_model : false
        place.common.enable_advanced_placement_model : true
        cts.placement.cell_spacing_rule_style : maximum
Warning: Library cell saed14rvt_ff0p88v125c:SAEDRVT14_ISOFSDPQ_PECO_8.frame is missing supply pins. Its power structure cannot be determined. (LGL-050)
Warning: Library cell saed14rvt_ff0p88v125c:SAEDRVT14_DCAP_PV1ECO_12.frame is missing supply pins. Its power structure cannot be determined. (LGL-050)
Warning: Library cell saed14rvt_c_physical_only:SAEDRVT14_AOLVLUBUFE0_IY2V1_1.frame is missing supply pins. Its power structure cannot be determined. (LGL-050)
Warning: Library cell saed14rvt_c_physical_only:SAEDRVT14_AOLVLUBUFE0_IY2V1_10.frame is missing supply pins. Its power structure cannot be determined. (LGL-050)
Warning: Library cell saed14rvt_c_physical_only:SAEDRVT14_AOLVLUBUFE0_IY2V1_12.frame is missing supply pins. Its power structure cannot be determined. (LGL-050)
Total 0.0589 seconds to build cellmap data
INFO: creating 20(r) x 21(c) GridCells YDim 1.8 XDim 1.8
INFO: number of GridCells (0xda66f308): 420
INFO: creating 20(r) x 21(c) GridCells YDim 1.8 XDim 1.8
INFO: number of GridCells (0xda66f308): 420
Total 0.0137 seconds to load 1268 cell instances into cellmap, 17 cells are off site row
Moveable cells: 1268; Application fixed cells: 0; Macro cells: 0; User fixed cells: 0
Average cell width 1.2108, cell height 0.6000, cell area 0.7265 for total 1268 placed and application fixed cells
Compile-fusion optimization Phase 9 Iter  1          0.00        0.00      0.00         -        921.19   277469.09        1268              0.03      1737
INFO: total number of constant pins: 667
INFO: constant pins which are scan-pins: 656
INFO: constant pins that are not scan-pins: 11
Information: 123 out of 128 LGL-050 messages were not printed due to limit 5 (after 'compile_fusion' at task3_base.tcl:43) (MSG-3913)

Compile-fusion optimization Phase 10 Iter  1         0.00        0.00      0.00         -        925.09   279119.16        1276              0.03      1737
Isolated 0 ports, skipped 0 ports
Already Isolated 0 ports, Deleted 0 existing Isolation cells 

Compile-fusion optimization Phase 11 Iter  1         0.00        0.00      0.00         -        925.09   279119.16        1276              0.03      1737

Compile-fusion optimization Phase 12 Iter  1         0.00        0.00      0.00         -        925.09   279119.16        1276              0.03      1737

Compile-fusion optimization Phase 13 Iter  1         0.00        0.00      0.00         -        925.09   279119.16        1276              0.03      1737
Warning: No clock routing rules were specified. Use set_clock_routing_rules to specify routing rules for accurate clock latency estimation. (OPT-902)
Warning: No clock routing rules were specified. Use set_clock_routing_rules to specify routing rules for accurate clock latency estimation. (OPT-902)
Information: Estimating clock gate latencies for scenario 'PowerSave_Typical'. (OPT-909)
Warning: No clock routing rules were specified. Use set_clock_routing_rules to specify routing rules for accurate clock latency estimation. (OPT-902)
Information: Estimating clock gate latencies for scenario 'PowerSave_Slow'. (OPT-909)
Warning: No clock routing rules were specified. Use set_clock_routing_rules to specify routing rules for accurate clock latency estimation. (OPT-902)
Information: Estimating clock gate latencies for scenario 'PowerSave_Fast'. (OPT-909)
Warning: No clock routing rules were specified. Use set_clock_routing_rules to specify routing rules for accurate clock latency estimation. (OPT-902)
Information: Estimating clock gate latencies for scenario 'Normal_Typical'. (OPT-909)
Warning: No clock routing rules were specified. Use set_clock_routing_rules to specify routing rules for accurate clock latency estimation. (OPT-902)
Information: Estimating clock gate latencies for scenario 'Normal_Slow'. (OPT-909)
Warning: No clock routing rules were specified. Use set_clock_routing_rules to specify routing rules for accurate clock latency estimation. (OPT-902)
Information: Estimating clock gate latencies for scenario 'Normal_Fast'. (OPT-909)
Number of Site types in the design = 1
INFO: Skipping activation of hold scenarios prior to CUS.
CCD app option: ccd.targeted_ccd_path_groups:  **clock_gating_default**
Target path group: scenario Normal_Fast pathgroup **clock_gating_default**
Target path group: scenario Normal_Slow pathgroup **clock_gating_default**
Target path group: scenario Normal_Typical pathgroup **clock_gating_default**
Target path group: scenario PowerSave_Fast pathgroup **clock_gating_default**
Target path group: scenario PowerSave_Slow pathgroup **clock_gating_default**
Target path group: scenario PowerSave_Typical pathgroup **clock_gating_default**
Information: CCD will use corner Slow for honoring max prepone/postpone limits

Summary of messages during CTS:
===============================================================
  Tag   Count  Type           Description
---------------------------------------------------------------
 No error or warning message.
Warning: No clock routing rules were specified. Use set_clock_routing_rules to specify routing rules for accurate clock latency estimation. (OPT-902)
Warning: No clock routing rules were specified. Use set_clock_routing_rules to specify routing rules for accurate clock latency estimation. (OPT-902)
Information: Estimating clock gate latencies for scenario 'PowerSave_Typical'. (OPT-909)
Warning: No clock routing rules were specified. Use set_clock_routing_rules to specify routing rules for accurate clock latency estimation. (OPT-902)
Information: Estimating clock gate latencies for scenario 'PowerSave_Slow'. (OPT-909)
Warning: No clock routing rules were specified. Use set_clock_routing_rules to specify routing rules for accurate clock latency estimation. (OPT-902)
Information: Estimating clock gate latencies for scenario 'Normal_Typical'. (OPT-909)
Warning: No clock routing rules were specified. Use set_clock_routing_rules to specify routing rules for accurate clock latency estimation. (OPT-902)
Information: Estimating clock gate latencies for scenario 'Normal_Slow'. (OPT-909)
Warning: No clock routing rules were specified. Use set_clock_routing_rules to specify routing rules for accurate clock latency estimation. (OPT-902)
Information: Estimating clock gate latencies for scenario 'Normal_Fast'. (OPT-909)
INFO: Skipping deactivation of hold scenarios after CUS.
Number of Site types in the design = 1
Compile-fusion optimization Phase 13 Iter  2         0.00        0.00      0.00         -        925.09   279119.16        1276              0.03      1737
Compile-fusion optimization Phase 13 Iter  3         0.00        0.00      0.00         -        925.09   279119.16        1276              0.03      1737
Compile-fusion optimization Phase 13 Iter  4         0.00        0.00      0.00         -        925.09   279119.16        1276              0.03      1737
Compile-fusion optimization Phase 13 Iter  5         0.00        0.00      0.00         -        925.09   279119.16        1276              0.03      1737
Corner Scaling is off, multiplier is 1.000000
Using default layer M4
new cutoff lpd: 3.06118e-07
corner scaling: maxCornerId = 3
corner=Fast, tran factor=0.837270 (0.028178 / 0.033655)
corner=Typical, tran factor=0.944434 (0.031785 / 0.033655)
corner=Slow, tran factor=1.000000 (0.033655 / 0.033655)
bmap: stepx = stepy = 30000
creating bmap
DB units per micron : 10000
Compile-fusion optimization Phase 13 Iter  6         0.00        0.00      0.00         -        925.09   279119.16        1276              0.03      1737
Compile-fusion optimization Phase 13 Iter  7         0.00        0.00      0.00         -        925.09   279119.16        1276              0.03      1737

Disable clock slack update for ideal clocks
Warning: Restoring scoped app option 'ropt.rbuf_subtree_crit_range' to original value 'unset' (from current value '-1', which is different from the scoped value '-1.0'). (FLW-2892)
Disable clock slack update for ideal clocks
Warning: Restoring scoped app option 'ropt.rbuf_subtree_crit_range' to original value 'unset' (from current value '-1', which is different from the scoped value '-1.0'). (FLW-2892)

Disable clock slack update for ideal clocks
Compile-fusion optimization Phase 15 Iter  1         0.00        0.00      0.00         -        925.09   279119.16        1276              0.03      1737
INFO: cellmap features:  adv-rules=(N), pdc=(N), clock-rules=(Y)

Compile-fusion optimization Phase 16 Iter  1         0.00        0.00      0.00         -        925.09   279119.16        1276              0.03      1737
INFO: New Levelizer turned on
Layer Demotion Info:
Bin                       OptDist       MinLen      BeforeCount       AfterCount        Diff
-----------------------------------------------------------------------------------------
None                         82.8          0.0             1688             1688           0
M4                           92.4          8.3                0                0           0
-----------------------------------------------------------------------------------------
Total Demoted Nets:             0


Information: Skipping dirty design check since timing is met or no cells in design
Compile-fusion optimization Phase 17 Iter  1         0.00        0.00      0.00         -        925.09   279119.16        1276              0.03      1737
Warning: No clock routing rules were specified. Use set_clock_routing_rules to specify routing rules for accurate clock latency estimation. (OPT-902)
Warning: No clock routing rules were specified. Use set_clock_routing_rules to specify routing rules for accurate clock latency estimation. (OPT-902)
Information: Estimating clock gate latencies for scenario 'PowerSave_Typical'. (OPT-909)
Warning: No clock routing rules were specified. Use set_clock_routing_rules to specify routing rules for accurate clock latency estimation. (OPT-902)
Information: Estimating clock gate latencies for scenario 'PowerSave_Slow'. (OPT-909)
Warning: No clock routing rules were specified. Use set_clock_routing_rules to specify routing rules for accurate clock latency estimation. (OPT-902)
Information: Estimating clock gate latencies for scenario 'PowerSave_Fast'. (OPT-909)
Warning: No clock routing rules were specified. Use set_clock_routing_rules to specify routing rules for accurate clock latency estimation. (OPT-902)
Information: Estimating clock gate latencies for scenario 'Normal_Typical'. (OPT-909)
Warning: No clock routing rules were specified. Use set_clock_routing_rules to specify routing rules for accurate clock latency estimation. (OPT-902)
Information: Estimating clock gate latencies for scenario 'Normal_Slow'. (OPT-909)
Warning: No clock routing rules were specified. Use set_clock_routing_rules to specify routing rules for accurate clock latency estimation. (OPT-902)
Information: Estimating clock gate latencies for scenario 'Normal_Fast'. (OPT-909)
Number of Site types in the design = 1
INFO: Skipping activation of hold scenarios prior to CUS.
CCD app option: ccd.targeted_ccd_path_groups:  **clock_gating_default**
Target path group: scenario Normal_Fast pathgroup **clock_gating_default**
Target path group: scenario Normal_Slow pathgroup **clock_gating_default**
Target path group: scenario Normal_Typical pathgroup **clock_gating_default**
Target path group: scenario PowerSave_Fast pathgroup **clock_gating_default**
Target path group: scenario PowerSave_Slow pathgroup **clock_gating_default**
Target path group: scenario PowerSave_Typical pathgroup **clock_gating_default**
Information: CCD will use corner Slow for honoring max prepone/postpone limits

Summary of messages during CTS:
===============================================================
  Tag   Count  Type           Description
---------------------------------------------------------------
 No error or warning message.
Warning: No clock routing rules were specified. Use set_clock_routing_rules to specify routing rules for accurate clock latency estimation. (OPT-902)
Warning: No clock routing rules were specified. Use set_clock_routing_rules to specify routing rules for accurate clock latency estimation. (OPT-902)
Information: Estimating clock gate latencies for scenario 'PowerSave_Typical'. (OPT-909)
Warning: No clock routing rules were specified. Use set_clock_routing_rules to specify routing rules for accurate clock latency estimation. (OPT-902)
Information: Estimating clock gate latencies for scenario 'PowerSave_Slow'. (OPT-909)
Warning: No clock routing rules were specified. Use set_clock_routing_rules to specify routing rules for accurate clock latency estimation. (OPT-902)
Information: Estimating clock gate latencies for scenario 'Normal_Typical'. (OPT-909)
Warning: No clock routing rules were specified. Use set_clock_routing_rules to specify routing rules for accurate clock latency estimation. (OPT-902)
Information: Estimating clock gate latencies for scenario 'Normal_Slow'. (OPT-909)
Warning: No clock routing rules were specified. Use set_clock_routing_rules to specify routing rules for accurate clock latency estimation. (OPT-902)
Information: Estimating clock gate latencies for scenario 'Normal_Fast'. (OPT-909)
INFO: Skipping deactivation of hold scenarios after CUS.
Number of Site types in the design = 1
Compile-fusion optimization Phase 17 Iter  2         0.00        0.00      0.00         -        925.09   279119.16        1276              0.04      1737
Compile-fusion optimization summary            SETUP-COST    R2R-COST HOLD-COST LDRC-COST          AREA     LEAKAGE     INSTCNT            ELAPSE       MEM
Compile-fusion optimization Phase 17 Iter  3         0.00        0.00      0.00         -        925.09   279119.16        1276              0.04      1737
Compile-fusion optimization Phase 17 Iter  4         0.00        0.00      0.00         -        925.09   279119.16        1276              0.04      1737
Compile-fusion optimization Phase 17 Iter  5         0.00        0.00      0.00         -        925.09   279119.16        1276              0.04      1737
Compile-fusion optimization Phase 17 Iter  6         0.00        0.00      0.00         -        925.09   279119.16        1276              0.04      1737
Compile-fusion optimization Phase 17 Iter  7         0.00        0.00      0.00         -        925.09   279119.16        1276              0.04      1737
Compile-fusion optimization Phase 17 Iter  8         0.00        0.00      0.00         -        925.09   279119.16        1276              0.04      1737
Compile-fusion optimization Phase 17 Iter  9         0.00        0.00      0.00         -        925.09   279119.16        1276              0.04      1737
Compile-fusion optimization Phase 17 Iter 10         0.00        0.00      0.00         -        925.09   279119.16        1276              0.04      1737
Compile-fusion optimization Phase 17 Iter 11         0.00        0.00      0.00         -        925.09   279119.16        1276              0.04      1737
Warning: No clock routing rules were specified. Use set_clock_routing_rules to specify routing rules for accurate clock latency estimation. (OPT-902)
Warning: No clock routing rules were specified. Use set_clock_routing_rules to specify routing rules for accurate clock latency estimation. (OPT-902)
Information: Estimating clock gate latencies for scenario 'PowerSave_Typical'. (OPT-909)
Warning: No clock routing rules were specified. Use set_clock_routing_rules to specify routing rules for accurate clock latency estimation. (OPT-902)
Information: Estimating clock gate latencies for scenario 'PowerSave_Slow'. (OPT-909)
Warning: No clock routing rules were specified. Use set_clock_routing_rules to specify routing rules for accurate clock latency estimation. (OPT-902)
Information: Estimating clock gate latencies for scenario 'PowerSave_Fast'. (OPT-909)
Warning: No clock routing rules were specified. Use set_clock_routing_rules to specify routing rules for accurate clock latency estimation. (OPT-902)
Information: Estimating clock gate latencies for scenario 'Normal_Typical'. (OPT-909)
Warning: No clock routing rules were specified. Use set_clock_routing_rules to specify routing rules for accurate clock latency estimation. (OPT-902)
Information: Estimating clock gate latencies for scenario 'Normal_Slow'. (OPT-909)
Warning: No clock routing rules were specified. Use set_clock_routing_rules to specify routing rules for accurate clock latency estimation. (OPT-902)
Information: Estimating clock gate latencies for scenario 'Normal_Fast'. (OPT-909)
Number of Site types in the design = 1
INFO: Skipping activation of hold scenarios prior to CUS.
CCD app option: ccd.targeted_ccd_path_groups:  **clock_gating_default**
Target path group: scenario Normal_Fast pathgroup **clock_gating_default**
Target path group: scenario Normal_Slow pathgroup **clock_gating_default**
Target path group: scenario Normal_Typical pathgroup **clock_gating_default**
Target path group: scenario PowerSave_Fast pathgroup **clock_gating_default**
Target path group: scenario PowerSave_Slow pathgroup **clock_gating_default**
Target path group: scenario PowerSave_Typical pathgroup **clock_gating_default**
Information: CCD will use corner Slow for honoring max prepone/postpone limits

Summary of messages during CTS:
===============================================================
  Tag   Count  Type           Description
---------------------------------------------------------------
 No error or warning message.
Warning: No clock routing rules were specified. Use set_clock_routing_rules to specify routing rules for accurate clock latency estimation. (OPT-902)
Warning: No clock routing rules were specified. Use set_clock_routing_rules to specify routing rules for accurate clock latency estimation. (OPT-902)
Information: Estimating clock gate latencies for scenario 'PowerSave_Typical'. (OPT-909)
Warning: No clock routing rules were specified. Use set_clock_routing_rules to specify routing rules for accurate clock latency estimation. (OPT-902)
Information: Estimating clock gate latencies for scenario 'PowerSave_Slow'. (OPT-909)
Warning: No clock routing rules were specified. Use set_clock_routing_rules to specify routing rules for accurate clock latency estimation. (OPT-902)
Information: Estimating clock gate latencies for scenario 'Normal_Typical'. (OPT-909)
Warning: No clock routing rules were specified. Use set_clock_routing_rules to specify routing rules for accurate clock latency estimation. (OPT-902)
Information: Estimating clock gate latencies for scenario 'Normal_Slow'. (OPT-909)
Warning: No clock routing rules were specified. Use set_clock_routing_rules to specify routing rules for accurate clock latency estimation. (OPT-902)
Information: Estimating clock gate latencies for scenario 'Normal_Fast'. (OPT-909)
INFO: Skipping deactivation of hold scenarios after CUS.
Number of Site types in the design = 1
Compile-fusion optimization Phase 17 Iter 12         0.00        0.00      0.00         -        925.09   279119.16        1276              0.04      1737
Corner Scaling is off, multiplier is 1.000000
Using default layer M4
new cutoff lpd: 3.06118e-07
corner scaling: maxCornerId = 3
corner=Fast, tran factor=0.837270 (0.028178 / 0.033655)
corner=Typical, tran factor=0.944434 (0.031785 / 0.033655)
corner=Slow, tran factor=1.000000 (0.033655 / 0.033655)
bmap: stepx = stepy = 30000
creating bmap
DB units per micron : 10000
Compile-fusion optimization Phase 17 Iter 13         0.00        0.00      0.00         -        925.09   279119.16        1276              0.04      1737
Compile-fusion optimization Phase 17 Iter 14         0.00        0.00      0.00         -        925.09   279119.16        1276              0.04      1737
Compile-fusion optimization Phase 17 Iter 15         0.00        0.00      0.00         -        925.09   279119.16        1276              0.04      1737
Compile-fusion optimization Phase 17 Iter 16         0.00        0.00      0.00         -        925.09   279119.16        1276              0.04      1737
Compile-fusion optimization Phase 17 Iter 17         0.00        0.00      0.00         -        925.09   279119.16        1276              0.04      1737
Compile-fusion optimization Phase 17 Iter 18         0.00        0.00      0.00         -        925.09   279119.16        1276              0.04      1737
Compile-fusion optimization Phase 17 Iter 19         0.00        0.00      0.00         -        925.09   279119.16        1276              0.04      1737
Compile-fusion optimization Phase 17 Iter 20         0.00        0.00      0.00         -        925.09   279119.16        1276              0.04      1737
Compile-fusion optimization Phase 17 Iter 21         0.00        0.00      0.00         -        925.09   279119.16        1276              0.04      1737
Compile-fusion optimization Phase 17 Iter 22         0.00        0.00      0.00         -        925.09   279119.16        1276              0.04      1737
Compile-fusion optimization Phase 17 Iter 23         0.00        0.00      0.00         -        925.09   279119.16        1276              0.04      1737
Compile-fusion optimization Phase 17 Iter 24         0.00        0.00      0.00         -        925.09   279119.16        1276              0.04      1737
Compile-fusion optimization Phase 17 Iter 25         0.00        0.00      0.00         -        925.09   279119.16        1276              0.04      1737

Compile-fusion optimization Phase 18 Iter  1         0.00        0.00      0.00         -        925.09   279119.16        1276              0.04      1737

Compile-fusion optimization Phase 19 Iter  1         0.00        0.00      0.00         -        925.09   279119.16        1276              0.04      1737
INFO: New Levelizer turned on
Compile-fusion optimization Phase 19 Iter  2         0.00        0.00      0.00         -        924.65   278842.50        1276              0.04      1737
INFO: New Levelizer turned on

Disable clock slack update for ideal clocks
Compile-fusion optimization Phase 20 Iter  1         0.00        0.00      0.00         -        923.85   278875.88        1276              0.04      1737
INFO: cellmap features:  adv-rules=(N), pdc=(N), clock-rules=(Y)

Compile-fusion optimization Phase 21 Iter  1         0.00        0.00      0.00         -        923.85   278875.88        1276              0.04      1737
Warning: Restoring scoped app option 'xform.commit_density_threshold' to original value 'unset' (from current value '1.1', which is different from the scoped value '1.100000'). (FLW-2892)
Warning: Restoring scoped app option 'ropt.rutil_density_threshold' to original value 'unset' (from current value '1.1', which is different from the scoped value '1.100000'). (FLW-2892)
Warning: Restoring scoped app option 'opt.internal.levfilter_arec_slack' to original value 'unset' (from current value '-1', which is different from the scoped value '-1.0'). (FLW-2892)

Compile-fusion optimization Phase 22 Iter  1         0.00        0.00      0.00         -        923.76   278801.31        1275              0.04      1737
Information: Activity propagation will be performed for scenario Normal_Fast.
Information: Doing activity propagation for mode 'Normal' and corner 'Fast' with effort level 'low'. (POW-024)
Information: Timer-derived activity data is cached on scenario Normal_Fast (POW-052)
Information: Running switching activity propagation with 12 threads!

 **** Information : No. of simulation cycles = 4 ****
Warning: Restoring scoped app option 'xform.commit_density_threshold' to original value 'unset' (from current value '1.1', which is different from the scoped value '1.100000'). (FLW-2892)
Warning: Restoring scoped app option 'ropt.rutil_density_threshold' to original value 'unset' (from current value '1.1', which is different from the scoped value '1.100000'). (FLW-2892)
Warning: Restoring scoped app option 'opt.internal.levfilter_arec_slack' to original value 'unset' (from current value '-1', which is different from the scoped value '-1.0'). (FLW-2892)
LR XFORM: End Prediction Mode

Disable clock slack update for ideal clocks
Compile-fusion optimization summary            SETUP-COST    R2R-COST HOLD-COST LDRC-COST          AREA     LEAKAGE     INSTCNT            ELAPSE       MEM
Compile-fusion optimization Phase 23 Iter  1         0.00        0.00      0.00         -        926.20   279867.34        1300              0.04      1737
INFO: cellmap features:  adv-rules=(N), pdc=(N), clock-rules=(Y)

Compile-fusion optimization Phase 24 Iter  1         0.00        0.00      0.00         -        926.20   279867.34        1300              0.04      1737
ISR-INFO:  Running path margin based recovery (target = 0.0000, multiplier = 0.7000, mode = 0)
INFO: New Levelizer turned on
Knee-Processing :  cumEst: 0.00172637 cumPct:    86.89 estdown: 0.00026045 cumUp:  318 numDown:  420 status= valid
Knee-Processing :  cumEst: 0.00196899 cumPct:    99.10 estdown: 0.00001783 cumUp:  641 numDown:   97 status= valid
Knee-Processing :  cumEst: 0.00198399 cumPct:    99.86 estdown: 0.00000284 cumUp:  680 numDown:   58 status= valid
Knee-Processing :  cumEst: 0.00198682 cumPct:   100.00 estdown: 0.00000000 cumUp:  961 numDown:    0 status= valid

Compile-fusion optimization Phase 25 Iter  1         0.00        0.00      0.00         -        926.20   279480.50        1300              0.04      1737
LAO is disable, refresh para
Information: The net parasitics of block dut_toplevel are cleared. (TIM-123)
Information: The stitching and editing of coupling caps is turned OFF for design 'dut_toplevel.dlib:dut_toplevel/mcmm_and_logic_opto_full_power.design'. (TIM-125)

Compile-fusion optimization Phase 26 Iter  1         0.00        0.00      0.00         -        926.20   279480.50        1300              0.04      1737
INFO: New Levelizer turned on
Layer Demotion Info:
Bin                       OptDist       MinLen      BeforeCount       AfterCount        Diff
-----------------------------------------------------------------------------------------
None                         82.8          0.0             1712             1712           0
M4                           92.4          8.3                0                0           0
-----------------------------------------------------------------------------------------
Total Demoted Nets:             0


Compile-fusion optimization Phase 27 Iter  1         0.00        0.00      0.00         -        926.20   279480.50        1300              0.04      1737

Compile-fusion optimization Phase 28 Iter  1         0.00        0.00      0.00         -        926.20   279480.50        1300              0.04      1737
Compile-fusion optimization Phase 28 Iter  2         0.00        0.00      0.00         -        926.20   279480.50        1300              0.04      1737
Compile-fusion optimization Phase 28 Iter  3         0.00        0.00      0.00         -        926.20   279480.50        1300              0.04      1737
Compile-fusion optimization Phase 28 Iter  4         0.00        0.00      0.00         -        926.20   279480.50        1300              0.04      1737
Compile-fusion optimization Phase 28 Iter  5         0.00        0.00      0.00         -        926.20   279480.50        1300              0.04      1737
Compile-fusion optimization Phase 28 Iter  6         0.00        0.00      0.00         -        926.20   279480.50        1300              0.04      1737
Compile-fusion optimization Phase 28 Iter  7         0.00        0.00      0.00         -        926.20   279480.50        1300              0.04      1737
Compile-fusion optimization Phase 28 Iter  8         0.00        0.00      0.00         -        926.20   279480.50        1300              0.04      1737
Compile-fusion optimization Phase 28 Iter  9         0.00        0.00      0.00         -        926.20   279480.50        1300              0.04      1737
Compile-fusion optimization Phase 28 Iter 10         0.00        0.00      0.00         -        926.20   279480.50        1300              0.04      1737
Corner Scaling is off, multiplier is 1.000000
Using default layer M4
new cutoff lpd: 3.06118e-07
corner scaling: maxCornerId = 3
corner=Fast, tran factor=0.837270 (0.028178 / 0.033655)
corner=Typical, tran factor=0.944434 (0.031785 / 0.033655)
corner=Slow, tran factor=1.000000 (0.033655 / 0.033655)
bmap: stepx = stepy = 30000
creating bmap
DB units per micron : 10000
Compile-fusion optimization Phase 28 Iter 11         0.00        0.00      0.00         -        926.20   279480.50        1300              0.04      1737
Compile-fusion optimization Phase 28 Iter 12         0.00        0.00      0.00         -        926.20   279480.50        1300              0.04      1737
Compile-fusion optimization Phase 28 Iter 13         0.00        0.00      0.00         -        926.20   279480.50        1300              0.04      1737
Compile-fusion optimization Phase 28 Iter 14         0.00        0.00      0.00         -        926.20   279480.50        1300              0.04      1737
Compile-fusion optimization Phase 28 Iter 15         0.00        0.00      0.00         -        926.20   279480.50        1300              0.04      1737
Compile-fusion optimization Phase 28 Iter 16         0.00        0.00      0.00         -        926.20   279480.50        1300              0.04      1737

Disable clock slack update for ideal clocks
INFO:  SEQ DEL WNS is protecting TNS
INFO:  SEQ DEL WNS is protecting TNS
Compile-fusion optimization Phase 29 Iter  1         0.00        0.00      0.00         -        926.20   279480.50        1300              0.04      1737
INFO: cellmap features:  adv-rules=(N), pdc=(N), clock-rules=(Y)

Compile-fusion optimization Phase 30 Iter  1         0.00        0.00      0.00         0        926.20   279480.50        1300              0.04      1737
INFO: New Levelizer turned on
Compile-fusion optimization Phase 30 Iter  2         0.00        0.00      0.00         0        926.20   279480.50        1300              0.04      1737
Compile-fusion optimization Phase 30 Iter  3         0.00        0.00      0.00         0        926.20   279480.50        1300              0.04      1737

Compile-fusion optimization Phase 31 Iter  1         0.00        0.00      0.00         0        926.20   279480.50        1300              0.04      1737

Information: Ending   compile_fusion / initial_opto / Optimization (5) (FLW-8001)
Information: Time: 2025-06-11 00:23:39 / Session:  00:02:18 / Command:  00:02:10 / CPU:  00:06:52 / Memory: 1737 MB (FLW-8100)
Information: CPU Load: 28%, Ram Free: 44 GB, Swap Free: 1 GB, Work Disk Free: 308 GB, Tmp Disk Free: 308 GB (MSG-3995)

Compile-fusion optimization Phase 33 Iter  1         0.00        0.00      0.00         0        926.20   279480.50        1300              0.04      1737


Compile-fusion optimization complete                 0.00        0.00      0.00         0        926.20   279480.50        1300              0.04      1737
[Tim-Power] Info: Cleared Leakage libCell cache.
Information: The net parasitics of block dut_toplevel are cleared. (TIM-123)
Co-efficient Ratio Summary:
4.193421605155  6.578038173730  2.479639287277  7.744187540401  0.485050000353  3.179565833784  5.567214754587  2.894454387461  6.565921217863  9.017937505874  3.122415975933  9.863421154708  6.078249764085  2.744209641123  8.318111404907  9.699225026083
2.464623950064  1.382370221226  9.387184029619  3.142429406669  0.968752789964  6.613180723294  4.146578793224  7.876358918112  2.191135103696  0.963734141094  2.728983518881  3.840442619397  3.750322853169  7.663459142299  6.212207967950  7.759678473967
7.862243056717  0.402387977150  0.032845095897  0.596111512371  4.701287396892  7.205135512169  8.278351398268  1.183725190997  3.334436408244  5.867609731622  7.190550185364  9.669801012824  7.591503147087  7.632107693266  7.679074863326  9.831314288630
1.878805817928  3.230072343539  1.226270037326  7.050450494780  2.403928173631  6.139852544054  4.100210066110  1.274718589655  4.570746653063  5.624878808820  7.843593152943  4.759125526972  5.409143726377  2.609824952834  0.626148338674  6.381676652919
9.187474022495  0.513656796621  5.027570618562  6.119813446103  6.181472312107  1.581675365776  7.486041822107  9.584562469756  2.041727387119  3.921160867338  0.677124581610  9.472440010118  3.368500194994  4.897112849020  6.860145044452  2.000104051691
9.095345907689  2.197041709512  0.915900067443  5.466092308426  8.142690055883  4.607193265224  8.244463794567  3.504870705451  1.682716012888  7.173433718510  9.956208607648  3.617844880392  8.946898437652  1.169960832707  4.529942456262  3.090979409795
5.580726136993  1.131397763510  0.721709625254  7.515947417690  0.649322209371  1.017031043513  5.811519666269  5.826730883342  4.349383292435  0.216216918317  9.639888321892  7.311148890813  0.823635941628  0.356162586693  8.022015369284  2.603132585844
5.024802551363  1.359359521353  5.407563451201  2.804123477518  1.265300052200  0.417760313533  1.833872465081  6.448557737188  4.848373112548  2.936801055033  8.698130023590  4.212397424329  9.007743070112  3.308108478452  5.607477909985  8.514743640423
2.764676979434  9.324216938770  1.551199989997  2.300508202625  0.754685030179  1.961421411696  2.781303341418  3.355375155650  9.437909893602  9.136702642545  9.047110113089  9.978463994559  7.467574334047  3.171275021421  9.815926540044  4.331414637138
0.413524984361  3.309910198619  7.452798206103  1.902827924529  5.623407259547  7.269363008696  3.367403103784  7.093641515702  7.411336156476  6.944246976650  5.256476836602  4.802171146724  3.894528063832  4.531611719342  1.605151457803  8.173730247963
9.287277774418  7.540401048505  0.000353317956  5.833784556721  4.754587289445  4.387461656592  1.217863901793  7.505874310467  0.800933986343  9.509851607812  3.981996189045  8.341115330253  5.604024569922  5.026084546462  3.950060938237  0.221226938718
4.029619314242  9.406669096875  2.789964661318  0.723294414657  8.793224787635  8.918112219113  5.103696096373  4.141094270014  8.443881384045  0.064440375020  6.070070671960  8.842281120662  1.167077375967  8.473968086224  3.056713840238  7.977150003284
5.095897059611  1.512371470128  7.396892720513  5.512169827835  1.398268118372  5.190997333443  6.408244586760  9.731622717389  4.385364966981  9.999761759148  7.364998678835  6.393258266349  8.063443583131  4.288631487880  5.817924123007  2.343539122627
0.037326705045  0.494780240392  8.173631613985  2.544054410021  0.066110127471  8.589655457074  6.653063562487  8.808820782685  7.253678475913  3.418263540902  7.943288175507  3.652826561056  2.538791238167  6.652910218747  4.022491851365  6.796621502757
0.618562611981  3.446103618147  2.312107158167  5.365776748604  1.822107958456  2.469756204172  7.387119392116  0.867338065048  8.682345947245  8.902409336848  4.311805394336  1.549012185456  9.244579800010  4.051692209534  5.907685019704  1.709512091590
0.067443546609  2.308426814269  0.055883460719  3.265224824446  3.794567350487  0.705451168271  6.012888717343  3.718510993956  2.708373361785  2.772683894677  2.654563021511  9.532799951336  6.656389909097  9.409796858072  6.136999913139  7.763510072170
9.625254751594  7.417690064932  2.209371101703  1.043513581151  9.666269582673  0.883342434938  3.292435021621  6.918317961214  2.422527731115  6.782104082351  9.168539940231  1.286685301643  9.569301860313  2.585845802480  2.551369935935  9.521353540756
3.451201280412  3.477518126530  0.052200041776  0.313533183387  2.465081644855  7.737188484837  3.112548293680  1.055033867149  4.124225421230  5.316610900762  7.297023245435  7.178444069189  1.109002451474  3.640424576467  6.979430732421  6.938770155119
9.989997230050  8.202625075468  5.030179196142  1.411696278130  3.341418335537  5.155650943790  9.893602913670  2.642545902020  9.208464997847  1.495117746745  7.751824894627  4.721413266612  0.740161033141  4.637139341352  4.984367130991  0.198619745279
8.206103190282  7.924529562340  7.259547726936  3.008696336740  3.103784709364  1.515702741133  6.156476694424  6.976650523956  5.921087480218  9.647382389440  1.480619930661  0.419334445635  5.657920417373  0.247964228727  7.774414554040  1.048505000035
3.317956583378  4.556721475458  7.289445438746  1.656592121786  3.901793750587  4.310467080093  3.986343950985  1.607812396408  5.274420834112  3.831811560490  7.986702633858  3.246454661235  4.138354522122  6.938719702961  9.314248640666  9.096875278996
4.661318072329  4.414657879322  4.787635891811  2.219113510369  6.096373414109  4.270014844388  1.384045006444  0.375020605316  9.766345884229  9.621220116795  0.792843571661  7.786216925012  7.040368797715  0.003285809589  7.059618651237  1.470128739689
2.720513551216  9.827835139826  8.118372519099  7.333443640824  4.586760973162  2.717389438536  4.966981999976  1.759148734708  7.763210639326  6.767907806332  6.900017152138  0.187872101133  8.323137234353  9.122628303732  6.705042549478  0.240392817363
1.613985254405  4.410021006611  0.127471858965  5.457074665306  3.562487880882  0.782685725367  8.475913341826  3.540902792637  7.260982365283  4.062614253867  4.655005615291  9.918739022680  5.051495679662  1.502758361856  2.611988844610  3.618147231210
7.158167536577  6.748604182210  7.958456246975  6.204172738711  9.392116086733  8.065048868234  5.947245890240  9.336848439499  4.489711154902  0.686014924445  2.227958455169  1.909526110109  9.219834170951  2.091591306744  3.546606730842  6.814269005588
3.460719326522  4.824446379456  7.350487070545  1.168271601288  8.717343371851  0.993956270837  3.361785277268  3.894677263765  2.116996953270  7.452994665626  2.326935990979  5.558064233030  3.113269776351  0.072171262525  4.751591241769  0.064932220937
1.101703104351  3.581151966626  9.582673088334  2.434938329243  5.021621691831  7.961214242252  7.731115678210  4.082351914162  8.035616128669  3.802201956928  4.287251208584  4.502472875577  3.135065952135  3.540757645120  1.280419847751  8.126530005220
0.041776031353  3.183387246508  1.644855773718  8.484837311254  8.293680105503  3.867149412422  5.421230531661  0.900762727011  2.330810717845  2.560747110998  5.878312314042  3.276459217384  4.932551693877  0.155110298999  7.230057320262  5.075468503017
9.196142141169  6.278130334141  8.335537515565  0.943790989360  2.913670264254  5.902020920846  4.997847149511  7.746745773404  7.317127472142  1.981592074004  4.450089413713  8.041344018877  1.330021019861  9.745270120610  3.190289292452  9.562340725954
7.726936300869  6.336740310378  4.709364151570  2.741133615647  6.694424697665  0.523956592108  7.480218964738  2.389440146383  2.453161041934  2.160515565780  3.834211074796  3.928719397882  8.754170104850  5.000036631795  6.583375955672  1.475458728944
5.438746165659  2.121786390179  3.750587431046  7.080093398634  3.950985160781  2.396408527442  0.834112383181  1.560490796992  2.502608324646  2.395006413823  7.049060643871  8.402953551865  2.940796909687  5.278997766131  8.072326941465  7.879322478763
5.891811221911  3.510369609637  3.414109427001  4.844388138404  5.006444037502  0.605316976634  5.884229962122  0.116795077596  7.847396778622  4.305671704023  8.714653050328  4.509571325302  1.151367147012  8.739680572051  3.551213482783  5.139826811837
2.519099733344  3.640824458676  0.973162271738  9.438536496698  1.999976175914  8.734708776321  0.639326676790  7.806332698313  1.428863018788  0.581792832300  7.251291962262  7.003724290945  5.049508024039  2.817364461398  5.254402941002  1.006611012747
Information: The stitching and editing of coupling caps is turned OFF for design 'dut_toplevel.dlib:dut_toplevel/mcmm_and_logic_opto_full_power.design'. (TIM-125)

Compile-fusion final QoR
________________________
Scenario Mapping Table
1: Normal_Fast
2: Normal_Slow
3: Normal_Typical
4: PowerSave_Fast
5: PowerSave_Slow
6: PowerSave_Typical

Pathgroup Mapping Table
1: **default**
2: **async_default**
3: **clock_gating_default**
4: **in2reg_default**
5: **reg2out_default**
6: **in2out_default**
7: clk

-------------------------------------------------------------------------------------------------------------------------------------------------------------
PATHGROUP QOR 
-------------------------------------------------------------------------------------------------------------------------------------------------------------
Scene  PG      WNS        TNS    NSV      WHV        THV    NHV
    2   1   0.0000     0.0000      0        -          -      -
    2   2   0.0000     0.0000      0        -          -      -
    2   3   0.0000     0.0000      0        -          -      -
    2   4   0.0000     0.0000      0        -          -      -
    2   5   0.0000     0.0000      0        -          -      -
    2   6   0.0000     0.0000      0        -          -      -
    2   7   0.0000     0.0000      0        -          -      -
    3   1   0.0000     0.0000      0        -          -      -
    3   2   0.0000     0.0000      0        -          -      -
    3   3   0.0000     0.0000      0        -          -      -
    3   4   0.0000     0.0000      0        -          -      -
    3   5   0.0000     0.0000      0        -          -      -
    3   6   0.0000     0.0000      0        -          -      -
    3   7   0.0000     0.0000      0        -          -      -
    5   1   0.0000     0.0000      0        -          -      -
    5   2   0.0000     0.0000      0        -          -      -
    5   3   0.0000     0.0000      0        -          -      -
    5   4   0.0000     0.0000      0        -          -      -
    5   5   0.0000     0.0000      0        -          -      -
    5   6   0.0000     0.0000      0        -          -      -
    5   7   0.0000     0.0000      0        -          -      -
    6   1   0.0000     0.0000      0        -          -      -
    6   2   0.0000     0.0000      0        -          -      -
    6   3   0.0000     0.0000      0        -          -      -
    6   4   0.0000     0.0000      0        -          -      -
    6   5   0.0000     0.0000      0        -          -      -
    6   6   0.0000     0.0000      0        -          -      -
    6   7   0.0000     0.0000      0        -          -      -
----------------------------------------------------------------------------------------------------------------------------------------------------------------------
SCENARIO QOR 
----------------------------------------------------------------------------------------------------------------------------------------------------------------------
Scene  PG      WNS        TNS   R2RTNS    NSV      WHV        THV    NHV  MaxTrnV   MaxTranC  MaxCapV    Leakage     CellEMV
    1   *        -          -        -      -        -          -      -        -          -        0          -           0
    2   *   0.0000     0.0000   0.0000      0        -          -      -        0     0.0000        -  13849.002           0
    3   *   0.0000     0.0000   0.0000      0        -          -      -        0     0.0000        0 279480.500           0
    4   *        -          -        -      -        -          -      -        -          -        0          -           0
    5   *   0.0000     0.0000   0.0000      0        -          -      -        0     0.0000        -  13849.002           0
    6   *   0.0000     0.0000   0.0000      0        -          -      -        0     0.0000        0 279480.500           0
----------------------------------------------------------------------------------------------------------------------------------------------------------------------
DESIGN QOR 
----------------------------------------------------------------------------------------------------------------------------------------------------------------------
Scene  PG      WNS        TNS   R2RTNS    NSV      WHV        THV    NHV  MaxTrnV   MaxTranC  MaxCapV    Leakage         Area    InstCnt     BufCnt     InvCnt     CellEMV
    *   *   0.0000     0.0000   0.0000      0   0.0000     0.0000      0        0     0.0000        0 279480.500       926.20       1300         13         75           0
----------------------------------------------------------------------------------------------------------------------------------------------------------------------

Compile-fusion final QoR Summary         WNS        TNS   R2RTNS    NSV      WHV        THV    NHV  MaxTrnV  MaxCapV    Leakage         Area    InstCnt
Compile-fusion final QoR Summary      0.0000     0.0000   0.0000      0   0.0000     0.0000      0        0        0 279480.500       926.20       1300

Compile-fusion command complete                CPU:   424 s (  0.12 hr )  ELAPSE:   139 s (  0.04 hr )  MEM-PEAK:  1737 MB
Compile-fusion command statistics  CPU=115 sec (0.03 hr) ELAPSED=30 sec (0.01 hr) MEM-PEAK=1.696 GB
[Tim-Power] Info: Cleared Leakage libCell cache.

Scenario Normal_Typical is cellEm
Scenario PowerSave_Typical is cellEm
Info: update em.
Information: Activity propagation will be performed for scenario Normal_Fast.
Information: Doing activity propagation for mode 'Normal' and corner 'Fast' with effort level 'medium'. (POW-024)
Information: Timer-derived activity data is cached on scenario Normal_Fast (POW-052)
Information: Running switching activity propagation with 12 threads!

 **** Information : No. of simulation cycles = 6 ****
Information: Propagated activity on scenario Normal_Slow identical to that on Normal_Fast (POW-006)
Information: Propagated activity on scenario Normal_Typical identical to that on Normal_Fast (POW-006)
Information: Activity propagation will be performed for scenario PowerSave_Fast.
Information: Doing activity propagation for mode 'PowerSave' and corner 'Fast' with effort level 'medium'. (POW-024)
Information: Timer-derived activity data is cached on scenario PowerSave_Fast (POW-052)
Information: Running switching activity propagation with 12 threads!

 **** Information : No. of simulation cycles = 6 ****
Information: Propagated activity on scenario PowerSave_Slow identical to that on PowerSave_Fast (POW-006)
Information: Propagated activity on scenario PowerSave_Typical identical to that on PowerSave_Fast (POW-006)
Information: Activity for scenario Normal_Fast was cached, no propagation required. (POW-005)
Information: Activity for scenario Normal_Slow was cached, no propagation required. (POW-005)
Information: Activity for scenario Normal_Typical was cached, no propagation required. (POW-005)
Information: Activity for scenario PowerSave_Fast was cached, no propagation required. (POW-005)
Information: Activity for scenario PowerSave_Slow was cached, no propagation required. (POW-005)
Information: Activity for scenario PowerSave_Typical was cached, no propagation required. (POW-005)
CTS Cell EM initialization finished
Scenario Normal_Typical is cellEm
Scenario PowerSave_Typical is cellEm
Info: update em.
Information: Activity for scenario Normal_Fast was cached, no propagation required. (POW-005)
Information: Activity for scenario Normal_Slow was cached, no propagation required. (POW-005)
Information: Activity for scenario Normal_Typical was cached, no propagation required. (POW-005)
Information: Activity for scenario PowerSave_Fast was cached, no propagation required. (POW-005)
CTS Cell EM initialization finished
Warning: No clock routing rules were specified. Use set_clock_routing_rules to specify routing rules for accurate clock latency estimation. (OPT-902)
Warning: No clock routing rules were specified. Use set_clock_routing_rules to specify routing rules for accurate clock latency estimation. (OPT-902)
Information: Estimating clock gate latencies for scenario 'PowerSave_Typical'. (OPT-909)
Warning: No clock routing rules were specified. Use set_clock_routing_rules to specify routing rules for accurate clock latency estimation. (OPT-902)
Information: Estimating clock gate latencies for scenario 'PowerSave_Slow'. (OPT-909)
Warning: No clock routing rules were specified. Use set_clock_routing_rules to specify routing rules for accurate clock latency estimation. (OPT-902)
Information: Estimating clock gate latencies for scenario 'PowerSave_Fast'. (OPT-909)
Warning: No clock routing rules were specified. Use set_clock_routing_rules to specify routing rules for accurate clock latency estimation. (OPT-902)
Information: Estimating clock gate latencies for scenario 'Normal_Typical'. (OPT-909)
Warning: No clock routing rules were specified. Use set_clock_routing_rules to specify routing rules for accurate clock latency estimation. (OPT-902)
Information: Estimating clock gate latencies for scenario 'Normal_Slow'. (OPT-909)
Warning: No clock routing rules were specified. Use set_clock_routing_rules to specify routing rules for accurate clock latency estimation. (OPT-902)
Information: Estimating clock gate latencies for scenario 'Normal_Fast'. (OPT-909)
Information: 2 out of 12 POW-005 messages were not printed due to limit 10 (after 'compile_fusion' at task3_base.tcl:43) (MSG-3913)
[Tim-Power] Info: Cleared Leakage libCell cache.
Information: Summary of UPF Cells (UPF-532)
*******************************************************************************
                            Summary of UPF Cells                               
*******************************************************************************
This is NOT a UPF design.
UPF is NOT loaded.
UPF is NOT committed.
-------------------------------------------------------------------------------
*******************************************************************************
                        End of Summary of UPF Cells                            
*******************************************************************************
Information: Ending   compile_fusion / initial_opto (FLW-8001)
Information: Time: 2025-06-11 00:23:43 / Session:  00:02:22 / Command:  00:02:14 / CPU:  00:07:14 / Memory: 1737 MB (FLW-8100)
Information: CPU Load: 26%, Ram Free: 44 GB, Swap Free: 1 GB, Work Disk Free: 308 GB, Tmp Disk Free: 308 GB (MSG-3995)

Information: >>>>>>> 10 unique error and warning message tags while observing compile_fusion / initial_opto: (MSG-3100)
Information: #prnt #trgr #lmt    Tag  Level     Format (or last printed message)                                (MSG-3036)
Information:     1     1  0 DFT-1991  WARNING   Warning: SCANDEF based Optimization skipped: No ScanDEF chai... (MSG-3032)
Information:    19    19  0 FLW-2892  WARNING   Warning: Restoring scoped app option 'opt.internal.levfilter... (MSG-3032)
Information:     3     1  0 ZRT-511   WARNING   Warning: Cell contains tie connections which are not connect... (MSG-3032)
Information:    15     5  0 ZRT-026   WARNING   Warning: Layer MRDL default pitch 4.000 may be too small to ... (MSG-3032)
Information:    10    10  0 ZRT-720   WARNING   Warning: Port  VSS at {{33.850,29.353} {36.080,29.447}} is o... (MSG-3032)
Information:     3     1  0 ZRT-763   WARNING   Warning: Cell dut_input_channel_control_0_INST/in_data_arb_r... (MSG-3032)
Information:     7     7  0 OPT-070   WARNING   Warning: Cannot find any max transition constraint on the de... (MSG-3032)
Information:     3     3  0 OPT-035   WARNING   Warning: Power app option opt.power.effort has been deprecat... (MSG-3032)
Information:   104    28  0 OPT-902   WARNING   Warning: No clock routing rules were specified. Use set_cloc... (MSG-3032)
Information:    40    35  5 LGL-050   WARNING   Warning: Library cell saed14rvt_c_physical_only:SAEDRVT14_AO... (MSG-3032)
Information:   205   110  1       10  <------   Total sum of messages (MSG-3038)
Information: >>>>>>> Summary: 110 error&warning MSGs observed during compile_fusion / initial_opto (MSG-3103)

INFO: compile_fusion is running in balanced flow mode
Warning: Cannot find any max transition constraint on the design. (OPT-070)
Warning: Power app option opt.power.effort has been deprecated. Please remove it from your script. (OPT-035)
INFO: Leakage Power Aware Optimization Enabled
Information: The automatic clock gate timing flow is activated. Clock latencies set on clock gate cells will be automatically adjusted by an estimate for latency. (CGT-4005)
INFO: EarlyGR flow is not enabled.
.INFO: disable CRPR-based timing. 
Number of Site types in the design = 1
Setting up Chip Core
Chip Core shape: (0 0) (360380 360000)
Number of VARs = 1
Number of unique PDs = 1
Number of Power Domains = 1
Number of Voltage Areas = 1
Number of supply Nets = 2
Number of used supplies = 0
Blocked VAs: 

----------------------------------------------------------------------------------------------------------
Information: Starting compile_fusion / final_place (FLW-8000)
Information: Time: 2025-06-11 00:23:44 / Session:  00:02:23 / Command:  00:02:15 / CPU:  00:07:14 / Memory: 1737 MB (FLW-8100)
Information: CPU Load: 26%, Ram Free: 44 GB, Swap Free: 1 GB, Work Disk Free: 308 GB, Tmp Disk Free: 308 GB (MSG-3995)
----------------------------------------------------------------------------------------------------------



Compile-fusion optimization summary            SETUP-COST    R2R-COST HOLD-COST LDRC-COST          AREA     LEAKAGE     INSTCNT            ELAPSE       MEM
Compile-fusion optimization Phase 4 Iter  1          0.00        0.00         -         -        926.20   277967.25        1300              0.04      1737


Information: Starting compile_fusion / final_place / Optimization (FLW-8000)
Information: Time: 2025-06-11 00:23:44 / Session:  00:02:23 / Command:  00:02:15 / CPU:  00:07:16 / Memory: 1737 MB (FLW-8100)
Information: CPU Load: 26%, Ram Free: 44 GB, Swap Free: 1 GB, Work Disk Free: 308 GB, Tmp Disk Free: 308 GB (MSG-3995)

Compile-fusion command begin                   CPU:   445 s (  0.12 hr )  ELAPSE:   143 s (  0.04 hr )  MEM-PEAK:  1737 MB
Warning: Cannot find any max transition constraint on the design. (OPT-070)
Info: update em.

Compile-fusion timing update complete          CPU:   445 s (  0.12 hr )  ELAPSE:   143 s (  0.04 hr )  MEM-PEAK:  1737 MB

Compile-fusion initial QoR
__________________________
Scenario Mapping Table
1: Normal_Fast
2: Normal_Slow
3: Normal_Typical
4: PowerSave_Fast
5: PowerSave_Slow
6: PowerSave_Typical

Pathgroup Mapping Table
1: **default**
2: **async_default**
3: **clock_gating_default**
4: **in2reg_default**
5: **reg2out_default**
6: **in2out_default**
7: clk

-------------------------------------------------------------------------------------------------------------------------------------------------------------
PATHGROUP QOR 
-------------------------------------------------------------------------------------------------------------------------------------------------------------
Scene  PG      WNS        TNS    NSV      WHV        THV    NHV
    2   1   0.0000     0.0000      0        -          -      -
    2   2   0.0000     0.0000      0        -          -      -
    2   3   0.0000     0.0000      0        -          -      -
    2   4   0.0000     0.0000      0        -          -      -
    2   5   0.0000     0.0000      0        -          -      -
    2   6   0.0000     0.0000      0        -          -      -
    2   7   0.0000     0.0000      0        -          -      -
    3   1   0.0000     0.0000      0        -          -      -
    3   2   0.0000     0.0000      0        -          -      -
    3   3   0.0000     0.0000      0        -          -      -
    3   4   0.0000     0.0000      0        -          -      -
    3   5   0.0000     0.0000      0        -          -      -
    3   6   0.0000     0.0000      0        -          -      -
    3   7   0.0000     0.0000      0        -          -      -
    5   1   0.0000     0.0000      0        -          -      -
    5   2   0.0000     0.0000      0        -          -      -
    5   3   0.0000     0.0000      0        -          -      -
    5   4   0.0000     0.0000      0        -          -      -
    5   5   0.0000     0.0000      0        -          -      -
    5   6   0.0000     0.0000      0        -          -      -
    5   7   0.0000     0.0000      0        -          -      -
    6   1   0.0000     0.0000      0        -          -      -
    6   2   0.0000     0.0000      0        -          -      -
    6   3   0.0000     0.0000      0        -          -      -
    6   4   0.0000     0.0000      0        -          -      -
    6   5   0.0000     0.0000      0        -          -      -
    6   6   0.0000     0.0000      0        -          -      -
    6   7   0.0000     0.0000      0        -          -      -
----------------------------------------------------------------------------------------------------------------------------------------------------------------------
SCENARIO QOR 
----------------------------------------------------------------------------------------------------------------------------------------------------------------------
Scene  PG      WNS        TNS   R2RTNS    NSV      WHV        THV    NHV  MaxTrnV   MaxTranC  MaxCapV    Leakage     CellEMV
    1   *        -          -        -      -        -          -      -        -          -        0          -           0
    2   *   0.0000     0.0000   0.0000      0        -          -      -        0     0.0000        -  14002.360           0
    3   *   0.0000     0.0000   0.0000      0        -          -      -        0     0.0000        0 277967.250           0
    4   *        -          -        -      -        -          -      -        -          -        0          -           0
    5   *   0.0000     0.0000   0.0000      0        -          -      -        0     0.0000        -  14002.360           0
    6   *   0.0000     0.0000   0.0000      0        -          -      -        0     0.0000        0 277967.250           0
----------------------------------------------------------------------------------------------------------------------------------------------------------------------
DESIGN QOR 
----------------------------------------------------------------------------------------------------------------------------------------------------------------------
Scene  PG      WNS        TNS   R2RTNS    NSV      WHV        THV    NHV  MaxTrnV   MaxTranC  MaxCapV    Leakage         Area    InstCnt     BufCnt     InvCnt     CellEMV
    *   *   0.0000     0.0000   0.0000      0   0.0000     0.0000      0        0     0.0000        0 277967.250       926.20       1300         13         75           0
----------------------------------------------------------------------------------------------------------------------------------------------------------------------

Compile-fusion initial QoR Summary       WNS        TNS   R2RTNS    NSV      WHV        THV    NHV  MaxTrnV  MaxCapV    Leakage         Area    InstCnt
Compile-fusion initial QoR Summary    0.0000     0.0000   0.0000      0   0.0000     0.0000      0        0        0 277967.250       926.20       1300
Information: The netlist change observers are disabled for incremental extraction. (TIM-126)
INFO: using 12 threads
Compile-fusion initialization complete         CPU:   460 s (  0.13 hr )  ELAPSE:   145 s (  0.04 hr )  MEM-PEAK:  1737 MB
Compile-fusion optimization summary            SETUP-COST    R2R-COST HOLD-COST LDRC-COST          AREA     LEAKAGE     INSTCNT            ELAPSE       MEM
Warning: Cannot find any max transition constraint on the design. (OPT-070)
Information: The netlist change observers are enabled for incremental extraction. (TIM-127)

Information: Initializing classic cellmap without advanced rules enabled and without PDC enabled
Information: The following app options are used in cellmap
        place.legalize.enable_color_aware_placement : false
        place.legalize.use_nll_query_cm : false
        place.legalize.enable_advanced_legalizer : false
        place.legalize.enable_prerouted_net_check : false
        place.legalize.enable_advanced_prerouted_net_check : false
        place.legalize.always_continue : true
        place.legalize.limit_legality_checks : false
        place.common.pnet_aware_density : 1.0000
        place.common.pnet_aware_min_width : 0.0000
        place.common.pnet_aware_layers : {}
        place.common.use_placement_model : false
        place.common.enable_advanced_placement_model : true
        cts.placement.cell_spacing_rule_style : maximum
Warning: Library cell saed14rvt_ff0p88v125c:SAEDRVT14_ISOFSDPQ_PECO_8.frame is missing supply pins. Its power structure cannot be determined. (LGL-050)
Warning: Library cell saed14rvt_ff0p88v125c:SAEDRVT14_DCAP_PV1ECO_12.frame is missing supply pins. Its power structure cannot be determined. (LGL-050)
Warning: Library cell saed14rvt_c_physical_only:SAEDRVT14_AOLVLUBUFE0_IY2V1_1.frame is missing supply pins. Its power structure cannot be determined. (LGL-050)
Warning: Library cell saed14rvt_c_physical_only:SAEDRVT14_AOLVLUBUFE0_IY2V1_10.frame is missing supply pins. Its power structure cannot be determined. (LGL-050)
Warning: Library cell saed14rvt_c_physical_only:SAEDRVT14_AOLVLUBUFE0_IY2V1_12.frame is missing supply pins. Its power structure cannot be determined. (LGL-050)
Total 0.0581 seconds to build cellmap data
INFO: creating 20(r) x 21(c) GridCells YDim 1.8 XDim 1.8
INFO: number of GridCells (0xbb396a80): 420
INFO: creating 20(r) x 21(c) GridCells YDim 1.8 XDim 1.8
INFO: number of GridCells (0xbb396a80): 420
Total 0.0139 seconds to load 1300 cell instances into cellmap, 17 cells are off site row
Moveable cells: 1300; Application fixed cells: 0; Macro cells: 0; User fixed cells: 0
Average cell width 1.1874, cell height 0.6000, cell area 0.7125 for total 1300 placed and application fixed cells
Compile-fusion optimization Phase 8 Iter  1          0.00        0.00      0.00         0        926.20   277967.25        1300              0.04      1737
Corner Scaling is off, multiplier is 1.000000
Corner Scaling is off, multiplier is 1.000000
Using default layer M4
new cutoff lpd: 3.06118e-07
corner scaling: maxCornerId = 3
corner=Fast, tran factor=0.837270 (0.028178 / 0.033655)
corner=Typical, tran factor=0.944434 (0.031785 / 0.033655)
corner=Slow, tran factor=1.000000 (0.033655 / 0.033655)
bmap: stepx = stepy = 30000
creating bmap
DB units per micron : 10000
INFO: New Levelizer turned on
Compile-fusion optimization Phase 8 Iter  2          0.00        0.00      0.00         0        926.20   277967.25        1300              0.04      1737
Information: 123 out of 128 LGL-050 messages were not printed due to limit 5 (after 'compile_fusion' at task3_base.tcl:43) (MSG-3913)

Compile-fusion optimization Phase 9 Iter  1          0.00        0.00      0.00         0        926.20   277967.25        1300              0.04      1737

Information: Ending   compile_fusion / final_place / Optimization (FLW-8001)
Information: Time: 2025-06-11 00:23:48 / Session:  00:02:27 / Command:  00:02:19 / CPU:  00:07:40 / Memory: 1737 MB (FLW-8100)
Information: CPU Load: 25%, Ram Free: 44 GB, Swap Free: 1 GB, Work Disk Free: 308 GB, Tmp Disk Free: 308 GB (MSG-3995)

Information: Starting compile_fusion / final_place / Timing and Congestion Driven Placement with Legalization (FLW-8000)
Information: Time: 2025-06-11 00:23:48 / Session:  00:02:27 / Command:  00:02:19 / CPU:  00:07:40 / Memory: 1737 MB (FLW-8100)
Information: CPU Load: 25%, Ram Free: 44 GB, Swap Free: 1 GB, Work Disk Free: 308 GB, Tmp Disk Free: 308 GB (MSG-3995)
Compile-fusion optimization Phase 11 Iter  1         0.00        0.00      0.00         0        926.20   277967.25        1300              0.04      1737
Running final (timing-driven) placement step.
----------------------------------------------------------------
Running congestion-aware direct-timing-driven placement
Start Timing-driven placement
Information: Disabling integrated legalization, because it requires that the advanced legalizer is enabled.
Start transferring placement data.
Warning: To enable pin track alignment feature, the advanced legalizer has to be turned on using app option "place.legalize.enable_advanced_legalizer".
Warning: Pin track alignment feature will be disabled in this run
Information: Initializing classic cellmap without advanced rules enabled and without PDC enabled
Information: The following app options are used in cellmap
        place.legalize.enable_color_aware_placement : false
        place.legalize.use_nll_query_cm : false
        place.legalize.enable_advanced_legalizer : false
        place.legalize.enable_prerouted_net_check : true
        place.legalize.enable_advanced_prerouted_net_check : false
        place.legalize.always_continue : true
        place.legalize.limit_legality_checks : false
        place.common.pnet_aware_density : 1.0000
        place.common.pnet_aware_min_width : 0.0000
        place.common.pnet_aware_layers : {}
        place.common.use_placement_model : false
        place.common.enable_advanced_placement_model : true
        cts.placement.cell_spacing_rule_style : maximum
Warning: Library cell saed14rvt_ff0p88v125c:SAEDRVT14_ISOFSDPQ_PECO_8.frame is missing supply pins. Its power structure cannot be determined. (LGL-050)
Warning: Library cell saed14rvt_ff0p88v125c:SAEDRVT14_DCAP_PV1ECO_12.frame is missing supply pins. Its power structure cannot be determined. (LGL-050)
Warning: Library cell saed14rvt_c_physical_only:SAEDRVT14_AOLVLUBUFE0_IY2V1_1.frame is missing supply pins. Its power structure cannot be determined. (LGL-050)
Warning: Library cell saed14rvt_c_physical_only:SAEDRVT14_AOLVLUBUFE0_IY2V1_10.frame is missing supply pins. Its power structure cannot be determined. (LGL-050)
Warning: Library cell saed14rvt_c_physical_only:SAEDRVT14_AOLVLUBUFE0_IY2V1_12.frame is missing supply pins. Its power structure cannot be determined. (LGL-050)
Total 0.0579 seconds to build cellmap data
Snapped 1300 standard cells to the nearest cellrow to improve the accuracy of congestion analysis. 17 cells remain unaligned.
Start Global Route ... 
[Init] Elapsed real time: 0:00:00 
[Init] Elapsed cpu  time: sys=0:00:00 usr=0:00:00 total=0:00:00
[Init] Stage (MB): Used    0  Alloctr    0  Proc    0 
[Init] Total (MB): Used    7  Alloctr    8  Proc 6453 
Printing options for 'route.common.*'

Printing options for 'route.global.*'
global.deterministic                                    :	 on                  
global.timing_driven                                    :	 false               

Begin global routing.
Cell Min-Routing-Layer = M1
Cell Max-Routing-Layer = MRDL
Turn off antenna since no rule is specified
Information: Option route.detail.force_end_on_preferred_grid will be ignored since none of the layers have preferred grid. (ZRT-703)
Skipping 1 internal pins that are not physical. Set route.common.verbose_level to > 0 and run routing command to get skipped pin names.
Info: number of net_type_blockage: 0 
Information: Via ladder engine would be activated for pattern must join connection in certain commands. Please refer to man-page for the command list. (ZRT-619)
Warning: Port  VDD at {{29.040,-0.047} {31.270,0.047}} is out of boundary. Cannot be routed. (ZRT-720)
Warning: Port  VDD at {{26.894,-0.047} {29.124,0.047}} is out of boundary. Cannot be routed. (ZRT-720)
Warning: Port  VDD at {{24.748,-0.047} {26.978,0.047}} is out of boundary. Cannot be routed. (ZRT-720)
Warning: Port  VDD at {{22.602,-0.047} {24.832,0.047}} is out of boundary. Cannot be routed. (ZRT-720)
Warning: Port  VDD at {{20.456,-0.047} {22.686,0.047}} is out of boundary. Cannot be routed. (ZRT-720)
Warning: Port  VDD at {{18.310,-0.047} {20.540,0.047}} is out of boundary. Cannot be routed. (ZRT-720)
Warning: Port  VDD at {{16.090,-0.047} {18.320,0.047}} is out of boundary. Cannot be routed. (ZRT-720)
Warning: Port  VDD at {{33.850,32.353} {36.080,32.447}} is out of boundary. Cannot be routed. (ZRT-720)
Warning: Port  VSS at {{33.850,31.753} {36.080,31.847}} is out of boundary. Cannot be routed. (ZRT-720)
Warning: Port  VDD at {{33.850,29.953} {36.080,30.047}} is out of boundary. Cannot be routed. (ZRT-720)
Skipping 167 ectangle_only route guides because they don't cover the design boundary in the layer's  preferred direction.
Via on layer (VIA4) needs more than one tracks
Warning: Layer M4 default pitch 0.100 may be too small to handle up/down via. Note, that minimum requirements are "wire/via-down 0.100" & "wire/via-up 0.122". (ZRT-026)
Via on layer (VIA7) needs more than one tracks
Warning: Layer M7 default pitch 0.100 may be too small to handle up/down via. Note, that minimum requirements are "wire/via-down 0.100" & "wire/via-up 0.105". (ZRT-026)
Wire on layer (M8) needs more than one tracks
Via on layer (VIA7) needs more than one tracks
Via on layer (VIA8) needs more than one tracks
Warning: Layer M8 default pitch 0.100 may be too small to handle up/down via. Note, that minimum requirements are "wire/via-down 0.105" & "wire/via-up 0.135". (ZRT-026)
Wire on layer (M9) needs more than one tracks
Via on layer (VIA8) needs more than one tracks
Via on layer (VIARDL) needs more than one tracks
Warning: Layer M9 default pitch 0.100 may be too small to handle up/down via. Note, that minimum requirements are "wire/via-down 0.135" & "wire/via-up 1.570". (ZRT-026)
Via on layer (VIARDL) needs more than one tracks
Warning: Layer MRDL default pitch 4.000 may be too small to handle up/down via. Note, that minimum requirements are "wire/via-down 4.500" & "wire/via-up 4.000". (ZRT-026)
Transition layer name: M7(6)
Transition layer name: M8(7)
Information: When applicable Min-max layer allow_pin_connection mode will allow paths of length 0.90 outside the layer range. (ZRT-707)
Information: When applicable Min-max layer allow_pin_connection mode will allow paths of length 0.90 outside the layer range on clock nets. (ZRT-718)
Information: When applicable layer based tapering will taper up to 0.00 in distance from the pin. (ZRT-706)
Warning: Standard cell pin SAEDRVT14_OA21B_1/X has no valid via regions. (ZRT-044)
Warning: Standard cell pin SAEDRVT14_BUF_ECO_1/A has no valid via regions. (ZRT-044)
Warning: Cell ctmTdsLR_1_1022 is placed overlapping with other cells at {{16.354 4.200} {16.650 4.800}}. (ZRT-763)
Current Stage stats:
[End of Read DB] Elapsed real time: 0:00:00 
[End of Read DB] Elapsed cpu  time: sys=0:00:00 usr=0:00:00 total=0:00:00
[End of Read DB] Stage (MB): Used   33  Alloctr   34  Proc  -32 
[End of Read DB] Total (MB): Used   41  Alloctr   43  Proc 6421 
Constructing data structure ...
Design statistics:
Design Bounding Box (0.00um,0.00um,36.04um,36.00um)
Number of routing layers = 10
layer M1, dir Hor, min width = 0.034um, min space = 0.026um pitch = 0.074um
layer M2, dir Ver, min width = 0.034um, min space = 0.026um pitch = 0.06um
layer M3, dir Hor, min width = 0.034um, min space = 0.026um pitch = 0.074um
layer M4, dir Ver, min width = 0.06um, min space = 0.04um pitch = 0.1um
layer M5, dir Hor, min width = 0.06um, min space = 0.04um pitch = 0.1um
layer M6, dir Ver, min width = 0.06um, min space = 0.04um pitch = 0.1um
layer M7, dir Hor, min width = 0.06um, min space = 0.04um pitch = 0.1um
layer M8, dir Ver, min width = 0.06um, min space = 0.04um pitch = 0.1um
layer M9, dir Hor, min width = 0.06um, min space = 0.04um pitch = 0.1um
layer MRDL, dir Ver, min width = 2um, min space = 2um pitch = 4um
Current Stage stats:
[End of Build Tech Data] Elapsed real time: 0:00:00 
[End of Build Tech Data] Elapsed cpu  time: sys=0:00:00 usr=0:00:00 total=0:00:00
[End of Build Tech Data] Stage (MB): Used    0  Alloctr    0  Proc    0 
[End of Build Tech Data] Total (MB): Used   42  Alloctr   43  Proc 6421 
Net statistics:
Total number of nets     = 1712
Number of nets to route  = 1711
1 nets are fully connected,
 of which 1 are detail routed and 0 are global routed.
Net length statistics: 
Net Count(Ignore Fully Rted) 1711, Total Half Perimeter Wire Length (HPWL) 8895 microns
HPWL   0 ~   50 microns: Net Count     1708	Total HPWL         8732 microns
HPWL  50 ~  100 microns: Net Count        3	Total HPWL          164 microns
HPWL 100 ~  200 microns: Net Count        0	Total HPWL            0 microns
HPWL 200 ~  300 microns: Net Count        0	Total HPWL            0 microns
HPWL 300 ~  400 microns: Net Count        0	Total HPWL            0 microns
HPWL 400 ~  500 microns: Net Count        0	Total HPWL            0 microns
HPWL 500 ~  600 microns: Net Count        0	Total HPWL            0 microns
HPWL 600 ~  700 microns: Net Count        0	Total HPWL            0 microns
HPWL 700 ~  800 microns: Net Count        0	Total HPWL            0 microns
HPWL 800 ~  900 microns: Net Count        0	Total HPWL            0 microns
HPWL 900 ~ 1000 microns: Net Count        0	Total HPWL            0 microns
HPWL     > 1000 microns: Net Count        0	Total HPWL            0 microns
Current Stage stats:
[End of Build All Nets] Elapsed real time: 0:00:00 
[End of Build All Nets] Elapsed cpu  time: sys=0:00:00 usr=0:00:00 total=0:00:00
[End of Build All Nets] Stage (MB): Used    1  Alloctr    1  Proc    0 
[End of Build All Nets] Total (MB): Used   43  Alloctr   45  Proc 6421 
Number of partitions: 1 (1 x 1)
Size of partitions: 60 gCells x 60 gCells
Average gCell capacity  1.83	 on layer (1)	 M1
Average gCell capacity  4.96	 on layer (2)	 M2
Average gCell capacity  8.06	 on layer (3)	 M3
Average gCell capacity  5.98	 on layer (4)	 M4
Average gCell capacity  5.98	 on layer (5)	 M5
Average gCell capacity  5.98	 on layer (6)	 M6
Average gCell capacity  5.98	 on layer (7)	 M7
Average gCell capacity  5.98	 on layer (8)	 M8
Average gCell capacity  5.98	 on layer (9)	 M9
Average gCell capacity  0.13	 on layer (10)	 MRDL
Average number of tracks per gCell 8.12	 on layer (1)	 M1
Average number of tracks per gCell 10.02	 on layer (2)	 M2
Average number of tracks per gCell 8.12	 on layer (3)	 M3
Average number of tracks per gCell 6.02	 on layer (4)	 M4
Average number of tracks per gCell 6.02	 on layer (5)	 M5
Average number of tracks per gCell 6.02	 on layer (6)	 M6
Average number of tracks per gCell 6.02	 on layer (7)	 M7
Average number of tracks per gCell 6.02	 on layer (8)	 M8
Average number of tracks per gCell 6.02	 on layer (9)	 M9
Average number of tracks per gCell 0.17	 on layer (10)	 MRDL
Number of gCells = 36000
Current Stage stats:
[End of Build Congestion Map] Elapsed real time: 0:00:00 
[End of Build Congestion Map] Elapsed cpu  time: sys=0:00:00 usr=0:00:00 total=0:00:00
[End of Build Congestion Map] Stage (MB): Used    1  Alloctr    1  Proc    0 
[End of Build Congestion Map] Total (MB): Used   44  Alloctr   47  Proc 6421 
Number of partitions: 1 (1 x 1)
Size of partitions: 60 gCells x 60 gCells
Current Stage stats:
[End of Add Nets Demand] Elapsed real time: 0:00:00 
[End of Add Nets Demand] Elapsed cpu  time: sys=0:00:00 usr=0:00:00 total=0:00:00
[End of Add Nets Demand] Stage (MB): Used    0  Alloctr    0  Proc    0 
[End of Add Nets Demand] Total (MB): Used   45  Alloctr   47  Proc 6421 
Number of user frozen nets = 0
Total stats:
[End of Build Data] Elapsed real time: 0:00:00 
[End of Build Data] Elapsed cpu  time: sys=0:00:00 usr=0:00:00 total=0:00:00
[End of Build Data] Stage (MB): Used    3  Alloctr    4  Proc    0 
[End of Build Data] Total (MB): Used   45  Alloctr   47  Proc 6421 
Number of partitions: 1 (1 x 1)
Size of partitions: 60 gCells x 60 gCells
Current Stage stats:
[End of Blocked Pin Detection] Elapsed real time: 0:00:00 
[End of Blocked Pin Detection] Elapsed cpu  time: sys=0:00:00 usr=0:00:00 total=0:00:00
[End of Blocked Pin Detection] Stage (MB): Used  104  Alloctr  104  Proc    0 
[End of Blocked Pin Detection] Total (MB): Used  149  Alloctr  151  Proc 6421 
Information: Using 12 threads for routing. (ZRT-444)
Information: Placement fast mode ON
Information: Multiple gcell levels ON
Information: Buffer distance is estimated to be ~271.0000um (451 gCells)

Start GR phase 0
Number of partitions: 1 (1 x 1)
Size of partitions: 60 gCells x 60 gCells
[rtAllBotParts] Elapsed real time: 0:00:00 
[rtAllBotParts] Elapsed cpu  time: sys=0:00:00 usr=0:00:00 total=0:00:00
[rtTop] Elapsed real time: 0:00:00 
[rtTop] Elapsed cpu  time: sys=0:00:00 usr=0:00:00 total=0:00:00
Current Stage stats:
[End of Initial Routing] Elapsed real time: 0:00:00 
[End of Initial Routing] Elapsed cpu  time: sys=0:00:00 usr=0:00:00 total=0:00:00
[End of Initial Routing] Stage (MB): Used    0  Alloctr    0  Proc    0 
[End of Initial Routing] Total (MB): Used  150  Alloctr  152  Proc 6421 
Initial. Routing result:
Initial. Both Dirs: Dmd-Cap  =     0 Max = 0 GRCs =     0 (0.00%)
Initial. H routing: Dmd-Cap  =     0 Max = 0 (GRCs =  0) GRCs =     0 (0.00%)
Initial. V routing: Dmd-Cap  =     0 Max = 0 (GRCs =  0) GRCs =     0 (0.00%)
Initial. Both Dirs: Overflow =   101 Max = 7 GRCs =   108 (1.50%)
Initial. H routing: Overflow =    22 Max = 2 (GRCs =  1) GRCs =    42 (1.17%)
Initial. V routing: Overflow =    78 Max = 7 (GRCs =  2) GRCs =    66 (1.83%)
Initial. M1         Overflow =    13 Max = 1 (GRCs = 13) GRCs =    13 (0.36%)
Initial. M2         Overflow =    78 Max = 7 (GRCs =  2) GRCs =    64 (1.78%)
Initial. M3         Overflow =     9 Max = 2 (GRCs =  1) GRCs =    29 (0.81%)
Initial. M4         Overflow =     0 Max = 1 (GRCs =  2) GRCs =     2 (0.06%)
Initial. M5         Overflow =     0 Max = 0 (GRCs =  0) GRCs =     0 (0.00%)
Initial. M6         Overflow =     0 Max = 0 (GRCs =  0) GRCs =     0 (0.00%)
Initial. M7         Overflow =     0 Max = 0 (GRCs =  0) GRCs =     0 (0.00%)
Initial. M8         Overflow =     0 Max = 0 (GRCs =  0) GRCs =     0 (0.00%)
Initial. M9         Overflow =     0 Max = 0 (GRCs =  0) GRCs =     0 (0.00%)
Initial. MRDL       Overflow =     0 Max = 0 (GRCs =  0) GRCs =     0 (0.00%)

Initial. Total Wire Length = 8669.87
Initial. Layer M1 wire length = 94.71
Initial. Layer M2 wire length = 1633.61
Initial. Layer M3 wire length = 3472.04
Initial. Layer M4 wire length = 3269.55
Initial. Layer M5 wire length = 139.12
Initial. Layer M6 wire length = 60.83
Initial. Layer M7 wire length = 0.00
Initial. Layer M8 wire length = 0.00
Initial. Layer M9 wire length = 0.00
Initial. Layer MRDL wire length = 0.00
Initial. Total Number of Contacts = 9977
Initial. Via VIA1_Base count = 3047
Initial. Via VIA2_Base count = 4609
Initial. Via VIA34SQ_C count = 2271
Initial. Via VIA4SQ count = 44
Initial. Via VIA5SQ_C count = 6
Initial. Via VIA67SQ_C count = 0
Initial. Via VIA78SQ_C count = 0
Initial. Via VIA89_C count = 0
Initial. Via VIA9RDL count = 0
Initial. completed.

Start GR phase 1
Wed Jun 11 00:23:48 2025
Number of partitions: 1 (1 x 1)
Size of partitions: 60 gCells x 60 gCells
[rtAllParts] Elapsed real time: 0:00:00 
[rtAllParts] Elapsed cpu  time: sys=0:00:00 usr=0:00:00 total=0:00:00
Number of partitions: 1 (1 x 1)
Size of partitions: 60 gCells x 60 gCells
[updNetsDmd] Elapsed real time: 0:00:00 
[updNetsDmd] Elapsed cpu  time: sys=0:00:00 usr=0:00:00 total=0:00:00
Current Stage stats:
[End of Phase1 Routing] Elapsed real time: 0:00:00 
[End of Phase1 Routing] Elapsed cpu  time: sys=0:00:00 usr=0:00:00 total=0:00:00
[End of Phase1 Routing] Stage (MB): Used    0  Alloctr    0  Proc    0 
[End of Phase1 Routing] Total (MB): Used  150  Alloctr  152  Proc 6421 
phase1. Routing result:
phase1. Both Dirs: Dmd-Cap  =     0 Max = 0 GRCs =     0 (0.00%)
phase1. H routing: Dmd-Cap  =     0 Max = 0 (GRCs =  0) GRCs =     0 (0.00%)
phase1. V routing: Dmd-Cap  =     0 Max = 0 (GRCs =  0) GRCs =     0 (0.00%)
phase1. Both Dirs: Overflow =    21 Max = 3 GRCs =    22 (0.31%)
phase1. H routing: Overflow =     6 Max = 1 (GRCs =  7) GRCs =     7 (0.19%)
phase1. V routing: Overflow =    14 Max = 3 (GRCs =  1) GRCs =    15 (0.42%)
phase1. M1         Overflow =     6 Max = 1 (GRCs =  7) GRCs =     7 (0.19%)
phase1. M2         Overflow =    14 Max = 3 (GRCs =  1) GRCs =    15 (0.42%)
phase1. M3         Overflow =     0 Max = 0 (GRCs =  0) GRCs =     0 (0.00%)
phase1. M4         Overflow =     0 Max = 0 (GRCs =  0) GRCs =     0 (0.00%)
phase1. M5         Overflow =     0 Max = 0 (GRCs =  0) GRCs =     0 (0.00%)
phase1. M6         Overflow =     0 Max = 0 (GRCs =  0) GRCs =     0 (0.00%)
phase1. M7         Overflow =     0 Max = 0 (GRCs =  0) GRCs =     0 (0.00%)
phase1. M8         Overflow =     0 Max = 0 (GRCs =  0) GRCs =     0 (0.00%)
phase1. M9         Overflow =     0 Max = 0 (GRCs =  0) GRCs =     0 (0.00%)
phase1. MRDL       Overflow =     0 Max = 0 (GRCs =  0) GRCs =     0 (0.00%)

phase1. Total Wire Length = 8693.13
phase1. Layer M1 wire length = 92.92
phase1. Layer M2 wire length = 1616.70
phase1. Layer M3 wire length = 3449.71
phase1. Layer M4 wire length = 3274.25
phase1. Layer M5 wire length = 169.68
phase1. Layer M6 wire length = 89.88
phase1. Layer M7 wire length = 0.00
phase1. Layer M8 wire length = 0.00
phase1. Layer M9 wire length = 0.00
phase1. Layer MRDL wire length = 0.00
phase1. Total Number of Contacts = 10036
phase1. Via VIA1_Base count = 3045
phase1. Via VIA2_Base count = 4608
phase1. Via VIA34SQ_C count = 2313
phase1. Via VIA4SQ count = 60
phase1. Via VIA5SQ_C count = 10
phase1. Via VIA67SQ_C count = 0
phase1. Via VIA78SQ_C count = 0
phase1. Via VIA89_C count = 0
phase1. Via VIA9RDL count = 0
phase1. completed.
[End of Whole Chip Routing] Elapsed real time: 0:00:00 
[End of Whole Chip Routing] Elapsed cpu  time: sys=0:00:00 usr=0:00:00 total=0:00:00
[End of Whole Chip Routing] Stage (MB): Used  108  Alloctr  109  Proc    0 
[End of Whole Chip Routing] Total (MB): Used  150  Alloctr  152  Proc 6421 

Congestion utilization per direction:
Average vertical track utilization   = 13.59 %
Peak    vertical track utilization   = 50.00 %
Average horizontal track utilization =  9.36 %
Peak    horizontal track utilization = 44.44 %

[End of Global Routing] Elapsed real time: 0:00:00 
[End of Global Routing] Elapsed cpu  time: sys=0:00:00 usr=0:00:00 total=0:00:00
[End of Global Routing] Stage (MB): Used  107  Alloctr  108  Proc    0 
[End of Global Routing] Total (MB): Used  149  Alloctr  151  Proc 6421 
Writing out congestion map...
Updating congestion ...
Updating congestion ...
[End of dbOut] Elapsed real time: 0:00:00 
[End of dbOut] Elapsed cpu  time: sys=0:00:00 usr=0:00:00 total=0:00:00
[End of dbOut] Stage (MB): Used  -34  Alloctr  -34  Proc    0 
[End of dbOut] Total (MB): Used   36  Alloctr   37  Proc 6421 
Using per-layer congestion maps for congestion reduction.
Information: 0.11% of design has horizontal routing density above target_routing_density of 0.80.
Information: 0.00% of design has vertical routing density above target_routing_density of 0.80.
Completed transferring placement data.
Running placement using 12 thread(s)
Information: Enhanced Auto Density Control is used. (PLACE-098)
Information: Enhanced auto density configuration is 13179.
Information: Automatic density control has selected the following settings: max_density 0.70, congestion_driven_max_util 0.89. (PLACE-027)
Information: HFW control 'on' invoked.
coarse place 100% done.
Information: Reducing cell density for 0.0% of the movable cells to alleviate congestion. This changes the average cell density in non-congested areas from 0.714 to 0.714. (PLACE-030)
CGRW: permuting timing equivalent pins only
Corner Scaling is off, multiplier is 1.000000
ORB: timingScenario Normal_Slow timingCorner Slow
INFO: Using corner Typical for worst leakage corner
Using default layer M4
new cutoff lpd: 3.06118e-07
corner scaling: maxCornerId = 3
corner=Fast, tran factor=0.837270 (0.028178 / 0.033655)
corner=Typical, tran factor=0.944434 (0.031785 / 0.033655)
corner=Slow, tran factor=1.000000 (0.033655 / 0.033655)
ORB: Nominal = 0.0053925  Design MT = inf  Target = 0.0336550 (6.241 nominal)  MaxRC = 0.022191
ORB: Fast Target = 0.011701 ( 2.170 nominal )
ORB: stageDelay=0.025981, stageLength=1609839
nplLib: default vr hor dist = 322
nplLib: default vr ver dist = 322
nplLib: default vr buf size = 2
nplLib: default vr buf size = 1

Placement Options:
Effort:                        medium_effort       
Timing Driven:                 true                
Buffering Aware Timing Driven: false               
Seed locs:                     true                
Incremental:                   false               
Congestion:                    true                
Congestion Effort:             medium              
Fix Macros:                    true                
Place Macros:                  false               
Channel Size Macros:           false               


Information: Activity for scenario Normal_Fast was cached, no propagation required. (POW-005)
Information: Activity for scenario PowerSave_Typical was cached, no propagation required. (POW-005)
Information: Activity for scenario Normal_Slow was cached, no propagation required. (POW-005)
Information: Activity for scenario Normal_Typical was cached, no propagation required. (POW-005)
Information: Activity for scenario PowerSave_Fast was cached, no propagation required. (POW-005)
Information: Activity for scenario PowerSave_Slow was cached, no propagation required. (POW-005)
****** eLpp estimated wire length 
7.23551% of the net wire length are clock nets
0% of the clock net wire length has no activity
Clock net wire length: 6.72642e+06
Total net wire length: 9.2964e+07
****** eLpp weights (with caps)
Number of nets: 1712, of which 1700 non-clock nets
Number of nets with 0 toggle rate: 23
Max toggle rate = 0.6, average toggle rate = 0.0110147
Max non-clock toggle rate = 0.0490662
eLpp weight range = (0, 39.3278)
Start transferring placement data.
****** Net weight manager: report ******
Weights included: eLpp  PostEffort  
Number of nets with non-default weights: 1712
Amt power = 0.1
Non-default weight range: (0.9, 8.83278)
Information: Automatic repeater spreading is enabled.
Information: Automatic timing control is enabled.
checking app option clockgate_objective_weight : none
DTDP placement: scenario=Normal_Slow
Information: The stitching and editing of coupling caps is turned OFF for design 'dut_toplevel.dlib:dut_toplevel/mcmm_and_logic_opto_full_power.design'. (TIM-125)
Information: The net parasitics of block dut_toplevel are cleared. (TIM-123)
Completed transferring placement data.
Running placement using 12 thread(s)
Information: Enhanced Auto Density Control is used. (PLACE-098)
Information: Enhanced auto density configuration is 13179.
Information: Automatic density control has selected the following settings: max_density 0.70, congestion_driven_max_util 0.89. (PLACE-027)
Information: HFW control 'on' invoked.
coarse place 40% done.
coarse place 60% done.
coarse place 80% done.
coarse place 100% done.
Information: Coarse placer weighted wire length estimate = 1.21168e+08
Information: Extraction observers are detached as design net change threshold is reached.
Warning: No clock routing rules were specified. Use set_clock_routing_rules to specify routing rules for accurate clock latency estimation. (OPT-902)
Warning: No clock routing rules were specified. Use set_clock_routing_rules to specify routing rules for accurate clock latency estimation. (OPT-902)
Information: Estimating clock gate latencies for scenario 'PowerSave_Typical'. (OPT-909)
Warning: No clock routing rules were specified. Use set_clock_routing_rules to specify routing rules for accurate clock latency estimation. (OPT-902)
Information: Estimating clock gate latencies for scenario 'PowerSave_Slow'. (OPT-909)
Warning: No clock routing rules were specified. Use set_clock_routing_rules to specify routing rules for accurate clock latency estimation. (OPT-902)
Information: Estimating clock gate latencies for scenario 'Normal_Typical'. (OPT-909)
Warning: No clock routing rules were specified. Use set_clock_routing_rules to specify routing rules for accurate clock latency estimation. (OPT-902)
Information: Estimating clock gate latencies for scenario 'Normal_Slow'. (OPT-909)
----------------------------------------------------------------
Fixing logic constant
Fixing logic constant
Information: The stitching and editing of coupling caps is turned OFF for design 'dut_toplevel.dlib:dut_toplevel/mcmm_and_logic_opto_full_power.design'. (TIM-125)
Information: Initializing classic cellmap without advanced rules enabled and without PDC enabled
Information: The following app options are used in cellmap
        place.legalize.enable_color_aware_placement : false
        place.legalize.use_nll_query_cm : false
        place.legalize.enable_advanced_legalizer : false
        place.legalize.enable_prerouted_net_check : true
        place.legalize.enable_advanced_prerouted_net_check : false
        place.legalize.always_continue : true
        place.legalize.limit_legality_checks : false
        place.common.pnet_aware_density : 1.0000
        place.common.pnet_aware_min_width : 0.0000
        place.common.pnet_aware_layers : {}
        place.common.use_placement_model : false
        place.common.enable_advanced_placement_model : true
        cts.placement.cell_spacing_rule_style : maximum
Total 0.0572 seconds to build cellmap data
INFO: creating 12(r) x 13(c) GridCells YDim 3 XDim 3
INFO: number of GridCells (0xbfdbbf80): 156
INFO: creating 12(r) x 13(c) GridCells YDim 3 XDim 3
INFO: number of GridCells (0xbfdbbf80): 156
Total 0.0137 seconds to load 1300 cell instances into cellmap, 1300 cells are off site row
Moveable cells: 1300; Application fixed cells: 0; Macro cells: 0; User fixed cells: 0
Average cell width 1.1874, cell height 0.6000, cell area 0.7125 for total 1300 placed and application fixed cells
INFO: total number of constant pins: 667
INFO: constant pins which are scan-pins: 656
INFO: constant pins that are not scan-pins: 11
Completed Timing-driven placement, Elapsed time =   0: 0: 3 
----------------------------------------------------------------
Running legalize_placement
Start Legalization
nplDplc2Placer::setParam(effort,1)
nplDplc2Placer::setParam(debug,0)
nplDplc2Placer::setParam(site_check,2)
nplDplc2Placer::setParam(app_firm_wgt,0)
Warning: Routing direction of metal layer PO is neither "horizontal" nor "vertical".  PDC checks will not be performed on this layer. (PDC-003)
PDC app_options settings =========
	place.legalize.enable_prerouted_net_check: 1
	place.legalize.num_tracks_for_access_check: 1
	place.legalize.use_eol_spacing_for_access_check: 0
	place.legalize.allow_touch_track_for_access_check: 1
	place.legalize.reduce_conservatism_in_eol_check: 0
	place.legalize.preroute_shape_merge_distance: 0.0
	place.legalize.enable_non_preferred_direction_span_check: 0

Layer M1: cached 0 shapes out of 0 total shapes.
Layer M2: cached 0 shapes out of 0 total shapes.
Cached 0 vias out of 0 total vias.

Legalizing Top Level Design dut_toplevel ... 
Information: Initializing classic cellmap without advanced rules enabled and without PDC enabled
Information: The following app options are used in cellmap
        place.legalize.enable_color_aware_placement : false
        place.legalize.use_nll_query_cm : false
        place.legalize.enable_advanced_legalizer : false
        place.legalize.enable_prerouted_net_check : true
        place.legalize.enable_advanced_prerouted_net_check : false
        place.legalize.always_continue : true
        place.legalize.limit_legality_checks : false
        place.common.pnet_aware_density : 1.0000
        place.common.pnet_aware_min_width : 0.0000
        place.common.pnet_aware_layers : {}
        place.common.use_placement_model : false
        place.common.enable_advanced_placement_model : true
        cts.placement.cell_spacing_rule_style : maximum
Total 0.0560 seconds to build cellmap data
Information: Creating classic rule checker.
Warning: Routing direction of metal layer PO is neither "horizontal" nor "vertical".  PDC checks will not be performed on this layer. (PDC-003)
Warning: Library cell "SAEDRVT14_AO21_U_0P5" has width 5940 which is not an integer multiplier of its base site "unit" width 740
=====> Processed 73 ref cells (25 fillers) from library
Warning: There are 1 ref cells where the width or height are not an integer of their associated site def width or height.
Warning: All cell instances associated to those ref cells will be treated as blockage during legalization.
Warning: Cell "DP_OP_33_12155_941_J1/ctmi_381" will be treated as blockage because its library cell "SAEDRVT14_AO21_U_0P5" width/height is not an integer multiplier of its site/row.
Warning: Cell "DP_OP_33_12155_941_J1/ctmi_390" will be treated as blockage because its library cell "SAEDRVT14_AO21_U_0P5" width/height is not an integer multiplier of its site/row.
Warning: Cell "DP_OP_33_12155_941_J1/ctmi_400" will be treated as blockage because its library cell "SAEDRVT14_AO21_U_0P5" width/height is not an integer multiplier of its site/row.
Warning: Cell "DP_OP_33_12155_941_J1/ctmi_411" will be treated as blockage because its library cell "SAEDRVT14_AO21_U_0P5" width/height is not an integer multiplier of its site/row.
Warning: Cell "DP_OP_33_12155_941_J1/ctmi_423" will be treated as blockage because its library cell "SAEDRVT14_AO21_U_0P5" width/height is not an integer multiplier of its site/row.
Warning: Cell "DP_OP_33_12155_941_J1/ctmi_436" will be treated as blockage because its library cell "SAEDRVT14_AO21_U_0P5" width/height is not an integer multiplier of its site/row.
Warning: Cell "DP_OP_33_12155_941_J1/ctmi_450" will be treated as blockage because its library cell "SAEDRVT14_AO21_U_0P5" width/height is not an integer multiplier of its site/row.
Warning: Cell "DP_OP_33_12155_941_J1/ctmi_465" will be treated as blockage because its library cell "SAEDRVT14_AO21_U_0P5" width/height is not an integer multiplier of its site/row.
Warning: Cell "DP_OP_33_12155_941_J1/ctmi_481" will be treated as blockage because its library cell "SAEDRVT14_AO21_U_0P5" width/height is not an integer multiplier of its site/row.
Warning: Cell "DP_OP_33_12155_941_J1/ctmi_498" will be treated as blockage because its library cell "SAEDRVT14_AO21_U_0P5" width/height is not an integer multiplier of its site/row.
Warning: Cell "DP_OP_33_12155_941_J1/ctmi_516" will be treated as blockage because its library cell "SAEDRVT14_AO21_U_0P5" width/height is not an integer multiplier of its site/row.
Warning: Cell "DP_OP_33_12155_941_J1/ctmi_535" will be treated as blockage because its library cell "SAEDRVT14_AO21_U_0P5" width/height is not an integer multiplier of its site/row.
Warning: Cell "DP_OP_33_12155_941_J1/ctmi_555" will be treated as blockage because its library cell "SAEDRVT14_AO21_U_0P5" width/height is not an integer multiplier of its site/row.
Warning: Cell "DP_OP_33_12155_941_J1/ctmi_576" will be treated as blockage because its library cell "SAEDRVT14_AO21_U_0P5" width/height is not an integer multiplier of its site/row.
Warning: Cell "DP_OP_33_12155_941_J1/ctmi_596" will be treated as blockage because its library cell "SAEDRVT14_AO21_U_0P5" width/height is not an integer multiplier of its site/row.
Warning: Cell "DP_OP_33_12155_941_J1/ctmi_737" will be treated as blockage because its library cell "SAEDRVT14_AO21_U_0P5" width/height is not an integer multiplier of its site/row.
Warning: Cell "DP_OP_33_12155_941_J1/ctmi_738" will be treated as blockage because its library cell "SAEDRVT14_AO21_U_0P5" width/height is not an integer multiplier of its site/row.

Bounds/Regions In This Design:
        Area    Num Cells  Exclusive Name
 (square um)
     1297.37         1283        Yes DEFAULT_VA

Starting legalizer.
Warning: Exclusive bound 'DEFAULT' has no cells.
Optimizing Exclusive Bound 'DEFAULT_VA' (2/2)
    Done Exclusive Bound 'DEFAULT_VA' (2/2) (0 sec)
Legalization complete (0 total sec)

****************************************
  Report : Placement Attempts
  Site   : unit
****************************************

number of cells:                   1283
number of references:                73
number of site rows:                 60
number of locations attempted:    30769
number of locations failed:           0  (0.0%)

Legality of references at locations:
0 references had failures.

Legality of references in rows:
0 references had row failures.

****************************************
  Report : Cell Displacements
****************************************

number of cells aggregated:        1283 (20724 total sites)
avg row height over cells:        0.600 um
rms cell displacement:            0.208 um ( 0.35 row height)
rms weighted cell displacement:   0.208 um ( 0.35 row height)
max cell displacement:            0.913 um ( 1.52 row height)
avg cell displacement:            0.179 um ( 0.30 row height)
avg weighted cell displacement:   0.179 um ( 0.30 row height)
number of cells moved:             1277
number of large displacements:        0
large displacement threshold:     3.000 row height

Displacements of worst 10 cells:
Cell: DP_OP_33_12155_941_J1/ctmi_403 (SAEDRVT14_NR2_1)
  Input location: (14.6484,19.74)
  Legal location: (13.912,19.2)
  Displacement:   0.913 um ( 1.52 row height)
Cell: DP_OP_33_12155_941_J1/ctmi_420 (SAEDRVT14_ND2_CDC_1)
  Input location: (17.4936,19.4869)
  Legal location: (18.352,19.2)
  Displacement:   0.905 um ( 1.51 row height)
Cell: ctmi_2095 (SAEDRVT14_ND2_CDC_0P5)
  Input location: (30.6321,0.9159)
  Legal location: (30.636,1.8)
  Displacement:   0.884 um ( 1.47 row height)
Cell: phfnr_buf_864 (SAEDRVT14_INV_S_0P5)
  Input location: (14.3787,12.2829)
  Legal location: (14.356,11.4)
  Displacement:   0.883 um ( 1.47 row height)
Cell: DP_OP_33_12155_941_J1/ctmi_625 (SAEDRVT14_ND2_CDC_1)
  Input location: (25.8223,26.7331)
  Legal location: (25.826,27.6)
  Displacement:   0.867 um ( 1.44 row height)
Cell: HFSBUF_415_912 (SAEDRVT14_BUF_S_0P5)
  Input location: (7.3675,6.3461)
  Legal location: (7.4,7.2)
  Displacement:   0.855 um ( 1.42 row height)
Cell: HFSBUF_3763_907 (SAEDRVT14_BUF_S_0P5)
  Input location: (34.838,27.3478)
  Legal location: (34.854,28.2)
  Displacement:   0.852 um ( 1.42 row height)
Cell: HFSBUF_718_911 (SAEDRVT14_BUF_S_0P75)
  Input location: (5.0632,15.8374)
  Legal location: (5.032,15)
  Displacement:   0.838 um ( 1.40 row height)
Cell: DP_OP_33_12155_941_J1/ctmi_519 (SAEDRVT14_NR2_1)
  Input location: (29.0666,13.9667)
  Legal location: (29.23,13.2)
  Displacement:   0.784 um ( 1.31 row height)
Cell: phfnr_buf_859 (SAEDRVT14_INV_0P5)
  Input location: (13.9694,20.223)
  Legal location: (13.986,21)
  Displacement:   0.777 um ( 1.30 row height)

Information: Extraction observers are detached as design net change threshold is reached.
Completed Legalization, Elapsed time =   0: 0: 0 
Moved 1277 out of 1300 cells, ratio = 0.982308
Total displacement = 288.289703(um)
Max displacement = 1.276400(um), DP_OP_33_12155_941_J1/ctmi_403 (15.018400, 19.740000, 6) => (14.282000, 19.799999, 2)
Displacement histogram:
  0 ~  10% cells displacement <=      0.07(um)
  0 ~  20% cells displacement <=      0.11(um)
  0 ~  30% cells displacement <=      0.14(um)
  0 ~  40% cells displacement <=      0.17(um)
  0 ~  50% cells displacement <=      0.21(um)
  0 ~  60% cells displacement <=      0.24(um)
  0 ~  70% cells displacement <=      0.28(um)
  0 ~  80% cells displacement <=      0.31(um)
  0 ~  90% cells displacement <=      0.38(um)
  0 ~ 100% cells displacement <=      1.28(um)
Information: The net parasitics of block dut_toplevel are cleared. (TIM-123)
Legalization succeeded.
----------------------------------------------------------------
Information: The stitching and editing of coupling caps is turned OFF for design 'dut_toplevel.dlib:dut_toplevel/mcmm_and_logic_opto_full_power.design'. (TIM-125)
Information: Ending   compile_fusion / final_place / Timing and Congestion Driven Placement with Legalization (FLW-8001)
Information: Time: 2025-06-11 00:23:51 / Session:  00:02:30 / Command:  00:02:22 / CPU:  00:07:48 / Memory: 1737 MB (FLW-8100)
Information: CPU Load: 24%, Ram Free: 44 GB, Swap Free: 1 GB, Work Disk Free: 308 GB, Tmp Disk Free: 308 GB (MSG-3995)
Information: 379 out of 384 LGL-050 messages were not printed due to limit 5 (after 'compile_fusion' at task3_base.tcl:43) (MSG-3913)


Compile-fusion optimization complete                 0.00        0.00      0.00         0        926.20   279617.28        1300              0.04      1737
[Tim-Power] Info: Cleared Leakage libCell cache.
Co-efficient Ratio Summary:
4.193421605155  6.578038173730  2.479639287277  7.744187540401  0.485050000353  3.179565833784  5.567214754587  2.894454387461  6.565921217863  9.017937505874  3.121518850933  9.863421129292  6.078253964085  2.744209641123  8.318112104907  9.699225026083
2.464623950064  1.382370221226  9.387184029619  3.142429406669  0.968752789964  6.613180723294  4.146578793224  7.876358918112  2.191135103696  0.963734141094  2.727086493881  3.840442684881  3.750336053169  7.663459142299  6.212208667950  7.759678473967
7.862243056717  0.402387977150  0.032845095897  0.596111512371  4.701287396892  7.205135512169  8.278351398268  1.183725190997  3.334436408244  5.867609731622  7.190580000364  9.669801519102  7.591517347087  7.632107693266  7.679075563326  9.831314288630
1.878805817928  3.230072343539  1.226270037326  7.050450494780  2.403928173631  6.139852544054  4.100210066110  1.274718589655  4.570746653063  5.624878808820  7.843543978678  4.759125038604  5.409157926377  2.609824952834  0.626149038674  6.381676652919
9.187474022495  0.513656796621  5.027570618562  6.119813446103  6.181472312107  1.581675365776  7.486041822107  9.584562469756  2.041727387119  3.921160867338  0.677174307345  9.472440522840  3.368514394994  4.897112849020  6.860146744452  2.000104051691
9.095345907689  2.197041709512  0.915900067443  5.466092308426  8.142690055883  4.607193265224  8.244463794567  3.504870705451  1.682716012888  7.173433718510  9.956258423373  3.617844392024  8.946802637652  1.169960832707  4.529943156262  3.090979409795
5.580726136993  1.131397763510  0.721709625254  7.515947417690  0.649322209371  1.017031043513  5.811519666269  5.826730883342  4.349383292435  0.216216918317  9.639838147527  7.311148302545  0.823649141628  0.356162586693  8.022016069284  2.603132585844
5.024802551363  1.359359521353  5.407563451201  2.804123477518  1.265300052200  0.417760313533  1.833872465081  6.448557737188  4.848373112548  2.936801055033  8.698180849225  4.212397936051  9.007757270112  3.308108478452  5.607478609985  8.514743640423
2.764676979434  9.324216938770  1.551199989997  2.300508202625  0.754685030179  1.961421411696  2.781303341418  3.355375155650  9.437909893602  9.136702642545  9.047995923464  9.978463015558  7.467587734047  3.171275021421  9.815927240044  4.331414637138
0.413524984361  3.309910198619  7.452798206103  1.902827924529  5.623407259547  7.269363008696  3.367403103784  7.093641515702  7.411336156476  6.944246976650  5.256426649102  4.802171267723  3.894531463832  4.531611719342  1.605152157803  8.173730247963

Compile-fusion final QoR
________________________
Scenario Mapping Table
1: Normal_Fast
2: Normal_Slow
3: Normal_Typical
4: PowerSave_Fast
5: PowerSave_Slow
6: PowerSave_Typical

Pathgroup Mapping Table
1: **default**
2: **async_default**
3: **clock_gating_default**
4: **in2reg_default**
5: **reg2out_default**
6: **in2out_default**
7: clk

-------------------------------------------------------------------------------------------------------------------------------------------------------------
PATHGROUP QOR 
-------------------------------------------------------------------------------------------------------------------------------------------------------------
Scene  PG      WNS        TNS    NSV      WHV        THV    NHV
    2   1   0.0000     0.0000      0        -          -      -
    2   2   0.0000     0.0000      0        -          -      -
    2   3   0.0000     0.0000      0        -          -      -
    2   4   0.0000     0.0000      0        -          -      -
    2   5   0.0000     0.0000      0        -          -      -
    2   6   0.0000     0.0000      0        -          -      -
    2   7   0.0000     0.0000      0        -          -      -
    3   1   0.0000     0.0000      0        -          -      -
    3   2   0.0000     0.0000      0        -          -      -
    3   3   0.0000     0.0000      0        -          -      -
    3   4   0.0000     0.0000      0        -          -      -
    3   5   0.0000     0.0000      0        -          -      -
    3   6   0.0000     0.0000      0        -          -      -
    3   7   0.0000     0.0000      0        -          -      -
    5   1   0.0000     0.0000      0        -          -      -
    5   2   0.0000     0.0000      0        -          -      -
    5   3   0.0000     0.0000      0        -          -      -
    5   4   0.0000     0.0000      0        -          -      -
    5   5   0.0000     0.0000      0        -          -      -
    5   6   0.0000     0.0000      0        -          -      -
    5   7   0.0000     0.0000      0        -          -      -
    6   1   0.0000     0.0000      0        -          -      -
    6   2   0.0000     0.0000      0        -          -      -
    6   3   0.0000     0.0000      0        -          -      -
    6   4   0.0000     0.0000      0        -          -      -
    6   5   0.0000     0.0000      0        -          -      -
    6   6   0.0000     0.0000      0        -          -      -
    6   7   0.0000     0.0000      0        -          -      -
----------------------------------------------------------------------------------------------------------------------------------------------------------------------
SCENARIO QOR 
----------------------------------------------------------------------------------------------------------------------------------------------------------------------
Scene  PG      WNS        TNS   R2RTNS    NSV      WHV        THV    NHV  MaxTrnV   MaxTranC  MaxCapV    Leakage     CellEMV
    1   *        -          -        -      -        -          -      -        -          -        0          -           0
    2   *   0.0000     0.0000   0.0000      0        -          -      -        0     0.0000        -  13850.945           0
    3   *   0.0000     0.0000   0.0000      0        -          -      -        0     0.0000        0 279617.281           0
    4   *        -          -        -      -        -          -      -        -          -        0          -           0
    5   *   0.0000     0.0000   0.0000      0        -          -      -        0     0.0000        -  13850.945           0
    6   *   0.0000     0.0000   0.0000      0        -          -      -        0     0.0000        0 279617.281           0
----------------------------------------------------------------------------------------------------------------------------------------------------------------------
DESIGN QOR 
----------------------------------------------------------------------------------------------------------------------------------------------------------------------
Scene  PG      WNS        TNS   R2RTNS    NSV      WHV        THV    NHV  MaxTrnV   MaxTranC  MaxCapV    Leakage         Area    InstCnt     BufCnt     InvCnt     CellEMV
    *   *   0.0000     0.0000   0.0000      0   0.0000     0.0000      0        0     0.0000        0 279617.281       926.20       1300         13         75           0
----------------------------------------------------------------------------------------------------------------------------------------------------------------------

Compile-fusion final QoR Summary         WNS        TNS   R2RTNS    NSV      WHV        THV    NHV  MaxTrnV  MaxCapV    Leakage         Area    InstCnt
Compile-fusion final QoR Summary      0.0000     0.0000   0.0000      0   0.0000     0.0000      0        0        0 279617.281       926.20       1300

Compile-fusion command complete                CPU:   478 s (  0.13 hr )  ELAPSE:   152 s (  0.04 hr )  MEM-PEAK:  1737 MB
Compile-fusion command statistics  CPU=33 sec (0.01 hr) ELAPSED=9 sec (0.00 hr) MEM-PEAK=1.696 GB
[Tim-Power] Info: Cleared Leakage libCell cache.

Information: Ending   compile_fusion / final_place (FLW-8001)
Information: Time: 2025-06-11 00:23:52 / Session:  00:02:31 / Command:  00:02:24 / CPU:  00:07:49 / Memory: 1737 MB (FLW-8100)
Information: CPU Load: 24%, Ram Free: 44 GB, Swap Free: 1 GB, Work Disk Free: 308 GB, Tmp Disk Free: 308 GB (MSG-3995)

Information: >>>>>>> 7 unique error and warning message tags while observing compile_fusion / final_place: (MSG-3100)
Information: #prnt #trgr #lmt    Tag  Level     Format (or last printed message)                                (MSG-3036)
Information:    20     5  0 ZRT-026   WARNING   Warning: Layer MRDL default pitch 4.000 may be too small to ... (MSG-3032)
Information:     2     2  0 PDC-003   WARNING   Warning: Routing direction of metal layer PO is neither "hor... (MSG-3032)
Information:    20    10  0 ZRT-720   WARNING   Warning: Port  VDD at {{33.850,29.953} {36.080,30.047}} is o... (MSG-3032)
Information:     4     1  0 ZRT-763   WARNING   Warning: Cell ctmTdsLR_1_1022 is placed overlapping with oth... (MSG-3032)
Information:    10     2  0 OPT-070   WARNING   Warning: Cannot find any max transition constraint on the de... (MSG-3032)
Information:   109     2  0 OPT-902   WARNING   Warning: No clock routing rules were specified. Use set_cloc... (MSG-3032)
Information:    50    10  5 LGL-050   WARNING   Warning: Library cell saed14rvt_c_physical_only:SAEDRVT14_AO... (MSG-3032)
Information:   215    32  1        7  <------   Total sum of messages (MSG-3038)
Information: >>>>>>> Summary: 32 error&warning MSGs observed during compile_fusion / final_place (MSG-3103)


----------------------------------------------------------------------------------------------------------
Information: Starting compile_fusion / final_opto (FLW-8000)
Information: Time: 2025-06-11 00:23:52 / Session:  00:02:31 / Command:  00:02:24 / CPU:  00:07:49 / Memory: 1737 MB (FLW-8100)
Information: CPU Load: 24%, Ram Free: 44 GB, Swap Free: 1 GB, Work Disk Free: 308 GB, Tmp Disk Free: 308 GB (MSG-3995)
----------------------------------------------------------------------------------------------------------

Scenario Normal_Typical is cellEm
Scenario PowerSave_Typical is cellEm
Info: update em.
Information: Activity propagation will be performed for scenario Normal_Fast.
Information: Doing activity propagation for mode 'Normal' and corner 'Fast' with effort level 'medium'. (POW-024)
Information: Timer-derived activity data is cached on scenario Normal_Fast (POW-052)
Information: Running switching activity propagation with 12 threads!

 **** Information : No. of simulation cycles = 6 ****
Information: Propagated activity on scenario Normal_Slow identical to that on Normal_Fast (POW-006)
Information: Propagated activity on scenario Normal_Typical identical to that on Normal_Fast (POW-006)
Information: Activity propagation will be performed for scenario PowerSave_Fast.
Information: Doing activity propagation for mode 'PowerSave' and corner 'Fast' with effort level 'medium'. (POW-024)
Information: Timer-derived activity data is cached on scenario PowerSave_Fast (POW-052)
Information: Running switching activity propagation with 12 threads!

 **** Information : No. of simulation cycles = 6 ****
Information: Propagated activity on scenario PowerSave_Slow identical to that on PowerSave_Fast (POW-006)
Information: Propagated activity on scenario PowerSave_Typical identical to that on PowerSave_Fast (POW-006)
Information: Activity for scenario Normal_Fast was cached, no propagation required. (POW-005)
Information: Activity for scenario Normal_Slow was cached, no propagation required. (POW-005)
Information: Activity for scenario Normal_Typical was cached, no propagation required. (POW-005)
Information: Activity for scenario PowerSave_Fast was cached, no propagation required. (POW-005)
Information: Activity for scenario PowerSave_Slow was cached, no propagation required. (POW-005)
Information: Activity for scenario PowerSave_Typical was cached, no propagation required. (POW-005)
CTS Cell EM initialization finished
Scenario Normal_Typical is cellEm
Scenario PowerSave_Typical is cellEm
Info: update em.
Information: Activity for scenario Normal_Fast was cached, no propagation required. (POW-005)
Information: Activity for scenario Normal_Slow was cached, no propagation required. (POW-005)
Information: Activity for scenario Normal_Typical was cached, no propagation required. (POW-005)
Information: Activity for scenario PowerSave_Fast was cached, no propagation required. (POW-005)
CTS Cell EM initialization finished
Warning: No clock routing rules were specified. Use set_clock_routing_rules to specify routing rules for accurate clock latency estimation. (OPT-902)
Warning: No clock routing rules were specified. Use set_clock_routing_rules to specify routing rules for accurate clock latency estimation. (OPT-902)
Information: Estimating clock gate latencies for scenario 'PowerSave_Typical'. (OPT-909)
Warning: No clock routing rules were specified. Use set_clock_routing_rules to specify routing rules for accurate clock latency estimation. (OPT-902)
Information: Estimating clock gate latencies for scenario 'PowerSave_Slow'. (OPT-909)
Warning: No clock routing rules were specified. Use set_clock_routing_rules to specify routing rules for accurate clock latency estimation. (OPT-902)
Information: Estimating clock gate latencies for scenario 'PowerSave_Fast'. (OPT-909)
Warning: No clock routing rules were specified. Use set_clock_routing_rules to specify routing rules for accurate clock latency estimation. (OPT-902)
Information: Estimating clock gate latencies for scenario 'Normal_Typical'. (OPT-909)
Warning: No clock routing rules were specified. Use set_clock_routing_rules to specify routing rules for accurate clock latency estimation. (OPT-902)
Information: Estimating clock gate latencies for scenario 'Normal_Slow'. (OPT-909)
Warning: No clock routing rules were specified. Use set_clock_routing_rules to specify routing rules for accurate clock latency estimation. (OPT-902)
Information: Estimating clock gate latencies for scenario 'Normal_Fast'. (OPT-909)
Information: The net parasitics of block dut_toplevel are cleared. (TIM-123)
Information: The stitching and editing of coupling caps is turned OFF for design 'dut_toplevel.dlib:dut_toplevel/mcmm_and_logic_opto_full_power.design'. (TIM-125)
Number of Site types in the design = 1
Setting up Chip Core
Chip Core shape: (0 0) (360380 360000)
Number of VARs = 1
Number of unique PDs = 1
Number of Power Domains = 1
Number of Voltage Areas = 1
Number of supply Nets = 2
Number of used supplies = 0
Blocked VAs: 
Information: 2 out of 12 POW-005 messages were not printed due to limit 10 (after 'compile_fusion' at task3_base.tcl:43) (MSG-3913)

Information: Starting compile_fusion / final_opto / Optimization (1) (FLW-8000)
Information: Time: 2025-06-11 00:23:56 / Session:  00:02:35 / Command:  00:02:27 / CPU:  00:08:09 / Memory: 1737 MB (FLW-8100)
Information: CPU Load: 22%, Ram Free: 44 GB, Swap Free: 1 GB, Work Disk Free: 308 GB, Tmp Disk Free: 308 GB (MSG-3995)

Compile-fusion optimization Phase 17 Iter  1         0.00        0.00      0.00         0        926.20   277967.25        1300              0.04      1737
Warning: To enable pin track alignment feature, the advanced legalizer has to be turned on using app option "place.legalize.enable_advanced_legalizer".
Warning: Pin track alignment feature will be disabled in this run
Information: Initializing classic cellmap without advanced rules enabled and without PDC enabled
Information: The following app options are used in cellmap
        place.legalize.enable_color_aware_placement : false
        place.legalize.use_nll_query_cm : false
        place.legalize.enable_advanced_legalizer : false
        place.legalize.enable_prerouted_net_check : true
        place.legalize.enable_advanced_prerouted_net_check : false
        place.legalize.always_continue : true
        place.legalize.limit_legality_checks : false
        place.common.pnet_aware_density : 1.0000
        place.common.pnet_aware_min_width : 0.0000
        place.common.pnet_aware_layers : {}
        place.common.use_placement_model : false
        place.common.enable_advanced_placement_model : true
        cts.placement.cell_spacing_rule_style : maximum
Warning: Library cell saed14rvt_ff0p88v125c:SAEDRVT14_ISOFSDPQ_PECO_8.frame is missing supply pins. Its power structure cannot be determined. (LGL-050)
Warning: Library cell saed14rvt_ff0p88v125c:SAEDRVT14_DCAP_PV1ECO_12.frame is missing supply pins. Its power structure cannot be determined. (LGL-050)
Warning: Library cell saed14rvt_c_physical_only:SAEDRVT14_AOLVLUBUFE0_IY2V1_1.frame is missing supply pins. Its power structure cannot be determined. (LGL-050)
Warning: Library cell saed14rvt_c_physical_only:SAEDRVT14_AOLVLUBUFE0_IY2V1_10.frame is missing supply pins. Its power structure cannot be determined. (LGL-050)
Warning: Library cell saed14rvt_c_physical_only:SAEDRVT14_AOLVLUBUFE0_IY2V1_12.frame is missing supply pins. Its power structure cannot be determined. (LGL-050)
Total 0.0586 seconds to build cellmap data
Snapped 1300 standard cells to the nearest cellrow to improve the accuracy of congestion analysis. 17 cells remain unaligned.
Running GR for RDE Capture
Generating Timing information  
Design  Scenario Normal_Slow (Mode Normal Corner Slow)
Generating Timing information  ... Done
Information: The net parasitics of block dut_toplevel are cleared. (TIM-123)
[End of Generating Timing Information] Elapsed real time: 0:00:00 
[End of Generating Timing Information] Elapsed cpu  time: sys=0:00:00 usr=0:00:01 total=0:00:02
Start Global Route ... 
[Init] Elapsed real time: 0:00:00 
[Init] Elapsed cpu  time: sys=0:00:00 usr=0:00:00 total=0:00:00
[Init] Stage (MB): Used    0  Alloctr    0  Proc    0 
[Init] Total (MB): Used    7  Alloctr    8  Proc 6357 
Printing options for 'route.common.*'

Printing options for 'route.global.*'
global.deterministic                                    :	 on                  
global.effort_level                                     :	 medium              
global.timing_driven                                    :	 true                

Begin global routing.
Cell Min-Routing-Layer = M1
Cell Max-Routing-Layer = MRDL
Turn off antenna since no rule is specified
Information: Option route.detail.force_end_on_preferred_grid will be ignored since none of the layers have preferred grid. (ZRT-703)
Skipping 1 internal pins that are not physical. Set route.common.verbose_level to > 0 and run routing command to get skipped pin names.
Info: number of net_type_blockage: 0 
Information: Via ladder engine would be activated for pattern must join connection in certain commands. Please refer to man-page for the command list. (ZRT-619)
Warning: Port  VDD at {{25.710,-0.047} {27.940,0.047}} is out of boundary. Cannot be routed. (ZRT-720)
Warning: Port  VDD at {{23.564,-0.047} {25.794,0.047}} is out of boundary. Cannot be routed. (ZRT-720)
Warning: Port  VDD at {{21.418,-0.047} {23.648,0.047}} is out of boundary. Cannot be routed. (ZRT-720)
Warning: Port  VDD at {{19.272,-0.047} {21.502,0.047}} is out of boundary. Cannot be routed. (ZRT-720)
Warning: Port  VDD at {{16.164,-0.047} {18.394,0.047}} is out of boundary. Cannot be routed. (ZRT-720)
Warning: Port  VDD at {{33.850,31.153} {36.080,31.247}} is out of boundary. Cannot be routed. (ZRT-720)
Warning: Port  VSS at {{33.850,31.753} {36.080,31.847}} is out of boundary. Cannot be routed. (ZRT-720)
Warning: Port  VDD at {{33.850,31.153} {36.080,31.247}} is out of boundary. Cannot be routed. (ZRT-720)
Warning: Port  VSS at {{33.850,30.553} {36.080,30.647}} is out of boundary. Cannot be routed. (ZRT-720)
Warning: Port  VDD at {{33.850,29.953} {36.080,30.047}} is out of boundary. Cannot be routed. (ZRT-720)
Skipping 133 ectangle_only route guides because they don't cover the design boundary in the layer's  preferred direction.
Via on layer (VIA4) needs more than one tracks
Warning: Layer M4 default pitch 0.100 may be too small to handle up/down via. Note, that minimum requirements are "wire/via-down 0.100" & "wire/via-up 0.122". (ZRT-026)
Via on layer (VIA7) needs more than one tracks
Warning: Layer M7 default pitch 0.100 may be too small to handle up/down via. Note, that minimum requirements are "wire/via-down 0.100" & "wire/via-up 0.105". (ZRT-026)
Wire on layer (M8) needs more than one tracks
Via on layer (VIA7) needs more than one tracks
Via on layer (VIA8) needs more than one tracks
Warning: Layer M8 default pitch 0.100 may be too small to handle up/down via. Note, that minimum requirements are "wire/via-down 0.105" & "wire/via-up 0.135". (ZRT-026)
Wire on layer (M9) needs more than one tracks
Via on layer (VIA8) needs more than one tracks
Via on layer (VIARDL) needs more than one tracks
Warning: Layer M9 default pitch 0.100 may be too small to handle up/down via. Note, that minimum requirements are "wire/via-down 0.135" & "wire/via-up 1.570". (ZRT-026)
Via on layer (VIARDL) needs more than one tracks
Warning: Layer MRDL default pitch 4.000 may be too small to handle up/down via. Note, that minimum requirements are "wire/via-down 4.500" & "wire/via-up 4.000". (ZRT-026)
Transition layer name: M7(6)
Transition layer name: M8(7)
Information: When applicable Min-max layer allow_pin_connection mode will allow paths of length 0.90 outside the layer range. (ZRT-707)
Information: When applicable Min-max layer allow_pin_connection mode will allow paths of length 0.90 outside the layer range on clock nets. (ZRT-718)
Information: When applicable layer based tapering will taper up to 0.00 in distance from the pin. (ZRT-706)
Warning: Standard cell pin SAEDRVT14_OA21B_1/X has no valid via regions. (ZRT-044)
Warning: Standard cell pin SAEDRVT14_BUF_ECO_1/A has no valid via regions. (ZRT-044)
Current Stage stats:
[End of Read DB] Elapsed real time: 0:00:00 
[End of Read DB] Elapsed cpu  time: sys=0:00:00 usr=0:00:00 total=0:00:00
[End of Read DB] Stage (MB): Used   43  Alloctr   44  Proc  -32 
[End of Read DB] Total (MB): Used   50  Alloctr   52  Proc 6325 
Loading timing information to the router from design
Timing information loaded to the router.
[End of Loading Timing] Elapsed real time: 0:00:00 
[End of Loading Timing] Elapsed cpu  time: sys=0:00:00 usr=0:00:00 total=0:00:00
Constructing data structure ...
Design statistics:
Design Bounding Box (0.00um,0.00um,36.04um,36.00um)
Number of routing layers = 10
layer M1, dir Hor, min width = 0.034um, min space = 0.026um pitch = 0.074um
layer M2, dir Ver, min width = 0.034um, min space = 0.026um pitch = 0.06um
layer M3, dir Hor, min width = 0.034um, min space = 0.026um pitch = 0.074um
layer M4, dir Ver, min width = 0.06um, min space = 0.04um pitch = 0.1um
layer M5, dir Hor, min width = 0.06um, min space = 0.04um pitch = 0.1um
layer M6, dir Ver, min width = 0.06um, min space = 0.04um pitch = 0.1um
layer M7, dir Hor, min width = 0.06um, min space = 0.04um pitch = 0.1um
layer M8, dir Ver, min width = 0.06um, min space = 0.04um pitch = 0.1um
layer M9, dir Hor, min width = 0.06um, min space = 0.04um pitch = 0.1um
layer MRDL, dir Ver, min width = 2um, min space = 2um pitch = 4um
Current Stage stats:
[End of Build Tech Data] Elapsed real time: 0:00:00 
[End of Build Tech Data] Elapsed cpu  time: sys=0:00:00 usr=0:00:00 total=0:00:00
[End of Build Tech Data] Stage (MB): Used    0  Alloctr    0  Proc    0 
[End of Build Tech Data] Total (MB): Used   52  Alloctr   53  Proc 6325 
Net statistics:
Total number of nets     = 1712
Number of nets to route  = 1712
Net length statistics: 
Net Count(Ignore Fully Rted) 1712, Total Half Perimeter Wire Length (HPWL) 8869 microns
HPWL   0 ~   50 microns: Net Count     1709	Total HPWL         8708 microns
HPWL  50 ~  100 microns: Net Count        3	Total HPWL          161 microns
HPWL 100 ~  200 microns: Net Count        0	Total HPWL            0 microns
HPWL 200 ~  300 microns: Net Count        0	Total HPWL            0 microns
HPWL 300 ~  400 microns: Net Count        0	Total HPWL            0 microns
HPWL 400 ~  500 microns: Net Count        0	Total HPWL            0 microns
HPWL 500 ~  600 microns: Net Count        0	Total HPWL            0 microns
HPWL 600 ~  700 microns: Net Count        0	Total HPWL            0 microns
HPWL 700 ~  800 microns: Net Count        0	Total HPWL            0 microns
HPWL 800 ~  900 microns: Net Count        0	Total HPWL            0 microns
HPWL 900 ~ 1000 microns: Net Count        0	Total HPWL            0 microns
HPWL     > 1000 microns: Net Count        0	Total HPWL            0 microns
Current Stage stats:
[End of Build All Nets] Elapsed real time: 0:00:00 
[End of Build All Nets] Elapsed cpu  time: sys=0:00:00 usr=0:00:00 total=0:00:00
[End of Build All Nets] Stage (MB): Used    1  Alloctr    1  Proc    0 
[End of Build All Nets] Total (MB): Used   53  Alloctr   55  Proc 6325 
Number of partitions: 1 (1 x 1)
Size of partitions: 60 gCells x 60 gCells
Average gCell capacity  1.77	 on layer (1)	 M1
Average gCell capacity  4.96	 on layer (2)	 M2
Average gCell capacity  8.06	 on layer (3)	 M3
Average gCell capacity  5.98	 on layer (4)	 M4
Average gCell capacity  5.98	 on layer (5)	 M5
Average gCell capacity  5.98	 on layer (6)	 M6
Average gCell capacity  5.98	 on layer (7)	 M7
Average gCell capacity  5.98	 on layer (8)	 M8
Average gCell capacity  5.98	 on layer (9)	 M9
Average gCell capacity  0.13	 on layer (10)	 MRDL
Average number of tracks per gCell 8.12	 on layer (1)	 M1
Average number of tracks per gCell 10.02	 on layer (2)	 M2
Average number of tracks per gCell 8.12	 on layer (3)	 M3
Average number of tracks per gCell 6.02	 on layer (4)	 M4
Average number of tracks per gCell 6.02	 on layer (5)	 M5
Average number of tracks per gCell 6.02	 on layer (6)	 M6
Average number of tracks per gCell 6.02	 on layer (7)	 M7
Average number of tracks per gCell 6.02	 on layer (8)	 M8
Average number of tracks per gCell 6.02	 on layer (9)	 M9
Average number of tracks per gCell 0.17	 on layer (10)	 MRDL
Number of gCells = 36000
Current Stage stats:
[End of Build Congestion Map] Elapsed real time: 0:00:00 
[End of Build Congestion Map] Elapsed cpu  time: sys=0:00:00 usr=0:00:00 total=0:00:00
[End of Build Congestion Map] Stage (MB): Used    1  Alloctr    1  Proc    0 
[End of Build Congestion Map] Total (MB): Used   54  Alloctr   56  Proc 6325 
Number of partitions: 1 (1 x 1)
Size of partitions: 60 gCells x 60 gCells
Current Stage stats:
[End of Add Nets Demand] Elapsed real time: 0:00:00 
[End of Add Nets Demand] Elapsed cpu  time: sys=0:00:00 usr=0:00:00 total=0:00:00
[End of Add Nets Demand] Stage (MB): Used    0  Alloctr    0  Proc    0 
[End of Add Nets Demand] Total (MB): Used   55  Alloctr   57  Proc 6325 
Number of user frozen nets = 0
Timing criticality report: total 69 (4.03)% critical nets.
   Number of criticality 2 nets = 37 (2.16)%
   Number of criticality 3 nets = 16 (0.93)%
   Number of criticality 4 nets = 4 (0.23)%
   Number of criticality 5 nets = 2 (0.12)%
   Number of criticality 6 nets = 6 (0.35)%
   Number of criticality 7 nets = 4 (0.23)%
Information: RC layer preference is turned on for this design. (ZRT-613)
Total stats:
[End of Build Data] Elapsed real time: 0:00:00 
[End of Build Data] Elapsed cpu  time: sys=0:00:00 usr=0:00:00 total=0:00:00
[End of Build Data] Stage (MB): Used    3  Alloctr    4  Proc    0 
[End of Build Data] Total (MB): Used   55  Alloctr   57  Proc 6325 
Number of partitions: 1 (1 x 1)
Size of partitions: 60 gCells x 60 gCells
Current Stage stats:
[End of Blocked Pin Detection] Elapsed real time: 0:00:00 
[End of Blocked Pin Detection] Elapsed cpu  time: sys=0:00:00 usr=0:00:00 total=0:00:00
[End of Blocked Pin Detection] Stage (MB): Used  104  Alloctr  104  Proc    0 
[End of Blocked Pin Detection] Total (MB): Used  159  Alloctr  161  Proc 6325 
Information: Using 12 threads for routing. (ZRT-444)
Information: Multiple gcell levels ON
Information: Buffer distance is estimated to be ~271.0000um (451 gCells)

Start GR phase 0
Number of partitions: 1 (1 x 1)
Size of partitions: 60 gCells x 60 gCells
[rtAllBotParts] Elapsed real time: 0:00:00 
[rtAllBotParts] Elapsed cpu  time: sys=0:00:00 usr=0:00:00 total=0:00:00
[rtTop] Elapsed real time: 0:00:00 
[rtTop] Elapsed cpu  time: sys=0:00:00 usr=0:00:00 total=0:00:00
Current Stage stats:
[End of Initial Routing] Elapsed real time: 0:00:00 
[End of Initial Routing] Elapsed cpu  time: sys=0:00:00 usr=0:00:00 total=0:00:00
[End of Initial Routing] Stage (MB): Used    0  Alloctr    0  Proc    0 
[End of Initial Routing] Total (MB): Used  160  Alloctr  162  Proc 6325 
Initial. Routing result:
Initial. Both Dirs: Dmd-Cap  =     0 Max = 0 GRCs =     0 (0.00%)
Initial. H routing: Dmd-Cap  =     0 Max = 0 (GRCs =  0) GRCs =     0 (0.00%)
Initial. V routing: Dmd-Cap  =     0 Max = 0 (GRCs =  0) GRCs =     0 (0.00%)
Initial. Both Dirs: Overflow =   159 Max = 4 GRCs =   181 (2.51%)
Initial. H routing: Overflow =    17 Max = 2 (GRCs =  1) GRCs =    26 (0.72%)
Initial. V routing: Overflow =   141 Max = 4 (GRCs =  4) GRCs =   155 (4.31%)
Initial. M1         Overflow =    13 Max = 1 (GRCs = 15) GRCs =    15 (0.42%)
Initial. M2         Overflow =   141 Max = 4 (GRCs =  4) GRCs =   155 (4.31%)
Initial. M3         Overflow =     4 Max = 2 (GRCs =  1) GRCs =    11 (0.31%)
Initial. M4         Overflow =     0 Max = 0 (GRCs =  0) GRCs =     0 (0.00%)
Initial. M5         Overflow =     0 Max = 0 (GRCs =  0) GRCs =     0 (0.00%)
Initial. M6         Overflow =     0 Max = 0 (GRCs =  0) GRCs =     0 (0.00%)
Initial. M7         Overflow =     0 Max = 0 (GRCs =  0) GRCs =     0 (0.00%)
Initial. M8         Overflow =     0 Max = 0 (GRCs =  0) GRCs =     0 (0.00%)
Initial. M9         Overflow =     0 Max = 0 (GRCs =  0) GRCs =     0 (0.00%)
Initial. MRDL       Overflow =     0 Max = 0 (GRCs =  0) GRCs =     0 (0.00%)


Density distribution:
Layer    0.0  0.1  0.2  0.3  0.4  0.5  0.6  0.7  0.8  0.9  1.0  1.1  1.2  > 1.2 
M1       95.5 3.14 0.11 0.42 0.00 0.14 0.00 0.00 0.00 0.00 0.33 0.00 0.00 0.33
M2       46.7 16.3 3.08 11.0 0.53 7.00 4.64 2.64 1.94 0.53 3.58 0.08 0.19 1.56
M3       10.4 15.4 22.5 20.6 2.31 14.5 8.31 4.14 1.36 0.00 0.28 0.03 0.00 0.00
M4       21.1 30.0 0.03 25.8 0.00 15.0 6.56 0.00 1.36 0.00 0.06 0.00 0.00 0.00
M5       75.1 22.6 0.00 1.97 0.00 0.22 0.00 0.00 0.00 0.00 0.00 0.00 0.00 0.00
M6       74.0 24.6 0.00 1.36 0.00 0.00 0.00 0.00 0.00 0.00 0.00 0.00 0.00 0.00
M7       100. 0.00 0.00 0.00 0.00 0.00 0.00 0.00 0.00 0.00 0.00 0.00 0.00 0.00
M8       100. 0.00 0.00 0.00 0.00 0.00 0.00 0.00 0.00 0.00 0.00 0.00 0.00 0.00
M9       100. 0.00 0.00 0.00 0.00 0.00 0.00 0.00 0.00 0.00 0.00 0.00 0.00 0.00
MRDL     100. 0.00 0.00 0.00 0.00 0.00 0.00 0.00 0.00 0.00 0.00 0.00 0.00 0.00
Total    72.3 11.2 2.58 6.12 0.28 3.69 1.95 0.68 0.47 0.05 0.43 0.01 0.02 0.19


Initial. Total Wire Length = 8651.06
Initial. Layer M1 wire length = 89.60
Initial. Layer M2 wire length = 1713.52
Initial. Layer M3 wire length = 2944.12
Initial. Layer M4 wire length = 2812.91
Initial. Layer M5 wire length = 521.28
Initial. Layer M6 wire length = 569.61
Initial. Layer M7 wire length = 0.00
Initial. Layer M8 wire length = 0.00
Initial. Layer M9 wire length = 0.00
Initial. Layer MRDL wire length = 0.00
Initial. Total Number of Contacts = 9979
Initial. Via VIA1_Base count = 3075
Initial. Via VIA2_Base count = 4309
Initial. Via VIA34SQ_C count = 2361
Initial. Via VIA4SQ count = 168
Initial. Via VIA5SQ_C count = 66
Initial. Via VIA67SQ_C count = 0
Initial. Via VIA78SQ_C count = 0
Initial. Via VIA89_C count = 0
Initial. Via VIA9RDL count = 0
Initial. completed.

Start GR phase 1
Wed Jun 11 00:23:57 2025
Number of partitions: 1 (1 x 1)
Size of partitions: 60 gCells x 60 gCells
[rtAllParts] Elapsed real time: 0:00:00 
[rtAllParts] Elapsed cpu  time: sys=0:00:00 usr=0:00:00 total=0:00:00
Current Stage stats:
[End of Phase1 Routing] Elapsed real time: 0:00:00 
[End of Phase1 Routing] Elapsed cpu  time: sys=0:00:00 usr=0:00:00 total=0:00:00
[End of Phase1 Routing] Stage (MB): Used    0  Alloctr    0  Proc    0 
[End of Phase1 Routing] Total (MB): Used  160  Alloctr  162  Proc 6325 
phase1. Routing result:
phase1. Both Dirs: Dmd-Cap  =     0 Max = 0 GRCs =     0 (0.00%)
phase1. H routing: Dmd-Cap  =     0 Max = 0 (GRCs =  0) GRCs =     0 (0.00%)
phase1. V routing: Dmd-Cap  =     0 Max = 0 (GRCs =  0) GRCs =     0 (0.00%)
phase1. Both Dirs: Overflow =   114 Max = 5 GRCs =   130 (1.81%)
phase1. H routing: Overflow =     8 Max = 1 (GRCs = 11) GRCs =    11 (0.31%)
phase1. V routing: Overflow =   105 Max = 5 (GRCs =  1) GRCs =   119 (3.31%)
phase1. M1         Overflow =     8 Max = 1 (GRCs = 10) GRCs =    10 (0.28%)
phase1. M2         Overflow =   105 Max = 5 (GRCs =  1) GRCs =   119 (3.31%)
phase1. M3         Overflow =     0 Max = 1 (GRCs =  1) GRCs =     1 (0.03%)
phase1. M4         Overflow =     0 Max = 0 (GRCs =  0) GRCs =     0 (0.00%)
phase1. M5         Overflow =     0 Max = 0 (GRCs =  0) GRCs =     0 (0.00%)
phase1. M6         Overflow =     0 Max = 0 (GRCs =  0) GRCs =     0 (0.00%)
phase1. M7         Overflow =     0 Max = 0 (GRCs =  0) GRCs =     0 (0.00%)
phase1. M8         Overflow =     0 Max = 0 (GRCs =  0) GRCs =     0 (0.00%)
phase1. M9         Overflow =     0 Max = 0 (GRCs =  0) GRCs =     0 (0.00%)
phase1. MRDL       Overflow =     0 Max = 0 (GRCs =  0) GRCs =     0 (0.00%)


Density distribution:
Layer    0.0  0.1  0.2  0.3  0.4  0.5  0.6  0.7  0.8  0.9  1.0  1.1  1.2  > 1.2 
M1       95.7 3.06 0.11 0.42 0.00 0.14 0.00 0.00 0.00 0.00 0.31 0.00 0.00 0.19
M2       47.0 16.7 3.22 10.7 0.53 6.94 4.97 2.56 2.11 0.47 3.47 0.03 0.11 1.03
M3       10.1 15.5 22.2 20.8 2.33 14.7 8.50 3.92 1.69 0.00 0.03 0.00 0.00 0.00
M4       19.8 30.6 0.03 26.0 0.00 14.9 6.64 0.00 1.78 0.00 0.06 0.00 0.00 0.00
M5       74.0 23.4 0.00 2.14 0.00 0.42 0.00 0.00 0.00 0.00 0.00 0.00 0.00 0.00
M6       73.1 24.2 0.00 2.39 0.00 0.19 0.00 0.00 0.00 0.00 0.00 0.00 0.00 0.00
M7       100. 0.00 0.00 0.00 0.00 0.00 0.00 0.00 0.00 0.00 0.00 0.00 0.00 0.00
M8       100. 0.00 0.00 0.00 0.00 0.00 0.00 0.00 0.00 0.00 0.00 0.00 0.00 0.00
M9       100. 0.00 0.00 0.00 0.00 0.00 0.00 0.00 0.00 0.00 0.00 0.00 0.00 0.00
MRDL     100. 0.00 0.00 0.00 0.00 0.00 0.00 0.00 0.00 0.00 0.00 0.00 0.00 0.00
Total    72.0 11.3 2.56 6.26 0.29 3.74 2.01 0.65 0.56 0.05 0.39 0.00 0.01 0.12


phase1. Total Wire Length = 8651.35
phase1. Layer M1 wire length = 85.40
phase1. Layer M2 wire length = 1629.29
phase1. Layer M3 wire length = 2920.40
phase1. Layer M4 wire length = 2851.09
phase1. Layer M5 wire length = 549.95
phase1. Layer M6 wire length = 615.22
phase1. Layer M7 wire length = 0.00
phase1. Layer M8 wire length = 0.00
phase1. Layer M9 wire length = 0.00
phase1. Layer MRDL wire length = 0.00
phase1. Total Number of Contacts = 10164
phase1. Via VIA1_Base count = 3072
phase1. Via VIA2_Base count = 4368
phase1. Via VIA34SQ_C count = 2458
phase1. Via VIA4SQ count = 190
phase1. Via VIA5SQ_C count = 76
phase1. Via VIA67SQ_C count = 0
phase1. Via VIA78SQ_C count = 0
phase1. Via VIA89_C count = 0
phase1. Via VIA9RDL count = 0
phase1. completed.
[End of Whole Chip Routing] Elapsed real time: 0:00:00 
[End of Whole Chip Routing] Elapsed cpu  time: sys=0:00:00 usr=0:00:00 total=0:00:00
[End of Whole Chip Routing] Stage (MB): Used  108  Alloctr  109  Proc    0 
[End of Whole Chip Routing] Total (MB): Used  160  Alloctr  162  Proc 6325 

Congestion utilization per direction:
Average vertical track utilization   = 18.17 %
Peak    vertical track utilization   = 63.64 %
Average horizontal track utilization = 14.12 %
Peak    horizontal track utilization = 46.15 %

[End of Global Routing] Elapsed real time: 0:00:00 
[End of Global Routing] Elapsed cpu  time: sys=0:00:00 usr=0:00:00 total=0:00:00
[End of Global Routing] Stage (MB): Used  107  Alloctr  108  Proc    0 
[End of Global Routing] Total (MB): Used  159  Alloctr  161  Proc 6325 
Updating the database ...
Updating congestion ...
Information: Extraction observers are detached as design net change threshold is reached.
[End of dbOut] Elapsed real time: 0:00:00 
[End of dbOut] Elapsed cpu  time: sys=0:00:00 usr=0:00:00 total=0:00:00
[End of dbOut] Stage (MB): Used  -44  Alloctr  -44  Proc    0 
[End of dbOut] Total (MB): Used   36  Alloctr   37  Proc 6325 
Doing RDE Capture
Information: Freeing timing information from routing. (ZRT-574)
Information: Design dut_toplevel has 1712 nets, 1712 global routed, 0 detail routed. (NEX-024)
Information: The stitching and editing of coupling caps is turned OFF for design 'dut_toplevel.dlib:dut_toplevel/mcmm_and_logic_opto_full_power.design'. (TIM-125)

RDE Information
RDE Design         : dut_toplevel.dlib:dut_toplevel/mcmm_and_logic_opto_full_power.design
RDE Module         : dut_toplevel
RDE TechName       : minTLU
RDE Version        : 1.90
Product Version    : fc V-2023.12 Nov 23, 2023
No. of Res Corners : 3
No. of Cap Corners : 3
RDE Capture Stage  : NONE
RDE Capture DB     : GR
Max layer ID       : 10
Max via layer ID   : 9
DB1                : 10000
gCell Size         : 2.3375 um
Merge Fanout       : 1
Via Model          : 3
large Gcell Grid   : 0
Disable clock capture       : 1
RDE congestion map          : (-8320, -8320 -> 368700, 368320)
RDE Effort Level            : medium
RDE Layer Length Adjustment : false
RDE from                    : CAPTURE
Information: The stitching and editing of coupling caps is turned OFF for design 'dut_toplevel.dlib:dut_toplevel/mcmm_and_logic_opto_full_power.design'. (TIM-125)
Information: 123 out of 128 LGL-050 messages were not printed due to limit 5 (after 'compile_fusion' at task3_base.tcl:43) (MSG-3913)

Warning: Cannot find any max transition constraint on the design. (OPT-070)
Info: update em.

Compile-fusion timing update complete          CPU:   502 s (  0.14 hr )  ELAPSE:   157 s (  0.04 hr )  MEM-PEAK:  1737 MB

Compile-fusion initial QoR
__________________________
Scenario Mapping Table
1: Normal_Fast
2: Normal_Slow
3: Normal_Typical
4: PowerSave_Fast
5: PowerSave_Slow
6: PowerSave_Typical

Pathgroup Mapping Table
1: **default**
2: **async_default**
3: **clock_gating_default**
4: **in2reg_default**
5: **reg2out_default**
6: **in2out_default**
7: clk

-------------------------------------------------------------------------------------------------------------------------------------------------------------
PATHGROUP QOR 
-------------------------------------------------------------------------------------------------------------------------------------------------------------
Scene  PG      WNS        TNS    NSV      WHV        THV    NHV
    2   1   0.0000     0.0000      0        -          -      -
    2   2   0.0000     0.0000      0        -          -      -
    2   3   0.0000     0.0000      0        -          -      -
    2   4   0.0000     0.0000      0        -          -      -
    2   5   0.0000     0.0000      0        -          -      -
    2   6   0.0000     0.0000      0        -          -      -
    2   7   0.0000     0.0000      0        -          -      -
    3   1   0.0000     0.0000      0        -          -      -
    3   2   0.0000     0.0000      0        -          -      -
    3   3   0.0000     0.0000      0        -          -      -
    3   4   0.0000     0.0000      0        -          -      -
    3   5   0.0000     0.0000      0        -          -      -
    3   6   0.0000     0.0000      0        -          -      -
    3   7   0.0000     0.0000      0        -          -      -
    5   1   0.0000     0.0000      0        -          -      -
    5   2   0.0000     0.0000      0        -          -      -
    5   3   0.0000     0.0000      0        -          -      -
    5   4   0.0000     0.0000      0        -          -      -
    5   5   0.0000     0.0000      0        -          -      -
    5   6   0.0000     0.0000      0        -          -      -
    5   7   0.0000     0.0000      0        -          -      -
    6   1   0.0000     0.0000      0        -          -      -
    6   2   0.0000     0.0000      0        -          -      -
    6   3   0.0000     0.0000      0        -          -      -
    6   4   0.0000     0.0000      0        -          -      -
    6   5   0.0000     0.0000      0        -          -      -
    6   6   0.0000     0.0000      0        -          -      -
    6   7   0.0000     0.0000      0        -          -      -
----------------------------------------------------------------------------------------------------------------------------------------------------------------------
SCENARIO QOR 
----------------------------------------------------------------------------------------------------------------------------------------------------------------------
Scene  PG      WNS        TNS   R2RTNS    NSV      WHV        THV    NHV  MaxTrnV   MaxTranC  MaxCapV    Leakage     CellEMV
    1   *        -          -        -      -        -          -      -        -          -        0          -           0
    2   *   0.0000     0.0000   0.0000      0        -          -      -        0     0.0000        -  14002.360           0
    3   *   0.0000     0.0000   0.0000      0        -          -      -        0     0.0000        0 277967.250           0
    4   *        -          -        -      -        -          -      -        -          -        0          -           0
    5   *   0.0000     0.0000   0.0000      0        -          -      -        0     0.0000        -  14002.360           0
    6   *   0.0000     0.0000   0.0000      0        -          -      -        0     0.0000        0 277967.250           0
----------------------------------------------------------------------------------------------------------------------------------------------------------------------
DESIGN QOR 
----------------------------------------------------------------------------------------------------------------------------------------------------------------------
Scene  PG      WNS        TNS   R2RTNS    NSV      WHV        THV    NHV  MaxTrnV   MaxTranC  MaxCapV    Leakage         Area    InstCnt     BufCnt     InvCnt     CellEMV
    *   *   0.0000     0.0000   0.0000      0   0.0000     0.0000      0        0     0.0000        0 277967.250       926.20       1300         13         75           0
----------------------------------------------------------------------------------------------------------------------------------------------------------------------

Compile-fusion initial QoR Summary       WNS        TNS   R2RTNS    NSV      WHV        THV    NHV  MaxTrnV  MaxCapV    Leakage         Area    InstCnt
Compile-fusion initial QoR Summary    0.0000     0.0000   0.0000      0   0.0000     0.0000      0        0        0 277967.250       926.20       1300
Information: The netlist change observers are disabled for incremental extraction. (TIM-126)
INFO: using 12 threads
Compile-fusion initialization complete         CPU:   517 s (  0.14 hr )  ELAPSE:   158 s (  0.04 hr )  MEM-PEAK:  1737 MB
Compile-fusion optimization summary            SETUP-COST    R2R-COST HOLD-COST LDRC-COST          AREA     LEAKAGE     INSTCNT            ELAPSE       MEM
Warning: Cannot find any max transition constraint on the design. (OPT-070)
Information: The netlist change observers are enabled for incremental extraction. (TIM-127)

Information: Initializing classic cellmap without advanced rules enabled and without PDC enabled
Information: The following app options are used in cellmap
        place.legalize.enable_color_aware_placement : false
        place.legalize.use_nll_query_cm : false
        place.legalize.enable_advanced_legalizer : false
        place.legalize.enable_prerouted_net_check : true
        place.legalize.enable_advanced_prerouted_net_check : false
        place.legalize.always_continue : true
        place.legalize.limit_legality_checks : false
        place.common.pnet_aware_density : 1.0000
        place.common.pnet_aware_min_width : 0.0000
        place.common.pnet_aware_layers : {}
        place.common.use_placement_model : false
        place.common.enable_advanced_placement_model : true
        cts.placement.cell_spacing_rule_style : maximum
Warning: Library cell saed14rvt_ff0p88v125c:SAEDRVT14_ISOFSDPQ_PECO_8.frame is missing supply pins. Its power structure cannot be determined. (LGL-050)
Warning: Library cell saed14rvt_ff0p88v125c:SAEDRVT14_DCAP_PV1ECO_12.frame is missing supply pins. Its power structure cannot be determined. (LGL-050)
Warning: Library cell saed14rvt_c_physical_only:SAEDRVT14_AOLVLUBUFE0_IY2V1_1.frame is missing supply pins. Its power structure cannot be determined. (LGL-050)
Warning: Library cell saed14rvt_c_physical_only:SAEDRVT14_AOLVLUBUFE0_IY2V1_10.frame is missing supply pins. Its power structure cannot be determined. (LGL-050)
Warning: Library cell saed14rvt_c_physical_only:SAEDRVT14_AOLVLUBUFE0_IY2V1_12.frame is missing supply pins. Its power structure cannot be determined. (LGL-050)
Total 0.0934 seconds to build cellmap data
INFO: creating 20(r) x 21(c) GridCells YDim 1.8 XDim 1.8
INFO: number of GridCells (0xb18fc7e0): 420
INFO: creating 20(r) x 21(c) GridCells YDim 1.8 XDim 1.8
INFO: number of GridCells (0xb18fc7e0): 420
Total 0.0300 seconds to load 1300 cell instances into cellmap, 17 cells are off site row
Moveable cells: 1300; Application fixed cells: 0; Macro cells: 0; User fixed cells: 0
Average cell width 1.1874, cell height 0.6000, cell area 0.7125 for total 1300 placed and application fixed cells
Compile-fusion optimization Phase 19 Iter  1         0.00        0.00      0.00         0        926.20   277967.25        1300              0.04      1737
Isolated 0 ports, skipped 0 ports
Already Isolated 0 ports, Deleted 0 existing Isolation cells 
Information: 123 out of 128 LGL-050 messages were not printed due to limit 5 (after 'compile_fusion' at task3_base.tcl:43) (MSG-3913)

Compile-fusion optimization Phase 20 Iter  1         0.00        0.00      0.00         0        926.20   277967.25        1300              0.04      1737
Corner Scaling is off, multiplier is 1.000000
Corner Scaling is off, multiplier is 1.000000
Using default layer M4
new cutoff lpd: 3.06118e-07
corner scaling: maxCornerId = 3
corner=Fast, tran factor=0.837270 (0.028178 / 0.033655)
corner=Typical, tran factor=0.944434 (0.031785 / 0.033655)
corner=Slow, tran factor=1.000000 (0.033655 / 0.033655)
bmap: stepx = stepy = 30000
creating bmap
DB units per micron : 10000
INFO: New Levelizer turned on
Compile-fusion optimization Phase 20 Iter  2         0.00        0.00      0.00         0        926.20   277967.25        1300              0.04      1737

CCL: Total Usage Adjustment : 1
INFO: Derive row count 15 from GR congestion map (60/4)
INFO: Derive col count 15 from GR congestion map (60/4)
Convert timing mode ...
Compile-fusion optimization Phase 21 Iter  1         0.00        0.00      0.00         0        926.20   277967.25        1300              0.05      1737
Number of Site types in the design = 1
INFO: Skipping activation of hold scenarios prior to CUS.
CCD app option: ccd.targeted_ccd_path_groups:  **clock_gating_default**
Target path group: scenario Normal_Fast pathgroup **clock_gating_default**
Target path group: scenario Normal_Slow pathgroup **clock_gating_default**
Target path group: scenario Normal_Typical pathgroup **clock_gating_default**
Target path group: scenario PowerSave_Fast pathgroup **clock_gating_default**
Target path group: scenario PowerSave_Slow pathgroup **clock_gating_default**
Target path group: scenario PowerSave_Typical pathgroup **clock_gating_default**
Information: CCD will use corner Slow for honoring max prepone/postpone limits

Summary of messages during CTS:
===============================================================
  Tag   Count  Type           Description
---------------------------------------------------------------
 No error or warning message.
Warning: No clock routing rules were specified. Use set_clock_routing_rules to specify routing rules for accurate clock latency estimation. (OPT-902)
Warning: No clock routing rules were specified. Use set_clock_routing_rules to specify routing rules for accurate clock latency estimation. (OPT-902)
Information: Estimating clock gate latencies for scenario 'PowerSave_Typical'. (OPT-909)
Warning: No clock routing rules were specified. Use set_clock_routing_rules to specify routing rules for accurate clock latency estimation. (OPT-902)
Information: Estimating clock gate latencies for scenario 'PowerSave_Slow'. (OPT-909)
Warning: No clock routing rules were specified. Use set_clock_routing_rules to specify routing rules for accurate clock latency estimation. (OPT-902)
Information: Estimating clock gate latencies for scenario 'Normal_Typical'. (OPT-909)
Warning: No clock routing rules were specified. Use set_clock_routing_rules to specify routing rules for accurate clock latency estimation. (OPT-902)
Information: Estimating clock gate latencies for scenario 'Normal_Slow'. (OPT-909)
Warning: No clock routing rules were specified. Use set_clock_routing_rules to specify routing rules for accurate clock latency estimation. (OPT-902)
Information: Estimating clock gate latencies for scenario 'Normal_Fast'. (OPT-909)
INFO: Skipping deactivation of hold scenarios after CUS.
Number of Site types in the design = 1
Compile-fusion optimization Phase 21 Iter  2         0.00        0.00      0.00         0        926.20   277967.25        1300              0.05      1737
Compile-fusion optimization Phase 21 Iter  3         0.00        0.00      0.00         0        926.20   277967.25        1300              0.05      1737
Compile-fusion optimization Phase 21 Iter  4         0.00        0.00      0.00         0        926.20   277967.25        1300              0.05      1737
Compile-fusion optimization Phase 21 Iter  5         0.00        0.00      0.00         0        926.20   277967.25        1300              0.05      1737
Warning: No clock routing rules were specified. Use set_clock_routing_rules to specify routing rules for accurate clock latency estimation. (OPT-902)
Warning: No clock routing rules were specified. Use set_clock_routing_rules to specify routing rules for accurate clock latency estimation. (OPT-902)
Information: Estimating clock gate latencies for scenario 'PowerSave_Typical'. (OPT-909)
Warning: No clock routing rules were specified. Use set_clock_routing_rules to specify routing rules for accurate clock latency estimation. (OPT-902)
Information: Estimating clock gate latencies for scenario 'PowerSave_Slow'. (OPT-909)
Warning: No clock routing rules were specified. Use set_clock_routing_rules to specify routing rules for accurate clock latency estimation. (OPT-902)
Information: Estimating clock gate latencies for scenario 'PowerSave_Fast'. (OPT-909)
Warning: No clock routing rules were specified. Use set_clock_routing_rules to specify routing rules for accurate clock latency estimation. (OPT-902)
Information: Estimating clock gate latencies for scenario 'Normal_Typical'. (OPT-909)
Warning: No clock routing rules were specified. Use set_clock_routing_rules to specify routing rules for accurate clock latency estimation. (OPT-902)
Information: Estimating clock gate latencies for scenario 'Normal_Slow'. (OPT-909)
Warning: No clock routing rules were specified. Use set_clock_routing_rules to specify routing rules for accurate clock latency estimation. (OPT-902)
Information: Estimating clock gate latencies for scenario 'Normal_Fast'. (OPT-909)
Number of Site types in the design = 1
INFO: Skipping activation of hold scenarios prior to CUS.
CCD app option: ccd.targeted_ccd_path_groups:  **clock_gating_default**
Target path group: scenario Normal_Fast pathgroup **clock_gating_default**
Target path group: scenario Normal_Slow pathgroup **clock_gating_default**
Target path group: scenario Normal_Typical pathgroup **clock_gating_default**
Target path group: scenario PowerSave_Fast pathgroup **clock_gating_default**
Target path group: scenario PowerSave_Slow pathgroup **clock_gating_default**
Target path group: scenario PowerSave_Typical pathgroup **clock_gating_default**
Information: CCD will use corner Slow for honoring max prepone/postpone limits

Summary of messages during CTS:
===============================================================
  Tag   Count  Type           Description
---------------------------------------------------------------
 No error or warning message.
Warning: No clock routing rules were specified. Use set_clock_routing_rules to specify routing rules for accurate clock latency estimation. (OPT-902)
Warning: No clock routing rules were specified. Use set_clock_routing_rules to specify routing rules for accurate clock latency estimation. (OPT-902)
Information: Estimating clock gate latencies for scenario 'PowerSave_Typical'. (OPT-909)
Warning: No clock routing rules were specified. Use set_clock_routing_rules to specify routing rules for accurate clock latency estimation. (OPT-902)
Information: Estimating clock gate latencies for scenario 'PowerSave_Slow'. (OPT-909)
Warning: No clock routing rules were specified. Use set_clock_routing_rules to specify routing rules for accurate clock latency estimation. (OPT-902)
Information: Estimating clock gate latencies for scenario 'Normal_Typical'. (OPT-909)
Warning: No clock routing rules were specified. Use set_clock_routing_rules to specify routing rules for accurate clock latency estimation. (OPT-902)
Information: Estimating clock gate latencies for scenario 'Normal_Slow'. (OPT-909)
Warning: No clock routing rules were specified. Use set_clock_routing_rules to specify routing rules for accurate clock latency estimation. (OPT-902)
Information: Estimating clock gate latencies for scenario 'Normal_Fast'. (OPT-909)
INFO: Skipping deactivation of hold scenarios after CUS.
Number of Site types in the design = 1
Compile-fusion optimization Phase 21 Iter  6         0.00        0.00      0.00         0        926.20   277967.25        1300              0.05      1737
Corner Scaling is off, multiplier is 1.000000
Using default layer M4
new cutoff lpd: 3.06118e-07
corner scaling: maxCornerId = 3
corner=Fast, tran factor=0.837270 (0.028178 / 0.033655)
corner=Typical, tran factor=0.944434 (0.031785 / 0.033655)
corner=Slow, tran factor=1.000000 (0.033655 / 0.033655)
bmap: stepx = stepy = 30000
creating bmap
DB units per micron : 10000
Compile-fusion optimization Phase 21 Iter  7         0.00        0.00      0.00         0        926.20   277967.25        1300              0.05      1737
Compile-fusion optimization Phase 21 Iter  8         0.00        0.00      0.00         0        926.20   277967.25        1300              0.05      1737
Compile-fusion optimization Phase 21 Iter  9         0.00        0.00      0.00         0        926.20   277967.25        1300              0.05      1737
Compile-fusion optimization Phase 21 Iter 10         0.00        0.00      0.00         0        926.20   277967.25        1300              0.05      1737
Compile-fusion optimization Phase 21 Iter 11         0.00        0.00      0.00         0        926.20   277967.25        1300              0.05      1737

Compile-fusion optimization Phase 22 Iter  1         0.00        0.00      0.00         0        926.20   277967.25        1300              0.05      1737

CCL: Total Usage Adjustment : 1
INFO: Derive row count 15 from GR congestion map (60/4)
INFO: Derive col count 15 from GR congestion map (60/4)
Convert timing mode ...
Compile-fusion optimization Phase 23 Iter  1         0.00        0.00      0.00         0        926.20   277967.25        1300              0.05      1737

Disable clock slack update for ideal clocks
Compile-fusion optimization summary            SETUP-COST    R2R-COST HOLD-COST LDRC-COST          AREA     LEAKAGE     INSTCNT            ELAPSE       MEM
Compile-fusion optimization Phase 24 Iter  1         0.00        0.00      0.00         0        926.20   277967.25        1300              0.05      1737
INFO: cellmap features:  adv-rules=(N), pdc=(N), clock-rules=(Y)

Compile-fusion optimization Phase 25 Iter  1         0.00        0.00      0.00         0        926.20   277967.25        1300              0.05      1737
CCL: Total Usage Adjustment : 1
INFO: Derive row count 15 from GR congestion map (60/4)
INFO: Derive col count 15 from GR congestion map (60/4)
Convert timing mode ...
INFO: New Levelizer turned on
Layer Demotion Info:
Bin                       OptDist       MinLen      BeforeCount       AfterCount        Diff
-----------------------------------------------------------------------------------------
None                         82.8          0.0             1712             1712           0
M4                           92.4          8.3                0                0           0
-----------------------------------------------------------------------------------------
Total Demoted Nets:             0


Compile-fusion optimization Phase 26 Iter  1         0.00        0.00      0.00         0        926.20   277967.25        1300              0.05      1737

Compile-fusion optimization Phase 27 Iter  1         0.00        0.00      0.00         0        926.20   277967.25        1300              0.05      1737
INFO: New Levelizer turned on
Compile-fusion optimization Phase 27 Iter  2         0.00        0.00      0.00         0        926.20   277967.25        1300              0.05      1737
INFO: New Levelizer turned on

Disable clock slack update for ideal clocks
Information: Activity propagation will be performed for scenario PowerSave_Slow.
Information: Doing activity propagation for mode 'PowerSave' and corner 'Slow' with effort level 'low'. (POW-024)
Information: Timer-derived activity data is cached on scenario PowerSave_Slow (POW-052)
Information: Running switching activity propagation with 12 threads!

 **** Information : No. of simulation cycles = 4 ****
Information: Activity propagation will be performed for scenario Normal_Slow.
Information: Doing activity propagation for mode 'Normal' and corner 'Slow' with effort level 'low'. (POW-024)
Information: Timer-derived activity data is cached on scenario Normal_Slow (POW-052)
Information: Running switching activity propagation with 12 threads!

 **** Information : No. of simulation cycles = 4 ****
Information: Propagated activity on scenario PowerSave_Typical identical to that on PowerSave_Slow (POW-006)
Information: Propagated activity on scenario Normal_Typical identical to that on Normal_Slow (POW-006)
Information: Propagated activity on scenario PowerSave_Fast identical to that on PowerSave_Slow (POW-006)
Information: Propagated activity on scenario Normal_Fast identical to that on Normal_Slow (POW-006)
Compile-fusion optimization Phase 28 Iter  1         0.00        0.00      0.00         0        925.54   277603.41        1300              0.05      1737
INFO: cellmap features:  adv-rules=(N), pdc=(N), clock-rules=(Y)

Compile-fusion optimization Phase 29 Iter  1         0.00        0.00      0.00         0        925.54   277603.41        1300              0.05      1737
ISR-INFO:  Running path margin based recovery (target = 0.0000, multiplier = 0.9000, mode = 0)
INFO: New Levelizer turned on
Knee-Processing :  cumEst: 0.00173574 cumPct:    86.99 estdown: 0.00025961 cumUp:  320 numDown:  419 status= valid
Knee-Processing :  cumEst: 0.00197752 cumPct:    99.11 estdown: 0.00001783 cumUp:  642 numDown:   97 status= valid
Knee-Processing :  cumEst: 0.00199252 cumPct:    99.86 estdown: 0.00000284 cumUp:  681 numDown:   58 status= valid
Knee-Processing :  cumEst: 0.00199536 cumPct:   100.00 estdown: 0.00000000 cumUp:  961 numDown:    0 status= valid

Disable clock slack update for ideal clocks
INFO:  SEQ DEL WNS is protecting TNS
INFO:  SEQ DEL WNS is protecting TNS
Compile-fusion optimization Phase 30 Iter  1         0.00        0.00      0.00         0        925.54   277422.56        1300              0.05      1737
INFO: cellmap features:  adv-rules=(N), pdc=(N), clock-rules=(Y)

CCL: Total Usage Adjustment : 1
INFO: Derive row count 15 from GR congestion map (60/4)
INFO: Derive col count 15 from GR congestion map (60/4)
Convert timing mode ...
Compile-fusion optimization Phase 31 Iter  1         0.00        0.00      0.00         0        925.54   277422.56        1300              0.05      1737

Compile-fusion optimization Phase 32 Iter  1         0.00        0.00      0.00         0        925.54   277422.56        1300              0.05      1737
INFO: total number of constant pins: 0
INFO: constant pins which are scan-pins: 0
INFO: constant pins that are not scan-pins: 0

Compile-fusion optimization Phase 33 Iter  1         0.00        0.00      0.00         0        925.54   277422.56        1300              0.05      1737

Compile-fusion optimization Phase 34 Iter  1         0.00        0.00      0.00         0        925.54   277422.56        1300              0.05      1737

Information: Ending   compile_fusion / final_opto / Optimization (1) (FLW-8001)
Information: Time: 2025-06-11 00:24:13 / Session:  00:02:52 / Command:  00:02:44 / CPU:  00:09:13 / Memory: 1737 MB (FLW-8100)
Information: CPU Load: 29%, Ram Free: 44 GB, Swap Free: 1 GB, Work Disk Free: 308 GB, Tmp Disk Free: 308 GB (MSG-3995)

Information: Starting compile_fusion / final_opto / Legalization (1) (FLW-8000)
Information: Time: 2025-06-11 00:24:13 / Session:  00:02:52 / Command:  00:02:44 / CPU:  00:09:13 / Memory: 1737 MB (FLW-8100)
Information: CPU Load: 29%, Ram Free: 44 GB, Swap Free: 1 GB, Work Disk Free: 308 GB, Tmp Disk Free: 308 GB (MSG-3995)

START_FUNC : legalize_placement_pre_run_core CPU :    561 s ( 0.16 hr) ELAPSE :    172 s ( 0.05 hr) MEM-PEAK :  1737 Mb
END_FUNC : legalize_placement_pre_run_core CPU :    561 s ( 0.16 hr) ELAPSE :    172 s ( 0.05 hr) MEM-PEAK :  1737 Mb
Compile-fusion optimization Phase 37 Iter  1         0.00        0.00      0.00         0        925.54   277422.56        1300              0.05      1737
nplDplc2Placer::setParam(effort,1)
nplDplc2Placer::setParam(debug,0)
nplDplc2Placer::setParam(site_check,2)
nplDplc2Placer::setParam(app_firm_wgt,0)
Warning: Routing direction of metal layer PO is neither "horizontal" nor "vertical".  PDC checks will not be performed on this layer. (PDC-003)
PDC app_options settings =========
	place.legalize.enable_prerouted_net_check: 1
	place.legalize.num_tracks_for_access_check: 1
	place.legalize.use_eol_spacing_for_access_check: 0
	place.legalize.allow_touch_track_for_access_check: 1
	place.legalize.reduce_conservatism_in_eol_check: 0
	place.legalize.preroute_shape_merge_distance: 0.0
	place.legalize.enable_non_preferred_direction_span_check: 0

Layer M1: cached 0 shapes out of 0 total shapes.
Layer M2: cached 0 shapes out of 0 total shapes.
Cached 0 vias out of 0 total vias.

Legalizing Top Level Design dut_toplevel ... 
Information: Initializing classic cellmap without advanced rules enabled and without PDC enabled
Information: The following app options are used in cellmap
        place.legalize.enable_color_aware_placement : false
        place.legalize.use_nll_query_cm : false
        place.legalize.enable_advanced_legalizer : false
        place.legalize.enable_prerouted_net_check : true
        place.legalize.enable_advanced_prerouted_net_check : false
        place.legalize.always_continue : true
        place.legalize.limit_legality_checks : false
        place.common.pnet_aware_density : 1.0000
        place.common.pnet_aware_min_width : 0.0000
        place.common.pnet_aware_layers : {}
        place.common.use_placement_model : false
        place.common.enable_advanced_placement_model : true
        cts.placement.cell_spacing_rule_style : maximum
Warning: Library cell saed14rvt_ff0p88v125c:SAEDRVT14_ISOFSDPQ_PECO_8.frame is missing supply pins. Its power structure cannot be determined. (LGL-050)
Warning: Library cell saed14rvt_ff0p88v125c:SAEDRVT14_DCAP_PV1ECO_12.frame is missing supply pins. Its power structure cannot be determined. (LGL-050)
Warning: Library cell saed14rvt_c_physical_only:SAEDRVT14_AOLVLUBUFE0_IY2V1_1.frame is missing supply pins. Its power structure cannot be determined. (LGL-050)
Warning: Library cell saed14rvt_c_physical_only:SAEDRVT14_AOLVLUBUFE0_IY2V1_10.frame is missing supply pins. Its power structure cannot be determined. (LGL-050)
Warning: Library cell saed14rvt_c_physical_only:SAEDRVT14_AOLVLUBUFE0_IY2V1_12.frame is missing supply pins. Its power structure cannot be determined. (LGL-050)
Total 0.0590 seconds to build cellmap data
Information: Creating classic rule checker.
Warning: Routing direction of metal layer PO is neither "horizontal" nor "vertical".  PDC checks will not be performed on this layer. (PDC-003)
Warning: Library cell "SAEDRVT14_AO21_U_0P5" has width 5940 which is not an integer multiplier of its base site "unit" width 740
=====> Processed 72 ref cells (25 fillers) from library
Warning: There are 1 ref cells where the width or height are not an integer of their associated site def width or height.
Warning: All cell instances associated to those ref cells will be treated as blockage during legalization.
Warning: Cell "DP_OP_33_12155_941_J1/ctmi_381" will be treated as blockage because its library cell "SAEDRVT14_AO21_U_0P5" width/height is not an integer multiplier of its site/row.
Warning: Cell "DP_OP_33_12155_941_J1/ctmi_390" will be treated as blockage because its library cell "SAEDRVT14_AO21_U_0P5" width/height is not an integer multiplier of its site/row.
Warning: Cell "DP_OP_33_12155_941_J1/ctmi_400" will be treated as blockage because its library cell "SAEDRVT14_AO21_U_0P5" width/height is not an integer multiplier of its site/row.
Warning: Cell "DP_OP_33_12155_941_J1/ctmi_411" will be treated as blockage because its library cell "SAEDRVT14_AO21_U_0P5" width/height is not an integer multiplier of its site/row.
Warning: Cell "DP_OP_33_12155_941_J1/ctmi_423" will be treated as blockage because its library cell "SAEDRVT14_AO21_U_0P5" width/height is not an integer multiplier of its site/row.
Warning: Cell "DP_OP_33_12155_941_J1/ctmi_436" will be treated as blockage because its library cell "SAEDRVT14_AO21_U_0P5" width/height is not an integer multiplier of its site/row.
Warning: Cell "DP_OP_33_12155_941_J1/ctmi_450" will be treated as blockage because its library cell "SAEDRVT14_AO21_U_0P5" width/height is not an integer multiplier of its site/row.
Warning: Cell "DP_OP_33_12155_941_J1/ctmi_465" will be treated as blockage because its library cell "SAEDRVT14_AO21_U_0P5" width/height is not an integer multiplier of its site/row.
Warning: Cell "DP_OP_33_12155_941_J1/ctmi_481" will be treated as blockage because its library cell "SAEDRVT14_AO21_U_0P5" width/height is not an integer multiplier of its site/row.
Warning: Cell "DP_OP_33_12155_941_J1/ctmi_498" will be treated as blockage because its library cell "SAEDRVT14_AO21_U_0P5" width/height is not an integer multiplier of its site/row.
Warning: Cell "DP_OP_33_12155_941_J1/ctmi_516" will be treated as blockage because its library cell "SAEDRVT14_AO21_U_0P5" width/height is not an integer multiplier of its site/row.
Warning: Cell "DP_OP_33_12155_941_J1/ctmi_535" will be treated as blockage because its library cell "SAEDRVT14_AO21_U_0P5" width/height is not an integer multiplier of its site/row.
Warning: Cell "DP_OP_33_12155_941_J1/ctmi_555" will be treated as blockage because its library cell "SAEDRVT14_AO21_U_0P5" width/height is not an integer multiplier of its site/row.
Warning: Cell "DP_OP_33_12155_941_J1/ctmi_576" will be treated as blockage because its library cell "SAEDRVT14_AO21_U_0P5" width/height is not an integer multiplier of its site/row.
Warning: Cell "DP_OP_33_12155_941_J1/ctmi_596" will be treated as blockage because its library cell "SAEDRVT14_AO21_U_0P5" width/height is not an integer multiplier of its site/row.
Warning: Cell "DP_OP_33_12155_941_J1/ctmi_737" will be treated as blockage because its library cell "SAEDRVT14_AO21_U_0P5" width/height is not an integer multiplier of its site/row.
Warning: Cell "DP_OP_33_12155_941_J1/ctmi_738" will be treated as blockage because its library cell "SAEDRVT14_AO21_U_0P5" width/height is not an integer multiplier of its site/row.

Bounds/Regions In This Design:
        Area    Num Cells  Exclusive Name
 (square um)
     1297.37         1283        Yes DEFAULT_VA

Starting legalizer.
Warning: Exclusive bound 'DEFAULT' has no cells.
Optimizing Exclusive Bound 'DEFAULT_VA' (2/2)
    Done Exclusive Bound 'DEFAULT_VA' (2/2) (0 sec)
Legalization complete (0 total sec)

****************************************
  Report : Placement Attempts
  Site   : unit
****************************************

number of cells:                   1283
number of references:                72
number of site rows:                 60
number of locations attempted:    26668
number of locations failed:           0  (0.0%)

Legality of references at locations:
0 references had failures.

Legality of references in rows:
0 references had row failures.

****************************************
  Report : Cell Displacements
****************************************

number of cells aggregated:        1283 (20709 total sites)
avg row height over cells:        0.600 um
rms cell displacement:            0.000 um ( 0.00 row height)
rms weighted cell displacement:   0.000 um ( 0.00 row height)
max cell displacement:            0.000 um ( 0.00 row height)
avg cell displacement:            0.000 um ( 0.00 row height)
avg weighted cell displacement:   0.000 um ( 0.00 row height)
number of cells moved:                0
number of large displacements:        0
large displacement threshold:     3.000 row height

Displacements of worst 10 cells:
Cell: DP_OP_33_12155_941_J1/U_419 (SAEDRVT14_ADDF_V1_0P5)
  Input location: (15.688,19.2)
  Legal location: (15.688,19.2)
  Displacement:   0.000 um ( 0.00 row height)
Cell: DP_OP_33_12155_941_J1/U_418 (SAEDRVT14_ADDF_V1_0P5)
  Input location: (14.356,21.6)
  Legal location: (14.356,21.6)
  Displacement:   0.000 um ( 0.00 row height)
Cell: DP_OP_33_12155_941_J1/U_415 (SAEDRVT14_ADDF_V1_0P5)
  Input location: (11.544,16.2)
  Legal location: (11.544,16.2)
  Displacement:   0.000 um ( 0.00 row height)
Cell: DP_OP_33_12155_941_J1/U_414 (SAEDRVT14_ADDF_V1_0P5)
  Input location: (12.58,18)
  Legal location: (12.58,18)
  Displacement:   0.000 um ( 0.00 row height)
Cell: DP_OP_33_12155_941_J1/U_403 (SAEDRVT14_ADDF_V1_0P5)
  Input location: (13.764,14.4)
  Legal location: (13.764,14.4)
  Displacement:   0.000 um ( 0.00 row height)
Cell: DP_OP_33_12155_941_J1/U_413 (SAEDRVT14_ADDF_V1_0P5)
  Input location: (12.58,17.4)
  Legal location: (12.58,17.4)
  Displacement:   0.000 um ( 0.00 row height)
Cell: DP_OP_33_12155_941_J1/U_412 (SAEDRVT14_ADDF_V1_0P5)
  Input location: (13.542,18.6)
  Legal location: (13.542,18.6)
  Displacement:   0.000 um ( 0.00 row height)
Cell: DP_OP_33_12155_941_J1/U_408 (SAEDRVT14_ADDF_V1_0P5)
  Input location: (13.098,15.6)
  Legal location: (13.098,15.6)
  Displacement:   0.000 um ( 0.00 row height)
Cell: DP_OP_33_12155_941_J1/U_407 (SAEDRVT14_ADDF_V1_0P5)
  Input location: (14.282,17.4)
  Legal location: (14.282,17.4)
  Displacement:   0.000 um ( 0.00 row height)
Cell: DP_OP_33_12155_941_J1/U_420 (SAEDRVT14_ADDF_V1_0P5)
  Input location: (12.58,19.8)
  Legal location: (12.58,19.8)
  Displacement:   0.000 um ( 0.00 row height)

Information: The net parasitics of block dut_toplevel are cleared. (TIM-123)
Information: The stitching and editing of coupling caps is turned OFF for design 'dut_toplevel.dlib:dut_toplevel/mcmm_and_logic_opto_full_power.design'. (TIM-125)
Information: 123 out of 128 LGL-050 messages were not printed due to limit 5 (after 'compile_fusion' at task3_base.tcl:43) (MSG-3913)

Information: Ending   compile_fusion / final_opto / Legalization (1) (FLW-8001)
Information: Time: 2025-06-11 00:24:14 / Session:  00:02:53 / Command:  00:02:46 / CPU:  00:09:15 / Memory: 1737 MB (FLW-8100)
Information: CPU Load: 29%, Ram Free: 44 GB, Swap Free: 1 GB, Work Disk Free: 308 GB, Tmp Disk Free: 308 GB (MSG-3995)

Information: Starting compile_fusion / final_opto / Optimization (2) (FLW-8000)
Information: Time: 2025-06-11 00:24:14 / Session:  00:02:53 / Command:  00:02:46 / CPU:  00:09:16 / Memory: 1737 MB (FLW-8100)
Information: CPU Load: 29%, Ram Free: 44 GB, Swap Free: 1 GB, Work Disk Free: 308 GB, Tmp Disk Free: 308 GB (MSG-3995)
INFO: Enabled CLO at stage after_LGL3.

Warning: Cannot find any max transition constraint on the design. (OPT-070)
INFO: place.legalize.enable_advanced_legalizer not set - need to revert CLO
INFO: First Compile-fusion did not mark run with CLO enabled/disabled property
INFO: Concurrent Legalization and Optimization (CLO) Reverted
Warning: Cannot find any max transition constraint on the design. (OPT-070)

Information: Initializing classic cellmap without advanced rules enabled and without PDC enabled
Information: The following app options are used in cellmap
        place.legalize.enable_color_aware_placement : false
        place.legalize.use_nll_query_cm : false
        place.legalize.enable_advanced_legalizer : false
        place.legalize.enable_prerouted_net_check : true
        place.legalize.enable_advanced_prerouted_net_check : false
        place.legalize.always_continue : true
        place.legalize.limit_legality_checks : false
        place.common.pnet_aware_density : 1.0000
        place.common.pnet_aware_min_width : 0.0000
        place.common.pnet_aware_layers : {}
        place.common.use_placement_model : false
        place.common.enable_advanced_placement_model : true
        cts.placement.cell_spacing_rule_style : maximum
Warning: Library cell saed14rvt_ff0p88v125c:SAEDRVT14_ISOFSDPQ_PECO_8.frame is missing supply pins. Its power structure cannot be determined. (LGL-050)
Warning: Library cell saed14rvt_ff0p88v125c:SAEDRVT14_DCAP_PV1ECO_12.frame is missing supply pins. Its power structure cannot be determined. (LGL-050)
Warning: Library cell saed14rvt_c_physical_only:SAEDRVT14_AOLVLUBUFE0_IY2V1_1.frame is missing supply pins. Its power structure cannot be determined. (LGL-050)
Warning: Library cell saed14rvt_c_physical_only:SAEDRVT14_AOLVLUBUFE0_IY2V1_10.frame is missing supply pins. Its power structure cannot be determined. (LGL-050)
Warning: Library cell saed14rvt_c_physical_only:SAEDRVT14_AOLVLUBUFE0_IY2V1_12.frame is missing supply pins. Its power structure cannot be determined. (LGL-050)
Total 0.0579 seconds to build cellmap data
INFO: creating 20(r) x 21(c) GridCells YDim 1.8 XDim 1.8
INFO: number of GridCells (0xc7578738): 420
INFO: creating 20(r) x 21(c) GridCells YDim 1.8 XDim 1.8
INFO: number of GridCells (0xc7578738): 420
Total 0.0138 seconds to load 1300 cell instances into cellmap, 17 cells are off site row
Moveable cells: 1300; Application fixed cells: 0; Macro cells: 0; User fixed cells: 0
Average cell width 1.1866, cell height 0.6000, cell area 0.7120 for total 1300 placed and application fixed cells
Compile-fusion optimization Phase 41 Iter  1         0.00        0.00      0.00         0        925.54   277422.56        1300              0.05      1737
CCL: Total Usage Adjustment : 1
INFO: Derive row count 15 from GR congestion map (60/4)
INFO: Derive col count 15 from GR congestion map (60/4)
Convert timing mode ...
INFO: New Levelizer turned on
Layer Demotion Info:
Bin                       OptDist       MinLen      BeforeCount       AfterCount        Diff
-----------------------------------------------------------------------------------------
None                         82.8          0.0             1712             1712           0
M4                           92.4          8.3                0                0           0
-----------------------------------------------------------------------------------------
Total Demoted Nets:             0

Information: 123 out of 128 LGL-050 messages were not printed due to limit 5 (after 'compile_fusion' at task3_base.tcl:43) (MSG-3913)

CCL: Total Usage Adjustment : 1
INFO: Derive row count 15 from GR congestion map (60/4)
INFO: Derive col count 15 from GR congestion map (60/4)
Convert timing mode ...
Compile-fusion optimization Phase 42 Iter  1         0.00        0.00      0.00         0        925.54   277422.56        1300              0.05      1737
Compile-fusion optimization Phase 42 Iter  2         0.00        0.00      0.00         0        925.54   277422.56        1300              0.05      1737
Compile-fusion optimization Phase 42 Iter  3         0.00        0.00      0.00         0        925.54   277422.56        1300              0.05      1737
Corner Scaling is off, multiplier is 1.000000
Using default layer M4
new cutoff lpd: 3.06118e-07
corner scaling: maxCornerId = 3
corner=Fast, tran factor=0.837270 (0.028178 / 0.033655)
corner=Typical, tran factor=0.944434 (0.031785 / 0.033655)
corner=Slow, tran factor=1.000000 (0.033655 / 0.033655)
bmap: stepx = stepy = 30000
creating bmap
DB units per micron : 10000
Compile-fusion optimization Phase 42 Iter  4         0.00        0.00      0.00         0        925.54   277422.56        1300              0.05      1737
Compile-fusion optimization Phase 42 Iter  5         0.00        0.00      0.00         0        925.80   277500.91        1300              0.05      1737

Compile-fusion optimization Phase 43 Iter  1         0.00        0.00      0.00         0        925.80   277500.91        1300              0.05      1737

Compile-fusion optimization Phase 44 Iter  1         0.00        0.00      0.00         0        925.80   277500.91        1300              0.05      1737
Corner Scaling is off, multiplier is 1.000000
Corner Scaling is off, multiplier is 1.000000
Using default layer M4
new cutoff lpd: 3.06118e-07
corner scaling: maxCornerId = 3
corner=Fast, tran factor=0.837270 (0.028178 / 0.033655)
corner=Typical, tran factor=0.944434 (0.031785 / 0.033655)
corner=Slow, tran factor=1.000000 (0.033655 / 0.033655)
bmap: stepx = stepy = 30000
creating bmap
DB units per micron : 10000
INFO: New Levelizer turned on
Compile-fusion optimization Phase 44 Iter  2         0.00        0.00      0.00         0        925.80   277500.91        1300              0.05      1737

Information: Ending   compile_fusion / final_opto / Optimization (2) (FLW-8001)
Information: Time: 2025-06-11 00:24:16 / Session:  00:02:55 / Command:  00:02:47 / CPU:  00:09:19 / Memory: 1737 MB (FLW-8100)
Information: CPU Load: 27%, Ram Free: 44 GB, Swap Free: 1 GB, Work Disk Free: 308 GB, Tmp Disk Free: 308 GB (MSG-3995)

Information: Starting compile_fusion / final_opto / Legalization (2) (FLW-8000)
Information: Time: 2025-06-11 00:24:16 / Session:  00:02:55 / Command:  00:02:47 / CPU:  00:09:19 / Memory: 1737 MB (FLW-8100)
Information: CPU Load: 27%, Ram Free: 44 GB, Swap Free: 1 GB, Work Disk Free: 308 GB, Tmp Disk Free: 308 GB (MSG-3995)

START_FUNC : legalize_placement_pre_run_core CPU :    567 s ( 0.16 hr) ELAPSE :    175 s ( 0.05 hr) MEM-PEAK :  1737 Mb
END_FUNC : legalize_placement_pre_run_core CPU :    567 s ( 0.16 hr) ELAPSE :    175 s ( 0.05 hr) MEM-PEAK :  1737 Mb
Compile-fusion optimization Phase 47 Iter  1         0.00        0.00      0.00         0        925.80   277500.91        1300              0.05      1737
nplDplc2Placer::setParam(effort,1)
nplDplc2Placer::setParam(debug,0)
nplDplc2Placer::setParam(site_check,2)
nplDplc2Placer::setParam(app_firm_wgt,0)
Warning: Routing direction of metal layer PO is neither "horizontal" nor "vertical".  PDC checks will not be performed on this layer. (PDC-003)
PDC app_options settings =========
	place.legalize.enable_prerouted_net_check: 1
	place.legalize.num_tracks_for_access_check: 1
	place.legalize.use_eol_spacing_for_access_check: 0
	place.legalize.allow_touch_track_for_access_check: 1
	place.legalize.reduce_conservatism_in_eol_check: 0
	place.legalize.preroute_shape_merge_distance: 0.0
	place.legalize.enable_non_preferred_direction_span_check: 0

Layer M1: cached 0 shapes out of 0 total shapes.
Layer M2: cached 0 shapes out of 0 total shapes.
Cached 0 vias out of 0 total vias.

Legalizing Top Level Design dut_toplevel ... 
Information: Initializing classic cellmap without advanced rules enabled and without PDC enabled
Information: The following app options are used in cellmap
        place.legalize.enable_color_aware_placement : false
        place.legalize.use_nll_query_cm : false
        place.legalize.enable_advanced_legalizer : false
        place.legalize.enable_prerouted_net_check : true
        place.legalize.enable_advanced_prerouted_net_check : false
        place.legalize.always_continue : true
        place.legalize.limit_legality_checks : false
        place.common.pnet_aware_density : 1.0000
        place.common.pnet_aware_min_width : 0.0000
        place.common.pnet_aware_layers : {}
        place.common.use_placement_model : false
        place.common.enable_advanced_placement_model : true
        cts.placement.cell_spacing_rule_style : maximum
Warning: Library cell saed14rvt_ff0p88v125c:SAEDRVT14_ISOFSDPQ_PECO_8.frame is missing supply pins. Its power structure cannot be determined. (LGL-050)
Warning: Library cell saed14rvt_ff0p88v125c:SAEDRVT14_DCAP_PV1ECO_12.frame is missing supply pins. Its power structure cannot be determined. (LGL-050)
Warning: Library cell saed14rvt_c_physical_only:SAEDRVT14_AOLVLUBUFE0_IY2V1_1.frame is missing supply pins. Its power structure cannot be determined. (LGL-050)
Warning: Library cell saed14rvt_c_physical_only:SAEDRVT14_AOLVLUBUFE0_IY2V1_10.frame is missing supply pins. Its power structure cannot be determined. (LGL-050)
Warning: Library cell saed14rvt_c_physical_only:SAEDRVT14_AOLVLUBUFE0_IY2V1_12.frame is missing supply pins. Its power structure cannot be determined. (LGL-050)
Total 0.0595 seconds to build cellmap data
Information: Creating classic rule checker.
Warning: Routing direction of metal layer PO is neither "horizontal" nor "vertical".  PDC checks will not be performed on this layer. (PDC-003)
Warning: Library cell "SAEDRVT14_AO21_U_0P5" has width 5940 which is not an integer multiplier of its base site "unit" width 740
=====> Processed 73 ref cells (25 fillers) from library
Warning: There are 1 ref cells where the width or height are not an integer of their associated site def width or height.
Warning: All cell instances associated to those ref cells will be treated as blockage during legalization.
Warning: Cell "DP_OP_33_12155_941_J1/ctmi_381" will be treated as blockage because its library cell "SAEDRVT14_AO21_U_0P5" width/height is not an integer multiplier of its site/row.
Warning: Cell "DP_OP_33_12155_941_J1/ctmi_390" will be treated as blockage because its library cell "SAEDRVT14_AO21_U_0P5" width/height is not an integer multiplier of its site/row.
Warning: Cell "DP_OP_33_12155_941_J1/ctmi_400" will be treated as blockage because its library cell "SAEDRVT14_AO21_U_0P5" width/height is not an integer multiplier of its site/row.
Warning: Cell "DP_OP_33_12155_941_J1/ctmi_411" will be treated as blockage because its library cell "SAEDRVT14_AO21_U_0P5" width/height is not an integer multiplier of its site/row.
Warning: Cell "DP_OP_33_12155_941_J1/ctmi_423" will be treated as blockage because its library cell "SAEDRVT14_AO21_U_0P5" width/height is not an integer multiplier of its site/row.
Warning: Cell "DP_OP_33_12155_941_J1/ctmi_436" will be treated as blockage because its library cell "SAEDRVT14_AO21_U_0P5" width/height is not an integer multiplier of its site/row.
Warning: Cell "DP_OP_33_12155_941_J1/ctmi_450" will be treated as blockage because its library cell "SAEDRVT14_AO21_U_0P5" width/height is not an integer multiplier of its site/row.
Warning: Cell "DP_OP_33_12155_941_J1/ctmi_465" will be treated as blockage because its library cell "SAEDRVT14_AO21_U_0P5" width/height is not an integer multiplier of its site/row.
Warning: Cell "DP_OP_33_12155_941_J1/ctmi_481" will be treated as blockage because its library cell "SAEDRVT14_AO21_U_0P5" width/height is not an integer multiplier of its site/row.
Warning: Cell "DP_OP_33_12155_941_J1/ctmi_498" will be treated as blockage because its library cell "SAEDRVT14_AO21_U_0P5" width/height is not an integer multiplier of its site/row.
Warning: Cell "DP_OP_33_12155_941_J1/ctmi_516" will be treated as blockage because its library cell "SAEDRVT14_AO21_U_0P5" width/height is not an integer multiplier of its site/row.
Warning: Cell "DP_OP_33_12155_941_J1/ctmi_535" will be treated as blockage because its library cell "SAEDRVT14_AO21_U_0P5" width/height is not an integer multiplier of its site/row.
Warning: Cell "DP_OP_33_12155_941_J1/ctmi_555" will be treated as blockage because its library cell "SAEDRVT14_AO21_U_0P5" width/height is not an integer multiplier of its site/row.
Warning: Cell "DP_OP_33_12155_941_J1/ctmi_576" will be treated as blockage because its library cell "SAEDRVT14_AO21_U_0P5" width/height is not an integer multiplier of its site/row.
Warning: Cell "DP_OP_33_12155_941_J1/ctmi_596" will be treated as blockage because its library cell "SAEDRVT14_AO21_U_0P5" width/height is not an integer multiplier of its site/row.
Warning: Cell "DP_OP_33_12155_941_J1/ctmi_737" will be treated as blockage because its library cell "SAEDRVT14_AO21_U_0P5" width/height is not an integer multiplier of its site/row.
Warning: Cell "DP_OP_33_12155_941_J1/ctmi_738" will be treated as blockage because its library cell "SAEDRVT14_AO21_U_0P5" width/height is not an integer multiplier of its site/row.

Bounds/Regions In This Design:
        Area    Num Cells  Exclusive Name
 (square um)
     1297.37         1283        Yes DEFAULT_VA

Starting legalizer.
Warning: Exclusive bound 'DEFAULT' has no cells.
Optimizing Exclusive Bound 'DEFAULT_VA' (2/2)
    Done Exclusive Bound 'DEFAULT_VA' (2/2) (0 sec)
Legalization complete (0 total sec)

****************************************
  Report : Placement Attempts
  Site   : unit
****************************************

number of cells:                   1283
number of references:                73
number of site rows:                 60
number of locations attempted:    26676
number of locations failed:           0  (0.0%)

Legality of references at locations:
0 references had failures.

Legality of references in rows:
0 references had row failures.

****************************************
  Report : Cell Displacements
****************************************

number of cells aggregated:        1283 (20715 total sites)
avg row height over cells:        0.600 um
rms cell displacement:            0.003 um ( 0.01 row height)
rms weighted cell displacement:   0.003 um ( 0.01 row height)
max cell displacement:            0.074 um ( 0.12 row height)
avg cell displacement:            0.000 um ( 0.00 row height)
avg weighted cell displacement:   0.000 um ( 0.00 row height)
number of cells moved:                4
number of large displacements:        0
large displacement threshold:     3.000 row height

Displacements of worst 10 cells:
Cell: phfnr_buf_833 (SAEDRVT14_INV_0P5)
  Input location: (26.788,6.6)
  Legal location: (26.862,6.6)
  Displacement:   0.074 um ( 0.12 row height)
Cell: ctmi_2142 (SAEDRVT14_NR2_MM_4)
  Input location: (24.938,6.6)
  Legal location: (24.864,6.6)
  Displacement:   0.074 um ( 0.12 row height)
Cell: ctmi_744 (SAEDRVT14_NR4_2)
  Input location: (25.604,6.6)
  Legal location: (25.678,6.6)
  Displacement:   0.074 um ( 0.12 row height)
Cell: ctmi_2108 (SAEDRVT14_OR4_1)
  Input location: (27.084,6.6)
  Legal location: (27.158,6.6)
  Displacement:   0.074 um ( 0.12 row height)
Cell: DP_OP_33_12155_941_J1/U_419 (SAEDRVT14_ADDF_V1_0P5)
  Input location: (15.688,19.2)
  Legal location: (15.688,19.2)
  Displacement:   0.000 um ( 0.00 row height)
Cell: DP_OP_33_12155_941_J1/U_418 (SAEDRVT14_ADDF_V1_0P5)
  Input location: (14.356,21.6)
  Legal location: (14.356,21.6)
  Displacement:   0.000 um ( 0.00 row height)
Cell: DP_OP_33_12155_941_J1/U_420 (SAEDRVT14_ADDF_V1_0P5)
  Input location: (12.58,19.8)
  Legal location: (12.58,19.8)
  Displacement:   0.000 um ( 0.00 row height)
Cell: DP_OP_33_12155_941_J1/U_415 (SAEDRVT14_ADDF_V1_0P5)
  Input location: (11.544,16.2)
  Legal location: (11.544,16.2)
  Displacement:   0.000 um ( 0.00 row height)
Cell: DP_OP_33_12155_941_J1/U_414 (SAEDRVT14_ADDF_V1_0P5)
  Input location: (12.58,18)
  Legal location: (12.58,18)
  Displacement:   0.000 um ( 0.00 row height)
Cell: DP_OP_33_12155_941_J1/U_413 (SAEDRVT14_ADDF_V1_0P5)
  Input location: (12.58,17.4)
  Legal location: (12.58,17.4)
  Displacement:   0.000 um ( 0.00 row height)

Information: The net parasitics of block dut_toplevel are cleared. (TIM-123)
Information: The stitching and editing of coupling caps is turned OFF for design 'dut_toplevel.dlib:dut_toplevel/mcmm_and_logic_opto_full_power.design'. (TIM-125)
Information: 123 out of 128 LGL-050 messages were not printed due to limit 5 (after 'compile_fusion' at task3_base.tcl:43) (MSG-3913)

Information: Ending   compile_fusion / final_opto / Legalization (2) (FLW-8001)
Information: Time: 2025-06-11 00:24:17 / Session:  00:02:56 / Command:  00:02:48 / CPU:  00:09:21 / Memory: 1737 MB (FLW-8100)
Information: CPU Load: 27%, Ram Free: 44 GB, Swap Free: 1 GB, Work Disk Free: 308 GB, Tmp Disk Free: 308 GB (MSG-3995)
INFO: Enabled CLO at stage after_LGL4.

Warning: Cannot find any max transition constraint on the design. (OPT-070)
INFO: place.legalize.enable_advanced_legalizer not set - need to revert CLO
INFO: First Compile-fusion did not mark run with CLO enabled/disabled property
INFO: Concurrent Legalization and Optimization (CLO) Reverted
Warning: Cannot find any max transition constraint on the design. (OPT-070)

Information: Initializing classic cellmap without advanced rules enabled and without PDC enabled
Information: The following app options are used in cellmap
        place.legalize.enable_color_aware_placement : false
        place.legalize.use_nll_query_cm : false
        place.legalize.enable_advanced_legalizer : false
        place.legalize.enable_prerouted_net_check : true
        place.legalize.enable_advanced_prerouted_net_check : false
        place.legalize.always_continue : true
        place.legalize.limit_legality_checks : false
        place.common.pnet_aware_density : 1.0000
        place.common.pnet_aware_min_width : 0.0000
        place.common.pnet_aware_layers : {}
        place.common.use_placement_model : false
        place.common.enable_advanced_placement_model : true
        cts.placement.cell_spacing_rule_style : maximum
Warning: Library cell saed14rvt_ff0p88v125c:SAEDRVT14_ISOFSDPQ_PECO_8.frame is missing supply pins. Its power structure cannot be determined. (LGL-050)
Warning: Library cell saed14rvt_ff0p88v125c:SAEDRVT14_DCAP_PV1ECO_12.frame is missing supply pins. Its power structure cannot be determined. (LGL-050)
Warning: Library cell saed14rvt_c_physical_only:SAEDRVT14_AOLVLUBUFE0_IY2V1_1.frame is missing supply pins. Its power structure cannot be determined. (LGL-050)
Warning: Library cell saed14rvt_c_physical_only:SAEDRVT14_AOLVLUBUFE0_IY2V1_10.frame is missing supply pins. Its power structure cannot be determined. (LGL-050)
Warning: Library cell saed14rvt_c_physical_only:SAEDRVT14_AOLVLUBUFE0_IY2V1_12.frame is missing supply pins. Its power structure cannot be determined. (LGL-050)
Total 0.0585 seconds to build cellmap data
INFO: creating 20(r) x 21(c) GridCells YDim 1.8 XDim 1.8
INFO: number of GridCells (0xbf984c78): 420
INFO: creating 20(r) x 21(c) GridCells YDim 1.8 XDim 1.8
INFO: number of GridCells (0xbf984c78): 420
Total 0.0138 seconds to load 1300 cell instances into cellmap, 17 cells are off site row
Moveable cells: 1300; Application fixed cells: 0; Macro cells: 0; User fixed cells: 0
Average cell width 1.1869, cell height 0.6000, cell area 0.7122 for total 1300 placed and application fixed cells
Compile-fusion optimization Phase 50 Iter  1         0.00        0.00      0.00         0        925.80   277500.91        1300              0.05      1737
Information: 123 out of 128 LGL-050 messages were not printed due to limit 5 (after 'compile_fusion' at task3_base.tcl:43) (MSG-3913)

Compile-fusion optimization Phase 51 Iter  1         0.00        0.00      0.00         0        925.80   277500.91        1300              0.05      1737

Information: Ending   compile_fusion / final_opto (FLW-8001)
Information: Time: 2025-06-11 00:24:18 / Session:  00:02:57 / Command:  00:02:49 / CPU:  00:09:22 / Memory: 1737 MB (FLW-8100)
Information: CPU Load: 27%, Ram Free: 44 GB, Swap Free: 1 GB, Work Disk Free: 308 GB, Tmp Disk Free: 308 GB (MSG-3995)

Information: >>>>>>> 6 unique error and warning message tags while observing compile_fusion / final_opto: (MSG-3100)
Information: #prnt #trgr #lmt    Tag  Level     Format (or last printed message)                                (MSG-3036)
Information:    25     5  0 ZRT-026   WARNING   Warning: Layer MRDL default pitch 4.000 may be too small to ... (MSG-3032)
Information:     6     4  0 PDC-003   WARNING   Warning: Routing direction of metal layer PO is neither "hor... (MSG-3032)
Information:    30    10  0 ZRT-720   WARNING   Warning: Port  VDD at {{33.850,29.953} {36.080,30.047}} is o... (MSG-3032)
Information:    16     6  0 OPT-070   WARNING   Warning: Cannot find any max transition constraint on the de... (MSG-3032)
Information:   135     8  0 OPT-902   WARNING   Warning: No clock routing rules were specified. Use set_cloc... (MSG-3032)
Information:    80    30  5 LGL-050   WARNING   Warning: Library cell saed14rvt_c_physical_only:SAEDRVT14_AO... (MSG-3032)
Information:   292    63  1        6  <------   Total sum of messages (MSG-3038)
Information: >>>>>>> Summary: 63 error&warning MSGs observed during compile_fusion / final_opto (MSG-3103)

Scenario Normal_Typical is cellEm
Scenario PowerSave_Typical is cellEm
Info: update em.
Information: Activity propagation will be performed for scenario Normal_Fast.
Information: Doing activity propagation for mode 'Normal' and corner 'Fast' with effort level 'medium'. (POW-024)
Information: Timer-derived activity data is cached on scenario Normal_Fast (POW-052)
Information: Running switching activity propagation with 12 threads!

 **** Information : No. of simulation cycles = 6 ****
Information: Propagated activity on scenario Normal_Slow identical to that on Normal_Fast (POW-006)
Information: Propagated activity on scenario Normal_Typical identical to that on Normal_Fast (POW-006)
Information: Activity propagation will be performed for scenario PowerSave_Fast.
Information: Doing activity propagation for mode 'PowerSave' and corner 'Fast' with effort level 'medium'. (POW-024)
Information: Timer-derived activity data is cached on scenario PowerSave_Fast (POW-052)
Information: Running switching activity propagation with 12 threads!

 **** Information : No. of simulation cycles = 6 ****
Information: Propagated activity on scenario PowerSave_Slow identical to that on PowerSave_Fast (POW-006)
Information: Propagated activity on scenario PowerSave_Typical identical to that on PowerSave_Fast (POW-006)
Information: Activity for scenario Normal_Fast was cached, no propagation required. (POW-005)
Information: Activity for scenario Normal_Slow was cached, no propagation required. (POW-005)
Information: Activity for scenario Normal_Typical was cached, no propagation required. (POW-005)
Information: Activity for scenario PowerSave_Fast was cached, no propagation required. (POW-005)
Information: Activity for scenario PowerSave_Slow was cached, no propagation required. (POW-005)
Information: Activity for scenario PowerSave_Typical was cached, no propagation required. (POW-005)
CTS Cell EM initialization finished
Scenario Normal_Typical is cellEm
Scenario PowerSave_Typical is cellEm
Info: update em.
Information: Activity for scenario Normal_Fast was cached, no propagation required. (POW-005)
Information: Activity for scenario Normal_Slow was cached, no propagation required. (POW-005)
Information: Activity for scenario Normal_Typical was cached, no propagation required. (POW-005)
Information: Activity for scenario PowerSave_Fast was cached, no propagation required. (POW-005)
CTS Cell EM initialization finished
Warning: No clock routing rules were specified. Use set_clock_routing_rules to specify routing rules for accurate clock latency estimation. (OPT-902)
Warning: No clock routing rules were specified. Use set_clock_routing_rules to specify routing rules for accurate clock latency estimation. (OPT-902)
Information: Estimating clock gate latencies for scenario 'PowerSave_Typical'. (OPT-909)
Warning: No clock routing rules were specified. Use set_clock_routing_rules to specify routing rules for accurate clock latency estimation. (OPT-902)
Information: Estimating clock gate latencies for scenario 'PowerSave_Slow'. (OPT-909)
Warning: No clock routing rules were specified. Use set_clock_routing_rules to specify routing rules for accurate clock latency estimation. (OPT-902)
Information: Estimating clock gate latencies for scenario 'PowerSave_Fast'. (OPT-909)
Warning: No clock routing rules were specified. Use set_clock_routing_rules to specify routing rules for accurate clock latency estimation. (OPT-902)
Information: Estimating clock gate latencies for scenario 'Normal_Typical'. (OPT-909)
Warning: No clock routing rules were specified. Use set_clock_routing_rules to specify routing rules for accurate clock latency estimation. (OPT-902)
Information: Estimating clock gate latencies for scenario 'Normal_Slow'. (OPT-909)
Warning: No clock routing rules were specified. Use set_clock_routing_rules to specify routing rules for accurate clock latency estimation. (OPT-902)
Information: Estimating clock gate latencies for scenario 'Normal_Fast'. (OPT-909)
Number of Site types in the design = 1
Setting up Chip Core
Chip Core shape: (0 0) (360380 360000)
Number of VARs = 1
Number of unique PDs = 1
Number of Power Domains = 1
Number of Voltage Areas = 1
Number of supply Nets = 2
Number of used supplies = 0
Blocked VAs: 
INFO: Running FTB cleanup in end of npo flow.
Enable dominated scenarios

Compile-fusion optimization complete                 0.00        0.00      0.00         0        925.80   277950.94        1300              0.05      1737
[Tim-Power] Info: Cleared Leakage libCell cache.
Co-efficient Ratio Summary:
4.193421605155  6.578038173730  2.479639287277  7.744187540401  0.485050000353  3.179565833784  5.567214754587  2.894454387461  6.565921217863  9.017937505874  3.121531528058  9.863421129292  6.078253964085  2.744209641123  8.318112104907  9.699225026083
2.464623950064  1.382370221226  9.387184029619  3.142429406669  0.968752789964  6.613180723294  4.146578793224  7.876358918112  2.191135103696  0.963734141094  2.727009161906  3.840442684881  3.750336053169  7.663459142299  6.212208667950  7.759678473967
7.862243056717  0.402387977150  0.032845095897  0.596111512371  4.701287396892  7.205135512169  8.278351398268  1.183725190997  3.334436408244  5.867609731622  7.190755003489  9.669801519102  7.591517347087  7.632107693266  7.679075563326  9.831314288630
1.878805817928  3.230072343539  1.226270037326  7.050450494780  2.403928173631  6.139852544054  4.100210066110  1.274718589655  4.570746653063  5.624878808820  7.843718971793  4.759125038604  5.409157926377  2.609824952834  0.626149038674  6.381676652919
9.187474022495  0.513656796621  5.027570618562  6.119813446103  6.181472312107  1.581675365776  7.486041822107  9.584562469756  2.041727387119  3.921160867338  0.677174307345  9.472440522840  3.368514394994  4.897112849020  6.860146744452  2.000104051691
9.095345907689  2.197041709512  0.915900067443  5.466092308426  8.142690055883  4.607193265224  8.244463794567  3.504870705451  1.682716012888  7.173433718510  9.956258423373  3.617844392024  8.946802637652  1.169960832707  4.529943156262  3.090979409795
5.580726136993  1.131397763510  0.721709625254  7.515947417690  0.649322209371  1.017031043513  5.811519666269  5.826730883342  4.349383292435  0.216216918317  9.639838147527  7.311148302545  0.823649141628  0.356162586693  8.022016069284  2.603132585844
5.024802551363  1.359359521353  5.407563451201  2.804123477518  1.265300052200  0.417760313533  1.833872465081  6.448557737188  4.848373112548  2.936801055033  8.698180849225  4.212397936051  9.007757270112  3.308108478452  5.607478609985  8.514743640423
2.764676979434  9.324216938770  1.551199989997  2.300508202625  0.754685030179  1.961421411696  2.781303341418  3.355375155650  9.437909893602  9.136702642545  9.047995923464  9.978463015558  7.467587734047  3.171275021421  9.815927240044  4.331414637138
0.413524984361  3.309910198619  7.452798206103  1.902827924529  5.623407259547  7.269363008696  3.367403103784  7.093641515702  7.411336156476  6.944246976650  5.256251646087  4.802171267723  3.894531463832  4.531611719342  1.605152157803  8.173730247963
9.287277774418  7.540401048505  0.000353317956  5.833784556721  4.754587289445  4.387461656592  1.217863901793  7.505874310467  0.800933986343  9.509851607812  3.981771999420  8.341115451252  5.604037969922  5.026084546462  3.950061638237  0.221226938718
4.029619314242  9.406669096875  2.789964661318  0.723294414657  8.793224787635  8.918112219113  5.103696096373  4.141094270014  8.443881384045  0.064440375020  6.070855481345  8.842281241661  1.167080775967  8.473968086224  3.056714540238  7.977150003284
5.095897059611  1.512371470128  7.396892720513  5.512169827835  1.398268118372  5.190997333443  6.408244586760  9.731622717389  4.385364966981  9.999761759148  7.364773488210  6.393258387348  8.063456983131  4.288631487880  5.817925823007  2.343539122627
0.037326705045  0.494780240392  8.173631613985  2.544054410021  0.066110127471  8.589655457074  6.653063562487  8.808820782685  7.253678475913  3.418263540902  7.943063985982  3.652826682055  2.538704638167  6.652910218747  4.022492551365  6.796621502757
0.618562611981  3.446103618147  2.312107158167  5.365776748604  1.822107958456  2.469756204172  7.387119392116  0.867338065048  8.682345947245  8.902409336848  4.311680104711  1.549012206455  9.244582200010  4.051692209534  5.907686719704  1.709512091590
0.067443546609  2.308426814269  0.055883460719  3.265224824446  3.794567350487  0.705451168271  6.012888717343  3.718510993956  2.708373361785  2.772683894677  2.654457516996  9.532799905723  6.656392309097  9.409796858072  6.136990613139  7.763510072170
9.625254751594  7.417690064932  2.209371101703  1.043513581151  9.666269582673  0.883342434938  3.292435021621  6.918317961214  2.422527731115  6.782104082351  9.168388375231  1.286685355030  9.569314260313  2.585845802480  2.551360635935  9.521353540756
3.451201280412  3.477518126530  0.052200041776  0.313533183387  2.465081644855  7.737188484837  3.112548293680  1.055033867149  4.124225421230  5.316610900762  7.297854586060  7.178444013576  1.109015851474  3.640424576467  6.979431432421  6.938770155119
9.989997230050  8.202625075468  5.030179196142  1.411696278130  3.341418335537  5.155650943790  9.893602913670  2.642545902020  9.208464997847  1.495117746745  7.751789563377  4.721413434321  0.740174433141  4.637139341352  4.984368830991  0.198619745279
8.206103190282  7.924529562340  7.259547726936  3.008696336740  3.103784709364  1.515702741133  6.156476694424  6.976650523956  5.921087480218  9.647382389440  1.480574609311  0.419334613344  5.657933817373  0.247964228727  7.774415254040  1.048505000035
3.317956583378  4.556721475458  7.289445438746  1.656592121786  3.901793750587  4.310467080093  3.986343950985  1.607812396408  5.274420834112  3.831811560490  7.986664758858  3.246454848835  4.138367022122  6.938719702961  9.314249440666  9.096875278996
4.661318072329  4.414657879322  4.787635891811  2.219113510369  6.096373414109  4.270014844388  1.384045006444  0.375020605316  9.766345884229  9.621220116795  0.792609093546  7.786216858400  7.040368797715  0.003285809589  7.059618651237  1.470128739689
2.720513551216  9.827835139826  8.118372519099  7.333443640824  4.586760973162  2.717389438536  4.966981999976  1.759148734708  7.763210639326  6.767907806332  6.900873674013  0.187872034521  8.323137234353  9.122628303732  6.705042549478  0.240392817363
1.613985254405  4.410021006611  0.127471858965  5.457074665306  3.562487880882  0.782685725367  8.475913341826  3.540902792637  7.260982365283  4.062614253867  4.655809811441  9.918739955078  5.051495679662  1.502758361856  2.611988844610  3.618147231210
7.158167536577  6.748604182210  7.958456246975  6.204172738711  9.392116086733  8.065048868234  5.947245890240  9.336848439499  4.489711154902  0.686014924445  2.227752651319  1.909526043597  9.219834170951  2.091591306744  3.546606730842  6.814269005588
3.460719326560  4.824446379494  7.350487070583  1.168271701288  8.717343371851  0.993956270837  3.361785277268  3.894677263765  2.116996953270  7.452994665626  2.326739196129  5.558064166428  3.113269776351  0.072171262525  4.751591241769  0.064932220937
1.101703104399  3.581151966664  9.582673088372  2.434938429243  5.021621691831  7.961214242252  7.731115678210  4.082351914162  8.035616128669  3.802201956928  4.287055404734  4.502472708965  3.135065952135  3.540757645120  1.280419847751  8.126530005220
0.041776031391  3.183387246546  1.644855773756  8.484837411254  8.293680105503  3.867149412422  5.421230531661  0.900762727011  2.330810717845  2.560747110998  5.878116510292  3.276459140772  4.932551693877  0.155110298999  7.230057320262  5.075468503017
9.196142141107  6.278130334189  8.335537515503  0.943790089360  2.913670264254  5.902020920846  4.997847149511  7.746745773404  7.317127472142  1.981592074004  4.450883619963  8.041344941265  1.330021019861  9.745270120610  3.190289292452  9.562340725954
7.726936300869  6.336740310378  4.709364151570  2.741133615647  6.694424697665  0.523956592108  7.480218964738  2.389440146383  2.453161041934  2.160515565780  3.834023014311  3.928719257822  8.754170104850  5.000036631795  6.583375955672  1.475458728944
5.438746165659  2.121786390179  3.750587431046  7.080093398634  3.950985160781  2.396408527442  0.834112383181  1.560490796992  2.502608324646  2.395006413823  7.049872683496  8.402953411805  2.940796909687  5.278997766131  8.072326941465  7.879322478763
5.891811221911  3.510369609637  3.414109427001  4.844388138404  5.006444037502  0.605316976634  5.884229962122  0.116795077596  7.847396778622  4.305671704023  8.714465090943  4.509571285342  1.151367147012  8.739680572051  3.551213482783  5.139826811837
2.519099733344  3.640824458676  0.973162271738  9.438536496698  1.999976175914  8.734708776321  0.639326676790  7.806332698313  1.428863018788  0.581792832300  7.251003902887  7.003724150985  5.049508024039  2.817364461398  5.254402941002  1.006611012747
1.858965545707  4.665306356248  7.880882078268  5.725367847591  3.341826354090  2.792637726098  2.365283406261  4.253867463816  7.665291991874  7.402249505136  5.696312140890  7.061848741579  1.344740361814  7.231211015816  7.536574174860  4.182210795845
6.246975620417  2.738711939211  6.086733806504  8.868234594724  5.890240933684  8.439499448971  1.154902068601  4.924445220001  0.405169190953  4.590768921970  4.197601299774  0.006736834041  9.230972681426  9.005589646071  9.326529982444  6.379456735048
7.070545116827  1.601288871734  3.371851099395  6.270837336178  5.277268389467  7.263765211699  6.953270745299  4.665626230909  7.940979555807  2.613699311313  9.793001097832  0.962517955530  4.741899006493  2.220938410170  3.104358858115  1.966626958267
3.088334243493  8.329243502162  1.691831796121  4.242252773111  5.678210408235  1.914162803561  6.128669380220  1.956928426031  3.258584450248  0.255136313593  5.979885344690  6.345112608422  2.347881812653  0.005221304177  6.031350818338  7.246508164485
5.773718848483  7.311254829368  0.105503386714  9.412422542123  0.531661090076  2.727011233081  0.717845256074  7.110998585147  4.364042327646  7.697943493242  1.610527005136  9.998981203486  0.820392507546  8.503018219614  2.141166127813  0.334141833553
7.515565094379  0.989360291367  0.264254590202  0.920846499784  7.149511774674  5.773404731712  7.472142198159  2.074004443314  1.463713804135  2.498436133099  1.036511964142  9.820602899409  2.792582956234  0.725955072693  6.300866133674  0.310378470936
Information: The net parasitics of block dut_toplevel are cleared. (TIM-123)
Information: The stitching and editing of coupling caps is turned OFF for design 'dut_toplevel.dlib:dut_toplevel/mcmm_and_logic_opto_full_power.design'. (TIM-125)

Compile-fusion final QoR
________________________
Scenario Mapping Table
1: Normal_Fast
2: Normal_Slow
3: Normal_Typical
4: PowerSave_Fast
5: PowerSave_Slow
6: PowerSave_Typical

Pathgroup Mapping Table
1: **default**
2: **async_default**
3: **clock_gating_default**
4: **in2reg_default**
5: **reg2out_default**
6: **in2out_default**
7: clk

-------------------------------------------------------------------------------------------------------------------------------------------------------------
PATHGROUP QOR 
-------------------------------------------------------------------------------------------------------------------------------------------------------------
Scene  PG      WNS        TNS    NSV      WHV        THV    NHV
    1   1        -          -      -   0.0000     0.0000      0
    1   2        -          -      -   0.0000     0.0000      0
    1   3        -          -      -   0.0000     0.0000      0
    1   4        -          -      -   0.0000     0.0000      0
    1   5        -          -      -   0.0000     0.0000      0
    1   6        -          -      -   0.0000     0.0000      0
    1   7        -          -      -   0.0000     0.0000      0
    2   1   0.0000     0.0000      0        -          -      -
    2   2   0.0000     0.0000      0        -          -      -
    2   3   0.0000     0.0000      0        -          -      -
    2   4   0.0000     0.0000      0        -          -      -
    2   5   0.0000     0.0000      0        -          -      -
    2   6   0.0000     0.0000      0        -          -      -
    2   7   0.0000     0.0000      0        -          -      -
    3   1   0.0000     0.0000      0   0.0000     0.0000      0
    3   2   0.0000     0.0000      0   0.0000     0.0000      0
    3   3   0.0000     0.0000      0   0.0000     0.0000      0
    3   4   0.0000     0.0000      0   0.0000     0.0000      0
    3   5   0.0000     0.0000      0   0.0000     0.0000      0
    3   6   0.0000     0.0000      0   0.0000     0.0000      0
    3   7   0.0000     0.0000      0   0.0000     0.0000      0
    4   1        -          -      -   0.0000     0.0000      0
    4   2        -          -      -   0.0000     0.0000      0
    4   3        -          -      -   0.0000     0.0000      0
    4   4        -          -      -   0.0000     0.0000      0
    4   5        -          -      -   0.0000     0.0000      0
    4   6        -          -      -   0.0000     0.0000      0
    4   7        -          -      -   0.0000     0.0000      0
    5   1   0.0000     0.0000      0        -          -      -
    5   2   0.0000     0.0000      0        -          -      -
    5   3   0.0000     0.0000      0        -          -      -
    5   4   0.0000     0.0000      0        -          -      -
    5   5   0.0000     0.0000      0        -          -      -
    5   6   0.0000     0.0000      0        -          -      -
    5   7   0.0000     0.0000      0        -          -      -
    6   1   0.0000     0.0000      0   0.0000     0.0000      0
    6   2   0.0000     0.0000      0   0.0000     0.0000      0
    6   3   0.0000     0.0000      0   0.0000     0.0000      0
    6   4   0.0000     0.0000      0   0.0000     0.0000      0
    6   5   0.0000     0.0000      0   0.0000     0.0000      0
    6   6   0.0000     0.0000      0   0.0000     0.0000      0
    6   7   0.0000     0.0000      0   0.0000     0.0000      0
----------------------------------------------------------------------------------------------------------------------------------------------------------------------
SCENARIO QOR 
----------------------------------------------------------------------------------------------------------------------------------------------------------------------
Scene  PG      WNS        TNS   R2RTNS    NSV      WHV        THV    NHV  MaxTrnV   MaxTranC  MaxCapV    Leakage     CellEMV
    1   *        -          -        -      -   0.0000     0.0000      0        -          -        0          -           0
    2   *   0.0000     0.0000   0.0000      0        -          -      -        0     0.0000        -  13973.154           0
    3   *   0.0000     0.0000   0.0000      0   0.0000     0.0000      0        0     0.0000        0 277950.938           0
    4   *        -          -        -      -   0.0000     0.0000      0        -          -        0          -           0
    5   *   0.0000     0.0000   0.0000      0        -          -      -        0     0.0000        -  13973.154           0
    6   *   0.0000     0.0000   0.0000      0   0.0000     0.0000      0        0     0.0000        0 277950.938           0
----------------------------------------------------------------------------------------------------------------------------------------------------------------------
DESIGN QOR 
----------------------------------------------------------------------------------------------------------------------------------------------------------------------
Scene  PG      WNS        TNS   R2RTNS    NSV      WHV        THV    NHV  MaxTrnV   MaxTranC  MaxCapV    Leakage         Area    InstCnt     BufCnt     InvCnt     CellEMV
    *   *   0.0000     0.0000   0.0000      0   0.0000     0.0000      0        0     0.0000        0 277950.938       925.80       1300         13         75           0
----------------------------------------------------------------------------------------------------------------------------------------------------------------------

Compile-fusion final QoR Summary         WNS        TNS   R2RTNS    NSV      WHV        THV    NHV  MaxTrnV  MaxCapV    Leakage         Area    InstCnt
Compile-fusion final QoR Summary      0.0000     0.0000   0.0000      0   0.0000     0.0000      0        0        0 277950.938       925.80       1300

Compile-fusion command complete                CPU:   593 s (  0.16 hr )  ELAPSE:   182 s (  0.05 hr )  MEM-PEAK:  1737 MB
Compile-fusion command statistics  CPU=115 sec (0.03 hr) ELAPSED=30 sec (0.01 hr) MEM-PEAK=1.696 GB
[Tim-Power] Info: Cleared Leakage libCell cache.
[Tim-Power] Info: Cleared Leakage libCell cache.
Information: 2 out of 12 POW-005 messages were not printed due to limit 10 (after 'compile_fusion' at task3_base.tcl:43) (MSG-3913)
Information: The net parasitics of block dut_toplevel are cleared. (TIM-123)
INFO: End environment monitoring: recipes
INFO: Restored 0 timer status, 8 app options, 0 tcl gvars, 0 env vars
Information: >>>>>>> 21 unique error and warning message tags while observing fusion: (MSG-3100)
Information: #prnt #trgr #lmt    Tag  Level     Format (or last printed message)                                (MSG-3036)
Information:     2     2  0 FLW-2224  WARNING   Warning: Duplicate callback function set for step 'fc/logic_... (MSG-3032)
Information:    60   272  5 SQM-1079  WARNING   Warning: Skipping check for single_bit_degenerate attribute ... (MSG-3032)
Information:    10    21 10 SQM-1077  WARNING   Warning: Library cell saed14rvt_ff0p88v125c/SAEDRVT14_FSDPRB... (MSG-3032)
Information:     1     1  1 SQM-1074  WARNING   Warning: Shift register Inferencing is enabled so only head ... (MSG-3032)
Information:   120   544 10 SQM-1061  WARNING   Warning: Cannot infer functionality of libcell 'saed14rvt_ff... (MSG-3032)
Information:    30    34 10 SQM-1053  WARNING   Warning: Found 8 multibit sequential library cells that have... (MSG-3032)
Information:     1     1  1 SQM-1034  WARNING   Warning: No cell bus will be mapped to multibit because mult... (MSG-3032)
Information:     1     1  0 DFT-1991  WARNING   Warning: SCANDEF based Optimization skipped: No ScanDEF chai... (MSG-3032)
Information:    19    19  0 FLW-2892  WARNING   Warning: Restoring scoped app option 'opt.internal.levfilter... (MSG-3032)
Information:     3     3  0 ZRT-511   WARNING   Warning: Cell contains tie connections which are not connect... (MSG-3032)
Information:    25    25  0 ZRT-026   WARNING   Warning: Layer MRDL default pitch 4.000 may be too small to ... (MSG-3032)
Information:     6     6  0 PDC-003   WARNING   Warning: Routing direction of metal layer PO is neither "hor... (MSG-3032)
Information:    30    30  0 ZRT-720   WARNING   Warning: Port  VDD at {{33.850,29.953} {36.080,30.047}} is o... (MSG-3032)
Information:     4     4  0 ZRT-763   WARNING   Warning: Cell ctmTdsLR_1_1022 is placed overlapping with oth... (MSG-3032)
Information:     6     6  0 DPPA-096  WARNING   Warning: found large number of corner keepout wiretracks on ... (MSG-3032)
Information:    16    16  0 OPT-070   WARNING   Warning: Cannot find any max transition constraint on the de... (MSG-3032)
Information:    41    40  0 LGL-397   WARNING   Warning: No site rows found in floorplan. (LGL-397)             (MSG-3032)
Information:    10    10  0 ZRT-625   WARNING   Warning: Master cell dut_toplevel has duplicated redundant l... (MSG-3032)
Information:     4     4  0 OPT-035   WARNING   Warning: Power app option opt.power.effort has been deprecat... (MSG-3032)
Information:   142    54  0 OPT-902   WARNING   Warning: No clock routing rules were specified. Use set_cloc... (MSG-3032)
Information:    80    80  5 LGL-050   WARNING   Warning: Library cell saed14rvt_c_physical_only:SAEDRVT14_AO... (MSG-3032)
Information:   611  1173  7       21  <------   Total sum of messages (MSG-3038)
Information: >>>>>>> Summary: 1173 error&warning MSGs observed during fusion (MSG-3103)
Information: Ending   'compile_fusion' (FLW-8001)
Information: Time: 2025-06-11 00:24:22 / Session:  00:03:01 / Command:  00:02:54 / CPU:  00:09:44 / Memory: 1737 MB (FLW-8100)
Information: CPU Load: 26%, Ram Free: 44 GB, Swap Free: 1 GB, Work Disk Free: 308 GB, Tmp Disk Free: 308 GB (MSG-3995)
Information: Running auto PG connection. (NDM-099)
# Collecting the reports
set TargetName "logic_opto_${full_compile}${opt_type}"
generateReports ${TargetName}
Generating reports for the target: logic_opto_full_power ...
[Tim-Power] Info: Cleared Leakage libCell cache.
Reports have been generated for the target: logic_opto_full_power.
# Gate level netlist generation
write_verilog ${ResultsDir}/${DesignName}_${full_compile}${TargetName}.v
# Save layout image
# gui_start
# set window [gui_get_current_window -mru -type Layout]
gui_start
Load ICV ICCII menu file: /eda/synopsys/2023-24/RHELx86/ICV_2023.12/etc/tcl-u/Icc2Menu.tcl
 + VUE INFO: Please click View->IC Validator VUE in LayoutWindow menu
            to launch VUE.

 + VUE INFO: Found a usable port: 2446

set top [gui_create_window -type TopLevel]
set layout [gui_create_window -type Layout -parent $top]
gui_show_window -window $top -show_state {maximized}
gui_show_window -window $layout -show_state {maximized}
gui_write_window_image -window $layout -clip -file ${ScreenshotsDir}/layout_${full_compile}${TargetName}.png
gui_stop
To restart the GUI, type 'gui_start'.
# Saving block and library
current_block
get_blocks -all
list_blocks
Lib dut_toplevel.dlib /home/student/Documents/kdz/ASIC/labs/Lab_4/asic_lab4/lab/results/dut_toplevel.dlib tech current
  -   0 dut_toplevel/mcmm_and_logic_opto_full_area.design Jun-11-00:21
  -   0 dut_toplevel/mcmm_and_logic_opto_full_general.design Jun-11-00:18
  *>  0 dut_toplevel/mcmm_and_logic_opto_full_power.design Jun-11-00:24 current
  -   0 dut_toplevel/rtl_read.design Jun-04-13:40
save_block
Information: The command 'save_block' cleared the undo history. (UNDO-016)
RDE-checksum: 3e1fbe2c
Information: Saving block 'dut_toplevel.dlib:dut_toplevel/mcmm_and_logic_opto_full_power.design'
save_lib
Saving library 'dut_toplevel.dlib'
RDE-checksum: 3e1fbe2c
close_blocks
Information: Decrementing open_count of block 'dut_toplevel.dlib:dut_toplevel/mcmm_and_logic_opto_full_power.design' to 1. (DES-022)
close_lib
Closing library 'dut_toplevel.dlib'
Information: The net parasitics of block dut_toplevel are cleared. (TIM-123)
exit
Maximum memory usage for this session: 1908.51 MB
Maximum memory usage for this session including child processes: 1908.51 MB
CPU usage for this session:    613 seconds (  0.17 hours)
Elapsed time for this session:    187 seconds (  0.05 hours)
Thank you for using Fusion Compiler.
